▄▄▄▄▄▄▄▄▄▄▄  ▄▄▄▄▄▄▄▄▄▄▄  ▄▄▄▄▄▄▄▄▄▄▄  ▄▄▄▄▄▄▄▄▄▄▄  ▄▄▄▄▄▄▄▄▄▄   ▄▄▄▄▄▄▄▄▄▄▄  ▄▄▄▄▄▄▄▄▄▄▄ 
▐░░░░░░░░░░░▌▐░░░░░░░░░░░▌▐░░░░░░░░░░░▌▐░░░░░░░░░░░▌▐░░░░░░░░░░▌ ▐░░░░░░░░░░░▌▐░░░░░░░░░░░▌
▐░█▀▀▀▀▀▀▀▀▀ ▐░█▀▀▀▀▀▀▀█░▌▐░█▀▀▀▀▀▀▀▀▀  ▀▀▀▀█░█▀▀▀▀ ▐░█▀▀▀▀▀▀▀█░▌▐░█▀▀▀▀▀▀▀█░▌ ▀▀▀▀█░█▀▀▀▀ 
▐░▌          ▐░▌       ▐░▌▐░▌               ▐░▌     ▐░▌       ▐░▌▐░▌       ▐░▌     ▐░▌     
▐░█▄▄▄▄▄▄▄▄▄ ▐░█▄▄▄▄▄▄▄█░▌▐░█▄▄▄▄▄▄▄▄▄      ▐░▌     ▐░█▄▄▄▄▄▄▄█░▌▐░▌       ▐░▌     ▐░▌     
▐░░░░░░░░░░░▌▐░░░░░░░░░░░▌▐░░░░░░░░░░░▌     ▐░▌     ▐░░░░░░░░░░▌ ▐░▌       ▐░▌     ▐░▌     
▐░█▀▀▀▀▀▀▀▀▀ ▐░█▀▀▀▀▀▀▀█░▌ ▀▀▀▀▀▀▀▀▀█░▌     ▐░▌     ▐░█▀▀▀▀▀▀▀█░▌▐░▌       ▐░▌     ▐░▌     
▐░▌          ▐░▌       ▐░▌          ▐░▌     ▐░▌     ▐░▌       ▐░▌▐░▌       ▐░▌     ▐░▌     
▐░▌          ▐░▌       ▐░▌ ▄▄▄▄▄▄▄▄▄█░▌     ▐░▌     ▐░█▄▄▄▄▄▄▄█░▌▐░█▄▄▄▄▄▄▄█░▌     ▐░▌     
▐░▌          ▐░▌       ▐░▌▐░░░░░░░░░░░▌     ▐░▌     ▐░░░░░░░░░░▌ ▐░░░░░░░░░░░▌     ▐░▌     
 ▀            ▀         ▀  ▀▀▀▀▀▀▀▀▀▀▀       ▀       ▀▀▀▀▀▀▀▀▀▀   ▀▀▀▀▀▀▀▀▀▀▀       ▀
[Fastbot][2026-04-11 12:53:59.883]  @Version: 2.3.23.0810.1705-git
[Fastbot][2026-04-11 12:53:59.887] // Monkey: seed=1775953103740 count=1000


[Fastbot][2026-04-11 12:53:59.887] // AllowPackage: it.feio.android.omninotes.alpha
[Fastbot][2026-04-11 12:53:59.887] // IncludeCategory: android.intent.category.LAUNCHER
[Fastbot][2026-04-11 12:53:59.887] // IncludeCategory: android.intent.category.MONKEY
[Fastbot]*** ERROR *** findMethod() error, NoSuchMethodException happened, there is no such method: setActivityController
[Fastbot][2026-04-11 12:53:59.908] // Selecting main activities from category android.intent.category.LAUNCHER
[Fastbot][2026-04-11 12:53:59.908] //   - NOT USING main activity com.android.camera.CameraLauncher (from package com.android.camera2)
[Fastbot][2026-04-11 12:53:59.909] //   - NOT USING main activity com.google.android.apps.chrome.Main (from package com.android.chrome)
[Fastbot][2026-04-11 12:53:59.909] //   - NOT USING main activity com.android.contacts.activities.PeopleActivity (from package com.android.contacts)
[Fastbot][2026-04-11 12:53:59.909] //   - NOT USING main activity com.android.dialer.main.impl.MainActivity (from package com.android.dialer)
[Fastbot][2026-04-11 12:53:59.910] //   - NOT USING main activity com.android.settings.Settings (from package com.android.settings)
[Fastbot][2026-04-11 12:53:59.910] //   - NOT USING main activity com.android.vending.AssetBrowserActivity (from package com.android.vending)
[Fastbot][2026-04-11 12:53:59.910] //   - NOT USING main activity com.google.android.apps.docs.app.NewMainProxyActivity (from package com.google.android.apps.docs)
[Fastbot][2026-04-11 12:53:59.910] //   - NOT USING main activity com.google.android.maps.MapsActivity (from package com.google.android.apps.maps)
[Fastbot][2026-04-11 12:53:59.911] //   - NOT USING main activity com.google.android.apps.messaging.ui.ConversationListActivity (from package com.google.android.apps.messaging)
[Fastbot][2026-04-11 12:53:59.911] //   - NOT USING main activity com.google.android.apps.photos.home.HomeActivity (from package com.google.android.apps.photos)
[Fastbot][2026-04-11 12:53:59.911] //   - NOT USING main activity com.google.android.apps.tachyon.MainActivity (from package com.google.android.apps.tachyon)
[Fastbot][2026-04-11 12:53:59.911] //   - NOT USING main activity com.android.calendar.AllInOneActivity (from package com.google.android.calendar)
[Fastbot][2026-04-11 12:53:59.911] //   - NOT USING main activity com.android.deskclock.DeskClock (from package com.google.android.deskclock)
[Fastbot][2026-04-11 12:53:59.912] //   - NOT USING main activity com.google.android.gm.ConversationListActivityGmail (from package com.google.android.gm)
[Fastbot][2026-04-11 12:53:59.912] //   - NOT USING main activity com.android.music.activitymanagement.TopLevelActivity (from package com.google.android.music)
[Fastbot][2026-04-11 12:53:59.912] //   - NOT USING main activity com.google.android.youtube.videos.EntryPoint (from package com.google.android.videos)
[Fastbot][2026-04-11 12:53:59.912] //   - NOT USING main activity com.google.android.youtube.app.honeycomb.Shell$HomeActivity (from package com.google.android.youtube)
[Fastbot][2026-04-11 12:53:59.913] //   - NOT USING main activity com.android.documentsui.LauncherActivity (from package com.android.documentsui)
[Fastbot][2026-04-11 12:53:59.913] //   - NOT USING main activity com.google.android.apps.wallpaper.picker.CategoryPickerActivity (from package com.google.android.apps.wallpaper)
[Fastbot][2026-04-11 12:53:59.913] //   - NOT USING main activity com.google.android.googlequicksearchbox.VoiceSearchActivity (from package com.google.android.googlequicksearchbox)
[Fastbot][2026-04-11 12:53:59.913] //   - NOT USING main activity com.google.android.googlequicksearchbox.SearchActivity (from package com.google.android.googlequicksearchbox)
[Fastbot][2026-04-11 12:53:59.913] //   - NOT USING main activity com.amaze.filemanager.ui.activities.MainActivity (from package com.amaze.filemanager.debug)
[Fastbot][2026-04-11 12:53:59.913] //   + Using main activity it.feio.android.omninotes.MainActivity (from package it.feio.android.omninotes.alpha)
[Fastbot][2026-04-11 12:53:59.913] //   - NOT USING main activity net.gsantner.markor.activity.MainActivity (from package net.gsantner.markor_test)
[Fastbot][2026-04-11 12:53:59.915] // Selecting main activities from category android.intent.category.MONKEY
[Fastbot][2026-04-11 12:53:59.915] //   - NOT USING main activity com.android.settings.Settings$RunningServicesActivity (from package com.android.settings)
[Fastbot][2026-04-11 12:53:59.915] //   - NOT USING main activity com.android.settings.Settings$StorageUseActivity (from package com.android.settings)
[Fastbot][2026-04-11 12:53:59.916] //   - NOT USING main activity com.google.android.apps.nexuslauncher.NexusLauncherActivity (from package com.google.android.apps.nexuslauncher)
[Fastbot][2026-04-11 12:53:59.916] //   - NOT USING main activity com.google.android.googlequicksearchbox.SearchActivity (from package com.google.android.googlequicksearchbox)
[Fastbot][2026-04-11 12:54:02.917] // phone info： Google_Android SDK built for x86_10
[Fastbot][2026-04-11 12:54:02.918] // runing fastbot-U2
[Fastbot][2026-04-11 12:54:02.923] InputMethod ID: com.google.android.inputmethod.latin/com.android.inputmethod.latin.LatinIME
[Fastbot][2026-04-11 12:54:02.924] InputMethod ID: com.google.android.googlequicksearchbox/com.google.android.voicesearch.ime.VoiceInputMethodService
[Fastbot][2026-04-11 12:54:02.936] // device serial number is EMULATOR36X3X10X0
[Fastbot][2026-04-11 12:54:02.937] [MonkeySourceApeU2] ProfilePeriod: 25
[Fastbot][2026-04-11 12:54:02.983] --> GET http://127.0.0.1:9008/ping
[Fastbot][2026-04-11 12:54:02.983] --> END GET
[Fastbot][2026-04-11 12:54:02.995] <-- 200 OK  http://127.0.0.1:9008/ping (12ms)
[Fastbot][2026-04-11 12:54:02.995] Content-Type: text/html
[Fastbot][2026-04-11 12:54:02.996] Date: Sat, 11 Apr 2026 12:54:02 GMT
[Fastbot][2026-04-11 12:54:02.996] Connection: keep-alive
[Fastbot][2026-04-11 12:54:02.996] Transfer-Encoding: chunked
[Fastbot][2026-04-11 12:54:02.997] 
[Fastbot][2026-04-11 12:54:02.997] pong
[Fastbot][2026-04-11 12:54:02.997] <-- END HTTP (4-byte body)
[Fastbot][2026-04-11 12:54:04.999] --> GET http://127.0.0.1:9008/ping
[Fastbot][2026-04-11 12:54:04.999] --> END GET
[Fastbot][2026-04-11 12:54:05.000] <-- 200 OK  http://127.0.0.1:9008/ping (1ms)
[Fastbot][2026-04-11 12:54:05.001] Content-Type: text/html
[Fastbot][2026-04-11 12:54:05.001] Date: Sat, 11 Apr 2026 12:54:05 GMT
[Fastbot][2026-04-11 12:54:05.002] Connection: keep-alive
[Fastbot][2026-04-11 12:54:05.002] Transfer-Encoding: chunked
[Fastbot][2026-04-11 12:54:05.002] 
[Fastbot][2026-04-11 12:54:05.003] pong
[Fastbot][2026-04-11 12:54:05.003] <-- END HTTP (4-byte body)
[Fastbot][2026-04-11 12:54:05.003] // device uuid is bfcc207e-88e3-4899-826e-342cd998a52c
[Fastbot][2026-04-11 12:54:05.017] [MonkeySourceApeU2] proxyServer started. Listening tcp:8090
[Fastbot][2026-04-11 12:54:05.216] // init with reuse agent
[Fastbot][2026-04-11 12:54:05.218] fastbot native : library load!
[Fastbot][2026-04-11 12:54:05.218] fastbot native path is : /data/local/tmp/x86/libfastbot_native.so
[Fastbot][2026-04-11 12:54:05.222] --> GET http://127.0.0.1:9008/ping
[Fastbot][2026-04-11 12:54:05.222] --> END GET
[Fastbot][2026-04-11 12:54:05.223] <-- 200 OK  http://127.0.0.1:9008/ping (0ms)
[Fastbot][2026-04-11 12:54:05.224] Content-Type: text/html
[Fastbot][2026-04-11 12:54:05.224] Date: Sat, 11 Apr 2026 12:54:05 GMT
[Fastbot][2026-04-11 12:54:05.224] Connection: keep-alive
[Fastbot][2026-04-11 12:54:05.224] Transfer-Encoding: chunked
[Fastbot][2026-04-11 12:54:05.225] 
[Fastbot][2026-04-11 12:54:05.225] pong
[Fastbot][2026-04-11 12:54:05.225] <-- END HTTP (4-byte body)
[Fastbot][2026-04-11 12:54:05.225] Server validated
[Fastbot][2026-04-11 12:54:05.226] 

[Fastbot]*** ERROR *** findMethod() error, NoSuchMethodException happened, there is no such method: getTasks
[Fastbot][2026-04-11 12:54:05.226] // the top activity is com.google.android.apps.nexuslauncher.NexusLauncherActivity, not testing app, need inject restart app
[Fastbot][2026-04-11 12:54:05.228] Switch: #Intent;action=android.intent.action.MAIN;category=android.intent.category.LAUNCHER;launchFlags=0x10200000;component=it.feio.android.omninotes.alpha/it.feio.android.omninotes.MainActivity;end
[Fastbot][2026-04-11 12:54:05.230] // the top activity is it.feio.android.omninotes.MainActivity, phone capture activity is com.android.camera.CaptureActivity
[Fastbot][2026-04-11 12:54:05.230]     // Allowing start of Intent { act=android.intent.action.MAIN cat=[android.intent.category.LAUNCHER] cmp=it.feio.android.omninotes.alpha/it.feio.android.omninotes.MainActivity } in package it.feio.android.omninotes.alpha
[Fastbot][2026-04-11 12:54:05.236] // [Monkey] current activity is it.feio.android.omninotes.MainActivity
[Fastbot][2026-04-11 12:54:05.237] Sleeping for 2000 milliseconds
[Fastbot][2026-04-11 12:54:05.422] [Proxy Server] Forwarding
[Fastbot][2026-04-11 12:54:05.423] --> GET http://127.0.0.1:9008/ping
[Fastbot][2026-04-11 12:54:05.423] --> END GET
[Fastbot][2026-04-11 12:54:05.425] <-- 200 OK  http://127.0.0.1:9008/ping (1ms)
[Fastbot][2026-04-11 12:54:05.425] Content-Type: text/html
[Fastbot][2026-04-11 12:54:05.425] Date: Sat, 11 Apr 2026 12:54:05 GMT
[Fastbot][2026-04-11 12:54:05.425] Connection: keep-alive
[Fastbot][2026-04-11 12:54:05.426] Transfer-Encoding: chunked
[Fastbot][2026-04-11 12:54:05.427] 
[Fastbot][2026-04-11 12:54:05.427] pong
[Fastbot][2026-04-11 12:54:05.428] <-- END HTTP (4-byte body)
[Fastbot][2026-04-11 12:54:05.485] Init: 
[Fastbot][2026-04-11 12:54:05.485]     takeScreenshots: false
[Fastbot][2026-04-11 12:54:05.496]     preFailureScreenshots: 0
[Fastbot][2026-04-11 12:54:05.497]     postFailureScreenshots: 0
[Fastbot][2026-04-11 12:54:05.497]     logStamp: 2026041120_5359505280
[Fastbot][2026-04-11 12:54:05.498]     outputDir: /sdcard/output_2026041120_5359505280
[Fastbot][2026-04-11 12:54:05.499] take all screenshots.
[Fastbot][2026-04-11 12:54:05.521] [ProxyServer] stepsCount: 1
[Fastbot][2026-04-11 12:54:05.521] [ProxyServer] receive request: stepMonkey
[Fastbot][2026-04-11 12:54:07.239] [MonkeySourceApeU2] stepsCount: 1
[Fastbot][2026-04-11 12:54:07.241] --> POST http://127.0.0.1:9008/jsonrpc/0
[Fastbot][2026-04-11 12:54:07.242] Content-Type: application/json; charset=utf-8
[Fastbot][2026-04-11 12:54:07.242] Content-Length: 75
[Fastbot][2026-04-11 12:54:07.242] 
[Fastbot][2026-04-11 12:54:07.242] {"id":1,"jsonrpc":"2.0","method":"dumpWindowHierarchy","params":[false,50]}
[Fastbot][2026-04-11 12:54:07.242] --> END POST (75-byte body)
[Fastbot][2026-04-11 12:54:07.373] <-- 200 OK  http://127.0.0.1:9008/jsonrpc/0 (130ms)
[Fastbot][2026-04-11 12:54:07.373] Content-Type: application/json
[Fastbot][2026-04-11 12:54:07.373] Date: Sat, 11 Apr 2026 12:54:07 GMT
[Fastbot][2026-04-11 12:54:07.373] Connection: keep-alive
[Fastbot][2026-04-11 12:54:07.373] Transfer-Encoding: chunked
[Fastbot][2026-04-11 12:54:07.375] 
[Fastbot][2026-04-11 12:54:07.375] {"jsonrpc":"2.0","id":1,"result":"<?xml version='1.0' encoding='UTF-8' standalone='yes' ?>\r\n<hierarchy rotation=\"0\">\r\n  <node index=\"0\" text=\"\" resource-id=\"com.android.systemui:id/navigation_bar_frame\" class=\"android.widget.FrameLayout\" package=\"com.android.systemui\" content-desc=\"...[truncated]
[Fastbot][2026-04-11 12:54:07.376] <-- END HTTP (34270-byte body)
[Fastbot][2026-04-11 12:54:07.381] [MonkeySourceApeU2] Successfully Got hierarchy
[Fastbot][2026-04-11 12:54:07.397] // Event id: 3
[Fastbot][2026-04-11 12:54:07.397] topActivity Name: ComponentInfo{it.feio.android.omninotes.alpha/it.feio.android.omninotes.MainActivity}
[Fastbot][2026-04-11 12:54:07.397] // Dumped stringOfGuiTree
[Fastbot][2026-04-11 12:54:07.397] topActivityName: it.feio.android.omninotes.MainActivity
[Fastbot][2026-04-11 12:54:07.401] action type: LONG_CLICK
[Fastbot][2026-04-11 12:54:07.401] rpc cost time: 4
[Fastbot][2026-04-11 12:54:07.406] :Sending rotation degree=0, persist=false
[Fastbot][2026-04-11 12:54:07.412] :Sending Touch (ACTION_DOWN): 0:(1078.0,126.0)
[Fastbot][2026-04-11 12:54:07.415] Wait Event for 1000 milliseconds
[Fastbot][2026-04-11 12:54:08.417] :Sending Touch (ACTION_UP): 0:(1078.0,126.0)
[Fastbot][2026-04-11 12:54:08.420] Sleeping for 276 milliseconds
[Fastbot][2026-04-11 12:54:08.697] [ProxyServer] Finish monkey step. Dumping hierarchy
[Fastbot][2026-04-11 12:54:08.698] --> POST http://127.0.0.1:9008/jsonrpc/0
[Fastbot][2026-04-11 12:54:08.698] Content-Type: application/json; charset=utf-8
[Fastbot][2026-04-11 12:54:08.698] Content-Length: 75
[Fastbot][2026-04-11 12:54:08.698] 
[Fastbot][2026-04-11 12:54:08.698] {"id":1,"jsonrpc":"2.0","method":"dumpWindowHierarchy","params":[false,50]}
[Fastbot][2026-04-11 12:54:08.698] --> END POST (75-byte body)
[Fastbot][2026-04-11 12:54:08.726] <-- 200 OK  http://127.0.0.1:9008/jsonrpc/0 (27ms)
[Fastbot][2026-04-11 12:54:08.726] Content-Type: application/json
[Fastbot][2026-04-11 12:54:08.726] Date: Sat, 11 Apr 2026 12:54:08 GMT
[Fastbot][2026-04-11 12:54:08.727] Connection: keep-alive
[Fastbot][2026-04-11 12:54:08.727] Transfer-Encoding: chunked
[Fastbot][2026-04-11 12:54:08.728] 
[Fastbot][2026-04-11 12:54:08.728] {"jsonrpc":"2.0","id":1,"result":"<?xml version='1.0' encoding='UTF-8' standalone='yes' ?>\r\n<hierarchy rotation=\"0\">\r\n  <node index=\"0\" text=\"\" resource-id=\"com.android.systemui:id/navigation_bar_frame\" class=\"android.widget.FrameLayout\" package=\"com.android.systemui\" content-desc=\"...[truncated]
[Fastbot][2026-04-11 12:54:08.728] <-- END HTTP (34270-byte body)
[Fastbot][2026-04-11 12:54:08.763] [Proxy Server] Forwarding
[Fastbot][2026-04-11 12:54:08.764] --> POST http://127.0.0.1:9008/jsonrpc/0
[Fastbot][2026-04-11 12:54:08.764] Content-Type: application/json; charset=utf-8
[Fastbot][2026-04-11 12:54:08.765] Content-Length: 219
[Fastbot][2026-04-11 12:54:08.765] 
[Fastbot][2026-04-11 12:54:08.765] {"jsonrpc": "2.0", "id": 1, "method": "waitForExists", "params": [{"mask": 2097152, "childOrSibling": [], "childOrSiblingSelector": [], "resourceId": "it.feio.android.omninotes.alpha:id/fab_expand_menu_button"}, 20000]}
[Fastbot][2026-04-11 12:54:08.766] --> END POST (219-byte body)
[Fastbot][2026-04-11 12:54:08.825] <-- 200 OK  http://127.0.0.1:9008/jsonrpc/0 (58ms)
[Fastbot][2026-04-11 12:54:08.825] Content-Type: application/json
[Fastbot][2026-04-11 12:54:08.825] Date: Sat, 11 Apr 2026 12:54:08 GMT
[Fastbot][2026-04-11 12:54:08.825] Connection: keep-alive
[Fastbot][2026-04-11 12:54:08.826] Transfer-Encoding: chunked
[Fastbot][2026-04-11 12:54:08.826] 
[Fastbot][2026-04-11 12:54:08.827] {"jsonrpc":"2.0","id":1,"result":true}

[Fastbot][2026-04-11 12:54:08.827] <-- END HTTP (39-byte body)
[Fastbot][2026-04-11 12:54:08.859] [Proxy Server] Forwarding
[Fastbot][2026-04-11 12:54:08.860] --> POST http://127.0.0.1:9008/jsonrpc/0
[Fastbot][2026-04-11 12:54:08.861] Content-Type: application/json; charset=utf-8
[Fastbot][2026-04-11 12:54:08.861] Content-Length: 206
[Fastbot][2026-04-11 12:54:08.861] 
[Fastbot][2026-04-11 12:54:08.861] {"jsonrpc": "2.0", "id": 1, "method": "objInfo", "params": [{"mask": 2097152, "childOrSibling": [], "childOrSiblingSelector": [], "resourceId": "it.feio.android.omninotes.alpha:id/fab_expand_menu_button"}]}
[Fastbot][2026-04-11 12:54:08.862] --> END POST (206-byte body)
[Fastbot][2026-04-11 12:54:08.914] <-- 200 OK  http://127.0.0.1:9008/jsonrpc/0 (51ms)
[Fastbot][2026-04-11 12:54:08.915] Content-Type: application/json
[Fastbot][2026-04-11 12:54:08.915] Date: Sat, 11 Apr 2026 12:54:08 GMT
[Fastbot][2026-04-11 12:54:08.915] Connection: keep-alive
[Fastbot][2026-04-11 12:54:08.915] Transfer-Encoding: chunked
[Fastbot][2026-04-11 12:54:08.917] 
[Fastbot][2026-04-11 12:54:08.918] {"jsonrpc":"2.0","id":1,"result":{"bounds":{"bottom":2126,"left":856,"right":1058,"top":1923},"childCount":0,"className":"android.widget.ImageButton","contentDescription":null,"packageName":"it.feio.android.omninotes.alpha","resourceName":"it.feio.android.omninotes.alpha:id/fab_expand_menu_button","...[truncated]
[Fastbot][2026-04-11 12:54:08.918] <-- END HTTP (536-byte body)
[Fastbot][2026-04-11 12:54:08.951] [Proxy Server] Detected script method: click
[Fastbot][2026-04-11 12:54:08.952] [Proxy Server] Forwarding
[Fastbot][2026-04-11 12:54:08.953] --> POST http://127.0.0.1:9008/jsonrpc/0
[Fastbot][2026-04-11 12:54:08.953] Content-Type: application/json; charset=utf-8
[Fastbot][2026-04-11 12:54:08.954] Content-Length: 73
[Fastbot][2026-04-11 12:54:08.955] 
[Fastbot][2026-04-11 12:54:08.955] {"jsonrpc": "2.0", "id": 1, "method": "click", "params": [957.0, 2024.5]}
[Fastbot][2026-04-11 12:54:08.956] --> END POST (73-byte body)
[Fastbot][2026-04-11 12:54:09.173] <-- 200 OK  http://127.0.0.1:9008/jsonrpc/0 (216ms)
[Fastbot][2026-04-11 12:54:09.174] Content-Type: application/json
[Fastbot][2026-04-11 12:54:09.174] Date: Sat, 11 Apr 2026 12:54:09 GMT
[Fastbot][2026-04-11 12:54:09.174] Connection: keep-alive
[Fastbot][2026-04-11 12:54:09.175] Transfer-Encoding: chunked
[Fastbot][2026-04-11 12:54:09.176] 
[Fastbot][2026-04-11 12:54:09.176] {"jsonrpc":"2.0","id":1,"result":true}

[Fastbot][2026-04-11 12:54:09.177] <-- END HTTP (39-byte body)
[Fastbot][2026-04-11 12:54:09.707] [Proxy Server] Forwarding
[Fastbot][2026-04-11 12:54:09.708] --> POST http://127.0.0.1:9008/jsonrpc/0
[Fastbot][2026-04-11 12:54:09.708] Content-Type: application/json; charset=utf-8
[Fastbot][2026-04-11 12:54:09.708] Content-Length: 205
[Fastbot][2026-04-11 12:54:09.708] 
[Fastbot][2026-04-11 12:54:09.709] {"jsonrpc": "2.0", "id": 1, "method": "waitForExists", "params": [{"mask": 2097152, "childOrSibling": [], "childOrSiblingSelector": [], "resourceId": "it.feio.android.omninotes.alpha:id/fab_note"}, 20000]}
[Fastbot][2026-04-11 12:54:09.709] --> END POST (205-byte body)
[Fastbot][2026-04-11 12:54:09.727] <-- 200 OK  http://127.0.0.1:9008/jsonrpc/0 (18ms)
[Fastbot][2026-04-11 12:54:09.727] Content-Type: application/json
[Fastbot][2026-04-11 12:54:09.728] Date: Sat, 11 Apr 2026 12:54:09 GMT
[Fastbot][2026-04-11 12:54:09.728] Connection: keep-alive
[Fastbot][2026-04-11 12:54:09.728] Transfer-Encoding: chunked
[Fastbot][2026-04-11 12:54:09.729] 
[Fastbot][2026-04-11 12:54:09.729] {"jsonrpc":"2.0","id":1,"result":true}

[Fastbot][2026-04-11 12:54:09.729] <-- END HTTP (39-byte body)
[Fastbot][2026-04-11 12:54:09.761] [Proxy Server] Forwarding
[Fastbot][2026-04-11 12:54:09.762] --> POST http://127.0.0.1:9008/jsonrpc/0
[Fastbot][2026-04-11 12:54:09.762] Content-Type: application/json; charset=utf-8
[Fastbot][2026-04-11 12:54:09.762] Content-Length: 192
[Fastbot][2026-04-11 12:54:09.762] 
[Fastbot][2026-04-11 12:54:09.763] {"jsonrpc": "2.0", "id": 1, "method": "objInfo", "params": [{"mask": 2097152, "childOrSibling": [], "childOrSiblingSelector": [], "resourceId": "it.feio.android.omninotes.alpha:id/fab_note"}]}
[Fastbot][2026-04-11 12:54:09.763] --> END POST (192-byte body)
[Fastbot][2026-04-11 12:54:09.794] <-- 200 OK  http://127.0.0.1:9008/jsonrpc/0 (30ms)
[Fastbot][2026-04-11 12:54:09.794] Content-Type: application/json
[Fastbot][2026-04-11 12:54:09.794] Date: Sat, 11 Apr 2026 12:54:09 GMT
[Fastbot][2026-04-11 12:54:09.795] Connection: keep-alive
[Fastbot][2026-04-11 12:54:09.795] Transfer-Encoding: chunked
[Fastbot][2026-04-11 12:54:09.796] 
[Fastbot][2026-04-11 12:54:09.796] {"jsonrpc":"2.0","id":1,"result":{"bounds":{"bottom":1912,"left":878,"right":1037,"top":1753},"childCount":0,"className":"android.widget.ImageButton","contentDescription":null,"packageName":"it.feio.android.omninotes.alpha","resourceName":"it.feio.android.omninotes.alpha:id/fab_note","text":null,"vi...[truncated]
[Fastbot][2026-04-11 12:54:09.797] <-- END HTTP (523-byte body)
[Fastbot][2026-04-11 12:54:09.834] [Proxy Server] Detected script method: click
[Fastbot][2026-04-11 12:54:09.835] [Proxy Server] Forwarding
[Fastbot][2026-04-11 12:54:09.836] --> POST http://127.0.0.1:9008/jsonrpc/0
[Fastbot][2026-04-11 12:54:09.836] Content-Type: application/json; charset=utf-8
[Fastbot][2026-04-11 12:54:09.836] Content-Length: 73
[Fastbot][2026-04-11 12:54:09.836] 
[Fastbot][2026-04-11 12:54:09.836] {"jsonrpc": "2.0", "id": 1, "method": "click", "params": [957.5, 1832.5]}
[Fastbot][2026-04-11 12:54:09.837] --> END POST (73-byte body)
[Fastbot][2026-04-11 12:54:09.973] <-- 200 OK  http://127.0.0.1:9008/jsonrpc/0 (135ms)
[Fastbot][2026-04-11 12:54:09.974] Content-Type: application/json
[Fastbot][2026-04-11 12:54:09.974] Date: Sat, 11 Apr 2026 12:54:09 GMT
[Fastbot][2026-04-11 12:54:09.974] Connection: keep-alive
[Fastbot][2026-04-11 12:54:09.974] Transfer-Encoding: chunked
[Fastbot][2026-04-11 12:54:09.975] 
[Fastbot][2026-04-11 12:54:09.976] {"jsonrpc":"2.0","id":1,"result":true}

[Fastbot][2026-04-11 12:54:09.976] <-- END HTTP (39-byte body)
[Fastbot][2026-04-11 12:54:10.506] [Proxy Server] Forwarding
[Fastbot][2026-04-11 12:54:10.507] --> POST http://127.0.0.1:9008/jsonrpc/0
[Fastbot][2026-04-11 12:54:10.507] Content-Type: application/json; charset=utf-8
[Fastbot][2026-04-11 12:54:10.507] Content-Length: 210
[Fastbot][2026-04-11 12:54:10.508] 
[Fastbot][2026-04-11 12:54:10.508] {"jsonrpc": "2.0", "id": 1, "method": "waitForExists", "params": [{"mask": 2097152, "childOrSibling": [], "childOrSiblingSelector": [], "resourceId": "it.feio.android.omninotes.alpha:id/menu_category"}, 20000]}
[Fastbot][2026-04-11 12:54:10.509] --> END POST (210-byte body)
[Fastbot][2026-04-11 12:54:10.561] <-- 200 OK  http://127.0.0.1:9008/jsonrpc/0 (52ms)
[Fastbot][2026-04-11 12:54:10.562] Content-Type: application/json
[Fastbot][2026-04-11 12:54:10.562] Date: Sat, 11 Apr 2026 12:54:10 GMT
[Fastbot][2026-04-11 12:54:10.562] Connection: keep-alive
[Fastbot][2026-04-11 12:54:10.563] Transfer-Encoding: chunked
[Fastbot][2026-04-11 12:54:10.563] 
[Fastbot][2026-04-11 12:54:10.564] {"jsonrpc":"2.0","id":1,"result":true}

[Fastbot][2026-04-11 12:54:10.564] <-- END HTTP (39-byte body)
[Fastbot][2026-04-11 12:54:10.600] [Proxy Server] Forwarding
[Fastbot][2026-04-11 12:54:10.601] --> POST http://127.0.0.1:9008/jsonrpc/0
[Fastbot][2026-04-11 12:54:10.601] Content-Type: application/json; charset=utf-8
[Fastbot][2026-04-11 12:54:10.601] Content-Length: 197
[Fastbot][2026-04-11 12:54:10.602] 
[Fastbot][2026-04-11 12:54:10.602] {"jsonrpc": "2.0", "id": 1, "method": "objInfo", "params": [{"mask": 2097152, "childOrSibling": [], "childOrSiblingSelector": [], "resourceId": "it.feio.android.omninotes.alpha:id/menu_category"}]}
[Fastbot][2026-04-11 12:54:10.603] --> END POST (197-byte body)
[Fastbot][2026-04-11 12:54:10.643] <-- 200 OK  http://127.0.0.1:9008/jsonrpc/0 (40ms)
[Fastbot][2026-04-11 12:54:10.643] Content-Type: application/json
[Fastbot][2026-04-11 12:54:10.643] Date: Sat, 11 Apr 2026 12:54:10 GMT
[Fastbot][2026-04-11 12:54:10.644] Connection: keep-alive
[Fastbot][2026-04-11 12:54:10.644] Transfer-Encoding: chunked
[Fastbot][2026-04-11 12:54:10.645] 
[Fastbot][2026-04-11 12:54:10.645] {"jsonrpc":"2.0","id":1,"result":{"bounds":{"bottom":226,"left":573,"right":705,"top":94},"childCount":0,"className":"android.widget.Button","contentDescription":"Category","packageName":"it.feio.android.omninotes.alpha","resourceName":"it.feio.android.omninotes.alpha:id/menu_category","text":null,"...[truncated]
[Fastbot][2026-04-11 12:54:10.645] <-- END HTTP (520-byte body)
[Fastbot][2026-04-11 12:54:10.662] [Proxy Server] Detected script method: click
[Fastbot][2026-04-11 12:54:10.663] [Proxy Server] Forwarding
[Fastbot][2026-04-11 12:54:10.663] --> POST http://127.0.0.1:9008/jsonrpc/0
[Fastbot][2026-04-11 12:54:10.663] Content-Type: application/json; charset=utf-8
[Fastbot][2026-04-11 12:54:10.663] Content-Length: 72
[Fastbot][2026-04-11 12:54:10.663] 
[Fastbot][2026-04-11 12:54:10.663] {"jsonrpc": "2.0", "id": 1, "method": "click", "params": [639.0, 160.0]}
[Fastbot][2026-04-11 12:54:10.665] --> END POST (72-byte body)
[Fastbot][2026-04-11 12:54:10.802] <-- 200 OK  http://127.0.0.1:9008/jsonrpc/0 (137ms)
[Fastbot][2026-04-11 12:54:10.802] Content-Type: application/json
[Fastbot][2026-04-11 12:54:10.802] Date: Sat, 11 Apr 2026 12:54:10 GMT
[Fastbot][2026-04-11 12:54:10.802] Connection: keep-alive
[Fastbot][2026-04-11 12:54:10.802] Transfer-Encoding: chunked
[Fastbot][2026-04-11 12:54:10.850] 
[Fastbot][2026-04-11 12:54:10.855] {"jsonrpc":"2.0","id":1,"result":true}

[Fastbot][2026-04-11 12:54:10.855] <-- END HTTP (39-byte body)
[Fastbot][2026-04-11 12:54:11.371] [Proxy Server] Forwarding
[Fastbot][2026-04-11 12:54:11.372] --> POST http://127.0.0.1:9008/jsonrpc/0
[Fastbot][2026-04-11 12:54:11.372] Content-Type: application/json; charset=utf-8
[Fastbot][2026-04-11 12:54:11.372] Content-Length: 245
[Fastbot][2026-04-11 12:54:11.372] 
[Fastbot][2026-04-11 12:54:11.372] {"jsonrpc": "2.0", "id": 1, "method": "waitForExists", "params": [{"mask": 2097153, "childOrSibling": [], "childOrSiblingSelector": [], "resourceId": "it.feio.android.omninotes.alpha:id/md_buttonDefaultPositive", "text": "ADD CATEGORY"}, 20000]}
[Fastbot][2026-04-11 12:54:11.372] --> END POST (245-byte body)
[Fastbot][2026-04-11 12:54:11.388] <-- 200 OK  http://127.0.0.1:9008/jsonrpc/0 (14ms)
[Fastbot][2026-04-11 12:54:11.388] Content-Type: application/json
[Fastbot][2026-04-11 12:54:11.388] Date: Sat, 11 Apr 2026 12:54:11 GMT
[Fastbot][2026-04-11 12:54:11.388] Connection: keep-alive
[Fastbot][2026-04-11 12:54:11.388] Transfer-Encoding: chunked
[Fastbot][2026-04-11 12:54:11.388] 
[Fastbot][2026-04-11 12:54:11.389] {"jsonrpc":"2.0","id":1,"result":true}

[Fastbot][2026-04-11 12:54:11.389] <-- END HTTP (39-byte body)
[Fastbot][2026-04-11 12:54:11.427] [Proxy Server] Forwarding
[Fastbot][2026-04-11 12:54:11.428] --> POST http://127.0.0.1:9008/jsonrpc/0
[Fastbot][2026-04-11 12:54:11.428] Content-Type: application/json; charset=utf-8
[Fastbot][2026-04-11 12:54:11.428] Content-Length: 232
[Fastbot][2026-04-11 12:54:11.428] 
[Fastbot][2026-04-11 12:54:11.428] {"jsonrpc": "2.0", "id": 1, "method": "objInfo", "params": [{"mask": 2097153, "childOrSibling": [], "childOrSiblingSelector": [], "resourceId": "it.feio.android.omninotes.alpha:id/md_buttonDefaultPositive", "text": "ADD CATEGORY"}]}
[Fastbot][2026-04-11 12:54:11.428] --> END POST (232-byte body)
[Fastbot][2026-04-11 12:54:11.453] <-- 200 OK  http://127.0.0.1:9008/jsonrpc/0 (24ms)
[Fastbot][2026-04-11 12:54:11.453] Content-Type: application/json
[Fastbot][2026-04-11 12:54:11.453] Date: Sat, 11 Apr 2026 12:54:11 GMT
[Fastbot][2026-04-11 12:54:11.454] Connection: keep-alive
[Fastbot][2026-04-11 12:54:11.454] Transfer-Encoding: chunked
[Fastbot][2026-04-11 12:54:11.455] 
[Fastbot][2026-04-11 12:54:11.455] {"jsonrpc":"2.0","id":1,"result":{"bounds":{"bottom":1224,"left":622,"right":915,"top":1158},"childCount":0,"className":"android.widget.TextView","contentDescription":null,"packageName":"it.feio.android.omninotes.alpha","resourceName":"it.feio.android.omninotes.alpha:id/md_buttonDefaultPositive","te...[truncated]
[Fastbot][2026-04-11 12:54:11.455] <-- END HTTP (544-byte body)
[Fastbot][2026-04-11 12:54:11.490] [Proxy Server] Detected script method: click
[Fastbot][2026-04-11 12:54:11.490] [Proxy Server] Forwarding
[Fastbot][2026-04-11 12:54:11.491] --> POST http://127.0.0.1:9008/jsonrpc/0
[Fastbot][2026-04-11 12:54:11.491] Content-Type: application/json; charset=utf-8
[Fastbot][2026-04-11 12:54:11.491] Content-Length: 73
[Fastbot][2026-04-11 12:54:11.491] 
[Fastbot][2026-04-11 12:54:11.492] {"jsonrpc": "2.0", "id": 1, "method": "click", "params": [768.5, 1191.0]}
[Fastbot][2026-04-11 12:54:11.492] --> END POST (73-byte body)
[Fastbot][2026-04-11 12:54:11.621] // the top activity is it.feio.android.omninotes.CategoryActivity, phone capture activity is com.android.camera.CaptureActivity
[Fastbot][2026-04-11 12:54:11.622] <-- 200 OK  http://127.0.0.1:9008/jsonrpc/0 (129ms)
[Fastbot][2026-04-11 12:54:11.623]     // Allowing start of Intent { cmp=it.feio.android.omninotes.alpha/it.feio.android.omninotes.CategoryActivity } in package it.feio.android.omninotes.alpha
[Fastbot][2026-04-11 12:54:11.623] Content-Type: application/json
[Fastbot][2026-04-11 12:54:11.623] Date: Sat, 11 Apr 2026 12:54:11 GMT
[Fastbot][2026-04-11 12:54:11.624] Connection: keep-alive
[Fastbot][2026-04-11 12:54:11.624] Transfer-Encoding: chunked
[Fastbot][2026-04-11 12:54:11.629] 
[Fastbot][2026-04-11 12:54:11.629] {"jsonrpc":"2.0","id":1,"result":true}

[Fastbot][2026-04-11 12:54:11.630] <-- END HTTP (39-byte body)
[Fastbot][2026-04-11 12:54:12.151] // [Script] current activity is it.feio.android.omninotes.CategoryActivity
[Fastbot][2026-04-11 12:54:12.152] [Proxy Server] Forwarding
[Fastbot][2026-04-11 12:54:12.152] --> POST http://127.0.0.1:9008/jsonrpc/0
[Fastbot][2026-04-11 12:54:12.152] Content-Type: application/json; charset=utf-8
[Fastbot][2026-04-11 12:54:12.153] Content-Length: 228
[Fastbot][2026-04-11 12:54:12.153] 
[Fastbot][2026-04-11 12:54:12.153] {"jsonrpc": "2.0", "id": 1, "method": "waitForExists", "params": [{"mask": 2097153, "childOrSibling": [], "childOrSiblingSelector": [], "resourceId": "it.feio.android.omninotes.alpha:id/category_title", "text": "Title"}, 20000]}
[Fastbot][2026-04-11 12:54:12.153] --> END POST (228-byte body)
[Fastbot][2026-04-11 12:54:12.169] <-- 200 OK  http://127.0.0.1:9008/jsonrpc/0 (15ms)
[Fastbot][2026-04-11 12:54:12.169] Content-Type: application/json
[Fastbot][2026-04-11 12:54:12.169] Date: Sat, 11 Apr 2026 12:54:12 GMT
[Fastbot][2026-04-11 12:54:12.170] Connection: keep-alive
[Fastbot][2026-04-11 12:54:12.170] Transfer-Encoding: chunked
[Fastbot][2026-04-11 12:54:12.171] 
[Fastbot][2026-04-11 12:54:12.171] {"jsonrpc":"2.0","id":1,"result":true}

[Fastbot][2026-04-11 12:54:12.171] <-- END HTTP (39-byte body)
[Fastbot][2026-04-11 12:54:12.207] [Proxy Server] Detected script method: setText
[Fastbot][2026-04-11 12:54:12.207] [Proxy Server] Forwarding
[Fastbot][2026-04-11 12:54:12.208] --> POST http://127.0.0.1:9008/jsonrpc/0
[Fastbot][2026-04-11 12:54:12.209] Content-Type: application/json; charset=utf-8
[Fastbot][2026-04-11 12:54:12.209] Content-Length: 225
[Fastbot][2026-04-11 12:54:12.209] 
[Fastbot][2026-04-11 12:54:12.209] {"jsonrpc": "2.0", "id": 1, "method": "setText", "params": [{"mask": 2097153, "childOrSibling": [], "childOrSiblingSelector": [], "resourceId": "it.feio.android.omninotes.alpha:id/category_title", "text": "Title"}, "WnRumb"]}
[Fastbot][2026-04-11 12:54:12.210] --> END POST (225-byte body)
[Fastbot][2026-04-11 12:54:12.286] <-- 200 OK  http://127.0.0.1:9008/jsonrpc/0 (75ms)
[Fastbot][2026-04-11 12:54:12.286] Content-Type: application/json
[Fastbot][2026-04-11 12:54:12.287] Date: Sat, 11 Apr 2026 12:54:12 GMT
[Fastbot][2026-04-11 12:54:12.287] Connection: keep-alive
[Fastbot][2026-04-11 12:54:12.287] Transfer-Encoding: chunked
[Fastbot][2026-04-11 12:54:12.287] 
[Fastbot][2026-04-11 12:54:12.287] {"jsonrpc":"2.0","id":1,"result":true}

[Fastbot][2026-04-11 12:54:12.287] <-- END HTTP (39-byte body)
[Fastbot][2026-04-11 12:54:12.819] [Proxy Server] Forwarding
[Fastbot][2026-04-11 12:54:12.820] --> POST http://127.0.0.1:9008/jsonrpc/0
[Fastbot][2026-04-11 12:54:12.820] Content-Type: application/json; charset=utf-8
[Fastbot][2026-04-11 12:54:12.820] Content-Length: 215
[Fastbot][2026-04-11 12:54:12.820] 
[Fastbot][2026-04-11 12:54:12.820] {"jsonrpc": "2.0", "id": 1, "method": "waitForExists", "params": [{"mask": 2097153, "childOrSibling": [], "childOrSiblingSelector": [], "resourceId": "it.feio.android.omninotes.alpha:id/save", "text": "OK"}, 20000]}
[Fastbot][2026-04-11 12:54:12.821] --> END POST (215-byte body)
[Fastbot][2026-04-11 12:54:12.831] <-- 200 OK  http://127.0.0.1:9008/jsonrpc/0 (10ms)
[Fastbot][2026-04-11 12:54:12.831] Content-Type: application/json
[Fastbot][2026-04-11 12:54:12.831] Date: Sat, 11 Apr 2026 12:54:12 GMT
[Fastbot][2026-04-11 12:54:12.832] Connection: keep-alive
[Fastbot][2026-04-11 12:54:12.832] Transfer-Encoding: chunked
[Fastbot][2026-04-11 12:54:12.833] 
[Fastbot][2026-04-11 12:54:12.833] {"jsonrpc":"2.0","id":1,"result":true}

[Fastbot][2026-04-11 12:54:12.833] <-- END HTTP (39-byte body)
[Fastbot][2026-04-11 12:54:12.867] [Proxy Server] Forwarding
[Fastbot][2026-04-11 12:54:12.867] --> POST http://127.0.0.1:9008/jsonrpc/0
[Fastbot][2026-04-11 12:54:12.868] Content-Type: application/json; charset=utf-8
[Fastbot][2026-04-11 12:54:12.868] Content-Length: 202
[Fastbot][2026-04-11 12:54:12.868] 
[Fastbot][2026-04-11 12:54:12.868] {"jsonrpc": "2.0", "id": 1, "method": "objInfo", "params": [{"mask": 2097153, "childOrSibling": [], "childOrSiblingSelector": [], "resourceId": "it.feio.android.omninotes.alpha:id/save", "text": "OK"}]}
[Fastbot][2026-04-11 12:54:12.868] --> END POST (202-byte body)
[Fastbot][2026-04-11 12:54:12.895] <-- 200 OK  http://127.0.0.1:9008/jsonrpc/0 (26ms)
[Fastbot][2026-04-11 12:54:12.895] Content-Type: application/json
[Fastbot][2026-04-11 12:54:12.895] Date: Sat, 11 Apr 2026 12:54:12 GMT
[Fastbot][2026-04-11 12:54:12.896] Connection: keep-alive
[Fastbot][2026-04-11 12:54:12.896] Transfer-Encoding: chunked
[Fastbot][2026-04-11 12:54:12.898] 
[Fastbot][2026-04-11 12:54:12.898] {"jsonrpc":"2.0","id":1,"result":{"bounds":{"bottom":1450,"left":543,"right":776,"top":1321},"childCount":0,"className":"android.widget.Button","contentDescription":null,"packageName":"it.feio.android.omninotes.alpha","resourceName":"it.feio.android.omninotes.alpha:id/save","text":"OK","visibleBound...[truncated]
[Fastbot][2026-04-11 12:54:12.899] <-- END HTTP (512-byte body)
[Fastbot][2026-04-11 12:54:12.914] [Proxy Server] Detected script method: click
[Fastbot][2026-04-11 12:54:12.914] [Proxy Server] Forwarding
[Fastbot][2026-04-11 12:54:12.914] --> POST http://127.0.0.1:9008/jsonrpc/0
[Fastbot][2026-04-11 12:54:12.915] Content-Type: application/json; charset=utf-8
[Fastbot][2026-04-11 12:54:12.915] Content-Length: 73
[Fastbot][2026-04-11 12:54:12.915] 
[Fastbot][2026-04-11 12:54:12.916] {"jsonrpc": "2.0", "id": 1, "method": "click", "params": [659.5, 1385.5]}
[Fastbot][2026-04-11 12:54:12.916] --> END POST (73-byte body)
[Fastbot][2026-04-11 12:54:13.044]     // activityResuming(it.feio.android.omninotes.alpha)
[Fastbot][2026-04-11 12:54:13.049] <-- 200 OK  http://127.0.0.1:9008/jsonrpc/0 (132ms)
[Fastbot][2026-04-11 12:54:13.049] Content-Type: application/json
[Fastbot][2026-04-11 12:54:13.049] Date: Sat, 11 Apr 2026 12:54:13 GMT
[Fastbot][2026-04-11 12:54:13.050] Connection: keep-alive
[Fastbot][2026-04-11 12:54:13.050] Transfer-Encoding: chunked
[Fastbot][2026-04-11 12:54:13.090] 
[Fastbot][2026-04-11 12:54:13.090] {"jsonrpc":"2.0","id":1,"result":true}

[Fastbot][2026-04-11 12:54:13.090] <-- END HTTP (39-byte body)
[Fastbot][2026-04-11 12:54:13.622] // [Script] current activity is it.feio.android.omninotes.MainActivity
[Fastbot][2026-04-11 12:54:13.622] [Proxy Server] Detected script method: pressKey
[Fastbot][2026-04-11 12:54:13.623] [Proxy Server] Forwarding
[Fastbot][2026-04-11 12:54:13.623] --> POST http://127.0.0.1:9008/jsonrpc/0
[Fastbot][2026-04-11 12:54:13.623] Content-Type: application/json; charset=utf-8
[Fastbot][2026-04-11 12:54:13.624] Content-Length: 69
[Fastbot][2026-04-11 12:54:13.624] 
[Fastbot][2026-04-11 12:54:13.624] {"jsonrpc": "2.0", "id": 1, "method": "pressKey", "params": ["back"]}
[Fastbot][2026-04-11 12:54:13.625] --> END POST (69-byte body)
[Fastbot][2026-04-11 12:54:13.649] <-- 200 OK  http://127.0.0.1:9008/jsonrpc/0 (24ms)
[Fastbot][2026-04-11 12:54:13.649] Content-Type: application/json
[Fastbot][2026-04-11 12:54:13.650] Date: Sat, 11 Apr 2026 12:54:13 GMT
[Fastbot][2026-04-11 12:54:13.650] Connection: keep-alive
[Fastbot][2026-04-11 12:54:13.650] Transfer-Encoding: chunked
[Fastbot][2026-04-11 12:54:13.652] 
[Fastbot][2026-04-11 12:54:13.652] {"jsonrpc":"2.0","id":1,"result":true}

[Fastbot][2026-04-11 12:54:13.652] <-- END HTTP (39-byte body)
[Fastbot][2026-04-11 12:54:14.169] [Proxy Server] Forwarding
[Fastbot][2026-04-11 12:54:14.169] --> POST http://127.0.0.1:9008/jsonrpc/0
[Fastbot][2026-04-11 12:54:14.169] Content-Type: application/json; charset=utf-8
[Fastbot][2026-04-11 12:54:14.170] Content-Length: 154
[Fastbot][2026-04-11 12:54:14.170] 
[Fastbot][2026-04-11 12:54:14.170] {"jsonrpc": "2.0", "id": 1, "method": "exist", "params": [{"mask": 64, "childOrSibling": [], "childOrSiblingSelector": [], "description": "drawer open"}]}
[Fastbot][2026-04-11 12:54:14.170] --> END POST (154-byte body)
[Fastbot][2026-04-11 12:54:14.195] <-- 200 OK  http://127.0.0.1:9008/jsonrpc/0 (24ms)
[Fastbot][2026-04-11 12:54:14.195] Content-Type: application/json
[Fastbot][2026-04-11 12:54:14.196] Date: Sat, 11 Apr 2026 12:54:14 GMT
[Fastbot][2026-04-11 12:54:14.196] Connection: keep-alive
[Fastbot][2026-04-11 12:54:14.197] Transfer-Encoding: chunked
[Fastbot][2026-04-11 12:54:14.198] 
[Fastbot][2026-04-11 12:54:14.198] {"jsonrpc":"2.0","id":1,"result":true}

[Fastbot][2026-04-11 12:54:14.199] <-- END HTTP (39-byte body)
[Fastbot][2026-04-11 12:54:14.234] [Proxy Server] Forwarding
[Fastbot][2026-04-11 12:54:14.235] --> POST http://127.0.0.1:9008/jsonrpc/0
[Fastbot][2026-04-11 12:54:14.235] Content-Type: application/json; charset=utf-8
[Fastbot][2026-04-11 12:54:14.235] Content-Length: 169
[Fastbot][2026-04-11 12:54:14.235] 
[Fastbot][2026-04-11 12:54:14.236] {"jsonrpc": "2.0", "id": 1, "method": "waitForExists", "params": [{"mask": 64, "childOrSibling": [], "childOrSiblingSelector": [], "description": "drawer open"}, 20000]}
[Fastbot][2026-04-11 12:54:14.236] --> END POST (169-byte body)
[Fastbot][2026-04-11 12:54:14.269] <-- 200 OK  http://127.0.0.1:9008/jsonrpc/0 (32ms)
[Fastbot][2026-04-11 12:54:14.269] Content-Type: application/json
[Fastbot][2026-04-11 12:54:14.269] Date: Sat, 11 Apr 2026 12:54:14 GMT
[Fastbot][2026-04-11 12:54:14.269] Connection: keep-alive
[Fastbot][2026-04-11 12:54:14.269] Transfer-Encoding: chunked
[Fastbot][2026-04-11 12:54:14.270] 
[Fastbot][2026-04-11 12:54:14.270] {"jsonrpc":"2.0","id":1,"result":true}

[Fastbot][2026-04-11 12:54:14.271] <-- END HTTP (39-byte body)
[Fastbot][2026-04-11 12:54:14.311] [Proxy Server] Forwarding
[Fastbot][2026-04-11 12:54:14.311] --> POST http://127.0.0.1:9008/jsonrpc/0
[Fastbot][2026-04-11 12:54:14.312] Content-Type: application/json; charset=utf-8
[Fastbot][2026-04-11 12:54:14.312] Content-Length: 156
[Fastbot][2026-04-11 12:54:14.312] 
[Fastbot][2026-04-11 12:54:14.312] {"jsonrpc": "2.0", "id": 1, "method": "objInfo", "params": [{"mask": 64, "childOrSibling": [], "childOrSiblingSelector": [], "description": "drawer open"}]}
[Fastbot][2026-04-11 12:54:14.313] --> END POST (156-byte body)
[Fastbot][2026-04-11 12:54:14.634] <-- 200 OK  http://127.0.0.1:9008/jsonrpc/0 (321ms)
[Fastbot][2026-04-11 12:54:14.635] Content-Type: application/json
[Fastbot][2026-04-11 12:54:14.635] Date: Sat, 11 Apr 2026 12:54:14 GMT
[Fastbot][2026-04-11 12:54:14.635] Connection: keep-alive
[Fastbot][2026-04-11 12:54:14.635] Transfer-Encoding: chunked
[Fastbot][2026-04-11 12:54:14.636] 
[Fastbot][2026-04-11 12:54:14.636] {"jsonrpc":"2.0","id":1,"result":{"bounds":{"bottom":237,"left":0,"right":154,"top":83},"childCount":0,"className":"android.widget.ImageButton","contentDescription":"drawer open","packageName":"it.feio.android.omninotes.alpha","resourceName":null,"text":null,"visibleBounds":{"bottom":237,"left":0,"r...[truncated]
[Fastbot][2026-04-11 12:54:14.636] <-- END HTTP (479-byte body)
[Fastbot][2026-04-11 12:54:14.653] [Proxy Server] Detected script method: click
[Fastbot][2026-04-11 12:54:14.654] [Proxy Server] Forwarding
[Fastbot][2026-04-11 12:54:14.654] --> POST http://127.0.0.1:9008/jsonrpc/0
[Fastbot][2026-04-11 12:54:14.655] Content-Type: application/json; charset=utf-8
[Fastbot][2026-04-11 12:54:14.655] Content-Length: 71
[Fastbot][2026-04-11 12:54:14.655] 
[Fastbot][2026-04-11 12:54:14.655] {"jsonrpc": "2.0", "id": 1, "method": "click", "params": [77.0, 160.0]}
[Fastbot][2026-04-11 12:54:14.656] --> END POST (71-byte body)
[Fastbot][2026-04-11 12:54:14.782] <-- 200 OK  http://127.0.0.1:9008/jsonrpc/0 (125ms)
[Fastbot][2026-04-11 12:54:14.782] Content-Type: application/json
[Fastbot][2026-04-11 12:54:14.782] Date: Sat, 11 Apr 2026 12:54:14 GMT
[Fastbot][2026-04-11 12:54:14.783] Connection: keep-alive
[Fastbot][2026-04-11 12:54:14.783] Transfer-Encoding: chunked
[Fastbot][2026-04-11 12:54:14.830] 
[Fastbot][2026-04-11 12:54:14.830] {"jsonrpc":"2.0","id":1,"result":true}

[Fastbot][2026-04-11 12:54:14.830] <-- END HTTP (39-byte body)
[Fastbot][2026-04-11 12:54:14.871] [Proxy Server] Forwarding
[Fastbot][2026-04-11 12:54:14.873] --> POST http://127.0.0.1:9008/jsonrpc/0
[Fastbot][2026-04-11 12:54:14.874] Content-Type: application/json; charset=utf-8
[Fastbot][2026-04-11 12:54:14.875] Content-Length: 187
[Fastbot][2026-04-11 12:54:14.875] 
[Fastbot][2026-04-11 12:54:14.875] {"jsonrpc": "2.0", "id": 1, "method": "count", "params": [{"mask": 2097152, "childOrSibling": [], "childOrSiblingSelector": [], "resourceId": "it.feio.android.omninotes.alpha:id/title"}]}
[Fastbot][2026-04-11 12:54:14.875] --> END POST (187-byte body)
[Fastbot][2026-04-11 12:54:15.037] <-- 200 OK  http://127.0.0.1:9008/jsonrpc/0 (161ms)
[Fastbot][2026-04-11 12:54:15.037] Content-Type: application/json
[Fastbot][2026-04-11 12:54:15.038] Date: Sat, 11 Apr 2026 12:54:15 GMT
[Fastbot][2026-04-11 12:54:15.038] Connection: keep-alive
[Fastbot][2026-04-11 12:54:15.038] Transfer-Encoding: chunked
[Fastbot][2026-04-11 12:54:15.039] 
[Fastbot][2026-04-11 12:54:15.039] {"jsonrpc":"2.0","id":1,"result":2}

[Fastbot][2026-04-11 12:54:15.040] <-- END HTTP (36-byte body)
[Fastbot][2026-04-11 12:54:15.071] [Proxy Server] Forwarding
[Fastbot][2026-04-11 12:54:15.072] --> POST http://127.0.0.1:9008/jsonrpc/0
[Fastbot][2026-04-11 12:54:15.072] Content-Type: application/json; charset=utf-8
[Fastbot][2026-04-11 12:54:15.073] Content-Length: 218
[Fastbot][2026-04-11 12:54:15.073] 
[Fastbot][2026-04-11 12:54:15.073] {"jsonrpc": "2.0", "id": 1, "method": "waitForExists", "params": [{"mask": 18874368, "childOrSibling": [], "childOrSiblingSelector": [], "resourceId": "it.feio.android.omninotes.alpha:id/title", "instance": 0}, 20000]}
[Fastbot][2026-04-11 12:54:15.074] --> END POST (218-byte body)
[Fastbot][2026-04-11 12:54:15.085] <-- 200 OK  http://127.0.0.1:9008/jsonrpc/0 (11ms)
[Fastbot][2026-04-11 12:54:15.085] Content-Type: application/json
[Fastbot][2026-04-11 12:54:15.086] Date: Sat, 11 Apr 2026 12:54:15 GMT
[Fastbot][2026-04-11 12:54:15.086] Connection: keep-alive
[Fastbot][2026-04-11 12:54:15.087] Transfer-Encoding: chunked
[Fastbot][2026-04-11 12:54:15.130] 
[Fastbot][2026-04-11 12:54:15.130] {"jsonrpc":"2.0","id":1,"result":true}

[Fastbot][2026-04-11 12:54:15.130] <-- END HTTP (39-byte body)
[Fastbot][2026-04-11 12:54:15.167] [Proxy Server] Forwarding
[Fastbot][2026-04-11 12:54:15.168] --> POST http://127.0.0.1:9008/jsonrpc/0
[Fastbot][2026-04-11 12:54:15.168] Content-Type: application/json; charset=utf-8
[Fastbot][2026-04-11 12:54:15.168] Content-Length: 205
[Fastbot][2026-04-11 12:54:15.169] 
[Fastbot][2026-04-11 12:54:15.169] {"jsonrpc": "2.0", "id": 1, "method": "getText", "params": [{"mask": 18874368, "childOrSibling": [], "childOrSiblingSelector": [], "resourceId": "it.feio.android.omninotes.alpha:id/title", "instance": 0}]}
[Fastbot][2026-04-11 12:54:15.169] --> END POST (205-byte body)
[Fastbot][2026-04-11 12:54:15.186] <-- 200 OK  http://127.0.0.1:9008/jsonrpc/0 (15ms)
[Fastbot][2026-04-11 12:54:15.186] Content-Type: application/json
[Fastbot][2026-04-11 12:54:15.186] Date: Sat, 11 Apr 2026 12:54:15 GMT
[Fastbot][2026-04-11 12:54:15.186] Connection: keep-alive
[Fastbot][2026-04-11 12:54:15.186] Transfer-Encoding: chunked
[Fastbot][2026-04-11 12:54:15.188] 
[Fastbot][2026-04-11 12:54:15.188] {"jsonrpc":"2.0","id":1,"result":"Notes"}

[Fastbot][2026-04-11 12:54:15.189] <-- END HTTP (42-byte body)
[Fastbot][2026-04-11 12:54:15.228] [Proxy Server] Forwarding
[Fastbot][2026-04-11 12:54:15.228] --> POST http://127.0.0.1:9008/jsonrpc/0
[Fastbot][2026-04-11 12:54:15.229] Content-Type: application/json; charset=utf-8
[Fastbot][2026-04-11 12:54:15.230] Content-Length: 218
[Fastbot][2026-04-11 12:54:15.230] 
[Fastbot][2026-04-11 12:54:15.230] {"jsonrpc": "2.0", "id": 1, "method": "waitForExists", "params": [{"mask": 18874368, "childOrSibling": [], "childOrSiblingSelector": [], "resourceId": "it.feio.android.omninotes.alpha:id/title", "instance": 1}, 20000]}
[Fastbot][2026-04-11 12:54:15.230] --> END POST (218-byte body)
[Fastbot][2026-04-11 12:54:15.242] <-- 200 OK  http://127.0.0.1:9008/jsonrpc/0 (11ms)
[Fastbot][2026-04-11 12:54:15.242] Content-Type: application/json
[Fastbot][2026-04-11 12:54:15.242] Date: Sat, 11 Apr 2026 12:54:15 GMT
[Fastbot][2026-04-11 12:54:15.242] Connection: keep-alive
[Fastbot][2026-04-11 12:54:15.242] Transfer-Encoding: chunked
[Fastbot][2026-04-11 12:54:15.243] 
[Fastbot][2026-04-11 12:54:15.243] {"jsonrpc":"2.0","id":1,"result":true}

[Fastbot][2026-04-11 12:54:15.243] <-- END HTTP (39-byte body)
[Fastbot][2026-04-11 12:54:15.287] [Proxy Server] Forwarding
[Fastbot][2026-04-11 12:54:15.287] --> POST http://127.0.0.1:9008/jsonrpc/0
[Fastbot][2026-04-11 12:54:15.288] Content-Type: application/json; charset=utf-8
[Fastbot][2026-04-11 12:54:15.288] Content-Length: 205
[Fastbot][2026-04-11 12:54:15.288] 
[Fastbot][2026-04-11 12:54:15.288] {"jsonrpc": "2.0", "id": 1, "method": "getText", "params": [{"mask": 18874368, "childOrSibling": [], "childOrSiblingSelector": [], "resourceId": "it.feio.android.omninotes.alpha:id/title", "instance": 1}]}
[Fastbot][2026-04-11 12:54:15.288] --> END POST (205-byte body)
[Fastbot][2026-04-11 12:54:15.295] <-- 200 OK  http://127.0.0.1:9008/jsonrpc/0 (6ms)
[Fastbot][2026-04-11 12:54:15.295] Content-Type: application/json
[Fastbot][2026-04-11 12:54:15.295] Date: Sat, 11 Apr 2026 12:54:15 GMT
[Fastbot][2026-04-11 12:54:15.295] Connection: keep-alive
[Fastbot][2026-04-11 12:54:15.295] Transfer-Encoding: chunked
[Fastbot][2026-04-11 12:54:15.297] 
[Fastbot][2026-04-11 12:54:15.297] {"jsonrpc":"2.0","id":1,"result":"WnRumb"}

[Fastbot][2026-04-11 12:54:15.297] <-- END HTTP (43-byte body)
[Fastbot][2026-04-11 12:54:15.333] [Proxy Server] Detected script method: pressKey
[Fastbot][2026-04-11 12:54:15.333] [Proxy Server] Forwarding
[Fastbot][2026-04-11 12:54:15.334] --> POST http://127.0.0.1:9008/jsonrpc/0
[Fastbot][2026-04-11 12:54:15.334] Content-Type: application/json; charset=utf-8
[Fastbot][2026-04-11 12:54:15.334] Content-Length: 69
[Fastbot][2026-04-11 12:54:15.334] 
[Fastbot][2026-04-11 12:54:15.334] {"jsonrpc": "2.0", "id": 1, "method": "pressKey", "params": ["back"]}
[Fastbot][2026-04-11 12:54:15.334] --> END POST (69-byte body)
[Fastbot][2026-04-11 12:54:15.365] <-- 200 OK  http://127.0.0.1:9008/jsonrpc/0 (30ms)
[Fastbot][2026-04-11 12:54:15.365] Content-Type: application/json
[Fastbot][2026-04-11 12:54:15.365] Date: Sat, 11 Apr 2026 12:54:15 GMT
[Fastbot][2026-04-11 12:54:15.366] Connection: keep-alive
[Fastbot][2026-04-11 12:54:15.366] Transfer-Encoding: chunked
[Fastbot][2026-04-11 12:54:15.366] 
[Fastbot][2026-04-11 12:54:15.366] {"jsonrpc":"2.0","id":1,"result":true}

[Fastbot][2026-04-11 12:54:15.366] <-- END HTTP (39-byte body)
[Fastbot][2026-04-11 12:54:16.132] --> POST http://127.0.0.1:9008/jsonrpc/0
[Fastbot][2026-04-11 12:54:16.132] Content-Type: application/json; charset=utf-8
[Fastbot][2026-04-11 12:54:16.132] Content-Length: 75
[Fastbot][2026-04-11 12:54:16.132] 
[Fastbot][2026-04-11 12:54:16.132] {"id":1,"jsonrpc":"2.0","method":"dumpWindowHierarchy","params":[false,50]}
[Fastbot][2026-04-11 12:54:16.132] --> END POST (75-byte body)
[Fastbot][2026-04-11 12:54:16.188] <-- 200 OK  http://127.0.0.1:9008/jsonrpc/0 (55ms)
[Fastbot][2026-04-11 12:54:16.188] Content-Type: application/json
[Fastbot][2026-04-11 12:54:16.188] Date: Sat, 11 Apr 2026 12:54:16 GMT
[Fastbot][2026-04-11 12:54:16.188] Connection: keep-alive
[Fastbot][2026-04-11 12:54:16.189] Transfer-Encoding: chunked
[Fastbot][2026-04-11 12:54:16.191] 
[Fastbot][2026-04-11 12:54:16.192] {"jsonrpc":"2.0","id":1,"result":"<?xml version='1.0' encoding='UTF-8' standalone='yes' ?>\r\n<hierarchy rotation=\"0\">\r\n  <node index=\"0\" text=\"\" resource-id=\"com.android.systemui:id/navigation_bar_frame\" class=\"android.widget.FrameLayout\" package=\"com.android.systemui\" content-desc=\"...[truncated]
[Fastbot][2026-04-11 12:54:16.192] <-- END HTTP (34270-byte body)
[Fastbot][2026-04-11 12:54:16.260] [Proxy Server] Forwarding
[Fastbot][2026-04-11 12:54:16.261] --> POST http://127.0.0.1:9008/jsonrpc/0
[Fastbot][2026-04-11 12:54:16.261] Content-Type: application/json; charset=utf-8
[Fastbot][2026-04-11 12:54:16.261] Content-Length: 219
[Fastbot][2026-04-11 12:54:16.262] 
[Fastbot][2026-04-11 12:54:16.262] {"jsonrpc": "2.0", "id": 1, "method": "waitForExists", "params": [{"mask": 2097152, "childOrSibling": [], "childOrSiblingSelector": [], "resourceId": "it.feio.android.omninotes.alpha:id/fab_expand_menu_button"}, 20000]}
[Fastbot][2026-04-11 12:54:16.262] --> END POST (219-byte body)
[Fastbot][2026-04-11 12:54:16.282] <-- 200 OK  http://127.0.0.1:9008/jsonrpc/0 (18ms)
[Fastbot][2026-04-11 12:54:16.282] Content-Type: application/json
[Fastbot][2026-04-11 12:54:16.283] Date: Sat, 11 Apr 2026 12:54:16 GMT
[Fastbot][2026-04-11 12:54:16.283] Connection: keep-alive
[Fastbot][2026-04-11 12:54:16.283] Transfer-Encoding: chunked
[Fastbot][2026-04-11 12:54:16.286] 
[Fastbot][2026-04-11 12:54:16.286] {"jsonrpc":"2.0","id":1,"result":true}

[Fastbot][2026-04-11 12:54:16.286] <-- END HTTP (39-byte body)
[Fastbot][2026-04-11 12:54:16.304] [Proxy Server] Forwarding
[Fastbot][2026-04-11 12:54:16.304] --> POST http://127.0.0.1:9008/jsonrpc/0
[Fastbot][2026-04-11 12:54:16.304] Content-Type: application/json; charset=utf-8
[Fastbot][2026-04-11 12:54:16.304] Content-Length: 206
[Fastbot][2026-04-11 12:54:16.304] 
[Fastbot][2026-04-11 12:54:16.305] {"jsonrpc": "2.0", "id": 1, "method": "objInfo", "params": [{"mask": 2097152, "childOrSibling": [], "childOrSiblingSelector": [], "resourceId": "it.feio.android.omninotes.alpha:id/fab_expand_menu_button"}]}
[Fastbot][2026-04-11 12:54:16.305] --> END POST (206-byte body)
[Fastbot][2026-04-11 12:54:16.339] <-- 200 OK  http://127.0.0.1:9008/jsonrpc/0 (33ms)
[Fastbot][2026-04-11 12:54:16.339] Content-Type: application/json
[Fastbot][2026-04-11 12:54:16.339] Date: Sat, 11 Apr 2026 12:54:16 GMT
[Fastbot][2026-04-11 12:54:16.339] Connection: keep-alive
[Fastbot][2026-04-11 12:54:16.340] Transfer-Encoding: chunked
[Fastbot][2026-04-11 12:54:16.380] 
[Fastbot][2026-04-11 12:54:16.380] {"jsonrpc":"2.0","id":1,"result":{"bounds":{"bottom":2126,"left":856,"right":1058,"top":1923},"childCount":0,"className":"android.widget.ImageButton","contentDescription":null,"packageName":"it.feio.android.omninotes.alpha","resourceName":"it.feio.android.omninotes.alpha:id/fab_expand_menu_button","...[truncated]
[Fastbot][2026-04-11 12:54:16.381] <-- END HTTP (536-byte body)
[Fastbot][2026-04-11 12:54:16.396] [Proxy Server] Detected script method: click
[Fastbot][2026-04-11 12:54:16.396] [Proxy Server] Forwarding
[Fastbot][2026-04-11 12:54:16.397] --> POST http://127.0.0.1:9008/jsonrpc/0
[Fastbot][2026-04-11 12:54:16.397] Content-Type: application/json; charset=utf-8
[Fastbot][2026-04-11 12:54:16.397] Content-Length: 73
[Fastbot][2026-04-11 12:54:16.397] 
[Fastbot][2026-04-11 12:54:16.397] {"jsonrpc": "2.0", "id": 1, "method": "click", "params": [957.0, 2024.5]}
[Fastbot][2026-04-11 12:54:16.398] --> END POST (73-byte body)
[Fastbot][2026-04-11 12:54:16.536] <-- 200 OK  http://127.0.0.1:9008/jsonrpc/0 (138ms)
[Fastbot][2026-04-11 12:54:16.537] Content-Type: application/json
[Fastbot][2026-04-11 12:54:16.537] Date: Sat, 11 Apr 2026 12:54:16 GMT
[Fastbot][2026-04-11 12:54:16.537] Connection: keep-alive
[Fastbot][2026-04-11 12:54:16.537] Transfer-Encoding: chunked
[Fastbot][2026-04-11 12:54:16.580] 
[Fastbot][2026-04-11 12:54:16.580] {"jsonrpc":"2.0","id":1,"result":true}

[Fastbot][2026-04-11 12:54:16.580] <-- END HTTP (39-byte body)
[Fastbot][2026-04-11 12:54:17.114] [Proxy Server] Forwarding
[Fastbot][2026-04-11 12:54:17.115] --> POST http://127.0.0.1:9008/jsonrpc/0
[Fastbot][2026-04-11 12:54:17.115] Content-Type: application/json; charset=utf-8
[Fastbot][2026-04-11 12:54:17.115] Content-Length: 205
[Fastbot][2026-04-11 12:54:17.115] 
[Fastbot][2026-04-11 12:54:17.116] {"jsonrpc": "2.0", "id": 1, "method": "waitForExists", "params": [{"mask": 2097152, "childOrSibling": [], "childOrSiblingSelector": [], "resourceId": "it.feio.android.omninotes.alpha:id/fab_note"}, 20000]}
[Fastbot][2026-04-11 12:54:17.116] --> END POST (205-byte body)
[Fastbot][2026-04-11 12:54:17.134] <-- 200 OK  http://127.0.0.1:9008/jsonrpc/0 (18ms)
[Fastbot][2026-04-11 12:54:17.134] Content-Type: application/json
[Fastbot][2026-04-11 12:54:17.134] Date: Sat, 11 Apr 2026 12:54:17 GMT
[Fastbot][2026-04-11 12:54:17.134] Connection: keep-alive
[Fastbot][2026-04-11 12:54:17.134] Transfer-Encoding: chunked
[Fastbot][2026-04-11 12:54:17.136] 
[Fastbot][2026-04-11 12:54:17.136] {"jsonrpc":"2.0","id":1,"result":true}

[Fastbot][2026-04-11 12:54:17.136] <-- END HTTP (39-byte body)
[Fastbot][2026-04-11 12:54:17.152] [Proxy Server] Forwarding
[Fastbot][2026-04-11 12:54:17.153] --> POST http://127.0.0.1:9008/jsonrpc/0
[Fastbot][2026-04-11 12:54:17.153] Content-Type: application/json; charset=utf-8
[Fastbot][2026-04-11 12:54:17.153] Content-Length: 192
[Fastbot][2026-04-11 12:54:17.154] 
[Fastbot][2026-04-11 12:54:17.154] {"jsonrpc": "2.0", "id": 1, "method": "objInfo", "params": [{"mask": 2097152, "childOrSibling": [], "childOrSiblingSelector": [], "resourceId": "it.feio.android.omninotes.alpha:id/fab_note"}]}
[Fastbot][2026-04-11 12:54:17.155] --> END POST (192-byte body)
[Fastbot][2026-04-11 12:54:17.185] <-- 200 OK  http://127.0.0.1:9008/jsonrpc/0 (30ms)
[Fastbot][2026-04-11 12:54:17.186] Content-Type: application/json
[Fastbot][2026-04-11 12:54:17.186] Date: Sat, 11 Apr 2026 12:54:17 GMT
[Fastbot][2026-04-11 12:54:17.186] Connection: keep-alive
[Fastbot][2026-04-11 12:54:17.186] Transfer-Encoding: chunked
[Fastbot][2026-04-11 12:54:17.229] 
[Fastbot][2026-04-11 12:54:17.229] {"jsonrpc":"2.0","id":1,"result":{"bounds":{"bottom":1912,"left":878,"right":1037,"top":1753},"childCount":0,"className":"android.widget.ImageButton","contentDescription":null,"packageName":"it.feio.android.omninotes.alpha","resourceName":"it.feio.android.omninotes.alpha:id/fab_note","text":null,"vi...[truncated]
[Fastbot][2026-04-11 12:54:17.230] <-- END HTTP (523-byte body)
[Fastbot][2026-04-11 12:54:17.269] [Proxy Server] Detected script method: click
[Fastbot][2026-04-11 12:54:17.270] [Proxy Server] Forwarding
[Fastbot][2026-04-11 12:54:17.270] --> POST http://127.0.0.1:9008/jsonrpc/0
[Fastbot][2026-04-11 12:54:17.271] Content-Type: application/json; charset=utf-8
[Fastbot][2026-04-11 12:54:17.271] Content-Length: 73
[Fastbot][2026-04-11 12:54:17.271] 
[Fastbot][2026-04-11 12:54:17.271] {"jsonrpc": "2.0", "id": 1, "method": "click", "params": [957.5, 1832.5]}
[Fastbot][2026-04-11 12:54:17.272] --> END POST (73-byte body)
[Fastbot][2026-04-11 12:54:17.404] <-- 200 OK  http://127.0.0.1:9008/jsonrpc/0 (131ms)
[Fastbot][2026-04-11 12:54:17.404] Content-Type: application/json
[Fastbot][2026-04-11 12:54:17.404] Date: Sat, 11 Apr 2026 12:54:17 GMT
[Fastbot][2026-04-11 12:54:17.404] Connection: keep-alive
[Fastbot][2026-04-11 12:54:17.404] Transfer-Encoding: chunked
[Fastbot][2026-04-11 12:54:17.405] 
[Fastbot][2026-04-11 12:54:17.405] {"jsonrpc":"2.0","id":1,"result":true}

[Fastbot][2026-04-11 12:54:17.405] <-- END HTTP (39-byte body)
[Fastbot][2026-04-11 12:54:17.941] [Proxy Server] Forwarding
[Fastbot][2026-04-11 12:54:17.942] --> POST http://127.0.0.1:9008/jsonrpc/0
[Fastbot][2026-04-11 12:54:17.943] Content-Type: application/json; charset=utf-8
[Fastbot][2026-04-11 12:54:17.943] Content-Length: 209
[Fastbot][2026-04-11 12:54:17.943] 
[Fastbot][2026-04-11 12:54:17.943] {"jsonrpc": "2.0", "id": 1, "method": "waitForExists", "params": [{"mask": 2097152, "childOrSibling": [], "childOrSiblingSelector": [], "resourceId": "it.feio.android.omninotes.alpha:id/detail_title"}, 20000]}
[Fastbot][2026-04-11 12:54:17.944] --> END POST (209-byte body)
[Fastbot][2026-04-11 12:54:18.009] <-- 200 OK  http://127.0.0.1:9008/jsonrpc/0 (64ms)
[Fastbot][2026-04-11 12:54:18.009] Content-Type: application/json
[Fastbot][2026-04-11 12:54:18.010] Date: Sat, 11 Apr 2026 12:54:18 GMT
[Fastbot][2026-04-11 12:54:18.010] Connection: keep-alive
[Fastbot][2026-04-11 12:54:18.010] Transfer-Encoding: chunked
[Fastbot][2026-04-11 12:54:18.012] 
[Fastbot][2026-04-11 12:54:18.012] {"jsonrpc":"2.0","id":1,"result":true}

[Fastbot][2026-04-11 12:54:18.012] <-- END HTTP (39-byte body)
[Fastbot][2026-04-11 12:54:18.051] [Proxy Server] Detected script method: setText
[Fastbot][2026-04-11 12:54:18.051] [Proxy Server] Forwarding
[Fastbot][2026-04-11 12:54:18.052] --> POST http://127.0.0.1:9008/jsonrpc/0
[Fastbot][2026-04-11 12:54:18.052] Content-Type: application/json; charset=utf-8
[Fastbot][2026-04-11 12:54:18.052] Content-Length: 210
[Fastbot][2026-04-11 12:54:18.052] 
[Fastbot][2026-04-11 12:54:18.052] {"jsonrpc": "2.0", "id": 1, "method": "setText", "params": [{"mask": 2097152, "childOrSibling": [], "childOrSiblingSelector": [], "resourceId": "it.feio.android.omninotes.alpha:id/detail_title"}, "2Eiy9YnpZK"]}
[Fastbot][2026-04-11 12:54:18.053] --> END POST (210-byte body)
[Fastbot][2026-04-11 12:54:18.150] <-- 200 OK  http://127.0.0.1:9008/jsonrpc/0 (95ms)
[Fastbot][2026-04-11 12:54:18.150] Content-Type: application/json
[Fastbot][2026-04-11 12:54:18.150] Date: Sat, 11 Apr 2026 12:54:18 GMT
[Fastbot][2026-04-11 12:54:18.150] Connection: keep-alive
[Fastbot][2026-04-11 12:54:18.150] Transfer-Encoding: chunked
[Fastbot][2026-04-11 12:54:18.152] 
[Fastbot][2026-04-11 12:54:18.153] {"jsonrpc":"2.0","id":1,"result":true}

[Fastbot][2026-04-11 12:54:18.153] <-- END HTTP (39-byte body)
[Fastbot][2026-04-11 12:54:18.169] [Proxy Server] Forwarding
[Fastbot][2026-04-11 12:54:18.170] --> POST http://127.0.0.1:9008/jsonrpc/0
[Fastbot][2026-04-11 12:54:18.170] Content-Type: application/json; charset=utf-8
[Fastbot][2026-04-11 12:54:18.171] Content-Length: 211
[Fastbot][2026-04-11 12:54:18.171] 
[Fastbot][2026-04-11 12:54:18.171] {"jsonrpc": "2.0", "id": 1, "method": "waitForExists", "params": [{"mask": 2097152, "childOrSibling": [], "childOrSiblingSelector": [], "resourceId": "it.feio.android.omninotes.alpha:id/detail_content"}, 20000]}
[Fastbot][2026-04-11 12:54:18.171] --> END POST (211-byte body)
[Fastbot][2026-04-11 12:54:18.186] <-- 200 OK  http://127.0.0.1:9008/jsonrpc/0 (14ms)
[Fastbot][2026-04-11 12:54:18.187] Content-Type: application/json
[Fastbot][2026-04-11 12:54:18.187] Date: Sat, 11 Apr 2026 12:54:18 GMT
[Fastbot][2026-04-11 12:54:18.187] Connection: keep-alive
[Fastbot][2026-04-11 12:54:18.187] Transfer-Encoding: chunked
[Fastbot][2026-04-11 12:54:18.230] 
[Fastbot][2026-04-11 12:54:18.230] {"jsonrpc":"2.0","id":1,"result":true}

[Fastbot][2026-04-11 12:54:18.230] <-- END HTTP (39-byte body)
[Fastbot][2026-04-11 12:54:18.267] [Proxy Server] Detected script method: setText
[Fastbot][2026-04-11 12:54:18.268] [Proxy Server] Forwarding
[Fastbot][2026-04-11 12:54:18.269] --> POST http://127.0.0.1:9008/jsonrpc/0
[Fastbot][2026-04-11 12:54:18.269] Content-Type: application/json; charset=utf-8
[Fastbot][2026-04-11 12:54:18.270] Content-Length: 214
[Fastbot][2026-04-11 12:54:18.270] 
[Fastbot][2026-04-11 12:54:18.270] {"jsonrpc": "2.0", "id": 1, "method": "setText", "params": [{"mask": 2097152, "childOrSibling": [], "childOrSiblingSelector": [], "resourceId": "it.feio.android.omninotes.alpha:id/detail_content"}, "test content"]}
[Fastbot][2026-04-11 12:54:18.270] --> END POST (214-byte body)
[Fastbot][2026-04-11 12:54:18.348] <-- 200 OK  http://127.0.0.1:9008/jsonrpc/0 (77ms)
[Fastbot][2026-04-11 12:54:18.348] Content-Type: application/json
[Fastbot][2026-04-11 12:54:18.348] Date: Sat, 11 Apr 2026 12:54:18 GMT
[Fastbot][2026-04-11 12:54:18.348] Connection: keep-alive
[Fastbot][2026-04-11 12:54:18.348] Transfer-Encoding: chunked
[Fastbot][2026-04-11 12:54:18.350] 
[Fastbot][2026-04-11 12:54:18.350] {"jsonrpc":"2.0","id":1,"result":true}

[Fastbot][2026-04-11 12:54:18.350] <-- END HTTP (39-byte body)
[Fastbot][2026-04-11 12:54:18.868] [Proxy Server] Forwarding
[Fastbot][2026-04-11 12:54:18.869] --> POST http://127.0.0.1:9008/jsonrpc/0
[Fastbot][2026-04-11 12:54:18.869] Content-Type: application/json; charset=utf-8
[Fastbot][2026-04-11 12:54:18.869] Content-Length: 210
[Fastbot][2026-04-11 12:54:18.869] 
[Fastbot][2026-04-11 12:54:18.870] {"jsonrpc": "2.0", "id": 1, "method": "waitForExists", "params": [{"mask": 2097152, "childOrSibling": [], "childOrSiblingSelector": [], "resourceId": "it.feio.android.omninotes.alpha:id/menu_category"}, 20000]}
[Fastbot][2026-04-11 12:54:18.870] --> END POST (210-byte body)
[Fastbot][2026-04-11 12:54:18.886] <-- 200 OK  http://127.0.0.1:9008/jsonrpc/0 (15ms)
[Fastbot][2026-04-11 12:54:18.886] Content-Type: application/json
[Fastbot][2026-04-11 12:54:18.886] Date: Sat, 11 Apr 2026 12:54:18 GMT
[Fastbot][2026-04-11 12:54:18.887] Connection: keep-alive
[Fastbot][2026-04-11 12:54:18.887] Transfer-Encoding: chunked
[Fastbot][2026-04-11 12:54:18.888] 
[Fastbot][2026-04-11 12:54:18.888] {"jsonrpc":"2.0","id":1,"result":true}

[Fastbot][2026-04-11 12:54:18.888] <-- END HTTP (39-byte body)
[Fastbot][2026-04-11 12:54:18.923] [Proxy Server] Forwarding
[Fastbot][2026-04-11 12:54:18.923] --> POST http://127.0.0.1:9008/jsonrpc/0
[Fastbot][2026-04-11 12:54:18.923] Content-Type: application/json; charset=utf-8
[Fastbot][2026-04-11 12:54:18.924] Content-Length: 197
[Fastbot][2026-04-11 12:54:18.924] 
[Fastbot][2026-04-11 12:54:18.924] {"jsonrpc": "2.0", "id": 1, "method": "objInfo", "params": [{"mask": 2097152, "childOrSibling": [], "childOrSiblingSelector": [], "resourceId": "it.feio.android.omninotes.alpha:id/menu_category"}]}
[Fastbot][2026-04-11 12:54:18.925] --> END POST (197-byte body)
[Fastbot][2026-04-11 12:54:18.955] <-- 200 OK  http://127.0.0.1:9008/jsonrpc/0 (30ms)
[Fastbot][2026-04-11 12:54:18.955] Content-Type: application/json
[Fastbot][2026-04-11 12:54:18.956] Date: Sat, 11 Apr 2026 12:54:18 GMT
[Fastbot][2026-04-11 12:54:18.956] Connection: keep-alive
[Fastbot][2026-04-11 12:54:18.956] Transfer-Encoding: chunked
[Fastbot][2026-04-11 12:54:18.957] 
[Fastbot][2026-04-11 12:54:18.957] {"jsonrpc":"2.0","id":1,"result":{"bounds":{"bottom":226,"left":573,"right":705,"top":94},"childCount":0,"className":"android.widget.Button","contentDescription":"Category","packageName":"it.feio.android.omninotes.alpha","resourceName":"it.feio.android.omninotes.alpha:id/menu_category","text":null,"...[truncated]
[Fastbot][2026-04-11 12:54:18.957] <-- END HTTP (520-byte body)
[Fastbot][2026-04-11 12:54:18.973] [Proxy Server] Detected script method: click
[Fastbot][2026-04-11 12:54:18.974] [Proxy Server] Forwarding
[Fastbot][2026-04-11 12:54:18.974] --> POST http://127.0.0.1:9008/jsonrpc/0
[Fastbot][2026-04-11 12:54:18.974] Content-Type: application/json; charset=utf-8
[Fastbot][2026-04-11 12:54:18.974] Content-Length: 72
[Fastbot][2026-04-11 12:54:18.974] 
[Fastbot][2026-04-11 12:54:18.975] {"jsonrpc": "2.0", "id": 1, "method": "click", "params": [639.0, 160.0]}
[Fastbot][2026-04-11 12:54:18.975] --> END POST (72-byte body)
[Fastbot][2026-04-11 12:54:19.102] <-- 200 OK  http://127.0.0.1:9008/jsonrpc/0 (125ms)
[Fastbot][2026-04-11 12:54:19.102] Content-Type: application/json
[Fastbot][2026-04-11 12:54:19.102] Date: Sat, 11 Apr 2026 12:54:19 GMT
[Fastbot][2026-04-11 12:54:19.102] Connection: keep-alive
[Fastbot][2026-04-11 12:54:19.102] Transfer-Encoding: chunked
[Fastbot][2026-04-11 12:54:19.150] 
[Fastbot][2026-04-11 12:54:19.150] {"jsonrpc":"2.0","id":1,"result":true}

[Fastbot][2026-04-11 12:54:19.150] <-- END HTTP (39-byte body)
[Fastbot][2026-04-11 12:54:19.667] [Proxy Server] Forwarding
[Fastbot][2026-04-11 12:54:19.667] --> POST http://127.0.0.1:9008/jsonrpc/0
[Fastbot][2026-04-11 12:54:19.667] Content-Type: application/json; charset=utf-8
[Fastbot][2026-04-11 12:54:19.667] Content-Length: 221
[Fastbot][2026-04-11 12:54:19.667] 
[Fastbot][2026-04-11 12:54:19.667] {"jsonrpc": "2.0", "id": 1, "method": "waitForExists", "params": [{"mask": 2097152, "childOrSibling": [], "childOrSiblingSelector": [], "resourceId": "it.feio.android.omninotes.alpha:id/md_buttonDefaultPositive"}, 20000]}
[Fastbot][2026-04-11 12:54:19.667] --> END POST (221-byte body)
[Fastbot][2026-04-11 12:54:19.678] <-- 200 OK  http://127.0.0.1:9008/jsonrpc/0 (10ms)
[Fastbot][2026-04-11 12:54:19.678] Content-Type: application/json
[Fastbot][2026-04-11 12:54:19.678] Date: Sat, 11 Apr 2026 12:54:19 GMT
[Fastbot][2026-04-11 12:54:19.678] Connection: keep-alive
[Fastbot][2026-04-11 12:54:19.678] Transfer-Encoding: chunked
[Fastbot][2026-04-11 12:54:19.679] 
[Fastbot][2026-04-11 12:54:19.679] {"jsonrpc":"2.0","id":1,"result":true}

[Fastbot][2026-04-11 12:54:19.679] <-- END HTTP (39-byte body)
[Fastbot][2026-04-11 12:54:19.717] [Proxy Server] Forwarding
[Fastbot][2026-04-11 12:54:19.717] --> POST http://127.0.0.1:9008/jsonrpc/0
[Fastbot][2026-04-11 12:54:19.717] Content-Type: application/json; charset=utf-8
[Fastbot][2026-04-11 12:54:19.717] Content-Length: 208
[Fastbot][2026-04-11 12:54:19.717] 
[Fastbot][2026-04-11 12:54:19.718] {"jsonrpc": "2.0", "id": 1, "method": "objInfo", "params": [{"mask": 2097152, "childOrSibling": [], "childOrSiblingSelector": [], "resourceId": "it.feio.android.omninotes.alpha:id/md_buttonDefaultPositive"}]}
[Fastbot][2026-04-11 12:54:19.718] --> END POST (208-byte body)
[Fastbot][2026-04-11 12:54:19.743] <-- 200 OK  http://127.0.0.1:9008/jsonrpc/0 (24ms)
[Fastbot][2026-04-11 12:54:19.743] Content-Type: application/json
[Fastbot][2026-04-11 12:54:19.743] Date: Sat, 11 Apr 2026 12:54:19 GMT
[Fastbot][2026-04-11 12:54:19.743] Connection: keep-alive
[Fastbot][2026-04-11 12:54:19.744] Transfer-Encoding: chunked
[Fastbot][2026-04-11 12:54:19.745] 
[Fastbot][2026-04-11 12:54:19.745] {"jsonrpc":"2.0","id":1,"result":{"bounds":{"bottom":1282,"left":622,"right":915,"top":1216},"childCount":0,"className":"android.widget.TextView","contentDescription":null,"packageName":"it.feio.android.omninotes.alpha","resourceName":"it.feio.android.omninotes.alpha:id/md_buttonDefaultPositive","te...[truncated]
[Fastbot][2026-04-11 12:54:19.745] <-- END HTTP (544-byte body)
[Fastbot][2026-04-11 12:54:19.761] [Proxy Server] Detected script method: click
[Fastbot][2026-04-11 12:54:19.761] [Proxy Server] Forwarding
[Fastbot][2026-04-11 12:54:19.761] --> POST http://127.0.0.1:9008/jsonrpc/0
[Fastbot][2026-04-11 12:54:19.761] Content-Type: application/json; charset=utf-8
[Fastbot][2026-04-11 12:54:19.761] Content-Length: 73
[Fastbot][2026-04-11 12:54:19.762] 
[Fastbot][2026-04-11 12:54:19.762] {"jsonrpc": "2.0", "id": 1, "method": "click", "params": [768.5, 1249.0]}
[Fastbot][2026-04-11 12:54:19.762] --> END POST (73-byte body)
[Fastbot][2026-04-11 12:54:19.902] // the top activity is it.feio.android.omninotes.CategoryActivity, phone capture activity is com.android.camera.CaptureActivity
[Fastbot][2026-04-11 12:54:19.903]     // Allowing start of Intent { cmp=it.feio.android.omninotes.alpha/it.feio.android.omninotes.CategoryActivity } in package it.feio.android.omninotes.alpha
[Fastbot][2026-04-11 12:54:19.903] <-- 200 OK  http://127.0.0.1:9008/jsonrpc/0 (140ms)
[Fastbot][2026-04-11 12:54:19.905] Content-Type: application/json
[Fastbot][2026-04-11 12:54:19.905] Date: Sat, 11 Apr 2026 12:54:19 GMT
[Fastbot][2026-04-11 12:54:19.905] Connection: keep-alive
[Fastbot][2026-04-11 12:54:19.905] Transfer-Encoding: chunked
[Fastbot][2026-04-11 12:54:19.949] 
[Fastbot][2026-04-11 12:54:19.949] {"jsonrpc":"2.0","id":1,"result":true}

[Fastbot][2026-04-11 12:54:19.950] <-- END HTTP (39-byte body)
[Fastbot][2026-04-11 12:54:20.490] // [Script] current activity is it.feio.android.omninotes.CategoryActivity
[Fastbot][2026-04-11 12:54:20.490] [Proxy Server] Forwarding
[Fastbot][2026-04-11 12:54:20.490] --> POST http://127.0.0.1:9008/jsonrpc/0
[Fastbot][2026-04-11 12:54:20.490] Content-Type: application/json; charset=utf-8
[Fastbot][2026-04-11 12:54:20.490] Content-Length: 211
[Fastbot][2026-04-11 12:54:20.491] 
[Fastbot][2026-04-11 12:54:20.491] {"jsonrpc": "2.0", "id": 1, "method": "waitForExists", "params": [{"mask": 2097152, "childOrSibling": [], "childOrSiblingSelector": [], "resourceId": "it.feio.android.omninotes.alpha:id/category_title"}, 20000]}
[Fastbot][2026-04-11 12:54:20.491] --> END POST (211-byte body)
[Fastbot][2026-04-11 12:54:20.502] <-- 200 OK  http://127.0.0.1:9008/jsonrpc/0 (9ms)
[Fastbot][2026-04-11 12:54:20.502] Content-Type: application/json
[Fastbot][2026-04-11 12:54:20.502] Date: Sat, 11 Apr 2026 12:54:20 GMT
[Fastbot][2026-04-11 12:54:20.502] Connection: keep-alive
[Fastbot][2026-04-11 12:54:20.502] Transfer-Encoding: chunked
[Fastbot][2026-04-11 12:54:20.503] 
[Fastbot][2026-04-11 12:54:20.503] {"jsonrpc":"2.0","id":1,"result":true}

[Fastbot][2026-04-11 12:54:20.503] <-- END HTTP (39-byte body)
[Fastbot][2026-04-11 12:54:20.518] [Proxy Server] Detected script method: setText
[Fastbot][2026-04-11 12:54:20.519] [Proxy Server] Forwarding
[Fastbot][2026-04-11 12:54:20.519] --> POST http://127.0.0.1:9008/jsonrpc/0
[Fastbot][2026-04-11 12:54:20.519] Content-Type: application/json; charset=utf-8
[Fastbot][2026-04-11 12:54:20.519] Content-Length: 208
[Fastbot][2026-04-11 12:54:20.519] 
[Fastbot][2026-04-11 12:54:20.519] {"jsonrpc": "2.0", "id": 1, "method": "setText", "params": [{"mask": 2097152, "childOrSibling": [], "childOrSiblingSelector": [], "resourceId": "it.feio.android.omninotes.alpha:id/category_title"}, "reCPsX"]}
[Fastbot][2026-04-11 12:54:20.519] --> END POST (208-byte body)
[Fastbot][2026-04-11 12:54:20.596] <-- 200 OK  http://127.0.0.1:9008/jsonrpc/0 (76ms)
[Fastbot][2026-04-11 12:54:20.596] Content-Type: application/json
[Fastbot][2026-04-11 12:54:20.596] Date: Sat, 11 Apr 2026 12:54:20 GMT
[Fastbot][2026-04-11 12:54:20.596] Connection: keep-alive
[Fastbot][2026-04-11 12:54:20.596] Transfer-Encoding: chunked
[Fastbot][2026-04-11 12:54:20.639] 
[Fastbot][2026-04-11 12:54:20.639] {"jsonrpc":"2.0","id":1,"result":true}

[Fastbot][2026-04-11 12:54:20.639] <-- END HTTP (39-byte body)
[Fastbot][2026-04-11 12:54:20.678] [Proxy Server] Forwarding
[Fastbot][2026-04-11 12:54:20.679] --> POST http://127.0.0.1:9008/jsonrpc/0
[Fastbot][2026-04-11 12:54:20.679] Content-Type: application/json; charset=utf-8
[Fastbot][2026-04-11 12:54:20.679] Content-Length: 201
[Fastbot][2026-04-11 12:54:20.679] 
[Fastbot][2026-04-11 12:54:20.680] {"jsonrpc": "2.0", "id": 1, "method": "waitForExists", "params": [{"mask": 2097152, "childOrSibling": [], "childOrSiblingSelector": [], "resourceId": "it.feio.android.omninotes.alpha:id/save"}, 20000]}
[Fastbot][2026-04-11 12:54:20.680] --> END POST (201-byte body)
[Fastbot][2026-04-11 12:54:20.691] <-- 200 OK  http://127.0.0.1:9008/jsonrpc/0 (11ms)
[Fastbot][2026-04-11 12:54:20.691] Content-Type: application/json
[Fastbot][2026-04-11 12:54:20.691] Date: Sat, 11 Apr 2026 12:54:20 GMT
[Fastbot][2026-04-11 12:54:20.691] Connection: keep-alive
[Fastbot][2026-04-11 12:54:20.691] Transfer-Encoding: chunked
[Fastbot][2026-04-11 12:54:20.692] 
[Fastbot][2026-04-11 12:54:20.692] {"jsonrpc":"2.0","id":1,"result":true}

[Fastbot][2026-04-11 12:54:20.692] <-- END HTTP (39-byte body)
[Fastbot][2026-04-11 12:54:20.725] [Proxy Server] Forwarding
[Fastbot][2026-04-11 12:54:20.725] --> POST http://127.0.0.1:9008/jsonrpc/0
[Fastbot][2026-04-11 12:54:20.725] Content-Type: application/json; charset=utf-8
[Fastbot][2026-04-11 12:54:20.725] Content-Length: 188
[Fastbot][2026-04-11 12:54:20.725] 
[Fastbot][2026-04-11 12:54:20.725] {"jsonrpc": "2.0", "id": 1, "method": "objInfo", "params": [{"mask": 2097152, "childOrSibling": [], "childOrSiblingSelector": [], "resourceId": "it.feio.android.omninotes.alpha:id/save"}]}
[Fastbot][2026-04-11 12:54:20.725] --> END POST (188-byte body)
[Fastbot][2026-04-11 12:54:20.753] <-- 200 OK  http://127.0.0.1:9008/jsonrpc/0 (27ms)
[Fastbot][2026-04-11 12:54:20.753] Content-Type: application/json
[Fastbot][2026-04-11 12:54:20.753] Date: Sat, 11 Apr 2026 12:54:20 GMT
[Fastbot][2026-04-11 12:54:20.753] Connection: keep-alive
[Fastbot][2026-04-11 12:54:20.753] Transfer-Encoding: chunked
[Fastbot][2026-04-11 12:54:20.801] 
[Fastbot][2026-04-11 12:54:20.801] {"jsonrpc":"2.0","id":1,"result":{"bounds":{"bottom":1450,"left":543,"right":776,"top":1321},"childCount":0,"className":"android.widget.Button","contentDescription":null,"packageName":"it.feio.android.omninotes.alpha","resourceName":"it.feio.android.omninotes.alpha:id/save","text":"OK","visibleBound...[truncated]
[Fastbot][2026-04-11 12:54:20.801] <-- END HTTP (512-byte body)
[Fastbot][2026-04-11 12:54:20.835] [Proxy Server] Detected script method: click
[Fastbot][2026-04-11 12:54:20.835] [Proxy Server] Forwarding
[Fastbot][2026-04-11 12:54:20.836] --> POST http://127.0.0.1:9008/jsonrpc/0
[Fastbot][2026-04-11 12:54:20.836] Content-Type: application/json; charset=utf-8
[Fastbot][2026-04-11 12:54:20.836] Content-Length: 73
[Fastbot][2026-04-11 12:54:20.836] 
[Fastbot][2026-04-11 12:54:20.837] {"jsonrpc": "2.0", "id": 1, "method": "click", "params": [659.5, 1385.5]}
[Fastbot][2026-04-11 12:54:20.837] --> END POST (73-byte body)
[Fastbot][2026-04-11 12:54:20.965]     // activityResuming(it.feio.android.omninotes.alpha)
[Fastbot][2026-04-11 12:54:20.966] <-- 200 OK  http://127.0.0.1:9008/jsonrpc/0 (128ms)
[Fastbot][2026-04-11 12:54:20.966] Content-Type: application/json
[Fastbot][2026-04-11 12:54:20.966] Date: Sat, 11 Apr 2026 12:54:20 GMT
[Fastbot][2026-04-11 12:54:20.966] Connection: keep-alive
[Fastbot][2026-04-11 12:54:20.966] Transfer-Encoding: chunked
[Fastbot][2026-04-11 12:54:20.967] 
[Fastbot][2026-04-11 12:54:20.967] {"jsonrpc":"2.0","id":1,"result":true}

[Fastbot][2026-04-11 12:54:20.968] <-- END HTTP (39-byte body)
[Fastbot][2026-04-11 12:54:21.484] // [Script] current activity is it.feio.android.omninotes.MainActivity
[Fastbot][2026-04-11 12:54:21.484] [Proxy Server] Forwarding
[Fastbot][2026-04-11 12:54:21.485] --> POST http://127.0.0.1:9008/jsonrpc/0
[Fastbot][2026-04-11 12:54:21.485] Content-Type: application/json; charset=utf-8
[Fastbot][2026-04-11 12:54:21.485] Content-Length: 154
[Fastbot][2026-04-11 12:54:21.485] 
[Fastbot][2026-04-11 12:54:21.485] {"jsonrpc": "2.0", "id": 1, "method": "exist", "params": [{"mask": 64, "childOrSibling": [], "childOrSiblingSelector": [], "description": "drawer open"}]}
[Fastbot][2026-04-11 12:54:21.485] --> END POST (154-byte body)
[Fastbot][2026-04-11 12:54:21.502] <-- 200 OK  http://127.0.0.1:9008/jsonrpc/0 (16ms)
[Fastbot][2026-04-11 12:54:21.502] Content-Type: application/json
[Fastbot][2026-04-11 12:54:21.502] Date: Sat, 11 Apr 2026 12:54:21 GMT
[Fastbot][2026-04-11 12:54:21.502] Connection: keep-alive
[Fastbot][2026-04-11 12:54:21.502] Transfer-Encoding: chunked
[Fastbot][2026-04-11 12:54:21.504] 
[Fastbot][2026-04-11 12:54:21.505] {"jsonrpc":"2.0","id":1,"result":true}

[Fastbot][2026-04-11 12:54:21.505] <-- END HTTP (39-byte body)
[Fastbot][2026-04-11 12:54:21.520] [Proxy Server] Forwarding
[Fastbot][2026-04-11 12:54:21.520] --> POST http://127.0.0.1:9008/jsonrpc/0
[Fastbot][2026-04-11 12:54:21.520] Content-Type: application/json; charset=utf-8
[Fastbot][2026-04-11 12:54:21.520] Content-Length: 169
[Fastbot][2026-04-11 12:54:21.520] 
[Fastbot][2026-04-11 12:54:21.521] {"jsonrpc": "2.0", "id": 1, "method": "waitForExists", "params": [{"mask": 64, "childOrSibling": [], "childOrSiblingSelector": [], "description": "drawer open"}, 20000]}
[Fastbot][2026-04-11 12:54:21.521] --> END POST (169-byte body)
[Fastbot][2026-04-11 12:54:21.532] <-- 200 OK  http://127.0.0.1:9008/jsonrpc/0 (11ms)
[Fastbot][2026-04-11 12:54:21.532] Content-Type: application/json
[Fastbot][2026-04-11 12:54:21.532] Date: Sat, 11 Apr 2026 12:54:21 GMT
[Fastbot][2026-04-11 12:54:21.532] Connection: keep-alive
[Fastbot][2026-04-11 12:54:21.532] Transfer-Encoding: chunked
[Fastbot][2026-04-11 12:54:21.580] 
[Fastbot][2026-04-11 12:54:21.580] {"jsonrpc":"2.0","id":1,"result":true}

[Fastbot][2026-04-11 12:54:21.580] <-- END HTTP (39-byte body)
[Fastbot][2026-04-11 12:54:21.595] [Proxy Server] Forwarding
[Fastbot][2026-04-11 12:54:21.596] --> POST http://127.0.0.1:9008/jsonrpc/0
[Fastbot][2026-04-11 12:54:21.596] Content-Type: application/json; charset=utf-8
[Fastbot][2026-04-11 12:54:21.596] Content-Length: 156
[Fastbot][2026-04-11 12:54:21.596] 
[Fastbot][2026-04-11 12:54:21.597] {"jsonrpc": "2.0", "id": 1, "method": "objInfo", "params": [{"mask": 64, "childOrSibling": [], "childOrSiblingSelector": [], "description": "drawer open"}]}
[Fastbot][2026-04-11 12:54:21.597] --> END POST (156-byte body)
[Fastbot][2026-04-11 12:54:21.623] <-- 200 OK  http://127.0.0.1:9008/jsonrpc/0 (25ms)
[Fastbot][2026-04-11 12:54:21.623] Content-Type: application/json
[Fastbot][2026-04-11 12:54:21.623] Date: Sat, 11 Apr 2026 12:54:21 GMT
[Fastbot][2026-04-11 12:54:21.623] Connection: keep-alive
[Fastbot][2026-04-11 12:54:21.623] Transfer-Encoding: chunked
[Fastbot][2026-04-11 12:54:21.670] 
[Fastbot][2026-04-11 12:54:21.670] {"jsonrpc":"2.0","id":1,"result":{"bounds":{"bottom":237,"left":0,"right":154,"top":83},"childCount":0,"className":"android.widget.ImageButton","contentDescription":"drawer open","packageName":"it.feio.android.omninotes.alpha","resourceName":null,"text":null,"visibleBounds":{"bottom":237,"left":0,"r...[truncated]
[Fastbot][2026-04-11 12:54:21.670] <-- END HTTP (479-byte body)
[Fastbot][2026-04-11 12:54:21.725] [Proxy Server] Detected script method: click
[Fastbot][2026-04-11 12:54:21.725] [Proxy Server] Forwarding
[Fastbot][2026-04-11 12:54:21.726] --> POST http://127.0.0.1:9008/jsonrpc/0
[Fastbot][2026-04-11 12:54:21.726] Content-Type: application/json; charset=utf-8
[Fastbot][2026-04-11 12:54:21.726] Content-Length: 71
[Fastbot][2026-04-11 12:54:21.726] 
[Fastbot][2026-04-11 12:54:21.726] {"jsonrpc": "2.0", "id": 1, "method": "click", "params": [77.0, 160.0]}
[Fastbot][2026-04-11 12:54:21.726] --> END POST (71-byte body)
[Fastbot][2026-04-11 12:54:21.870] <-- 200 OK  http://127.0.0.1:9008/jsonrpc/0 (143ms)
[Fastbot][2026-04-11 12:54:21.870] Content-Type: application/json
[Fastbot][2026-04-11 12:54:21.870] Date: Sat, 11 Apr 2026 12:54:21 GMT
[Fastbot][2026-04-11 12:54:21.870] Connection: keep-alive
[Fastbot][2026-04-11 12:54:21.870] Transfer-Encoding: chunked
[Fastbot][2026-04-11 12:54:21.871] 
[Fastbot][2026-04-11 12:54:21.871] {"jsonrpc":"2.0","id":1,"result":true}

[Fastbot][2026-04-11 12:54:21.871] <-- END HTTP (39-byte body)
[Fastbot][2026-04-11 12:54:22.387] [Proxy Server] Forwarding
[Fastbot][2026-04-11 12:54:22.387] --> POST http://127.0.0.1:9008/jsonrpc/0
[Fastbot][2026-04-11 12:54:22.387] Content-Type: application/json; charset=utf-8
[Fastbot][2026-04-11 12:54:22.388] Content-Length: 214
[Fastbot][2026-04-11 12:54:22.388] 
[Fastbot][2026-04-11 12:54:22.388] {"jsonrpc": "2.0", "id": 1, "method": "exist", "params": [{"mask": 2097153, "childOrSibling": [], "childOrSiblingSelector": [], "resourceId": "it.feio.android.omninotes.alpha:id/note_title", "text": "2Eiy9YnpZK"}]}
[Fastbot][2026-04-11 12:54:22.388] --> END POST (214-byte body)
[Fastbot][2026-04-11 12:54:22.424] <-- 200 OK  http://127.0.0.1:9008/jsonrpc/0 (35ms)
[Fastbot][2026-04-11 12:54:22.424] Content-Type: application/json
[Fastbot][2026-04-11 12:54:22.424] Date: Sat, 11 Apr 2026 12:54:22 GMT
[Fastbot][2026-04-11 12:54:22.424] Connection: keep-alive
[Fastbot][2026-04-11 12:54:22.424] Transfer-Encoding: chunked
[Fastbot][2026-04-11 12:54:22.425] 
[Fastbot][2026-04-11 12:54:22.425] {"jsonrpc":"2.0","id":1,"result":true}

[Fastbot][2026-04-11 12:54:22.425] <-- END HTTP (39-byte body)
[Fastbot][2026-04-11 12:54:22.680] --> POST http://127.0.0.1:9008/jsonrpc/0
[Fastbot][2026-04-11 12:54:22.680] Content-Type: application/json; charset=utf-8
[Fastbot][2026-04-11 12:54:22.680] Content-Length: 75
[Fastbot][2026-04-11 12:54:22.680] 
[Fastbot][2026-04-11 12:54:22.680] {"id":1,"jsonrpc":"2.0","method":"dumpWindowHierarchy","params":[false,50]}
[Fastbot][2026-04-11 12:54:22.680] --> END POST (75-byte body)
[Fastbot][2026-04-11 12:54:22.727] <-- 200 OK  http://127.0.0.1:9008/jsonrpc/0 (47ms)
[Fastbot][2026-04-11 12:54:22.728] Content-Type: application/json
[Fastbot][2026-04-11 12:54:22.728] Date: Sat, 11 Apr 2026 12:54:22 GMT
[Fastbot][2026-04-11 12:54:22.728] Connection: keep-alive
[Fastbot][2026-04-11 12:54:22.728] Transfer-Encoding: chunked
[Fastbot][2026-04-11 12:54:22.735] 
[Fastbot][2026-04-11 12:54:22.735] {"jsonrpc":"2.0","id":1,"result":"<?xml version='1.0' encoding='UTF-8' standalone='yes' ?>\r\n<hierarchy rotation=\"0\">\r\n  <node index=\"0\" text=\"\" resource-id=\"com.android.systemui:id/navigation_bar_frame\" class=\"android.widget.FrameLayout\" package=\"com.android.systemui\" content-desc=\"...[truncated]
[Fastbot][2026-04-11 12:54:22.736] <-- END HTTP (39891-byte body)
[Fastbot][2026-04-11 12:54:22.757] [ProxyServer] stepsCount: 2
[Fastbot][2026-04-11 12:54:22.757] [ProxyServer] receive request: stepMonkey
[Fastbot][2026-04-11 12:54:22.757] [MonkeySourceApeU2] stepsCount: 2
[Fastbot][2026-04-11 12:54:22.757] [MonkeySourceApeU2] Latest event is MonkeyEvent. Use the cached hierarchy.
[Fastbot][2026-04-11 12:54:22.758] [MonkeySourceApeU2] Successfully Got hierarchy
[Fastbot][2026-04-11 12:54:22.762] // Event id: 8
[Fastbot][2026-04-11 12:54:22.764] topActivity Name: ComponentInfo{it.feio.android.omninotes.alpha/it.feio.android.omninotes.MainActivity}
[Fastbot][2026-04-11 12:54:22.764] // Dumped stringOfGuiTree
[Fastbot][2026-04-11 12:54:22.764] topActivityName: it.feio.android.omninotes.MainActivity
[Fastbot][2026-04-11 12:54:22.767] action type: LONG_CLICK
[Fastbot][2026-04-11 12:54:22.767] rpc cost time: 3
[Fastbot][2026-04-11 12:54:22.768] :Sending rotation degree=0, persist=false
[Fastbot][2026-04-11 12:54:22.776] :Sending Touch (ACTION_DOWN): 0:(1078.0,179.0)
[Fastbot][2026-04-11 12:54:22.777] Wait Event for 1000 milliseconds
[Fastbot][2026-04-11 12:54:23.780] :Sending Touch (ACTION_UP): 0:(1078.0,179.0)
[Fastbot][2026-04-11 12:54:23.783] Sleeping for 238 milliseconds
[Fastbot][2026-04-11 12:54:24.023] [ProxyServer] Finish monkey step. Dumping hierarchy
[Fastbot][2026-04-11 12:54:24.024] --> POST http://127.0.0.1:9008/jsonrpc/0
[Fastbot][2026-04-11 12:54:24.024] Content-Type: application/json; charset=utf-8
[Fastbot][2026-04-11 12:54:24.024] Content-Length: 75
[Fastbot][2026-04-11 12:54:24.024] 
[Fastbot][2026-04-11 12:54:24.024] {"id":1,"jsonrpc":"2.0","method":"dumpWindowHierarchy","params":[false,50]}
[Fastbot][2026-04-11 12:54:24.024] --> END POST (75-byte body)
[Fastbot][2026-04-11 12:54:24.081] <-- 200 OK  http://127.0.0.1:9008/jsonrpc/0 (56ms)
[Fastbot][2026-04-11 12:54:24.081] Content-Type: application/json
[Fastbot][2026-04-11 12:54:24.081] Date: Sat, 11 Apr 2026 12:54:24 GMT
[Fastbot][2026-04-11 12:54:24.081] Connection: keep-alive
[Fastbot][2026-04-11 12:54:24.081] Transfer-Encoding: chunked
[Fastbot][2026-04-11 12:54:24.084] 
[Fastbot][2026-04-11 12:54:24.085] {"jsonrpc":"2.0","id":1,"result":"<?xml version='1.0' encoding='UTF-8' standalone='yes' ?>\r\n<hierarchy rotation=\"0\">\r\n  <node index=\"0\" text=\"\" resource-id=\"com.android.systemui:id/navigation_bar_frame\" class=\"android.widget.FrameLayout\" package=\"com.android.systemui\" content-desc=\"...[truncated]
[Fastbot][2026-04-11 12:54:24.085] <-- END HTTP (38434-byte body)
[Fastbot][2026-04-11 12:54:24.158] [Proxy Server] Forwarding
[Fastbot][2026-04-11 12:54:24.159] --> POST http://127.0.0.1:9008/jsonrpc/0
[Fastbot][2026-04-11 12:54:24.159] Content-Type: application/json; charset=utf-8
[Fastbot][2026-04-11 12:54:24.159] Content-Length: 154
[Fastbot][2026-04-11 12:54:24.159] 
[Fastbot][2026-04-11 12:54:24.159] {"jsonrpc": "2.0", "id": 1, "method": "exist", "params": [{"mask": 64, "childOrSibling": [], "childOrSiblingSelector": [], "description": "drawer open"}]}
[Fastbot][2026-04-11 12:54:24.160] --> END POST (154-byte body)
[Fastbot][2026-04-11 12:54:24.202] <-- 200 OK  http://127.0.0.1:9008/jsonrpc/0 (42ms)
[Fastbot][2026-04-11 12:54:24.202] Content-Type: application/json
[Fastbot][2026-04-11 12:54:24.202] Date: Sat, 11 Apr 2026 12:54:24 GMT
[Fastbot][2026-04-11 12:54:24.202] Connection: keep-alive
[Fastbot][2026-04-11 12:54:24.202] Transfer-Encoding: chunked
[Fastbot][2026-04-11 12:54:24.203] 
[Fastbot][2026-04-11 12:54:24.203] {"jsonrpc":"2.0","id":1,"result":true}

[Fastbot][2026-04-11 12:54:24.203] <-- END HTTP (39-byte body)
[Fastbot][2026-04-11 12:54:24.234] [Proxy Server] Forwarding
[Fastbot][2026-04-11 12:54:24.235] --> POST http://127.0.0.1:9008/jsonrpc/0
[Fastbot][2026-04-11 12:54:24.235] Content-Type: application/json; charset=utf-8
[Fastbot][2026-04-11 12:54:24.235] Content-Length: 169
[Fastbot][2026-04-11 12:54:24.235] 
[Fastbot][2026-04-11 12:54:24.235] {"jsonrpc": "2.0", "id": 1, "method": "waitForExists", "params": [{"mask": 64, "childOrSibling": [], "childOrSiblingSelector": [], "description": "drawer open"}, 20000]}
[Fastbot][2026-04-11 12:54:24.235] --> END POST (169-byte body)
[Fastbot][2026-04-11 12:54:24.249] <-- 200 OK  http://127.0.0.1:9008/jsonrpc/0 (13ms)
[Fastbot][2026-04-11 12:54:24.249] Content-Type: application/json
[Fastbot][2026-04-11 12:54:24.249] Date: Sat, 11 Apr 2026 12:54:24 GMT
[Fastbot][2026-04-11 12:54:24.249] Connection: keep-alive
[Fastbot][2026-04-11 12:54:24.250] Transfer-Encoding: chunked
[Fastbot][2026-04-11 12:54:24.290] 
[Fastbot][2026-04-11 12:54:24.290] {"jsonrpc":"2.0","id":1,"result":true}

[Fastbot][2026-04-11 12:54:24.290] <-- END HTTP (39-byte body)
[Fastbot][2026-04-11 12:54:24.325] [Proxy Server] Forwarding
[Fastbot][2026-04-11 12:54:24.325] --> POST http://127.0.0.1:9008/jsonrpc/0
[Fastbot][2026-04-11 12:54:24.325] Content-Type: application/json; charset=utf-8
[Fastbot][2026-04-11 12:54:24.328] Content-Length: 156
[Fastbot][2026-04-11 12:54:24.329] 
[Fastbot][2026-04-11 12:54:24.329] {"jsonrpc": "2.0", "id": 1, "method": "objInfo", "params": [{"mask": 64, "childOrSibling": [], "childOrSiblingSelector": [], "description": "drawer open"}]}
[Fastbot][2026-04-11 12:54:24.329] --> END POST (156-byte body)
[Fastbot][2026-04-11 12:54:24.361] <-- 200 OK  http://127.0.0.1:9008/jsonrpc/0 (32ms)
[Fastbot][2026-04-11 12:54:24.361] Content-Type: application/json
[Fastbot][2026-04-11 12:54:24.361] Date: Sat, 11 Apr 2026 12:54:24 GMT
[Fastbot][2026-04-11 12:54:24.361] Connection: keep-alive
[Fastbot][2026-04-11 12:54:24.362] Transfer-Encoding: chunked
[Fastbot][2026-04-11 12:54:24.363] 
[Fastbot][2026-04-11 12:54:24.363] {"jsonrpc":"2.0","id":1,"result":{"bounds":{"bottom":237,"left":0,"right":154,"top":83},"childCount":0,"className":"android.widget.ImageButton","contentDescription":"drawer open","packageName":"it.feio.android.omninotes.alpha","resourceName":null,"text":null,"visibleBounds":{"bottom":237,"left":0,"r...[truncated]
[Fastbot][2026-04-11 12:54:24.363] <-- END HTTP (479-byte body)
[Fastbot][2026-04-11 12:54:24.379] [Proxy Server] Detected script method: click
[Fastbot][2026-04-11 12:54:24.379] [Proxy Server] Forwarding
[Fastbot][2026-04-11 12:54:24.380] --> POST http://127.0.0.1:9008/jsonrpc/0
[Fastbot][2026-04-11 12:54:24.380] Content-Type: application/json; charset=utf-8
[Fastbot][2026-04-11 12:54:24.380] Content-Length: 71
[Fastbot][2026-04-11 12:54:24.381] 
[Fastbot][2026-04-11 12:54:24.381] {"jsonrpc": "2.0", "id": 1, "method": "click", "params": [77.0, 160.0]}
[Fastbot][2026-04-11 12:54:24.381] --> END POST (71-byte body)
[Fastbot][2026-04-11 12:54:24.586] <-- 200 OK  http://127.0.0.1:9008/jsonrpc/0 (204ms)
[Fastbot][2026-04-11 12:54:24.586] Content-Type: application/json
[Fastbot][2026-04-11 12:54:24.586] Date: Sat, 11 Apr 2026 12:54:24 GMT
[Fastbot][2026-04-11 12:54:24.586] Connection: keep-alive
[Fastbot][2026-04-11 12:54:24.587] Transfer-Encoding: chunked
[Fastbot][2026-04-11 12:54:24.629] 
[Fastbot][2026-04-11 12:54:24.629] {"jsonrpc":"2.0","id":1,"result":true}

[Fastbot][2026-04-11 12:54:24.629] <-- END HTTP (39-byte body)
[Fastbot][2026-04-11 12:54:25.167] [Proxy Server] Forwarding
[Fastbot][2026-04-11 12:54:25.167] --> POST http://127.0.0.1:9008/jsonrpc/0
[Fastbot][2026-04-11 12:54:25.167] Content-Type: application/json; charset=utf-8
[Fastbot][2026-04-11 12:54:25.168] Content-Length: 187
[Fastbot][2026-04-11 12:54:25.168] 
[Fastbot][2026-04-11 12:54:25.169] {"jsonrpc": "2.0", "id": 1, "method": "count", "params": [{"mask": 2097152, "childOrSibling": [], "childOrSiblingSelector": [], "resourceId": "it.feio.android.omninotes.alpha:id/count"}]}
[Fastbot][2026-04-11 12:54:25.169] --> END POST (187-byte body)
[Fastbot][2026-04-11 12:54:25.195] <-- 200 OK  http://127.0.0.1:9008/jsonrpc/0 (25ms)
[Fastbot][2026-04-11 12:54:25.195] Content-Type: application/json
[Fastbot][2026-04-11 12:54:25.195] Date: Sat, 11 Apr 2026 12:54:25 GMT
[Fastbot][2026-04-11 12:54:25.195] Connection: keep-alive
[Fastbot][2026-04-11 12:54:25.195] Transfer-Encoding: chunked
[Fastbot][2026-04-11 12:54:25.196] 
[Fastbot][2026-04-11 12:54:25.197] {"jsonrpc":"2.0","id":1,"result":2}

[Fastbot][2026-04-11 12:54:25.197] <-- END HTTP (36-byte body)
[Fastbot][2026-04-11 12:54:25.228] [Proxy Server] Forwarding
[Fastbot][2026-04-11 12:54:25.228] --> POST http://127.0.0.1:9008/jsonrpc/0
[Fastbot][2026-04-11 12:54:25.229] Content-Type: application/json; charset=utf-8
[Fastbot][2026-04-11 12:54:25.229] Content-Length: 218
[Fastbot][2026-04-11 12:54:25.229] 
[Fastbot][2026-04-11 12:54:25.229] {"jsonrpc": "2.0", "id": 1, "method": "waitForExists", "params": [{"mask": 18874368, "childOrSibling": [], "childOrSiblingSelector": [], "resourceId": "it.feio.android.omninotes.alpha:id/count", "instance": 0}, 20000]}
[Fastbot][2026-04-11 12:54:25.229] --> END POST (218-byte body)
[Fastbot][2026-04-11 12:54:25.237] <-- 200 OK  http://127.0.0.1:9008/jsonrpc/0 (7ms)
[Fastbot][2026-04-11 12:54:25.237] Content-Type: application/json
[Fastbot][2026-04-11 12:54:25.237] Date: Sat, 11 Apr 2026 12:54:25 GMT
[Fastbot][2026-04-11 12:54:25.237] Connection: keep-alive
[Fastbot][2026-04-11 12:54:25.237] Transfer-Encoding: chunked
[Fastbot][2026-04-11 12:54:25.238] 
[Fastbot][2026-04-11 12:54:25.238] {"jsonrpc":"2.0","id":1,"result":true}

[Fastbot][2026-04-11 12:54:25.238] <-- END HTTP (39-byte body)
[Fastbot][2026-04-11 12:54:25.274] [Proxy Server] Forwarding
[Fastbot][2026-04-11 12:54:25.274] --> POST http://127.0.0.1:9008/jsonrpc/0
[Fastbot][2026-04-11 12:54:25.274] Content-Type: application/json; charset=utf-8
[Fastbot][2026-04-11 12:54:25.274] Content-Length: 205
[Fastbot][2026-04-11 12:54:25.275] 
[Fastbot][2026-04-11 12:54:25.275] {"jsonrpc": "2.0", "id": 1, "method": "getText", "params": [{"mask": 18874368, "childOrSibling": [], "childOrSiblingSelector": [], "resourceId": "it.feio.android.omninotes.alpha:id/count", "instance": 0}]}
[Fastbot][2026-04-11 12:54:25.275] --> END POST (205-byte body)
[Fastbot][2026-04-11 12:54:25.283] <-- 200 OK  http://127.0.0.1:9008/jsonrpc/0 (8ms)
[Fastbot][2026-04-11 12:54:25.283] Content-Type: application/json
[Fastbot][2026-04-11 12:54:25.283] Date: Sat, 11 Apr 2026 12:54:25 GMT
[Fastbot][2026-04-11 12:54:25.283] Connection: keep-alive
[Fastbot][2026-04-11 12:54:25.283] Transfer-Encoding: chunked
[Fastbot][2026-04-11 12:54:25.284] 
[Fastbot][2026-04-11 12:54:25.285] {"jsonrpc":"2.0","id":1,"result":"0"}

[Fastbot][2026-04-11 12:54:25.285] <-- END HTTP (38-byte body)
[Fastbot][2026-04-11 12:54:25.337] [Proxy Server] Forwarding
[Fastbot][2026-04-11 12:54:25.337] --> POST http://127.0.0.1:9008/jsonrpc/0
[Fastbot][2026-04-11 12:54:25.339] Content-Type: application/json; charset=utf-8
[Fastbot][2026-04-11 12:54:25.339] Content-Length: 218
[Fastbot][2026-04-11 12:54:25.339] 
[Fastbot][2026-04-11 12:54:25.339] {"jsonrpc": "2.0", "id": 1, "method": "waitForExists", "params": [{"mask": 18874368, "childOrSibling": [], "childOrSiblingSelector": [], "resourceId": "it.feio.android.omninotes.alpha:id/count", "instance": 1}, 20000]}
[Fastbot][2026-04-11 12:54:25.339] --> END POST (218-byte body)
[Fastbot][2026-04-11 12:54:25.346] <-- 200 OK  http://127.0.0.1:9008/jsonrpc/0 (6ms)
[Fastbot][2026-04-11 12:54:25.346] Content-Type: application/json
[Fastbot][2026-04-11 12:54:25.346] Date: Sat, 11 Apr 2026 12:54:25 GMT
[Fastbot][2026-04-11 12:54:25.346] Connection: keep-alive
[Fastbot][2026-04-11 12:54:25.346] Transfer-Encoding: chunked
[Fastbot][2026-04-11 12:54:25.347] 
[Fastbot][2026-04-11 12:54:25.347] {"jsonrpc":"2.0","id":1,"result":true}

[Fastbot][2026-04-11 12:54:25.347] <-- END HTTP (39-byte body)
[Fastbot][2026-04-11 12:54:25.401] [Proxy Server] Forwarding
[Fastbot][2026-04-11 12:54:25.401] --> POST http://127.0.0.1:9008/jsonrpc/0
[Fastbot][2026-04-11 12:54:25.401] Content-Type: application/json; charset=utf-8
[Fastbot][2026-04-11 12:54:25.402] Content-Length: 205
[Fastbot][2026-04-11 12:54:25.402] 
[Fastbot][2026-04-11 12:54:25.402] {"jsonrpc": "2.0", "id": 1, "method": "getText", "params": [{"mask": 18874368, "childOrSibling": [], "childOrSiblingSelector": [], "resourceId": "it.feio.android.omninotes.alpha:id/count", "instance": 1}]}
[Fastbot][2026-04-11 12:54:25.402] --> END POST (205-byte body)
[Fastbot][2026-04-11 12:54:25.413] <-- 200 OK  http://127.0.0.1:9008/jsonrpc/0 (10ms)
[Fastbot][2026-04-11 12:54:25.413] Content-Type: application/json
[Fastbot][2026-04-11 12:54:25.413] Date: Sat, 11 Apr 2026 12:54:25 GMT
[Fastbot][2026-04-11 12:54:25.413] Connection: keep-alive
[Fastbot][2026-04-11 12:54:25.413] Transfer-Encoding: chunked
[Fastbot][2026-04-11 12:54:25.414] 
[Fastbot][2026-04-11 12:54:25.414] {"jsonrpc":"2.0","id":1,"result":"1"}

[Fastbot][2026-04-11 12:54:25.414] <-- END HTTP (38-byte body)
[Fastbot][2026-04-11 12:54:25.446] [Proxy Server] Forwarding
[Fastbot][2026-04-11 12:54:25.447] --> POST http://127.0.0.1:9008/jsonrpc/0
[Fastbot][2026-04-11 12:54:25.447] Content-Type: application/json; charset=utf-8
[Fastbot][2026-04-11 12:54:25.447] Content-Length: 187
[Fastbot][2026-04-11 12:54:25.447] 
[Fastbot][2026-04-11 12:54:25.447] {"jsonrpc": "2.0", "id": 1, "method": "count", "params": [{"mask": 2097152, "childOrSibling": [], "childOrSiblingSelector": [], "resourceId": "it.feio.android.omninotes.alpha:id/title"}]}
[Fastbot][2026-04-11 12:54:25.447] --> END POST (187-byte body)
[Fastbot][2026-04-11 12:54:25.467] <-- 200 OK  http://127.0.0.1:9008/jsonrpc/0 (19ms)
[Fastbot][2026-04-11 12:54:25.467] Content-Type: application/json
[Fastbot][2026-04-11 12:54:25.467] Date: Sat, 11 Apr 2026 12:54:25 GMT
[Fastbot][2026-04-11 12:54:25.467] Connection: keep-alive
[Fastbot][2026-04-11 12:54:25.467] Transfer-Encoding: chunked
[Fastbot][2026-04-11 12:54:25.469] 
[Fastbot][2026-04-11 12:54:25.469] {"jsonrpc":"2.0","id":1,"result":3}

[Fastbot][2026-04-11 12:54:25.469] <-- END HTTP (36-byte body)
[Fastbot][2026-04-11 12:54:25.524] [Proxy Server] Forwarding
[Fastbot][2026-04-11 12:54:25.525] --> POST http://127.0.0.1:9008/jsonrpc/0
[Fastbot][2026-04-11 12:54:25.525] Content-Type: application/json; charset=utf-8
[Fastbot][2026-04-11 12:54:25.525] Content-Length: 218
[Fastbot][2026-04-11 12:54:25.526] 
[Fastbot][2026-04-11 12:54:25.526] {"jsonrpc": "2.0", "id": 1, "method": "waitForExists", "params": [{"mask": 18874368, "childOrSibling": [], "childOrSiblingSelector": [], "resourceId": "it.feio.android.omninotes.alpha:id/title", "instance": 0}, 20000]}
[Fastbot][2026-04-11 12:54:25.526] --> END POST (218-byte body)
[Fastbot][2026-04-11 12:54:25.535] <-- 200 OK  http://127.0.0.1:9008/jsonrpc/0 (9ms)
[Fastbot][2026-04-11 12:54:25.535] Content-Type: application/json
[Fastbot][2026-04-11 12:54:25.535] Date: Sat, 11 Apr 2026 12:54:25 GMT
[Fastbot][2026-04-11 12:54:25.536] Connection: keep-alive
[Fastbot][2026-04-11 12:54:25.536] Transfer-Encoding: chunked
[Fastbot][2026-04-11 12:54:25.536] 
[Fastbot][2026-04-11 12:54:25.536] {"jsonrpc":"2.0","id":1,"result":true}

[Fastbot][2026-04-11 12:54:25.536] <-- END HTTP (39-byte body)
[Fastbot][2026-04-11 12:54:25.551] [Proxy Server] Forwarding
[Fastbot][2026-04-11 12:54:25.551] --> POST http://127.0.0.1:9008/jsonrpc/0
[Fastbot][2026-04-11 12:54:25.551] Content-Type: application/json; charset=utf-8
[Fastbot][2026-04-11 12:54:25.551] Content-Length: 205
[Fastbot][2026-04-11 12:54:25.551] 
[Fastbot][2026-04-11 12:54:25.552] {"jsonrpc": "2.0", "id": 1, "method": "getText", "params": [{"mask": 18874368, "childOrSibling": [], "childOrSiblingSelector": [], "resourceId": "it.feio.android.omninotes.alpha:id/title", "instance": 0}]}
[Fastbot][2026-04-11 12:54:25.552] --> END POST (205-byte body)
[Fastbot][2026-04-11 12:54:25.560] <-- 200 OK  http://127.0.0.1:9008/jsonrpc/0 (8ms)
[Fastbot][2026-04-11 12:54:25.561] Content-Type: application/json
[Fastbot][2026-04-11 12:54:25.561] Date: Sat, 11 Apr 2026 12:54:25 GMT
[Fastbot][2026-04-11 12:54:25.561] Connection: keep-alive
[Fastbot][2026-04-11 12:54:25.561] Transfer-Encoding: chunked
[Fastbot][2026-04-11 12:54:25.619] 
[Fastbot][2026-04-11 12:54:25.619] {"jsonrpc":"2.0","id":1,"result":"Notes"}

[Fastbot][2026-04-11 12:54:25.619] <-- END HTTP (42-byte body)
[Fastbot][2026-04-11 12:54:25.650] [Proxy Server] Forwarding
[Fastbot][2026-04-11 12:54:25.650] --> POST http://127.0.0.1:9008/jsonrpc/0
[Fastbot][2026-04-11 12:54:25.650] Content-Type: application/json; charset=utf-8
[Fastbot][2026-04-11 12:54:25.650] Content-Length: 218
[Fastbot][2026-04-11 12:54:25.650] 
[Fastbot][2026-04-11 12:54:25.650] {"jsonrpc": "2.0", "id": 1, "method": "waitForExists", "params": [{"mask": 18874368, "childOrSibling": [], "childOrSiblingSelector": [], "resourceId": "it.feio.android.omninotes.alpha:id/title", "instance": 1}, 20000]}
[Fastbot][2026-04-11 12:54:25.651] --> END POST (218-byte body)
[Fastbot][2026-04-11 12:54:25.661] <-- 200 OK  http://127.0.0.1:9008/jsonrpc/0 (9ms)
[Fastbot][2026-04-11 12:54:25.661] Content-Type: application/json
[Fastbot][2026-04-11 12:54:25.661] Date: Sat, 11 Apr 2026 12:54:25 GMT
[Fastbot][2026-04-11 12:54:25.661] Connection: keep-alive
[Fastbot][2026-04-11 12:54:25.661] Transfer-Encoding: chunked
[Fastbot][2026-04-11 12:54:25.711] 
[Fastbot][2026-04-11 12:54:25.711] {"jsonrpc":"2.0","id":1,"result":true}

[Fastbot][2026-04-11 12:54:25.711] <-- END HTTP (39-byte body)
[Fastbot][2026-04-11 12:54:25.727] [Proxy Server] Forwarding
[Fastbot][2026-04-11 12:54:25.727] --> POST http://127.0.0.1:9008/jsonrpc/0
[Fastbot][2026-04-11 12:54:25.727] Content-Type: application/json; charset=utf-8
[Fastbot][2026-04-11 12:54:25.727] Content-Length: 205
[Fastbot][2026-04-11 12:54:25.727] 
[Fastbot][2026-04-11 12:54:25.727] {"jsonrpc": "2.0", "id": 1, "method": "getText", "params": [{"mask": 18874368, "childOrSibling": [], "childOrSiblingSelector": [], "resourceId": "it.feio.android.omninotes.alpha:id/title", "instance": 1}]}
[Fastbot][2026-04-11 12:54:25.727] --> END POST (205-byte body)
[Fastbot][2026-04-11 12:54:25.735] <-- 200 OK  http://127.0.0.1:9008/jsonrpc/0 (7ms)
[Fastbot][2026-04-11 12:54:25.735] Content-Type: application/json
[Fastbot][2026-04-11 12:54:25.735] Date: Sat, 11 Apr 2026 12:54:25 GMT
[Fastbot][2026-04-11 12:54:25.735] Connection: keep-alive
[Fastbot][2026-04-11 12:54:25.735] Transfer-Encoding: chunked
[Fastbot][2026-04-11 12:54:25.780] 
[Fastbot][2026-04-11 12:54:25.780] {"jsonrpc":"2.0","id":1,"result":"WnRumb"}

[Fastbot][2026-04-11 12:54:25.780] <-- END HTTP (43-byte body)
[Fastbot][2026-04-11 12:54:25.796] [Proxy Server] Forwarding
[Fastbot][2026-04-11 12:54:25.796] --> POST http://127.0.0.1:9008/jsonrpc/0
[Fastbot][2026-04-11 12:54:25.796] Content-Type: application/json; charset=utf-8
[Fastbot][2026-04-11 12:54:25.796] Content-Length: 218
[Fastbot][2026-04-11 12:54:25.796] 
[Fastbot][2026-04-11 12:54:25.796] {"jsonrpc": "2.0", "id": 1, "method": "waitForExists", "params": [{"mask": 18874368, "childOrSibling": [], "childOrSiblingSelector": [], "resourceId": "it.feio.android.omninotes.alpha:id/title", "instance": 2}, 20000]}
[Fastbot][2026-04-11 12:54:25.796] --> END POST (218-byte body)
[Fastbot][2026-04-11 12:54:25.804] <-- 200 OK  http://127.0.0.1:9008/jsonrpc/0 (7ms)
[Fastbot][2026-04-11 12:54:25.804] Content-Type: application/json
[Fastbot][2026-04-11 12:54:25.804] Date: Sat, 11 Apr 2026 12:54:25 GMT
[Fastbot][2026-04-11 12:54:25.804] Connection: keep-alive
[Fastbot][2026-04-11 12:54:25.805] Transfer-Encoding: chunked
[Fastbot][2026-04-11 12:54:25.848] 
[Fastbot][2026-04-11 12:54:25.849] {"jsonrpc":"2.0","id":1,"result":true}

[Fastbot][2026-04-11 12:54:25.849] <-- END HTTP (39-byte body)
[Fastbot][2026-04-11 12:54:25.886] [Proxy Server] Forwarding
[Fastbot][2026-04-11 12:54:25.886] --> POST http://127.0.0.1:9008/jsonrpc/0
[Fastbot][2026-04-11 12:54:25.886] Content-Type: application/json; charset=utf-8
[Fastbot][2026-04-11 12:54:25.886] Content-Length: 205
[Fastbot][2026-04-11 12:54:25.886] 
[Fastbot][2026-04-11 12:54:25.886] {"jsonrpc": "2.0", "id": 1, "method": "getText", "params": [{"mask": 18874368, "childOrSibling": [], "childOrSiblingSelector": [], "resourceId": "it.feio.android.omninotes.alpha:id/title", "instance": 2}]}
[Fastbot][2026-04-11 12:54:25.886] --> END POST (205-byte body)
[Fastbot][2026-04-11 12:54:25.894] <-- 200 OK  http://127.0.0.1:9008/jsonrpc/0 (7ms)
[Fastbot][2026-04-11 12:54:25.894] Content-Type: application/json
[Fastbot][2026-04-11 12:54:25.894] Date: Sat, 11 Apr 2026 12:54:25 GMT
[Fastbot][2026-04-11 12:54:25.894] Connection: keep-alive
[Fastbot][2026-04-11 12:54:25.894] Transfer-Encoding: chunked
[Fastbot][2026-04-11 12:54:25.895] 
[Fastbot][2026-04-11 12:54:25.895] {"jsonrpc":"2.0","id":1,"result":"reCPsX"}

[Fastbot][2026-04-11 12:54:25.895] <-- END HTTP (43-byte body)
[Fastbot][2026-04-11 12:54:25.933] [Proxy Server] Forwarding
[Fastbot][2026-04-11 12:54:25.934] --> POST http://127.0.0.1:9008/jsonrpc/0
[Fastbot][2026-04-11 12:54:25.934] Content-Type: application/json; charset=utf-8
[Fastbot][2026-04-11 12:54:25.934] Content-Length: 187
[Fastbot][2026-04-11 12:54:25.934] 
[Fastbot][2026-04-11 12:54:25.934] {"jsonrpc": "2.0", "id": 1, "method": "count", "params": [{"mask": 2097152, "childOrSibling": [], "childOrSiblingSelector": [], "resourceId": "it.feio.android.omninotes.alpha:id/title"}]}
[Fastbot][2026-04-11 12:54:25.934] --> END POST (187-byte body)
[Fastbot][2026-04-11 12:54:25.957] <-- 200 OK  http://127.0.0.1:9008/jsonrpc/0 (22ms)
[Fastbot][2026-04-11 12:54:25.957] Content-Type: application/json
[Fastbot][2026-04-11 12:54:25.957] Date: Sat, 11 Apr 2026 12:54:25 GMT
[Fastbot][2026-04-11 12:54:25.957] Connection: keep-alive
[Fastbot][2026-04-11 12:54:25.957] Transfer-Encoding: chunked
[Fastbot][2026-04-11 12:54:25.957] 
[Fastbot][2026-04-11 12:54:25.958] {"jsonrpc":"2.0","id":1,"result":3}

[Fastbot][2026-04-11 12:54:25.958] <-- END HTTP (36-byte body)
[Fastbot][2026-04-11 12:54:25.974] [Proxy Server] Forwarding
[Fastbot][2026-04-11 12:54:25.974] --> POST http://127.0.0.1:9008/jsonrpc/0
[Fastbot][2026-04-11 12:54:25.974] Content-Type: application/json; charset=utf-8
[Fastbot][2026-04-11 12:54:25.974] Content-Length: 218
[Fastbot][2026-04-11 12:54:25.974] 
[Fastbot][2026-04-11 12:54:25.974] {"jsonrpc": "2.0", "id": 1, "method": "waitForExists", "params": [{"mask": 18874368, "childOrSibling": [], "childOrSiblingSelector": [], "resourceId": "it.feio.android.omninotes.alpha:id/title", "instance": 0}, 20000]}
[Fastbot][2026-04-11 12:54:25.974] --> END POST (218-byte body)
[Fastbot][2026-04-11 12:54:25.983] <-- 200 OK  http://127.0.0.1:9008/jsonrpc/0 (8ms)
[Fastbot][2026-04-11 12:54:25.983] Content-Type: application/json
[Fastbot][2026-04-11 12:54:25.983] Date: Sat, 11 Apr 2026 12:54:25 GMT
[Fastbot][2026-04-11 12:54:25.983] Connection: keep-alive
[Fastbot][2026-04-11 12:54:25.983] Transfer-Encoding: chunked
[Fastbot][2026-04-11 12:54:26.029] 
[Fastbot][2026-04-11 12:54:26.029] {"jsonrpc":"2.0","id":1,"result":true}

[Fastbot][2026-04-11 12:54:26.029] <-- END HTTP (39-byte body)
[Fastbot][2026-04-11 12:54:26.060] [Proxy Server] Forwarding
[Fastbot][2026-04-11 12:54:26.060] --> POST http://127.0.0.1:9008/jsonrpc/0
[Fastbot][2026-04-11 12:54:26.060] Content-Type: application/json; charset=utf-8
[Fastbot][2026-04-11 12:54:26.061] Content-Length: 205
[Fastbot][2026-04-11 12:54:26.062] 
[Fastbot][2026-04-11 12:54:26.062] {"jsonrpc": "2.0", "id": 1, "method": "getText", "params": [{"mask": 18874368, "childOrSibling": [], "childOrSiblingSelector": [], "resourceId": "it.feio.android.omninotes.alpha:id/title", "instance": 0}]}
[Fastbot][2026-04-11 12:54:26.064] --> END POST (205-byte body)
[Fastbot][2026-04-11 12:54:26.070] <-- 200 OK  http://127.0.0.1:9008/jsonrpc/0 (6ms)
[Fastbot][2026-04-11 12:54:26.071] Content-Type: application/json
[Fastbot][2026-04-11 12:54:26.071] Date: Sat, 11 Apr 2026 12:54:26 GMT
[Fastbot][2026-04-11 12:54:26.071] Connection: keep-alive
[Fastbot][2026-04-11 12:54:26.071] Transfer-Encoding: chunked
[Fastbot][2026-04-11 12:54:26.119] 
[Fastbot][2026-04-11 12:54:26.119] {"jsonrpc":"2.0","id":1,"result":"Notes"}

[Fastbot][2026-04-11 12:54:26.119] <-- END HTTP (42-byte body)
[Fastbot][2026-04-11 12:54:26.156] [Proxy Server] Forwarding
[Fastbot][2026-04-11 12:54:26.156] --> POST http://127.0.0.1:9008/jsonrpc/0
[Fastbot][2026-04-11 12:54:26.156] Content-Type: application/json; charset=utf-8
[Fastbot][2026-04-11 12:54:26.156] Content-Length: 218
[Fastbot][2026-04-11 12:54:26.157] 
[Fastbot][2026-04-11 12:54:26.157] {"jsonrpc": "2.0", "id": 1, "method": "waitForExists", "params": [{"mask": 18874368, "childOrSibling": [], "childOrSiblingSelector": [], "resourceId": "it.feio.android.omninotes.alpha:id/title", "instance": 1}, 20000]}
[Fastbot][2026-04-11 12:54:26.157] --> END POST (218-byte body)
[Fastbot][2026-04-11 12:54:26.170] <-- 200 OK  http://127.0.0.1:9008/jsonrpc/0 (12ms)
[Fastbot][2026-04-11 12:54:26.170] Content-Type: application/json
[Fastbot][2026-04-11 12:54:26.170] Date: Sat, 11 Apr 2026 12:54:26 GMT
[Fastbot][2026-04-11 12:54:26.170] Connection: keep-alive
[Fastbot][2026-04-11 12:54:26.170] Transfer-Encoding: chunked
[Fastbot][2026-04-11 12:54:26.170] 
[Fastbot][2026-04-11 12:54:26.171] {"jsonrpc":"2.0","id":1,"result":true}

[Fastbot][2026-04-11 12:54:26.171] <-- END HTTP (39-byte body)
[Fastbot][2026-04-11 12:54:26.211] [Proxy Server] Forwarding
[Fastbot][2026-04-11 12:54:26.211] --> POST http://127.0.0.1:9008/jsonrpc/0
[Fastbot][2026-04-11 12:54:26.212] Content-Type: application/json; charset=utf-8
[Fastbot][2026-04-11 12:54:26.213] Content-Length: 205
[Fastbot][2026-04-11 12:54:26.215] 
[Fastbot][2026-04-11 12:54:26.222] {"jsonrpc": "2.0", "id": 1, "method": "getText", "params": [{"mask": 18874368, "childOrSibling": [], "childOrSiblingSelector": [], "resourceId": "it.feio.android.omninotes.alpha:id/title", "instance": 1}]}
[Fastbot][2026-04-11 12:54:26.223] --> END POST (205-byte body)
[Fastbot][2026-04-11 12:54:26.237] <-- 200 OK  http://127.0.0.1:9008/jsonrpc/0 (13ms)
[Fastbot][2026-04-11 12:54:26.237] Content-Type: application/json
[Fastbot][2026-04-11 12:54:26.237] Date: Sat, 11 Apr 2026 12:54:26 GMT
[Fastbot][2026-04-11 12:54:26.237] Connection: keep-alive
[Fastbot][2026-04-11 12:54:26.237] Transfer-Encoding: chunked
[Fastbot][2026-04-11 12:54:26.238] 
[Fastbot][2026-04-11 12:54:26.239] {"jsonrpc":"2.0","id":1,"result":"WnRumb"}

[Fastbot][2026-04-11 12:54:26.239] <-- END HTTP (43-byte body)
[Fastbot][2026-04-11 12:54:26.267] [Proxy Server] Forwarding
[Fastbot][2026-04-11 12:54:26.267] --> POST http://127.0.0.1:9008/jsonrpc/0
[Fastbot][2026-04-11 12:54:26.267] Content-Type: application/json; charset=utf-8
[Fastbot][2026-04-11 12:54:26.267] Content-Length: 218
[Fastbot][2026-04-11 12:54:26.268] 
[Fastbot][2026-04-11 12:54:26.268] {"jsonrpc": "2.0", "id": 1, "method": "waitForExists", "params": [{"mask": 18874368, "childOrSibling": [], "childOrSiblingSelector": [], "resourceId": "it.feio.android.omninotes.alpha:id/title", "instance": 2}, 20000]}
[Fastbot][2026-04-11 12:54:26.268] --> END POST (218-byte body)
[Fastbot][2026-04-11 12:54:26.286] <-- 200 OK  http://127.0.0.1:9008/jsonrpc/0 (17ms)
[Fastbot][2026-04-11 12:54:26.286] Content-Type: application/json
[Fastbot][2026-04-11 12:54:26.286] Date: Sat, 11 Apr 2026 12:54:26 GMT
[Fastbot][2026-04-11 12:54:26.286] Connection: keep-alive
[Fastbot][2026-04-11 12:54:26.286] Transfer-Encoding: chunked
[Fastbot][2026-04-11 12:54:26.288] 
[Fastbot][2026-04-11 12:54:26.288] {"jsonrpc":"2.0","id":1,"result":true}

[Fastbot][2026-04-11 12:54:26.288] <-- END HTTP (39-byte body)
[Fastbot][2026-04-11 12:54:26.330] [Proxy Server] Forwarding
[Fastbot][2026-04-11 12:54:26.330] --> POST http://127.0.0.1:9008/jsonrpc/0
[Fastbot][2026-04-11 12:54:26.330] Content-Type: application/json; charset=utf-8
[Fastbot][2026-04-11 12:54:26.330] Content-Length: 205
[Fastbot][2026-04-11 12:54:26.330] 
[Fastbot][2026-04-11 12:54:26.330] {"jsonrpc": "2.0", "id": 1, "method": "getText", "params": [{"mask": 18874368, "childOrSibling": [], "childOrSiblingSelector": [], "resourceId": "it.feio.android.omninotes.alpha:id/title", "instance": 2}]}
[Fastbot][2026-04-11 12:54:26.330] --> END POST (205-byte body)
[Fastbot][2026-04-11 12:54:26.352] <-- 200 OK  http://127.0.0.1:9008/jsonrpc/0 (20ms)
[Fastbot][2026-04-11 12:54:26.352] Content-Type: application/json
[Fastbot][2026-04-11 12:54:26.352] Date: Sat, 11 Apr 2026 12:54:26 GMT
[Fastbot][2026-04-11 12:54:26.352] Connection: keep-alive
[Fastbot][2026-04-11 12:54:26.353] Transfer-Encoding: chunked
[Fastbot][2026-04-11 12:54:26.353] 
[Fastbot][2026-04-11 12:54:26.353] {"jsonrpc":"2.0","id":1,"result":"reCPsX"}

[Fastbot][2026-04-11 12:54:26.354] <-- END HTTP (43-byte body)
[Fastbot][2026-04-11 12:54:26.391] [Proxy Server] Forwarding
[Fastbot][2026-04-11 12:54:26.391] --> POST http://127.0.0.1:9008/jsonrpc/0
[Fastbot][2026-04-11 12:54:26.391] Content-Type: application/json; charset=utf-8
[Fastbot][2026-04-11 12:54:26.391] Content-Length: 220
[Fastbot][2026-04-11 12:54:26.391] 
[Fastbot][2026-04-11 12:54:26.391] {"jsonrpc": "2.0", "id": 1, "method": "waitForExists", "params": [{"mask": 2097153, "childOrSibling": [], "childOrSiblingSelector": [], "resourceId": "it.feio.android.omninotes.alpha:id/title", "text": "WnRumb"}, 20000]}
[Fastbot][2026-04-11 12:54:26.392] --> END POST (220-byte body)
[Fastbot][2026-04-11 12:54:26.434] <-- 200 OK  http://127.0.0.1:9008/jsonrpc/0 (42ms)
[Fastbot][2026-04-11 12:54:26.435] Content-Type: application/json
[Fastbot][2026-04-11 12:54:26.435] Date: Sat, 11 Apr 2026 12:54:26 GMT
[Fastbot][2026-04-11 12:54:26.435] Connection: keep-alive
[Fastbot][2026-04-11 12:54:26.435] Transfer-Encoding: chunked
[Fastbot][2026-04-11 12:54:26.436] 
[Fastbot][2026-04-11 12:54:26.436] {"jsonrpc":"2.0","id":1,"result":true}

[Fastbot][2026-04-11 12:54:26.436] <-- END HTTP (39-byte body)
[Fastbot][2026-04-11 12:54:26.451] [Proxy Server] Forwarding
[Fastbot][2026-04-11 12:54:26.451] --> POST http://127.0.0.1:9008/jsonrpc/0
[Fastbot][2026-04-11 12:54:26.451] Content-Type: application/json; charset=utf-8
[Fastbot][2026-04-11 12:54:26.451] Content-Length: 207
[Fastbot][2026-04-11 12:54:26.451] 
[Fastbot][2026-04-11 12:54:26.452] {"jsonrpc": "2.0", "id": 1, "method": "objInfo", "params": [{"mask": 2097153, "childOrSibling": [], "childOrSiblingSelector": [], "resourceId": "it.feio.android.omninotes.alpha:id/title", "text": "WnRumb"}]}
[Fastbot][2026-04-11 12:54:26.452] --> END POST (207-byte body)
[Fastbot][2026-04-11 12:54:26.483] <-- 200 OK  http://127.0.0.1:9008/jsonrpc/0 (31ms)
[Fastbot][2026-04-11 12:54:26.483] Content-Type: application/json
[Fastbot][2026-04-11 12:54:26.483] Date: Sat, 11 Apr 2026 12:54:26 GMT
[Fastbot][2026-04-11 12:54:26.483] Connection: keep-alive
[Fastbot][2026-04-11 12:54:26.484] Transfer-Encoding: chunked
[Fastbot][2026-04-11 12:54:26.530] 
[Fastbot][2026-04-11 12:54:26.530] {"jsonrpc":"2.0","id":1,"result":{"bounds":{"bottom":705,"left":121,"right":737,"top":573},"childCount":0,"className":"android.widget.TextView","contentDescription":null,"packageName":"it.feio.android.omninotes.alpha","resourceName":"it.feio.android.omninotes.alpha:id/title","text":"WnRumb","visible...[truncated]
[Fastbot][2026-04-11 12:54:26.530] <-- END HTTP (517-byte body)
[Fastbot][2026-04-11 12:54:26.578] [Proxy Server] Detected script method: click
[Fastbot][2026-04-11 12:54:26.578] [Proxy Server] Forwarding
[Fastbot][2026-04-11 12:54:26.579] --> POST http://127.0.0.1:9008/jsonrpc/0
[Fastbot][2026-04-11 12:54:26.579] Content-Type: application/json; charset=utf-8
[Fastbot][2026-04-11 12:54:26.579] Content-Length: 78
[Fastbot][2026-04-11 12:54:26.579] 
[Fastbot][2026-04-11 12:54:26.579] {"jsonrpc": "2.0", "id": 1, "method": "click", "params": [429.0, 639.0, 1500]}
[Fastbot][2026-04-11 12:54:26.579] --> END POST (78-byte body)
[Fastbot][2026-04-11 12:54:27.104] // the top activity is it.feio.android.omninotes.CategoryActivity, phone capture activity is com.android.camera.CaptureActivity
[Fastbot][2026-04-11 12:54:27.104]     // Allowing start of Intent { cmp=it.feio.android.omninotes.alpha/it.feio.android.omninotes.CategoryActivity } in package it.feio.android.omninotes.alpha
[Fastbot][2026-04-11 12:54:28.122] <-- 200 OK  http://127.0.0.1:9008/jsonrpc/0 (1542ms)
[Fastbot][2026-04-11 12:54:28.122] Content-Type: application/json
[Fastbot][2026-04-11 12:54:28.122] Date: Sat, 11 Apr 2026 12:54:28 GMT
[Fastbot][2026-04-11 12:54:28.122] Connection: keep-alive
[Fastbot][2026-04-11 12:54:28.122] Transfer-Encoding: chunked
[Fastbot][2026-04-11 12:54:28.122] 
[Fastbot][2026-04-11 12:54:28.122] {"jsonrpc":"2.0","id":1,"result":true}

[Fastbot][2026-04-11 12:54:28.123] <-- END HTTP (39-byte body)
[Fastbot][2026-04-11 12:54:28.661] // [Script] current activity is it.feio.android.omninotes.CategoryActivity
[Fastbot][2026-04-11 12:54:28.661] [Proxy Server] Forwarding
[Fastbot][2026-04-11 12:54:28.662] --> POST http://127.0.0.1:9008/jsonrpc/0
[Fastbot][2026-04-11 12:54:28.662] Content-Type: application/json; charset=utf-8
[Fastbot][2026-04-11 12:54:28.662] Content-Length: 221
[Fastbot][2026-04-11 12:54:28.662] 
[Fastbot][2026-04-11 12:54:28.662] {"jsonrpc": "2.0", "id": 1, "method": "waitForExists", "params": [{"mask": 2097153, "childOrSibling": [], "childOrSiblingSelector": [], "resourceId": "it.feio.android.omninotes.alpha:id/delete", "text": "DELETE"}, 20000]}
[Fastbot][2026-04-11 12:54:28.662] --> END POST (221-byte body)
[Fastbot][2026-04-11 12:54:28.673] <-- 200 OK  http://127.0.0.1:9008/jsonrpc/0 (10ms)
[Fastbot][2026-04-11 12:54:28.673] Content-Type: application/json
[Fastbot][2026-04-11 12:54:28.673] Date: Sat, 11 Apr 2026 12:54:28 GMT
[Fastbot][2026-04-11 12:54:28.673] Connection: keep-alive
[Fastbot][2026-04-11 12:54:28.673] Transfer-Encoding: chunked
[Fastbot][2026-04-11 12:54:28.674] 
[Fastbot][2026-04-11 12:54:28.674] {"jsonrpc":"2.0","id":1,"result":true}

[Fastbot][2026-04-11 12:54:28.674] <-- END HTTP (39-byte body)
[Fastbot][2026-04-11 12:54:28.709] [Proxy Server] Forwarding
[Fastbot][2026-04-11 12:54:28.709] --> POST http://127.0.0.1:9008/jsonrpc/0
[Fastbot][2026-04-11 12:54:28.710] Content-Type: application/json; charset=utf-8
[Fastbot][2026-04-11 12:54:28.710] Content-Length: 208
[Fastbot][2026-04-11 12:54:28.710] 
[Fastbot][2026-04-11 12:54:28.710] {"jsonrpc": "2.0", "id": 1, "method": "objInfo", "params": [{"mask": 2097153, "childOrSibling": [], "childOrSiblingSelector": [], "resourceId": "it.feio.android.omninotes.alpha:id/delete", "text": "DELETE"}]}
[Fastbot][2026-04-11 12:54:28.710] --> END POST (208-byte body)
[Fastbot][2026-04-11 12:54:28.735] <-- 200 OK  http://127.0.0.1:9008/jsonrpc/0 (24ms)
[Fastbot][2026-04-11 12:54:28.735] Content-Type: application/json
[Fastbot][2026-04-11 12:54:28.735] Date: Sat, 11 Apr 2026 12:54:28 GMT
[Fastbot][2026-04-11 12:54:28.735] Connection: keep-alive
[Fastbot][2026-04-11 12:54:28.735] Transfer-Encoding: chunked
[Fastbot][2026-04-11 12:54:28.735] 
[Fastbot][2026-04-11 12:54:28.735] {"jsonrpc":"2.0","id":1,"result":{"bounds":{"bottom":1450,"left":301,"right":543,"top":1321},"childCount":0,"className":"android.widget.Button","contentDescription":null,"packageName":"it.feio.android.omninotes.alpha","resourceName":"it.feio.android.omninotes.alpha:id/delete","text":"DELETE","visibl...[truncated]
[Fastbot][2026-04-11 12:54:28.735] <-- END HTTP (518-byte body)
[Fastbot][2026-04-11 12:54:28.751] [Proxy Server] Detected script method: click
[Fastbot][2026-04-11 12:54:28.751] [Proxy Server] Forwarding
[Fastbot][2026-04-11 12:54:28.752] --> POST http://127.0.0.1:9008/jsonrpc/0
[Fastbot][2026-04-11 12:54:28.752] Content-Type: application/json; charset=utf-8
[Fastbot][2026-04-11 12:54:28.752] Content-Length: 73
[Fastbot][2026-04-11 12:54:28.753] 
[Fastbot][2026-04-11 12:54:28.753] {"jsonrpc": "2.0", "id": 1, "method": "click", "params": [422.0, 1385.5]}
[Fastbot][2026-04-11 12:54:28.753] --> END POST (73-byte body)
[Fastbot][2026-04-11 12:54:28.882] <-- 200 OK  http://127.0.0.1:9008/jsonrpc/0 (128ms)
[Fastbot][2026-04-11 12:54:28.882] Content-Type: application/json
[Fastbot][2026-04-11 12:54:28.882] Date: Sat, 11 Apr 2026 12:54:28 GMT
[Fastbot][2026-04-11 12:54:28.882] Connection: keep-alive
[Fastbot][2026-04-11 12:54:28.882] Transfer-Encoding: chunked
[Fastbot][2026-04-11 12:54:28.931] 
[Fastbot][2026-04-11 12:54:28.931] {"jsonrpc":"2.0","id":1,"result":true}

[Fastbot][2026-04-11 12:54:28.931] <-- END HTTP (39-byte body)
[Fastbot][2026-04-11 12:54:29.448] [Proxy Server] Forwarding
[Fastbot][2026-04-11 12:54:29.449] --> POST http://127.0.0.1:9008/jsonrpc/0
[Fastbot][2026-04-11 12:54:29.449] Content-Type: application/json; charset=utf-8
[Fastbot][2026-04-11 12:54:29.449] Content-Length: 220
[Fastbot][2026-04-11 12:54:29.449] 
[Fastbot][2026-04-11 12:54:29.449] {"jsonrpc": "2.0", "id": 1, "method": "exist", "params": [{"mask": 2097153, "childOrSibling": [], "childOrSiblingSelector": [], "resourceId": "it.feio.android.omninotes.alpha:id/md_buttonDefaultPositive", "text": "OK"}]}
[Fastbot][2026-04-11 12:54:29.450] --> END POST (220-byte body)
[Fastbot][2026-04-11 12:54:29.465] <-- 200 OK  http://127.0.0.1:9008/jsonrpc/0 (15ms)
[Fastbot][2026-04-11 12:54:29.465] Content-Type: application/json
[Fastbot][2026-04-11 12:54:29.465] Date: Sat, 11 Apr 2026 12:54:29 GMT
[Fastbot][2026-04-11 12:54:29.465] Connection: keep-alive
[Fastbot][2026-04-11 12:54:29.465] Transfer-Encoding: chunked
[Fastbot][2026-04-11 12:54:29.466] 
[Fastbot][2026-04-11 12:54:29.466] {"jsonrpc":"2.0","id":1,"result":false}

[Fastbot][2026-04-11 12:54:29.466] <-- END HTTP (40-byte body)
[Fastbot][2026-04-11 12:54:29.492] [Proxy Server] Detected script method: pressKey
[Fastbot][2026-04-11 12:54:29.492] [Proxy Server] Forwarding
[Fastbot][2026-04-11 12:54:29.493] --> POST http://127.0.0.1:9008/jsonrpc/0
[Fastbot][2026-04-11 12:54:29.493] Content-Type: application/json; charset=utf-8
[Fastbot][2026-04-11 12:54:29.493] Content-Length: 69
[Fastbot][2026-04-11 12:54:29.493] 
[Fastbot][2026-04-11 12:54:29.493] {"jsonrpc": "2.0", "id": 1, "method": "pressKey", "params": ["back"]}
[Fastbot][2026-04-11 12:54:29.493] --> END POST (69-byte body)
[Fastbot][2026-04-11 12:54:30.698] <-- 200 OK  http://127.0.0.1:9008/jsonrpc/0 (1205ms)
[Fastbot][2026-04-11 12:54:30.699] Content-Type: application/json
[Fastbot][2026-04-11 12:54:30.699] Date: Sat, 11 Apr 2026 12:54:30 GMT
[Fastbot][2026-04-11 12:54:30.699] Connection: keep-alive
[Fastbot][2026-04-11 12:54:30.699] Transfer-Encoding: chunked
[Fastbot][2026-04-11 12:54:30.739] 
[Fastbot][2026-04-11 12:54:30.739] {"jsonrpc":"2.0","id":1,"result":false}

[Fastbot][2026-04-11 12:54:30.739] <-- END HTTP (40-byte body)
[Fastbot][2026-04-11 12:54:31.277] [Proxy Server] Detected script method: pressKey
[Fastbot][2026-04-11 12:54:31.277] [Proxy Server] Forwarding
[Fastbot][2026-04-11 12:54:31.277] --> POST http://127.0.0.1:9008/jsonrpc/0
[Fastbot][2026-04-11 12:54:31.278] Content-Type: application/json; charset=utf-8
[Fastbot][2026-04-11 12:54:31.278] Content-Length: 69
[Fastbot][2026-04-11 12:54:31.278] 
[Fastbot][2026-04-11 12:54:31.278] {"jsonrpc": "2.0", "id": 1, "method": "pressKey", "params": ["back"]}
[Fastbot][2026-04-11 12:54:31.278] --> END POST (69-byte body)
[Fastbot][2026-04-11 12:54:31.301]     // activityResuming(it.feio.android.omninotes.alpha)
[Fastbot][2026-04-11 12:54:32.567] <-- 200 OK  http://127.0.0.1:9008/jsonrpc/0 (1288ms)
[Fastbot][2026-04-11 12:54:32.567] Content-Type: application/json
[Fastbot][2026-04-11 12:54:32.567] Date: Sat, 11 Apr 2026 12:54:32 GMT
[Fastbot][2026-04-11 12:54:32.568] Connection: keep-alive
[Fastbot][2026-04-11 12:54:32.568] Transfer-Encoding: chunked
[Fastbot][2026-04-11 12:54:32.568] 
[Fastbot][2026-04-11 12:54:32.568] {"jsonrpc":"2.0","id":1,"result":false}

[Fastbot][2026-04-11 12:54:32.568] <-- END HTTP (40-byte body)
[Fastbot][2026-04-11 12:54:33.085] // [Script] current activity is it.feio.android.omninotes.MainActivity
[Fastbot][2026-04-11 12:54:33.085] [Proxy Server] Detected script method: pressKey
[Fastbot][2026-04-11 12:54:33.085] [Proxy Server] Forwarding
[Fastbot][2026-04-11 12:54:33.086] --> POST http://127.0.0.1:9008/jsonrpc/0
[Fastbot][2026-04-11 12:54:33.086] Content-Type: application/json; charset=utf-8
[Fastbot][2026-04-11 12:54:33.086] Content-Length: 69
[Fastbot][2026-04-11 12:54:33.086] 
[Fastbot][2026-04-11 12:54:33.086] {"jsonrpc": "2.0", "id": 1, "method": "pressKey", "params": ["back"]}
[Fastbot][2026-04-11 12:54:33.086] --> END POST (69-byte body)
[Fastbot][2026-04-11 12:54:33.124] <-- 200 OK  http://127.0.0.1:9008/jsonrpc/0 (37ms)
[Fastbot][2026-04-11 12:54:33.124] Content-Type: application/json
[Fastbot][2026-04-11 12:54:33.124] Date: Sat, 11 Apr 2026 12:54:33 GMT
[Fastbot][2026-04-11 12:54:33.124] Connection: keep-alive
[Fastbot][2026-04-11 12:54:33.125] Transfer-Encoding: chunked
[Fastbot][2026-04-11 12:54:33.125] 
[Fastbot][2026-04-11 12:54:33.125] {"jsonrpc":"2.0","id":1,"result":true}

[Fastbot][2026-04-11 12:54:33.125] <-- END HTTP (39-byte body)
[Fastbot][2026-04-11 12:54:33.879] --> POST http://127.0.0.1:9008/jsonrpc/0
[Fastbot][2026-04-11 12:54:33.879] Content-Type: application/json; charset=utf-8
[Fastbot][2026-04-11 12:54:33.879] Content-Length: 75
[Fastbot][2026-04-11 12:54:33.879] 
[Fastbot][2026-04-11 12:54:33.880] {"id":1,"jsonrpc":"2.0","method":"dumpWindowHierarchy","params":[false,50]}
[Fastbot][2026-04-11 12:54:33.880] --> END POST (75-byte body)
[Fastbot][2026-04-11 12:54:33.905] <-- 200 OK  http://127.0.0.1:9008/jsonrpc/0 (25ms)
[Fastbot][2026-04-11 12:54:33.905] Content-Type: application/json
[Fastbot][2026-04-11 12:54:33.905] Date: Sat, 11 Apr 2026 12:54:33 GMT
[Fastbot][2026-04-11 12:54:33.905] Connection: keep-alive
[Fastbot][2026-04-11 12:54:33.905] Transfer-Encoding: chunked
[Fastbot][2026-04-11 12:54:33.907] 
[Fastbot][2026-04-11 12:54:33.907] {"jsonrpc":"2.0","id":1,"result":"<?xml version='1.0' encoding='UTF-8' standalone='yes' ?>\r\n<hierarchy rotation=\"0\">\r\n  <node index=\"0\" text=\"\" resource-id=\"com.android.systemui:id/navigation_bar_frame\" class=\"android.widget.FrameLayout\" package=\"com.android.systemui\" content-desc=\"...[truncated]
[Fastbot][2026-04-11 12:54:33.907] <-- END HTTP (38434-byte body)
[Fastbot][2026-04-11 12:54:33.940] [Proxy Server] Forwarding
[Fastbot][2026-04-11 12:54:33.940] --> POST http://127.0.0.1:9008/jsonrpc/0
[Fastbot][2026-04-11 12:54:33.940] Content-Type: application/json; charset=utf-8
[Fastbot][2026-04-11 12:54:33.941] Content-Length: 199
[Fastbot][2026-04-11 12:54:33.941] 
[Fastbot][2026-04-11 12:54:33.941] {"jsonrpc": "2.0", "id": 1, "method": "exist", "params": [{"mask": 80, "childOrSibling": [], "childOrSiblingSelector": [], "className": "android.widget.ImageButton", "description": "drawer closed"}]}
[Fastbot][2026-04-11 12:54:33.941] --> END POST (199-byte body)
[Fastbot][2026-04-11 12:54:33.954] <-- 200 OK  http://127.0.0.1:9008/jsonrpc/0 (12ms)
[Fastbot][2026-04-11 12:54:33.954] Content-Type: application/json
[Fastbot][2026-04-11 12:54:33.955] Date: Sat, 11 Apr 2026 12:54:33 GMT
[Fastbot][2026-04-11 12:54:33.955] Connection: keep-alive
[Fastbot][2026-04-11 12:54:33.955] Transfer-Encoding: chunked
[Fastbot][2026-04-11 12:54:33.955] 
[Fastbot][2026-04-11 12:54:33.956] {"jsonrpc":"2.0","id":1,"result":false}

[Fastbot][2026-04-11 12:54:33.956] <-- END HTTP (40-byte body)
[Fastbot][2026-04-11 12:54:33.996] [Proxy Server] Forwarding
[Fastbot][2026-04-11 12:54:33.997] --> POST http://127.0.0.1:9008/jsonrpc/0
[Fastbot][2026-04-11 12:54:33.997] Content-Type: application/json; charset=utf-8
[Fastbot][2026-04-11 12:54:33.997] Content-Length: 197
[Fastbot][2026-04-11 12:54:33.997] 
[Fastbot][2026-04-11 12:54:33.997] {"jsonrpc": "2.0", "id": 1, "method": "exist", "params": [{"mask": 80, "childOrSibling": [], "childOrSiblingSelector": [], "className": "android.widget.ImageButton", "description": "drawer open"}]}
[Fastbot][2026-04-11 12:54:33.998] --> END POST (197-byte body)
[Fastbot][2026-04-11 12:54:34.012] <-- 200 OK  http://127.0.0.1:9008/jsonrpc/0 (14ms)
[Fastbot][2026-04-11 12:54:34.012] Content-Type: application/json
[Fastbot][2026-04-11 12:54:34.012] Date: Sat, 11 Apr 2026 12:54:34 GMT
[Fastbot][2026-04-11 12:54:34.012] Connection: keep-alive
[Fastbot][2026-04-11 12:54:34.012] Transfer-Encoding: chunked
[Fastbot][2026-04-11 12:54:34.014] 
[Fastbot][2026-04-11 12:54:34.014] {"jsonrpc":"2.0","id":1,"result":true}

[Fastbot][2026-04-11 12:54:34.014] <-- END HTTP (39-byte body)
[Fastbot][2026-04-11 12:54:34.044] [Proxy Server] Forwarding
[Fastbot][2026-04-11 12:54:34.045] --> POST http://127.0.0.1:9008/jsonrpc/0
[Fastbot][2026-04-11 12:54:34.045] Content-Type: application/json; charset=utf-8
[Fastbot][2026-04-11 12:54:34.045] Content-Length: 212
[Fastbot][2026-04-11 12:54:34.045] 
[Fastbot][2026-04-11 12:54:34.045] {"jsonrpc": "2.0", "id": 1, "method": "waitForExists", "params": [{"mask": 80, "childOrSibling": [], "childOrSiblingSelector": [], "className": "android.widget.ImageButton", "description": "drawer open"}, 20000]}
[Fastbot][2026-04-11 12:54:34.046] --> END POST (212-byte body)
[Fastbot][2026-04-11 12:54:34.058] <-- 200 OK  http://127.0.0.1:9008/jsonrpc/0 (12ms)
[Fastbot][2026-04-11 12:54:34.058] Content-Type: application/json
[Fastbot][2026-04-11 12:54:34.058] Date: Sat, 11 Apr 2026 12:54:34 GMT
[Fastbot][2026-04-11 12:54:34.058] Connection: keep-alive
[Fastbot][2026-04-11 12:54:34.058] Transfer-Encoding: chunked
[Fastbot][2026-04-11 12:54:34.059] 
[Fastbot][2026-04-11 12:54:34.059] {"jsonrpc":"2.0","id":1,"result":true}

[Fastbot][2026-04-11 12:54:34.059] <-- END HTTP (39-byte body)
[Fastbot][2026-04-11 12:54:34.075] [Proxy Server] Forwarding
[Fastbot][2026-04-11 12:54:34.075] --> POST http://127.0.0.1:9008/jsonrpc/0
[Fastbot][2026-04-11 12:54:34.075] Content-Type: application/json; charset=utf-8
[Fastbot][2026-04-11 12:54:34.075] Content-Length: 199
[Fastbot][2026-04-11 12:54:34.075] 
[Fastbot][2026-04-11 12:54:34.075] {"jsonrpc": "2.0", "id": 1, "method": "objInfo", "params": [{"mask": 80, "childOrSibling": [], "childOrSiblingSelector": [], "className": "android.widget.ImageButton", "description": "drawer open"}]}
[Fastbot][2026-04-11 12:54:34.075] --> END POST (199-byte body)
[Fastbot][2026-04-11 12:54:34.103] <-- 200 OK  http://127.0.0.1:9008/jsonrpc/0 (27ms)
[Fastbot][2026-04-11 12:54:34.103] Content-Type: application/json
[Fastbot][2026-04-11 12:54:34.103] Date: Sat, 11 Apr 2026 12:54:34 GMT
[Fastbot][2026-04-11 12:54:34.103] Connection: keep-alive
[Fastbot][2026-04-11 12:54:34.103] Transfer-Encoding: chunked
[Fastbot][2026-04-11 12:54:34.150] 
[Fastbot][2026-04-11 12:54:34.150] {"jsonrpc":"2.0","id":1,"result":{"bounds":{"bottom":237,"left":0,"right":154,"top":83},"childCount":0,"className":"android.widget.ImageButton","contentDescription":"drawer open","packageName":"it.feio.android.omninotes.alpha","resourceName":null,"text":null,"visibleBounds":{"bottom":237,"left":0,"r...[truncated]
[Fastbot][2026-04-11 12:54:34.150] <-- END HTTP (479-byte body)
[Fastbot][2026-04-11 12:54:34.182] [Proxy Server] Detected script method: click
[Fastbot][2026-04-11 12:54:34.183] [Proxy Server] Forwarding
[Fastbot][2026-04-11 12:54:34.183] --> POST http://127.0.0.1:9008/jsonrpc/0
[Fastbot][2026-04-11 12:54:34.183] Content-Type: application/json; charset=utf-8
[Fastbot][2026-04-11 12:54:34.184] Content-Length: 71
[Fastbot][2026-04-11 12:54:34.184] 
[Fastbot][2026-04-11 12:54:34.184] {"jsonrpc": "2.0", "id": 1, "method": "click", "params": [77.0, 160.0]}
[Fastbot][2026-04-11 12:54:34.184] --> END POST (71-byte body)
[Fastbot][2026-04-11 12:54:34.317] <-- 200 OK  http://127.0.0.1:9008/jsonrpc/0 (133ms)
[Fastbot][2026-04-11 12:54:34.317] Content-Type: application/json
[Fastbot][2026-04-11 12:54:34.317] Date: Sat, 11 Apr 2026 12:54:34 GMT
[Fastbot][2026-04-11 12:54:34.318] Connection: keep-alive
[Fastbot][2026-04-11 12:54:34.318] Transfer-Encoding: chunked
[Fastbot][2026-04-11 12:54:34.359] 
[Fastbot][2026-04-11 12:54:34.359] {"jsonrpc":"2.0","id":1,"result":true}

[Fastbot][2026-04-11 12:54:34.359] <-- END HTTP (39-byte body)
[Fastbot][2026-04-11 12:54:34.890] [Proxy Server] Forwarding
[Fastbot][2026-04-11 12:54:34.891] --> POST http://127.0.0.1:9008/jsonrpc/0
[Fastbot][2026-04-11 12:54:34.891] Content-Type: application/json; charset=utf-8
[Fastbot][2026-04-11 12:54:34.891] Content-Length: 225
[Fastbot][2026-04-11 12:54:34.891] 
[Fastbot][2026-04-11 12:54:34.891] {"jsonrpc": "2.0", "id": 1, "method": "waitForExists", "params": [{"mask": 2097153, "childOrSibling": [], "childOrSiblingSelector": [], "resourceId": "it.feio.android.omninotes.alpha:id/settings", "text": "Settings"}, 20000]}
[Fastbot][2026-04-11 12:54:34.892] --> END POST (225-byte body)
[Fastbot][2026-04-11 12:54:34.914] <-- 200 OK  http://127.0.0.1:9008/jsonrpc/0 (22ms)
[Fastbot][2026-04-11 12:54:34.914] Content-Type: application/json
[Fastbot][2026-04-11 12:54:34.914] Date: Sat, 11 Apr 2026 12:54:34 GMT
[Fastbot][2026-04-11 12:54:34.915] Connection: keep-alive
[Fastbot][2026-04-11 12:54:34.915] Transfer-Encoding: chunked
[Fastbot][2026-04-11 12:54:34.915] 
[Fastbot][2026-04-11 12:54:34.915] {"jsonrpc":"2.0","id":1,"result":true}

[Fastbot][2026-04-11 12:54:34.916] <-- END HTTP (39-byte body)
[Fastbot][2026-04-11 12:54:34.933] [Proxy Server] Forwarding
[Fastbot][2026-04-11 12:54:34.934] --> POST http://127.0.0.1:9008/jsonrpc/0
[Fastbot][2026-04-11 12:54:34.934] Content-Type: application/json; charset=utf-8
[Fastbot][2026-04-11 12:54:34.934] Content-Length: 212
[Fastbot][2026-04-11 12:54:34.934] 
[Fastbot][2026-04-11 12:54:34.935] {"jsonrpc": "2.0", "id": 1, "method": "objInfo", "params": [{"mask": 2097153, "childOrSibling": [], "childOrSiblingSelector": [], "resourceId": "it.feio.android.omninotes.alpha:id/settings", "text": "Settings"}]}
[Fastbot][2026-04-11 12:54:34.935] --> END POST (212-byte body)
[Fastbot][2026-04-11 12:54:34.966] <-- 200 OK  http://127.0.0.1:9008/jsonrpc/0 (31ms)
[Fastbot][2026-04-11 12:54:34.966] Content-Type: application/json
[Fastbot][2026-04-11 12:54:34.967] Date: Sat, 11 Apr 2026 12:54:34 GMT
[Fastbot][2026-04-11 12:54:34.967] Connection: keep-alive
[Fastbot][2026-04-11 12:54:34.967] Transfer-Encoding: chunked
[Fastbot][2026-04-11 12:54:35.019] 
[Fastbot][2026-04-11 12:54:35.020] {"jsonrpc":"2.0","id":1,"result":{"bounds":{"bottom":967,"left":121,"right":836,"top":835},"childCount":0,"className":"android.widget.TextView","contentDescription":null,"packageName":"it.feio.android.omninotes.alpha","resourceName":"it.feio.android.omninotes.alpha:id/settings","text":"Settings","vi...[truncated]
[Fastbot][2026-04-11 12:54:35.020] <-- END HTTP (522-byte body)
[Fastbot][2026-04-11 12:54:35.060] [Proxy Server] Detected script method: click
[Fastbot][2026-04-11 12:54:35.061] [Proxy Server] Forwarding
[Fastbot][2026-04-11 12:54:35.061] --> POST http://127.0.0.1:9008/jsonrpc/0
[Fastbot][2026-04-11 12:54:35.061] Content-Type: application/json; charset=utf-8
[Fastbot][2026-04-11 12:54:35.061] Content-Length: 72
[Fastbot][2026-04-11 12:54:35.061] 
[Fastbot][2026-04-11 12:54:35.061] {"jsonrpc": "2.0", "id": 1, "method": "click", "params": [478.5, 901.0]}
[Fastbot][2026-04-11 12:54:35.061] --> END POST (72-byte body)
[Fastbot][2026-04-11 12:54:35.198] <-- 200 OK  http://127.0.0.1:9008/jsonrpc/0 (135ms)
[Fastbot][2026-04-11 12:54:35.198] Content-Type: application/json
[Fastbot][2026-04-11 12:54:35.199] Date: Sat, 11 Apr 2026 12:54:35 GMT
[Fastbot][2026-04-11 12:54:35.199] Connection: keep-alive
[Fastbot][2026-04-11 12:54:35.199] Transfer-Encoding: chunked
[Fastbot][2026-04-11 12:54:35.201] // the top activity is it.feio.android.omninotes.SettingsActivity, phone capture activity is com.android.camera.CaptureActivity
[Fastbot][2026-04-11 12:54:35.202]     // Allowing start of Intent { cmp=it.feio.android.omninotes.alpha/it.feio.android.omninotes.SettingsActivity } in package it.feio.android.omninotes.alpha
[Fastbot][2026-04-11 12:54:35.204] 
[Fastbot][2026-04-11 12:54:35.206] {"jsonrpc":"2.0","id":1,"result":true}

[Fastbot][2026-04-11 12:54:35.207] <-- END HTTP (39-byte body)
[Fastbot][2026-04-11 12:54:35.724] // [Script] current activity is it.feio.android.omninotes.SettingsActivity
[Fastbot][2026-04-11 12:54:35.724] [Proxy Server] Forwarding
[Fastbot][2026-04-11 12:54:35.724] --> POST http://127.0.0.1:9008/jsonrpc/0
[Fastbot][2026-04-11 12:54:35.725] Content-Type: application/json; charset=utf-8
[Fastbot][2026-04-11 12:54:35.725] Content-Length: 194
[Fastbot][2026-04-11 12:54:35.725] 
[Fastbot][2026-04-11 12:54:35.725] {"jsonrpc": "2.0", "id": 1, "method": "waitForExists", "params": [{"mask": 2097153, "childOrSibling": [], "childOrSiblingSelector": [], "resourceId": "android:id/title", "text": "Data"}, 20000]}
[Fastbot][2026-04-11 12:54:35.725] --> END POST (194-byte body)
[Fastbot][2026-04-11 12:54:35.749] <-- 200 OK  http://127.0.0.1:9008/jsonrpc/0 (23ms)
[Fastbot][2026-04-11 12:54:35.749] Content-Type: application/json
[Fastbot][2026-04-11 12:54:35.749] Date: Sat, 11 Apr 2026 12:54:35 GMT
[Fastbot][2026-04-11 12:54:35.749] Connection: keep-alive
[Fastbot][2026-04-11 12:54:35.749] Transfer-Encoding: chunked
[Fastbot][2026-04-11 12:54:35.750] 
[Fastbot][2026-04-11 12:54:35.750] {"jsonrpc":"2.0","id":1,"result":true}

[Fastbot][2026-04-11 12:54:35.750] <-- END HTTP (39-byte body)
[Fastbot][2026-04-11 12:54:35.768] [Proxy Server] Forwarding
[Fastbot][2026-04-11 12:54:35.769] --> POST http://127.0.0.1:9008/jsonrpc/0
[Fastbot][2026-04-11 12:54:35.769] Content-Type: application/json; charset=utf-8
[Fastbot][2026-04-11 12:54:35.769] Content-Length: 181
[Fastbot][2026-04-11 12:54:35.769] 
[Fastbot][2026-04-11 12:54:35.769] {"jsonrpc": "2.0", "id": 1, "method": "objInfo", "params": [{"mask": 2097153, "childOrSibling": [], "childOrSiblingSelector": [], "resourceId": "android:id/title", "text": "Data"}]}
[Fastbot][2026-04-11 12:54:35.769] --> END POST (181-byte body)
[Fastbot][2026-04-11 12:54:35.851] <-- 200 OK  http://127.0.0.1:9008/jsonrpc/0 (81ms)
[Fastbot][2026-04-11 12:54:35.851] Content-Type: application/json
[Fastbot][2026-04-11 12:54:35.851] Date: Sat, 11 Apr 2026 12:54:35 GMT
[Fastbot][2026-04-11 12:54:35.851] Connection: keep-alive
[Fastbot][2026-04-11 12:54:35.851] Transfer-Encoding: chunked
[Fastbot][2026-04-11 12:54:35.900] 
[Fastbot][2026-04-11 12:54:35.901] {"jsonrpc":"2.0","id":1,"result":{"bounds":{"bottom":481,"left":44,"right":135,"top":422},"childCount":0,"className":"android.widget.TextView","contentDescription":null,"packageName":"it.feio.android.omninotes.alpha","resourceName":"android:id/title","text":"Data","visibleBounds":{"bottom":481,"left...[truncated]
[Fastbot][2026-04-11 12:54:35.901] <-- END HTTP (489-byte body)
[Fastbot][2026-04-11 12:54:35.933] [Proxy Server] Detected script method: click
[Fastbot][2026-04-11 12:54:35.933] [Proxy Server] Forwarding
[Fastbot][2026-04-11 12:54:35.934] --> POST http://127.0.0.1:9008/jsonrpc/0
[Fastbot][2026-04-11 12:54:35.934] Content-Type: application/json; charset=utf-8
[Fastbot][2026-04-11 12:54:35.934] Content-Length: 71
[Fastbot][2026-04-11 12:54:35.934] 
[Fastbot][2026-04-11 12:54:35.934] {"jsonrpc": "2.0", "id": 1, "method": "click", "params": [89.5, 451.5]}
[Fastbot][2026-04-11 12:54:35.934] --> END POST (71-byte body)
[Fastbot][2026-04-11 12:54:36.071] <-- 200 OK  http://127.0.0.1:9008/jsonrpc/0 (136ms)
[Fastbot][2026-04-11 12:54:36.071] Content-Type: application/json
[Fastbot][2026-04-11 12:54:36.071] Date: Sat, 11 Apr 2026 12:54:36 GMT
[Fastbot][2026-04-11 12:54:36.071] Connection: keep-alive
[Fastbot][2026-04-11 12:54:36.071] Transfer-Encoding: chunked
[Fastbot][2026-04-11 12:54:36.119] 
[Fastbot][2026-04-11 12:54:36.119] {"jsonrpc":"2.0","id":1,"result":true}

[Fastbot][2026-04-11 12:54:36.120] <-- END HTTP (39-byte body)
[Fastbot][2026-04-11 12:54:36.636] [Proxy Server] Forwarding
[Fastbot][2026-04-11 12:54:36.636] --> POST http://127.0.0.1:9008/jsonrpc/0
[Fastbot][2026-04-11 12:54:36.636] Content-Type: application/json; charset=utf-8
[Fastbot][2026-04-11 12:54:36.636] Content-Length: 206
[Fastbot][2026-04-11 12:54:36.636] 
[Fastbot][2026-04-11 12:54:36.636] {"jsonrpc": "2.0", "id": 1, "method": "waitForExists", "params": [{"mask": 2097153, "childOrSibling": [], "childOrSiblingSelector": [], "resourceId": "android:id/title", "text": "Sync and Backups"}, 20000]}
[Fastbot][2026-04-11 12:54:36.636] --> END POST (206-byte body)
[Fastbot][2026-04-11 12:54:36.651] <-- 200 OK  http://127.0.0.1:9008/jsonrpc/0 (14ms)
[Fastbot][2026-04-11 12:54:36.651] Content-Type: application/json
[Fastbot][2026-04-11 12:54:36.651] Date: Sat, 11 Apr 2026 12:54:36 GMT
[Fastbot][2026-04-11 12:54:36.651] Connection: keep-alive
[Fastbot][2026-04-11 12:54:36.651] Transfer-Encoding: chunked
[Fastbot][2026-04-11 12:54:36.651] 
[Fastbot][2026-04-11 12:54:36.651] {"jsonrpc":"2.0","id":1,"result":true}

[Fastbot][2026-04-11 12:54:36.652] <-- END HTTP (39-byte body)
[Fastbot][2026-04-11 12:54:36.686] [Proxy Server] Forwarding
[Fastbot][2026-04-11 12:54:36.687] --> POST http://127.0.0.1:9008/jsonrpc/0
[Fastbot][2026-04-11 12:54:36.687] Content-Type: application/json; charset=utf-8
[Fastbot][2026-04-11 12:54:36.687] Content-Length: 193
[Fastbot][2026-04-11 12:54:36.687] 
[Fastbot][2026-04-11 12:54:36.687] {"jsonrpc": "2.0", "id": 1, "method": "objInfo", "params": [{"mask": 2097153, "childOrSibling": [], "childOrSiblingSelector": [], "resourceId": "android:id/title", "text": "Sync and Backups"}]}
[Fastbot][2026-04-11 12:54:36.687] --> END POST (193-byte body)
[Fastbot][2026-04-11 12:54:36.715] <-- 200 OK  http://127.0.0.1:9008/jsonrpc/0 (28ms)
[Fastbot][2026-04-11 12:54:36.715] Content-Type: application/json
[Fastbot][2026-04-11 12:54:36.716] Date: Sat, 11 Apr 2026 12:54:36 GMT
[Fastbot][2026-04-11 12:54:36.716] Connection: keep-alive
[Fastbot][2026-04-11 12:54:36.716] Transfer-Encoding: chunked
[Fastbot][2026-04-11 12:54:36.717] 
[Fastbot][2026-04-11 12:54:36.717] {"jsonrpc":"2.0","id":1,"result":{"bounds":{"bottom":340,"left":44,"right":401,"top":281},"childCount":0,"className":"android.widget.TextView","contentDescription":null,"packageName":"it.feio.android.omninotes.alpha","resourceName":"android:id/title","text":"Sync and Backups","visibleBounds":{"botto...[truncated]
[Fastbot][2026-04-11 12:54:36.717] <-- END HTTP (501-byte body)
[Fastbot][2026-04-11 12:54:36.749] [Proxy Server] Detected script method: click
[Fastbot][2026-04-11 12:54:36.750] [Proxy Server] Forwarding
[Fastbot][2026-04-11 12:54:36.751] --> POST http://127.0.0.1:9008/jsonrpc/0
[Fastbot][2026-04-11 12:54:36.751] Content-Type: application/json; charset=utf-8
[Fastbot][2026-04-11 12:54:36.751] Content-Length: 72
[Fastbot][2026-04-11 12:54:36.751] 
[Fastbot][2026-04-11 12:54:36.751] {"jsonrpc": "2.0", "id": 1, "method": "click", "params": [222.5, 310.5]}
[Fastbot][2026-04-11 12:54:36.751] --> END POST (72-byte body)
[Fastbot][2026-04-11 12:54:36.885] <-- 200 OK  http://127.0.0.1:9008/jsonrpc/0 (133ms)
[Fastbot][2026-04-11 12:54:36.885] Content-Type: application/json
[Fastbot][2026-04-11 12:54:36.886] Date: Sat, 11 Apr 2026 12:54:36 GMT
[Fastbot][2026-04-11 12:54:36.886] Connection: keep-alive
[Fastbot][2026-04-11 12:54:36.886] Transfer-Encoding: chunked
[Fastbot][2026-04-11 12:54:36.886] 
[Fastbot][2026-04-11 12:54:36.886] {"jsonrpc":"2.0","id":1,"result":true}

[Fastbot][2026-04-11 12:54:36.886] <-- END HTTP (39-byte body)
[Fastbot][2026-04-11 12:54:37.426] [Proxy Server] Detected script method: pressKey
[Fastbot][2026-04-11 12:54:37.426] [Proxy Server] Forwarding
[Fastbot][2026-04-11 12:54:37.427] --> POST http://127.0.0.1:9008/jsonrpc/0
[Fastbot][2026-04-11 12:54:37.427] Content-Type: application/json; charset=utf-8
[Fastbot][2026-04-11 12:54:37.427] Content-Length: 69
[Fastbot][2026-04-11 12:54:37.427] 
[Fastbot][2026-04-11 12:54:37.427] {"jsonrpc": "2.0", "id": 1, "method": "pressKey", "params": ["back"]}
[Fastbot][2026-04-11 12:54:37.427] --> END POST (69-byte body)
[Fastbot][2026-04-11 12:54:37.481] <-- 200 OK  http://127.0.0.1:9008/jsonrpc/0 (53ms)
[Fastbot][2026-04-11 12:54:37.481] Content-Type: application/json
[Fastbot][2026-04-11 12:54:37.481] Date: Sat, 11 Apr 2026 12:54:37 GMT
[Fastbot][2026-04-11 12:54:37.481] Connection: keep-alive
[Fastbot][2026-04-11 12:54:37.481] Transfer-Encoding: chunked
[Fastbot][2026-04-11 12:54:37.481] 
[Fastbot][2026-04-11 12:54:37.482] {"jsonrpc":"2.0","id":1,"result":true}

[Fastbot][2026-04-11 12:54:37.482] <-- END HTTP (39-byte body)
[Fastbot][2026-04-11 12:54:37.998] [Proxy Server] Detected script method: pressKey
[Fastbot][2026-04-11 12:54:37.999] [Proxy Server] Forwarding
[Fastbot][2026-04-11 12:54:37.999] --> POST http://127.0.0.1:9008/jsonrpc/0
[Fastbot][2026-04-11 12:54:37.999] Content-Type: application/json; charset=utf-8
[Fastbot][2026-04-11 12:54:37.999] Content-Length: 69
[Fastbot][2026-04-11 12:54:37.999] 
[Fastbot][2026-04-11 12:54:38.000] {"jsonrpc": "2.0", "id": 1, "method": "pressKey", "params": ["back"]}
[Fastbot][2026-04-11 12:54:38.000] --> END POST (69-byte body)
[Fastbot][2026-04-11 12:54:38.050] <-- 200 OK  http://127.0.0.1:9008/jsonrpc/0 (49ms)
[Fastbot][2026-04-11 12:54:38.050] Content-Type: application/json
[Fastbot][2026-04-11 12:54:38.050] Date: Sat, 11 Apr 2026 12:54:38 GMT
[Fastbot][2026-04-11 12:54:38.050] Connection: keep-alive
[Fastbot][2026-04-11 12:54:38.050] Transfer-Encoding: chunked
[Fastbot][2026-04-11 12:54:38.051] 
[Fastbot][2026-04-11 12:54:38.052] {"jsonrpc":"2.0","id":1,"result":true}

[Fastbot][2026-04-11 12:54:38.052] <-- END HTTP (39-byte body)
[Fastbot][2026-04-11 12:54:38.568] [Proxy Server] Detected script method: pressKey
[Fastbot][2026-04-11 12:54:38.569] [Proxy Server] Forwarding
[Fastbot][2026-04-11 12:54:38.569] --> POST http://127.0.0.1:9008/jsonrpc/0
[Fastbot][2026-04-11 12:54:38.570] Content-Type: application/json; charset=utf-8
[Fastbot][2026-04-11 12:54:38.570] Content-Length: 69
[Fastbot][2026-04-11 12:54:38.570] 
[Fastbot][2026-04-11 12:54:38.570] {"jsonrpc": "2.0", "id": 1, "method": "pressKey", "params": ["back"]}
[Fastbot][2026-04-11 12:54:38.570] --> END POST (69-byte body)
[Fastbot][2026-04-11 12:54:38.584]     // activityResuming(it.feio.android.omninotes.alpha)
[Fastbot][2026-04-11 12:54:39.150] <-- 200 OK  http://127.0.0.1:9008/jsonrpc/0 (579ms)
[Fastbot][2026-04-11 12:54:39.150] Content-Type: application/json
[Fastbot][2026-04-11 12:54:39.150] Date: Sat, 11 Apr 2026 12:54:39 GMT
[Fastbot][2026-04-11 12:54:39.150] Connection: keep-alive
[Fastbot][2026-04-11 12:54:39.150] Transfer-Encoding: chunked
[Fastbot][2026-04-11 12:54:39.151] 
[Fastbot][2026-04-11 12:54:39.151] {"jsonrpc":"2.0","id":1,"result":true}

[Fastbot][2026-04-11 12:54:39.151] <-- END HTTP (39-byte body)
[Fastbot][2026-04-11 12:54:39.668] // [Script] current activity is it.feio.android.omninotes.MainActivity
[Fastbot][2026-04-11 12:54:39.668] [Proxy Server] Detected script method: pressKey
[Fastbot][2026-04-11 12:54:39.668] [Proxy Server] Forwarding
[Fastbot][2026-04-11 12:54:39.668] --> POST http://127.0.0.1:9008/jsonrpc/0
[Fastbot][2026-04-11 12:54:39.669] Content-Type: application/json; charset=utf-8
[Fastbot][2026-04-11 12:54:39.669] Content-Length: 69
[Fastbot][2026-04-11 12:54:39.669] 
[Fastbot][2026-04-11 12:54:39.669] {"jsonrpc": "2.0", "id": 1, "method": "pressKey", "params": ["back"]}
[Fastbot][2026-04-11 12:54:39.669] --> END POST (69-byte body)
[Fastbot][2026-04-11 12:54:39.704] <-- 200 OK  http://127.0.0.1:9008/jsonrpc/0 (34ms)
[Fastbot][2026-04-11 12:54:39.705] Content-Type: application/json
[Fastbot][2026-04-11 12:54:39.705] Date: Sat, 11 Apr 2026 12:54:39 GMT
[Fastbot][2026-04-11 12:54:39.705] Connection: keep-alive
[Fastbot][2026-04-11 12:54:39.705] Transfer-Encoding: chunked
[Fastbot][2026-04-11 12:54:39.706] 
[Fastbot][2026-04-11 12:54:39.706] {"jsonrpc":"2.0","id":1,"result":true}

[Fastbot][2026-04-11 12:54:39.706] <-- END HTTP (39-byte body)
[Fastbot][2026-04-11 12:54:40.460] --> POST http://127.0.0.1:9008/jsonrpc/0
[Fastbot][2026-04-11 12:54:40.460] Content-Type: application/json; charset=utf-8
[Fastbot][2026-04-11 12:54:40.460] Content-Length: 75
[Fastbot][2026-04-11 12:54:40.460] 
[Fastbot][2026-04-11 12:54:40.460] {"id":1,"jsonrpc":"2.0","method":"dumpWindowHierarchy","params":[false,50]}
[Fastbot][2026-04-11 12:54:40.461] --> END POST (75-byte body)
[Fastbot][2026-04-11 12:54:40.499] <-- 200 OK  http://127.0.0.1:9008/jsonrpc/0 (37ms)
[Fastbot][2026-04-11 12:54:40.499] Content-Type: application/json
[Fastbot][2026-04-11 12:54:40.499] Date: Sat, 11 Apr 2026 12:54:40 GMT
[Fastbot][2026-04-11 12:54:40.499] Connection: keep-alive
[Fastbot][2026-04-11 12:54:40.499] Transfer-Encoding: chunked
[Fastbot][2026-04-11 12:54:40.501] 
[Fastbot][2026-04-11 12:54:40.501] {"jsonrpc":"2.0","id":1,"result":"<?xml version='1.0' encoding='UTF-8' standalone='yes' ?>\r\n<hierarchy rotation=\"0\">\r\n  <node index=\"0\" text=\"\" resource-id=\"com.android.systemui:id/navigation_bar_frame\" class=\"android.widget.FrameLayout\" package=\"com.android.systemui\" content-desc=\"...[truncated]
[Fastbot][2026-04-11 12:54:40.501] <-- END HTTP (38436-byte body)
[Fastbot][2026-04-11 12:54:40.570] [Proxy Server] Forwarding
[Fastbot][2026-04-11 12:54:40.571] --> POST http://127.0.0.1:9008/jsonrpc/0
[Fastbot][2026-04-11 12:54:40.571] Content-Type: application/json; charset=utf-8
[Fastbot][2026-04-11 12:54:40.571] Content-Length: 219
[Fastbot][2026-04-11 12:54:40.571] 
[Fastbot][2026-04-11 12:54:40.571] {"jsonrpc": "2.0", "id": 1, "method": "waitForExists", "params": [{"mask": 2097152, "childOrSibling": [], "childOrSiblingSelector": [], "resourceId": "it.feio.android.omninotes.alpha:id/fab_expand_menu_button"}, 20000]}
[Fastbot][2026-04-11 12:54:40.571] --> END POST (219-byte body)
[Fastbot][2026-04-11 12:54:40.584] <-- 200 OK  http://127.0.0.1:9008/jsonrpc/0 (12ms)
[Fastbot][2026-04-11 12:54:40.584] Content-Type: application/json
[Fastbot][2026-04-11 12:54:40.584] Date: Sat, 11 Apr 2026 12:54:40 GMT
[Fastbot][2026-04-11 12:54:40.584] Connection: keep-alive
[Fastbot][2026-04-11 12:54:40.584] Transfer-Encoding: chunked
[Fastbot][2026-04-11 12:54:40.585] 
[Fastbot][2026-04-11 12:54:40.585] {"jsonrpc":"2.0","id":1,"result":true}

[Fastbot][2026-04-11 12:54:40.585] <-- END HTTP (39-byte body)
[Fastbot][2026-04-11 12:54:40.615] [Proxy Server] Forwarding
[Fastbot][2026-04-11 12:54:40.615] --> POST http://127.0.0.1:9008/jsonrpc/0
[Fastbot][2026-04-11 12:54:40.615] Content-Type: application/json; charset=utf-8
[Fastbot][2026-04-11 12:54:40.615] Content-Length: 206
[Fastbot][2026-04-11 12:54:40.615] 
[Fastbot][2026-04-11 12:54:40.616] {"jsonrpc": "2.0", "id": 1, "method": "objInfo", "params": [{"mask": 2097152, "childOrSibling": [], "childOrSiblingSelector": [], "resourceId": "it.feio.android.omninotes.alpha:id/fab_expand_menu_button"}]}
[Fastbot][2026-04-11 12:54:40.616] --> END POST (206-byte body)
[Fastbot][2026-04-11 12:54:40.643] <-- 200 OK  http://127.0.0.1:9008/jsonrpc/0 (26ms)
[Fastbot][2026-04-11 12:54:40.643] Content-Type: application/json
[Fastbot][2026-04-11 12:54:40.643] Date: Sat, 11 Apr 2026 12:54:40 GMT
[Fastbot][2026-04-11 12:54:40.643] Connection: keep-alive
[Fastbot][2026-04-11 12:54:40.643] Transfer-Encoding: chunked
[Fastbot][2026-04-11 12:54:40.644] 
[Fastbot][2026-04-11 12:54:40.644] {"jsonrpc":"2.0","id":1,"result":{"bounds":{"bottom":2126,"left":856,"right":1058,"top":1923},"childCount":0,"className":"android.widget.ImageButton","contentDescription":null,"packageName":"it.feio.android.omninotes.alpha","resourceName":"it.feio.android.omninotes.alpha:id/fab_expand_menu_button","...[truncated]
[Fastbot][2026-04-11 12:54:40.644] <-- END HTTP (536-byte body)
[Fastbot][2026-04-11 12:54:40.692] [Proxy Server] Detected script method: click
[Fastbot][2026-04-11 12:54:40.693] [Proxy Server] Forwarding
[Fastbot][2026-04-11 12:54:40.693] --> POST http://127.0.0.1:9008/jsonrpc/0
[Fastbot][2026-04-11 12:54:40.693] Content-Type: application/json; charset=utf-8
[Fastbot][2026-04-11 12:54:40.693] Content-Length: 73
[Fastbot][2026-04-11 12:54:40.694] 
[Fastbot][2026-04-11 12:54:40.694] {"jsonrpc": "2.0", "id": 1, "method": "click", "params": [957.0, 2024.5]}
[Fastbot][2026-04-11 12:54:40.694] --> END POST (73-byte body)
[Fastbot][2026-04-11 12:54:40.835] <-- 200 OK  http://127.0.0.1:9008/jsonrpc/0 (141ms)
[Fastbot][2026-04-11 12:54:40.836] Content-Type: application/json
[Fastbot][2026-04-11 12:54:40.836] Date: Sat, 11 Apr 2026 12:54:40 GMT
[Fastbot][2026-04-11 12:54:40.836] Connection: keep-alive
[Fastbot][2026-04-11 12:54:40.836] Transfer-Encoding: chunked
[Fastbot][2026-04-11 12:54:40.837] 
[Fastbot][2026-04-11 12:54:40.837] {"jsonrpc":"2.0","id":1,"result":true}

[Fastbot][2026-04-11 12:54:40.837] <-- END HTTP (39-byte body)
[Fastbot][2026-04-11 12:54:41.355] [Proxy Server] Forwarding
[Fastbot][2026-04-11 12:54:41.355] --> POST http://127.0.0.1:9008/jsonrpc/0
[Fastbot][2026-04-11 12:54:41.355] Content-Type: application/json; charset=utf-8
[Fastbot][2026-04-11 12:54:41.355] Content-Length: 205
[Fastbot][2026-04-11 12:54:41.355] 
[Fastbot][2026-04-11 12:54:41.355] {"jsonrpc": "2.0", "id": 1, "method": "waitForExists", "params": [{"mask": 2097152, "childOrSibling": [], "childOrSiblingSelector": [], "resourceId": "it.feio.android.omninotes.alpha:id/fab_note"}, 20000]}
[Fastbot][2026-04-11 12:54:41.356] --> END POST (205-byte body)
[Fastbot][2026-04-11 12:54:41.368] <-- 200 OK  http://127.0.0.1:9008/jsonrpc/0 (12ms)
[Fastbot][2026-04-11 12:54:41.368] Content-Type: application/json
[Fastbot][2026-04-11 12:54:41.368] Date: Sat, 11 Apr 2026 12:54:41 GMT
[Fastbot][2026-04-11 12:54:41.369] Connection: keep-alive
[Fastbot][2026-04-11 12:54:41.370] Transfer-Encoding: chunked
[Fastbot][2026-04-11 12:54:41.370] 
[Fastbot][2026-04-11 12:54:41.370] {"jsonrpc":"2.0","id":1,"result":true}

[Fastbot][2026-04-11 12:54:41.370] <-- END HTTP (39-byte body)
[Fastbot][2026-04-11 12:54:41.385] [Proxy Server] Forwarding
[Fastbot][2026-04-11 12:54:41.385] --> POST http://127.0.0.1:9008/jsonrpc/0
[Fastbot][2026-04-11 12:54:41.386] Content-Type: application/json; charset=utf-8
[Fastbot][2026-04-11 12:54:41.386] Content-Length: 192
[Fastbot][2026-04-11 12:54:41.386] 
[Fastbot][2026-04-11 12:54:41.386] {"jsonrpc": "2.0", "id": 1, "method": "objInfo", "params": [{"mask": 2097152, "childOrSibling": [], "childOrSiblingSelector": [], "resourceId": "it.feio.android.omninotes.alpha:id/fab_note"}]}
[Fastbot][2026-04-11 12:54:41.386] --> END POST (192-byte body)
[Fastbot][2026-04-11 12:54:41.409] <-- 200 OK  http://127.0.0.1:9008/jsonrpc/0 (22ms)
[Fastbot][2026-04-11 12:54:41.409] Content-Type: application/json
[Fastbot][2026-04-11 12:54:41.409] Date: Sat, 11 Apr 2026 12:54:41 GMT
[Fastbot][2026-04-11 12:54:41.409] Connection: keep-alive
[Fastbot][2026-04-11 12:54:41.409] Transfer-Encoding: chunked
[Fastbot][2026-04-11 12:54:41.461] 
[Fastbot][2026-04-11 12:54:41.461] {"jsonrpc":"2.0","id":1,"result":{"bounds":{"bottom":1912,"left":878,"right":1037,"top":1753},"childCount":0,"className":"android.widget.ImageButton","contentDescription":null,"packageName":"it.feio.android.omninotes.alpha","resourceName":"it.feio.android.omninotes.alpha:id/fab_note","text":null,"vi...[truncated]
[Fastbot][2026-04-11 12:54:41.461] <-- END HTTP (523-byte body)
[Fastbot][2026-04-11 12:54:41.492] [Proxy Server] Detected script method: click
[Fastbot][2026-04-11 12:54:41.492] [Proxy Server] Forwarding
[Fastbot][2026-04-11 12:54:41.493] --> POST http://127.0.0.1:9008/jsonrpc/0
[Fastbot][2026-04-11 12:54:41.493] Content-Type: application/json; charset=utf-8
[Fastbot][2026-04-11 12:54:41.493] Content-Length: 73
[Fastbot][2026-04-11 12:54:41.493] 
[Fastbot][2026-04-11 12:54:41.494] {"jsonrpc": "2.0", "id": 1, "method": "click", "params": [957.5, 1832.5]}
[Fastbot][2026-04-11 12:54:41.494] --> END POST (73-byte body)
[Fastbot][2026-04-11 12:54:41.636] <-- 200 OK  http://127.0.0.1:9008/jsonrpc/0 (142ms)
[Fastbot][2026-04-11 12:54:41.636] Content-Type: application/json
[Fastbot][2026-04-11 12:54:41.636] Date: Sat, 11 Apr 2026 12:54:41 GMT
[Fastbot][2026-04-11 12:54:41.636] Connection: keep-alive
[Fastbot][2026-04-11 12:54:41.636] Transfer-Encoding: chunked
[Fastbot][2026-04-11 12:54:41.681] 
[Fastbot][2026-04-11 12:54:41.681] {"jsonrpc":"2.0","id":1,"result":true}

[Fastbot][2026-04-11 12:54:41.681] <-- END HTTP (39-byte body)
[Fastbot][2026-04-11 12:54:42.219] [Proxy Server] Forwarding
[Fastbot][2026-04-11 12:54:42.219] --> POST http://127.0.0.1:9008/jsonrpc/0
[Fastbot][2026-04-11 12:54:42.220] Content-Type: application/json; charset=utf-8
[Fastbot][2026-04-11 12:54:42.220] Content-Length: 209
[Fastbot][2026-04-11 12:54:42.220] 
[Fastbot][2026-04-11 12:54:42.220] {"jsonrpc": "2.0", "id": 1, "method": "waitForExists", "params": [{"mask": 2097152, "childOrSibling": [], "childOrSiblingSelector": [], "resourceId": "it.feio.android.omninotes.alpha:id/detail_title"}, 20000]}
[Fastbot][2026-04-11 12:54:42.220] --> END POST (209-byte body)
[Fastbot][2026-04-11 12:54:42.239] <-- 200 OK  http://127.0.0.1:9008/jsonrpc/0 (18ms)
[Fastbot][2026-04-11 12:54:42.239] Content-Type: application/json
[Fastbot][2026-04-11 12:54:42.239] Date: Sat, 11 Apr 2026 12:54:42 GMT
[Fastbot][2026-04-11 12:54:42.239] Connection: keep-alive
[Fastbot][2026-04-11 12:54:42.239] Transfer-Encoding: chunked
[Fastbot][2026-04-11 12:54:42.240] 
[Fastbot][2026-04-11 12:54:42.240] {"jsonrpc":"2.0","id":1,"result":true}

[Fastbot][2026-04-11 12:54:42.240] <-- END HTTP (39-byte body)
[Fastbot][2026-04-11 12:54:42.267] [Proxy Server] Detected script method: setText
[Fastbot][2026-04-11 12:54:42.268] [Proxy Server] Forwarding
[Fastbot][2026-04-11 12:54:42.269] --> POST http://127.0.0.1:9008/jsonrpc/0
[Fastbot][2026-04-11 12:54:42.269] Content-Type: application/json; charset=utf-8
[Fastbot][2026-04-11 12:54:42.269] Content-Length: 210
[Fastbot][2026-04-11 12:54:42.269] 
[Fastbot][2026-04-11 12:54:42.269] {"jsonrpc": "2.0", "id": 1, "method": "setText", "params": [{"mask": 2097152, "childOrSibling": [], "childOrSiblingSelector": [], "resourceId": "it.feio.android.omninotes.alpha:id/detail_title"}, "rnTx7LTkbS"]}
[Fastbot][2026-04-11 12:54:42.269] --> END POST (210-byte body)
[Fastbot][2026-04-11 12:54:42.344] <-- 200 OK  http://127.0.0.1:9008/jsonrpc/0 (74ms)
[Fastbot][2026-04-11 12:54:42.344] Content-Type: application/json
[Fastbot][2026-04-11 12:54:42.344] Date: Sat, 11 Apr 2026 12:54:42 GMT
[Fastbot][2026-04-11 12:54:42.344] Connection: keep-alive
[Fastbot][2026-04-11 12:54:42.344] Transfer-Encoding: chunked
[Fastbot][2026-04-11 12:54:42.345] 
[Fastbot][2026-04-11 12:54:42.345] {"jsonrpc":"2.0","id":1,"result":true}

[Fastbot][2026-04-11 12:54:42.345] <-- END HTTP (39-byte body)
[Fastbot][2026-04-11 12:54:42.377] [Proxy Server] Forwarding
[Fastbot][2026-04-11 12:54:42.377] --> POST http://127.0.0.1:9008/jsonrpc/0
[Fastbot][2026-04-11 12:54:42.378] Content-Type: application/json; charset=utf-8
[Fastbot][2026-04-11 12:54:42.378] Content-Length: 211
[Fastbot][2026-04-11 12:54:42.378] 
[Fastbot][2026-04-11 12:54:42.378] {"jsonrpc": "2.0", "id": 1, "method": "waitForExists", "params": [{"mask": 2097152, "childOrSibling": [], "childOrSiblingSelector": [], "resourceId": "it.feio.android.omninotes.alpha:id/detail_content"}, 20000]}
[Fastbot][2026-04-11 12:54:42.378] --> END POST (211-byte body)
[Fastbot][2026-04-11 12:54:42.392] <-- 200 OK  http://127.0.0.1:9008/jsonrpc/0 (13ms)
[Fastbot][2026-04-11 12:54:42.392] Content-Type: application/json
[Fastbot][2026-04-11 12:54:42.392] Date: Sat, 11 Apr 2026 12:54:42 GMT
[Fastbot][2026-04-11 12:54:42.392] Connection: keep-alive
[Fastbot][2026-04-11 12:54:42.392] Transfer-Encoding: chunked
[Fastbot][2026-04-11 12:54:42.393] 
[Fastbot][2026-04-11 12:54:42.393] {"jsonrpc":"2.0","id":1,"result":true}

[Fastbot][2026-04-11 12:54:42.393] <-- END HTTP (39-byte body)
[Fastbot][2026-04-11 12:54:42.439] [Proxy Server] Detected script method: setText
[Fastbot][2026-04-11 12:54:42.439] [Proxy Server] Forwarding
[Fastbot][2026-04-11 12:54:42.439] --> POST http://127.0.0.1:9008/jsonrpc/0
[Fastbot][2026-04-11 12:54:42.439] Content-Type: application/json; charset=utf-8
[Fastbot][2026-04-11 12:54:42.440] Content-Length: 207
[Fastbot][2026-04-11 12:54:42.440] 
[Fastbot][2026-04-11 12:54:42.440] {"jsonrpc": "2.0", "id": 1, "method": "setText", "params": [{"mask": 2097152, "childOrSibling": [], "childOrSiblingSelector": [], "resourceId": "it.feio.android.omninotes.alpha:id/detail_content"}, "#tag1"]}
[Fastbot][2026-04-11 12:54:42.440] --> END POST (207-byte body)
[Fastbot][2026-04-11 12:54:42.515] <-- 200 OK  http://127.0.0.1:9008/jsonrpc/0 (74ms)
[Fastbot][2026-04-11 12:54:42.515] Content-Type: application/json
[Fastbot][2026-04-11 12:54:42.515] Date: Sat, 11 Apr 2026 12:54:42 GMT
[Fastbot][2026-04-11 12:54:42.515] Connection: keep-alive
[Fastbot][2026-04-11 12:54:42.515] Transfer-Encoding: chunked
[Fastbot][2026-04-11 12:54:42.516] 
[Fastbot][2026-04-11 12:54:42.516] {"jsonrpc":"2.0","id":1,"result":true}

[Fastbot][2026-04-11 12:54:42.516] <-- END HTTP (39-byte body)
[Fastbot][2026-04-11 12:54:43.050] [Proxy Server] Detected script method: pressKey
[Fastbot][2026-04-11 12:54:43.050] [Proxy Server] Forwarding
[Fastbot][2026-04-11 12:54:43.051] --> POST http://127.0.0.1:9008/jsonrpc/0
[Fastbot][2026-04-11 12:54:43.051] Content-Type: application/json; charset=utf-8
[Fastbot][2026-04-11 12:54:43.051] Content-Length: 69
[Fastbot][2026-04-11 12:54:43.051] 
[Fastbot][2026-04-11 12:54:43.051] {"jsonrpc": "2.0", "id": 1, "method": "pressKey", "params": ["back"]}
[Fastbot][2026-04-11 12:54:43.051] --> END POST (69-byte body)
[Fastbot][2026-04-11 12:54:43.083] <-- 200 OK  http://127.0.0.1:9008/jsonrpc/0 (31ms)
[Fastbot][2026-04-11 12:54:43.083] Content-Type: application/json
[Fastbot][2026-04-11 12:54:43.083] Date: Sat, 11 Apr 2026 12:54:43 GMT
[Fastbot][2026-04-11 12:54:43.083] Connection: keep-alive
[Fastbot][2026-04-11 12:54:43.083] Transfer-Encoding: chunked
[Fastbot][2026-04-11 12:54:43.084] 
[Fastbot][2026-04-11 12:54:43.084] {"jsonrpc":"2.0","id":1,"result":true}

[Fastbot][2026-04-11 12:54:43.085] <-- END HTTP (39-byte body)
[Fastbot][2026-04-11 12:54:43.817] --> POST http://127.0.0.1:9008/jsonrpc/0
[Fastbot][2026-04-11 12:54:43.817] Content-Type: application/json; charset=utf-8
[Fastbot][2026-04-11 12:54:43.817] Content-Length: 75
[Fastbot][2026-04-11 12:54:43.817] 
[Fastbot][2026-04-11 12:54:43.817] {"id":1,"jsonrpc":"2.0","method":"dumpWindowHierarchy","params":[false,50]}
[Fastbot][2026-04-11 12:54:43.818] --> END POST (75-byte body)
[Fastbot][2026-04-11 12:54:43.843] <-- 200 OK  http://127.0.0.1:9008/jsonrpc/0 (25ms)
[Fastbot][2026-04-11 12:54:43.843] Content-Type: application/json
[Fastbot][2026-04-11 12:54:43.844] Date: Sat, 11 Apr 2026 12:54:43 GMT
[Fastbot][2026-04-11 12:54:43.844] Connection: keep-alive
[Fastbot][2026-04-11 12:54:43.844] Transfer-Encoding: chunked
[Fastbot][2026-04-11 12:54:43.846] 
[Fastbot][2026-04-11 12:54:43.846] {"jsonrpc":"2.0","id":1,"result":"<?xml version='1.0' encoding='UTF-8' standalone='yes' ?>\r\n<hierarchy rotation=\"0\">\r\n  <node index=\"0\" text=\"\" resource-id=\"com.android.systemui:id/navigation_bar_frame\" class=\"android.widget.FrameLayout\" package=\"com.android.systemui\" content-desc=\"...[truncated]
[Fastbot][2026-04-11 12:54:43.846] <-- END HTTP (44052-byte body)
[Fastbot][2026-04-11 12:54:43.922] [Proxy Server] Forwarding
[Fastbot][2026-04-11 12:54:43.923] --> POST http://127.0.0.1:9008/jsonrpc/0
[Fastbot][2026-04-11 12:54:43.923] Content-Type: application/json; charset=utf-8
[Fastbot][2026-04-11 12:54:43.923] Content-Length: 199
[Fastbot][2026-04-11 12:54:43.923] 
[Fastbot][2026-04-11 12:54:43.923] {"jsonrpc": "2.0", "id": 1, "method": "exist", "params": [{"mask": 80, "childOrSibling": [], "childOrSiblingSelector": [], "className": "android.widget.ImageButton", "description": "drawer closed"}]}
[Fastbot][2026-04-11 12:54:43.923] --> END POST (199-byte body)
[Fastbot][2026-04-11 12:54:43.936] <-- 200 OK  http://127.0.0.1:9008/jsonrpc/0 (13ms)
[Fastbot][2026-04-11 12:54:43.936] Content-Type: application/json
[Fastbot][2026-04-11 12:54:43.936] Date: Sat, 11 Apr 2026 12:54:43 GMT
[Fastbot][2026-04-11 12:54:43.936] Connection: keep-alive
[Fastbot][2026-04-11 12:54:43.936] Transfer-Encoding: chunked
[Fastbot][2026-04-11 12:54:43.937] 
[Fastbot][2026-04-11 12:54:43.937] {"jsonrpc":"2.0","id":1,"result":false}

[Fastbot][2026-04-11 12:54:43.937] <-- END HTTP (40-byte body)
[Fastbot][2026-04-11 12:54:43.970] [Proxy Server] Forwarding
[Fastbot][2026-04-11 12:54:43.970] --> POST http://127.0.0.1:9008/jsonrpc/0
[Fastbot][2026-04-11 12:54:43.971] Content-Type: application/json; charset=utf-8
[Fastbot][2026-04-11 12:54:43.971] Content-Length: 197
[Fastbot][2026-04-11 12:54:43.971] 
[Fastbot][2026-04-11 12:54:43.971] {"jsonrpc": "2.0", "id": 1, "method": "exist", "params": [{"mask": 80, "childOrSibling": [], "childOrSiblingSelector": [], "className": "android.widget.ImageButton", "description": "drawer open"}]}
[Fastbot][2026-04-11 12:54:43.971] --> END POST (197-byte body)
[Fastbot][2026-04-11 12:54:43.982] <-- 200 OK  http://127.0.0.1:9008/jsonrpc/0 (11ms)
[Fastbot][2026-04-11 12:54:43.982] Content-Type: application/json
[Fastbot][2026-04-11 12:54:43.983] Date: Sat, 11 Apr 2026 12:54:43 GMT
[Fastbot][2026-04-11 12:54:43.983] Connection: keep-alive
[Fastbot][2026-04-11 12:54:43.983] Transfer-Encoding: chunked
[Fastbot][2026-04-11 12:54:43.983] 
[Fastbot][2026-04-11 12:54:43.983] {"jsonrpc":"2.0","id":1,"result":true}

[Fastbot][2026-04-11 12:54:43.984] <-- END HTTP (39-byte body)
[Fastbot][2026-04-11 12:54:44.016] [Proxy Server] Forwarding
[Fastbot][2026-04-11 12:54:44.017] --> POST http://127.0.0.1:9008/jsonrpc/0
[Fastbot][2026-04-11 12:54:44.017] Content-Type: application/json; charset=utf-8
[Fastbot][2026-04-11 12:54:44.017] Content-Length: 212
[Fastbot][2026-04-11 12:54:44.017] 
[Fastbot][2026-04-11 12:54:44.017] {"jsonrpc": "2.0", "id": 1, "method": "waitForExists", "params": [{"mask": 80, "childOrSibling": [], "childOrSiblingSelector": [], "className": "android.widget.ImageButton", "description": "drawer open"}, 20000]}
[Fastbot][2026-04-11 12:54:44.017] --> END POST (212-byte body)
[Fastbot][2026-04-11 12:54:44.030] <-- 200 OK  http://127.0.0.1:9008/jsonrpc/0 (12ms)
[Fastbot][2026-04-11 12:54:44.030] Content-Type: application/json
[Fastbot][2026-04-11 12:54:44.030] Date: Sat, 11 Apr 2026 12:54:44 GMT
[Fastbot][2026-04-11 12:54:44.030] Connection: keep-alive
[Fastbot][2026-04-11 12:54:44.030] Transfer-Encoding: chunked
[Fastbot][2026-04-11 12:54:44.031] 
[Fastbot][2026-04-11 12:54:44.031] {"jsonrpc":"2.0","id":1,"result":true}

[Fastbot][2026-04-11 12:54:44.031] <-- END HTTP (39-byte body)
[Fastbot][2026-04-11 12:54:44.047] [Proxy Server] Forwarding
[Fastbot][2026-04-11 12:54:44.047] --> POST http://127.0.0.1:9008/jsonrpc/0
[Fastbot][2026-04-11 12:54:44.047] Content-Type: application/json; charset=utf-8
[Fastbot][2026-04-11 12:54:44.047] Content-Length: 199
[Fastbot][2026-04-11 12:54:44.048] 
[Fastbot][2026-04-11 12:54:44.048] {"jsonrpc": "2.0", "id": 1, "method": "objInfo", "params": [{"mask": 80, "childOrSibling": [], "childOrSiblingSelector": [], "className": "android.widget.ImageButton", "description": "drawer open"}]}
[Fastbot][2026-04-11 12:54:44.048] --> END POST (199-byte body)
[Fastbot][2026-04-11 12:54:44.073] <-- 200 OK  http://127.0.0.1:9008/jsonrpc/0 (24ms)
[Fastbot][2026-04-11 12:54:44.073] Content-Type: application/json
[Fastbot][2026-04-11 12:54:44.073] Date: Sat, 11 Apr 2026 12:54:44 GMT
[Fastbot][2026-04-11 12:54:44.073] Connection: keep-alive
[Fastbot][2026-04-11 12:54:44.073] Transfer-Encoding: chunked
[Fastbot][2026-04-11 12:54:44.120] 
[Fastbot][2026-04-11 12:54:44.120] {"jsonrpc":"2.0","id":1,"result":{"bounds":{"bottom":237,"left":0,"right":154,"top":83},"childCount":0,"className":"android.widget.ImageButton","contentDescription":"drawer open","packageName":"it.feio.android.omninotes.alpha","resourceName":null,"text":null,"visibleBounds":{"bottom":237,"left":0,"r...[truncated]
[Fastbot][2026-04-11 12:54:44.120] <-- END HTTP (479-byte body)
[Fastbot][2026-04-11 12:54:44.154] [Proxy Server] Detected script method: click
[Fastbot][2026-04-11 12:54:44.155] [Proxy Server] Forwarding
[Fastbot][2026-04-11 12:54:44.155] --> POST http://127.0.0.1:9008/jsonrpc/0
[Fastbot][2026-04-11 12:54:44.155] Content-Type: application/json; charset=utf-8
[Fastbot][2026-04-11 12:54:44.155] Content-Length: 71
[Fastbot][2026-04-11 12:54:44.155] 
[Fastbot][2026-04-11 12:54:44.155] {"jsonrpc": "2.0", "id": 1, "method": "click", "params": [77.0, 160.0]}
[Fastbot][2026-04-11 12:54:44.155] --> END POST (71-byte body)
[Fastbot][2026-04-11 12:54:44.281] <-- 200 OK  http://127.0.0.1:9008/jsonrpc/0 (125ms)
[Fastbot][2026-04-11 12:54:44.281] Content-Type: application/json
[Fastbot][2026-04-11 12:54:44.281] Date: Sat, 11 Apr 2026 12:54:44 GMT
[Fastbot][2026-04-11 12:54:44.281] Connection: keep-alive
[Fastbot][2026-04-11 12:54:44.281] Transfer-Encoding: chunked
[Fastbot][2026-04-11 12:54:44.330] 
[Fastbot][2026-04-11 12:54:44.331] {"jsonrpc":"2.0","id":1,"result":true}

[Fastbot][2026-04-11 12:54:44.331] <-- END HTTP (39-byte body)
[Fastbot][2026-04-11 12:54:44.859] [Proxy Server] Forwarding
[Fastbot][2026-04-11 12:54:44.860] --> POST http://127.0.0.1:9008/jsonrpc/0
[Fastbot][2026-04-11 12:54:44.860] Content-Type: application/json; charset=utf-8
[Fastbot][2026-04-11 12:54:44.860] Content-Length: 225
[Fastbot][2026-04-11 12:54:44.860] 
[Fastbot][2026-04-11 12:54:44.860] {"jsonrpc": "2.0", "id": 1, "method": "waitForExists", "params": [{"mask": 2097153, "childOrSibling": [], "childOrSiblingSelector": [], "resourceId": "it.feio.android.omninotes.alpha:id/settings", "text": "Settings"}, 20000]}
[Fastbot][2026-04-11 12:54:44.860] --> END POST (225-byte body)
[Fastbot][2026-04-11 12:54:44.950] <-- 200 OK  http://127.0.0.1:9008/jsonrpc/0 (90ms)
[Fastbot][2026-04-11 12:54:44.951] Content-Type: application/json
[Fastbot][2026-04-11 12:54:44.951] Date: Sat, 11 Apr 2026 12:54:44 GMT
[Fastbot][2026-04-11 12:54:44.952] Connection: keep-alive
[Fastbot][2026-04-11 12:54:44.952] Transfer-Encoding: chunked
[Fastbot][2026-04-11 12:54:44.952] 
[Fastbot][2026-04-11 12:54:44.952] {"jsonrpc":"2.0","id":1,"result":true}

[Fastbot][2026-04-11 12:54:44.953] <-- END HTTP (39-byte body)
[Fastbot][2026-04-11 12:54:44.983] [Proxy Server] Forwarding
[Fastbot][2026-04-11 12:54:44.984] --> POST http://127.0.0.1:9008/jsonrpc/0
[Fastbot][2026-04-11 12:54:44.984] Content-Type: application/json; charset=utf-8
[Fastbot][2026-04-11 12:54:44.984] Content-Length: 212
[Fastbot][2026-04-11 12:54:44.984] 
[Fastbot][2026-04-11 12:54:44.984] {"jsonrpc": "2.0", "id": 1, "method": "objInfo", "params": [{"mask": 2097153, "childOrSibling": [], "childOrSiblingSelector": [], "resourceId": "it.feio.android.omninotes.alpha:id/settings", "text": "Settings"}]}
[Fastbot][2026-04-11 12:54:44.984] --> END POST (212-byte body)
[Fastbot][2026-04-11 12:54:45.032] <-- 200 OK  http://127.0.0.1:9008/jsonrpc/0 (47ms)
[Fastbot][2026-04-11 12:54:45.032] Content-Type: application/json
[Fastbot][2026-04-11 12:54:45.033] Date: Sat, 11 Apr 2026 12:54:45 GMT
[Fastbot][2026-04-11 12:54:45.033] Connection: keep-alive
[Fastbot][2026-04-11 12:54:45.033] Transfer-Encoding: chunked
[Fastbot][2026-04-11 12:54:45.080] 
[Fastbot][2026-04-11 12:54:45.080] {"jsonrpc":"2.0","id":1,"result":{"bounds":{"bottom":967,"left":121,"right":836,"top":835},"childCount":0,"className":"android.widget.TextView","contentDescription":null,"packageName":"it.feio.android.omninotes.alpha","resourceName":"it.feio.android.omninotes.alpha:id/settings","text":"Settings","vi...[truncated]
[Fastbot][2026-04-11 12:54:45.080] <-- END HTTP (522-byte body)
[Fastbot][2026-04-11 12:54:45.107] [Proxy Server] Detected script method: click
[Fastbot][2026-04-11 12:54:45.107] [Proxy Server] Forwarding
[Fastbot][2026-04-11 12:54:45.107] --> POST http://127.0.0.1:9008/jsonrpc/0
[Fastbot][2026-04-11 12:54:45.107] Content-Type: application/json; charset=utf-8
[Fastbot][2026-04-11 12:54:45.107] Content-Length: 72
[Fastbot][2026-04-11 12:54:45.108] 
[Fastbot][2026-04-11 12:54:45.108] {"jsonrpc": "2.0", "id": 1, "method": "click", "params": [478.5, 901.0]}
[Fastbot][2026-04-11 12:54:45.108] --> END POST (72-byte body)
[Fastbot][2026-04-11 12:54:45.234] // the top activity is it.feio.android.omninotes.SettingsActivity, phone capture activity is com.android.camera.CaptureActivity
[Fastbot][2026-04-11 12:54:45.235] <-- 200 OK  http://127.0.0.1:9008/jsonrpc/0 (126ms)
[Fastbot][2026-04-11 12:54:45.235] Content-Type: application/json
[Fastbot][2026-04-11 12:54:45.235] Date: Sat, 11 Apr 2026 12:54:45 GMT
[Fastbot][2026-04-11 12:54:45.235] Connection: keep-alive
[Fastbot][2026-04-11 12:54:45.235] Transfer-Encoding: chunked
[Fastbot][2026-04-11 12:54:45.238]     // Allowing start of Intent { cmp=it.feio.android.omninotes.alpha/it.feio.android.omninotes.SettingsActivity } in package it.feio.android.omninotes.alpha
[Fastbot][2026-04-11 12:54:45.279] 
[Fastbot][2026-04-11 12:54:45.279] {"jsonrpc":"2.0","id":1,"result":true}

[Fastbot][2026-04-11 12:54:45.279] <-- END HTTP (39-byte body)
[Fastbot][2026-04-11 12:54:45.809] // [Script] current activity is it.feio.android.omninotes.SettingsActivity
[Fastbot][2026-04-11 12:54:45.810] [Proxy Server] Forwarding
[Fastbot][2026-04-11 12:54:45.810] --> POST http://127.0.0.1:9008/jsonrpc/0
[Fastbot][2026-04-11 12:54:45.810] Content-Type: application/json; charset=utf-8
[Fastbot][2026-04-11 12:54:45.810] Content-Length: 199
[Fastbot][2026-04-11 12:54:45.810] 
[Fastbot][2026-04-11 12:54:45.810] {"jsonrpc": "2.0", "id": 1, "method": "waitForExists", "params": [{"mask": 2097153, "childOrSibling": [], "childOrSiblingSelector": [], "resourceId": "android:id/title", "text": "Behaviors"}, 20000]}
[Fastbot][2026-04-11 12:54:45.811] --> END POST (199-byte body)
[Fastbot][2026-04-11 12:54:45.847] <-- 200 OK  http://127.0.0.1:9008/jsonrpc/0 (36ms)
[Fastbot][2026-04-11 12:54:45.847] Content-Type: application/json
[Fastbot][2026-04-11 12:54:45.847] Date: Sat, 11 Apr 2026 12:54:45 GMT
[Fastbot][2026-04-11 12:54:45.847] Connection: keep-alive
[Fastbot][2026-04-11 12:54:45.847] Transfer-Encoding: chunked
[Fastbot][2026-04-11 12:54:45.849] 
[Fastbot][2026-04-11 12:54:45.849] {"jsonrpc":"2.0","id":1,"result":true}

[Fastbot][2026-04-11 12:54:45.849] <-- END HTTP (39-byte body)
[Fastbot][2026-04-11 12:54:45.865] [Proxy Server] Forwarding
[Fastbot][2026-04-11 12:54:45.866] --> POST http://127.0.0.1:9008/jsonrpc/0
[Fastbot][2026-04-11 12:54:45.866] Content-Type: application/json; charset=utf-8
[Fastbot][2026-04-11 12:54:45.866] Content-Length: 186
[Fastbot][2026-04-11 12:54:45.866] 
[Fastbot][2026-04-11 12:54:45.866] {"jsonrpc": "2.0", "id": 1, "method": "objInfo", "params": [{"mask": 2097153, "childOrSibling": [], "childOrSiblingSelector": [], "resourceId": "android:id/title", "text": "Behaviors"}]}
[Fastbot][2026-04-11 12:54:45.866] --> END POST (186-byte body)
[Fastbot][2026-04-11 12:54:45.900] <-- 200 OK  http://127.0.0.1:9008/jsonrpc/0 (32ms)
[Fastbot][2026-04-11 12:54:45.900] Content-Type: application/json
[Fastbot][2026-04-11 12:54:45.900] Date: Sat, 11 Apr 2026 12:54:45 GMT
[Fastbot][2026-04-11 12:54:45.900] Connection: keep-alive
[Fastbot][2026-04-11 12:54:45.900] Transfer-Encoding: chunked
[Fastbot][2026-04-11 12:54:45.949] 
[Fastbot][2026-04-11 12:54:45.950] {"jsonrpc":"2.0","id":1,"result":{"bounds":{"bottom":922,"left":44,"right":237,"top":863},"childCount":0,"className":"android.widget.TextView","contentDescription":null,"packageName":"it.feio.android.omninotes.alpha","resourceName":"android:id/title","text":"Behaviors","visibleBounds":{"bottom":922,...[truncated]
[Fastbot][2026-04-11 12:54:45.950] <-- END HTTP (494-byte body)
[Fastbot][2026-04-11 12:54:45.981] [Proxy Server] Detected script method: click
[Fastbot][2026-04-11 12:54:45.981] [Proxy Server] Forwarding
[Fastbot][2026-04-11 12:54:45.981] --> POST http://127.0.0.1:9008/jsonrpc/0
[Fastbot][2026-04-11 12:54:45.982] Content-Type: application/json; charset=utf-8
[Fastbot][2026-04-11 12:54:45.982] Content-Length: 72
[Fastbot][2026-04-11 12:54:45.982] 
[Fastbot][2026-04-11 12:54:45.982] {"jsonrpc": "2.0", "id": 1, "method": "click", "params": [140.5, 892.5]}
[Fastbot][2026-04-11 12:54:45.982] --> END POST (72-byte body)
[Fastbot][2026-04-11 12:54:46.126] <-- 200 OK  http://127.0.0.1:9008/jsonrpc/0 (143ms)
[Fastbot][2026-04-11 12:54:46.126] Content-Type: application/json
[Fastbot][2026-04-11 12:54:46.126] Date: Sat, 11 Apr 2026 12:54:46 GMT
[Fastbot][2026-04-11 12:54:46.126] Connection: keep-alive
[Fastbot][2026-04-11 12:54:46.126] Transfer-Encoding: chunked
[Fastbot][2026-04-11 12:54:46.169] 
[Fastbot][2026-04-11 12:54:46.169] {"jsonrpc":"2.0","id":1,"result":true}

[Fastbot][2026-04-11 12:54:46.169] <-- END HTTP (39-byte body)
[Fastbot][2026-04-11 12:54:46.685] [Proxy Server] Forwarding
[Fastbot][2026-04-11 12:54:46.685] --> POST http://127.0.0.1:9008/jsonrpc/0
[Fastbot][2026-04-11 12:54:46.686] Content-Type: application/json; charset=utf-8
[Fastbot][2026-04-11 12:54:46.686] Content-Length: 201
[Fastbot][2026-04-11 12:54:46.686] 
[Fastbot][2026-04-11 12:54:46.686] {"jsonrpc": "2.0", "id": 1, "method": "waitForExists", "params": [{"mask": 2097153, "childOrSibling": [], "childOrSiblingSelector": [], "resourceId": "android:id/switch_widget", "text": "OFF"}, 20000]}
[Fastbot][2026-04-11 12:54:46.686] --> END POST (201-byte body)
[Fastbot][2026-04-11 12:54:46.701] <-- 200 OK  http://127.0.0.1:9008/jsonrpc/0 (15ms)
[Fastbot][2026-04-11 12:54:46.702] Content-Type: application/json
[Fastbot][2026-04-11 12:54:46.702] Date: Sat, 11 Apr 2026 12:54:46 GMT
[Fastbot][2026-04-11 12:54:46.702] Connection: keep-alive
[Fastbot][2026-04-11 12:54:46.702] Transfer-Encoding: chunked
[Fastbot][2026-04-11 12:54:46.703] 
[Fastbot][2026-04-11 12:54:46.703] {"jsonrpc":"2.0","id":1,"result":true}

[Fastbot][2026-04-11 12:54:46.703] <-- END HTTP (39-byte body)
[Fastbot][2026-04-11 12:54:46.732] [Proxy Server] Forwarding
[Fastbot][2026-04-11 12:54:46.732] --> POST http://127.0.0.1:9008/jsonrpc/0
[Fastbot][2026-04-11 12:54:46.732] Content-Type: application/json; charset=utf-8
[Fastbot][2026-04-11 12:54:46.733] Content-Length: 188
[Fastbot][2026-04-11 12:54:46.733] 
[Fastbot][2026-04-11 12:54:46.733] {"jsonrpc": "2.0", "id": 1, "method": "objInfo", "params": [{"mask": 2097153, "childOrSibling": [], "childOrSiblingSelector": [], "resourceId": "android:id/switch_widget", "text": "OFF"}]}
[Fastbot][2026-04-11 12:54:46.733] --> END POST (188-byte body)
[Fastbot][2026-04-11 12:54:46.762] <-- 200 OK  http://127.0.0.1:9008/jsonrpc/0 (28ms)
[Fastbot][2026-04-11 12:54:46.762] Content-Type: application/json
[Fastbot][2026-04-11 12:54:46.762] Date: Sat, 11 Apr 2026 12:54:46 GMT
[Fastbot][2026-04-11 12:54:46.762] Connection: keep-alive
[Fastbot][2026-04-11 12:54:46.762] Transfer-Encoding: chunked
[Fastbot][2026-04-11 12:54:46.809] 
[Fastbot][2026-04-11 12:54:46.809] {"jsonrpc":"2.0","id":1,"result":{"bounds":{"bottom":547,"left":908,"right":1036,"top":473},"childCount":0,"className":"android.widget.Switch","contentDescription":null,"packageName":"it.feio.android.omninotes.alpha","resourceName":"android:id/switch_widget","text":"OFF","visibleBounds":{"bottom":54...[truncated]
[Fastbot][2026-04-11 12:54:46.809] <-- END HTTP (497-byte body)
[Fastbot][2026-04-11 12:54:46.841] [Proxy Server] Detected script method: click
[Fastbot][2026-04-11 12:54:46.842] [Proxy Server] Forwarding
[Fastbot][2026-04-11 12:54:46.842] --> POST http://127.0.0.1:9008/jsonrpc/0
[Fastbot][2026-04-11 12:54:46.842] Content-Type: application/json; charset=utf-8
[Fastbot][2026-04-11 12:54:46.842] Content-Length: 72
[Fastbot][2026-04-11 12:54:46.842] 
[Fastbot][2026-04-11 12:54:46.843] {"jsonrpc": "2.0", "id": 1, "method": "click", "params": [972.0, 510.0]}
[Fastbot][2026-04-11 12:54:46.843] --> END POST (72-byte body)
[Fastbot][2026-04-11 12:54:46.986] <-- 200 OK  http://127.0.0.1:9008/jsonrpc/0 (142ms)
[Fastbot][2026-04-11 12:54:46.986] Content-Type: application/json
[Fastbot][2026-04-11 12:54:46.986] Date: Sat, 11 Apr 2026 12:54:46 GMT
[Fastbot][2026-04-11 12:54:46.987] Connection: keep-alive
[Fastbot][2026-04-11 12:54:46.987] Transfer-Encoding: chunked
[Fastbot][2026-04-11 12:54:47.031] 
[Fastbot][2026-04-11 12:54:47.031] {"jsonrpc":"2.0","id":1,"result":true}

[Fastbot][2026-04-11 12:54:47.031] <-- END HTTP (39-byte body)
[Fastbot][2026-04-11 12:54:47.566] [Proxy Server] Forwarding
[Fastbot][2026-04-11 12:54:47.567] --> POST http://127.0.0.1:9008/jsonrpc/0
[Fastbot][2026-04-11 12:54:47.567] Content-Type: application/json; charset=utf-8
[Fastbot][2026-04-11 12:54:47.567] Content-Length: 200
[Fastbot][2026-04-11 12:54:47.568] 
[Fastbot][2026-04-11 12:54:47.568] {"jsonrpc": "2.0", "id": 1, "method": "waitForExists", "params": [{"mask": 2097153, "childOrSibling": [], "childOrSiblingSelector": [], "resourceId": "android:id/switch_widget", "text": "ON"}, 20000]}
[Fastbot][2026-04-11 12:54:47.568] --> END POST (200-byte body)
[Fastbot][2026-04-11 12:54:47.582] <-- 200 OK  http://127.0.0.1:9008/jsonrpc/0 (14ms)
[Fastbot][2026-04-11 12:54:47.583] Content-Type: application/json
[Fastbot][2026-04-11 12:54:47.583] Date: Sat, 11 Apr 2026 12:54:47 GMT
[Fastbot][2026-04-11 12:54:47.583] Connection: keep-alive
[Fastbot][2026-04-11 12:54:47.583] Transfer-Encoding: chunked
[Fastbot][2026-04-11 12:54:47.584] 
[Fastbot][2026-04-11 12:54:47.584] {"jsonrpc":"2.0","id":1,"result":true}

[Fastbot][2026-04-11 12:54:47.584] <-- END HTTP (39-byte body)
[Fastbot][2026-04-11 12:54:47.613] [Proxy Server] Forwarding
[Fastbot][2026-04-11 12:54:47.613] --> POST http://127.0.0.1:9008/jsonrpc/0
[Fastbot][2026-04-11 12:54:47.613] Content-Type: application/json; charset=utf-8
[Fastbot][2026-04-11 12:54:47.613] Content-Length: 187
[Fastbot][2026-04-11 12:54:47.613] 
[Fastbot][2026-04-11 12:54:47.613] {"jsonrpc": "2.0", "id": 1, "method": "objInfo", "params": [{"mask": 2097153, "childOrSibling": [], "childOrSiblingSelector": [], "resourceId": "android:id/switch_widget", "text": "ON"}]}
[Fastbot][2026-04-11 12:54:47.613] --> END POST (187-byte body)
[Fastbot][2026-04-11 12:54:47.640] <-- 200 OK  http://127.0.0.1:9008/jsonrpc/0 (26ms)
[Fastbot][2026-04-11 12:54:47.640] Content-Type: application/json
[Fastbot][2026-04-11 12:54:47.640] Date: Sat, 11 Apr 2026 12:54:47 GMT
[Fastbot][2026-04-11 12:54:47.641] Connection: keep-alive
[Fastbot][2026-04-11 12:54:47.641] Transfer-Encoding: chunked
[Fastbot][2026-04-11 12:54:47.689] 
[Fastbot][2026-04-11 12:54:47.689] {"jsonrpc":"2.0","id":1,"result":{"bounds":{"bottom":547,"left":908,"right":1036,"top":473},"childCount":0,"className":"android.widget.Switch","contentDescription":null,"packageName":"it.feio.android.omninotes.alpha","resourceName":"android:id/switch_widget","text":"ON","visibleBounds":{"bottom":547...[truncated]
[Fastbot][2026-04-11 12:54:47.689] <-- END HTTP (495-byte body)
[Fastbot][2026-04-11 12:54:47.737] [Proxy Server] Detected script method: click
[Fastbot][2026-04-11 12:54:47.738] [Proxy Server] Forwarding
[Fastbot][2026-04-11 12:54:47.738] --> POST http://127.0.0.1:9008/jsonrpc/0
[Fastbot][2026-04-11 12:54:47.738] Content-Type: application/json; charset=utf-8
[Fastbot][2026-04-11 12:54:47.738] Content-Length: 72
[Fastbot][2026-04-11 12:54:47.738] 
[Fastbot][2026-04-11 12:54:47.738] {"jsonrpc": "2.0", "id": 1, "method": "click", "params": [972.0, 510.0]}
[Fastbot][2026-04-11 12:54:47.738] --> END POST (72-byte body)
[Fastbot][2026-04-11 12:54:47.870] <-- 200 OK  http://127.0.0.1:9008/jsonrpc/0 (132ms)
[Fastbot][2026-04-11 12:54:47.870] Content-Type: application/json
[Fastbot][2026-04-11 12:54:47.871] Date: Sat, 11 Apr 2026 12:54:47 GMT
[Fastbot][2026-04-11 12:54:47.872] Connection: keep-alive
[Fastbot][2026-04-11 12:54:47.872] Transfer-Encoding: chunked
[Fastbot][2026-04-11 12:54:47.873] 
[Fastbot][2026-04-11 12:54:47.873] {"jsonrpc":"2.0","id":1,"result":true}

[Fastbot][2026-04-11 12:54:47.873] <-- END HTTP (39-byte body)
[Fastbot][2026-04-11 12:54:48.401] [Proxy Server] Detected script method: pressKey
[Fastbot][2026-04-11 12:54:48.401] [Proxy Server] Forwarding
[Fastbot][2026-04-11 12:54:48.401] --> POST http://127.0.0.1:9008/jsonrpc/0
[Fastbot][2026-04-11 12:54:48.402] Content-Type: application/json; charset=utf-8
[Fastbot][2026-04-11 12:54:48.402] Content-Length: 69
[Fastbot][2026-04-11 12:54:48.402] 
[Fastbot][2026-04-11 12:54:48.402] {"jsonrpc": "2.0", "id": 1, "method": "pressKey", "params": ["back"]}
[Fastbot][2026-04-11 12:54:48.402] --> END POST (69-byte body)
[Fastbot][2026-04-11 12:54:48.431] <-- 200 OK  http://127.0.0.1:9008/jsonrpc/0 (29ms)
[Fastbot][2026-04-11 12:54:48.431] Content-Type: application/json
[Fastbot][2026-04-11 12:54:48.432] Date: Sat, 11 Apr 2026 12:54:48 GMT
[Fastbot][2026-04-11 12:54:48.432] Connection: keep-alive
[Fastbot][2026-04-11 12:54:48.432] Transfer-Encoding: chunked
[Fastbot][2026-04-11 12:54:48.433] 
[Fastbot][2026-04-11 12:54:48.433] {"jsonrpc":"2.0","id":1,"result":true}

[Fastbot][2026-04-11 12:54:48.433] <-- END HTTP (39-byte body)
[Fastbot][2026-04-11 12:54:48.974] [Proxy Server] Detected script method: pressKey
[Fastbot][2026-04-11 12:54:48.974] [Proxy Server] Forwarding
[Fastbot][2026-04-11 12:54:48.974] --> POST http://127.0.0.1:9008/jsonrpc/0
[Fastbot][2026-04-11 12:54:48.975] Content-Type: application/json; charset=utf-8
[Fastbot][2026-04-11 12:54:48.975] Content-Length: 69
[Fastbot][2026-04-11 12:54:48.975] 
[Fastbot][2026-04-11 12:54:48.975] {"jsonrpc": "2.0", "id": 1, "method": "pressKey", "params": ["back"]}
[Fastbot][2026-04-11 12:54:48.975] --> END POST (69-byte body)
[Fastbot][2026-04-11 12:54:49.000]     // activityResuming(it.feio.android.omninotes.alpha)
[Fastbot][2026-04-11 12:54:49.601] <-- 200 OK  http://127.0.0.1:9008/jsonrpc/0 (625ms)
[Fastbot][2026-04-11 12:54:49.601] Content-Type: application/json
[Fastbot][2026-04-11 12:54:49.601] Date: Sat, 11 Apr 2026 12:54:49 GMT
[Fastbot][2026-04-11 12:54:49.601] Connection: keep-alive
[Fastbot][2026-04-11 12:54:49.601] Transfer-Encoding: chunked
[Fastbot][2026-04-11 12:54:49.602] 
[Fastbot][2026-04-11 12:54:49.602] {"jsonrpc":"2.0","id":1,"result":true}

[Fastbot][2026-04-11 12:54:49.603] <-- END HTTP (39-byte body)
[Fastbot][2026-04-11 12:54:50.141] // [Script] current activity is it.feio.android.omninotes.MainActivity
[Fastbot][2026-04-11 12:54:50.141] [Proxy Server] Detected script method: pressKey
[Fastbot][2026-04-11 12:54:50.142] [Proxy Server] Forwarding
[Fastbot][2026-04-11 12:54:50.142] --> POST http://127.0.0.1:9008/jsonrpc/0
[Fastbot][2026-04-11 12:54:50.142] Content-Type: application/json; charset=utf-8
[Fastbot][2026-04-11 12:54:50.142] Content-Length: 69
[Fastbot][2026-04-11 12:54:50.143] 
[Fastbot][2026-04-11 12:54:50.143] {"jsonrpc": "2.0", "id": 1, "method": "pressKey", "params": ["back"]}
[Fastbot][2026-04-11 12:54:50.143] --> END POST (69-byte body)
[Fastbot][2026-04-11 12:54:50.186] <-- 200 OK  http://127.0.0.1:9008/jsonrpc/0 (43ms)
[Fastbot][2026-04-11 12:54:50.187] Content-Type: application/json
[Fastbot][2026-04-11 12:54:50.187] Date: Sat, 11 Apr 2026 12:54:50 GMT
[Fastbot][2026-04-11 12:54:50.187] Connection: keep-alive
[Fastbot][2026-04-11 12:54:50.187] Transfer-Encoding: chunked
[Fastbot][2026-04-11 12:54:50.187] 
[Fastbot][2026-04-11 12:54:50.188] {"jsonrpc":"2.0","id":1,"result":true}

[Fastbot][2026-04-11 12:54:50.188] <-- END HTTP (39-byte body)
[Fastbot][2026-04-11 12:54:50.939] --> POST http://127.0.0.1:9008/jsonrpc/0
[Fastbot][2026-04-11 12:54:50.940] Content-Type: application/json; charset=utf-8
[Fastbot][2026-04-11 12:54:50.940] Content-Length: 75
[Fastbot][2026-04-11 12:54:50.940] 
[Fastbot][2026-04-11 12:54:50.940] {"id":1,"jsonrpc":"2.0","method":"dumpWindowHierarchy","params":[false,50]}
[Fastbot][2026-04-11 12:54:50.940] --> END POST (75-byte body)
[Fastbot][2026-04-11 12:54:50.968] <-- 200 OK  http://127.0.0.1:9008/jsonrpc/0 (27ms)
[Fastbot][2026-04-11 12:54:50.968] Content-Type: application/json
[Fastbot][2026-04-11 12:54:50.968] Date: Sat, 11 Apr 2026 12:54:50 GMT
[Fastbot][2026-04-11 12:54:50.968] Connection: keep-alive
[Fastbot][2026-04-11 12:54:50.969] Transfer-Encoding: chunked
[Fastbot][2026-04-11 12:54:50.970] 
[Fastbot][2026-04-11 12:54:50.971] {"jsonrpc":"2.0","id":1,"result":"<?xml version='1.0' encoding='UTF-8' standalone='yes' ?>\r\n<hierarchy rotation=\"0\">\r\n  <node index=\"0\" text=\"\" resource-id=\"com.android.systemui:id/navigation_bar_frame\" class=\"android.widget.FrameLayout\" package=\"com.android.systemui\" content-desc=\"...[truncated]
[Fastbot][2026-04-11 12:54:50.971] <-- END HTTP (42597-byte body)
[Fastbot][2026-04-11 12:54:50.991] [ProxyServer] stepsCount: 3
[Fastbot][2026-04-11 12:54:50.991] [ProxyServer] receive request: stepMonkey
[Fastbot][2026-04-11 12:54:50.991] [MonkeySourceApeU2] stepsCount: 3
[Fastbot][2026-04-11 12:54:50.991] [MonkeySourceApeU2] Latest event is MonkeyEvent. Use the cached hierarchy.
[Fastbot][2026-04-11 12:54:50.992] [MonkeySourceApeU2] Successfully Got hierarchy
[Fastbot][2026-04-11 12:54:50.993] // Event id: 13
[Fastbot][2026-04-11 12:54:50.994] topActivity Name: ComponentInfo{it.feio.android.omninotes.alpha/it.feio.android.omninotes.MainActivity}
[Fastbot][2026-04-11 12:54:50.994] // Dumped stringOfGuiTree
[Fastbot][2026-04-11 12:54:50.994] topActivityName: it.feio.android.omninotes.MainActivity
[Fastbot][2026-04-11 12:54:50.996] action type: CLICK
[Fastbot][2026-04-11 12:54:50.996] rpc cost time: 2
[Fastbot][2026-04-11 12:54:51.006]   mshowrequested=false mshowexplicitlyrequested=false mshowforced=false minputshown=false
[Fastbot][2026-04-11 12:54:51.007] mInputShown not found, getInputMethodWindowVisibleHeight is used.
java.lang.NullPointerException: Attempt to read from field 'com.android.server.wm.DisplayFrames com.android.server.wm.DisplayContent.mDisplayFrames' on a null object reference
	at android.os.Parcel.createException(Parcel.java:2077)
	at android.os.Parcel.readException(Parcel.java:2039)
	at android.os.Parcel.readException(Parcel.java:1987)
	at com.android.internal.view.IInputMethodManager$Stub$Proxy.getInputMethodWindowVisibleHeight(IInputMethodManager.java:809)
	at android.view.inputmethod.InputMethodManager.getInputMethodWindowVisibleHeight(InputMethodManager.java:2844)
	at com.android.commands.monkey.framework.AndroidDevice.isVirtualKeyboardOpened(AndroidDevice.java:217)
	at com.android.commands.monkey.source.MonkeySourceApeU2.doInput(MonkeySourceApeU2.java:1018)
	at com.android.commands.monkey.source.MonkeySourceApeU2.generateEventsForActionInternal(MonkeySourceApeU2.java:945)
	at com.android.commands.monkey.source.MonkeySourceApeU2.generateEventsForAction(MonkeySourceApeU2.java:907)
	at com.android.commands.monkey.source.MonkeySourceApeU2.generateEvents(MonkeySourceApeU2.java:827)
	at com.android.commands.monkey.source.MonkeySourceApeU2.getNextEvent(MonkeySourceApeU2.java:422)
	at com.android.commands.monkey.Monkey.runMonkeyCycles(Monkey.java:1576)
	at com.android.commands.monkey.Monkey.run(Monkey.java:874)
	at com.android.commands.monkey.Monkey.main(Monkey.java:473)
	at com.android.internal.os.RuntimeInit.nativeFinishInit(Native Method)
	at com.android.internal.os.RuntimeInit.main(RuntimeInit.java:338)
Caused by: android.os.RemoteException: Remote stack trace:
	at com.android.server.wm.WindowManagerService$LocalService.getInputMethodWindowVisibleHeight(WindowManagerService.java:7310)
	at com.android.server.inputmethod.InputMethodManagerService.getInputMethodWindowVisibleHeight(InputMethodManagerService.java:3467)
	at com.android.internal.view.IInputMethodManager$Stub.onTransact(IInputMethodManager.java:413)
	at com.android.server.inputmethod.InputMethodManagerService.onTransact(InputMethodManagerService.java:1592)
	at android.os.Binder.execTransactInternal(Binder.java:1021)

[Fastbot][2026-04-11 12:54:51.008] :Sending rotation degree=0, persist=false
[Fastbot][2026-04-11 12:54:51.016] :Sending Touch (ACTION_DOWN): 0:(930.0,2108.0)
[Fastbot][2026-04-11 12:54:51.018] :Sending Touch (ACTION_UP): 0:(930.0,2108.0)
[Fastbot][2026-04-11 12:54:51.020] Sleeping for 200 milliseconds
[Fastbot][2026-04-11 12:54:51.222] [ProxyServer] Finish monkey step. Dumping hierarchy
[Fastbot][2026-04-11 12:54:51.223] --> POST http://127.0.0.1:9008/jsonrpc/0
[Fastbot][2026-04-11 12:54:51.223] Content-Type: application/json; charset=utf-8
[Fastbot][2026-04-11 12:54:51.223] Content-Length: 75
[Fastbot][2026-04-11 12:54:51.223] 
[Fastbot][2026-04-11 12:54:51.223] {"id":1,"jsonrpc":"2.0","method":"dumpWindowHierarchy","params":[false,50]}
[Fastbot][2026-04-11 12:54:51.223] --> END POST (75-byte body)
[Fastbot][2026-04-11 12:54:51.254] <-- 200 OK  http://127.0.0.1:9008/jsonrpc/0 (30ms)
[Fastbot][2026-04-11 12:54:51.254] Content-Type: application/json
[Fastbot][2026-04-11 12:54:51.254] Date: Sat, 11 Apr 2026 12:54:51 GMT
[Fastbot][2026-04-11 12:54:51.254] Connection: keep-alive
[Fastbot][2026-04-11 12:54:51.255] Transfer-Encoding: chunked
[Fastbot][2026-04-11 12:54:51.257] 
[Fastbot][2026-04-11 12:54:51.257] {"jsonrpc":"2.0","id":1,"result":"<?xml version='1.0' encoding='UTF-8' standalone='yes' ?>\r\n<hierarchy rotation=\"0\">\r\n  <node index=\"0\" text=\"\" resource-id=\"com.android.systemui:id/navigation_bar_frame\" class=\"android.widget.FrameLayout\" package=\"com.android.systemui\" content-desc=\"...[truncated]
[Fastbot][2026-04-11 12:54:51.257] <-- END HTTP (45531-byte body)
[Fastbot][2026-04-11 12:54:51.306] [Proxy Server] Forwarding
[Fastbot][2026-04-11 12:54:51.307] --> POST http://127.0.0.1:9008/jsonrpc/0
[Fastbot][2026-04-11 12:54:51.307] Content-Type: application/json; charset=utf-8
[Fastbot][2026-04-11 12:54:51.308] Content-Length: 211
[Fastbot][2026-04-11 12:54:51.308] 
[Fastbot][2026-04-11 12:54:51.308] {"jsonrpc": "2.0", "id": 1, "method": "waitForExists", "params": [{"mask": 80, "childOrSibling": [], "childOrSiblingSelector": [], "className": "android.widget.ImageView", "description": "More options"}, 20000]}
[Fastbot][2026-04-11 12:54:51.308] --> END POST (211-byte body)
[Fastbot][2026-04-11 12:54:51.326] <-- 200 OK  http://127.0.0.1:9008/jsonrpc/0 (18ms)
[Fastbot][2026-04-11 12:54:51.326] Content-Type: application/json
[Fastbot][2026-04-11 12:54:51.327] Date: Sat, 11 Apr 2026 12:54:51 GMT
[Fastbot][2026-04-11 12:54:51.327] Connection: keep-alive
[Fastbot][2026-04-11 12:54:51.327] Transfer-Encoding: chunked
[Fastbot][2026-04-11 12:54:51.328] 
[Fastbot][2026-04-11 12:54:51.328] {"jsonrpc":"2.0","id":1,"result":true}

[Fastbot][2026-04-11 12:54:51.329] <-- END HTTP (39-byte body)
[Fastbot][2026-04-11 12:54:51.367] [Proxy Server] Forwarding
[Fastbot][2026-04-11 12:54:51.368] --> POST http://127.0.0.1:9008/jsonrpc/0
[Fastbot][2026-04-11 12:54:51.368] Content-Type: application/json; charset=utf-8
[Fastbot][2026-04-11 12:54:51.368] Content-Length: 198
[Fastbot][2026-04-11 12:54:51.369] 
[Fastbot][2026-04-11 12:54:51.369] {"jsonrpc": "2.0", "id": 1, "method": "objInfo", "params": [{"mask": 80, "childOrSibling": [], "childOrSiblingSelector": [], "className": "android.widget.ImageView", "description": "More options"}]}
[Fastbot][2026-04-11 12:54:51.370] --> END POST (198-byte body)
[Fastbot][2026-04-11 12:54:51.403] <-- 200 OK  http://127.0.0.1:9008/jsonrpc/0 (33ms)
[Fastbot][2026-04-11 12:54:51.404] Content-Type: application/json
[Fastbot][2026-04-11 12:54:51.404] Date: Sat, 11 Apr 2026 12:54:51 GMT
[Fastbot][2026-04-11 12:54:51.404] Connection: keep-alive
[Fastbot][2026-04-11 12:54:51.404] Transfer-Encoding: chunked
[Fastbot][2026-04-11 12:54:51.405] 
[Fastbot][2026-04-11 12:54:51.405] {"jsonrpc":"2.0","id":1,"result":{"bounds":{"bottom":226,"left":969,"right":1080,"top":94},"childCount":0,"className":"android.widget.ImageView","contentDescription":"More options","packageName":"it.feio.android.omninotes.alpha","resourceName":null,"text":null,"visibleBounds":{"bottom":226,"left":96...[truncated]
[Fastbot][2026-04-11 12:54:51.405] <-- END HTTP (483-byte body)
[Fastbot][2026-04-11 12:54:51.443] [Proxy Server] Detected script method: click
[Fastbot][2026-04-11 12:54:51.444] [Proxy Server] Forwarding
[Fastbot][2026-04-11 12:54:51.444] --> POST http://127.0.0.1:9008/jsonrpc/0
[Fastbot][2026-04-11 12:54:51.444] Content-Type: application/json; charset=utf-8
[Fastbot][2026-04-11 12:54:51.444] Content-Length: 73
[Fastbot][2026-04-11 12:54:51.444] 
[Fastbot][2026-04-11 12:54:51.445] {"jsonrpc": "2.0", "id": 1, "method": "click", "params": [1024.5, 160.0]}
[Fastbot][2026-04-11 12:54:51.445] --> END POST (73-byte body)
[Fastbot][2026-04-11 12:54:51.586] <-- 200 OK  http://127.0.0.1:9008/jsonrpc/0 (141ms)
[Fastbot][2026-04-11 12:54:51.586] Content-Type: application/json
[Fastbot][2026-04-11 12:54:51.587] Date: Sat, 11 Apr 2026 12:54:51 GMT
[Fastbot][2026-04-11 12:54:51.587] Connection: keep-alive
[Fastbot][2026-04-11 12:54:51.587] Transfer-Encoding: chunked
[Fastbot][2026-04-11 12:54:51.588] 
[Fastbot][2026-04-11 12:54:51.588] {"jsonrpc":"2.0","id":1,"result":true}

[Fastbot][2026-04-11 12:54:51.588] <-- END HTTP (39-byte body)
[Fastbot][2026-04-11 12:54:52.106] [Proxy Server] Forwarding
[Fastbot][2026-04-11 12:54:52.106] --> POST http://127.0.0.1:9008/jsonrpc/0
[Fastbot][2026-04-11 12:54:52.106] Content-Type: application/json; charset=utf-8
[Fastbot][2026-04-11 12:54:52.106] Content-Length: 212
[Fastbot][2026-04-11 12:54:52.107] 
[Fastbot][2026-04-11 12:54:52.107] {"jsonrpc": "2.0", "id": 1, "method": "exist", "params": [{"mask": 2097153, "childOrSibling": [], "childOrSiblingSelector": [], "resourceId": "it.feio.android.omninotes.alpha:id/title", "text": "Expanded view"}]}
[Fastbot][2026-04-11 12:54:52.107] --> END POST (212-byte body)
[Fastbot][2026-04-11 12:54:52.122] <-- 200 OK  http://127.0.0.1:9008/jsonrpc/0 (14ms)
[Fastbot][2026-04-11 12:54:52.122] Content-Type: application/json
[Fastbot][2026-04-11 12:54:52.122] Date: Sat, 11 Apr 2026 12:54:52 GMT
[Fastbot][2026-04-11 12:54:52.122] Connection: keep-alive
[Fastbot][2026-04-11 12:54:52.122] Transfer-Encoding: chunked
[Fastbot][2026-04-11 12:54:52.123] 
[Fastbot][2026-04-11 12:54:52.123] {"jsonrpc":"2.0","id":1,"result":false}

[Fastbot][2026-04-11 12:54:52.123] <-- END HTTP (40-byte body)
[Fastbot][2026-04-11 12:54:52.163] [Proxy Server] Forwarding
[Fastbot][2026-04-11 12:54:52.163] --> POST http://127.0.0.1:9008/jsonrpc/0
[Fastbot][2026-04-11 12:54:52.164] Content-Type: application/json; charset=utf-8
[Fastbot][2026-04-11 12:54:52.164] Content-Length: 226
[Fastbot][2026-04-11 12:54:52.164] 
[Fastbot][2026-04-11 12:54:52.164] {"jsonrpc": "2.0", "id": 1, "method": "waitForExists", "params": [{"mask": 2097153, "childOrSibling": [], "childOrSiblingSelector": [], "resourceId": "it.feio.android.omninotes.alpha:id/title", "text": "Reduced view"}, 20000]}
[Fastbot][2026-04-11 12:54:52.164] --> END POST (226-byte body)
[Fastbot][2026-04-11 12:54:52.176] <-- 200 OK  http://127.0.0.1:9008/jsonrpc/0 (11ms)
[Fastbot][2026-04-11 12:54:52.176] Content-Type: application/json
[Fastbot][2026-04-11 12:54:52.176] Date: Sat, 11 Apr 2026 12:54:52 GMT
[Fastbot][2026-04-11 12:54:52.176] Connection: keep-alive
[Fastbot][2026-04-11 12:54:52.176] Transfer-Encoding: chunked
[Fastbot][2026-04-11 12:54:52.177] 
[Fastbot][2026-04-11 12:54:52.177] {"jsonrpc":"2.0","id":1,"result":true}

[Fastbot][2026-04-11 12:54:52.177] <-- END HTTP (39-byte body)
[Fastbot][2026-04-11 12:54:52.210] [Proxy Server] Forwarding
[Fastbot][2026-04-11 12:54:52.210] --> POST http://127.0.0.1:9008/jsonrpc/0
[Fastbot][2026-04-11 12:54:52.210] Content-Type: application/json; charset=utf-8
[Fastbot][2026-04-11 12:54:52.210] Content-Length: 213
[Fastbot][2026-04-11 12:54:52.210] 
[Fastbot][2026-04-11 12:54:52.211] {"jsonrpc": "2.0", "id": 1, "method": "objInfo", "params": [{"mask": 2097153, "childOrSibling": [], "childOrSiblingSelector": [], "resourceId": "it.feio.android.omninotes.alpha:id/title", "text": "Reduced view"}]}
[Fastbot][2026-04-11 12:54:52.211] --> END POST (213-byte body)
[Fastbot][2026-04-11 12:54:52.241] <-- 200 OK  http://127.0.0.1:9008/jsonrpc/0 (30ms)
[Fastbot][2026-04-11 12:54:52.242] Content-Type: application/json
[Fastbot][2026-04-11 12:54:52.242] Date: Sat, 11 Apr 2026 12:54:52 GMT
[Fastbot][2026-04-11 12:54:52.242] Connection: keep-alive
[Fastbot][2026-04-11 12:54:52.242] Transfer-Encoding: chunked
[Fastbot][2026-04-11 12:54:52.243] 
[Fastbot][2026-04-11 12:54:52.243] {"jsonrpc":"2.0","id":1,"result":{"bounds":{"bottom":212,"left":574,"right":1025,"top":153},"childCount":0,"className":"android.widget.TextView","contentDescription":null,"packageName":"it.feio.android.omninotes.alpha","resourceName":"it.feio.android.omninotes.alpha:id/title","text":"Reduced view","...[truncated]
[Fastbot][2026-04-11 12:54:52.243] <-- END HTTP (525-byte body)
[Fastbot][2026-04-11 12:54:52.273] [Proxy Server] Detected script method: click
[Fastbot][2026-04-11 12:54:52.273] [Proxy Server] Forwarding
[Fastbot][2026-04-11 12:54:52.274] --> POST http://127.0.0.1:9008/jsonrpc/0
[Fastbot][2026-04-11 12:54:52.274] Content-Type: application/json; charset=utf-8
[Fastbot][2026-04-11 12:54:52.274] Content-Length: 72
[Fastbot][2026-04-11 12:54:52.274] 
[Fastbot][2026-04-11 12:54:52.275] {"jsonrpc": "2.0", "id": 1, "method": "click", "params": [799.5, 182.5]}
[Fastbot][2026-04-11 12:54:52.275] --> END POST (72-byte body)
[Fastbot][2026-04-11 12:54:52.399] <-- 200 OK  http://127.0.0.1:9008/jsonrpc/0 (123ms)
[Fastbot][2026-04-11 12:54:52.399] Content-Type: application/json
[Fastbot][2026-04-11 12:54:52.399] Date: Sat, 11 Apr 2026 12:54:52 GMT
[Fastbot][2026-04-11 12:54:52.399] Connection: keep-alive
[Fastbot][2026-04-11 12:54:52.399] Transfer-Encoding: chunked
[Fastbot][2026-04-11 12:54:52.449] 
[Fastbot][2026-04-11 12:54:52.449] {"jsonrpc":"2.0","id":1,"result":true}

[Fastbot][2026-04-11 12:54:52.449] <-- END HTTP (39-byte body)
[Fastbot][2026-04-11 12:54:53.004] [Proxy Server] Forwarding
[Fastbot][2026-04-11 12:54:53.005] --> POST http://127.0.0.1:9008/jsonrpc/0
[Fastbot][2026-04-11 12:54:53.005] Content-Type: application/json; charset=utf-8
[Fastbot][2026-04-11 12:54:53.005] Content-Length: 211
[Fastbot][2026-04-11 12:54:53.005] 
[Fastbot][2026-04-11 12:54:53.005] {"jsonrpc": "2.0", "id": 1, "method": "waitForExists", "params": [{"mask": 80, "childOrSibling": [], "childOrSiblingSelector": [], "className": "android.widget.ImageView", "description": "More options"}, 20000]}
[Fastbot][2026-04-11 12:54:53.006] --> END POST (211-byte body)
[Fastbot][2026-04-11 12:54:53.032] <-- 200 OK  http://127.0.0.1:9008/jsonrpc/0 (25ms)
[Fastbot][2026-04-11 12:54:53.032] Content-Type: application/json
[Fastbot][2026-04-11 12:54:53.032] Date: Sat, 11 Apr 2026 12:54:53 GMT
[Fastbot][2026-04-11 12:54:53.032] Connection: keep-alive
[Fastbot][2026-04-11 12:54:53.032] Transfer-Encoding: chunked
[Fastbot][2026-04-11 12:54:53.032] 
[Fastbot][2026-04-11 12:54:53.033] {"jsonrpc":"2.0","id":1,"result":true}

[Fastbot][2026-04-11 12:54:53.033] <-- END HTTP (39-byte body)
[Fastbot][2026-04-11 12:54:53.065] [Proxy Server] Forwarding
[Fastbot][2026-04-11 12:54:53.065] --> POST http://127.0.0.1:9008/jsonrpc/0
[Fastbot][2026-04-11 12:54:53.066] Content-Type: application/json; charset=utf-8
[Fastbot][2026-04-11 12:54:53.066] Content-Length: 198
[Fastbot][2026-04-11 12:54:53.066] 
[Fastbot][2026-04-11 12:54:53.066] {"jsonrpc": "2.0", "id": 1, "method": "objInfo", "params": [{"mask": 80, "childOrSibling": [], "childOrSiblingSelector": [], "className": "android.widget.ImageView", "description": "More options"}]}
[Fastbot][2026-04-11 12:54:53.067] --> END POST (198-byte body)
[Fastbot][2026-04-11 12:54:53.100] <-- 200 OK  http://127.0.0.1:9008/jsonrpc/0 (33ms)
[Fastbot][2026-04-11 12:54:53.100] Content-Type: application/json
[Fastbot][2026-04-11 12:54:53.101] Date: Sat, 11 Apr 2026 12:54:53 GMT
[Fastbot][2026-04-11 12:54:53.101] Connection: keep-alive
[Fastbot][2026-04-11 12:54:53.101] Transfer-Encoding: chunked
[Fastbot][2026-04-11 12:54:53.101] 
[Fastbot][2026-04-11 12:54:53.102] {"jsonrpc":"2.0","id":1,"result":{"bounds":{"bottom":226,"left":969,"right":1080,"top":94},"childCount":0,"className":"android.widget.ImageView","contentDescription":"More options","packageName":"it.feio.android.omninotes.alpha","resourceName":null,"text":null,"visibleBounds":{"bottom":226,"left":96...[truncated]
[Fastbot][2026-04-11 12:54:53.102] <-- END HTTP (483-byte body)
[Fastbot][2026-04-11 12:54:53.143] [Proxy Server] Detected script method: click
[Fastbot][2026-04-11 12:54:53.143] [Proxy Server] Forwarding
[Fastbot][2026-04-11 12:54:53.144] --> POST http://127.0.0.1:9008/jsonrpc/0
[Fastbot][2026-04-11 12:54:53.144] Content-Type: application/json; charset=utf-8
[Fastbot][2026-04-11 12:54:53.144] Content-Length: 73
[Fastbot][2026-04-11 12:54:53.144] 
[Fastbot][2026-04-11 12:54:53.144] {"jsonrpc": "2.0", "id": 1, "method": "click", "params": [1024.5, 160.0]}
[Fastbot][2026-04-11 12:54:53.144] --> END POST (73-byte body)
[Fastbot][2026-04-11 12:54:53.281] <-- 200 OK  http://127.0.0.1:9008/jsonrpc/0 (136ms)
[Fastbot][2026-04-11 12:54:53.281] Content-Type: application/json
[Fastbot][2026-04-11 12:54:53.281] Date: Sat, 11 Apr 2026 12:54:53 GMT
[Fastbot][2026-04-11 12:54:53.282] Connection: keep-alive
[Fastbot][2026-04-11 12:54:53.282] Transfer-Encoding: chunked
[Fastbot][2026-04-11 12:54:53.283] 
[Fastbot][2026-04-11 12:54:53.283] {"jsonrpc":"2.0","id":1,"result":true}

[Fastbot][2026-04-11 12:54:53.283] <-- END HTTP (39-byte body)
[Fastbot][2026-04-11 12:54:53.801] [Proxy Server] Forwarding
[Fastbot][2026-04-11 12:54:53.802] --> POST http://127.0.0.1:9008/jsonrpc/0
[Fastbot][2026-04-11 12:54:53.802] Content-Type: application/json; charset=utf-8
[Fastbot][2026-04-11 12:54:53.802] Content-Length: 227
[Fastbot][2026-04-11 12:54:53.802] 
[Fastbot][2026-04-11 12:54:53.802] {"jsonrpc": "2.0", "id": 1, "method": "waitForExists", "params": [{"mask": 2097153, "childOrSibling": [], "childOrSiblingSelector": [], "resourceId": "it.feio.android.omninotes.alpha:id/title", "text": "Expanded view"}, 20000]}
[Fastbot][2026-04-11 12:54:53.802] --> END POST (227-byte body)
[Fastbot][2026-04-11 12:54:53.815] <-- 200 OK  http://127.0.0.1:9008/jsonrpc/0 (13ms)
[Fastbot][2026-04-11 12:54:53.815] Content-Type: application/json
[Fastbot][2026-04-11 12:54:53.815] Date: Sat, 11 Apr 2026 12:54:53 GMT
[Fastbot][2026-04-11 12:54:53.815] Connection: keep-alive
[Fastbot][2026-04-11 12:54:53.815] Transfer-Encoding: chunked
[Fastbot][2026-04-11 12:54:53.816] 
[Fastbot][2026-04-11 12:54:53.816] {"jsonrpc":"2.0","id":1,"result":true}

[Fastbot][2026-04-11 12:54:53.816] <-- END HTTP (39-byte body)
[Fastbot][2026-04-11 12:54:53.848] [Proxy Server] Forwarding
[Fastbot][2026-04-11 12:54:53.848] --> POST http://127.0.0.1:9008/jsonrpc/0
[Fastbot][2026-04-11 12:54:53.849] Content-Type: application/json; charset=utf-8
[Fastbot][2026-04-11 12:54:53.849] Content-Length: 214
[Fastbot][2026-04-11 12:54:53.849] 
[Fastbot][2026-04-11 12:54:53.849] {"jsonrpc": "2.0", "id": 1, "method": "objInfo", "params": [{"mask": 2097153, "childOrSibling": [], "childOrSiblingSelector": [], "resourceId": "it.feio.android.omninotes.alpha:id/title", "text": "Expanded view"}]}
[Fastbot][2026-04-11 12:54:53.849] --> END POST (214-byte body)
[Fastbot][2026-04-11 12:54:53.875] <-- 200 OK  http://127.0.0.1:9008/jsonrpc/0 (25ms)
[Fastbot][2026-04-11 12:54:53.875] Content-Type: application/json
[Fastbot][2026-04-11 12:54:53.875] Date: Sat, 11 Apr 2026 12:54:53 GMT
[Fastbot][2026-04-11 12:54:53.875] Connection: keep-alive
[Fastbot][2026-04-11 12:54:53.875] Transfer-Encoding: chunked
[Fastbot][2026-04-11 12:54:53.876] 
[Fastbot][2026-04-11 12:54:53.876] {"jsonrpc":"2.0","id":1,"result":{"bounds":{"bottom":212,"left":574,"right":1025,"top":153},"childCount":0,"className":"android.widget.TextView","contentDescription":null,"packageName":"it.feio.android.omninotes.alpha","resourceName":"it.feio.android.omninotes.alpha:id/title","text":"Expanded view",...[truncated]
[Fastbot][2026-04-11 12:54:53.876] <-- END HTTP (526-byte body)
[Fastbot][2026-04-11 12:54:53.912] [Proxy Server] Detected script method: click
[Fastbot][2026-04-11 12:54:53.913] [Proxy Server] Forwarding
[Fastbot][2026-04-11 12:54:53.913] --> POST http://127.0.0.1:9008/jsonrpc/0
[Fastbot][2026-04-11 12:54:53.913] Content-Type: application/json; charset=utf-8
[Fastbot][2026-04-11 12:54:53.913] Content-Length: 72
[Fastbot][2026-04-11 12:54:53.914] 
[Fastbot][2026-04-11 12:54:53.914] {"jsonrpc": "2.0", "id": 1, "method": "click", "params": [799.5, 182.5]}
[Fastbot][2026-04-11 12:54:53.914] --> END POST (72-byte body)
[Fastbot][2026-04-11 12:54:54.050] <-- 200 OK  http://127.0.0.1:9008/jsonrpc/0 (135ms)
[Fastbot][2026-04-11 12:54:54.050] Content-Type: application/json
[Fastbot][2026-04-11 12:54:54.050] Date: Sat, 11 Apr 2026 12:54:54 GMT
[Fastbot][2026-04-11 12:54:54.050] Connection: keep-alive
[Fastbot][2026-04-11 12:54:54.050] Transfer-Encoding: chunked
[Fastbot][2026-04-11 12:54:54.051] 
[Fastbot][2026-04-11 12:54:54.051] {"jsonrpc":"2.0","id":1,"result":true}

[Fastbot][2026-04-11 12:54:54.051] <-- END HTTP (39-byte body)
[Fastbot][2026-04-11 12:54:54.804] --> POST http://127.0.0.1:9008/jsonrpc/0
[Fastbot][2026-04-11 12:54:54.804] Content-Type: application/json; charset=utf-8
[Fastbot][2026-04-11 12:54:54.804] Content-Length: 75
[Fastbot][2026-04-11 12:54:54.804] 
[Fastbot][2026-04-11 12:54:54.804] {"id":1,"jsonrpc":"2.0","method":"dumpWindowHierarchy","params":[false,50]}
[Fastbot][2026-04-11 12:54:54.805] --> END POST (75-byte body)
[Fastbot][2026-04-11 12:54:54.826] <-- 200 OK  http://127.0.0.1:9008/jsonrpc/0 (21ms)
[Fastbot][2026-04-11 12:54:54.827] Content-Type: application/json
[Fastbot][2026-04-11 12:54:54.827] Date: Sat, 11 Apr 2026 12:54:54 GMT
[Fastbot][2026-04-11 12:54:54.827] Connection: keep-alive
[Fastbot][2026-04-11 12:54:54.827] Transfer-Encoding: chunked
[Fastbot][2026-04-11 12:54:54.829] 
[Fastbot][2026-04-11 12:54:54.829] {"jsonrpc":"2.0","id":1,"result":"<?xml version='1.0' encoding='UTF-8' standalone='yes' ?>\r\n<hierarchy rotation=\"0\">\r\n  <node index=\"0\" text=\"\" resource-id=\"com.android.systemui:id/navigation_bar_frame\" class=\"android.widget.FrameLayout\" package=\"com.android.systemui\" content-desc=\"...[truncated]
[Fastbot][2026-04-11 12:54:54.829] <-- END HTTP (42595-byte body)
[Fastbot][2026-04-11 12:54:54.862] [Proxy Server] Forwarding
[Fastbot][2026-04-11 12:54:54.863] --> POST http://127.0.0.1:9008/jsonrpc/0
[Fastbot][2026-04-11 12:54:54.863] Content-Type: application/json; charset=utf-8
[Fastbot][2026-04-11 12:54:54.863] Content-Length: 154
[Fastbot][2026-04-11 12:54:54.863] 
[Fastbot][2026-04-11 12:54:54.864] {"jsonrpc": "2.0", "id": 1, "method": "exist", "params": [{"mask": 64, "childOrSibling": [], "childOrSiblingSelector": [], "description": "drawer open"}]}
[Fastbot][2026-04-11 12:54:54.864] --> END POST (154-byte body)
[Fastbot][2026-04-11 12:54:54.877] <-- 200 OK  http://127.0.0.1:9008/jsonrpc/0 (13ms)
[Fastbot][2026-04-11 12:54:54.878] Content-Type: application/json
[Fastbot][2026-04-11 12:54:54.878] Date: Sat, 11 Apr 2026 12:54:54 GMT
[Fastbot][2026-04-11 12:54:54.878] Connection: keep-alive
[Fastbot][2026-04-11 12:54:54.878] Transfer-Encoding: chunked
[Fastbot][2026-04-11 12:54:54.919] 
[Fastbot][2026-04-11 12:54:54.919] {"jsonrpc":"2.0","id":1,"result":true}

[Fastbot][2026-04-11 12:54:54.919] <-- END HTTP (39-byte body)
[Fastbot][2026-04-11 12:54:54.962] [Proxy Server] Forwarding
[Fastbot][2026-04-11 12:54:54.962] --> POST http://127.0.0.1:9008/jsonrpc/0
[Fastbot][2026-04-11 12:54:54.962] Content-Type: application/json; charset=utf-8
[Fastbot][2026-04-11 12:54:54.963] Content-Length: 169
[Fastbot][2026-04-11 12:54:54.963] 
[Fastbot][2026-04-11 12:54:54.963] {"jsonrpc": "2.0", "id": 1, "method": "waitForExists", "params": [{"mask": 64, "childOrSibling": [], "childOrSiblingSelector": [], "description": "drawer open"}, 20000]}
[Fastbot][2026-04-11 12:54:54.963] --> END POST (169-byte body)
[Fastbot][2026-04-11 12:54:54.975] <-- 200 OK  http://127.0.0.1:9008/jsonrpc/0 (11ms)
[Fastbot][2026-04-11 12:54:54.975] Content-Type: application/json
[Fastbot][2026-04-11 12:54:54.975] Date: Sat, 11 Apr 2026 12:54:54 GMT
[Fastbot][2026-04-11 12:54:54.975] Connection: keep-alive
[Fastbot][2026-04-11 12:54:54.976] Transfer-Encoding: chunked
[Fastbot][2026-04-11 12:54:54.976] 
[Fastbot][2026-04-11 12:54:54.977] {"jsonrpc":"2.0","id":1,"result":true}

[Fastbot][2026-04-11 12:54:54.977] <-- END HTTP (39-byte body)
[Fastbot][2026-04-11 12:54:55.008] [Proxy Server] Forwarding
[Fastbot][2026-04-11 12:54:55.009] --> POST http://127.0.0.1:9008/jsonrpc/0
[Fastbot][2026-04-11 12:54:55.009] Content-Type: application/json; charset=utf-8
[Fastbot][2026-04-11 12:54:55.009] Content-Length: 156
[Fastbot][2026-04-11 12:54:55.009] 
[Fastbot][2026-04-11 12:54:55.009] {"jsonrpc": "2.0", "id": 1, "method": "objInfo", "params": [{"mask": 64, "childOrSibling": [], "childOrSiblingSelector": [], "description": "drawer open"}]}
[Fastbot][2026-04-11 12:54:55.009] --> END POST (156-byte body)
[Fastbot][2026-04-11 12:54:55.036] <-- 200 OK  http://127.0.0.1:9008/jsonrpc/0 (26ms)
[Fastbot][2026-04-11 12:54:55.037] Content-Type: application/json
[Fastbot][2026-04-11 12:54:55.037] Date: Sat, 11 Apr 2026 12:54:55 GMT
[Fastbot][2026-04-11 12:54:55.037] Connection: keep-alive
[Fastbot][2026-04-11 12:54:55.037] Transfer-Encoding: chunked
[Fastbot][2026-04-11 12:54:55.038] 
[Fastbot][2026-04-11 12:54:55.038] {"jsonrpc":"2.0","id":1,"result":{"bounds":{"bottom":237,"left":0,"right":154,"top":83},"childCount":0,"className":"android.widget.ImageButton","contentDescription":"drawer open","packageName":"it.feio.android.omninotes.alpha","resourceName":null,"text":null,"visibleBounds":{"bottom":237,"left":0,"r...[truncated]
[Fastbot][2026-04-11 12:54:55.038] <-- END HTTP (479-byte body)
[Fastbot][2026-04-11 12:54:55.053] [Proxy Server] Detected script method: click
[Fastbot][2026-04-11 12:54:55.053] [Proxy Server] Forwarding
[Fastbot][2026-04-11 12:54:55.054] --> POST http://127.0.0.1:9008/jsonrpc/0
[Fastbot][2026-04-11 12:54:55.054] Content-Type: application/json; charset=utf-8
[Fastbot][2026-04-11 12:54:55.054] Content-Length: 71
[Fastbot][2026-04-11 12:54:55.054] 
[Fastbot][2026-04-11 12:54:55.054] {"jsonrpc": "2.0", "id": 1, "method": "click", "params": [77.0, 160.0]}
[Fastbot][2026-04-11 12:54:55.055] --> END POST (71-byte body)
[Fastbot][2026-04-11 12:54:55.194] <-- 200 OK  http://127.0.0.1:9008/jsonrpc/0 (138ms)
[Fastbot][2026-04-11 12:54:55.194] Content-Type: application/json
[Fastbot][2026-04-11 12:54:55.194] Date: Sat, 11 Apr 2026 12:54:55 GMT
[Fastbot][2026-04-11 12:54:55.194] Connection: keep-alive
[Fastbot][2026-04-11 12:54:55.194] Transfer-Encoding: chunked
[Fastbot][2026-04-11 12:54:55.239] 
[Fastbot][2026-04-11 12:54:55.239] {"jsonrpc":"2.0","id":1,"result":true}

[Fastbot][2026-04-11 12:54:55.239] <-- END HTTP (39-byte body)
[Fastbot][2026-04-11 12:54:55.773] [Proxy Server] Forwarding
[Fastbot][2026-04-11 12:54:55.774] --> POST http://127.0.0.1:9008/jsonrpc/0
[Fastbot][2026-04-11 12:54:55.774] Content-Type: application/json; charset=utf-8
[Fastbot][2026-04-11 12:54:55.775] Content-Length: 187
[Fastbot][2026-04-11 12:54:55.776] 
[Fastbot][2026-04-11 12:54:55.776] {"jsonrpc": "2.0", "id": 1, "method": "count", "params": [{"mask": 2097152, "childOrSibling": [], "childOrSiblingSelector": [], "resourceId": "it.feio.android.omninotes.alpha:id/count"}]}
[Fastbot][2026-04-11 12:54:55.777] --> END POST (187-byte body)
[Fastbot][2026-04-11 12:54:55.803] <-- 200 OK  http://127.0.0.1:9008/jsonrpc/0 (26ms)
[Fastbot][2026-04-11 12:54:55.803] Content-Type: application/json
[Fastbot][2026-04-11 12:54:55.803] Date: Sat, 11 Apr 2026 12:54:55 GMT
[Fastbot][2026-04-11 12:54:55.804] Connection: keep-alive
[Fastbot][2026-04-11 12:54:55.804] Transfer-Encoding: chunked
[Fastbot][2026-04-11 12:54:55.804] 
[Fastbot][2026-04-11 12:54:55.804] {"jsonrpc":"2.0","id":1,"result":2}

[Fastbot][2026-04-11 12:54:55.804] <-- END HTTP (36-byte body)
[Fastbot][2026-04-11 12:54:55.834] [Proxy Server] Forwarding
[Fastbot][2026-04-11 12:54:55.834] --> POST http://127.0.0.1:9008/jsonrpc/0
[Fastbot][2026-04-11 12:54:55.834] Content-Type: application/json; charset=utf-8
[Fastbot][2026-04-11 12:54:55.834] Content-Length: 218
[Fastbot][2026-04-11 12:54:55.834] 
[Fastbot][2026-04-11 12:54:55.834] {"jsonrpc": "2.0", "id": 1, "method": "waitForExists", "params": [{"mask": 18874368, "childOrSibling": [], "childOrSiblingSelector": [], "resourceId": "it.feio.android.omninotes.alpha:id/count", "instance": 0}, 20000]}
[Fastbot][2026-04-11 12:54:55.834] --> END POST (218-byte body)
[Fastbot][2026-04-11 12:54:55.841] <-- 200 OK  http://127.0.0.1:9008/jsonrpc/0 (6ms)
[Fastbot][2026-04-11 12:54:55.842] Content-Type: application/json
[Fastbot][2026-04-11 12:54:55.842] Date: Sat, 11 Apr 2026 12:54:55 GMT
[Fastbot][2026-04-11 12:54:55.842] Connection: keep-alive
[Fastbot][2026-04-11 12:54:55.842] Transfer-Encoding: chunked
[Fastbot][2026-04-11 12:54:55.890] 
[Fastbot][2026-04-11 12:54:55.890] {"jsonrpc":"2.0","id":1,"result":true}

[Fastbot][2026-04-11 12:54:55.891] <-- END HTTP (39-byte body)
[Fastbot][2026-04-11 12:54:55.929] [Proxy Server] Forwarding
[Fastbot][2026-04-11 12:54:55.930] --> POST http://127.0.0.1:9008/jsonrpc/0
[Fastbot][2026-04-11 12:54:55.930] Content-Type: application/json; charset=utf-8
[Fastbot][2026-04-11 12:54:55.930] Content-Length: 205
[Fastbot][2026-04-11 12:54:55.930] 
[Fastbot][2026-04-11 12:54:55.930] {"jsonrpc": "2.0", "id": 1, "method": "getText", "params": [{"mask": 18874368, "childOrSibling": [], "childOrSiblingSelector": [], "resourceId": "it.feio.android.omninotes.alpha:id/count", "instance": 0}]}
[Fastbot][2026-04-11 12:54:55.930] --> END POST (205-byte body)
[Fastbot][2026-04-11 12:54:55.939] <-- 200 OK  http://127.0.0.1:9008/jsonrpc/0 (7ms)
[Fastbot][2026-04-11 12:54:55.939] Content-Type: application/json
[Fastbot][2026-04-11 12:54:55.939] Date: Sat, 11 Apr 2026 12:54:55 GMT
[Fastbot][2026-04-11 12:54:55.939] Connection: keep-alive
[Fastbot][2026-04-11 12:54:55.939] Transfer-Encoding: chunked
[Fastbot][2026-04-11 12:54:55.940] 
[Fastbot][2026-04-11 12:54:55.940] {"jsonrpc":"2.0","id":1,"result":"0"}

[Fastbot][2026-04-11 12:54:55.940] <-- END HTTP (38-byte body)
[Fastbot][2026-04-11 12:54:55.990] [Proxy Server] Forwarding
[Fastbot][2026-04-11 12:54:55.991] --> POST http://127.0.0.1:9008/jsonrpc/0
[Fastbot][2026-04-11 12:54:55.991] Content-Type: application/json; charset=utf-8
[Fastbot][2026-04-11 12:54:55.991] Content-Length: 218
[Fastbot][2026-04-11 12:54:55.991] 
[Fastbot][2026-04-11 12:54:55.992] {"jsonrpc": "2.0", "id": 1, "method": "waitForExists", "params": [{"mask": 18874368, "childOrSibling": [], "childOrSiblingSelector": [], "resourceId": "it.feio.android.omninotes.alpha:id/count", "instance": 1}, 20000]}
[Fastbot][2026-04-11 12:54:55.992] --> END POST (218-byte body)
[Fastbot][2026-04-11 12:54:56.001] <-- 200 OK  http://127.0.0.1:9008/jsonrpc/0 (8ms)
[Fastbot][2026-04-11 12:54:56.001] Content-Type: application/json
[Fastbot][2026-04-11 12:54:56.001] Date: Sat, 11 Apr 2026 12:54:56 GMT
[Fastbot][2026-04-11 12:54:56.001] Connection: keep-alive
[Fastbot][2026-04-11 12:54:56.001] Transfer-Encoding: chunked
[Fastbot][2026-04-11 12:54:56.002] 
[Fastbot][2026-04-11 12:54:56.002] {"jsonrpc":"2.0","id":1,"result":true}

[Fastbot][2026-04-11 12:54:56.002] <-- END HTTP (39-byte body)
[Fastbot][2026-04-11 12:54:56.018] [Proxy Server] Forwarding
[Fastbot][2026-04-11 12:54:56.018] --> POST http://127.0.0.1:9008/jsonrpc/0
[Fastbot][2026-04-11 12:54:56.018] Content-Type: application/json; charset=utf-8
[Fastbot][2026-04-11 12:54:56.018] Content-Length: 205
[Fastbot][2026-04-11 12:54:56.018] 
[Fastbot][2026-04-11 12:54:56.019] {"jsonrpc": "2.0", "id": 1, "method": "getText", "params": [{"mask": 18874368, "childOrSibling": [], "childOrSiblingSelector": [], "resourceId": "it.feio.android.omninotes.alpha:id/count", "instance": 1}]}
[Fastbot][2026-04-11 12:54:56.019] --> END POST (205-byte body)
[Fastbot][2026-04-11 12:54:56.025] <-- 200 OK  http://127.0.0.1:9008/jsonrpc/0 (5ms)
[Fastbot][2026-04-11 12:54:56.025] Content-Type: application/json
[Fastbot][2026-04-11 12:54:56.025] Date: Sat, 11 Apr 2026 12:54:56 GMT
[Fastbot][2026-04-11 12:54:56.025] Connection: keep-alive
[Fastbot][2026-04-11 12:54:56.025] Transfer-Encoding: chunked
[Fastbot][2026-04-11 12:54:56.069] 
[Fastbot][2026-04-11 12:54:56.069] {"jsonrpc":"2.0","id":1,"result":"1"}

[Fastbot][2026-04-11 12:54:56.069] <-- END HTTP (38-byte body)
[Fastbot][2026-04-11 12:54:56.085] [Proxy Server] Forwarding
[Fastbot][2026-04-11 12:54:56.085] --> POST http://127.0.0.1:9008/jsonrpc/0
[Fastbot][2026-04-11 12:54:56.086] Content-Type: application/json; charset=utf-8
[Fastbot][2026-04-11 12:54:56.086] Content-Length: 187
[Fastbot][2026-04-11 12:54:56.086] 
[Fastbot][2026-04-11 12:54:56.086] {"jsonrpc": "2.0", "id": 1, "method": "count", "params": [{"mask": 2097152, "childOrSibling": [], "childOrSiblingSelector": [], "resourceId": "it.feio.android.omninotes.alpha:id/title"}]}
[Fastbot][2026-04-11 12:54:56.086] --> END POST (187-byte body)
[Fastbot][2026-04-11 12:54:56.105] <-- 200 OK  http://127.0.0.1:9008/jsonrpc/0 (18ms)
[Fastbot][2026-04-11 12:54:56.105] Content-Type: application/json
[Fastbot][2026-04-11 12:54:56.105] Date: Sat, 11 Apr 2026 12:54:56 GMT
[Fastbot][2026-04-11 12:54:56.105] Connection: keep-alive
[Fastbot][2026-04-11 12:54:56.105] Transfer-Encoding: chunked
[Fastbot][2026-04-11 12:54:56.149] 
[Fastbot][2026-04-11 12:54:56.150] {"jsonrpc":"2.0","id":1,"result":3}

[Fastbot][2026-04-11 12:54:56.150] <-- END HTTP (36-byte body)
[Fastbot][2026-04-11 12:54:56.194] [Proxy Server] Forwarding
[Fastbot][2026-04-11 12:54:56.194] --> POST http://127.0.0.1:9008/jsonrpc/0
[Fastbot][2026-04-11 12:54:56.194] Content-Type: application/json; charset=utf-8
[Fastbot][2026-04-11 12:54:56.194] Content-Length: 218
[Fastbot][2026-04-11 12:54:56.195] 
[Fastbot][2026-04-11 12:54:56.195] {"jsonrpc": "2.0", "id": 1, "method": "waitForExists", "params": [{"mask": 18874368, "childOrSibling": [], "childOrSiblingSelector": [], "resourceId": "it.feio.android.omninotes.alpha:id/title", "instance": 0}, 20000]}
[Fastbot][2026-04-11 12:54:56.195] --> END POST (218-byte body)
[Fastbot][2026-04-11 12:54:56.202] <-- 200 OK  http://127.0.0.1:9008/jsonrpc/0 (6ms)
[Fastbot][2026-04-11 12:54:56.202] Content-Type: application/json
[Fastbot][2026-04-11 12:54:56.202] Date: Sat, 11 Apr 2026 12:54:56 GMT
[Fastbot][2026-04-11 12:54:56.203] Connection: keep-alive
[Fastbot][2026-04-11 12:54:56.203] Transfer-Encoding: chunked
[Fastbot][2026-04-11 12:54:56.204] 
[Fastbot][2026-04-11 12:54:56.205] {"jsonrpc":"2.0","id":1,"result":true}

[Fastbot][2026-04-11 12:54:56.205] <-- END HTTP (39-byte body)
[Fastbot][2026-04-11 12:54:56.240] [Proxy Server] Forwarding
[Fastbot][2026-04-11 12:54:56.240] --> POST http://127.0.0.1:9008/jsonrpc/0
[Fastbot][2026-04-11 12:54:56.240] Content-Type: application/json; charset=utf-8
[Fastbot][2026-04-11 12:54:56.240] Content-Length: 205
[Fastbot][2026-04-11 12:54:56.241] 
[Fastbot][2026-04-11 12:54:56.241] {"jsonrpc": "2.0", "id": 1, "method": "getText", "params": [{"mask": 18874368, "childOrSibling": [], "childOrSiblingSelector": [], "resourceId": "it.feio.android.omninotes.alpha:id/title", "instance": 0}]}
[Fastbot][2026-04-11 12:54:56.241] --> END POST (205-byte body)
[Fastbot][2026-04-11 12:54:56.251] <-- 200 OK  http://127.0.0.1:9008/jsonrpc/0 (9ms)
[Fastbot][2026-04-11 12:54:56.251] Content-Type: application/json
[Fastbot][2026-04-11 12:54:56.251] Date: Sat, 11 Apr 2026 12:54:56 GMT
[Fastbot][2026-04-11 12:54:56.252] Connection: keep-alive
[Fastbot][2026-04-11 12:54:56.252] Transfer-Encoding: chunked
[Fastbot][2026-04-11 12:54:56.253] 
[Fastbot][2026-04-11 12:54:56.253] {"jsonrpc":"2.0","id":1,"result":"Notes"}

[Fastbot][2026-04-11 12:54:56.253] <-- END HTTP (42-byte body)
[Fastbot][2026-04-11 12:54:56.287] [Proxy Server] Forwarding
[Fastbot][2026-04-11 12:54:56.287] --> POST http://127.0.0.1:9008/jsonrpc/0
[Fastbot][2026-04-11 12:54:56.287] Content-Type: application/json; charset=utf-8
[Fastbot][2026-04-11 12:54:56.288] Content-Length: 218
[Fastbot][2026-04-11 12:54:56.288] 
[Fastbot][2026-04-11 12:54:56.288] {"jsonrpc": "2.0", "id": 1, "method": "waitForExists", "params": [{"mask": 18874368, "childOrSibling": [], "childOrSiblingSelector": [], "resourceId": "it.feio.android.omninotes.alpha:id/title", "instance": 1}, 20000]}
[Fastbot][2026-04-11 12:54:56.288] --> END POST (218-byte body)
[Fastbot][2026-04-11 12:54:56.297] <-- 200 OK  http://127.0.0.1:9008/jsonrpc/0 (8ms)
[Fastbot][2026-04-11 12:54:56.297] Content-Type: application/json
[Fastbot][2026-04-11 12:54:56.297] Date: Sat, 11 Apr 2026 12:54:56 GMT
[Fastbot][2026-04-11 12:54:56.297] Connection: keep-alive
[Fastbot][2026-04-11 12:54:56.297] Transfer-Encoding: chunked
[Fastbot][2026-04-11 12:54:56.298] 
[Fastbot][2026-04-11 12:54:56.299] {"jsonrpc":"2.0","id":1,"result":true}

[Fastbot][2026-04-11 12:54:56.299] <-- END HTTP (39-byte body)
[Fastbot][2026-04-11 12:54:56.336] [Proxy Server] Forwarding
[Fastbot][2026-04-11 12:54:56.336] --> POST http://127.0.0.1:9008/jsonrpc/0
[Fastbot][2026-04-11 12:54:56.336] Content-Type: application/json; charset=utf-8
[Fastbot][2026-04-11 12:54:56.337] Content-Length: 205
[Fastbot][2026-04-11 12:54:56.337] 
[Fastbot][2026-04-11 12:54:56.337] {"jsonrpc": "2.0", "id": 1, "method": "getText", "params": [{"mask": 18874368, "childOrSibling": [], "childOrSiblingSelector": [], "resourceId": "it.feio.android.omninotes.alpha:id/title", "instance": 1}]}
[Fastbot][2026-04-11 12:54:56.338] --> END POST (205-byte body)
[Fastbot][2026-04-11 12:54:56.347] <-- 200 OK  http://127.0.0.1:9008/jsonrpc/0 (8ms)
[Fastbot][2026-04-11 12:54:56.347] Content-Type: application/json
[Fastbot][2026-04-11 12:54:56.347] Date: Sat, 11 Apr 2026 12:54:56 GMT
[Fastbot][2026-04-11 12:54:56.347] Connection: keep-alive
[Fastbot][2026-04-11 12:54:56.347] Transfer-Encoding: chunked
[Fastbot][2026-04-11 12:54:56.348] 
[Fastbot][2026-04-11 12:54:56.348] {"jsonrpc":"2.0","id":1,"result":"WnRumb"}

[Fastbot][2026-04-11 12:54:56.349] <-- END HTTP (43-byte body)
[Fastbot][2026-04-11 12:54:56.382] [Proxy Server] Forwarding
[Fastbot][2026-04-11 12:54:56.382] --> POST http://127.0.0.1:9008/jsonrpc/0
[Fastbot][2026-04-11 12:54:56.382] Content-Type: application/json; charset=utf-8
[Fastbot][2026-04-11 12:54:56.382] Content-Length: 218
[Fastbot][2026-04-11 12:54:56.382] 
[Fastbot][2026-04-11 12:54:56.383] {"jsonrpc": "2.0", "id": 1, "method": "waitForExists", "params": [{"mask": 18874368, "childOrSibling": [], "childOrSiblingSelector": [], "resourceId": "it.feio.android.omninotes.alpha:id/title", "instance": 2}, 20000]}
[Fastbot][2026-04-11 12:54:56.383] --> END POST (218-byte body)
[Fastbot][2026-04-11 12:54:56.391] <-- 200 OK  http://127.0.0.1:9008/jsonrpc/0 (7ms)
[Fastbot][2026-04-11 12:54:56.391] Content-Type: application/json
[Fastbot][2026-04-11 12:54:56.391] Date: Sat, 11 Apr 2026 12:54:56 GMT
[Fastbot][2026-04-11 12:54:56.391] Connection: keep-alive
[Fastbot][2026-04-11 12:54:56.391] Transfer-Encoding: chunked
[Fastbot][2026-04-11 12:54:56.392] 
[Fastbot][2026-04-11 12:54:56.392] {"jsonrpc":"2.0","id":1,"result":true}

[Fastbot][2026-04-11 12:54:56.392] <-- END HTTP (39-byte body)
[Fastbot][2026-04-11 12:54:56.409] [Proxy Server] Forwarding
[Fastbot][2026-04-11 12:54:56.409] --> POST http://127.0.0.1:9008/jsonrpc/0
[Fastbot][2026-04-11 12:54:56.409] Content-Type: application/json; charset=utf-8
[Fastbot][2026-04-11 12:54:56.409] Content-Length: 205
[Fastbot][2026-04-11 12:54:56.410] 
[Fastbot][2026-04-11 12:54:56.410] {"jsonrpc": "2.0", "id": 1, "method": "getText", "params": [{"mask": 18874368, "childOrSibling": [], "childOrSiblingSelector": [], "resourceId": "it.feio.android.omninotes.alpha:id/title", "instance": 2}]}
[Fastbot][2026-04-11 12:54:56.410] --> END POST (205-byte body)
[Fastbot][2026-04-11 12:54:56.417] <-- 200 OK  http://127.0.0.1:9008/jsonrpc/0 (7ms)
[Fastbot][2026-04-11 12:54:56.418] Content-Type: application/json
[Fastbot][2026-04-11 12:54:56.418] Date: Sat, 11 Apr 2026 12:54:56 GMT
[Fastbot][2026-04-11 12:54:56.418] Connection: keep-alive
[Fastbot][2026-04-11 12:54:56.418] Transfer-Encoding: chunked
[Fastbot][2026-04-11 12:54:56.459] 
[Fastbot][2026-04-11 12:54:56.459] {"jsonrpc":"2.0","id":1,"result":"reCPsX"}

[Fastbot][2026-04-11 12:54:56.460] <-- END HTTP (43-byte body)
[Fastbot][2026-04-11 12:54:56.492] [Proxy Server] Forwarding
[Fastbot][2026-04-11 12:54:56.492] --> POST http://127.0.0.1:9008/jsonrpc/0
[Fastbot][2026-04-11 12:54:56.492] Content-Type: application/json; charset=utf-8
[Fastbot][2026-04-11 12:54:56.492] Content-Length: 187
[Fastbot][2026-04-11 12:54:56.492] 
[Fastbot][2026-04-11 12:54:56.492] {"jsonrpc": "2.0", "id": 1, "method": "count", "params": [{"mask": 2097152, "childOrSibling": [], "childOrSiblingSelector": [], "resourceId": "it.feio.android.omninotes.alpha:id/title"}]}
[Fastbot][2026-04-11 12:54:56.492] --> END POST (187-byte body)
[Fastbot][2026-04-11 12:54:56.516] <-- 200 OK  http://127.0.0.1:9008/jsonrpc/0 (23ms)
[Fastbot][2026-04-11 12:54:56.517] Content-Type: application/json
[Fastbot][2026-04-11 12:54:56.517] Date: Sat, 11 Apr 2026 12:54:56 GMT
[Fastbot][2026-04-11 12:54:56.517] Connection: keep-alive
[Fastbot][2026-04-11 12:54:56.517] Transfer-Encoding: chunked
[Fastbot][2026-04-11 12:54:56.559] 
[Fastbot][2026-04-11 12:54:56.559] {"jsonrpc":"2.0","id":1,"result":3}

[Fastbot][2026-04-11 12:54:56.559] <-- END HTTP (36-byte body)
[Fastbot][2026-04-11 12:54:56.574] [Proxy Server] Forwarding
[Fastbot][2026-04-11 12:54:56.575] --> POST http://127.0.0.1:9008/jsonrpc/0
[Fastbot][2026-04-11 12:54:56.575] Content-Type: application/json; charset=utf-8
[Fastbot][2026-04-11 12:54:56.575] Content-Length: 218
[Fastbot][2026-04-11 12:54:56.575] 
[Fastbot][2026-04-11 12:54:56.575] {"jsonrpc": "2.0", "id": 1, "method": "waitForExists", "params": [{"mask": 18874368, "childOrSibling": [], "childOrSiblingSelector": [], "resourceId": "it.feio.android.omninotes.alpha:id/title", "instance": 0}, 20000]}
[Fastbot][2026-04-11 12:54:56.575] --> END POST (218-byte body)
[Fastbot][2026-04-11 12:54:56.582] <-- 200 OK  http://127.0.0.1:9008/jsonrpc/0 (7ms)
[Fastbot][2026-04-11 12:54:56.583] Content-Type: application/json
[Fastbot][2026-04-11 12:54:56.583] Date: Sat, 11 Apr 2026 12:54:56 GMT
[Fastbot][2026-04-11 12:54:56.583] Connection: keep-alive
[Fastbot][2026-04-11 12:54:56.583] Transfer-Encoding: chunked
[Fastbot][2026-04-11 12:54:56.631] 
[Fastbot][2026-04-11 12:54:56.631] {"jsonrpc":"2.0","id":1,"result":true}

[Fastbot][2026-04-11 12:54:56.631] <-- END HTTP (39-byte body)
[Fastbot][2026-04-11 12:54:56.677] [Proxy Server] Forwarding
[Fastbot][2026-04-11 12:54:56.678] --> POST http://127.0.0.1:9008/jsonrpc/0
[Fastbot][2026-04-11 12:54:56.678] Content-Type: application/json; charset=utf-8
[Fastbot][2026-04-11 12:54:56.678] Content-Length: 205
[Fastbot][2026-04-11 12:54:56.678] 
[Fastbot][2026-04-11 12:54:56.678] {"jsonrpc": "2.0", "id": 1, "method": "getText", "params": [{"mask": 18874368, "childOrSibling": [], "childOrSiblingSelector": [], "resourceId": "it.feio.android.omninotes.alpha:id/title", "instance": 0}]}
[Fastbot][2026-04-11 12:54:56.678] --> END POST (205-byte body)
[Fastbot][2026-04-11 12:54:56.686] <-- 200 OK  http://127.0.0.1:9008/jsonrpc/0 (7ms)
[Fastbot][2026-04-11 12:54:56.686] Content-Type: application/json
[Fastbot][2026-04-11 12:54:56.686] Date: Sat, 11 Apr 2026 12:54:56 GMT
[Fastbot][2026-04-11 12:54:56.686] Connection: keep-alive
[Fastbot][2026-04-11 12:54:56.686] Transfer-Encoding: chunked
[Fastbot][2026-04-11 12:54:56.687] 
[Fastbot][2026-04-11 12:54:56.687] {"jsonrpc":"2.0","id":1,"result":"Notes"}

[Fastbot][2026-04-11 12:54:56.687] <-- END HTTP (42-byte body)
[Fastbot][2026-04-11 12:54:56.724] [Proxy Server] Forwarding
[Fastbot][2026-04-11 12:54:56.724] --> POST http://127.0.0.1:9008/jsonrpc/0
[Fastbot][2026-04-11 12:54:56.724] Content-Type: application/json; charset=utf-8
[Fastbot][2026-04-11 12:54:56.724] Content-Length: 218
[Fastbot][2026-04-11 12:54:56.725] 
[Fastbot][2026-04-11 12:54:56.725] {"jsonrpc": "2.0", "id": 1, "method": "waitForExists", "params": [{"mask": 18874368, "childOrSibling": [], "childOrSiblingSelector": [], "resourceId": "it.feio.android.omninotes.alpha:id/title", "instance": 1}, 20000]}
[Fastbot][2026-04-11 12:54:56.725] --> END POST (218-byte body)
[Fastbot][2026-04-11 12:54:56.733] <-- 200 OK  http://127.0.0.1:9008/jsonrpc/0 (7ms)
[Fastbot][2026-04-11 12:54:56.733] Content-Type: application/json
[Fastbot][2026-04-11 12:54:56.734] Date: Sat, 11 Apr 2026 12:54:56 GMT
[Fastbot][2026-04-11 12:54:56.734] Connection: keep-alive
[Fastbot][2026-04-11 12:54:56.734] Transfer-Encoding: chunked
[Fastbot][2026-04-11 12:54:56.735] 
[Fastbot][2026-04-11 12:54:56.735] {"jsonrpc":"2.0","id":1,"result":true}

[Fastbot][2026-04-11 12:54:56.735] <-- END HTTP (39-byte body)
[Fastbot][2026-04-11 12:54:56.751] [Proxy Server] Forwarding
[Fastbot][2026-04-11 12:54:56.751] --> POST http://127.0.0.1:9008/jsonrpc/0
[Fastbot][2026-04-11 12:54:56.751] Content-Type: application/json; charset=utf-8
[Fastbot][2026-04-11 12:54:56.751] Content-Length: 205
[Fastbot][2026-04-11 12:54:56.752] 
[Fastbot][2026-04-11 12:54:56.752] {"jsonrpc": "2.0", "id": 1, "method": "getText", "params": [{"mask": 18874368, "childOrSibling": [], "childOrSiblingSelector": [], "resourceId": "it.feio.android.omninotes.alpha:id/title", "instance": 1}]}
[Fastbot][2026-04-11 12:54:56.752] --> END POST (205-byte body)
[Fastbot][2026-04-11 12:54:56.758] <-- 200 OK  http://127.0.0.1:9008/jsonrpc/0 (6ms)
[Fastbot][2026-04-11 12:54:56.758] Content-Type: application/json
[Fastbot][2026-04-11 12:54:56.759] Date: Sat, 11 Apr 2026 12:54:56 GMT
[Fastbot][2026-04-11 12:54:56.759] Connection: keep-alive
[Fastbot][2026-04-11 12:54:56.760] Transfer-Encoding: chunked
[Fastbot][2026-04-11 12:54:56.799] 
[Fastbot][2026-04-11 12:54:56.800] {"jsonrpc":"2.0","id":1,"result":"WnRumb"}

[Fastbot][2026-04-11 12:54:56.800] <-- END HTTP (43-byte body)
[Fastbot][2026-04-11 12:54:56.835] [Proxy Server] Forwarding
[Fastbot][2026-04-11 12:54:56.835] --> POST http://127.0.0.1:9008/jsonrpc/0
[Fastbot][2026-04-11 12:54:56.835] Content-Type: application/json; charset=utf-8
[Fastbot][2026-04-11 12:54:56.836] Content-Length: 218
[Fastbot][2026-04-11 12:54:56.836] 
[Fastbot][2026-04-11 12:54:56.837] {"jsonrpc": "2.0", "id": 1, "method": "waitForExists", "params": [{"mask": 18874368, "childOrSibling": [], "childOrSiblingSelector": [], "resourceId": "it.feio.android.omninotes.alpha:id/title", "instance": 2}, 20000]}
[Fastbot][2026-04-11 12:54:56.837] --> END POST (218-byte body)
[Fastbot][2026-04-11 12:54:56.854] <-- 200 OK  http://127.0.0.1:9008/jsonrpc/0 (17ms)
[Fastbot][2026-04-11 12:54:56.854] Content-Type: application/json
[Fastbot][2026-04-11 12:54:56.854] Date: Sat, 11 Apr 2026 12:54:56 GMT
[Fastbot][2026-04-11 12:54:56.855] Connection: keep-alive
[Fastbot][2026-04-11 12:54:56.855] Transfer-Encoding: chunked
[Fastbot][2026-04-11 12:54:56.856] 
[Fastbot][2026-04-11 12:54:56.856] {"jsonrpc":"2.0","id":1,"result":true}

[Fastbot][2026-04-11 12:54:56.856] <-- END HTTP (39-byte body)
[Fastbot][2026-04-11 12:54:56.912] [Proxy Server] Forwarding
[Fastbot][2026-04-11 12:54:56.912] --> POST http://127.0.0.1:9008/jsonrpc/0
[Fastbot][2026-04-11 12:54:56.913] Content-Type: application/json; charset=utf-8
[Fastbot][2026-04-11 12:54:56.913] Content-Length: 205
[Fastbot][2026-04-11 12:54:56.914] 
[Fastbot][2026-04-11 12:54:56.914] {"jsonrpc": "2.0", "id": 1, "method": "getText", "params": [{"mask": 18874368, "childOrSibling": [], "childOrSiblingSelector": [], "resourceId": "it.feio.android.omninotes.alpha:id/title", "instance": 2}]}
[Fastbot][2026-04-11 12:54:56.915] --> END POST (205-byte body)
[Fastbot][2026-04-11 12:54:56.937] <-- 200 OK  http://127.0.0.1:9008/jsonrpc/0 (22ms)
[Fastbot][2026-04-11 12:54:56.938] Content-Type: application/json
[Fastbot][2026-04-11 12:54:56.938] Date: Sat, 11 Apr 2026 12:54:56 GMT
[Fastbot][2026-04-11 12:54:56.938] Connection: keep-alive
[Fastbot][2026-04-11 12:54:56.938] Transfer-Encoding: chunked
[Fastbot][2026-04-11 12:54:56.940] 
[Fastbot][2026-04-11 12:54:56.940] {"jsonrpc":"2.0","id":1,"result":"reCPsX"}

[Fastbot][2026-04-11 12:54:56.940] <-- END HTTP (43-byte body)
[Fastbot][2026-04-11 12:54:56.957] [Proxy Server] Forwarding
[Fastbot][2026-04-11 12:54:56.957] --> POST http://127.0.0.1:9008/jsonrpc/0
[Fastbot][2026-04-11 12:54:56.957] Content-Type: application/json; charset=utf-8
[Fastbot][2026-04-11 12:54:56.957] Content-Length: 220
[Fastbot][2026-04-11 12:54:56.958] 
[Fastbot][2026-04-11 12:54:56.958] {"jsonrpc": "2.0", "id": 1, "method": "waitForExists", "params": [{"mask": 2097153, "childOrSibling": [], "childOrSiblingSelector": [], "resourceId": "it.feio.android.omninotes.alpha:id/title", "text": "WnRumb"}, 20000]}
[Fastbot][2026-04-11 12:54:56.958] --> END POST (220-byte body)
[Fastbot][2026-04-11 12:54:56.991] <-- 200 OK  http://127.0.0.1:9008/jsonrpc/0 (32ms)
[Fastbot][2026-04-11 12:54:56.991] Content-Type: application/json
[Fastbot][2026-04-11 12:54:56.991] Date: Sat, 11 Apr 2026 12:54:56 GMT
[Fastbot][2026-04-11 12:54:56.992] Connection: keep-alive
[Fastbot][2026-04-11 12:54:56.992] Transfer-Encoding: chunked
[Fastbot][2026-04-11 12:54:57.039] 
[Fastbot][2026-04-11 12:54:57.039] {"jsonrpc":"2.0","id":1,"result":true}

[Fastbot][2026-04-11 12:54:57.040] <-- END HTTP (39-byte body)
[Fastbot][2026-04-11 12:54:57.083] [Proxy Server] Forwarding
[Fastbot][2026-04-11 12:54:57.083] --> POST http://127.0.0.1:9008/jsonrpc/0
[Fastbot][2026-04-11 12:54:57.084] Content-Type: application/json; charset=utf-8
[Fastbot][2026-04-11 12:54:57.084] Content-Length: 207
[Fastbot][2026-04-11 12:54:57.084] 
[Fastbot][2026-04-11 12:54:57.084] {"jsonrpc": "2.0", "id": 1, "method": "objInfo", "params": [{"mask": 2097153, "childOrSibling": [], "childOrSiblingSelector": [], "resourceId": "it.feio.android.omninotes.alpha:id/title", "text": "WnRumb"}]}
[Fastbot][2026-04-11 12:54:57.085] --> END POST (207-byte body)
[Fastbot][2026-04-11 12:54:57.118] <-- 200 OK  http://127.0.0.1:9008/jsonrpc/0 (32ms)
[Fastbot][2026-04-11 12:54:57.118] Content-Type: application/json
[Fastbot][2026-04-11 12:54:57.119] Date: Sat, 11 Apr 2026 12:54:57 GMT
[Fastbot][2026-04-11 12:54:57.119] Connection: keep-alive
[Fastbot][2026-04-11 12:54:57.119] Transfer-Encoding: chunked
[Fastbot][2026-04-11 12:54:57.120] 
[Fastbot][2026-04-11 12:54:57.120] {"jsonrpc":"2.0","id":1,"result":{"bounds":{"bottom":705,"left":121,"right":737,"top":573},"childCount":0,"className":"android.widget.TextView","contentDescription":null,"packageName":"it.feio.android.omninotes.alpha","resourceName":"it.feio.android.omninotes.alpha:id/title","text":"WnRumb","visible...[truncated]
[Fastbot][2026-04-11 12:54:57.121] <-- END HTTP (517-byte body)
[Fastbot][2026-04-11 12:54:57.159] [Proxy Server] Detected script method: click
[Fastbot][2026-04-11 12:54:57.160] [Proxy Server] Forwarding
[Fastbot][2026-04-11 12:54:57.160] --> POST http://127.0.0.1:9008/jsonrpc/0
[Fastbot][2026-04-11 12:54:57.160] Content-Type: application/json; charset=utf-8
[Fastbot][2026-04-11 12:54:57.160] Content-Length: 78
[Fastbot][2026-04-11 12:54:57.161] 
[Fastbot][2026-04-11 12:54:57.161] {"jsonrpc": "2.0", "id": 1, "method": "click", "params": [429.0, 639.0, 1500]}
[Fastbot][2026-04-11 12:54:57.161] --> END POST (78-byte body)
[Fastbot][2026-04-11 12:54:57.688] // the top activity is it.feio.android.omninotes.CategoryActivity, phone capture activity is com.android.camera.CaptureActivity
[Fastbot][2026-04-11 12:54:57.689]     // Allowing start of Intent { cmp=it.feio.android.omninotes.alpha/it.feio.android.omninotes.CategoryActivity } in package it.feio.android.omninotes.alpha
[Fastbot][2026-04-11 12:54:58.698] <-- 200 OK  http://127.0.0.1:9008/jsonrpc/0 (1536ms)
[Fastbot][2026-04-11 12:54:58.699] Content-Type: application/json
[Fastbot][2026-04-11 12:54:58.699] Date: Sat, 11 Apr 2026 12:54:58 GMT
[Fastbot][2026-04-11 12:54:58.699] Connection: keep-alive
[Fastbot][2026-04-11 12:54:58.700] Transfer-Encoding: chunked
[Fastbot][2026-04-11 12:54:58.700] 
[Fastbot][2026-04-11 12:54:58.700] {"jsonrpc":"2.0","id":1,"result":true}

[Fastbot][2026-04-11 12:54:58.700] <-- END HTTP (39-byte body)
[Fastbot][2026-04-11 12:54:59.217] // [Script] current activity is it.feio.android.omninotes.CategoryActivity
[Fastbot][2026-04-11 12:54:59.217] [Proxy Server] Forwarding
[Fastbot][2026-04-11 12:54:59.217] --> POST http://127.0.0.1:9008/jsonrpc/0
[Fastbot][2026-04-11 12:54:59.217] Content-Type: application/json; charset=utf-8
[Fastbot][2026-04-11 12:54:59.217] Content-Length: 221
[Fastbot][2026-04-11 12:54:59.218] 
[Fastbot][2026-04-11 12:54:59.218] {"jsonrpc": "2.0", "id": 1, "method": "waitForExists", "params": [{"mask": 2097153, "childOrSibling": [], "childOrSiblingSelector": [], "resourceId": "it.feio.android.omninotes.alpha:id/delete", "text": "DELETE"}, 20000]}
[Fastbot][2026-04-11 12:54:59.218] --> END POST (221-byte body)
[Fastbot][2026-04-11 12:54:59.236] <-- 200 OK  http://127.0.0.1:9008/jsonrpc/0 (17ms)
[Fastbot][2026-04-11 12:54:59.236] Content-Type: application/json
[Fastbot][2026-04-11 12:54:59.236] Date: Sat, 11 Apr 2026 12:54:59 GMT
[Fastbot][2026-04-11 12:54:59.236] Connection: keep-alive
[Fastbot][2026-04-11 12:54:59.236] Transfer-Encoding: chunked
[Fastbot][2026-04-11 12:54:59.237] 
[Fastbot][2026-04-11 12:54:59.237] {"jsonrpc":"2.0","id":1,"result":true}

[Fastbot][2026-04-11 12:54:59.237] <-- END HTTP (39-byte body)
[Fastbot][2026-04-11 12:54:59.262] [Proxy Server] Forwarding
[Fastbot][2026-04-11 12:54:59.262] --> POST http://127.0.0.1:9008/jsonrpc/0
[Fastbot][2026-04-11 12:54:59.262] Content-Type: application/json; charset=utf-8
[Fastbot][2026-04-11 12:54:59.262] Content-Length: 208
[Fastbot][2026-04-11 12:54:59.262] 
[Fastbot][2026-04-11 12:54:59.262] {"jsonrpc": "2.0", "id": 1, "method": "objInfo", "params": [{"mask": 2097153, "childOrSibling": [], "childOrSiblingSelector": [], "resourceId": "it.feio.android.omninotes.alpha:id/delete", "text": "DELETE"}]}
[Fastbot][2026-04-11 12:54:59.262] --> END POST (208-byte body)
[Fastbot][2026-04-11 12:54:59.286] <-- 200 OK  http://127.0.0.1:9008/jsonrpc/0 (23ms)
[Fastbot][2026-04-11 12:54:59.286] Content-Type: application/json
[Fastbot][2026-04-11 12:54:59.286] Date: Sat, 11 Apr 2026 12:54:59 GMT
[Fastbot][2026-04-11 12:54:59.286] Connection: keep-alive
[Fastbot][2026-04-11 12:54:59.286] Transfer-Encoding: chunked
[Fastbot][2026-04-11 12:54:59.329] 
[Fastbot][2026-04-11 12:54:59.329] {"jsonrpc":"2.0","id":1,"result":{"bounds":{"bottom":1450,"left":301,"right":543,"top":1321},"childCount":0,"className":"android.widget.Button","contentDescription":null,"packageName":"it.feio.android.omninotes.alpha","resourceName":"it.feio.android.omninotes.alpha:id/delete","text":"DELETE","visibl...[truncated]
[Fastbot][2026-04-11 12:54:59.329] <-- END HTTP (518-byte body)
[Fastbot][2026-04-11 12:54:59.344] [Proxy Server] Detected script method: click
[Fastbot][2026-04-11 12:54:59.344] [Proxy Server] Forwarding
[Fastbot][2026-04-11 12:54:59.344] --> POST http://127.0.0.1:9008/jsonrpc/0
[Fastbot][2026-04-11 12:54:59.345] Content-Type: application/json; charset=utf-8
[Fastbot][2026-04-11 12:54:59.345] Content-Length: 73
[Fastbot][2026-04-11 12:54:59.345] 
[Fastbot][2026-04-11 12:54:59.345] {"jsonrpc": "2.0", "id": 1, "method": "click", "params": [422.0, 1385.5]}
[Fastbot][2026-04-11 12:54:59.345] --> END POST (73-byte body)
[Fastbot][2026-04-11 12:54:59.484] <-- 200 OK  http://127.0.0.1:9008/jsonrpc/0 (138ms)
[Fastbot][2026-04-11 12:54:59.485] Content-Type: application/json
[Fastbot][2026-04-11 12:54:59.485] Date: Sat, 11 Apr 2026 12:54:59 GMT
[Fastbot][2026-04-11 12:54:59.485] Connection: keep-alive
[Fastbot][2026-04-11 12:54:59.485] Transfer-Encoding: chunked
[Fastbot][2026-04-11 12:54:59.530] 
[Fastbot][2026-04-11 12:54:59.531] {"jsonrpc":"2.0","id":1,"result":true}

[Fastbot][2026-04-11 12:54:59.531] <-- END HTTP (39-byte body)
[Fastbot][2026-04-11 12:55:00.072] [Proxy Server] Forwarding
[Fastbot][2026-04-11 12:55:00.072] --> POST http://127.0.0.1:9008/jsonrpc/0
[Fastbot][2026-04-11 12:55:00.072] Content-Type: application/json; charset=utf-8
[Fastbot][2026-04-11 12:55:00.072] Content-Length: 220
[Fastbot][2026-04-11 12:55:00.072] 
[Fastbot][2026-04-11 12:55:00.073] {"jsonrpc": "2.0", "id": 1, "method": "exist", "params": [{"mask": 2097153, "childOrSibling": [], "childOrSiblingSelector": [], "resourceId": "it.feio.android.omninotes.alpha:id/md_buttonDefaultPositive", "text": "OK"}]}
[Fastbot][2026-04-11 12:55:00.073] --> END POST (220-byte body)
[Fastbot][2026-04-11 12:55:00.087] <-- 200 OK  http://127.0.0.1:9008/jsonrpc/0 (14ms)
[Fastbot][2026-04-11 12:55:00.088] Content-Type: application/json
[Fastbot][2026-04-11 12:55:00.088] Date: Sat, 11 Apr 2026 12:55:00 GMT
[Fastbot][2026-04-11 12:55:00.088] Connection: keep-alive
[Fastbot][2026-04-11 12:55:00.089] Transfer-Encoding: chunked
[Fastbot][2026-04-11 12:55:00.089] 
[Fastbot][2026-04-11 12:55:00.091] {"jsonrpc":"2.0","id":1,"result":false}

[Fastbot][2026-04-11 12:55:00.091] <-- END HTTP (40-byte body)
[Fastbot][2026-04-11 12:55:00.132] [Proxy Server] Detected script method: pressKey
[Fastbot][2026-04-11 12:55:00.133] [Proxy Server] Forwarding
[Fastbot][2026-04-11 12:55:00.133] --> POST http://127.0.0.1:9008/jsonrpc/0
[Fastbot][2026-04-11 12:55:00.133] Content-Type: application/json; charset=utf-8
[Fastbot][2026-04-11 12:55:00.134] Content-Length: 69
[Fastbot][2026-04-11 12:55:00.134] 
[Fastbot][2026-04-11 12:55:00.134] {"jsonrpc": "2.0", "id": 1, "method": "pressKey", "params": ["back"]}
[Fastbot][2026-04-11 12:55:00.135] --> END POST (69-byte body)
[Fastbot][2026-04-11 12:55:01.334] <-- 200 OK  http://127.0.0.1:9008/jsonrpc/0 (1198ms)
[Fastbot][2026-04-11 12:55:01.334] Content-Type: application/json
[Fastbot][2026-04-11 12:55:01.334] Date: Sat, 11 Apr 2026 12:55:01 GMT
[Fastbot][2026-04-11 12:55:01.334] Connection: keep-alive
[Fastbot][2026-04-11 12:55:01.334] Transfer-Encoding: chunked
[Fastbot][2026-04-11 12:55:01.335] 
[Fastbot][2026-04-11 12:55:01.336] {"jsonrpc":"2.0","id":1,"result":false}

[Fastbot][2026-04-11 12:55:01.336] <-- END HTTP (40-byte body)
[Fastbot][2026-04-11 12:55:01.854] [Proxy Server] Detected script method: pressKey
[Fastbot][2026-04-11 12:55:01.854] [Proxy Server] Forwarding
[Fastbot][2026-04-11 12:55:01.854] --> POST http://127.0.0.1:9008/jsonrpc/0
[Fastbot][2026-04-11 12:55:01.854] Content-Type: application/json; charset=utf-8
[Fastbot][2026-04-11 12:55:01.855] Content-Length: 69
[Fastbot][2026-04-11 12:55:01.855] 
[Fastbot][2026-04-11 12:55:01.855] {"jsonrpc": "2.0", "id": 1, "method": "pressKey", "params": ["back"]}
[Fastbot][2026-04-11 12:55:01.855] --> END POST (69-byte body)
[Fastbot][2026-04-11 12:55:01.885]     // activityResuming(it.feio.android.omninotes.alpha)
[Fastbot][2026-04-11 12:55:02.166] <-- 200 OK  http://127.0.0.1:9008/jsonrpc/0 (310ms)
[Fastbot][2026-04-11 12:55:02.166] Content-Type: application/json
[Fastbot][2026-04-11 12:55:02.166] Date: Sat, 11 Apr 2026 12:55:02 GMT
[Fastbot][2026-04-11 12:55:02.166] Connection: keep-alive
[Fastbot][2026-04-11 12:55:02.166] Transfer-Encoding: chunked
[Fastbot][2026-04-11 12:55:02.166] 
[Fastbot][2026-04-11 12:55:02.166] {"jsonrpc":"2.0","id":1,"result":true}

[Fastbot][2026-04-11 12:55:02.167] <-- END HTTP (39-byte body)
[Fastbot][2026-04-11 12:55:02.683] // [Script] current activity is it.feio.android.omninotes.MainActivity
[Fastbot][2026-04-11 12:55:02.683] [Proxy Server] Detected script method: pressKey
[Fastbot][2026-04-11 12:55:02.683] [Proxy Server] Forwarding
[Fastbot][2026-04-11 12:55:02.684] --> POST http://127.0.0.1:9008/jsonrpc/0
[Fastbot][2026-04-11 12:55:02.684] Content-Type: application/json; charset=utf-8
[Fastbot][2026-04-11 12:55:02.684] Content-Length: 69
[Fastbot][2026-04-11 12:55:02.684] 
[Fastbot][2026-04-11 12:55:02.684] {"jsonrpc": "2.0", "id": 1, "method": "pressKey", "params": ["back"]}
[Fastbot][2026-04-11 12:55:02.685] --> END POST (69-byte body)
[Fastbot][2026-04-11 12:55:02.723] <-- 200 OK  http://127.0.0.1:9008/jsonrpc/0 (38ms)
[Fastbot][2026-04-11 12:55:02.723] Content-Type: application/json
[Fastbot][2026-04-11 12:55:02.723] Date: Sat, 11 Apr 2026 12:55:02 GMT
[Fastbot][2026-04-11 12:55:02.723] Connection: keep-alive
[Fastbot][2026-04-11 12:55:02.724] Transfer-Encoding: chunked
[Fastbot][2026-04-11 12:55:02.725] 
[Fastbot][2026-04-11 12:55:02.725] {"jsonrpc":"2.0","id":1,"result":true}

[Fastbot][2026-04-11 12:55:02.725] <-- END HTTP (39-byte body)
[Fastbot][2026-04-11 12:55:03.471] --> POST http://127.0.0.1:9008/jsonrpc/0
[Fastbot][2026-04-11 12:55:03.471] Content-Type: application/json; charset=utf-8
[Fastbot][2026-04-11 12:55:03.472] Content-Length: 75
[Fastbot][2026-04-11 12:55:03.472] 
[Fastbot][2026-04-11 12:55:03.472] {"id":1,"jsonrpc":"2.0","method":"dumpWindowHierarchy","params":[false,50]}
[Fastbot][2026-04-11 12:55:03.472] --> END POST (75-byte body)
[Fastbot][2026-04-11 12:55:03.507] <-- 200 OK  http://127.0.0.1:9008/jsonrpc/0 (34ms)
[Fastbot][2026-04-11 12:55:03.508] Content-Type: application/json
[Fastbot][2026-04-11 12:55:03.508] Date: Sat, 11 Apr 2026 12:55:03 GMT
[Fastbot][2026-04-11 12:55:03.508] Connection: keep-alive
[Fastbot][2026-04-11 12:55:03.508] Transfer-Encoding: chunked
[Fastbot][2026-04-11 12:55:03.510] 
[Fastbot][2026-04-11 12:55:03.511] {"jsonrpc":"2.0","id":1,"result":"<?xml version='1.0' encoding='UTF-8' standalone='yes' ?>\r\n<hierarchy rotation=\"0\">\r\n  <node index=\"0\" text=\"\" resource-id=\"com.android.systemui:id/navigation_bar_frame\" class=\"android.widget.FrameLayout\" package=\"com.android.systemui\" content-desc=\"...[truncated]
[Fastbot][2026-04-11 12:55:03.511] <-- END HTTP (42597-byte body)
[Fastbot][2026-04-11 12:55:03.565] [Proxy Server] Forwarding
[Fastbot][2026-04-11 12:55:03.565] --> POST http://127.0.0.1:9008/jsonrpc/0
[Fastbot][2026-04-11 12:55:03.565] Content-Type: application/json; charset=utf-8
[Fastbot][2026-04-11 12:55:03.566] Content-Length: 211
[Fastbot][2026-04-11 12:55:03.566] 
[Fastbot][2026-04-11 12:55:03.566] {"jsonrpc": "2.0", "id": 1, "method": "waitForExists", "params": [{"mask": 80, "childOrSibling": [], "childOrSiblingSelector": [], "className": "android.widget.ImageView", "description": "More options"}, 20000]}
[Fastbot][2026-04-11 12:55:03.566] --> END POST (211-byte body)
[Fastbot][2026-04-11 12:55:03.581] <-- 200 OK  http://127.0.0.1:9008/jsonrpc/0 (14ms)
[Fastbot][2026-04-11 12:55:03.582] Content-Type: application/json
[Fastbot][2026-04-11 12:55:03.582] Date: Sat, 11 Apr 2026 12:55:03 GMT
[Fastbot][2026-04-11 12:55:03.582] Connection: keep-alive
[Fastbot][2026-04-11 12:55:03.582] Transfer-Encoding: chunked
[Fastbot][2026-04-11 12:55:03.583] 
[Fastbot][2026-04-11 12:55:03.583] {"jsonrpc":"2.0","id":1,"result":true}

[Fastbot][2026-04-11 12:55:03.583] <-- END HTTP (39-byte body)
[Fastbot][2026-04-11 12:55:03.612] [Proxy Server] Forwarding
[Fastbot][2026-04-11 12:55:03.612] --> POST http://127.0.0.1:9008/jsonrpc/0
[Fastbot][2026-04-11 12:55:03.613] Content-Type: application/json; charset=utf-8
[Fastbot][2026-04-11 12:55:03.613] Content-Length: 198
[Fastbot][2026-04-11 12:55:03.613] 
[Fastbot][2026-04-11 12:55:03.613] {"jsonrpc": "2.0", "id": 1, "method": "objInfo", "params": [{"mask": 80, "childOrSibling": [], "childOrSiblingSelector": [], "className": "android.widget.ImageView", "description": "More options"}]}
[Fastbot][2026-04-11 12:55:03.614] --> END POST (198-byte body)
[Fastbot][2026-04-11 12:55:03.645] <-- 200 OK  http://127.0.0.1:9008/jsonrpc/0 (31ms)
[Fastbot][2026-04-11 12:55:03.645] Content-Type: application/json
[Fastbot][2026-04-11 12:55:03.645] Date: Sat, 11 Apr 2026 12:55:03 GMT
[Fastbot][2026-04-11 12:55:03.645] Connection: keep-alive
[Fastbot][2026-04-11 12:55:03.645] Transfer-Encoding: chunked
[Fastbot][2026-04-11 12:55:03.691] 
[Fastbot][2026-04-11 12:55:03.691] {"jsonrpc":"2.0","id":1,"result":{"bounds":{"bottom":226,"left":969,"right":1080,"top":94},"childCount":0,"className":"android.widget.ImageView","contentDescription":"More options","packageName":"it.feio.android.omninotes.alpha","resourceName":null,"text":null,"visibleBounds":{"bottom":226,"left":96...[truncated]
[Fastbot][2026-04-11 12:55:03.691] <-- END HTTP (483-byte body)
[Fastbot][2026-04-11 12:55:03.721] [Proxy Server] Detected script method: click
[Fastbot][2026-04-11 12:55:03.722] [Proxy Server] Forwarding
[Fastbot][2026-04-11 12:55:03.722] --> POST http://127.0.0.1:9008/jsonrpc/0
[Fastbot][2026-04-11 12:55:03.723] Content-Type: application/json; charset=utf-8
[Fastbot][2026-04-11 12:55:03.723] Content-Length: 73
[Fastbot][2026-04-11 12:55:03.723] 
[Fastbot][2026-04-11 12:55:03.723] {"jsonrpc": "2.0", "id": 1, "method": "click", "params": [1024.5, 160.0]}
[Fastbot][2026-04-11 12:55:03.724] --> END POST (73-byte body)
[Fastbot][2026-04-11 12:55:03.849] <-- 200 OK  http://127.0.0.1:9008/jsonrpc/0 (124ms)
[Fastbot][2026-04-11 12:55:03.849] Content-Type: application/json
[Fastbot][2026-04-11 12:55:03.849] Date: Sat, 11 Apr 2026 12:55:03 GMT
[Fastbot][2026-04-11 12:55:03.850] Connection: keep-alive
[Fastbot][2026-04-11 12:55:03.850] Transfer-Encoding: chunked
[Fastbot][2026-04-11 12:55:03.902] 
[Fastbot][2026-04-11 12:55:03.903] {"jsonrpc":"2.0","id":1,"result":true}

[Fastbot][2026-04-11 12:55:03.903] <-- END HTTP (39-byte body)
[Fastbot][2026-04-11 12:55:04.419] [Proxy Server] Forwarding
[Fastbot][2026-04-11 12:55:04.419] --> POST http://127.0.0.1:9008/jsonrpc/0
[Fastbot][2026-04-11 12:55:04.420] Content-Type: application/json; charset=utf-8
[Fastbot][2026-04-11 12:55:04.420] Content-Length: 212
[Fastbot][2026-04-11 12:55:04.420] 
[Fastbot][2026-04-11 12:55:04.420] {"jsonrpc": "2.0", "id": 1, "method": "exist", "params": [{"mask": 2097153, "childOrSibling": [], "childOrSiblingSelector": [], "resourceId": "it.feio.android.omninotes.alpha:id/title", "text": "Expanded view"}]}
[Fastbot][2026-04-11 12:55:04.421] --> END POST (212-byte body)
[Fastbot][2026-04-11 12:55:04.436] <-- 200 OK  http://127.0.0.1:9008/jsonrpc/0 (15ms)
[Fastbot][2026-04-11 12:55:04.436] Content-Type: application/json
[Fastbot][2026-04-11 12:55:04.437] Date: Sat, 11 Apr 2026 12:55:04 GMT
[Fastbot][2026-04-11 12:55:04.437] Connection: keep-alive
[Fastbot][2026-04-11 12:55:04.437] Transfer-Encoding: chunked
[Fastbot][2026-04-11 12:55:04.438] 
[Fastbot][2026-04-11 12:55:04.438] {"jsonrpc":"2.0","id":1,"result":false}

[Fastbot][2026-04-11 12:55:04.438] <-- END HTTP (40-byte body)
[Fastbot][2026-04-11 12:55:04.470] [Proxy Server] Forwarding
[Fastbot][2026-04-11 12:55:04.471] --> POST http://127.0.0.1:9008/jsonrpc/0
[Fastbot][2026-04-11 12:55:04.471] Content-Type: application/json; charset=utf-8
[Fastbot][2026-04-11 12:55:04.471] Content-Length: 226
[Fastbot][2026-04-11 12:55:04.471] 
[Fastbot][2026-04-11 12:55:04.471] {"jsonrpc": "2.0", "id": 1, "method": "waitForExists", "params": [{"mask": 2097153, "childOrSibling": [], "childOrSiblingSelector": [], "resourceId": "it.feio.android.omninotes.alpha:id/title", "text": "Reduced view"}, 20000]}
[Fastbot][2026-04-11 12:55:04.472] --> END POST (226-byte body)
[Fastbot][2026-04-11 12:55:04.483] <-- 200 OK  http://127.0.0.1:9008/jsonrpc/0 (11ms)
[Fastbot][2026-04-11 12:55:04.483] Content-Type: application/json
[Fastbot][2026-04-11 12:55:04.484] Date: Sat, 11 Apr 2026 12:55:04 GMT
[Fastbot][2026-04-11 12:55:04.484] Connection: keep-alive
[Fastbot][2026-04-11 12:55:04.484] Transfer-Encoding: chunked
[Fastbot][2026-04-11 12:55:04.484] 
[Fastbot][2026-04-11 12:55:04.484] {"jsonrpc":"2.0","id":1,"result":true}

[Fastbot][2026-04-11 12:55:04.484] <-- END HTTP (39-byte body)
[Fastbot][2026-04-11 12:55:04.501] [Proxy Server] Forwarding
[Fastbot][2026-04-11 12:55:04.501] --> POST http://127.0.0.1:9008/jsonrpc/0
[Fastbot][2026-04-11 12:55:04.502] Content-Type: application/json; charset=utf-8
[Fastbot][2026-04-11 12:55:04.502] Content-Length: 213
[Fastbot][2026-04-11 12:55:04.502] 
[Fastbot][2026-04-11 12:55:04.502] {"jsonrpc": "2.0", "id": 1, "method": "objInfo", "params": [{"mask": 2097153, "childOrSibling": [], "childOrSiblingSelector": [], "resourceId": "it.feio.android.omninotes.alpha:id/title", "text": "Reduced view"}]}
[Fastbot][2026-04-11 12:55:04.502] --> END POST (213-byte body)
[Fastbot][2026-04-11 12:55:04.534] <-- 200 OK  http://127.0.0.1:9008/jsonrpc/0 (31ms)
[Fastbot][2026-04-11 12:55:04.534] Content-Type: application/json
[Fastbot][2026-04-11 12:55:04.534] Date: Sat, 11 Apr 2026 12:55:04 GMT
[Fastbot][2026-04-11 12:55:04.534] Connection: keep-alive
[Fastbot][2026-04-11 12:55:04.534] Transfer-Encoding: chunked
[Fastbot][2026-04-11 12:55:04.580] 
[Fastbot][2026-04-11 12:55:04.580] {"jsonrpc":"2.0","id":1,"result":{"bounds":{"bottom":212,"left":574,"right":1025,"top":153},"childCount":0,"className":"android.widget.TextView","contentDescription":null,"packageName":"it.feio.android.omninotes.alpha","resourceName":"it.feio.android.omninotes.alpha:id/title","text":"Reduced view","...[truncated]
[Fastbot][2026-04-11 12:55:04.581] <-- END HTTP (525-byte body)
[Fastbot][2026-04-11 12:55:04.597] [Proxy Server] Detected script method: click
[Fastbot][2026-04-11 12:55:04.598] [Proxy Server] Forwarding
[Fastbot][2026-04-11 12:55:04.598] --> POST http://127.0.0.1:9008/jsonrpc/0
[Fastbot][2026-04-11 12:55:04.598] Content-Type: application/json; charset=utf-8
[Fastbot][2026-04-11 12:55:04.598] Content-Length: 72
[Fastbot][2026-04-11 12:55:04.599] 
[Fastbot][2026-04-11 12:55:04.599] {"jsonrpc": "2.0", "id": 1, "method": "click", "params": [799.5, 182.5]}
[Fastbot][2026-04-11 12:55:04.599] --> END POST (72-byte body)
[Fastbot][2026-04-11 12:55:04.731] <-- 200 OK  http://127.0.0.1:9008/jsonrpc/0 (131ms)
[Fastbot][2026-04-11 12:55:04.731] Content-Type: application/json
[Fastbot][2026-04-11 12:55:04.731] Date: Sat, 11 Apr 2026 12:55:04 GMT
[Fastbot][2026-04-11 12:55:04.731] Connection: keep-alive
[Fastbot][2026-04-11 12:55:04.731] Transfer-Encoding: chunked
[Fastbot][2026-04-11 12:55:04.780] 
[Fastbot][2026-04-11 12:55:04.780] {"jsonrpc":"2.0","id":1,"result":true}

[Fastbot][2026-04-11 12:55:04.780] <-- END HTTP (39-byte body)
[Fastbot][2026-04-11 12:55:05.299] [Proxy Server] Forwarding
[Fastbot][2026-04-11 12:55:05.299] --> POST http://127.0.0.1:9008/jsonrpc/0
[Fastbot][2026-04-11 12:55:05.299] Content-Type: application/json; charset=utf-8
[Fastbot][2026-04-11 12:55:05.299] Content-Length: 211
[Fastbot][2026-04-11 12:55:05.299] 
[Fastbot][2026-04-11 12:55:05.300] {"jsonrpc": "2.0", "id": 1, "method": "waitForExists", "params": [{"mask": 80, "childOrSibling": [], "childOrSiblingSelector": [], "className": "android.widget.ImageView", "description": "More options"}, 20000]}
[Fastbot][2026-04-11 12:55:05.300] --> END POST (211-byte body)
[Fastbot][2026-04-11 12:55:05.319] <-- 200 OK  http://127.0.0.1:9008/jsonrpc/0 (19ms)
[Fastbot][2026-04-11 12:55:05.320] Content-Type: application/json
[Fastbot][2026-04-11 12:55:05.320] Date: Sat, 11 Apr 2026 12:55:05 GMT
[Fastbot][2026-04-11 12:55:05.320] Connection: keep-alive
[Fastbot][2026-04-11 12:55:05.320] Transfer-Encoding: chunked
[Fastbot][2026-04-11 12:55:05.321] 
[Fastbot][2026-04-11 12:55:05.321] {"jsonrpc":"2.0","id":1,"result":true}

[Fastbot][2026-04-11 12:55:05.321] <-- END HTTP (39-byte body)
[Fastbot][2026-04-11 12:55:05.358] [Proxy Server] Forwarding
[Fastbot][2026-04-11 12:55:05.358] --> POST http://127.0.0.1:9008/jsonrpc/0
[Fastbot][2026-04-11 12:55:05.359] Content-Type: application/json; charset=utf-8
[Fastbot][2026-04-11 12:55:05.359] Content-Length: 198
[Fastbot][2026-04-11 12:55:05.359] 
[Fastbot][2026-04-11 12:55:05.359] {"jsonrpc": "2.0", "id": 1, "method": "objInfo", "params": [{"mask": 80, "childOrSibling": [], "childOrSiblingSelector": [], "className": "android.widget.ImageView", "description": "More options"}]}
[Fastbot][2026-04-11 12:55:05.359] --> END POST (198-byte body)
[Fastbot][2026-04-11 12:55:05.396] <-- 200 OK  http://127.0.0.1:9008/jsonrpc/0 (36ms)
[Fastbot][2026-04-11 12:55:05.396] Content-Type: application/json
[Fastbot][2026-04-11 12:55:05.396] Date: Sat, 11 Apr 2026 12:55:05 GMT
[Fastbot][2026-04-11 12:55:05.397] Connection: keep-alive
[Fastbot][2026-04-11 12:55:05.397] Transfer-Encoding: chunked
[Fastbot][2026-04-11 12:55:05.397] 
[Fastbot][2026-04-11 12:55:05.398] {"jsonrpc":"2.0","id":1,"result":{"bounds":{"bottom":226,"left":969,"right":1080,"top":94},"childCount":0,"className":"android.widget.ImageView","contentDescription":"More options","packageName":"it.feio.android.omninotes.alpha","resourceName":null,"text":null,"visibleBounds":{"bottom":226,"left":96...[truncated]
[Fastbot][2026-04-11 12:55:05.398] <-- END HTTP (483-byte body)
[Fastbot][2026-04-11 12:55:05.415] [Proxy Server] Detected script method: click
[Fastbot][2026-04-11 12:55:05.416] [Proxy Server] Forwarding
[Fastbot][2026-04-11 12:55:05.416] --> POST http://127.0.0.1:9008/jsonrpc/0
[Fastbot][2026-04-11 12:55:05.417] Content-Type: application/json; charset=utf-8
[Fastbot][2026-04-11 12:55:05.417] Content-Length: 73
[Fastbot][2026-04-11 12:55:05.417] 
[Fastbot][2026-04-11 12:55:05.417] {"jsonrpc": "2.0", "id": 1, "method": "click", "params": [1024.5, 160.0]}
[Fastbot][2026-04-11 12:55:05.417] --> END POST (73-byte body)
[Fastbot][2026-04-11 12:55:05.555] <-- 200 OK  http://127.0.0.1:9008/jsonrpc/0 (137ms)
[Fastbot][2026-04-11 12:55:05.555] Content-Type: application/json
[Fastbot][2026-04-11 12:55:05.555] Date: Sat, 11 Apr 2026 12:55:05 GMT
[Fastbot][2026-04-11 12:55:05.555] Connection: keep-alive
[Fastbot][2026-04-11 12:55:05.556] Transfer-Encoding: chunked
[Fastbot][2026-04-11 12:55:05.609] 
[Fastbot][2026-04-11 12:55:05.610] {"jsonrpc":"2.0","id":1,"result":true}

[Fastbot][2026-04-11 12:55:05.610] <-- END HTTP (39-byte body)
[Fastbot][2026-04-11 12:55:06.146] [Proxy Server] Forwarding
[Fastbot][2026-04-11 12:55:06.147] --> POST http://127.0.0.1:9008/jsonrpc/0
[Fastbot][2026-04-11 12:55:06.147] Content-Type: application/json; charset=utf-8
[Fastbot][2026-04-11 12:55:06.148] Content-Length: 227
[Fastbot][2026-04-11 12:55:06.149] 
[Fastbot][2026-04-11 12:55:06.149] {"jsonrpc": "2.0", "id": 1, "method": "waitForExists", "params": [{"mask": 2097153, "childOrSibling": [], "childOrSiblingSelector": [], "resourceId": "it.feio.android.omninotes.alpha:id/title", "text": "Expanded view"}, 20000]}
[Fastbot][2026-04-11 12:55:06.149] --> END POST (227-byte body)
[Fastbot][2026-04-11 12:55:06.161] <-- 200 OK  http://127.0.0.1:9008/jsonrpc/0 (12ms)
[Fastbot][2026-04-11 12:55:06.161] Content-Type: application/json
[Fastbot][2026-04-11 12:55:06.161] Date: Sat, 11 Apr 2026 12:55:06 GMT
[Fastbot][2026-04-11 12:55:06.162] Connection: keep-alive
[Fastbot][2026-04-11 12:55:06.162] Transfer-Encoding: chunked
[Fastbot][2026-04-11 12:55:06.163] 
[Fastbot][2026-04-11 12:55:06.163] {"jsonrpc":"2.0","id":1,"result":true}

[Fastbot][2026-04-11 12:55:06.164] <-- END HTTP (39-byte body)
[Fastbot][2026-04-11 12:55:06.198] [Proxy Server] Forwarding
[Fastbot][2026-04-11 12:55:06.200] --> POST http://127.0.0.1:9008/jsonrpc/0
[Fastbot][2026-04-11 12:55:06.200] Content-Type: application/json; charset=utf-8
[Fastbot][2026-04-11 12:55:06.200] Content-Length: 214
[Fastbot][2026-04-11 12:55:06.201] 
[Fastbot][2026-04-11 12:55:06.202] {"jsonrpc": "2.0", "id": 1, "method": "objInfo", "params": [{"mask": 2097153, "childOrSibling": [], "childOrSiblingSelector": [], "resourceId": "it.feio.android.omninotes.alpha:id/title", "text": "Expanded view"}]}
[Fastbot][2026-04-11 12:55:06.202] --> END POST (214-byte body)
[Fastbot][2026-04-11 12:55:06.233] <-- 200 OK  http://127.0.0.1:9008/jsonrpc/0 (30ms)
[Fastbot][2026-04-11 12:55:06.233] Content-Type: application/json
[Fastbot][2026-04-11 12:55:06.233] Date: Sat, 11 Apr 2026 12:55:06 GMT
[Fastbot][2026-04-11 12:55:06.233] Connection: keep-alive
[Fastbot][2026-04-11 12:55:06.233] Transfer-Encoding: chunked
[Fastbot][2026-04-11 12:55:06.234] 
[Fastbot][2026-04-11 12:55:06.234] {"jsonrpc":"2.0","id":1,"result":{"bounds":{"bottom":212,"left":574,"right":1025,"top":153},"childCount":0,"className":"android.widget.TextView","contentDescription":null,"packageName":"it.feio.android.omninotes.alpha","resourceName":"it.feio.android.omninotes.alpha:id/title","text":"Expanded view",...[truncated]
[Fastbot][2026-04-11 12:55:06.234] <-- END HTTP (526-byte body)
[Fastbot][2026-04-11 12:55:06.286] [Proxy Server] Detected script method: click
[Fastbot][2026-04-11 12:55:06.287] [Proxy Server] Forwarding
[Fastbot][2026-04-11 12:55:06.287] --> POST http://127.0.0.1:9008/jsonrpc/0
[Fastbot][2026-04-11 12:55:06.288] Content-Type: application/json; charset=utf-8
[Fastbot][2026-04-11 12:55:06.288] Content-Length: 72
[Fastbot][2026-04-11 12:55:06.288] 
[Fastbot][2026-04-11 12:55:06.289] {"jsonrpc": "2.0", "id": 1, "method": "click", "params": [799.5, 182.5]}
[Fastbot][2026-04-11 12:55:06.289] --> END POST (72-byte body)
[Fastbot][2026-04-11 12:55:06.420] <-- 200 OK  http://127.0.0.1:9008/jsonrpc/0 (130ms)
[Fastbot][2026-04-11 12:55:06.421] Content-Type: application/json
[Fastbot][2026-04-11 12:55:06.421] Date: Sat, 11 Apr 2026 12:55:06 GMT
[Fastbot][2026-04-11 12:55:06.421] Connection: keep-alive
[Fastbot][2026-04-11 12:55:06.421] Transfer-Encoding: chunked
[Fastbot][2026-04-11 12:55:06.421] 
[Fastbot][2026-04-11 12:55:06.422] {"jsonrpc":"2.0","id":1,"result":true}

[Fastbot][2026-04-11 12:55:06.422] <-- END HTTP (39-byte body)
[Fastbot][2026-04-11 12:55:07.178] --> POST http://127.0.0.1:9008/jsonrpc/0
[Fastbot][2026-04-11 12:55:07.178] Content-Type: application/json; charset=utf-8
[Fastbot][2026-04-11 12:55:07.179] Content-Length: 75
[Fastbot][2026-04-11 12:55:07.179] 
[Fastbot][2026-04-11 12:55:07.180] {"id":1,"jsonrpc":"2.0","method":"dumpWindowHierarchy","params":[false,50]}
[Fastbot][2026-04-11 12:55:07.180] --> END POST (75-byte body)
[Fastbot][2026-04-11 12:55:07.205] <-- 200 OK  http://127.0.0.1:9008/jsonrpc/0 (24ms)
[Fastbot][2026-04-11 12:55:07.205] Content-Type: application/json
[Fastbot][2026-04-11 12:55:07.205] Date: Sat, 11 Apr 2026 12:55:07 GMT
[Fastbot][2026-04-11 12:55:07.206] Connection: keep-alive
[Fastbot][2026-04-11 12:55:07.206] Transfer-Encoding: chunked
[Fastbot][2026-04-11 12:55:07.208] 
[Fastbot][2026-04-11 12:55:07.208] {"jsonrpc":"2.0","id":1,"result":"<?xml version='1.0' encoding='UTF-8' standalone='yes' ?>\r\n<hierarchy rotation=\"0\">\r\n  <node index=\"0\" text=\"\" resource-id=\"com.android.systemui:id/navigation_bar_frame\" class=\"android.widget.FrameLayout\" package=\"com.android.systemui\" content-desc=\"...[truncated]
[Fastbot][2026-04-11 12:55:07.208] <-- END HTTP (42595-byte body)
[Fastbot][2026-04-11 12:55:07.256] [Proxy Server] Forwarding
[Fastbot][2026-04-11 12:55:07.257] --> POST http://127.0.0.1:9008/jsonrpc/0
[Fastbot][2026-04-11 12:55:07.258] Content-Type: application/json; charset=utf-8
[Fastbot][2026-04-11 12:55:07.258] Content-Length: 154
[Fastbot][2026-04-11 12:55:07.258] 
[Fastbot][2026-04-11 12:55:07.258] {"jsonrpc": "2.0", "id": 1, "method": "exist", "params": [{"mask": 64, "childOrSibling": [], "childOrSiblingSelector": [], "description": "drawer open"}]}
[Fastbot][2026-04-11 12:55:07.258] --> END POST (154-byte body)
[Fastbot][2026-04-11 12:55:07.271] <-- 200 OK  http://127.0.0.1:9008/jsonrpc/0 (13ms)
[Fastbot][2026-04-11 12:55:07.272] Content-Type: application/json
[Fastbot][2026-04-11 12:55:07.272] Date: Sat, 11 Apr 2026 12:55:07 GMT
[Fastbot][2026-04-11 12:55:07.272] Connection: keep-alive
[Fastbot][2026-04-11 12:55:07.273] Transfer-Encoding: chunked
[Fastbot][2026-04-11 12:55:07.274] 
[Fastbot][2026-04-11 12:55:07.274] {"jsonrpc":"2.0","id":1,"result":true}

[Fastbot][2026-04-11 12:55:07.274] <-- END HTTP (39-byte body)
[Fastbot][2026-04-11 12:55:07.318] [Proxy Server] Forwarding
[Fastbot][2026-04-11 12:55:07.318] --> POST http://127.0.0.1:9008/jsonrpc/0
[Fastbot][2026-04-11 12:55:07.319] Content-Type: application/json; charset=utf-8
[Fastbot][2026-04-11 12:55:07.319] Content-Length: 169
[Fastbot][2026-04-11 12:55:07.319] 
[Fastbot][2026-04-11 12:55:07.319] {"jsonrpc": "2.0", "id": 1, "method": "waitForExists", "params": [{"mask": 64, "childOrSibling": [], "childOrSiblingSelector": [], "description": "drawer open"}, 20000]}
[Fastbot][2026-04-11 12:55:07.320] --> END POST (169-byte body)
[Fastbot][2026-04-11 12:55:07.334] <-- 200 OK  http://127.0.0.1:9008/jsonrpc/0 (14ms)
[Fastbot][2026-04-11 12:55:07.334] Content-Type: application/json
[Fastbot][2026-04-11 12:55:07.334] Date: Sat, 11 Apr 2026 12:55:07 GMT
[Fastbot][2026-04-11 12:55:07.334] Connection: keep-alive
[Fastbot][2026-04-11 12:55:07.335] Transfer-Encoding: chunked
[Fastbot][2026-04-11 12:55:07.335] 
[Fastbot][2026-04-11 12:55:07.335] {"jsonrpc":"2.0","id":1,"result":true}

[Fastbot][2026-04-11 12:55:07.335] <-- END HTTP (39-byte body)
[Fastbot][2026-04-11 12:55:07.366] [Proxy Server] Forwarding
[Fastbot][2026-04-11 12:55:07.366] --> POST http://127.0.0.1:9008/jsonrpc/0
[Fastbot][2026-04-11 12:55:07.366] Content-Type: application/json; charset=utf-8
[Fastbot][2026-04-11 12:55:07.366] Content-Length: 156
[Fastbot][2026-04-11 12:55:07.367] 
[Fastbot][2026-04-11 12:55:07.367] {"jsonrpc": "2.0", "id": 1, "method": "objInfo", "params": [{"mask": 64, "childOrSibling": [], "childOrSiblingSelector": [], "description": "drawer open"}]}
[Fastbot][2026-04-11 12:55:07.367] --> END POST (156-byte body)
[Fastbot][2026-04-11 12:55:07.397] <-- 200 OK  http://127.0.0.1:9008/jsonrpc/0 (30ms)
[Fastbot][2026-04-11 12:55:07.397] Content-Type: application/json
[Fastbot][2026-04-11 12:55:07.398] Date: Sat, 11 Apr 2026 12:55:07 GMT
[Fastbot][2026-04-11 12:55:07.398] Connection: keep-alive
[Fastbot][2026-04-11 12:55:07.398] Transfer-Encoding: chunked
[Fastbot][2026-04-11 12:55:07.399] 
[Fastbot][2026-04-11 12:55:07.399] {"jsonrpc":"2.0","id":1,"result":{"bounds":{"bottom":237,"left":0,"right":154,"top":83},"childCount":0,"className":"android.widget.ImageButton","contentDescription":"drawer open","packageName":"it.feio.android.omninotes.alpha","resourceName":null,"text":null,"visibleBounds":{"bottom":237,"left":0,"r...[truncated]
[Fastbot][2026-04-11 12:55:07.399] <-- END HTTP (479-byte body)
[Fastbot][2026-04-11 12:55:07.430] [Proxy Server] Detected script method: click
[Fastbot][2026-04-11 12:55:07.430] [Proxy Server] Forwarding
[Fastbot][2026-04-11 12:55:07.431] --> POST http://127.0.0.1:9008/jsonrpc/0
[Fastbot][2026-04-11 12:55:07.431] Content-Type: application/json; charset=utf-8
[Fastbot][2026-04-11 12:55:07.431] Content-Length: 71
[Fastbot][2026-04-11 12:55:07.432] 
[Fastbot][2026-04-11 12:55:07.432] {"jsonrpc": "2.0", "id": 1, "method": "click", "params": [77.0, 160.0]}
[Fastbot][2026-04-11 12:55:07.432] --> END POST (71-byte body)
[Fastbot][2026-04-11 12:55:07.576] <-- 200 OK  http://127.0.0.1:9008/jsonrpc/0 (144ms)
[Fastbot][2026-04-11 12:55:07.576] Content-Type: application/json
[Fastbot][2026-04-11 12:55:07.577] Date: Sat, 11 Apr 2026 12:55:07 GMT
[Fastbot][2026-04-11 12:55:07.577] Connection: keep-alive
[Fastbot][2026-04-11 12:55:07.577] Transfer-Encoding: chunked
[Fastbot][2026-04-11 12:55:07.619] 
[Fastbot][2026-04-11 12:55:07.620] {"jsonrpc":"2.0","id":1,"result":true}

[Fastbot][2026-04-11 12:55:07.620] <-- END HTTP (39-byte body)
[Fastbot][2026-04-11 12:55:08.136] [Proxy Server] Forwarding
[Fastbot][2026-04-11 12:55:08.136] --> POST http://127.0.0.1:9008/jsonrpc/0
[Fastbot][2026-04-11 12:55:08.137] Content-Type: application/json; charset=utf-8
[Fastbot][2026-04-11 12:55:08.137] Content-Length: 187
[Fastbot][2026-04-11 12:55:08.137] 
[Fastbot][2026-04-11 12:55:08.137] {"jsonrpc": "2.0", "id": 1, "method": "count", "params": [{"mask": 2097152, "childOrSibling": [], "childOrSiblingSelector": [], "resourceId": "it.feio.android.omninotes.alpha:id/count"}]}
[Fastbot][2026-04-11 12:55:08.138] --> END POST (187-byte body)
[Fastbot][2026-04-11 12:55:08.156] <-- 200 OK  http://127.0.0.1:9008/jsonrpc/0 (18ms)
[Fastbot][2026-04-11 12:55:08.156] Content-Type: application/json
[Fastbot][2026-04-11 12:55:08.156] Date: Sat, 11 Apr 2026 12:55:08 GMT
[Fastbot][2026-04-11 12:55:08.157] Connection: keep-alive
[Fastbot][2026-04-11 12:55:08.157] Transfer-Encoding: chunked
[Fastbot][2026-04-11 12:55:08.157] 
[Fastbot][2026-04-11 12:55:08.157] {"jsonrpc":"2.0","id":1,"result":2}

[Fastbot][2026-04-11 12:55:08.157] <-- END HTTP (36-byte body)
[Fastbot][2026-04-11 12:55:08.184] [Proxy Server] Forwarding
[Fastbot][2026-04-11 12:55:08.185] --> POST http://127.0.0.1:9008/jsonrpc/0
[Fastbot][2026-04-11 12:55:08.185] Content-Type: application/json; charset=utf-8
[Fastbot][2026-04-11 12:55:08.185] Content-Length: 218
[Fastbot][2026-04-11 12:55:08.185] 
[Fastbot][2026-04-11 12:55:08.185] {"jsonrpc": "2.0", "id": 1, "method": "waitForExists", "params": [{"mask": 18874368, "childOrSibling": [], "childOrSiblingSelector": [], "resourceId": "it.feio.android.omninotes.alpha:id/count", "instance": 0}, 20000]}
[Fastbot][2026-04-11 12:55:08.185] --> END POST (218-byte body)
[Fastbot][2026-04-11 12:55:08.191] <-- 200 OK  http://127.0.0.1:9008/jsonrpc/0 (5ms)
[Fastbot][2026-04-11 12:55:08.191] Content-Type: application/json
[Fastbot][2026-04-11 12:55:08.191] Date: Sat, 11 Apr 2026 12:55:08 GMT
[Fastbot][2026-04-11 12:55:08.191] Connection: keep-alive
[Fastbot][2026-04-11 12:55:08.191] Transfer-Encoding: chunked
[Fastbot][2026-04-11 12:55:08.248] 
[Fastbot][2026-04-11 12:55:08.249] {"jsonrpc":"2.0","id":1,"result":true}

[Fastbot][2026-04-11 12:55:08.249] <-- END HTTP (39-byte body)
[Fastbot][2026-04-11 12:55:08.281] [Proxy Server] Forwarding
[Fastbot][2026-04-11 12:55:08.281] --> POST http://127.0.0.1:9008/jsonrpc/0
[Fastbot][2026-04-11 12:55:08.281] Content-Type: application/json; charset=utf-8
[Fastbot][2026-04-11 12:55:08.281] Content-Length: 205
[Fastbot][2026-04-11 12:55:08.282] 
[Fastbot][2026-04-11 12:55:08.282] {"jsonrpc": "2.0", "id": 1, "method": "getText", "params": [{"mask": 18874368, "childOrSibling": [], "childOrSiblingSelector": [], "resourceId": "it.feio.android.omninotes.alpha:id/count", "instance": 0}]}
[Fastbot][2026-04-11 12:55:08.282] --> END POST (205-byte body)
[Fastbot][2026-04-11 12:55:08.289] <-- 200 OK  http://127.0.0.1:9008/jsonrpc/0 (6ms)
[Fastbot][2026-04-11 12:55:08.289] Content-Type: application/json
[Fastbot][2026-04-11 12:55:08.289] Date: Sat, 11 Apr 2026 12:55:08 GMT
[Fastbot][2026-04-11 12:55:08.289] Connection: keep-alive
[Fastbot][2026-04-11 12:55:08.289] Transfer-Encoding: chunked
[Fastbot][2026-04-11 12:55:08.339] 
[Fastbot][2026-04-11 12:55:08.339] {"jsonrpc":"2.0","id":1,"result":"0"}

[Fastbot][2026-04-11 12:55:08.339] <-- END HTTP (38-byte body)
[Fastbot][2026-04-11 12:55:08.391] [Proxy Server] Forwarding
[Fastbot][2026-04-11 12:55:08.391] --> POST http://127.0.0.1:9008/jsonrpc/0
[Fastbot][2026-04-11 12:55:08.391] Content-Type: application/json; charset=utf-8
[Fastbot][2026-04-11 12:55:08.392] Content-Length: 218
[Fastbot][2026-04-11 12:55:08.392] 
[Fastbot][2026-04-11 12:55:08.392] {"jsonrpc": "2.0", "id": 1, "method": "waitForExists", "params": [{"mask": 18874368, "childOrSibling": [], "childOrSiblingSelector": [], "resourceId": "it.feio.android.omninotes.alpha:id/count", "instance": 1}, 20000]}
[Fastbot][2026-04-11 12:55:08.392] --> END POST (218-byte body)
[Fastbot][2026-04-11 12:55:08.400] <-- 200 OK  http://127.0.0.1:9008/jsonrpc/0 (7ms)
[Fastbot][2026-04-11 12:55:08.400] Content-Type: application/json
[Fastbot][2026-04-11 12:55:08.400] Date: Sat, 11 Apr 2026 12:55:08 GMT
[Fastbot][2026-04-11 12:55:08.400] Connection: keep-alive
[Fastbot][2026-04-11 12:55:08.401] Transfer-Encoding: chunked
[Fastbot][2026-04-11 12:55:08.401] 
[Fastbot][2026-04-11 12:55:08.401] {"jsonrpc":"2.0","id":1,"result":true}

[Fastbot][2026-04-11 12:55:08.401] <-- END HTTP (39-byte body)
[Fastbot][2026-04-11 12:55:08.416] [Proxy Server] Forwarding
[Fastbot][2026-04-11 12:55:08.416] --> POST http://127.0.0.1:9008/jsonrpc/0
[Fastbot][2026-04-11 12:55:08.417] Content-Type: application/json; charset=utf-8
[Fastbot][2026-04-11 12:55:08.417] Content-Length: 205
[Fastbot][2026-04-11 12:55:08.417] 
[Fastbot][2026-04-11 12:55:08.417] {"jsonrpc": "2.0", "id": 1, "method": "getText", "params": [{"mask": 18874368, "childOrSibling": [], "childOrSiblingSelector": [], "resourceId": "it.feio.android.omninotes.alpha:id/count", "instance": 1}]}
[Fastbot][2026-04-11 12:55:08.417] --> END POST (205-byte body)
[Fastbot][2026-04-11 12:55:08.424] <-- 200 OK  http://127.0.0.1:9008/jsonrpc/0 (6ms)
[Fastbot][2026-04-11 12:55:08.424] Content-Type: application/json
[Fastbot][2026-04-11 12:55:08.424] Date: Sat, 11 Apr 2026 12:55:08 GMT
[Fastbot][2026-04-11 12:55:08.424] Connection: keep-alive
[Fastbot][2026-04-11 12:55:08.425] Transfer-Encoding: chunked
[Fastbot][2026-04-11 12:55:08.470] 
[Fastbot][2026-04-11 12:55:08.470] {"jsonrpc":"2.0","id":1,"result":"1"}

[Fastbot][2026-04-11 12:55:08.470] <-- END HTTP (38-byte body)
[Fastbot][2026-04-11 12:55:08.501] [Proxy Server] Forwarding
[Fastbot][2026-04-11 12:55:08.501] --> POST http://127.0.0.1:9008/jsonrpc/0
[Fastbot][2026-04-11 12:55:08.501] Content-Type: application/json; charset=utf-8
[Fastbot][2026-04-11 12:55:08.502] Content-Length: 187
[Fastbot][2026-04-11 12:55:08.502] 
[Fastbot][2026-04-11 12:55:08.502] {"jsonrpc": "2.0", "id": 1, "method": "count", "params": [{"mask": 2097152, "childOrSibling": [], "childOrSiblingSelector": [], "resourceId": "it.feio.android.omninotes.alpha:id/title"}]}
[Fastbot][2026-04-11 12:55:08.502] --> END POST (187-byte body)
[Fastbot][2026-04-11 12:55:08.517] <-- 200 OK  http://127.0.0.1:9008/jsonrpc/0 (14ms)
[Fastbot][2026-04-11 12:55:08.517] Content-Type: application/json
[Fastbot][2026-04-11 12:55:08.517] Date: Sat, 11 Apr 2026 12:55:08 GMT
[Fastbot][2026-04-11 12:55:08.517] Connection: keep-alive
[Fastbot][2026-04-11 12:55:08.517] Transfer-Encoding: chunked
[Fastbot][2026-04-11 12:55:08.569] 
[Fastbot][2026-04-11 12:55:08.569] {"jsonrpc":"2.0","id":1,"result":3}

[Fastbot][2026-04-11 12:55:08.569] <-- END HTTP (36-byte body)
[Fastbot][2026-04-11 12:55:08.611] [Proxy Server] Forwarding
[Fastbot][2026-04-11 12:55:08.611] --> POST http://127.0.0.1:9008/jsonrpc/0
[Fastbot][2026-04-11 12:55:08.612] Content-Type: application/json; charset=utf-8
[Fastbot][2026-04-11 12:55:08.612] Content-Length: 218
[Fastbot][2026-04-11 12:55:08.612] 
[Fastbot][2026-04-11 12:55:08.613] {"jsonrpc": "2.0", "id": 1, "method": "waitForExists", "params": [{"mask": 18874368, "childOrSibling": [], "childOrSiblingSelector": [], "resourceId": "it.feio.android.omninotes.alpha:id/title", "instance": 0}, 20000]}
[Fastbot][2026-04-11 12:55:08.613] --> END POST (218-byte body)
[Fastbot][2026-04-11 12:55:08.620] <-- 200 OK  http://127.0.0.1:9008/jsonrpc/0 (6ms)
[Fastbot][2026-04-11 12:55:08.621] Content-Type: application/json
[Fastbot][2026-04-11 12:55:08.621] Date: Sat, 11 Apr 2026 12:55:08 GMT
[Fastbot][2026-04-11 12:55:08.621] Connection: keep-alive
[Fastbot][2026-04-11 12:55:08.621] Transfer-Encoding: chunked
[Fastbot][2026-04-11 12:55:08.622] 
[Fastbot][2026-04-11 12:55:08.622] {"jsonrpc":"2.0","id":1,"result":true}

[Fastbot][2026-04-11 12:55:08.622] <-- END HTTP (39-byte body)
[Fastbot][2026-04-11 12:55:08.637] [Proxy Server] Forwarding
[Fastbot][2026-04-11 12:55:08.637] --> POST http://127.0.0.1:9008/jsonrpc/0
[Fastbot][2026-04-11 12:55:08.637] Content-Type: application/json; charset=utf-8
[Fastbot][2026-04-11 12:55:08.637] Content-Length: 205
[Fastbot][2026-04-11 12:55:08.637] 
[Fastbot][2026-04-11 12:55:08.637] {"jsonrpc": "2.0", "id": 1, "method": "getText", "params": [{"mask": 18874368, "childOrSibling": [], "childOrSiblingSelector": [], "resourceId": "it.feio.android.omninotes.alpha:id/title", "instance": 0}]}
[Fastbot][2026-04-11 12:55:08.637] --> END POST (205-byte body)
[Fastbot][2026-04-11 12:55:08.645] <-- 200 OK  http://127.0.0.1:9008/jsonrpc/0 (6ms)
[Fastbot][2026-04-11 12:55:08.645] Content-Type: application/json
[Fastbot][2026-04-11 12:55:08.645] Date: Sat, 11 Apr 2026 12:55:08 GMT
[Fastbot][2026-04-11 12:55:08.645] Connection: keep-alive
[Fastbot][2026-04-11 12:55:08.645] Transfer-Encoding: chunked
[Fastbot][2026-04-11 12:55:08.689] 
[Fastbot][2026-04-11 12:55:08.690] {"jsonrpc":"2.0","id":1,"result":"Notes"}

[Fastbot][2026-04-11 12:55:08.690] <-- END HTTP (42-byte body)
[Fastbot][2026-04-11 12:55:08.720] [Proxy Server] Forwarding
[Fastbot][2026-04-11 12:55:08.720] --> POST http://127.0.0.1:9008/jsonrpc/0
[Fastbot][2026-04-11 12:55:08.721] Content-Type: application/json; charset=utf-8
[Fastbot][2026-04-11 12:55:08.721] Content-Length: 218
[Fastbot][2026-04-11 12:55:08.721] 
[Fastbot][2026-04-11 12:55:08.721] {"jsonrpc": "2.0", "id": 1, "method": "waitForExists", "params": [{"mask": 18874368, "childOrSibling": [], "childOrSiblingSelector": [], "resourceId": "it.feio.android.omninotes.alpha:id/title", "instance": 1}, 20000]}
[Fastbot][2026-04-11 12:55:08.721] --> END POST (218-byte body)
[Fastbot][2026-04-11 12:55:08.727] <-- 200 OK  http://127.0.0.1:9008/jsonrpc/0 (5ms)
[Fastbot][2026-04-11 12:55:08.728] Content-Type: application/json
[Fastbot][2026-04-11 12:55:08.728] Date: Sat, 11 Apr 2026 12:55:08 GMT
[Fastbot][2026-04-11 12:55:08.728] Connection: keep-alive
[Fastbot][2026-04-11 12:55:08.728] Transfer-Encoding: chunked
[Fastbot][2026-04-11 12:55:08.770] 
[Fastbot][2026-04-11 12:55:08.770] {"jsonrpc":"2.0","id":1,"result":true}

[Fastbot][2026-04-11 12:55:08.770] <-- END HTTP (39-byte body)
[Fastbot][2026-04-11 12:55:08.785] [Proxy Server] Forwarding
[Fastbot][2026-04-11 12:55:08.785] --> POST http://127.0.0.1:9008/jsonrpc/0
[Fastbot][2026-04-11 12:55:08.785] Content-Type: application/json; charset=utf-8
[Fastbot][2026-04-11 12:55:08.785] Content-Length: 205
[Fastbot][2026-04-11 12:55:08.786] 
[Fastbot][2026-04-11 12:55:08.786] {"jsonrpc": "2.0", "id": 1, "method": "getText", "params": [{"mask": 18874368, "childOrSibling": [], "childOrSiblingSelector": [], "resourceId": "it.feio.android.omninotes.alpha:id/title", "instance": 1}]}
[Fastbot][2026-04-11 12:55:08.786] --> END POST (205-byte body)
[Fastbot][2026-04-11 12:55:08.793] <-- 200 OK  http://127.0.0.1:9008/jsonrpc/0 (6ms)
[Fastbot][2026-04-11 12:55:08.793] Content-Type: application/json
[Fastbot][2026-04-11 12:55:08.793] Date: Sat, 11 Apr 2026 12:55:08 GMT
[Fastbot][2026-04-11 12:55:08.793] Connection: keep-alive
[Fastbot][2026-04-11 12:55:08.793] Transfer-Encoding: chunked
[Fastbot][2026-04-11 12:55:08.839] 
[Fastbot][2026-04-11 12:55:08.839] {"jsonrpc":"2.0","id":1,"result":"WnRumb"}

[Fastbot][2026-04-11 12:55:08.839] <-- END HTTP (43-byte body)
[Fastbot][2026-04-11 12:55:08.854] [Proxy Server] Forwarding
[Fastbot][2026-04-11 12:55:08.854] --> POST http://127.0.0.1:9008/jsonrpc/0
[Fastbot][2026-04-11 12:55:08.854] Content-Type: application/json; charset=utf-8
[Fastbot][2026-04-11 12:55:08.855] Content-Length: 218
[Fastbot][2026-04-11 12:55:08.855] 
[Fastbot][2026-04-11 12:55:08.855] {"jsonrpc": "2.0", "id": 1, "method": "waitForExists", "params": [{"mask": 18874368, "childOrSibling": [], "childOrSiblingSelector": [], "resourceId": "it.feio.android.omninotes.alpha:id/title", "instance": 2}, 20000]}
[Fastbot][2026-04-11 12:55:08.855] --> END POST (218-byte body)
[Fastbot][2026-04-11 12:55:08.861] <-- 200 OK  http://127.0.0.1:9008/jsonrpc/0 (5ms)
[Fastbot][2026-04-11 12:55:08.862] Content-Type: application/json
[Fastbot][2026-04-11 12:55:08.863] Date: Sat, 11 Apr 2026 12:55:08 GMT
[Fastbot][2026-04-11 12:55:08.863] Connection: keep-alive
[Fastbot][2026-04-11 12:55:08.863] Transfer-Encoding: chunked
[Fastbot][2026-04-11 12:55:08.910] 
[Fastbot][2026-04-11 12:55:08.910] {"jsonrpc":"2.0","id":1,"result":true}

[Fastbot][2026-04-11 12:55:08.910] <-- END HTTP (39-byte body)
[Fastbot][2026-04-11 12:55:08.937] [Proxy Server] Forwarding
[Fastbot][2026-04-11 12:55:08.938] --> POST http://127.0.0.1:9008/jsonrpc/0
[Fastbot][2026-04-11 12:55:08.938] Content-Type: application/json; charset=utf-8
[Fastbot][2026-04-11 12:55:08.938] Content-Length: 205
[Fastbot][2026-04-11 12:55:08.938] 
[Fastbot][2026-04-11 12:55:08.938] {"jsonrpc": "2.0", "id": 1, "method": "getText", "params": [{"mask": 18874368, "childOrSibling": [], "childOrSiblingSelector": [], "resourceId": "it.feio.android.omninotes.alpha:id/title", "instance": 2}]}
[Fastbot][2026-04-11 12:55:08.938] --> END POST (205-byte body)
[Fastbot][2026-04-11 12:55:08.944] <-- 200 OK  http://127.0.0.1:9008/jsonrpc/0 (5ms)
[Fastbot][2026-04-11 12:55:08.944] Content-Type: application/json
[Fastbot][2026-04-11 12:55:08.945] Date: Sat, 11 Apr 2026 12:55:08 GMT
[Fastbot][2026-04-11 12:55:08.945] Connection: keep-alive
[Fastbot][2026-04-11 12:55:08.945] Transfer-Encoding: chunked
[Fastbot][2026-04-11 12:55:08.990] 
[Fastbot][2026-04-11 12:55:08.990] {"jsonrpc":"2.0","id":1,"result":"reCPsX"}

[Fastbot][2026-04-11 12:55:08.990] <-- END HTTP (43-byte body)
[Fastbot][2026-04-11 12:55:09.016] [Proxy Server] Forwarding
[Fastbot][2026-04-11 12:55:09.016] --> POST http://127.0.0.1:9008/jsonrpc/0
[Fastbot][2026-04-11 12:55:09.016] Content-Type: application/json; charset=utf-8
[Fastbot][2026-04-11 12:55:09.016] Content-Length: 187
[Fastbot][2026-04-11 12:55:09.016] 
[Fastbot][2026-04-11 12:55:09.016] {"jsonrpc": "2.0", "id": 1, "method": "count", "params": [{"mask": 2097152, "childOrSibling": [], "childOrSiblingSelector": [], "resourceId": "it.feio.android.omninotes.alpha:id/title"}]}
[Fastbot][2026-04-11 12:55:09.016] --> END POST (187-byte body)
[Fastbot][2026-04-11 12:55:09.033] <-- 200 OK  http://127.0.0.1:9008/jsonrpc/0 (16ms)
[Fastbot][2026-04-11 12:55:09.034] Content-Type: application/json
[Fastbot][2026-04-11 12:55:09.034] Date: Sat, 11 Apr 2026 12:55:09 GMT
[Fastbot][2026-04-11 12:55:09.034] Connection: keep-alive
[Fastbot][2026-04-11 12:55:09.034] Transfer-Encoding: chunked
[Fastbot][2026-04-11 12:55:09.079] 
[Fastbot][2026-04-11 12:55:09.079] {"jsonrpc":"2.0","id":1,"result":3}

[Fastbot][2026-04-11 12:55:09.079] <-- END HTTP (36-byte body)
[Fastbot][2026-04-11 12:55:09.108] [Proxy Server] Forwarding
[Fastbot][2026-04-11 12:55:09.109] --> POST http://127.0.0.1:9008/jsonrpc/0
[Fastbot][2026-04-11 12:55:09.109] Content-Type: application/json; charset=utf-8
[Fastbot][2026-04-11 12:55:09.109] Content-Length: 218
[Fastbot][2026-04-11 12:55:09.109] 
[Fastbot][2026-04-11 12:55:09.109] {"jsonrpc": "2.0", "id": 1, "method": "waitForExists", "params": [{"mask": 18874368, "childOrSibling": [], "childOrSiblingSelector": [], "resourceId": "it.feio.android.omninotes.alpha:id/title", "instance": 0}, 20000]}
[Fastbot][2026-04-11 12:55:09.109] --> END POST (218-byte body)
[Fastbot][2026-04-11 12:55:09.116] <-- 200 OK  http://127.0.0.1:9008/jsonrpc/0 (6ms)
[Fastbot][2026-04-11 12:55:09.116] Content-Type: application/json
[Fastbot][2026-04-11 12:55:09.117] Date: Sat, 11 Apr 2026 12:55:09 GMT
[Fastbot][2026-04-11 12:55:09.117] Connection: keep-alive
[Fastbot][2026-04-11 12:55:09.117] Transfer-Encoding: chunked
[Fastbot][2026-04-11 12:55:09.160] 
[Fastbot][2026-04-11 12:55:09.160] {"jsonrpc":"2.0","id":1,"result":true}

[Fastbot][2026-04-11 12:55:09.160] <-- END HTTP (39-byte body)
[Fastbot][2026-04-11 12:55:09.202] [Proxy Server] Forwarding
[Fastbot][2026-04-11 12:55:09.202] --> POST http://127.0.0.1:9008/jsonrpc/0
[Fastbot][2026-04-11 12:55:09.203] Content-Type: application/json; charset=utf-8
[Fastbot][2026-04-11 12:55:09.203] Content-Length: 205
[Fastbot][2026-04-11 12:55:09.203] 
[Fastbot][2026-04-11 12:55:09.203] {"jsonrpc": "2.0", "id": 1, "method": "getText", "params": [{"mask": 18874368, "childOrSibling": [], "childOrSiblingSelector": [], "resourceId": "it.feio.android.omninotes.alpha:id/title", "instance": 0}]}
[Fastbot][2026-04-11 12:55:09.203] --> END POST (205-byte body)
[Fastbot][2026-04-11 12:55:09.218] <-- 200 OK  http://127.0.0.1:9008/jsonrpc/0 (14ms)
[Fastbot][2026-04-11 12:55:09.218] Content-Type: application/json
[Fastbot][2026-04-11 12:55:09.218] Date: Sat, 11 Apr 2026 12:55:09 GMT
[Fastbot][2026-04-11 12:55:09.218] Connection: keep-alive
[Fastbot][2026-04-11 12:55:09.218] Transfer-Encoding: chunked
[Fastbot][2026-04-11 12:55:09.219] 
[Fastbot][2026-04-11 12:55:09.219] {"jsonrpc":"2.0","id":1,"result":"Notes"}

[Fastbot][2026-04-11 12:55:09.220] <-- END HTTP (42-byte body)
[Fastbot][2026-04-11 12:55:09.268] [Proxy Server] Forwarding
[Fastbot][2026-04-11 12:55:09.269] --> POST http://127.0.0.1:9008/jsonrpc/0
[Fastbot][2026-04-11 12:55:09.269] Content-Type: application/json; charset=utf-8
[Fastbot][2026-04-11 12:55:09.270] Content-Length: 218
[Fastbot][2026-04-11 12:55:09.270] 
[Fastbot][2026-04-11 12:55:09.270] {"jsonrpc": "2.0", "id": 1, "method": "waitForExists", "params": [{"mask": 18874368, "childOrSibling": [], "childOrSiblingSelector": [], "resourceId": "it.feio.android.omninotes.alpha:id/title", "instance": 1}, 20000]}
[Fastbot][2026-04-11 12:55:09.271] --> END POST (218-byte body)
[Fastbot][2026-04-11 12:55:09.285] <-- 200 OK  http://127.0.0.1:9008/jsonrpc/0 (14ms)
[Fastbot][2026-04-11 12:55:09.285] Content-Type: application/json
[Fastbot][2026-04-11 12:55:09.286] Date: Sat, 11 Apr 2026 12:55:09 GMT
[Fastbot][2026-04-11 12:55:09.286] Connection: keep-alive
[Fastbot][2026-04-11 12:55:09.286] Transfer-Encoding: chunked
[Fastbot][2026-04-11 12:55:09.288] 
[Fastbot][2026-04-11 12:55:09.288] {"jsonrpc":"2.0","id":1,"result":true}

[Fastbot][2026-04-11 12:55:09.289] <-- END HTTP (39-byte body)
[Fastbot][2026-04-11 12:55:09.343] [Proxy Server] Forwarding
[Fastbot][2026-04-11 12:55:09.344] --> POST http://127.0.0.1:9008/jsonrpc/0
[Fastbot][2026-04-11 12:55:09.344] Content-Type: application/json; charset=utf-8
[Fastbot][2026-04-11 12:55:09.344] Content-Length: 205
[Fastbot][2026-04-11 12:55:09.344] 
[Fastbot][2026-04-11 12:55:09.345] {"jsonrpc": "2.0", "id": 1, "method": "getText", "params": [{"mask": 18874368, "childOrSibling": [], "childOrSiblingSelector": [], "resourceId": "it.feio.android.omninotes.alpha:id/title", "instance": 1}]}
[Fastbot][2026-04-11 12:55:09.345] --> END POST (205-byte body)
[Fastbot][2026-04-11 12:55:09.371] <-- 200 OK  http://127.0.0.1:9008/jsonrpc/0 (25ms)
[Fastbot][2026-04-11 12:55:09.371] Content-Type: application/json
[Fastbot][2026-04-11 12:55:09.371] Date: Sat, 11 Apr 2026 12:55:09 GMT
[Fastbot][2026-04-11 12:55:09.371] Connection: keep-alive
[Fastbot][2026-04-11 12:55:09.371] Transfer-Encoding: chunked
[Fastbot][2026-04-11 12:55:09.372] 
[Fastbot][2026-04-11 12:55:09.372] {"jsonrpc":"2.0","id":1,"result":"WnRumb"}

[Fastbot][2026-04-11 12:55:09.373] <-- END HTTP (43-byte body)
[Fastbot][2026-04-11 12:55:09.408] [Proxy Server] Forwarding
[Fastbot][2026-04-11 12:55:09.408] --> POST http://127.0.0.1:9008/jsonrpc/0
[Fastbot][2026-04-11 12:55:09.409] Content-Type: application/json; charset=utf-8
[Fastbot][2026-04-11 12:55:09.409] Content-Length: 218
[Fastbot][2026-04-11 12:55:09.410] 
[Fastbot][2026-04-11 12:55:09.410] {"jsonrpc": "2.0", "id": 1, "method": "waitForExists", "params": [{"mask": 18874368, "childOrSibling": [], "childOrSiblingSelector": [], "resourceId": "it.feio.android.omninotes.alpha:id/title", "instance": 2}, 20000]}
[Fastbot][2026-04-11 12:55:09.410] --> END POST (218-byte body)
[Fastbot][2026-04-11 12:55:09.435] <-- 200 OK  http://127.0.0.1:9008/jsonrpc/0 (24ms)
[Fastbot][2026-04-11 12:55:09.435] Content-Type: application/json
[Fastbot][2026-04-11 12:55:09.435] Date: Sat, 11 Apr 2026 12:55:09 GMT
[Fastbot][2026-04-11 12:55:09.435] Connection: keep-alive
[Fastbot][2026-04-11 12:55:09.435] Transfer-Encoding: chunked
[Fastbot][2026-04-11 12:55:09.436] 
[Fastbot][2026-04-11 12:55:09.437] {"jsonrpc":"2.0","id":1,"result":true}

[Fastbot][2026-04-11 12:55:09.437] <-- END HTTP (39-byte body)
[Fastbot][2026-04-11 12:55:09.468] [Proxy Server] Forwarding
[Fastbot][2026-04-11 12:55:09.469] --> POST http://127.0.0.1:9008/jsonrpc/0
[Fastbot][2026-04-11 12:55:09.469] Content-Type: application/json; charset=utf-8
[Fastbot][2026-04-11 12:55:09.469] Content-Length: 205
[Fastbot][2026-04-11 12:55:09.470] 
[Fastbot][2026-04-11 12:55:09.470] {"jsonrpc": "2.0", "id": 1, "method": "getText", "params": [{"mask": 18874368, "childOrSibling": [], "childOrSiblingSelector": [], "resourceId": "it.feio.android.omninotes.alpha:id/title", "instance": 2}]}
[Fastbot][2026-04-11 12:55:09.470] --> END POST (205-byte body)
[Fastbot][2026-04-11 12:55:09.477] <-- 200 OK  http://127.0.0.1:9008/jsonrpc/0 (6ms)
[Fastbot][2026-04-11 12:55:09.477] Content-Type: application/json
[Fastbot][2026-04-11 12:55:09.477] Date: Sat, 11 Apr 2026 12:55:09 GMT
[Fastbot][2026-04-11 12:55:09.477] Connection: keep-alive
[Fastbot][2026-04-11 12:55:09.477] Transfer-Encoding: chunked
[Fastbot][2026-04-11 12:55:09.478] 
[Fastbot][2026-04-11 12:55:09.478] {"jsonrpc":"2.0","id":1,"result":"reCPsX"}

[Fastbot][2026-04-11 12:55:09.478] <-- END HTTP (43-byte body)
[Fastbot][2026-04-11 12:55:09.516] [Proxy Server] Forwarding
[Fastbot][2026-04-11 12:55:09.517] --> POST http://127.0.0.1:9008/jsonrpc/0
[Fastbot][2026-04-11 12:55:09.517] Content-Type: application/json; charset=utf-8
[Fastbot][2026-04-11 12:55:09.518] Content-Length: 220
[Fastbot][2026-04-11 12:55:09.518] 
[Fastbot][2026-04-11 12:55:09.518] {"jsonrpc": "2.0", "id": 1, "method": "waitForExists", "params": [{"mask": 2097153, "childOrSibling": [], "childOrSiblingSelector": [], "resourceId": "it.feio.android.omninotes.alpha:id/title", "text": "reCPsX"}, 20000]}
[Fastbot][2026-04-11 12:55:09.518] --> END POST (220-byte body)
[Fastbot][2026-04-11 12:55:09.535] <-- 200 OK  http://127.0.0.1:9008/jsonrpc/0 (16ms)
[Fastbot][2026-04-11 12:55:09.535] Content-Type: application/json
[Fastbot][2026-04-11 12:55:09.535] Date: Sat, 11 Apr 2026 12:55:09 GMT
[Fastbot][2026-04-11 12:55:09.536] Connection: keep-alive
[Fastbot][2026-04-11 12:55:09.536] Transfer-Encoding: chunked
[Fastbot][2026-04-11 12:55:09.537] 
[Fastbot][2026-04-11 12:55:09.537] {"jsonrpc":"2.0","id":1,"result":true}

[Fastbot][2026-04-11 12:55:09.537] <-- END HTTP (39-byte body)
[Fastbot][2026-04-11 12:55:09.595] [Proxy Server] Forwarding
[Fastbot][2026-04-11 12:55:09.595] --> POST http://127.0.0.1:9008/jsonrpc/0
[Fastbot][2026-04-11 12:55:09.595] Content-Type: application/json; charset=utf-8
[Fastbot][2026-04-11 12:55:09.595] Content-Length: 207
[Fastbot][2026-04-11 12:55:09.596] 
[Fastbot][2026-04-11 12:55:09.596] {"jsonrpc": "2.0", "id": 1, "method": "objInfo", "params": [{"mask": 2097153, "childOrSibling": [], "childOrSiblingSelector": [], "resourceId": "it.feio.android.omninotes.alpha:id/title", "text": "reCPsX"}]}
[Fastbot][2026-04-11 12:55:09.596] --> END POST (207-byte body)
[Fastbot][2026-04-11 12:55:09.621] <-- 200 OK  http://127.0.0.1:9008/jsonrpc/0 (24ms)
[Fastbot][2026-04-11 12:55:09.621] Content-Type: application/json
[Fastbot][2026-04-11 12:55:09.621] Date: Sat, 11 Apr 2026 12:55:09 GMT
[Fastbot][2026-04-11 12:55:09.621] Connection: keep-alive
[Fastbot][2026-04-11 12:55:09.621] Transfer-Encoding: chunked
[Fastbot][2026-04-11 12:55:09.621] 
[Fastbot][2026-04-11 12:55:09.621] {"jsonrpc":"2.0","id":1,"result":{"bounds":{"bottom":836,"left":121,"right":737,"top":704},"childCount":0,"className":"android.widget.TextView","contentDescription":null,"packageName":"it.feio.android.omninotes.alpha","resourceName":"it.feio.android.omninotes.alpha:id/title","text":"reCPsX","visible...[truncated]
[Fastbot][2026-04-11 12:55:09.621] <-- END HTTP (517-byte body)
[Fastbot][2026-04-11 12:55:09.637] [Proxy Server] Detected script method: click
[Fastbot][2026-04-11 12:55:09.637] [Proxy Server] Forwarding
[Fastbot][2026-04-11 12:55:09.637] --> POST http://127.0.0.1:9008/jsonrpc/0
[Fastbot][2026-04-11 12:55:09.638] Content-Type: application/json; charset=utf-8
[Fastbot][2026-04-11 12:55:09.638] Content-Length: 78
[Fastbot][2026-04-11 12:55:09.638] 
[Fastbot][2026-04-11 12:55:09.638] {"jsonrpc": "2.0", "id": 1, "method": "click", "params": [429.0, 770.0, 1500]}
[Fastbot][2026-04-11 12:55:09.638] --> END POST (78-byte body)
[Fastbot][2026-04-11 12:55:10.153] // the top activity is it.feio.android.omninotes.CategoryActivity, phone capture activity is com.android.camera.CaptureActivity
[Fastbot][2026-04-11 12:55:10.153]     // Allowing start of Intent { cmp=it.feio.android.omninotes.alpha/it.feio.android.omninotes.CategoryActivity } in package it.feio.android.omninotes.alpha
[Fastbot][2026-04-11 12:55:11.167] <-- 200 OK  http://127.0.0.1:9008/jsonrpc/0 (1528ms)
[Fastbot][2026-04-11 12:55:11.167] Content-Type: application/json
[Fastbot][2026-04-11 12:55:11.167] Date: Sat, 11 Apr 2026 12:55:11 GMT
[Fastbot][2026-04-11 12:55:11.167] Connection: keep-alive
[Fastbot][2026-04-11 12:55:11.167] Transfer-Encoding: chunked
[Fastbot][2026-04-11 12:55:11.209] 
[Fastbot][2026-04-11 12:55:11.209] {"jsonrpc":"2.0","id":1,"result":true}

[Fastbot][2026-04-11 12:55:11.209] <-- END HTTP (39-byte body)
[Fastbot][2026-04-11 12:55:11.726] // [Script] current activity is it.feio.android.omninotes.CategoryActivity
[Fastbot][2026-04-11 12:55:11.726] [Proxy Server] Forwarding
[Fastbot][2026-04-11 12:55:11.726] --> POST http://127.0.0.1:9008/jsonrpc/0
[Fastbot][2026-04-11 12:55:11.727] Content-Type: application/json; charset=utf-8
[Fastbot][2026-04-11 12:55:11.727] Content-Length: 221
[Fastbot][2026-04-11 12:55:11.727] 
[Fastbot][2026-04-11 12:55:11.727] {"jsonrpc": "2.0", "id": 1, "method": "waitForExists", "params": [{"mask": 2097153, "childOrSibling": [], "childOrSiblingSelector": [], "resourceId": "it.feio.android.omninotes.alpha:id/delete", "text": "DELETE"}, 20000]}
[Fastbot][2026-04-11 12:55:11.727] --> END POST (221-byte body)
[Fastbot][2026-04-11 12:55:11.743] <-- 200 OK  http://127.0.0.1:9008/jsonrpc/0 (15ms)
[Fastbot][2026-04-11 12:55:11.743] Content-Type: application/json
[Fastbot][2026-04-11 12:55:11.743] Date: Sat, 11 Apr 2026 12:55:11 GMT
[Fastbot][2026-04-11 12:55:11.743] Connection: keep-alive
[Fastbot][2026-04-11 12:55:11.743] Transfer-Encoding: chunked
[Fastbot][2026-04-11 12:55:11.744] 
[Fastbot][2026-04-11 12:55:11.744] {"jsonrpc":"2.0","id":1,"result":true}

[Fastbot][2026-04-11 12:55:11.744] <-- END HTTP (39-byte body)
[Fastbot][2026-04-11 12:55:11.779] [Proxy Server] Forwarding
[Fastbot][2026-04-11 12:55:11.779] --> POST http://127.0.0.1:9008/jsonrpc/0
[Fastbot][2026-04-11 12:55:11.779] Content-Type: application/json; charset=utf-8
[Fastbot][2026-04-11 12:55:11.779] Content-Length: 208
[Fastbot][2026-04-11 12:55:11.779] 
[Fastbot][2026-04-11 12:55:11.780] {"jsonrpc": "2.0", "id": 1, "method": "objInfo", "params": [{"mask": 2097153, "childOrSibling": [], "childOrSiblingSelector": [], "resourceId": "it.feio.android.omninotes.alpha:id/delete", "text": "DELETE"}]}
[Fastbot][2026-04-11 12:55:11.780] --> END POST (208-byte body)
[Fastbot][2026-04-11 12:55:11.808] <-- 200 OK  http://127.0.0.1:9008/jsonrpc/0 (28ms)
[Fastbot][2026-04-11 12:55:11.809] Content-Type: application/json
[Fastbot][2026-04-11 12:55:11.809] Date: Sat, 11 Apr 2026 12:55:11 GMT
[Fastbot][2026-04-11 12:55:11.809] Connection: keep-alive
[Fastbot][2026-04-11 12:55:11.809] Transfer-Encoding: chunked
[Fastbot][2026-04-11 12:55:11.810] 
[Fastbot][2026-04-11 12:55:11.810] {"jsonrpc":"2.0","id":1,"result":{"bounds":{"bottom":1450,"left":301,"right":543,"top":1321},"childCount":0,"className":"android.widget.Button","contentDescription":null,"packageName":"it.feio.android.omninotes.alpha","resourceName":"it.feio.android.omninotes.alpha:id/delete","text":"DELETE","visibl...[truncated]
[Fastbot][2026-04-11 12:55:11.810] <-- END HTTP (518-byte body)
[Fastbot][2026-04-11 12:55:11.845] [Proxy Server] Detected script method: click
[Fastbot][2026-04-11 12:55:11.847] [Proxy Server] Forwarding
[Fastbot][2026-04-11 12:55:11.847] --> POST http://127.0.0.1:9008/jsonrpc/0
[Fastbot][2026-04-11 12:55:11.847] Content-Type: application/json; charset=utf-8
[Fastbot][2026-04-11 12:55:11.847] Content-Length: 73
[Fastbot][2026-04-11 12:55:11.848] 
[Fastbot][2026-04-11 12:55:11.848] {"jsonrpc": "2.0", "id": 1, "method": "click", "params": [422.0, 1385.5]}
[Fastbot][2026-04-11 12:55:11.848] --> END POST (73-byte body)
[Fastbot][2026-04-11 12:55:11.983] <-- 200 OK  http://127.0.0.1:9008/jsonrpc/0 (135ms)
[Fastbot][2026-04-11 12:55:11.984] Content-Type: application/json
[Fastbot][2026-04-11 12:55:11.984] Date: Sat, 11 Apr 2026 12:55:11 GMT
[Fastbot][2026-04-11 12:55:11.984] Connection: keep-alive
[Fastbot][2026-04-11 12:55:11.984] Transfer-Encoding: chunked
[Fastbot][2026-04-11 12:55:11.986] 
[Fastbot][2026-04-11 12:55:11.987] {"jsonrpc":"2.0","id":1,"result":true}

[Fastbot][2026-04-11 12:55:11.987] <-- END HTTP (39-byte body)
[Fastbot][2026-04-11 12:55:12.503] [Proxy Server] Forwarding
[Fastbot][2026-04-11 12:55:12.503] --> POST http://127.0.0.1:9008/jsonrpc/0
[Fastbot][2026-04-11 12:55:12.504] Content-Type: application/json; charset=utf-8
[Fastbot][2026-04-11 12:55:12.504] Content-Length: 220
[Fastbot][2026-04-11 12:55:12.504] 
[Fastbot][2026-04-11 12:55:12.504] {"jsonrpc": "2.0", "id": 1, "method": "exist", "params": [{"mask": 2097153, "childOrSibling": [], "childOrSiblingSelector": [], "resourceId": "it.feio.android.omninotes.alpha:id/md_buttonDefaultPositive", "text": "OK"}]}
[Fastbot][2026-04-11 12:55:12.504] --> END POST (220-byte body)
[Fastbot][2026-04-11 12:55:12.517] <-- 200 OK  http://127.0.0.1:9008/jsonrpc/0 (11ms)
[Fastbot][2026-04-11 12:55:12.517] Content-Type: application/json
[Fastbot][2026-04-11 12:55:12.517] Date: Sat, 11 Apr 2026 12:55:12 GMT
[Fastbot][2026-04-11 12:55:12.517] Connection: keep-alive
[Fastbot][2026-04-11 12:55:12.517] Transfer-Encoding: chunked
[Fastbot][2026-04-11 12:55:12.518] 
[Fastbot][2026-04-11 12:55:12.519] {"jsonrpc":"2.0","id":1,"result":false}

[Fastbot][2026-04-11 12:55:12.519] <-- END HTTP (40-byte body)
[Fastbot][2026-04-11 12:55:12.554] [Proxy Server] Detected script method: pressKey
[Fastbot][2026-04-11 12:55:12.554] [Proxy Server] Forwarding
[Fastbot][2026-04-11 12:55:12.554] --> POST http://127.0.0.1:9008/jsonrpc/0
[Fastbot][2026-04-11 12:55:12.555] Content-Type: application/json; charset=utf-8
[Fastbot][2026-04-11 12:55:12.555] Content-Length: 69
[Fastbot][2026-04-11 12:55:12.555] 
[Fastbot][2026-04-11 12:55:12.555] {"jsonrpc": "2.0", "id": 1, "method": "pressKey", "params": ["back"]}
[Fastbot][2026-04-11 12:55:12.555] --> END POST (69-byte body)
[Fastbot][2026-04-11 12:55:13.750] <-- 200 OK  http://127.0.0.1:9008/jsonrpc/0 (1194ms)
[Fastbot][2026-04-11 12:55:13.750] Content-Type: application/json
[Fastbot][2026-04-11 12:55:13.750] Date: Sat, 11 Apr 2026 12:55:13 GMT
[Fastbot][2026-04-11 12:55:13.750] Connection: keep-alive
[Fastbot][2026-04-11 12:55:13.750] Transfer-Encoding: chunked
[Fastbot][2026-04-11 12:55:13.751] 
[Fastbot][2026-04-11 12:55:13.751] {"jsonrpc":"2.0","id":1,"result":false}

[Fastbot][2026-04-11 12:55:13.751] <-- END HTTP (40-byte body)
[Fastbot][2026-04-11 12:55:14.281] [Proxy Server] Detected script method: pressKey
[Fastbot][2026-04-11 12:55:14.281] [Proxy Server] Forwarding
[Fastbot][2026-04-11 12:55:14.282] --> POST http://127.0.0.1:9008/jsonrpc/0
[Fastbot][2026-04-11 12:55:14.283] Content-Type: application/json; charset=utf-8
[Fastbot][2026-04-11 12:55:14.283] Content-Length: 69
[Fastbot][2026-04-11 12:55:14.283] 
[Fastbot][2026-04-11 12:55:14.284] {"jsonrpc": "2.0", "id": 1, "method": "pressKey", "params": ["back"]}
[Fastbot][2026-04-11 12:55:14.284] --> END POST (69-byte body)
[Fastbot][2026-04-11 12:55:14.302]     // activityResuming(it.feio.android.omninotes.alpha)
[Fastbot][2026-04-11 12:55:14.566] <-- 200 OK  http://127.0.0.1:9008/jsonrpc/0 (282ms)
[Fastbot][2026-04-11 12:55:14.566] Content-Type: application/json
[Fastbot][2026-04-11 12:55:14.566] Date: Sat, 11 Apr 2026 12:55:14 GMT
[Fastbot][2026-04-11 12:55:14.566] Connection: keep-alive
[Fastbot][2026-04-11 12:55:14.566] Transfer-Encoding: chunked
[Fastbot][2026-04-11 12:55:14.567] 
[Fastbot][2026-04-11 12:55:14.567] {"jsonrpc":"2.0","id":1,"result":true}

[Fastbot][2026-04-11 12:55:14.568] <-- END HTTP (39-byte body)
[Fastbot][2026-04-11 12:55:15.084] // [Script] current activity is it.feio.android.omninotes.MainActivity
[Fastbot][2026-04-11 12:55:15.085] [Proxy Server] Detected script method: pressKey
[Fastbot][2026-04-11 12:55:15.085] [Proxy Server] Forwarding
[Fastbot][2026-04-11 12:55:15.086] --> POST http://127.0.0.1:9008/jsonrpc/0
[Fastbot][2026-04-11 12:55:15.086] Content-Type: application/json; charset=utf-8
[Fastbot][2026-04-11 12:55:15.086] Content-Length: 69
[Fastbot][2026-04-11 12:55:15.086] 
[Fastbot][2026-04-11 12:55:15.086] {"jsonrpc": "2.0", "id": 1, "method": "pressKey", "params": ["back"]}
[Fastbot][2026-04-11 12:55:15.087] --> END POST (69-byte body)
[Fastbot][2026-04-11 12:55:15.121] <-- 200 OK  http://127.0.0.1:9008/jsonrpc/0 (34ms)
[Fastbot][2026-04-11 12:55:15.122] Content-Type: application/json
[Fastbot][2026-04-11 12:55:15.122] Date: Sat, 11 Apr 2026 12:55:15 GMT
[Fastbot][2026-04-11 12:55:15.122] Connection: keep-alive
[Fastbot][2026-04-11 12:55:15.122] Transfer-Encoding: chunked
[Fastbot][2026-04-11 12:55:15.122] 
[Fastbot][2026-04-11 12:55:15.124] {"jsonrpc":"2.0","id":1,"result":true}

[Fastbot][2026-04-11 12:55:15.124] <-- END HTTP (39-byte body)
[Fastbot][2026-04-11 12:55:15.860] --> POST http://127.0.0.1:9008/jsonrpc/0
[Fastbot][2026-04-11 12:55:15.860] Content-Type: application/json; charset=utf-8
[Fastbot][2026-04-11 12:55:15.860] Content-Length: 75
[Fastbot][2026-04-11 12:55:15.861] 
[Fastbot][2026-04-11 12:55:15.861] {"id":1,"jsonrpc":"2.0","method":"dumpWindowHierarchy","params":[false,50]}
[Fastbot][2026-04-11 12:55:15.861] --> END POST (75-byte body)
[Fastbot][2026-04-11 12:55:15.881] <-- 200 OK  http://127.0.0.1:9008/jsonrpc/0 (18ms)
[Fastbot][2026-04-11 12:55:15.881] Content-Type: application/json
[Fastbot][2026-04-11 12:55:15.881] Date: Sat, 11 Apr 2026 12:55:15 GMT
[Fastbot][2026-04-11 12:55:15.881] Connection: keep-alive
[Fastbot][2026-04-11 12:55:15.882] Transfer-Encoding: chunked
[Fastbot][2026-04-11 12:55:15.883] 
[Fastbot][2026-04-11 12:55:15.883] {"jsonrpc":"2.0","id":1,"result":"<?xml version='1.0' encoding='UTF-8' standalone='yes' ?>\r\n<hierarchy rotation=\"0\">\r\n  <node index=\"0\" text=\"\" resource-id=\"com.android.systemui:id/navigation_bar_frame\" class=\"android.widget.FrameLayout\" package=\"com.android.systemui\" content-desc=\"...[truncated]
[Fastbot][2026-04-11 12:55:15.884] <-- END HTTP (42597-byte body)
[Fastbot][2026-04-11 12:55:15.955] [Proxy Server] Forwarding
[Fastbot][2026-04-11 12:55:15.956] --> POST http://127.0.0.1:9008/jsonrpc/0
[Fastbot][2026-04-11 12:55:15.956] Content-Type: application/json; charset=utf-8
[Fastbot][2026-04-11 12:55:15.956] Content-Length: 154
[Fastbot][2026-04-11 12:55:15.956] 
[Fastbot][2026-04-11 12:55:15.956] {"jsonrpc": "2.0", "id": 1, "method": "exist", "params": [{"mask": 64, "childOrSibling": [], "childOrSiblingSelector": [], "description": "drawer open"}]}
[Fastbot][2026-04-11 12:55:15.956] --> END POST (154-byte body)
[Fastbot][2026-04-11 12:55:15.969] <-- 200 OK  http://127.0.0.1:9008/jsonrpc/0 (12ms)
[Fastbot][2026-04-11 12:55:15.969] Content-Type: application/json
[Fastbot][2026-04-11 12:55:15.969] Date: Sat, 11 Apr 2026 12:55:15 GMT
[Fastbot][2026-04-11 12:55:15.969] Connection: keep-alive
[Fastbot][2026-04-11 12:55:15.970] Transfer-Encoding: chunked
[Fastbot][2026-04-11 12:55:15.970] 
[Fastbot][2026-04-11 12:55:15.970] {"jsonrpc":"2.0","id":1,"result":false}

[Fastbot][2026-04-11 12:55:15.970] <-- END HTTP (40-byte body)
[Fastbot][2026-04-11 12:55:15.985] [Proxy Server] Forwarding
[Fastbot][2026-04-11 12:55:15.985] --> POST http://127.0.0.1:9008/jsonrpc/0
[Fastbot][2026-04-11 12:55:15.985] Content-Type: application/json; charset=utf-8
[Fastbot][2026-04-11 12:55:15.986] Content-Length: 155
[Fastbot][2026-04-11 12:55:15.986] 
[Fastbot][2026-04-11 12:55:15.986] {"jsonrpc": "2.0", "id": 1, "method": "exist", "params": [{"mask": 64, "childOrSibling": [], "childOrSiblingSelector": [], "description": "drawer close"}]}
[Fastbot][2026-04-11 12:55:15.986] --> END POST (155-byte body)
[Fastbot][2026-04-11 12:55:15.998] <-- 200 OK  http://127.0.0.1:9008/jsonrpc/0 (12ms)
[Fastbot][2026-04-11 12:55:15.998] Content-Type: application/json
[Fastbot][2026-04-11 12:55:15.998] Date: Sat, 11 Apr 2026 12:55:15 GMT
[Fastbot][2026-04-11 12:55:15.999] Connection: keep-alive
[Fastbot][2026-04-11 12:55:15.999] Transfer-Encoding: chunked
[Fastbot][2026-04-11 12:55:16.049] 
[Fastbot][2026-04-11 12:55:16.049] {"jsonrpc":"2.0","id":1,"result":false}

[Fastbot][2026-04-11 12:55:16.049] <-- END HTTP (40-byte body)
[Fastbot][2026-04-11 12:55:16.581] [Proxy Server] Forwarding
[Fastbot][2026-04-11 12:55:16.581] --> POST http://127.0.0.1:9008/jsonrpc/0
[Fastbot][2026-04-11 12:55:16.581] Content-Type: application/json; charset=utf-8
[Fastbot][2026-04-11 12:55:16.581] Content-Length: 187
[Fastbot][2026-04-11 12:55:16.581] 
[Fastbot][2026-04-11 12:55:16.582] {"jsonrpc": "2.0", "id": 1, "method": "count", "params": [{"mask": 2097152, "childOrSibling": [], "childOrSiblingSelector": [], "resourceId": "it.feio.android.omninotes.alpha:id/count"}]}
[Fastbot][2026-04-11 12:55:16.582] --> END POST (187-byte body)
[Fastbot][2026-04-11 12:55:16.589] <-- 200 OK  http://127.0.0.1:9008/jsonrpc/0 (7ms)
[Fastbot][2026-04-11 12:55:16.590] Content-Type: application/json
[Fastbot][2026-04-11 12:55:16.590] Date: Sat, 11 Apr 2026 12:55:16 GMT
[Fastbot][2026-04-11 12:55:16.590] Connection: keep-alive
[Fastbot][2026-04-11 12:55:16.590] Transfer-Encoding: chunked
[Fastbot][2026-04-11 12:55:16.591] 
[Fastbot][2026-04-11 12:55:16.591] {"jsonrpc":"2.0","id":1,"result":0}

[Fastbot][2026-04-11 12:55:16.591] <-- END HTTP (36-byte body)
[Fastbot][2026-04-11 12:55:16.606] [Proxy Server] Forwarding
[Fastbot][2026-04-11 12:55:16.606] --> POST http://127.0.0.1:9008/jsonrpc/0
[Fastbot][2026-04-11 12:55:16.606] Content-Type: application/json; charset=utf-8
[Fastbot][2026-04-11 12:55:16.606] Content-Length: 187
[Fastbot][2026-04-11 12:55:16.607] 
[Fastbot][2026-04-11 12:55:16.607] {"jsonrpc": "2.0", "id": 1, "method": "count", "params": [{"mask": 2097152, "childOrSibling": [], "childOrSiblingSelector": [], "resourceId": "it.feio.android.omninotes.alpha:id/title"}]}
[Fastbot][2026-04-11 12:55:16.607] --> END POST (187-byte body)
[Fastbot][2026-04-11 12:55:16.614] <-- 200 OK  http://127.0.0.1:9008/jsonrpc/0 (7ms)
[Fastbot][2026-04-11 12:55:16.614] Content-Type: application/json
[Fastbot][2026-04-11 12:55:16.614] Date: Sat, 11 Apr 2026 12:55:16 GMT
[Fastbot][2026-04-11 12:55:16.614] Connection: keep-alive
[Fastbot][2026-04-11 12:55:16.615] Transfer-Encoding: chunked
[Fastbot][2026-04-11 12:55:16.659] 
[Fastbot][2026-04-11 12:55:16.659] {"jsonrpc":"2.0","id":1,"result":0}

[Fastbot][2026-04-11 12:55:16.659] <-- END HTTP (36-byte body)
[Fastbot][2026-04-11 12:55:16.674] [Proxy Server] Forwarding
[Fastbot][2026-04-11 12:55:16.674] --> POST http://127.0.0.1:9008/jsonrpc/0
[Fastbot][2026-04-11 12:55:16.675] Content-Type: application/json; charset=utf-8
[Fastbot][2026-04-11 12:55:16.675] Content-Length: 187
[Fastbot][2026-04-11 12:55:16.675] 
[Fastbot][2026-04-11 12:55:16.675] {"jsonrpc": "2.0", "id": 1, "method": "count", "params": [{"mask": 2097152, "childOrSibling": [], "childOrSiblingSelector": [], "resourceId": "it.feio.android.omninotes.alpha:id/title"}]}
[Fastbot][2026-04-11 12:55:16.675] --> END POST (187-byte body)
[Fastbot][2026-04-11 12:55:16.682] <-- 200 OK  http://127.0.0.1:9008/jsonrpc/0 (7ms)
[Fastbot][2026-04-11 12:55:16.682] Content-Type: application/json
[Fastbot][2026-04-11 12:55:16.683] Date: Sat, 11 Apr 2026 12:55:16 GMT
[Fastbot][2026-04-11 12:55:16.683] Connection: keep-alive
[Fastbot][2026-04-11 12:55:16.683] Transfer-Encoding: chunked
[Fastbot][2026-04-11 12:55:16.729] 
[Fastbot][2026-04-11 12:55:16.729] {"jsonrpc":"2.0","id":1,"result":0}

[Fastbot][2026-04-11 12:55:16.729] <-- END HTTP (36-byte body)
[Fastbot][2026-04-11 12:55:16.986] --> POST http://127.0.0.1:9008/jsonrpc/0
[Fastbot][2026-04-11 12:55:16.986] Content-Type: application/json; charset=utf-8
[Fastbot][2026-04-11 12:55:16.986] Content-Length: 75
[Fastbot][2026-04-11 12:55:16.986] 
[Fastbot][2026-04-11 12:55:16.987] {"id":1,"jsonrpc":"2.0","method":"dumpWindowHierarchy","params":[false,50]}
[Fastbot][2026-04-11 12:55:16.987] --> END POST (75-byte body)
[Fastbot][2026-04-11 12:55:17.012] <-- 200 OK  http://127.0.0.1:9008/jsonrpc/0 (25ms)
[Fastbot][2026-04-11 12:55:17.013] Content-Type: application/json
[Fastbot][2026-04-11 12:55:17.013] Date: Sat, 11 Apr 2026 12:55:17 GMT
[Fastbot][2026-04-11 12:55:17.013] Connection: keep-alive
[Fastbot][2026-04-11 12:55:17.013] Transfer-Encoding: chunked
[Fastbot][2026-04-11 12:55:17.015] 
[Fastbot][2026-04-11 12:55:17.015] {"jsonrpc":"2.0","id":1,"result":"<?xml version='1.0' encoding='UTF-8' standalone='yes' ?>\r\n<hierarchy rotation=\"0\">\r\n  <node index=\"0\" text=\"\" resource-id=\"com.android.systemui:id/navigation_bar_frame\" class=\"android.widget.FrameLayout\" package=\"com.android.systemui\" content-desc=\"...[truncated]
[Fastbot][2026-04-11 12:55:17.015] <-- END HTTP (42597-byte body)
[Fastbot][2026-04-11 12:55:17.067] [Proxy Server] Forwarding
[Fastbot][2026-04-11 12:55:17.068] --> POST http://127.0.0.1:9008/jsonrpc/0
[Fastbot][2026-04-11 12:55:17.068] Content-Type: application/json; charset=utf-8
[Fastbot][2026-04-11 12:55:17.068] Content-Length: 219
[Fastbot][2026-04-11 12:55:17.068] 
[Fastbot][2026-04-11 12:55:17.068] {"jsonrpc": "2.0", "id": 1, "method": "waitForExists", "params": [{"mask": 2097152, "childOrSibling": [], "childOrSiblingSelector": [], "resourceId": "it.feio.android.omninotes.alpha:id/fab_expand_menu_button"}, 20000]}
[Fastbot][2026-04-11 12:55:17.068] --> END POST (219-byte body)
[Fastbot][2026-04-11 12:55:17.082] <-- 200 OK  http://127.0.0.1:9008/jsonrpc/0 (13ms)
[Fastbot][2026-04-11 12:55:17.083] Content-Type: application/json
[Fastbot][2026-04-11 12:55:17.083] Date: Sat, 11 Apr 2026 12:55:17 GMT
[Fastbot][2026-04-11 12:55:17.083] Connection: keep-alive
[Fastbot][2026-04-11 12:55:17.083] Transfer-Encoding: chunked
[Fastbot][2026-04-11 12:55:17.084] 
[Fastbot][2026-04-11 12:55:17.084] {"jsonrpc":"2.0","id":1,"result":true}

[Fastbot][2026-04-11 12:55:17.084] <-- END HTTP (39-byte body)
[Fastbot][2026-04-11 12:55:17.114] [Proxy Server] Forwarding
[Fastbot][2026-04-11 12:55:17.114] --> POST http://127.0.0.1:9008/jsonrpc/0
[Fastbot][2026-04-11 12:55:17.114] Content-Type: application/json; charset=utf-8
[Fastbot][2026-04-11 12:55:17.115] Content-Length: 206
[Fastbot][2026-04-11 12:55:17.115] 
[Fastbot][2026-04-11 12:55:17.115] {"jsonrpc": "2.0", "id": 1, "method": "objInfo", "params": [{"mask": 2097152, "childOrSibling": [], "childOrSiblingSelector": [], "resourceId": "it.feio.android.omninotes.alpha:id/fab_expand_menu_button"}]}
[Fastbot][2026-04-11 12:55:17.115] --> END POST (206-byte body)
[Fastbot][2026-04-11 12:55:17.145] <-- 200 OK  http://127.0.0.1:9008/jsonrpc/0 (30ms)
[Fastbot][2026-04-11 12:55:17.145] Content-Type: application/json
[Fastbot][2026-04-11 12:55:17.145] Date: Sat, 11 Apr 2026 12:55:17 GMT
[Fastbot][2026-04-11 12:55:17.146] Connection: keep-alive
[Fastbot][2026-04-11 12:55:17.146] Transfer-Encoding: chunked
[Fastbot][2026-04-11 12:55:17.190] 
[Fastbot][2026-04-11 12:55:17.190] {"jsonrpc":"2.0","id":1,"result":{"bounds":{"bottom":2126,"left":856,"right":1058,"top":1923},"childCount":0,"className":"android.widget.ImageButton","contentDescription":null,"packageName":"it.feio.android.omninotes.alpha","resourceName":"it.feio.android.omninotes.alpha:id/fab_expand_menu_button","...[truncated]
[Fastbot][2026-04-11 12:55:17.190] <-- END HTTP (536-byte body)
[Fastbot][2026-04-11 12:55:17.237] [Proxy Server] Detected script method: click
[Fastbot][2026-04-11 12:55:17.238] [Proxy Server] Forwarding
[Fastbot][2026-04-11 12:55:17.238] --> POST http://127.0.0.1:9008/jsonrpc/0
[Fastbot][2026-04-11 12:55:17.238] Content-Type: application/json; charset=utf-8
[Fastbot][2026-04-11 12:55:17.238] Content-Length: 73
[Fastbot][2026-04-11 12:55:17.238] 
[Fastbot][2026-04-11 12:55:17.239] {"jsonrpc": "2.0", "id": 1, "method": "click", "params": [957.0, 2024.5]}
[Fastbot][2026-04-11 12:55:17.239] --> END POST (73-byte body)
[Fastbot][2026-04-11 12:55:17.370] <-- 200 OK  http://127.0.0.1:9008/jsonrpc/0 (130ms)
[Fastbot][2026-04-11 12:55:17.370] Content-Type: application/json
[Fastbot][2026-04-11 12:55:17.370] Date: Sat, 11 Apr 2026 12:55:17 GMT
[Fastbot][2026-04-11 12:55:17.370] Connection: keep-alive
[Fastbot][2026-04-11 12:55:17.370] Transfer-Encoding: chunked
[Fastbot][2026-04-11 12:55:17.371] 
[Fastbot][2026-04-11 12:55:17.371] {"jsonrpc":"2.0","id":1,"result":true}

[Fastbot][2026-04-11 12:55:17.371] <-- END HTTP (39-byte body)
[Fastbot][2026-04-11 12:55:17.902] [Proxy Server] Forwarding
[Fastbot][2026-04-11 12:55:17.902] --> POST http://127.0.0.1:9008/jsonrpc/0
[Fastbot][2026-04-11 12:55:17.903] Content-Type: application/json; charset=utf-8
[Fastbot][2026-04-11 12:55:17.903] Content-Length: 205
[Fastbot][2026-04-11 12:55:17.903] 
[Fastbot][2026-04-11 12:55:17.903] {"jsonrpc": "2.0", "id": 1, "method": "waitForExists", "params": [{"mask": 2097152, "childOrSibling": [], "childOrSiblingSelector": [], "resourceId": "it.feio.android.omninotes.alpha:id/fab_note"}, 20000]}
[Fastbot][2026-04-11 12:55:17.903] --> END POST (205-byte body)
[Fastbot][2026-04-11 12:55:17.921] <-- 200 OK  http://127.0.0.1:9008/jsonrpc/0 (18ms)
[Fastbot][2026-04-11 12:55:17.921] Content-Type: application/json
[Fastbot][2026-04-11 12:55:17.922] Date: Sat, 11 Apr 2026 12:55:17 GMT
[Fastbot][2026-04-11 12:55:17.922] Connection: keep-alive
[Fastbot][2026-04-11 12:55:17.922] Transfer-Encoding: chunked
[Fastbot][2026-04-11 12:55:17.923] 
[Fastbot][2026-04-11 12:55:17.923] {"jsonrpc":"2.0","id":1,"result":true}

[Fastbot][2026-04-11 12:55:17.923] <-- END HTTP (39-byte body)
[Fastbot][2026-04-11 12:55:17.938] [Proxy Server] Forwarding
[Fastbot][2026-04-11 12:55:17.938] --> POST http://127.0.0.1:9008/jsonrpc/0
[Fastbot][2026-04-11 12:55:17.939] Content-Type: application/json; charset=utf-8
[Fastbot][2026-04-11 12:55:17.939] Content-Length: 192
[Fastbot][2026-04-11 12:55:17.939] 
[Fastbot][2026-04-11 12:55:17.939] {"jsonrpc": "2.0", "id": 1, "method": "objInfo", "params": [{"mask": 2097152, "childOrSibling": [], "childOrSiblingSelector": [], "resourceId": "it.feio.android.omninotes.alpha:id/fab_note"}]}
[Fastbot][2026-04-11 12:55:17.940] --> END POST (192-byte body)
[Fastbot][2026-04-11 12:55:17.966] <-- 200 OK  http://127.0.0.1:9008/jsonrpc/0 (26ms)
[Fastbot][2026-04-11 12:55:17.966] Content-Type: application/json
[Fastbot][2026-04-11 12:55:17.966] Date: Sat, 11 Apr 2026 12:55:17 GMT
[Fastbot][2026-04-11 12:55:17.966] Connection: keep-alive
[Fastbot][2026-04-11 12:55:17.967] Transfer-Encoding: chunked
[Fastbot][2026-04-11 12:55:18.010] 
[Fastbot][2026-04-11 12:55:18.010] {"jsonrpc":"2.0","id":1,"result":{"bounds":{"bottom":1912,"left":878,"right":1037,"top":1753},"childCount":0,"className":"android.widget.ImageButton","contentDescription":null,"packageName":"it.feio.android.omninotes.alpha","resourceName":"it.feio.android.omninotes.alpha:id/fab_note","text":null,"vi...[truncated]
[Fastbot][2026-04-11 12:55:18.010] <-- END HTTP (523-byte body)
[Fastbot][2026-04-11 12:55:18.059] [Proxy Server] Detected script method: click
[Fastbot][2026-04-11 12:55:18.060] [Proxy Server] Forwarding
[Fastbot][2026-04-11 12:55:18.060] --> POST http://127.0.0.1:9008/jsonrpc/0
[Fastbot][2026-04-11 12:55:18.061] Content-Type: application/json; charset=utf-8
[Fastbot][2026-04-11 12:55:18.061] Content-Length: 73
[Fastbot][2026-04-11 12:55:18.061] 
[Fastbot][2026-04-11 12:55:18.061] {"jsonrpc": "2.0", "id": 1, "method": "click", "params": [957.5, 1832.5]}
[Fastbot][2026-04-11 12:55:18.061] --> END POST (73-byte body)
[Fastbot][2026-04-11 12:55:18.204] <-- 200 OK  http://127.0.0.1:9008/jsonrpc/0 (142ms)
[Fastbot][2026-04-11 12:55:18.204] Content-Type: application/json
[Fastbot][2026-04-11 12:55:18.204] Date: Sat, 11 Apr 2026 12:55:18 GMT
[Fastbot][2026-04-11 12:55:18.204] Connection: keep-alive
[Fastbot][2026-04-11 12:55:18.204] Transfer-Encoding: chunked
[Fastbot][2026-04-11 12:55:18.205] 
[Fastbot][2026-04-11 12:55:18.205] {"jsonrpc":"2.0","id":1,"result":true}

[Fastbot][2026-04-11 12:55:18.205] <-- END HTTP (39-byte body)
[Fastbot][2026-04-11 12:55:18.765] [Proxy Server] Forwarding
[Fastbot][2026-04-11 12:55:18.766] --> POST http://127.0.0.1:9008/jsonrpc/0
[Fastbot][2026-04-11 12:55:18.766] Content-Type: application/json; charset=utf-8
[Fastbot][2026-04-11 12:55:18.766] Content-Length: 210
[Fastbot][2026-04-11 12:55:18.766] 
[Fastbot][2026-04-11 12:55:18.767] {"jsonrpc": "2.0", "id": 1, "method": "waitForExists", "params": [{"mask": 2097152, "childOrSibling": [], "childOrSiblingSelector": [], "resourceId": "it.feio.android.omninotes.alpha:id/menu_category"}, 20000]}
[Fastbot][2026-04-11 12:55:18.768] --> END POST (210-byte body)
[Fastbot][2026-04-11 12:55:18.789] <-- 200 OK  http://127.0.0.1:9008/jsonrpc/0 (19ms)
[Fastbot][2026-04-11 12:55:18.789] Content-Type: application/json
[Fastbot][2026-04-11 12:55:18.790] Date: Sat, 11 Apr 2026 12:55:18 GMT
[Fastbot][2026-04-11 12:55:18.790] Connection: keep-alive
[Fastbot][2026-04-11 12:55:18.790] Transfer-Encoding: chunked
[Fastbot][2026-04-11 12:55:18.790] 
[Fastbot][2026-04-11 12:55:18.791] {"jsonrpc":"2.0","id":1,"result":true}

[Fastbot][2026-04-11 12:55:18.791] <-- END HTTP (39-byte body)
[Fastbot][2026-04-11 12:55:18.807] [Proxy Server] Forwarding
[Fastbot][2026-04-11 12:55:18.807] --> POST http://127.0.0.1:9008/jsonrpc/0
[Fastbot][2026-04-11 12:55:18.807] Content-Type: application/json; charset=utf-8
[Fastbot][2026-04-11 12:55:18.807] Content-Length: 197
[Fastbot][2026-04-11 12:55:18.807] 
[Fastbot][2026-04-11 12:55:18.807] {"jsonrpc": "2.0", "id": 1, "method": "objInfo", "params": [{"mask": 2097152, "childOrSibling": [], "childOrSiblingSelector": [], "resourceId": "it.feio.android.omninotes.alpha:id/menu_category"}]}
[Fastbot][2026-04-11 12:55:18.808] --> END POST (197-byte body)
[Fastbot][2026-04-11 12:55:18.844] <-- 200 OK  http://127.0.0.1:9008/jsonrpc/0 (36ms)
[Fastbot][2026-04-11 12:55:18.844] Content-Type: application/json
[Fastbot][2026-04-11 12:55:18.844] Date: Sat, 11 Apr 2026 12:55:18 GMT
[Fastbot][2026-04-11 12:55:18.845] Connection: keep-alive
[Fastbot][2026-04-11 12:55:18.845] Transfer-Encoding: chunked
[Fastbot][2026-04-11 12:55:18.889] 
[Fastbot][2026-04-11 12:55:18.889] {"jsonrpc":"2.0","id":1,"result":{"bounds":{"bottom":226,"left":573,"right":705,"top":94},"childCount":0,"className":"android.widget.Button","contentDescription":"Category","packageName":"it.feio.android.omninotes.alpha","resourceName":"it.feio.android.omninotes.alpha:id/menu_category","text":null,"...[truncated]
[Fastbot][2026-04-11 12:55:18.890] <-- END HTTP (520-byte body)
[Fastbot][2026-04-11 12:55:18.917] [Proxy Server] Detected script method: click
[Fastbot][2026-04-11 12:55:18.918] [Proxy Server] Forwarding
[Fastbot][2026-04-11 12:55:18.918] --> POST http://127.0.0.1:9008/jsonrpc/0
[Fastbot][2026-04-11 12:55:18.918] Content-Type: application/json; charset=utf-8
[Fastbot][2026-04-11 12:55:18.918] Content-Length: 72
[Fastbot][2026-04-11 12:55:18.919] 
[Fastbot][2026-04-11 12:55:18.919] {"jsonrpc": "2.0", "id": 1, "method": "click", "params": [639.0, 160.0]}
[Fastbot][2026-04-11 12:55:18.919] --> END POST (72-byte body)
[Fastbot][2026-04-11 12:55:19.053] <-- 200 OK  http://127.0.0.1:9008/jsonrpc/0 (134ms)
[Fastbot][2026-04-11 12:55:19.053] Content-Type: application/json
[Fastbot][2026-04-11 12:55:19.054] Date: Sat, 11 Apr 2026 12:55:19 GMT
[Fastbot][2026-04-11 12:55:19.054] Connection: keep-alive
[Fastbot][2026-04-11 12:55:19.054] Transfer-Encoding: chunked
[Fastbot][2026-04-11 12:55:19.109] 
[Fastbot][2026-04-11 12:55:19.110] {"jsonrpc":"2.0","id":1,"result":true}

[Fastbot][2026-04-11 12:55:19.110] <-- END HTTP (39-byte body)
[Fastbot][2026-04-11 12:55:19.644] [Proxy Server] Forwarding
[Fastbot][2026-04-11 12:55:19.645] --> POST http://127.0.0.1:9008/jsonrpc/0
[Fastbot][2026-04-11 12:55:19.645] Content-Type: application/json; charset=utf-8
[Fastbot][2026-04-11 12:55:19.646] Content-Length: 245
[Fastbot][2026-04-11 12:55:19.646] 
[Fastbot][2026-04-11 12:55:19.646] {"jsonrpc": "2.0", "id": 1, "method": "waitForExists", "params": [{"mask": 2097153, "childOrSibling": [], "childOrSiblingSelector": [], "resourceId": "it.feio.android.omninotes.alpha:id/md_buttonDefaultPositive", "text": "ADD CATEGORY"}, 20000]}
[Fastbot][2026-04-11 12:55:19.646] --> END POST (245-byte body)
[Fastbot][2026-04-11 12:55:19.657] <-- 200 OK  http://127.0.0.1:9008/jsonrpc/0 (10ms)
[Fastbot][2026-04-11 12:55:19.658] Content-Type: application/json
[Fastbot][2026-04-11 12:55:19.658] Date: Sat, 11 Apr 2026 12:55:19 GMT
[Fastbot][2026-04-11 12:55:19.658] Connection: keep-alive
[Fastbot][2026-04-11 12:55:19.658] Transfer-Encoding: chunked
[Fastbot][2026-04-11 12:55:19.659] 
[Fastbot][2026-04-11 12:55:19.659] {"jsonrpc":"2.0","id":1,"result":true}

[Fastbot][2026-04-11 12:55:19.660] <-- END HTTP (39-byte body)
[Fastbot][2026-04-11 12:55:19.700] [Proxy Server] Forwarding
[Fastbot][2026-04-11 12:55:19.700] --> POST http://127.0.0.1:9008/jsonrpc/0
[Fastbot][2026-04-11 12:55:19.700] Content-Type: application/json; charset=utf-8
[Fastbot][2026-04-11 12:55:19.700] Content-Length: 232
[Fastbot][2026-04-11 12:55:19.701] 
[Fastbot][2026-04-11 12:55:19.701] {"jsonrpc": "2.0", "id": 1, "method": "objInfo", "params": [{"mask": 2097153, "childOrSibling": [], "childOrSiblingSelector": [], "resourceId": "it.feio.android.omninotes.alpha:id/md_buttonDefaultPositive", "text": "ADD CATEGORY"}]}
[Fastbot][2026-04-11 12:55:19.701] --> END POST (232-byte body)
[Fastbot][2026-04-11 12:55:19.729] <-- 200 OK  http://127.0.0.1:9008/jsonrpc/0 (27ms)
[Fastbot][2026-04-11 12:55:19.729] Content-Type: application/json
[Fastbot][2026-04-11 12:55:19.729] Date: Sat, 11 Apr 2026 12:55:19 GMT
[Fastbot][2026-04-11 12:55:19.729] Connection: keep-alive
[Fastbot][2026-04-11 12:55:19.729] Transfer-Encoding: chunked
[Fastbot][2026-04-11 12:55:19.730] 
[Fastbot][2026-04-11 12:55:19.730] {"jsonrpc":"2.0","id":1,"result":{"bounds":{"bottom":1348,"left":622,"right":915,"top":1282},"childCount":0,"className":"android.widget.TextView","contentDescription":null,"packageName":"it.feio.android.omninotes.alpha","resourceName":"it.feio.android.omninotes.alpha:id/md_buttonDefaultPositive","te...[truncated]
[Fastbot][2026-04-11 12:55:19.730] <-- END HTTP (544-byte body)
[Fastbot][2026-04-11 12:55:19.745] [Proxy Server] Detected script method: click
[Fastbot][2026-04-11 12:55:19.746] [Proxy Server] Forwarding
[Fastbot][2026-04-11 12:55:19.746] --> POST http://127.0.0.1:9008/jsonrpc/0
[Fastbot][2026-04-11 12:55:19.746] Content-Type: application/json; charset=utf-8
[Fastbot][2026-04-11 12:55:19.746] Content-Length: 73
[Fastbot][2026-04-11 12:55:19.747] 
[Fastbot][2026-04-11 12:55:19.747] {"jsonrpc": "2.0", "id": 1, "method": "click", "params": [768.5, 1315.0]}
[Fastbot][2026-04-11 12:55:19.747] --> END POST (73-byte body)
[Fastbot][2026-04-11 12:55:19.881] <-- 200 OK  http://127.0.0.1:9008/jsonrpc/0 (133ms)
[Fastbot][2026-04-11 12:55:19.881] Content-Type: application/json
[Fastbot][2026-04-11 12:55:19.881] Date: Sat, 11 Apr 2026 12:55:19 GMT
[Fastbot][2026-04-11 12:55:19.881] Connection: keep-alive
[Fastbot][2026-04-11 12:55:19.881] Transfer-Encoding: chunked
[Fastbot][2026-04-11 12:55:19.887] // the top activity is it.feio.android.omninotes.CategoryActivity, phone capture activity is com.android.camera.CaptureActivity
[Fastbot][2026-04-11 12:55:19.888]     // Allowing start of Intent { cmp=it.feio.android.omninotes.alpha/it.feio.android.omninotes.CategoryActivity } in package it.feio.android.omninotes.alpha
[Fastbot][2026-04-11 12:55:19.932] 
[Fastbot][2026-04-11 12:55:19.933] {"jsonrpc":"2.0","id":1,"result":true}

[Fastbot][2026-04-11 12:55:19.933] <-- END HTTP (39-byte body)
[Fastbot][2026-04-11 12:55:20.464] // [Script] current activity is it.feio.android.omninotes.CategoryActivity
[Fastbot][2026-04-11 12:55:20.464] [Proxy Server] Forwarding
[Fastbot][2026-04-11 12:55:20.464] --> POST http://127.0.0.1:9008/jsonrpc/0
[Fastbot][2026-04-11 12:55:20.464] Content-Type: application/json; charset=utf-8
[Fastbot][2026-04-11 12:55:20.465] Content-Length: 228
[Fastbot][2026-04-11 12:55:20.465] 
[Fastbot][2026-04-11 12:55:20.465] {"jsonrpc": "2.0", "id": 1, "method": "waitForExists", "params": [{"mask": 2097153, "childOrSibling": [], "childOrSiblingSelector": [], "resourceId": "it.feio.android.omninotes.alpha:id/category_title", "text": "Title"}, 20000]}
[Fastbot][2026-04-11 12:55:20.465] --> END POST (228-byte body)
[Fastbot][2026-04-11 12:55:20.473] <-- 200 OK  http://127.0.0.1:9008/jsonrpc/0 (8ms)
[Fastbot][2026-04-11 12:55:20.474] Content-Type: application/json
[Fastbot][2026-04-11 12:55:20.474] Date: Sat, 11 Apr 2026 12:55:20 GMT
[Fastbot][2026-04-11 12:55:20.474] Connection: keep-alive
[Fastbot][2026-04-11 12:55:20.474] Transfer-Encoding: chunked
[Fastbot][2026-04-11 12:55:20.475] 
[Fastbot][2026-04-11 12:55:20.475] {"jsonrpc":"2.0","id":1,"result":true}

[Fastbot][2026-04-11 12:55:20.475] <-- END HTTP (39-byte body)
[Fastbot][2026-04-11 12:55:20.490] [Proxy Server] Detected script method: setText
[Fastbot][2026-04-11 12:55:20.490] [Proxy Server] Forwarding
[Fastbot][2026-04-11 12:55:20.490] --> POST http://127.0.0.1:9008/jsonrpc/0
[Fastbot][2026-04-11 12:55:20.491] Content-Type: application/json; charset=utf-8
[Fastbot][2026-04-11 12:55:20.491] Content-Length: 227
[Fastbot][2026-04-11 12:55:20.491] 
[Fastbot][2026-04-11 12:55:20.491] {"jsonrpc": "2.0", "id": 1, "method": "setText", "params": [{"mask": 2097153, "childOrSibling": [], "childOrSiblingSelector": [], "resourceId": "it.feio.android.omninotes.alpha:id/category_title", "text": "Title"}, "4XwA4ZOd"]}
[Fastbot][2026-04-11 12:55:20.491] --> END POST (227-byte body)
[Fastbot][2026-04-11 12:55:20.562] <-- 200 OK  http://127.0.0.1:9008/jsonrpc/0 (71ms)
[Fastbot][2026-04-11 12:55:20.563] Content-Type: application/json
[Fastbot][2026-04-11 12:55:20.563] Date: Sat, 11 Apr 2026 12:55:20 GMT
[Fastbot][2026-04-11 12:55:20.563] Connection: keep-alive
[Fastbot][2026-04-11 12:55:20.563] Transfer-Encoding: chunked
[Fastbot][2026-04-11 12:55:20.610] 
[Fastbot][2026-04-11 12:55:20.610] {"jsonrpc":"2.0","id":1,"result":true}

[Fastbot][2026-04-11 12:55:20.610] <-- END HTTP (39-byte body)
[Fastbot][2026-04-11 12:55:21.126] [Proxy Server] Forwarding
[Fastbot][2026-04-11 12:55:21.127] --> POST http://127.0.0.1:9008/jsonrpc/0
[Fastbot][2026-04-11 12:55:21.127] Content-Type: application/json; charset=utf-8
[Fastbot][2026-04-11 12:55:21.127] Content-Length: 215
[Fastbot][2026-04-11 12:55:21.127] 
[Fastbot][2026-04-11 12:55:21.128] {"jsonrpc": "2.0", "id": 1, "method": "waitForExists", "params": [{"mask": 2097153, "childOrSibling": [], "childOrSiblingSelector": [], "resourceId": "it.feio.android.omninotes.alpha:id/save", "text": "OK"}, 20000]}
[Fastbot][2026-04-11 12:55:21.128] --> END POST (215-byte body)
[Fastbot][2026-04-11 12:55:21.139] <-- 200 OK  http://127.0.0.1:9008/jsonrpc/0 (9ms)
[Fastbot][2026-04-11 12:55:21.139] Content-Type: application/json
[Fastbot][2026-04-11 12:55:21.139] Date: Sat, 11 Apr 2026 12:55:21 GMT
[Fastbot][2026-04-11 12:55:21.139] Connection: keep-alive
[Fastbot][2026-04-11 12:55:21.139] Transfer-Encoding: chunked
[Fastbot][2026-04-11 12:55:21.140] 
[Fastbot][2026-04-11 12:55:21.140] {"jsonrpc":"2.0","id":1,"result":true}

[Fastbot][2026-04-11 12:55:21.140] <-- END HTTP (39-byte body)
[Fastbot][2026-04-11 12:55:21.167] [Proxy Server] Forwarding
[Fastbot][2026-04-11 12:55:21.167] --> POST http://127.0.0.1:9008/jsonrpc/0
[Fastbot][2026-04-11 12:55:21.167] Content-Type: application/json; charset=utf-8
[Fastbot][2026-04-11 12:55:21.167] Content-Length: 202
[Fastbot][2026-04-11 12:55:21.168] 
[Fastbot][2026-04-11 12:55:21.168] {"jsonrpc": "2.0", "id": 1, "method": "objInfo", "params": [{"mask": 2097153, "childOrSibling": [], "childOrSiblingSelector": [], "resourceId": "it.feio.android.omninotes.alpha:id/save", "text": "OK"}]}
[Fastbot][2026-04-11 12:55:21.168] --> END POST (202-byte body)
[Fastbot][2026-04-11 12:55:21.188] <-- 200 OK  http://127.0.0.1:9008/jsonrpc/0 (19ms)
[Fastbot][2026-04-11 12:55:21.188] Content-Type: application/json
[Fastbot][2026-04-11 12:55:21.188] Date: Sat, 11 Apr 2026 12:55:21 GMT
[Fastbot][2026-04-11 12:55:21.188] Connection: keep-alive
[Fastbot][2026-04-11 12:55:21.188] Transfer-Encoding: chunked
[Fastbot][2026-04-11 12:55:21.230] 
[Fastbot][2026-04-11 12:55:21.230] {"jsonrpc":"2.0","id":1,"result":{"bounds":{"bottom":1450,"left":543,"right":776,"top":1321},"childCount":0,"className":"android.widget.Button","contentDescription":null,"packageName":"it.feio.android.omninotes.alpha","resourceName":"it.feio.android.omninotes.alpha:id/save","text":"OK","visibleBound...[truncated]
[Fastbot][2026-04-11 12:55:21.230] <-- END HTTP (512-byte body)
[Fastbot][2026-04-11 12:55:21.260] [Proxy Server] Detected script method: click
[Fastbot][2026-04-11 12:55:21.260] [Proxy Server] Forwarding
[Fastbot][2026-04-11 12:55:21.260] --> POST http://127.0.0.1:9008/jsonrpc/0
[Fastbot][2026-04-11 12:55:21.261] Content-Type: application/json; charset=utf-8
[Fastbot][2026-04-11 12:55:21.261] Content-Length: 73
[Fastbot][2026-04-11 12:55:21.261] 
[Fastbot][2026-04-11 12:55:21.261] {"jsonrpc": "2.0", "id": 1, "method": "click", "params": [659.5, 1385.5]}
[Fastbot][2026-04-11 12:55:21.261] --> END POST (73-byte body)
[Fastbot][2026-04-11 12:55:21.392]     // activityResuming(it.feio.android.omninotes.alpha)
[Fastbot][2026-04-11 12:55:21.404] <-- 200 OK  http://127.0.0.1:9008/jsonrpc/0 (142ms)
[Fastbot][2026-04-11 12:55:21.404] Content-Type: application/json
[Fastbot][2026-04-11 12:55:21.405] Date: Sat, 11 Apr 2026 12:55:21 GMT
[Fastbot][2026-04-11 12:55:21.405] Connection: keep-alive
[Fastbot][2026-04-11 12:55:21.405] Transfer-Encoding: chunked
[Fastbot][2026-04-11 12:55:21.449] 
[Fastbot][2026-04-11 12:55:21.449] {"jsonrpc":"2.0","id":1,"result":true}

[Fastbot][2026-04-11 12:55:21.449] <-- END HTTP (39-byte body)
[Fastbot][2026-04-11 12:55:21.992] // [Script] current activity is it.feio.android.omninotes.MainActivity
[Fastbot][2026-04-11 12:55:21.992] [Proxy Server] Detected script method: pressKey
[Fastbot][2026-04-11 12:55:21.992] [Proxy Server] Forwarding
[Fastbot][2026-04-11 12:55:21.993] --> POST http://127.0.0.1:9008/jsonrpc/0
[Fastbot][2026-04-11 12:55:21.993] Content-Type: application/json; charset=utf-8
[Fastbot][2026-04-11 12:55:21.993] Content-Length: 69
[Fastbot][2026-04-11 12:55:21.993] 
[Fastbot][2026-04-11 12:55:21.993] {"jsonrpc": "2.0", "id": 1, "method": "pressKey", "params": ["back"]}
[Fastbot][2026-04-11 12:55:21.993] --> END POST (69-byte body)
[Fastbot][2026-04-11 12:55:22.030] <-- 200 OK  http://127.0.0.1:9008/jsonrpc/0 (36ms)
[Fastbot][2026-04-11 12:55:22.031] Content-Type: application/json
[Fastbot][2026-04-11 12:55:22.031] Date: Sat, 11 Apr 2026 12:55:22 GMT
[Fastbot][2026-04-11 12:55:22.031] Connection: keep-alive
[Fastbot][2026-04-11 12:55:22.031] Transfer-Encoding: chunked
[Fastbot][2026-04-11 12:55:22.031] 
[Fastbot][2026-04-11 12:55:22.031] {"jsonrpc":"2.0","id":1,"result":true}

[Fastbot][2026-04-11 12:55:22.031] <-- END HTTP (39-byte body)
[Fastbot][2026-04-11 12:55:22.584] [Proxy Server] Forwarding
[Fastbot][2026-04-11 12:55:22.585] --> POST http://127.0.0.1:9008/jsonrpc/0
[Fastbot][2026-04-11 12:55:22.585] Content-Type: application/json; charset=utf-8
[Fastbot][2026-04-11 12:55:22.586] Content-Length: 154
[Fastbot][2026-04-11 12:55:22.586] 
[Fastbot][2026-04-11 12:55:22.586] {"jsonrpc": "2.0", "id": 1, "method": "exist", "params": [{"mask": 64, "childOrSibling": [], "childOrSiblingSelector": [], "description": "drawer open"}]}
[Fastbot][2026-04-11 12:55:22.587] --> END POST (154-byte body)
[Fastbot][2026-04-11 12:55:22.626] <-- 200 OK  http://127.0.0.1:9008/jsonrpc/0 (38ms)
[Fastbot][2026-04-11 12:55:22.626] Content-Type: application/json
[Fastbot][2026-04-11 12:55:22.626] Date: Sat, 11 Apr 2026 12:55:22 GMT
[Fastbot][2026-04-11 12:55:22.627] Connection: keep-alive
[Fastbot][2026-04-11 12:55:22.627] Transfer-Encoding: chunked
[Fastbot][2026-04-11 12:55:22.628] 
[Fastbot][2026-04-11 12:55:22.628] {"jsonrpc":"2.0","id":1,"result":true}

[Fastbot][2026-04-11 12:55:22.628] <-- END HTTP (39-byte body)
[Fastbot][2026-04-11 12:55:22.660] [Proxy Server] Forwarding
[Fastbot][2026-04-11 12:55:22.661] --> POST http://127.0.0.1:9008/jsonrpc/0
[Fastbot][2026-04-11 12:55:22.661] Content-Type: application/json; charset=utf-8
[Fastbot][2026-04-11 12:55:22.662] Content-Length: 169
[Fastbot][2026-04-11 12:55:22.662] 
[Fastbot][2026-04-11 12:55:22.662] {"jsonrpc": "2.0", "id": 1, "method": "waitForExists", "params": [{"mask": 64, "childOrSibling": [], "childOrSiblingSelector": [], "description": "drawer open"}, 20000]}
[Fastbot][2026-04-11 12:55:22.662] --> END POST (169-byte body)
[Fastbot][2026-04-11 12:55:22.702] <-- 200 OK  http://127.0.0.1:9008/jsonrpc/0 (39ms)
[Fastbot][2026-04-11 12:55:22.702] Content-Type: application/json
[Fastbot][2026-04-11 12:55:22.702] Date: Sat, 11 Apr 2026 12:55:22 GMT
[Fastbot][2026-04-11 12:55:22.702] Connection: keep-alive
[Fastbot][2026-04-11 12:55:22.703] Transfer-Encoding: chunked
[Fastbot][2026-04-11 12:55:22.703] 
[Fastbot][2026-04-11 12:55:22.703] {"jsonrpc":"2.0","id":1,"result":true}

[Fastbot][2026-04-11 12:55:22.704] <-- END HTTP (39-byte body)
[Fastbot][2026-04-11 12:55:22.736] [Proxy Server] Forwarding
[Fastbot][2026-04-11 12:55:22.737] --> POST http://127.0.0.1:9008/jsonrpc/0
[Fastbot][2026-04-11 12:55:22.737] Content-Type: application/json; charset=utf-8
[Fastbot][2026-04-11 12:55:22.737] Content-Length: 156
[Fastbot][2026-04-11 12:55:22.737] 
[Fastbot][2026-04-11 12:55:22.738] {"jsonrpc": "2.0", "id": 1, "method": "objInfo", "params": [{"mask": 64, "childOrSibling": [], "childOrSiblingSelector": [], "description": "drawer open"}]}
[Fastbot][2026-04-11 12:55:22.738] --> END POST (156-byte body)
[Fastbot][2026-04-11 12:55:23.069] <-- 200 OK  http://127.0.0.1:9008/jsonrpc/0 (330ms)
[Fastbot][2026-04-11 12:55:23.069] Content-Type: application/json
[Fastbot][2026-04-11 12:55:23.069] Date: Sat, 11 Apr 2026 12:55:23 GMT
[Fastbot][2026-04-11 12:55:23.069] Connection: keep-alive
[Fastbot][2026-04-11 12:55:23.069] Transfer-Encoding: chunked
[Fastbot][2026-04-11 12:55:23.071] 
[Fastbot][2026-04-11 12:55:23.071] {"jsonrpc":"2.0","id":1,"result":{"bounds":{"bottom":237,"left":0,"right":154,"top":83},"childCount":0,"className":"android.widget.ImageButton","contentDescription":"drawer open","packageName":"it.feio.android.omninotes.alpha","resourceName":null,"text":null,"visibleBounds":{"bottom":237,"left":0,"r...[truncated]
[Fastbot][2026-04-11 12:55:23.071] <-- END HTTP (479-byte body)
[Fastbot][2026-04-11 12:55:23.125] [Proxy Server] Detected script method: click
[Fastbot][2026-04-11 12:55:23.126] [Proxy Server] Forwarding
[Fastbot][2026-04-11 12:55:23.126] --> POST http://127.0.0.1:9008/jsonrpc/0
[Fastbot][2026-04-11 12:55:23.127] Content-Type: application/json; charset=utf-8
[Fastbot][2026-04-11 12:55:23.127] Content-Length: 71
[Fastbot][2026-04-11 12:55:23.127] 
[Fastbot][2026-04-11 12:55:23.127] {"jsonrpc": "2.0", "id": 1, "method": "click", "params": [77.0, 160.0]}
[Fastbot][2026-04-11 12:55:23.127] --> END POST (71-byte body)
[Fastbot][2026-04-11 12:55:23.264] <-- 200 OK  http://127.0.0.1:9008/jsonrpc/0 (136ms)
[Fastbot][2026-04-11 12:55:23.265] Content-Type: application/json
[Fastbot][2026-04-11 12:55:23.265] Date: Sat, 11 Apr 2026 12:55:23 GMT
[Fastbot][2026-04-11 12:55:23.265] Connection: keep-alive
[Fastbot][2026-04-11 12:55:23.265] Transfer-Encoding: chunked
[Fastbot][2026-04-11 12:55:23.266] 
[Fastbot][2026-04-11 12:55:23.267] {"jsonrpc":"2.0","id":1,"result":true}

[Fastbot][2026-04-11 12:55:23.267] <-- END HTTP (39-byte body)
[Fastbot][2026-04-11 12:55:23.315] [Proxy Server] Forwarding
[Fastbot][2026-04-11 12:55:23.315] --> POST http://127.0.0.1:9008/jsonrpc/0
[Fastbot][2026-04-11 12:55:23.316] Content-Type: application/json; charset=utf-8
[Fastbot][2026-04-11 12:55:23.316] Content-Length: 187
[Fastbot][2026-04-11 12:55:23.316] 
[Fastbot][2026-04-11 12:55:23.316] {"jsonrpc": "2.0", "id": 1, "method": "count", "params": [{"mask": 2097152, "childOrSibling": [], "childOrSiblingSelector": [], "resourceId": "it.feio.android.omninotes.alpha:id/title"}]}
[Fastbot][2026-04-11 12:55:23.317] --> END POST (187-byte body)
[Fastbot][2026-04-11 12:55:23.869] <-- 200 OK  http://127.0.0.1:9008/jsonrpc/0 (552ms)
[Fastbot][2026-04-11 12:55:23.870] Content-Type: application/json
[Fastbot][2026-04-11 12:55:23.870] Date: Sat, 11 Apr 2026 12:55:23 GMT
[Fastbot][2026-04-11 12:55:23.870] Connection: keep-alive
[Fastbot][2026-04-11 12:55:23.870] Transfer-Encoding: chunked
[Fastbot][2026-04-11 12:55:23.870] 
[Fastbot][2026-04-11 12:55:23.870] {"jsonrpc":"2.0","id":1,"result":4}

[Fastbot][2026-04-11 12:55:23.870] <-- END HTTP (36-byte body)
[Fastbot][2026-04-11 12:55:23.908] [Proxy Server] Forwarding
[Fastbot][2026-04-11 12:55:23.909] --> POST http://127.0.0.1:9008/jsonrpc/0
[Fastbot][2026-04-11 12:55:23.909] Content-Type: application/json; charset=utf-8
[Fastbot][2026-04-11 12:55:23.910] Content-Length: 218
[Fastbot][2026-04-11 12:55:23.910] 
[Fastbot][2026-04-11 12:55:23.910] {"jsonrpc": "2.0", "id": 1, "method": "waitForExists", "params": [{"mask": 18874368, "childOrSibling": [], "childOrSiblingSelector": [], "resourceId": "it.feio.android.omninotes.alpha:id/title", "instance": 0}, 20000]}
[Fastbot][2026-04-11 12:55:23.911] --> END POST (218-byte body)
[Fastbot][2026-04-11 12:55:23.935] <-- 200 OK  http://127.0.0.1:9008/jsonrpc/0 (23ms)
[Fastbot][2026-04-11 12:55:23.935] Content-Type: application/json
[Fastbot][2026-04-11 12:55:23.935] Date: Sat, 11 Apr 2026 12:55:23 GMT
[Fastbot][2026-04-11 12:55:23.935] Connection: keep-alive
[Fastbot][2026-04-11 12:55:23.935] Transfer-Encoding: chunked
[Fastbot][2026-04-11 12:55:23.936] 
[Fastbot][2026-04-11 12:55:23.936] {"jsonrpc":"2.0","id":1,"result":true}

[Fastbot][2026-04-11 12:55:23.936] <-- END HTTP (39-byte body)
[Fastbot][2026-04-11 12:55:23.989] [Proxy Server] Forwarding
[Fastbot][2026-04-11 12:55:23.989] --> POST http://127.0.0.1:9008/jsonrpc/0
[Fastbot][2026-04-11 12:55:23.990] Content-Type: application/json; charset=utf-8
[Fastbot][2026-04-11 12:55:23.990] Content-Length: 205
[Fastbot][2026-04-11 12:55:23.990] 
[Fastbot][2026-04-11 12:55:23.990] {"jsonrpc": "2.0", "id": 1, "method": "getText", "params": [{"mask": 18874368, "childOrSibling": [], "childOrSiblingSelector": [], "resourceId": "it.feio.android.omninotes.alpha:id/title", "instance": 0}]}
[Fastbot][2026-04-11 12:55:23.990] --> END POST (205-byte body)
[Fastbot][2026-04-11 12:55:23.999] <-- 200 OK  http://127.0.0.1:9008/jsonrpc/0 (8ms)
[Fastbot][2026-04-11 12:55:23.999] Content-Type: application/json
[Fastbot][2026-04-11 12:55:23.999] Date: Sat, 11 Apr 2026 12:55:23 GMT
[Fastbot][2026-04-11 12:55:23.999] Connection: keep-alive
[Fastbot][2026-04-11 12:55:23.999] Transfer-Encoding: chunked
[Fastbot][2026-04-11 12:55:24.000] 
[Fastbot][2026-04-11 12:55:24.000] {"jsonrpc":"2.0","id":1,"result":"Notes"}

[Fastbot][2026-04-11 12:55:24.000] <-- END HTTP (42-byte body)
[Fastbot][2026-04-11 12:55:24.016] [Proxy Server] Forwarding
[Fastbot][2026-04-11 12:55:24.016] --> POST http://127.0.0.1:9008/jsonrpc/0
[Fastbot][2026-04-11 12:55:24.016] Content-Type: application/json; charset=utf-8
[Fastbot][2026-04-11 12:55:24.016] Content-Length: 218
[Fastbot][2026-04-11 12:55:24.016] 
[Fastbot][2026-04-11 12:55:24.017] {"jsonrpc": "2.0", "id": 1, "method": "waitForExists", "params": [{"mask": 18874368, "childOrSibling": [], "childOrSiblingSelector": [], "resourceId": "it.feio.android.omninotes.alpha:id/title", "instance": 1}, 20000]}
[Fastbot][2026-04-11 12:55:24.017] --> END POST (218-byte body)
[Fastbot][2026-04-11 12:55:24.023] <-- 200 OK  http://127.0.0.1:9008/jsonrpc/0 (6ms)
[Fastbot][2026-04-11 12:55:24.023] Content-Type: application/json
[Fastbot][2026-04-11 12:55:24.023] Date: Sat, 11 Apr 2026 12:55:24 GMT
[Fastbot][2026-04-11 12:55:24.023] Connection: keep-alive
[Fastbot][2026-04-11 12:55:24.024] Transfer-Encoding: chunked
[Fastbot][2026-04-11 12:55:24.081] 
[Fastbot][2026-04-11 12:55:24.081] {"jsonrpc":"2.0","id":1,"result":true}

[Fastbot][2026-04-11 12:55:24.081] <-- END HTTP (39-byte body)
[Fastbot][2026-04-11 12:55:24.097] [Proxy Server] Forwarding
[Fastbot][2026-04-11 12:55:24.097] --> POST http://127.0.0.1:9008/jsonrpc/0
[Fastbot][2026-04-11 12:55:24.097] Content-Type: application/json; charset=utf-8
[Fastbot][2026-04-11 12:55:24.097] Content-Length: 205
[Fastbot][2026-04-11 12:55:24.097] 
[Fastbot][2026-04-11 12:55:24.097] {"jsonrpc": "2.0", "id": 1, "method": "getText", "params": [{"mask": 18874368, "childOrSibling": [], "childOrSiblingSelector": [], "resourceId": "it.feio.android.omninotes.alpha:id/title", "instance": 1}]}
[Fastbot][2026-04-11 12:55:24.097] --> END POST (205-byte body)
[Fastbot][2026-04-11 12:55:24.105] <-- 200 OK  http://127.0.0.1:9008/jsonrpc/0 (7ms)
[Fastbot][2026-04-11 12:55:24.105] Content-Type: application/json
[Fastbot][2026-04-11 12:55:24.106] Date: Sat, 11 Apr 2026 12:55:24 GMT
[Fastbot][2026-04-11 12:55:24.106] Connection: keep-alive
[Fastbot][2026-04-11 12:55:24.106] Transfer-Encoding: chunked
[Fastbot][2026-04-11 12:55:24.149] 
[Fastbot][2026-04-11 12:55:24.149] {"jsonrpc":"2.0","id":1,"result":"4XwA4ZOd"}

[Fastbot][2026-04-11 12:55:24.149] <-- END HTTP (45-byte body)
[Fastbot][2026-04-11 12:55:24.174] [Proxy Server] Forwarding
[Fastbot][2026-04-11 12:55:24.174] --> POST http://127.0.0.1:9008/jsonrpc/0
[Fastbot][2026-04-11 12:55:24.174] Content-Type: application/json; charset=utf-8
[Fastbot][2026-04-11 12:55:24.174] Content-Length: 218
[Fastbot][2026-04-11 12:55:24.174] 
[Fastbot][2026-04-11 12:55:24.174] {"jsonrpc": "2.0", "id": 1, "method": "waitForExists", "params": [{"mask": 18874368, "childOrSibling": [], "childOrSiblingSelector": [], "resourceId": "it.feio.android.omninotes.alpha:id/title", "instance": 2}, 20000]}
[Fastbot][2026-04-11 12:55:24.175] --> END POST (218-byte body)
[Fastbot][2026-04-11 12:55:24.183] <-- 200 OK  http://127.0.0.1:9008/jsonrpc/0 (8ms)
[Fastbot][2026-04-11 12:55:24.183] Content-Type: application/json
[Fastbot][2026-04-11 12:55:24.183] Date: Sat, 11 Apr 2026 12:55:24 GMT
[Fastbot][2026-04-11 12:55:24.183] Connection: keep-alive
[Fastbot][2026-04-11 12:55:24.183] Transfer-Encoding: chunked
[Fastbot][2026-04-11 12:55:24.229] 
[Fastbot][2026-04-11 12:55:24.229] {"jsonrpc":"2.0","id":1,"result":true}

[Fastbot][2026-04-11 12:55:24.229] <-- END HTTP (39-byte body)
[Fastbot][2026-04-11 12:55:24.270] [Proxy Server] Forwarding
[Fastbot][2026-04-11 12:55:24.270] --> POST http://127.0.0.1:9008/jsonrpc/0
[Fastbot][2026-04-11 12:55:24.270] Content-Type: application/json; charset=utf-8
[Fastbot][2026-04-11 12:55:24.270] Content-Length: 205
[Fastbot][2026-04-11 12:55:24.270] 
[Fastbot][2026-04-11 12:55:24.270] {"jsonrpc": "2.0", "id": 1, "method": "getText", "params": [{"mask": 18874368, "childOrSibling": [], "childOrSiblingSelector": [], "resourceId": "it.feio.android.omninotes.alpha:id/title", "instance": 2}]}
[Fastbot][2026-04-11 12:55:24.270] --> END POST (205-byte body)
[Fastbot][2026-04-11 12:55:24.285] <-- 200 OK  http://127.0.0.1:9008/jsonrpc/0 (14ms)
[Fastbot][2026-04-11 12:55:24.285] Content-Type: application/json
[Fastbot][2026-04-11 12:55:24.285] Date: Sat, 11 Apr 2026 12:55:24 GMT
[Fastbot][2026-04-11 12:55:24.285] Connection: keep-alive
[Fastbot][2026-04-11 12:55:24.285] Transfer-Encoding: chunked
[Fastbot][2026-04-11 12:55:24.286] 
[Fastbot][2026-04-11 12:55:24.286] {"jsonrpc":"2.0","id":1,"result":"WnRumb"}

[Fastbot][2026-04-11 12:55:24.287] <-- END HTTP (43-byte body)
[Fastbot][2026-04-11 12:55:24.318] [Proxy Server] Forwarding
[Fastbot][2026-04-11 12:55:24.318] --> POST http://127.0.0.1:9008/jsonrpc/0
[Fastbot][2026-04-11 12:55:24.318] Content-Type: application/json; charset=utf-8
[Fastbot][2026-04-11 12:55:24.318] Content-Length: 218
[Fastbot][2026-04-11 12:55:24.319] 
[Fastbot][2026-04-11 12:55:24.319] {"jsonrpc": "2.0", "id": 1, "method": "waitForExists", "params": [{"mask": 18874368, "childOrSibling": [], "childOrSiblingSelector": [], "resourceId": "it.feio.android.omninotes.alpha:id/title", "instance": 3}, 20000]}
[Fastbot][2026-04-11 12:55:24.319] --> END POST (218-byte body)
[Fastbot][2026-04-11 12:55:24.334] <-- 200 OK  http://127.0.0.1:9008/jsonrpc/0 (14ms)
[Fastbot][2026-04-11 12:55:24.334] Content-Type: application/json
[Fastbot][2026-04-11 12:55:24.335] Date: Sat, 11 Apr 2026 12:55:24 GMT
[Fastbot][2026-04-11 12:55:24.335] Connection: keep-alive
[Fastbot][2026-04-11 12:55:24.335] Transfer-Encoding: chunked
[Fastbot][2026-04-11 12:55:24.336] 
[Fastbot][2026-04-11 12:55:24.337] {"jsonrpc":"2.0","id":1,"result":true}

[Fastbot][2026-04-11 12:55:24.337] <-- END HTTP (39-byte body)
[Fastbot][2026-04-11 12:55:24.353] [Proxy Server] Forwarding
[Fastbot][2026-04-11 12:55:24.354] --> POST http://127.0.0.1:9008/jsonrpc/0
[Fastbot][2026-04-11 12:55:24.354] Content-Type: application/json; charset=utf-8
[Fastbot][2026-04-11 12:55:24.354] Content-Length: 205
[Fastbot][2026-04-11 12:55:24.354] 
[Fastbot][2026-04-11 12:55:24.354] {"jsonrpc": "2.0", "id": 1, "method": "getText", "params": [{"mask": 18874368, "childOrSibling": [], "childOrSiblingSelector": [], "resourceId": "it.feio.android.omninotes.alpha:id/title", "instance": 3}]}
[Fastbot][2026-04-11 12:55:24.354] --> END POST (205-byte body)
[Fastbot][2026-04-11 12:55:24.368] <-- 200 OK  http://127.0.0.1:9008/jsonrpc/0 (13ms)
[Fastbot][2026-04-11 12:55:24.368] Content-Type: application/json
[Fastbot][2026-04-11 12:55:24.368] Date: Sat, 11 Apr 2026 12:55:24 GMT
[Fastbot][2026-04-11 12:55:24.368] Connection: keep-alive
[Fastbot][2026-04-11 12:55:24.368] Transfer-Encoding: chunked
[Fastbot][2026-04-11 12:55:24.410] 
[Fastbot][2026-04-11 12:55:24.411] {"jsonrpc":"2.0","id":1,"result":"reCPsX"}

[Fastbot][2026-04-11 12:55:24.411] <-- END HTTP (43-byte body)
[Fastbot][2026-04-11 12:55:24.454] [Proxy Server] Detected script method: pressKey
[Fastbot][2026-04-11 12:55:24.455] [Proxy Server] Forwarding
[Fastbot][2026-04-11 12:55:24.455] --> POST http://127.0.0.1:9008/jsonrpc/0
[Fastbot][2026-04-11 12:55:24.455] Content-Type: application/json; charset=utf-8
[Fastbot][2026-04-11 12:55:24.455] Content-Length: 69
[Fastbot][2026-04-11 12:55:24.455] 
[Fastbot][2026-04-11 12:55:24.456] {"jsonrpc": "2.0", "id": 1, "method": "pressKey", "params": ["back"]}
[Fastbot][2026-04-11 12:55:24.456] --> END POST (69-byte body)
[Fastbot][2026-04-11 12:55:24.484] <-- 200 OK  http://127.0.0.1:9008/jsonrpc/0 (27ms)
[Fastbot][2026-04-11 12:55:24.484] Content-Type: application/json
[Fastbot][2026-04-11 12:55:24.484] Date: Sat, 11 Apr 2026 12:55:24 GMT
[Fastbot][2026-04-11 12:55:24.485] Connection: keep-alive
[Fastbot][2026-04-11 12:55:24.485] Transfer-Encoding: chunked
[Fastbot][2026-04-11 12:55:24.486] 
[Fastbot][2026-04-11 12:55:24.487] {"jsonrpc":"2.0","id":1,"result":true}

[Fastbot][2026-04-11 12:55:24.487] <-- END HTTP (39-byte body)
[Fastbot][2026-04-11 12:55:25.246] --> POST http://127.0.0.1:9008/jsonrpc/0
[Fastbot][2026-04-11 12:55:25.246] Content-Type: application/json; charset=utf-8
[Fastbot][2026-04-11 12:55:25.246] Content-Length: 75
[Fastbot][2026-04-11 12:55:25.246] 
[Fastbot][2026-04-11 12:55:25.246] {"id":1,"jsonrpc":"2.0","method":"dumpWindowHierarchy","params":[false,50]}
[Fastbot][2026-04-11 12:55:25.246] --> END POST (75-byte body)
[Fastbot][2026-04-11 12:55:25.267] <-- 200 OK  http://127.0.0.1:9008/jsonrpc/0 (20ms)
[Fastbot][2026-04-11 12:55:25.267] Content-Type: application/json
[Fastbot][2026-04-11 12:55:25.267] Date: Sat, 11 Apr 2026 12:55:25 GMT
[Fastbot][2026-04-11 12:55:25.267] Connection: keep-alive
[Fastbot][2026-04-11 12:55:25.268] Transfer-Encoding: chunked
[Fastbot][2026-04-11 12:55:25.269] 
[Fastbot][2026-04-11 12:55:25.269] {"jsonrpc":"2.0","id":1,"result":"<?xml version='1.0' encoding='UTF-8' standalone='yes' ?>\r\n<hierarchy rotation=\"0\">\r\n  <node index=\"0\" text=\"\" resource-id=\"com.android.systemui:id/navigation_bar_frame\" class=\"android.widget.FrameLayout\" package=\"com.android.systemui\" content-desc=\"...[truncated]
[Fastbot][2026-04-11 12:55:25.269] <-- END HTTP (42594-byte body)
[Fastbot][2026-04-11 12:55:25.289] [ProxyServer] stepsCount: 4
[Fastbot][2026-04-11 12:55:25.289] [ProxyServer] receive request: stepMonkey
[Fastbot][2026-04-11 12:55:25.289] [MonkeySourceApeU2] stepsCount: 4
[Fastbot][2026-04-11 12:55:25.289] [MonkeySourceApeU2] Latest event is MonkeyEvent. Use the cached hierarchy.
[Fastbot][2026-04-11 12:55:25.290] [MonkeySourceApeU2] Successfully Got hierarchy
[Fastbot][2026-04-11 12:55:25.292] // Event id: 17
[Fastbot][2026-04-11 12:55:25.292] topActivity Name: ComponentInfo{it.feio.android.omninotes.alpha/it.feio.android.omninotes.MainActivity}
[Fastbot][2026-04-11 12:55:25.292] // Dumped stringOfGuiTree
[Fastbot][2026-04-11 12:55:25.292] topActivityName: it.feio.android.omninotes.MainActivity
[Fastbot][2026-04-11 12:55:25.298] action type: CLICK
[Fastbot][2026-04-11 12:55:25.298] rpc cost time: 6
[Fastbot][2026-04-11 12:55:25.308]   mshowrequested=false mshowexplicitlyrequested=false mshowforced=false minputshown=false
[Fastbot][2026-04-11 12:55:25.308] mInputShown not found, getInputMethodWindowVisibleHeight is used.
java.lang.NullPointerException: Attempt to read from field 'com.android.server.wm.DisplayFrames com.android.server.wm.DisplayContent.mDisplayFrames' on a null object reference
	at android.os.Parcel.createException(Parcel.java:2077)
	at android.os.Parcel.readException(Parcel.java:2039)
	at android.os.Parcel.readException(Parcel.java:1987)
	at com.android.internal.view.IInputMethodManager$Stub$Proxy.getInputMethodWindowVisibleHeight(IInputMethodManager.java:809)
	at android.view.inputmethod.InputMethodManager.getInputMethodWindowVisibleHeight(InputMethodManager.java:2844)
	at com.android.commands.monkey.framework.AndroidDevice.isVirtualKeyboardOpened(AndroidDevice.java:217)
	at com.android.commands.monkey.source.MonkeySourceApeU2.doInput(MonkeySourceApeU2.java:1018)
	at com.android.commands.monkey.source.MonkeySourceApeU2.generateEventsForActionInternal(MonkeySourceApeU2.java:945)
	at com.android.commands.monkey.source.MonkeySourceApeU2.generateEventsForAction(MonkeySourceApeU2.java:907)
	at com.android.commands.monkey.source.MonkeySourceApeU2.generateEvents(MonkeySourceApeU2.java:827)
	at com.android.commands.monkey.source.MonkeySourceApeU2.getNextEvent(MonkeySourceApeU2.java:422)
	at com.android.commands.monkey.Monkey.runMonkeyCycles(Monkey.java:1576)
	at com.android.commands.monkey.Monkey.run(Monkey.java:874)
	at com.android.commands.monkey.Monkey.main(Monkey.java:473)
	at com.android.internal.os.RuntimeInit.nativeFinishInit(Native Method)
	at com.android.internal.os.RuntimeInit.main(RuntimeInit.java:338)
Caused by: android.os.RemoteException: Remote stack trace:
	at com.android.server.wm.WindowManagerService$LocalService.getInputMethodWindowVisibleHeight(WindowManagerService.java:7310)
	at com.android.server.inputmethod.InputMethodManagerService.getInputMethodWindowVisibleHeight(InputMethodManagerService.java:3467)
	at com.android.internal.view.IInputMethodManager$Stub.onTransact(IInputMethodManager.java:413)
	at com.android.server.inputmethod.InputMethodManagerService.onTransact(InputMethodManagerService.java:1592)
	at android.os.Binder.execTransactInternal(Binder.java:1021)

[Fastbot][2026-04-11 12:55:25.309] :Sending rotation degree=0, persist=false
[Fastbot][2026-04-11 12:55:25.316] :Sending Touch (ACTION_DOWN): 0:(935.0,170.0)
[Fastbot][2026-04-11 12:55:25.319] :Sending Touch (ACTION_UP): 0:(935.0,170.0)
[Fastbot][2026-04-11 12:55:25.321] Sleeping for 200 milliseconds
[Fastbot][2026-04-11 12:55:25.523] [ProxyServer] Finish monkey step. Dumping hierarchy
[Fastbot][2026-04-11 12:55:25.524] --> POST http://127.0.0.1:9008/jsonrpc/0
[Fastbot][2026-04-11 12:55:25.524] Content-Type: application/json; charset=utf-8
[Fastbot][2026-04-11 12:55:25.525] Content-Length: 75
[Fastbot][2026-04-11 12:55:25.525] 
[Fastbot][2026-04-11 12:55:25.525] {"id":1,"jsonrpc":"2.0","method":"dumpWindowHierarchy","params":[false,50]}
[Fastbot][2026-04-11 12:55:25.525] --> END POST (75-byte body)
[Fastbot][2026-04-11 12:55:25.547] <-- 200 OK  http://127.0.0.1:9008/jsonrpc/0 (21ms)
[Fastbot][2026-04-11 12:55:25.547] Content-Type: application/json
[Fastbot][2026-04-11 12:55:25.547] Date: Sat, 11 Apr 2026 12:55:25 GMT
[Fastbot][2026-04-11 12:55:25.547] Connection: keep-alive
[Fastbot][2026-04-11 12:55:25.547] Transfer-Encoding: chunked
[Fastbot][2026-04-11 12:55:25.551] 
[Fastbot][2026-04-11 12:55:25.552] {"jsonrpc":"2.0","id":1,"result":"<?xml version='1.0' encoding='UTF-8' standalone='yes' ?>\r\n<hierarchy rotation=\"0\">\r\n  <node index=\"0\" text=\"\" resource-id=\"com.android.systemui:id/navigation_bar_frame\" class=\"android.widget.FrameLayout\" package=\"com.android.systemui\" content-desc=\"...[truncated]
[Fastbot][2026-04-11 12:55:25.553] <-- END HTTP (32048-byte body)
[Fastbot][2026-04-11 12:55:25.607] [ProxyServer] stepsCount: 5
[Fastbot][2026-04-11 12:55:25.607] [ProxyServer] receive request: stepMonkey
[Fastbot][2026-04-11 12:55:25.608] [MonkeySourceApeU2] stepsCount: 5
[Fastbot][2026-04-11 12:55:25.608] [MonkeySourceApeU2] Latest event is MonkeyEvent. Use the cached hierarchy.
[Fastbot][2026-04-11 12:55:25.609] [MonkeySourceApeU2] Successfully Got hierarchy
[Fastbot][2026-04-11 12:55:25.610] // Event id: 21
[Fastbot][2026-04-11 12:55:25.611] topActivity Name: ComponentInfo{it.feio.android.omninotes.alpha/it.feio.android.omninotes.MainActivity}
[Fastbot][2026-04-11 12:55:25.611] // Dumped stringOfGuiTree
[Fastbot][2026-04-11 12:55:25.611] topActivityName: it.feio.android.omninotes.MainActivity
[Fastbot][2026-04-11 12:55:25.613] action type: CLICK
[Fastbot][2026-04-11 12:55:25.613] rpc cost time: 2
[Fastbot]*** WARNING *** checkVirtualKeyboard: Input only once.
[Fastbot][2026-04-11 12:55:25.616] :Sending rotation degree=0, persist=false
[Fastbot][2026-04-11 12:55:25.622] :Sending Touch (ACTION_DOWN): 0:(1008.0,133.0)
[Fastbot][2026-04-11 12:55:25.623] :Sending Touch (ACTION_UP): 0:(1008.0,133.0)
[Fastbot][2026-04-11 12:55:25.626] Sleeping for 240 milliseconds
[Fastbot][2026-04-11 12:55:25.868] [ProxyServer] Finish monkey step. Dumping hierarchy
[Fastbot][2026-04-11 12:55:25.868] --> POST http://127.0.0.1:9008/jsonrpc/0
[Fastbot][2026-04-11 12:55:25.868] Content-Type: application/json; charset=utf-8
[Fastbot][2026-04-11 12:55:25.869] Content-Length: 75
[Fastbot][2026-04-11 12:55:25.869] 
[Fastbot][2026-04-11 12:55:25.869] {"id":1,"jsonrpc":"2.0","method":"dumpWindowHierarchy","params":[false,50]}
[Fastbot][2026-04-11 12:55:25.869] --> END POST (75-byte body)
[Fastbot][2026-04-11 12:55:25.901] <-- 200 OK  http://127.0.0.1:9008/jsonrpc/0 (31ms)
[Fastbot][2026-04-11 12:55:25.901] Content-Type: application/json
[Fastbot][2026-04-11 12:55:25.901] Date: Sat, 11 Apr 2026 12:55:25 GMT
[Fastbot][2026-04-11 12:55:25.902] Connection: keep-alive
[Fastbot][2026-04-11 12:55:25.902] Transfer-Encoding: chunked
[Fastbot][2026-04-11 12:55:25.903] 
[Fastbot][2026-04-11 12:55:25.903] {"jsonrpc":"2.0","id":1,"result":"<?xml version='1.0' encoding='UTF-8' standalone='yes' ?>\r\n<hierarchy rotation=\"0\">\r\n  <node index=\"0\" text=\"\" resource-id=\"com.android.systemui:id/navigation_bar_frame\" class=\"android.widget.FrameLayout\" package=\"com.android.systemui\" content-desc=\"...[truncated]
[Fastbot][2026-04-11 12:55:25.903] <-- END HTTP (42594-byte body)
[Fastbot][2026-04-11 12:55:25.937] [ProxyServer] stepsCount: 6
[Fastbot][2026-04-11 12:55:25.937] [ProxyServer] receive request: stepMonkey
[Fastbot][2026-04-11 12:55:25.938] [MonkeySourceApeU2] stepsCount: 6
[Fastbot][2026-04-11 12:55:25.938] [MonkeySourceApeU2] Latest event is MonkeyEvent. Use the cached hierarchy.
[Fastbot][2026-04-11 12:55:25.939] [MonkeySourceApeU2] Successfully Got hierarchy
[Fastbot][2026-04-11 12:55:25.941] // Event id: 25
[Fastbot][2026-04-11 12:55:25.941] topActivity Name: ComponentInfo{it.feio.android.omninotes.alpha/it.feio.android.omninotes.MainActivity}
[Fastbot][2026-04-11 12:55:25.941] // Dumped stringOfGuiTree
[Fastbot][2026-04-11 12:55:25.941] topActivityName: it.feio.android.omninotes.MainActivity
[Fastbot][2026-04-11 12:55:25.943] action type: LONG_CLICK
[Fastbot][2026-04-11 12:55:25.943] rpc cost time: 2
[Fastbot][2026-04-11 12:55:25.945] :Sending rotation degree=0, persist=false
[Fastbot][2026-04-11 12:55:25.955] :Sending Touch (ACTION_DOWN): 0:(862.0,126.0)
[Fastbot][2026-04-11 12:55:25.957] Wait Event for 1000 milliseconds
[Fastbot][2026-04-11 12:55:26.959] :Sending Touch (ACTION_UP): 0:(862.0,126.0)
[Fastbot][2026-04-11 12:55:26.961] Sleeping for 240 milliseconds
[Fastbot][2026-04-11 12:55:27.204] [ProxyServer] Finish monkey step. Dumping hierarchy
[Fastbot][2026-04-11 12:55:27.205] --> POST http://127.0.0.1:9008/jsonrpc/0
[Fastbot][2026-04-11 12:55:27.205] Content-Type: application/json; charset=utf-8
[Fastbot][2026-04-11 12:55:27.205] Content-Length: 75
[Fastbot][2026-04-11 12:55:27.205] 
[Fastbot][2026-04-11 12:55:27.206] {"id":1,"jsonrpc":"2.0","method":"dumpWindowHierarchy","params":[false,50]}
[Fastbot][2026-04-11 12:55:27.206] --> END POST (75-byte body)
[Fastbot][2026-04-11 12:55:27.234] <-- 200 OK  http://127.0.0.1:9008/jsonrpc/0 (28ms)
[Fastbot][2026-04-11 12:55:27.235] Content-Type: application/json
[Fastbot][2026-04-11 12:55:27.235] Date: Sat, 11 Apr 2026 12:55:27 GMT
[Fastbot][2026-04-11 12:55:27.235] Connection: keep-alive
[Fastbot][2026-04-11 12:55:27.235] Transfer-Encoding: chunked
[Fastbot][2026-04-11 12:55:27.237] 
[Fastbot][2026-04-11 12:55:27.237] {"jsonrpc":"2.0","id":1,"result":"<?xml version='1.0' encoding='UTF-8' standalone='yes' ?>\r\n<hierarchy rotation=\"0\">\r\n  <node index=\"0\" text=\"\" resource-id=\"com.android.systemui:id/navigation_bar_frame\" class=\"android.widget.FrameLayout\" package=\"com.android.systemui\" content-desc=\"...[truncated]
[Fastbot][2026-04-11 12:55:27.237] <-- END HTTP (42594-byte body)
[Fastbot][2026-04-11 12:55:27.282] [ProxyServer] stepsCount: 7
[Fastbot][2026-04-11 12:55:27.282] [ProxyServer] receive request: stepMonkey
[Fastbot][2026-04-11 12:55:27.282] [MonkeySourceApeU2] stepsCount: 7
[Fastbot][2026-04-11 12:55:27.283] [MonkeySourceApeU2] Latest event is MonkeyEvent. Use the cached hierarchy.
[Fastbot][2026-04-11 12:55:27.284] [MonkeySourceApeU2] Successfully Got hierarchy
[Fastbot][2026-04-11 12:55:27.286] // Event id: 30
[Fastbot][2026-04-11 12:55:27.286] topActivity Name: ComponentInfo{it.feio.android.omninotes.alpha/it.feio.android.omninotes.MainActivity}
[Fastbot][2026-04-11 12:55:27.286] // Dumped stringOfGuiTree
[Fastbot][2026-04-11 12:55:27.286] topActivityName: it.feio.android.omninotes.MainActivity
[Fastbot][2026-04-11 12:55:27.288] action type: SCROLL_TOP_DOWN
[Fastbot][2026-04-11 12:55:27.288] rpc cost time: 2
[Fastbot][2026-04-11 12:55:27.290] :Sending rotation degree=0, persist=false
[Fastbot][2026-04-11 12:55:27.298] :Sending Touch (ACTION_DOWN): 0:(540.0,1140.0)
[Fastbot][2026-04-11 12:55:27.301] :Sending Touch (ACTION_MOVE): 0:(540.0,1140.0)
[Fastbot][2026-04-11 12:55:27.304] Wait Event for 20 milliseconds
[Fastbot][2026-04-11 12:55:27.329] :Sending Touch (ACTION_MOVE): 0:(540.0,1240.7)
[Fastbot][2026-04-11 12:55:27.332] Wait Event for 20 milliseconds
[Fastbot][2026-04-11 12:55:27.356] :Sending Touch (ACTION_MOVE): 0:(540.0,1341.4)
[Fastbot][2026-04-11 12:55:27.358] Wait Event for 20 milliseconds
[Fastbot][2026-04-11 12:55:27.385] :Sending Touch (ACTION_MOVE): 0:(540.0,1442.1)
[Fastbot][2026-04-11 12:55:27.386] Wait Event for 20 milliseconds
[Fastbot][2026-04-11 12:55:27.409] :Sending Touch (ACTION_MOVE): 0:(540.0,1542.8)
[Fastbot][2026-04-11 12:55:27.411] Wait Event for 20 milliseconds
[Fastbot][2026-04-11 12:55:27.435] :Sending Touch (ACTION_MOVE): 0:(540.0,1643.5)
[Fastbot][2026-04-11 12:55:27.437] Wait Event for 20 milliseconds
[Fastbot][2026-04-11 12:55:27.459] :Sending Touch (ACTION_MOVE): 0:(540.0,1744.2)
[Fastbot][2026-04-11 12:55:27.461] Wait Event for 20 milliseconds
[Fastbot][2026-04-11 12:55:27.485] :Sending Touch (ACTION_MOVE): 0:(540.0,1844.8999)
[Fastbot][2026-04-11 12:55:27.487] Wait Event for 20 milliseconds
[Fastbot][2026-04-11 12:55:27.509] :Sending Touch (ACTION_MOVE): 0:(540.0,1945.6001)
[Fastbot][2026-04-11 12:55:27.511] Wait Event for 20 milliseconds
[Fastbot][2026-04-11 12:55:27.537] :Sending Touch (ACTION_MOVE): 0:(540.0,2046.3)
[Fastbot][2026-04-11 12:55:27.539] Wait Event for 20 milliseconds
[Fastbot][2026-04-11 12:55:27.561] :Sending Touch (ACTION_UP): 0:(540.0,2147.0)
[Fastbot][2026-04-11 12:55:27.568] Sleeping for 299 milliseconds
[Fastbot][2026-04-11 12:55:27.873] [ProxyServer] Finish monkey step. Dumping hierarchy
[Fastbot][2026-04-11 12:55:27.873] --> POST http://127.0.0.1:9008/jsonrpc/0
[Fastbot][2026-04-11 12:55:27.874] Content-Type: application/json; charset=utf-8
[Fastbot][2026-04-11 12:55:27.874] Content-Length: 75
[Fastbot][2026-04-11 12:55:27.874] 
[Fastbot][2026-04-11 12:55:27.874] {"id":1,"jsonrpc":"2.0","method":"dumpWindowHierarchy","params":[false,50]}
[Fastbot][2026-04-11 12:55:27.874] --> END POST (75-byte body)
[Fastbot][2026-04-11 12:55:27.910] <-- 200 OK  http://127.0.0.1:9008/jsonrpc/0 (35ms)
[Fastbot][2026-04-11 12:55:27.910] Content-Type: application/json
[Fastbot][2026-04-11 12:55:27.910] Date: Sat, 11 Apr 2026 12:55:27 GMT
[Fastbot][2026-04-11 12:55:27.910] Connection: keep-alive
[Fastbot][2026-04-11 12:55:27.910] Transfer-Encoding: chunked
[Fastbot][2026-04-11 12:55:27.914] 
[Fastbot][2026-04-11 12:55:27.914] {"jsonrpc":"2.0","id":1,"result":"<?xml version='1.0' encoding='UTF-8' standalone='yes' ?>\r\n<hierarchy rotation=\"0\">\r\n  <node index=\"0\" text=\"\" resource-id=\"com.android.systemui:id/navigation_bar_frame\" class=\"android.widget.FrameLayout\" package=\"com.android.systemui\" content-desc=\"...[truncated]
[Fastbot][2026-04-11 12:55:27.914] <-- END HTTP (42594-byte body)
[Fastbot][2026-04-11 12:55:28.018] [Proxy Server] Forwarding
[Fastbot][2026-04-11 12:55:28.019] --> POST http://127.0.0.1:9008/jsonrpc/0
[Fastbot][2026-04-11 12:55:28.019] Content-Type: application/json; charset=utf-8
[Fastbot][2026-04-11 12:55:28.019] Content-Length: 219
[Fastbot][2026-04-11 12:55:28.020] 
[Fastbot][2026-04-11 12:55:28.020] {"jsonrpc": "2.0", "id": 1, "method": "waitForExists", "params": [{"mask": 2097152, "childOrSibling": [], "childOrSiblingSelector": [], "resourceId": "it.feio.android.omninotes.alpha:id/fab_expand_menu_button"}, 20000]}
[Fastbot][2026-04-11 12:55:28.020] --> END POST (219-byte body)
[Fastbot][2026-04-11 12:55:28.054] <-- 200 OK  http://127.0.0.1:9008/jsonrpc/0 (33ms)
[Fastbot][2026-04-11 12:55:28.054] Content-Type: application/json
[Fastbot][2026-04-11 12:55:28.054] Date: Sat, 11 Apr 2026 12:55:28 GMT
[Fastbot][2026-04-11 12:55:28.054] Connection: keep-alive
[Fastbot][2026-04-11 12:55:28.055] Transfer-Encoding: chunked
[Fastbot][2026-04-11 12:55:28.056] 
[Fastbot][2026-04-11 12:55:28.056] {"jsonrpc":"2.0","id":1,"result":true}

[Fastbot][2026-04-11 12:55:28.056] <-- END HTTP (39-byte body)
[Fastbot][2026-04-11 12:55:28.072] [Proxy Server] Forwarding
[Fastbot][2026-04-11 12:55:28.073] --> POST http://127.0.0.1:9008/jsonrpc/0
[Fastbot][2026-04-11 12:55:28.073] Content-Type: application/json; charset=utf-8
[Fastbot][2026-04-11 12:55:28.073] Content-Length: 206
[Fastbot][2026-04-11 12:55:28.074] 
[Fastbot][2026-04-11 12:55:28.074] {"jsonrpc": "2.0", "id": 1, "method": "objInfo", "params": [{"mask": 2097152, "childOrSibling": [], "childOrSiblingSelector": [], "resourceId": "it.feio.android.omninotes.alpha:id/fab_expand_menu_button"}]}
[Fastbot][2026-04-11 12:55:28.074] --> END POST (206-byte body)
[Fastbot][2026-04-11 12:55:28.274] <-- 200 OK  http://127.0.0.1:9008/jsonrpc/0 (199ms)
[Fastbot][2026-04-11 12:55:28.274] Content-Type: application/json
[Fastbot][2026-04-11 12:55:28.274] Date: Sat, 11 Apr 2026 12:55:28 GMT
[Fastbot][2026-04-11 12:55:28.274] Connection: keep-alive
[Fastbot][2026-04-11 12:55:28.275] Transfer-Encoding: chunked
[Fastbot][2026-04-11 12:55:28.320] 
[Fastbot][2026-04-11 12:55:28.320] {"jsonrpc":"2.0","id":1,"result":{"bounds":{"bottom":2126,"left":856,"right":1058,"top":1923},"childCount":0,"className":"android.widget.ImageButton","contentDescription":null,"packageName":"it.feio.android.omninotes.alpha","resourceName":"it.feio.android.omninotes.alpha:id/fab_expand_menu_button","...[truncated]
[Fastbot][2026-04-11 12:55:28.320] <-- END HTTP (536-byte body)
[Fastbot][2026-04-11 12:55:28.346] [Proxy Server] Detected script method: click
[Fastbot][2026-04-11 12:55:28.347] [Proxy Server] Forwarding
[Fastbot][2026-04-11 12:55:28.347] --> POST http://127.0.0.1:9008/jsonrpc/0
[Fastbot][2026-04-11 12:55:28.347] Content-Type: application/json; charset=utf-8
[Fastbot][2026-04-11 12:55:28.347] Content-Length: 73
[Fastbot][2026-04-11 12:55:28.348] 
[Fastbot][2026-04-11 12:55:28.348] {"jsonrpc": "2.0", "id": 1, "method": "click", "params": [957.0, 2024.5]}
[Fastbot][2026-04-11 12:55:28.348] --> END POST (73-byte body)
[Fastbot][2026-04-11 12:55:28.481] <-- 200 OK  http://127.0.0.1:9008/jsonrpc/0 (132ms)
[Fastbot][2026-04-11 12:55:28.481] Content-Type: application/json
[Fastbot][2026-04-11 12:55:28.481] Date: Sat, 11 Apr 2026 12:55:28 GMT
[Fastbot][2026-04-11 12:55:28.481] Connection: keep-alive
[Fastbot][2026-04-11 12:55:28.481] Transfer-Encoding: chunked
[Fastbot][2026-04-11 12:55:28.530] 
[Fastbot][2026-04-11 12:55:28.531] {"jsonrpc":"2.0","id":1,"result":true}

[Fastbot][2026-04-11 12:55:28.531] <-- END HTTP (39-byte body)
[Fastbot][2026-04-11 12:55:29.069] [Proxy Server] Forwarding
[Fastbot][2026-04-11 12:55:29.069] --> POST http://127.0.0.1:9008/jsonrpc/0
[Fastbot][2026-04-11 12:55:29.069] Content-Type: application/json; charset=utf-8
[Fastbot][2026-04-11 12:55:29.069] Content-Length: 205
[Fastbot][2026-04-11 12:55:29.070] 
[Fastbot][2026-04-11 12:55:29.070] {"jsonrpc": "2.0", "id": 1, "method": "waitForExists", "params": [{"mask": 2097152, "childOrSibling": [], "childOrSiblingSelector": [], "resourceId": "it.feio.android.omninotes.alpha:id/fab_note"}, 20000]}
[Fastbot][2026-04-11 12:55:29.070] --> END POST (205-byte body)
[Fastbot][2026-04-11 12:55:29.088] <-- 200 OK  http://127.0.0.1:9008/jsonrpc/0 (17ms)
[Fastbot][2026-04-11 12:55:29.088] Content-Type: application/json
[Fastbot][2026-04-11 12:55:29.088] Date: Sat, 11 Apr 2026 12:55:29 GMT
[Fastbot][2026-04-11 12:55:29.088] Connection: keep-alive
[Fastbot][2026-04-11 12:55:29.089] Transfer-Encoding: chunked
[Fastbot][2026-04-11 12:55:29.089] 
[Fastbot][2026-04-11 12:55:29.089] {"jsonrpc":"2.0","id":1,"result":true}

[Fastbot][2026-04-11 12:55:29.090] <-- END HTTP (39-byte body)
[Fastbot][2026-04-11 12:55:29.114] [Proxy Server] Forwarding
[Fastbot][2026-04-11 12:55:29.114] --> POST http://127.0.0.1:9008/jsonrpc/0
[Fastbot][2026-04-11 12:55:29.115] Content-Type: application/json; charset=utf-8
[Fastbot][2026-04-11 12:55:29.115] Content-Length: 192
[Fastbot][2026-04-11 12:55:29.115] 
[Fastbot][2026-04-11 12:55:29.115] {"jsonrpc": "2.0", "id": 1, "method": "objInfo", "params": [{"mask": 2097152, "childOrSibling": [], "childOrSiblingSelector": [], "resourceId": "it.feio.android.omninotes.alpha:id/fab_note"}]}
[Fastbot][2026-04-11 12:55:29.115] --> END POST (192-byte body)
[Fastbot][2026-04-11 12:55:29.145] <-- 200 OK  http://127.0.0.1:9008/jsonrpc/0 (29ms)
[Fastbot][2026-04-11 12:55:29.145] Content-Type: application/json
[Fastbot][2026-04-11 12:55:29.145] Date: Sat, 11 Apr 2026 12:55:29 GMT
[Fastbot][2026-04-11 12:55:29.146] Connection: keep-alive
[Fastbot][2026-04-11 12:55:29.146] Transfer-Encoding: chunked
[Fastbot][2026-04-11 12:55:29.190] 
[Fastbot][2026-04-11 12:55:29.190] {"jsonrpc":"2.0","id":1,"result":{"bounds":{"bottom":1912,"left":878,"right":1037,"top":1753},"childCount":0,"className":"android.widget.ImageButton","contentDescription":null,"packageName":"it.feio.android.omninotes.alpha","resourceName":"it.feio.android.omninotes.alpha:id/fab_note","text":null,"vi...[truncated]
[Fastbot][2026-04-11 12:55:29.190] <-- END HTTP (523-byte body)
[Fastbot][2026-04-11 12:55:29.226] [Proxy Server] Detected script method: click
[Fastbot][2026-04-11 12:55:29.226] [Proxy Server] Forwarding
[Fastbot][2026-04-11 12:55:29.227] --> POST http://127.0.0.1:9008/jsonrpc/0
[Fastbot][2026-04-11 12:55:29.227] Content-Type: application/json; charset=utf-8
[Fastbot][2026-04-11 12:55:29.227] Content-Length: 73
[Fastbot][2026-04-11 12:55:29.227] 
[Fastbot][2026-04-11 12:55:29.228] {"jsonrpc": "2.0", "id": 1, "method": "click", "params": [957.5, 1832.5]}
[Fastbot][2026-04-11 12:55:29.228] --> END POST (73-byte body)
[Fastbot][2026-04-11 12:55:29.366] <-- 200 OK  http://127.0.0.1:9008/jsonrpc/0 (137ms)
[Fastbot][2026-04-11 12:55:29.366] Content-Type: application/json
[Fastbot][2026-04-11 12:55:29.366] Date: Sat, 11 Apr 2026 12:55:29 GMT
[Fastbot][2026-04-11 12:55:29.367] Connection: keep-alive
[Fastbot][2026-04-11 12:55:29.367] Transfer-Encoding: chunked
[Fastbot][2026-04-11 12:55:29.367] 
[Fastbot][2026-04-11 12:55:29.367] {"jsonrpc":"2.0","id":1,"result":true}

[Fastbot][2026-04-11 12:55:29.367] <-- END HTTP (39-byte body)
[Fastbot][2026-04-11 12:55:29.902] [Proxy Server] Forwarding
[Fastbot][2026-04-11 12:55:29.902] --> POST http://127.0.0.1:9008/jsonrpc/0
[Fastbot][2026-04-11 12:55:29.902] Content-Type: application/json; charset=utf-8
[Fastbot][2026-04-11 12:55:29.903] Content-Length: 209
[Fastbot][2026-04-11 12:55:29.903] 
[Fastbot][2026-04-11 12:55:29.903] {"jsonrpc": "2.0", "id": 1, "method": "waitForExists", "params": [{"mask": 2097152, "childOrSibling": [], "childOrSiblingSelector": [], "resourceId": "it.feio.android.omninotes.alpha:id/detail_title"}, 20000]}
[Fastbot][2026-04-11 12:55:29.903] --> END POST (209-byte body)
[Fastbot][2026-04-11 12:55:29.939] <-- 200 OK  http://127.0.0.1:9008/jsonrpc/0 (35ms)
[Fastbot][2026-04-11 12:55:29.939] Content-Type: application/json
[Fastbot][2026-04-11 12:55:29.939] Date: Sat, 11 Apr 2026 12:55:29 GMT
[Fastbot][2026-04-11 12:55:29.940] Connection: keep-alive
[Fastbot][2026-04-11 12:55:29.940] Transfer-Encoding: chunked
[Fastbot][2026-04-11 12:55:29.940] 
[Fastbot][2026-04-11 12:55:29.940] {"jsonrpc":"2.0","id":1,"result":true}

[Fastbot][2026-04-11 12:55:29.941] <-- END HTTP (39-byte body)
[Fastbot][2026-04-11 12:55:29.997] [Proxy Server] Detected script method: setText
[Fastbot][2026-04-11 12:55:29.998] [Proxy Server] Forwarding
[Fastbot][2026-04-11 12:55:29.998] --> POST http://127.0.0.1:9008/jsonrpc/0
[Fastbot][2026-04-11 12:55:29.999] Content-Type: application/json; charset=utf-8
[Fastbot][2026-04-11 12:55:29.999] Content-Length: 205
[Fastbot][2026-04-11 12:55:30.000] 
[Fastbot][2026-04-11 12:55:30.000] {"jsonrpc": "2.0", "id": 1, "method": "setText", "params": [{"mask": 2097152, "childOrSibling": [], "childOrSiblingSelector": [], "resourceId": "it.feio.android.omninotes.alpha:id/detail_title"}, "wbQVT"]}
[Fastbot][2026-04-11 12:55:30.001] --> END POST (205-byte body)
[Fastbot][2026-04-11 12:55:30.076] <-- 200 OK  http://127.0.0.1:9008/jsonrpc/0 (75ms)
[Fastbot][2026-04-11 12:55:30.077] Content-Type: application/json
[Fastbot][2026-04-11 12:55:30.077] Date: Sat, 11 Apr 2026 12:55:30 GMT
[Fastbot][2026-04-11 12:55:30.077] Connection: keep-alive
[Fastbot][2026-04-11 12:55:30.077] Transfer-Encoding: chunked
[Fastbot][2026-04-11 12:55:30.078] 
[Fastbot][2026-04-11 12:55:30.078] {"jsonrpc":"2.0","id":1,"result":true}

[Fastbot][2026-04-11 12:55:30.078] <-- END HTTP (39-byte body)
[Fastbot][2026-04-11 12:55:30.106] [Proxy Server] Forwarding
[Fastbot][2026-04-11 12:55:30.107] --> POST http://127.0.0.1:9008/jsonrpc/0
[Fastbot][2026-04-11 12:55:30.107] Content-Type: application/json; charset=utf-8
[Fastbot][2026-04-11 12:55:30.107] Content-Length: 211
[Fastbot][2026-04-11 12:55:30.107] 
[Fastbot][2026-04-11 12:55:30.108] {"jsonrpc": "2.0", "id": 1, "method": "waitForExists", "params": [{"mask": 2097152, "childOrSibling": [], "childOrSiblingSelector": [], "resourceId": "it.feio.android.omninotes.alpha:id/detail_content"}, 20000]}
[Fastbot][2026-04-11 12:55:30.108] --> END POST (211-byte body)
[Fastbot][2026-04-11 12:55:30.122] <-- 200 OK  http://127.0.0.1:9008/jsonrpc/0 (14ms)
[Fastbot][2026-04-11 12:55:30.122] Content-Type: application/json
[Fastbot][2026-04-11 12:55:30.122] Date: Sat, 11 Apr 2026 12:55:30 GMT
[Fastbot][2026-04-11 12:55:30.122] Connection: keep-alive
[Fastbot][2026-04-11 12:55:30.123] Transfer-Encoding: chunked
[Fastbot][2026-04-11 12:55:30.123] 
[Fastbot][2026-04-11 12:55:30.124] {"jsonrpc":"2.0","id":1,"result":true}

[Fastbot][2026-04-11 12:55:30.124] <-- END HTTP (39-byte body)
[Fastbot][2026-04-11 12:55:30.153] [Proxy Server] Detected script method: setText
[Fastbot][2026-04-11 12:55:30.154] [Proxy Server] Forwarding
[Fastbot][2026-04-11 12:55:30.154] --> POST http://127.0.0.1:9008/jsonrpc/0
[Fastbot][2026-04-11 12:55:30.154] Content-Type: application/json; charset=utf-8
[Fastbot][2026-04-11 12:55:30.155] Content-Length: 214
[Fastbot][2026-04-11 12:55:30.155] 
[Fastbot][2026-04-11 12:55:30.155] {"jsonrpc": "2.0", "id": 1, "method": "setText", "params": [{"mask": 2097152, "childOrSibling": [], "childOrSiblingSelector": [], "resourceId": "it.feio.android.omninotes.alpha:id/detail_content"}, "test content"]}
[Fastbot][2026-04-11 12:55:30.155] --> END POST (214-byte body)
[Fastbot][2026-04-11 12:55:30.226] <-- 200 OK  http://127.0.0.1:9008/jsonrpc/0 (70ms)
[Fastbot][2026-04-11 12:55:30.226] Content-Type: application/json
[Fastbot][2026-04-11 12:55:30.226] Date: Sat, 11 Apr 2026 12:55:30 GMT
[Fastbot][2026-04-11 12:55:30.226] Connection: keep-alive
[Fastbot][2026-04-11 12:55:30.227] Transfer-Encoding: chunked
[Fastbot][2026-04-11 12:55:30.269] 
[Fastbot][2026-04-11 12:55:30.269] {"jsonrpc":"2.0","id":1,"result":true}

[Fastbot][2026-04-11 12:55:30.269] <-- END HTTP (39-byte body)
[Fastbot][2026-04-11 12:55:30.798] [Proxy Server] Forwarding
[Fastbot][2026-04-11 12:55:30.799] --> POST http://127.0.0.1:9008/jsonrpc/0
[Fastbot][2026-04-11 12:55:30.799] Content-Type: application/json; charset=utf-8
[Fastbot][2026-04-11 12:55:30.799] Content-Length: 210
[Fastbot][2026-04-11 12:55:30.799] 
[Fastbot][2026-04-11 12:55:30.800] {"jsonrpc": "2.0", "id": 1, "method": "waitForExists", "params": [{"mask": 2097152, "childOrSibling": [], "childOrSiblingSelector": [], "resourceId": "it.feio.android.omninotes.alpha:id/menu_category"}, 20000]}
[Fastbot][2026-04-11 12:55:30.800] --> END POST (210-byte body)
[Fastbot][2026-04-11 12:55:30.814] <-- 200 OK  http://127.0.0.1:9008/jsonrpc/0 (13ms)
[Fastbot][2026-04-11 12:55:30.814] Content-Type: application/json
[Fastbot][2026-04-11 12:55:30.814] Date: Sat, 11 Apr 2026 12:55:30 GMT
[Fastbot][2026-04-11 12:55:30.814] Connection: keep-alive
[Fastbot][2026-04-11 12:55:30.814] Transfer-Encoding: chunked
[Fastbot][2026-04-11 12:55:30.815] 
[Fastbot][2026-04-11 12:55:30.815] {"jsonrpc":"2.0","id":1,"result":true}

[Fastbot][2026-04-11 12:55:30.815] <-- END HTTP (39-byte body)
[Fastbot][2026-04-11 12:55:30.842] [Proxy Server] Forwarding
[Fastbot][2026-04-11 12:55:30.842] --> POST http://127.0.0.1:9008/jsonrpc/0
[Fastbot][2026-04-11 12:55:30.843] Content-Type: application/json; charset=utf-8
[Fastbot][2026-04-11 12:55:30.843] Content-Length: 197
[Fastbot][2026-04-11 12:55:30.843] 
[Fastbot][2026-04-11 12:55:30.843] {"jsonrpc": "2.0", "id": 1, "method": "objInfo", "params": [{"mask": 2097152, "childOrSibling": [], "childOrSiblingSelector": [], "resourceId": "it.feio.android.omninotes.alpha:id/menu_category"}]}
[Fastbot][2026-04-11 12:55:30.843] --> END POST (197-byte body)
[Fastbot][2026-04-11 12:55:30.877] <-- 200 OK  http://127.0.0.1:9008/jsonrpc/0 (32ms)
[Fastbot][2026-04-11 12:55:30.877] Content-Type: application/json
[Fastbot][2026-04-11 12:55:30.877] Date: Sat, 11 Apr 2026 12:55:30 GMT
[Fastbot][2026-04-11 12:55:30.877] Connection: keep-alive
[Fastbot][2026-04-11 12:55:30.877] Transfer-Encoding: chunked
[Fastbot][2026-04-11 12:55:30.919] 
[Fastbot][2026-04-11 12:55:30.919] {"jsonrpc":"2.0","id":1,"result":{"bounds":{"bottom":226,"left":573,"right":705,"top":94},"childCount":0,"className":"android.widget.Button","contentDescription":"Category","packageName":"it.feio.android.omninotes.alpha","resourceName":"it.feio.android.omninotes.alpha:id/menu_category","text":null,"...[truncated]
[Fastbot][2026-04-11 12:55:30.919] <-- END HTTP (520-byte body)
[Fastbot][2026-04-11 12:55:30.952] [Proxy Server] Detected script method: click
[Fastbot][2026-04-11 12:55:30.953] [Proxy Server] Forwarding
[Fastbot][2026-04-11 12:55:30.953] --> POST http://127.0.0.1:9008/jsonrpc/0
[Fastbot][2026-04-11 12:55:30.953] Content-Type: application/json; charset=utf-8
[Fastbot][2026-04-11 12:55:30.953] Content-Length: 72
[Fastbot][2026-04-11 12:55:30.954] 
[Fastbot][2026-04-11 12:55:30.954] {"jsonrpc": "2.0", "id": 1, "method": "click", "params": [639.0, 160.0]}
[Fastbot][2026-04-11 12:55:30.954] --> END POST (72-byte body)
[Fastbot][2026-04-11 12:55:31.082] <-- 200 OK  http://127.0.0.1:9008/jsonrpc/0 (127ms)
[Fastbot][2026-04-11 12:55:31.082] Content-Type: application/json
[Fastbot][2026-04-11 12:55:31.083] Date: Sat, 11 Apr 2026 12:55:31 GMT
[Fastbot][2026-04-11 12:55:31.083] Connection: keep-alive
[Fastbot][2026-04-11 12:55:31.083] Transfer-Encoding: chunked
[Fastbot][2026-04-11 12:55:31.130] 
[Fastbot][2026-04-11 12:55:31.131] {"jsonrpc":"2.0","id":1,"result":true}

[Fastbot][2026-04-11 12:55:31.131] <-- END HTTP (39-byte body)
[Fastbot][2026-04-11 12:55:31.673] [Proxy Server] Forwarding
[Fastbot][2026-04-11 12:55:31.674] --> POST http://127.0.0.1:9008/jsonrpc/0
[Fastbot][2026-04-11 12:55:31.674] Content-Type: application/json; charset=utf-8
[Fastbot][2026-04-11 12:55:31.674] Content-Length: 221
[Fastbot][2026-04-11 12:55:31.674] 
[Fastbot][2026-04-11 12:55:31.674] {"jsonrpc": "2.0", "id": 1, "method": "waitForExists", "params": [{"mask": 2097152, "childOrSibling": [], "childOrSiblingSelector": [], "resourceId": "it.feio.android.omninotes.alpha:id/md_buttonDefaultPositive"}, 20000]}
[Fastbot][2026-04-11 12:55:31.674] --> END POST (221-byte body)
[Fastbot][2026-04-11 12:55:31.691] <-- 200 OK  http://127.0.0.1:9008/jsonrpc/0 (16ms)
[Fastbot][2026-04-11 12:55:31.692] Content-Type: application/json
[Fastbot][2026-04-11 12:55:31.692] Date: Sat, 11 Apr 2026 12:55:31 GMT
[Fastbot][2026-04-11 12:55:31.692] Connection: keep-alive
[Fastbot][2026-04-11 12:55:31.692] Transfer-Encoding: chunked
[Fastbot][2026-04-11 12:55:31.693] 
[Fastbot][2026-04-11 12:55:31.693] {"jsonrpc":"2.0","id":1,"result":true}

[Fastbot][2026-04-11 12:55:31.693] <-- END HTTP (39-byte body)
[Fastbot][2026-04-11 12:55:31.710] [Proxy Server] Forwarding
[Fastbot][2026-04-11 12:55:31.711] --> POST http://127.0.0.1:9008/jsonrpc/0
[Fastbot][2026-04-11 12:55:31.711] Content-Type: application/json; charset=utf-8
[Fastbot][2026-04-11 12:55:31.711] Content-Length: 208
[Fastbot][2026-04-11 12:55:31.711] 
[Fastbot][2026-04-11 12:55:31.711] {"jsonrpc": "2.0", "id": 1, "method": "objInfo", "params": [{"mask": 2097152, "childOrSibling": [], "childOrSiblingSelector": [], "resourceId": "it.feio.android.omninotes.alpha:id/md_buttonDefaultPositive"}]}
[Fastbot][2026-04-11 12:55:31.712] --> END POST (208-byte body)
[Fastbot][2026-04-11 12:55:31.743] <-- 200 OK  http://127.0.0.1:9008/jsonrpc/0 (31ms)
[Fastbot][2026-04-11 12:55:31.743] Content-Type: application/json
[Fastbot][2026-04-11 12:55:31.743] Date: Sat, 11 Apr 2026 12:55:31 GMT
[Fastbot][2026-04-11 12:55:31.743] Connection: keep-alive
[Fastbot][2026-04-11 12:55:31.743] Transfer-Encoding: chunked
[Fastbot][2026-04-11 12:55:31.789] 
[Fastbot][2026-04-11 12:55:31.789] {"jsonrpc":"2.0","id":1,"result":{"bounds":{"bottom":1414,"left":622,"right":915,"top":1348},"childCount":0,"className":"android.widget.TextView","contentDescription":null,"packageName":"it.feio.android.omninotes.alpha","resourceName":"it.feio.android.omninotes.alpha:id/md_buttonDefaultPositive","te...[truncated]
[Fastbot][2026-04-11 12:55:31.790] <-- END HTTP (544-byte body)
[Fastbot][2026-04-11 12:55:31.842] [Proxy Server] Detected script method: click
[Fastbot][2026-04-11 12:55:31.842] [Proxy Server] Forwarding
[Fastbot][2026-04-11 12:55:31.842] --> POST http://127.0.0.1:9008/jsonrpc/0
[Fastbot][2026-04-11 12:55:31.843] Content-Type: application/json; charset=utf-8
[Fastbot][2026-04-11 12:55:31.843] Content-Length: 73
[Fastbot][2026-04-11 12:55:31.843] 
[Fastbot][2026-04-11 12:55:31.843] {"jsonrpc": "2.0", "id": 1, "method": "click", "params": [768.5, 1381.0]}
[Fastbot][2026-04-11 12:55:31.844] --> END POST (73-byte body)
[Fastbot][2026-04-11 12:55:31.983] <-- 200 OK  http://127.0.0.1:9008/jsonrpc/0 (139ms)
[Fastbot][2026-04-11 12:55:31.984] Content-Type: application/json
[Fastbot][2026-04-11 12:55:31.984] Date: Sat, 11 Apr 2026 12:55:31 GMT
[Fastbot][2026-04-11 12:55:31.985] // the top activity is it.feio.android.omninotes.CategoryActivity, phone capture activity is com.android.camera.CaptureActivity
[Fastbot][2026-04-11 12:55:31.985] Connection: keep-alive
[Fastbot][2026-04-11 12:55:31.985] Transfer-Encoding: chunked
[Fastbot][2026-04-11 12:55:31.985]     // Allowing start of Intent { cmp=it.feio.android.omninotes.alpha/it.feio.android.omninotes.CategoryActivity } in package it.feio.android.omninotes.alpha
[Fastbot][2026-04-11 12:55:31.986] 
[Fastbot][2026-04-11 12:55:31.986] {"jsonrpc":"2.0","id":1,"result":true}

[Fastbot][2026-04-11 12:55:31.987] <-- END HTTP (39-byte body)
[Fastbot][2026-04-11 12:55:32.503] // [Script] current activity is it.feio.android.omninotes.CategoryActivity
[Fastbot][2026-04-11 12:55:32.504] [Proxy Server] Forwarding
[Fastbot][2026-04-11 12:55:32.504] --> POST http://127.0.0.1:9008/jsonrpc/0
[Fastbot][2026-04-11 12:55:32.504] Content-Type: application/json; charset=utf-8
[Fastbot][2026-04-11 12:55:32.504] Content-Length: 211
[Fastbot][2026-04-11 12:55:32.504] 
[Fastbot][2026-04-11 12:55:32.504] {"jsonrpc": "2.0", "id": 1, "method": "waitForExists", "params": [{"mask": 2097152, "childOrSibling": [], "childOrSiblingSelector": [], "resourceId": "it.feio.android.omninotes.alpha:id/category_title"}, 20000]}
[Fastbot][2026-04-11 12:55:32.504] --> END POST (211-byte body)
[Fastbot][2026-04-11 12:55:32.516] <-- 200 OK  http://127.0.0.1:9008/jsonrpc/0 (11ms)
[Fastbot][2026-04-11 12:55:32.516] Content-Type: application/json
[Fastbot][2026-04-11 12:55:32.516] Date: Sat, 11 Apr 2026 12:55:32 GMT
[Fastbot][2026-04-11 12:55:32.516] Connection: keep-alive
[Fastbot][2026-04-11 12:55:32.516] Transfer-Encoding: chunked
[Fastbot][2026-04-11 12:55:32.516] 
[Fastbot][2026-04-11 12:55:32.516] {"jsonrpc":"2.0","id":1,"result":true}

[Fastbot][2026-04-11 12:55:32.517] <-- END HTTP (39-byte body)
[Fastbot][2026-04-11 12:55:32.542] [Proxy Server] Detected script method: setText
[Fastbot][2026-04-11 12:55:32.542] [Proxy Server] Forwarding
[Fastbot][2026-04-11 12:55:32.542] --> POST http://127.0.0.1:9008/jsonrpc/0
[Fastbot][2026-04-11 12:55:32.542] Content-Type: application/json; charset=utf-8
[Fastbot][2026-04-11 12:55:32.542] Content-Length: 208
[Fastbot][2026-04-11 12:55:32.542] 
[Fastbot][2026-04-11 12:55:32.542] {"jsonrpc": "2.0", "id": 1, "method": "setText", "params": [{"mask": 2097152, "childOrSibling": [], "childOrSiblingSelector": [], "resourceId": "it.feio.android.omninotes.alpha:id/category_title"}, "tq94Na"]}
[Fastbot][2026-04-11 12:55:32.543] --> END POST (208-byte body)
[Fastbot][2026-04-11 12:55:32.617] <-- 200 OK  http://127.0.0.1:9008/jsonrpc/0 (74ms)
[Fastbot][2026-04-11 12:55:32.617] Content-Type: application/json
[Fastbot][2026-04-11 12:55:32.617] Date: Sat, 11 Apr 2026 12:55:32 GMT
[Fastbot][2026-04-11 12:55:32.617] Connection: keep-alive
[Fastbot][2026-04-11 12:55:32.617] Transfer-Encoding: chunked
[Fastbot][2026-04-11 12:55:32.670] 
[Fastbot][2026-04-11 12:55:32.670] {"jsonrpc":"2.0","id":1,"result":true}

[Fastbot][2026-04-11 12:55:32.670] <-- END HTTP (39-byte body)
[Fastbot][2026-04-11 12:55:32.701] [Proxy Server] Forwarding
[Fastbot][2026-04-11 12:55:32.701] --> POST http://127.0.0.1:9008/jsonrpc/0
[Fastbot][2026-04-11 12:55:32.701] Content-Type: application/json; charset=utf-8
[Fastbot][2026-04-11 12:55:32.701] Content-Length: 201
[Fastbot][2026-04-11 12:55:32.702] 
[Fastbot][2026-04-11 12:55:32.702] {"jsonrpc": "2.0", "id": 1, "method": "waitForExists", "params": [{"mask": 2097152, "childOrSibling": [], "childOrSiblingSelector": [], "resourceId": "it.feio.android.omninotes.alpha:id/save"}, 20000]}
[Fastbot][2026-04-11 12:55:32.702] --> END POST (201-byte body)
[Fastbot][2026-04-11 12:55:32.714] <-- 200 OK  http://127.0.0.1:9008/jsonrpc/0 (12ms)
[Fastbot][2026-04-11 12:55:32.714] Content-Type: application/json
[Fastbot][2026-04-11 12:55:32.715] Date: Sat, 11 Apr 2026 12:55:32 GMT
[Fastbot][2026-04-11 12:55:32.715] Connection: keep-alive
[Fastbot][2026-04-11 12:55:32.715] Transfer-Encoding: chunked
[Fastbot][2026-04-11 12:55:32.760] 
[Fastbot][2026-04-11 12:55:32.760] {"jsonrpc":"2.0","id":1,"result":true}

[Fastbot][2026-04-11 12:55:32.761] <-- END HTTP (39-byte body)
[Fastbot][2026-04-11 12:55:32.778] [Proxy Server] Forwarding
[Fastbot][2026-04-11 12:55:32.778] --> POST http://127.0.0.1:9008/jsonrpc/0
[Fastbot][2026-04-11 12:55:32.778] Content-Type: application/json; charset=utf-8
[Fastbot][2026-04-11 12:55:32.778] Content-Length: 188
[Fastbot][2026-04-11 12:55:32.778] 
[Fastbot][2026-04-11 12:55:32.778] {"jsonrpc": "2.0", "id": 1, "method": "objInfo", "params": [{"mask": 2097152, "childOrSibling": [], "childOrSiblingSelector": [], "resourceId": "it.feio.android.omninotes.alpha:id/save"}]}
[Fastbot][2026-04-11 12:55:32.779] --> END POST (188-byte body)
[Fastbot][2026-04-11 12:55:32.803] <-- 200 OK  http://127.0.0.1:9008/jsonrpc/0 (24ms)
[Fastbot][2026-04-11 12:55:32.803] Content-Type: application/json
[Fastbot][2026-04-11 12:55:32.803] Date: Sat, 11 Apr 2026 12:55:32 GMT
[Fastbot][2026-04-11 12:55:32.803] Connection: keep-alive
[Fastbot][2026-04-11 12:55:32.804] Transfer-Encoding: chunked
[Fastbot][2026-04-11 12:55:32.849] 
[Fastbot][2026-04-11 12:55:32.849] {"jsonrpc":"2.0","id":1,"result":{"bounds":{"bottom":1450,"left":543,"right":776,"top":1321},"childCount":0,"className":"android.widget.Button","contentDescription":null,"packageName":"it.feio.android.omninotes.alpha","resourceName":"it.feio.android.omninotes.alpha:id/save","text":"OK","visibleBound...[truncated]
[Fastbot][2026-04-11 12:55:32.849] <-- END HTTP (512-byte body)
[Fastbot][2026-04-11 12:55:32.864] [Proxy Server] Detected script method: click
[Fastbot][2026-04-11 12:55:32.864] [Proxy Server] Forwarding
[Fastbot][2026-04-11 12:55:32.864] --> POST http://127.0.0.1:9008/jsonrpc/0
[Fastbot][2026-04-11 12:55:32.864] Content-Type: application/json; charset=utf-8
[Fastbot][2026-04-11 12:55:32.864] Content-Length: 73
[Fastbot][2026-04-11 12:55:32.864] 
[Fastbot][2026-04-11 12:55:32.865] {"jsonrpc": "2.0", "id": 1, "method": "click", "params": [659.5, 1385.5]}
[Fastbot][2026-04-11 12:55:32.865] --> END POST (73-byte body)
[Fastbot][2026-04-11 12:55:32.995]     // activityResuming(it.feio.android.omninotes.alpha)
[Fastbot][2026-04-11 12:55:32.997] <-- 200 OK  http://127.0.0.1:9008/jsonrpc/0 (132ms)
[Fastbot][2026-04-11 12:55:32.997] Content-Type: application/json
[Fastbot][2026-04-11 12:55:32.997] Date: Sat, 11 Apr 2026 12:55:32 GMT
[Fastbot][2026-04-11 12:55:32.998] Connection: keep-alive
[Fastbot][2026-04-11 12:55:32.998] Transfer-Encoding: chunked
[Fastbot][2026-04-11 12:55:33.039] 
[Fastbot][2026-04-11 12:55:33.039] {"jsonrpc":"2.0","id":1,"result":true}

[Fastbot][2026-04-11 12:55:33.040] <-- END HTTP (39-byte body)
[Fastbot][2026-04-11 12:55:33.556] // [Script] current activity is it.feio.android.omninotes.MainActivity
[Fastbot][2026-04-11 12:55:33.556] [Proxy Server] Forwarding
[Fastbot][2026-04-11 12:55:33.556] --> POST http://127.0.0.1:9008/jsonrpc/0
[Fastbot][2026-04-11 12:55:33.557] Content-Type: application/json; charset=utf-8
[Fastbot][2026-04-11 12:55:33.557] Content-Length: 154
[Fastbot][2026-04-11 12:55:33.557] 
[Fastbot][2026-04-11 12:55:33.557] {"jsonrpc": "2.0", "id": 1, "method": "exist", "params": [{"mask": 64, "childOrSibling": [], "childOrSiblingSelector": [], "description": "drawer open"}]}
[Fastbot][2026-04-11 12:55:33.557] --> END POST (154-byte body)
[Fastbot][2026-04-11 12:55:33.570] <-- 200 OK  http://127.0.0.1:9008/jsonrpc/0 (12ms)
[Fastbot][2026-04-11 12:55:33.570] Content-Type: application/json
[Fastbot][2026-04-11 12:55:33.570] Date: Sat, 11 Apr 2026 12:55:33 GMT
[Fastbot][2026-04-11 12:55:33.571] Connection: keep-alive
[Fastbot][2026-04-11 12:55:33.571] Transfer-Encoding: chunked
[Fastbot][2026-04-11 12:55:33.571] 
[Fastbot][2026-04-11 12:55:33.571] {"jsonrpc":"2.0","id":1,"result":true}

[Fastbot][2026-04-11 12:55:33.571] <-- END HTTP (39-byte body)
[Fastbot][2026-04-11 12:55:33.585] [Proxy Server] Forwarding
[Fastbot][2026-04-11 12:55:33.585] --> POST http://127.0.0.1:9008/jsonrpc/0
[Fastbot][2026-04-11 12:55:33.586] Content-Type: application/json; charset=utf-8
[Fastbot][2026-04-11 12:55:33.586] Content-Length: 169
[Fastbot][2026-04-11 12:55:33.586] 
[Fastbot][2026-04-11 12:55:33.586] {"jsonrpc": "2.0", "id": 1, "method": "waitForExists", "params": [{"mask": 64, "childOrSibling": [], "childOrSiblingSelector": [], "description": "drawer open"}, 20000]}
[Fastbot][2026-04-11 12:55:33.586] --> END POST (169-byte body)
[Fastbot][2026-04-11 12:55:33.595] <-- 200 OK  http://127.0.0.1:9008/jsonrpc/0 (9ms)
[Fastbot][2026-04-11 12:55:33.596] Content-Type: application/json
[Fastbot][2026-04-11 12:55:33.596] Date: Sat, 11 Apr 2026 12:55:33 GMT
[Fastbot][2026-04-11 12:55:33.596] Connection: keep-alive
[Fastbot][2026-04-11 12:55:33.596] Transfer-Encoding: chunked
[Fastbot][2026-04-11 12:55:33.640] 
[Fastbot][2026-04-11 12:55:33.640] {"jsonrpc":"2.0","id":1,"result":true}

[Fastbot][2026-04-11 12:55:33.640] <-- END HTTP (39-byte body)
[Fastbot][2026-04-11 12:55:33.671] [Proxy Server] Forwarding
[Fastbot][2026-04-11 12:55:33.672] --> POST http://127.0.0.1:9008/jsonrpc/0
[Fastbot][2026-04-11 12:55:33.672] Content-Type: application/json; charset=utf-8
[Fastbot][2026-04-11 12:55:33.672] Content-Length: 156
[Fastbot][2026-04-11 12:55:33.673] 
[Fastbot][2026-04-11 12:55:33.673] {"jsonrpc": "2.0", "id": 1, "method": "objInfo", "params": [{"mask": 64, "childOrSibling": [], "childOrSiblingSelector": [], "description": "drawer open"}]}
[Fastbot][2026-04-11 12:55:33.673] --> END POST (156-byte body)
[Fastbot][2026-04-11 12:55:33.692] <-- 200 OK  http://127.0.0.1:9008/jsonrpc/0 (18ms)
[Fastbot][2026-04-11 12:55:33.692] Content-Type: application/json
[Fastbot][2026-04-11 12:55:33.692] Date: Sat, 11 Apr 2026 12:55:33 GMT
[Fastbot][2026-04-11 12:55:33.692] Connection: keep-alive
[Fastbot][2026-04-11 12:55:33.692] Transfer-Encoding: chunked
[Fastbot][2026-04-11 12:55:33.741] 
[Fastbot][2026-04-11 12:55:33.741] {"jsonrpc":"2.0","id":1,"result":{"bounds":{"bottom":237,"left":0,"right":154,"top":83},"childCount":0,"className":"android.widget.ImageButton","contentDescription":"drawer open","packageName":"it.feio.android.omninotes.alpha","resourceName":null,"text":null,"visibleBounds":{"bottom":237,"left":0,"r...[truncated]
[Fastbot][2026-04-11 12:55:33.742] <-- END HTTP (479-byte body)
[Fastbot][2026-04-11 12:55:33.797] [Proxy Server] Detected script method: click
[Fastbot][2026-04-11 12:55:33.797] [Proxy Server] Forwarding
[Fastbot][2026-04-11 12:55:33.797] --> POST http://127.0.0.1:9008/jsonrpc/0
[Fastbot][2026-04-11 12:55:33.797] Content-Type: application/json; charset=utf-8
[Fastbot][2026-04-11 12:55:33.798] Content-Length: 71
[Fastbot][2026-04-11 12:55:33.798] 
[Fastbot][2026-04-11 12:55:33.798] {"jsonrpc": "2.0", "id": 1, "method": "click", "params": [77.0, 160.0]}
[Fastbot][2026-04-11 12:55:33.798] --> END POST (71-byte body)
[Fastbot][2026-04-11 12:55:33.931] <-- 200 OK  http://127.0.0.1:9008/jsonrpc/0 (132ms)
[Fastbot][2026-04-11 12:55:33.931] Content-Type: application/json
[Fastbot][2026-04-11 12:55:33.931] Date: Sat, 11 Apr 2026 12:55:33 GMT
[Fastbot][2026-04-11 12:55:33.932] Connection: keep-alive
[Fastbot][2026-04-11 12:55:33.932] Transfer-Encoding: chunked
[Fastbot][2026-04-11 12:55:33.932] 
[Fastbot][2026-04-11 12:55:33.933] {"jsonrpc":"2.0","id":1,"result":true}

[Fastbot][2026-04-11 12:55:33.933] <-- END HTTP (39-byte body)
[Fastbot][2026-04-11 12:55:34.450] [Proxy Server] Forwarding
[Fastbot][2026-04-11 12:55:34.451] --> POST http://127.0.0.1:9008/jsonrpc/0
[Fastbot][2026-04-11 12:55:34.451] Content-Type: application/json; charset=utf-8
[Fastbot][2026-04-11 12:55:34.451] Content-Length: 209
[Fastbot][2026-04-11 12:55:34.451] 
[Fastbot][2026-04-11 12:55:34.452] {"jsonrpc": "2.0", "id": 1, "method": "exist", "params": [{"mask": 2097153, "childOrSibling": [], "childOrSiblingSelector": [], "resourceId": "it.feio.android.omninotes.alpha:id/note_title", "text": "wbQVT"}]}
[Fastbot][2026-04-11 12:55:34.452] --> END POST (209-byte body)
[Fastbot][2026-04-11 12:55:34.533] <-- 200 OK  http://127.0.0.1:9008/jsonrpc/0 (80ms)
[Fastbot][2026-04-11 12:55:34.533] Content-Type: application/json
[Fastbot][2026-04-11 12:55:34.533] Date: Sat, 11 Apr 2026 12:55:34 GMT
[Fastbot][2026-04-11 12:55:34.533] Connection: keep-alive
[Fastbot][2026-04-11 12:55:34.533] Transfer-Encoding: chunked
[Fastbot][2026-04-11 12:55:34.534] 
[Fastbot][2026-04-11 12:55:34.534] {"jsonrpc":"2.0","id":1,"result":true}

[Fastbot][2026-04-11 12:55:34.535] <-- END HTTP (39-byte body)
[Fastbot][2026-04-11 12:55:34.769] --> POST http://127.0.0.1:9008/jsonrpc/0
[Fastbot][2026-04-11 12:55:34.769] Content-Type: application/json; charset=utf-8
[Fastbot][2026-04-11 12:55:34.769] Content-Length: 75
[Fastbot][2026-04-11 12:55:34.769] 
[Fastbot][2026-04-11 12:55:34.769] {"id":1,"jsonrpc":"2.0","method":"dumpWindowHierarchy","params":[false,50]}
[Fastbot][2026-04-11 12:55:34.770] --> END POST (75-byte body)
[Fastbot][2026-04-11 12:55:34.872] <-- 200 OK  http://127.0.0.1:9008/jsonrpc/0 (101ms)
[Fastbot][2026-04-11 12:55:34.872] Content-Type: application/json
[Fastbot][2026-04-11 12:55:34.872] Date: Sat, 11 Apr 2026 12:55:34 GMT
[Fastbot][2026-04-11 12:55:34.872] Connection: keep-alive
[Fastbot][2026-04-11 12:55:34.872] Transfer-Encoding: chunked
[Fastbot][2026-04-11 12:55:34.873] 
[Fastbot][2026-04-11 12:55:34.874] {"jsonrpc":"2.0","id":1,"result":"<?xml version='1.0' encoding='UTF-8' standalone='yes' ?>\r\n<hierarchy rotation=\"0\">\r\n  <node index=\"0\" text=\"\" resource-id=\"com.android.systemui:id/navigation_bar_frame\" class=\"android.widget.FrameLayout\" package=\"com.android.systemui\" content-desc=\"...[truncated]
[Fastbot][2026-04-11 12:55:34.874] <-- END HTTP (48224-byte body)
[Fastbot][2026-04-11 12:55:34.904] [ProxyServer] stepsCount: 8
[Fastbot][2026-04-11 12:55:34.905] [ProxyServer] receive request: stepMonkey
[Fastbot][2026-04-11 12:55:34.905] [MonkeySourceApeU2] stepsCount: 8
[Fastbot][2026-04-11 12:55:34.905] [MonkeySourceApeU2] Latest event is MonkeyEvent. Use the cached hierarchy.
[Fastbot][2026-04-11 12:55:34.905] [MonkeySourceApeU2] Successfully Got hierarchy
[Fastbot][2026-04-11 12:55:34.908] // Event id: 54
[Fastbot][2026-04-11 12:55:34.908] topActivity Name: ComponentInfo{it.feio.android.omninotes.alpha/it.feio.android.omninotes.MainActivity}
[Fastbot][2026-04-11 12:55:34.908] // Dumped stringOfGuiTree
[Fastbot][2026-04-11 12:55:34.908] topActivityName: it.feio.android.omninotes.MainActivity
[Fastbot][2026-04-11 12:55:34.911] action type: CLICK
[Fastbot][2026-04-11 12:55:34.911] rpc cost time: 3
[Fastbot][2026-04-11 12:55:34.919]   mshowrequested=false mshowexplicitlyrequested=false mshowforced=false minputshown=false
[Fastbot][2026-04-11 12:55:34.920] mInputShown not found, getInputMethodWindowVisibleHeight is used.
java.lang.NullPointerException: Attempt to read from field 'com.android.server.wm.DisplayFrames com.android.server.wm.DisplayContent.mDisplayFrames' on a null object reference
	at android.os.Parcel.createException(Parcel.java:2077)
	at android.os.Parcel.readException(Parcel.java:2039)
	at android.os.Parcel.readException(Parcel.java:1987)
	at com.android.internal.view.IInputMethodManager$Stub$Proxy.getInputMethodWindowVisibleHeight(IInputMethodManager.java:809)
	at android.view.inputmethod.InputMethodManager.getInputMethodWindowVisibleHeight(InputMethodManager.java:2844)
	at com.android.commands.monkey.framework.AndroidDevice.isVirtualKeyboardOpened(AndroidDevice.java:217)
	at com.android.commands.monkey.source.MonkeySourceApeU2.doInput(MonkeySourceApeU2.java:1018)
	at com.android.commands.monkey.source.MonkeySourceApeU2.generateEventsForActionInternal(MonkeySourceApeU2.java:945)
	at com.android.commands.monkey.source.MonkeySourceApeU2.generateEventsForAction(MonkeySourceApeU2.java:907)
	at com.android.commands.monkey.source.MonkeySourceApeU2.generateEvents(MonkeySourceApeU2.java:827)
	at com.android.commands.monkey.source.MonkeySourceApeU2.getNextEvent(MonkeySourceApeU2.java:422)
	at com.android.commands.monkey.Monkey.runMonkeyCycles(Monkey.java:1576)
	at com.android.commands.monkey.Monkey.run(Monkey.java:874)
	at com.android.commands.monkey.Monkey.main(Monkey.java:473)
	at com.android.internal.os.RuntimeInit.nativeFinishInit(Native Method)
	at com.android.internal.os.RuntimeInit.main(RuntimeInit.java:338)
Caused by: android.os.RemoteException: Remote stack trace:
	at com.android.server.wm.WindowManagerService$LocalService.getInputMethodWindowVisibleHeight(WindowManagerService.java:7310)
	at com.android.server.inputmethod.InputMethodManagerService.getInputMethodWindowVisibleHeight(InputMethodManagerService.java:3467)
	at com.android.internal.view.IInputMethodManager$Stub.onTransact(IInputMethodManager.java:413)
	at com.android.server.inputmethod.InputMethodManagerService.onTransact(InputMethodManagerService.java:1592)
	at android.os.Binder.execTransactInternal(Binder.java:1021)

[Fastbot][2026-04-11 12:55:34.921] :Sending rotation degree=0, persist=false
[Fastbot][2026-04-11 12:55:34.928] :Sending Touch (ACTION_DOWN): 0:(575.0,530.0)
[Fastbot][2026-04-11 12:55:34.931] :Sending Touch (ACTION_UP): 0:(575.0,530.0)
[Fastbot][2026-04-11 12:55:34.932] Sleeping for 200 milliseconds
[Fastbot][2026-04-11 12:55:35.134] [ProxyServer] Finish monkey step. Dumping hierarchy
[Fastbot][2026-04-11 12:55:35.135] --> POST http://127.0.0.1:9008/jsonrpc/0
[Fastbot][2026-04-11 12:55:35.135] Content-Type: application/json; charset=utf-8
[Fastbot][2026-04-11 12:55:35.135] Content-Length: 75
[Fastbot][2026-04-11 12:55:35.135] 
[Fastbot][2026-04-11 12:55:35.135] {"id":1,"jsonrpc":"2.0","method":"dumpWindowHierarchy","params":[false,50]}
[Fastbot][2026-04-11 12:55:35.135] --> END POST (75-byte body)
[Fastbot][2026-04-11 12:55:35.178] <-- 200 OK  http://127.0.0.1:9008/jsonrpc/0 (42ms)
[Fastbot][2026-04-11 12:55:35.178] Content-Type: application/json
[Fastbot][2026-04-11 12:55:35.178] Date: Sat, 11 Apr 2026 12:55:35 GMT
[Fastbot][2026-04-11 12:55:35.178] Connection: keep-alive
[Fastbot][2026-04-11 12:55:35.178] Transfer-Encoding: chunked
[Fastbot][2026-04-11 12:55:35.179] 
[Fastbot][2026-04-11 12:55:35.182] {"jsonrpc":"2.0","id":1,"result":"<?xml version='1.0' encoding='UTF-8' standalone='yes' ?>\r\n<hierarchy rotation=\"0\">\r\n  <node index=\"0\" text=\"\" resource-id=\"com.android.systemui:id/navigation_bar_frame\" class=\"android.widget.FrameLayout\" package=\"com.android.systemui\" content-desc=\"...[truncated]
[Fastbot][2026-04-11 12:55:35.182] <-- END HTTP (40833-byte body)
[Fastbot][2026-04-11 12:55:35.206] [ProxyServer] stepsCount: 9
[Fastbot][2026-04-11 12:55:35.207] [ProxyServer] receive request: stepMonkey
[Fastbot][2026-04-11 12:55:35.207] [MonkeySourceApeU2] stepsCount: 9
[Fastbot][2026-04-11 12:55:35.207] [MonkeySourceApeU2] Latest event is MonkeyEvent. Use the cached hierarchy.
[Fastbot][2026-04-11 12:55:35.207] [MonkeySourceApeU2] Successfully Got hierarchy
[Fastbot][2026-04-11 12:55:35.210] // Event id: 58
[Fastbot][2026-04-11 12:55:35.210] topActivity Name: ComponentInfo{it.feio.android.omninotes.alpha/it.feio.android.omninotes.MainActivity}
[Fastbot][2026-04-11 12:55:35.210] // Dumped stringOfGuiTree
[Fastbot][2026-04-11 12:55:35.210] topActivityName: it.feio.android.omninotes.MainActivity
[Fastbot][2026-04-11 12:55:35.212] action type: SCROLL_LEFT_RIGHT
[Fastbot][2026-04-11 12:55:35.212] rpc cost time: 2
[Fastbot][2026-04-11 12:55:35.215] :Sending rotation degree=0, persist=false
[Fastbot][2026-04-11 12:55:35.223] :Sending Touch (ACTION_DOWN): 0:(540.0,1140.0)
[Fastbot][2026-04-11 12:55:35.225] :Sending Touch (ACTION_MOVE): 0:(540.0,1140.0)
[Fastbot][2026-04-11 12:55:35.226] Wait Event for 20 milliseconds
[Fastbot][2026-04-11 12:55:35.250] :Sending Touch (ACTION_MOVE): 0:(593.9,1140.0)
[Fastbot][2026-04-11 12:55:35.251] Wait Event for 20 milliseconds
[Fastbot][2026-04-11 12:55:35.273] :Sending Touch (ACTION_MOVE): 0:(647.8,1140.0)
[Fastbot][2026-04-11 12:55:35.274] Wait Event for 20 milliseconds
[Fastbot][2026-04-11 12:55:35.299] :Sending Touch (ACTION_MOVE): 0:(701.7,1140.0)
[Fastbot][2026-04-11 12:55:35.300] Wait Event for 20 milliseconds
[Fastbot][2026-04-11 12:55:35.323] :Sending Touch (ACTION_MOVE): 0:(755.6,1140.0)
[Fastbot][2026-04-11 12:55:35.325] Wait Event for 20 milliseconds
[Fastbot][2026-04-11 12:55:35.350] :Sending Touch (ACTION_MOVE): 0:(809.5,1140.0)
[Fastbot][2026-04-11 12:55:35.351] Wait Event for 20 milliseconds
[Fastbot][2026-04-11 12:55:35.374] :Sending Touch (ACTION_MOVE): 0:(863.4,1140.0)
[Fastbot][2026-04-11 12:55:35.375] Wait Event for 20 milliseconds
[Fastbot][2026-04-11 12:55:35.397] :Sending Touch (ACTION_MOVE): 0:(917.3,1140.0)
[Fastbot][2026-04-11 12:55:35.399] Wait Event for 20 milliseconds
[Fastbot][2026-04-11 12:55:35.421] :Sending Touch (ACTION_MOVE): 0:(971.2,1140.0)
[Fastbot][2026-04-11 12:55:35.423] Wait Event for 20 milliseconds
[Fastbot][2026-04-11 12:55:35.446] :Sending Touch (ACTION_MOVE): 0:(1025.1,1140.0)
[Fastbot][2026-04-11 12:55:35.447] Wait Event for 20 milliseconds
[Fastbot][2026-04-11 12:55:35.469] :Sending Touch (ACTION_UP): 0:(1079.0,1140.0)
[Fastbot][2026-04-11 12:55:35.471] Sleeping for 251 milliseconds
[Fastbot][2026-04-11 12:55:35.724] [ProxyServer] Finish monkey step. Dumping hierarchy
[Fastbot][2026-04-11 12:55:35.725] --> POST http://127.0.0.1:9008/jsonrpc/0
[Fastbot][2026-04-11 12:55:35.725] Content-Type: application/json; charset=utf-8
[Fastbot][2026-04-11 12:55:35.725] Content-Length: 75
[Fastbot][2026-04-11 12:55:35.725] 
[Fastbot][2026-04-11 12:55:35.725] {"id":1,"jsonrpc":"2.0","method":"dumpWindowHierarchy","params":[false,50]}
[Fastbot][2026-04-11 12:55:35.725] --> END POST (75-byte body)
[Fastbot][2026-04-11 12:55:35.753] <-- 200 OK  http://127.0.0.1:9008/jsonrpc/0 (28ms)
[Fastbot][2026-04-11 12:55:35.754] Content-Type: application/json
[Fastbot][2026-04-11 12:55:35.754] Date: Sat, 11 Apr 2026 12:55:35 GMT
[Fastbot][2026-04-11 12:55:35.754] Connection: keep-alive
[Fastbot][2026-04-11 12:55:35.754] Transfer-Encoding: chunked
[Fastbot][2026-04-11 12:55:35.757] 
[Fastbot][2026-04-11 12:55:35.757] {"jsonrpc":"2.0","id":1,"result":"<?xml version='1.0' encoding='UTF-8' standalone='yes' ?>\r\n<hierarchy rotation=\"0\">\r\n  <node index=\"0\" text=\"\" resource-id=\"com.android.systemui:id/navigation_bar_frame\" class=\"android.widget.FrameLayout\" package=\"com.android.systemui\" content-desc=\"...[truncated]
[Fastbot][2026-04-11 12:55:35.758] <-- END HTTP (40833-byte body)
[Fastbot][2026-04-11 12:55:35.797] [ProxyServer] stepsCount: 10
[Fastbot][2026-04-11 12:55:35.797] [ProxyServer] receive request: stepMonkey
[Fastbot][2026-04-11 12:55:35.797] [MonkeySourceApeU2] stepsCount: 10
[Fastbot][2026-04-11 12:55:35.797] [MonkeySourceApeU2] Latest event is MonkeyEvent. Use the cached hierarchy.
[Fastbot][2026-04-11 12:55:35.798] [MonkeySourceApeU2] Successfully Got hierarchy
[Fastbot][2026-04-11 12:55:35.799] // Event id: 82
[Fastbot][2026-04-11 12:55:35.799] topActivity Name: ComponentInfo{it.feio.android.omninotes.alpha/it.feio.android.omninotes.MainActivity}
[Fastbot][2026-04-11 12:55:35.800] // Dumped stringOfGuiTree
[Fastbot][2026-04-11 12:55:35.800] topActivityName: it.feio.android.omninotes.MainActivity
[Fastbot][2026-04-11 12:55:35.802] action type: CLICK
[Fastbot][2026-04-11 12:55:35.802] rpc cost time: 2
[Fastbot]*** WARNING *** checkVirtualKeyboard: Input only once.
[Fastbot][2026-04-11 12:55:35.803] :Sending rotation degree=0, persist=false
[Fastbot][2026-04-11 12:55:35.810] :Sending Touch (ACTION_DOWN): 0:(818.0,220.0)
[Fastbot][2026-04-11 12:55:35.811] :Sending Touch (ACTION_UP): 0:(818.0,220.0)
[Fastbot][2026-04-11 12:55:35.813] Sleeping for 251 milliseconds
[Fastbot][2026-04-11 12:55:36.066] [ProxyServer] Finish monkey step. Dumping hierarchy
[Fastbot][2026-04-11 12:55:36.067] --> POST http://127.0.0.1:9008/jsonrpc/0
[Fastbot][2026-04-11 12:55:36.067] Content-Type: application/json; charset=utf-8
[Fastbot][2026-04-11 12:55:36.067] Content-Length: 75
[Fastbot][2026-04-11 12:55:36.067] 
[Fastbot][2026-04-11 12:55:36.067] {"id":1,"jsonrpc":"2.0","method":"dumpWindowHierarchy","params":[false,50]}
[Fastbot][2026-04-11 12:55:36.067] --> END POST (75-byte body)
[Fastbot][2026-04-11 12:55:36.089] <-- 200 OK  http://127.0.0.1:9008/jsonrpc/0 (21ms)
[Fastbot][2026-04-11 12:55:36.089] Content-Type: application/json
[Fastbot][2026-04-11 12:55:36.089] Date: Sat, 11 Apr 2026 12:55:36 GMT
[Fastbot][2026-04-11 12:55:36.089] Connection: keep-alive
[Fastbot][2026-04-11 12:55:36.089] Transfer-Encoding: chunked
[Fastbot][2026-04-11 12:55:36.090] 
[Fastbot][2026-04-11 12:55:36.093] {"jsonrpc":"2.0","id":1,"result":"<?xml version='1.0' encoding='UTF-8' standalone='yes' ?>\r\n<hierarchy rotation=\"0\">\r\n  <node index=\"0\" text=\"\" resource-id=\"com.android.systemui:id/navigation_bar_frame\" class=\"android.widget.FrameLayout\" package=\"com.android.systemui\" content-desc=\"...[truncated]
[Fastbot][2026-04-11 12:55:36.093] <-- END HTTP (27387-byte body)
[Fastbot][2026-04-11 12:55:36.124] [ProxyServer] stepsCount: 11
[Fastbot][2026-04-11 12:55:36.124] [ProxyServer] receive request: stepMonkey
[Fastbot][2026-04-11 12:55:36.124] [MonkeySourceApeU2] stepsCount: 11
[Fastbot][2026-04-11 12:55:36.124] [MonkeySourceApeU2] Latest event is MonkeyEvent. Use the cached hierarchy.
[Fastbot][2026-04-11 12:55:36.125] [MonkeySourceApeU2] Successfully Got hierarchy
[Fastbot][2026-04-11 12:55:36.126] // Event id: 86
[Fastbot][2026-04-11 12:55:36.126] topActivity Name: ComponentInfo{it.feio.android.omninotes.alpha/it.feio.android.omninotes.MainActivity}
[Fastbot][2026-04-11 12:55:36.126] // Dumped stringOfGuiTree
[Fastbot][2026-04-11 12:55:36.126] topActivityName: it.feio.android.omninotes.MainActivity
[Fastbot][2026-04-11 12:55:36.127] action type: SCROLL_BOTTOM_UP
[Fastbot][2026-04-11 12:55:36.127] rpc cost time: 1
[Fastbot][2026-04-11 12:55:36.130] :Sending rotation degree=0, persist=false
[Fastbot][2026-04-11 12:55:36.139] :Sending Touch (ACTION_DOWN): 0:(496.0,1071.5)
[Fastbot][2026-04-11 12:55:36.142] :Sending Touch (ACTION_MOVE): 0:(496.0,1071.5)
[Fastbot][2026-04-11 12:55:36.144] Wait Event for 20 milliseconds
[Fastbot][2026-04-11 12:55:36.167] :Sending Touch (ACTION_MOVE): 0:(496.0,975.35)
[Fastbot][2026-04-11 12:55:36.169] Wait Event for 20 milliseconds
[Fastbot][2026-04-11 12:55:36.228] :Sending Touch (ACTION_MOVE): 0:(496.0,879.2)
[Fastbot][2026-04-11 12:55:36.231] Wait Event for 20 milliseconds
[Fastbot][2026-04-11 12:55:36.254] :Sending Touch (ACTION_MOVE): 0:(496.0,783.05)
[Fastbot][2026-04-11 12:55:36.255] Wait Event for 20 milliseconds
[Fastbot][2026-04-11 12:55:36.278] :Sending Touch (ACTION_MOVE): 0:(496.0,686.9)
[Fastbot][2026-04-11 12:55:36.280] Wait Event for 20 milliseconds
[Fastbot][2026-04-11 12:55:36.303] :Sending Touch (ACTION_MOVE): 0:(496.0,590.75)
[Fastbot][2026-04-11 12:55:36.305] Wait Event for 20 milliseconds
[Fastbot][2026-04-11 12:55:36.327] :Sending Touch (ACTION_MOVE): 0:(496.0,494.59998)
[Fastbot][2026-04-11 12:55:36.328] Wait Event for 20 milliseconds
[Fastbot][2026-04-11 12:55:36.351] :Sending Touch (ACTION_MOVE): 0:(496.0,398.45)
[Fastbot][2026-04-11 12:55:36.352] Wait Event for 20 milliseconds
[Fastbot][2026-04-11 12:55:36.374] :Sending Touch (ACTION_MOVE): 0:(496.0,302.3)
[Fastbot][2026-04-11 12:55:36.376] Wait Event for 20 milliseconds
[Fastbot][2026-04-11 12:55:36.399] :Sending Touch (ACTION_MOVE): 0:(496.0,206.15002)
[Fastbot][2026-04-11 12:55:36.401] Wait Event for 20 milliseconds
[Fastbot][2026-04-11 12:55:36.423] :Sending Touch (ACTION_UP): 0:(496.0,126.0)
[Fastbot][2026-04-11 12:55:36.427] Sleeping for 239 milliseconds
[Fastbot][2026-04-11 12:55:36.668] [ProxyServer] Finish monkey step. Dumping hierarchy
[Fastbot][2026-04-11 12:55:36.668] --> POST http://127.0.0.1:9008/jsonrpc/0
[Fastbot][2026-04-11 12:55:36.668] Content-Type: application/json; charset=utf-8
[Fastbot][2026-04-11 12:55:36.669] Content-Length: 75
[Fastbot][2026-04-11 12:55:36.669] 
[Fastbot][2026-04-11 12:55:36.669] {"id":1,"jsonrpc":"2.0","method":"dumpWindowHierarchy","params":[false,50]}
[Fastbot][2026-04-11 12:55:36.669] --> END POST (75-byte body)
[Fastbot][2026-04-11 12:55:36.694] <-- 200 OK  http://127.0.0.1:9008/jsonrpc/0 (24ms)
[Fastbot][2026-04-11 12:55:36.694] Content-Type: application/json
[Fastbot][2026-04-11 12:55:36.694] Date: Sat, 11 Apr 2026 12:55:36 GMT
[Fastbot][2026-04-11 12:55:36.694] Connection: keep-alive
[Fastbot][2026-04-11 12:55:36.694] Transfer-Encoding: chunked
[Fastbot][2026-04-11 12:55:36.695] 
[Fastbot][2026-04-11 12:55:36.695] {"jsonrpc":"2.0","id":1,"result":"<?xml version='1.0' encoding='UTF-8' standalone='yes' ?>\r\n<hierarchy rotation=\"0\">\r\n  <node index=\"0\" text=\"\" resource-id=\"com.android.systemui:id/navigation_bar_frame\" class=\"android.widget.FrameLayout\" package=\"com.android.systemui\" content-desc=\"...[truncated]
[Fastbot][2026-04-11 12:55:36.695] <-- END HTTP (27387-byte body)
[Fastbot][2026-04-11 12:55:36.730] [ProxyServer] stepsCount: 12
[Fastbot][2026-04-11 12:55:36.730] [ProxyServer] receive request: stepMonkey
[Fastbot][2026-04-11 12:55:36.730] [MonkeySourceApeU2] stepsCount: 12
[Fastbot][2026-04-11 12:55:36.730] [MonkeySourceApeU2] Latest event is MonkeyEvent. Use the cached hierarchy.
[Fastbot][2026-04-11 12:55:36.730] [MonkeySourceApeU2] Successfully Got hierarchy
[Fastbot][2026-04-11 12:55:36.731] // Event id: 110
[Fastbot][2026-04-11 12:55:36.731] topActivity Name: ComponentInfo{it.feio.android.omninotes.alpha/it.feio.android.omninotes.MainActivity}
[Fastbot][2026-04-11 12:55:36.731] // Dumped stringOfGuiTree
[Fastbot][2026-04-11 12:55:36.731] topActivityName: it.feio.android.omninotes.MainActivity
[Fastbot][2026-04-11 12:55:36.734] action type: SCROLL_RIGHT_LEFT
[Fastbot][2026-04-11 12:55:36.734] rpc cost time: 3
[Fastbot][2026-04-11 12:55:36.735] :Sending rotation degree=0, persist=false
[Fastbot][2026-04-11 12:55:36.743] :Sending Touch (ACTION_DOWN): 0:(496.0,1071.5)
[Fastbot][2026-04-11 12:55:36.745] :Sending Touch (ACTION_MOVE): 0:(496.0,1071.5)
[Fastbot][2026-04-11 12:55:36.745]     //[calendar_time:2026-04-11 12:55:36.745  system_uptime:24031067]
[Fastbot][2026-04-11 12:55:36.745]     // Sending event #100
[Fastbot][2026-04-11 12:55:36.746] Wait Event for 20 milliseconds
[Fastbot][2026-04-11 12:55:36.769] :Sending Touch (ACTION_MOVE): 0:(446.4,1071.5)
[Fastbot][2026-04-11 12:55:36.771] Wait Event for 20 milliseconds
[Fastbot][2026-04-11 12:55:36.793] :Sending Touch (ACTION_MOVE): 0:(396.8,1071.5)
[Fastbot][2026-04-11 12:55:36.795] Wait Event for 20 milliseconds
[Fastbot][2026-04-11 12:55:36.819] :Sending Touch (ACTION_MOVE): 0:(347.2,1071.5)
[Fastbot][2026-04-11 12:55:36.819] Wait Event for 20 milliseconds
[Fastbot][2026-04-11 12:55:36.841] :Sending Touch (ACTION_MOVE): 0:(297.59998,1071.5)
[Fastbot][2026-04-11 12:55:36.843] Wait Event for 20 milliseconds
[Fastbot][2026-04-11 12:55:36.865] :Sending Touch (ACTION_MOVE): 0:(248.0,1071.5)
[Fastbot][2026-04-11 12:55:36.867] Wait Event for 20 milliseconds
[Fastbot][2026-04-11 12:55:36.889] :Sending Touch (ACTION_MOVE): 0:(198.4,1071.5)
[Fastbot][2026-04-11 12:55:36.890] Wait Event for 20 milliseconds
[Fastbot][2026-04-11 12:55:36.912] :Sending Touch (ACTION_MOVE): 0:(148.80002,1071.5)
[Fastbot][2026-04-11 12:55:36.915] Wait Event for 20 milliseconds
[Fastbot][2026-04-11 12:55:36.937] :Sending Touch (ACTION_MOVE): 0:(99.19998,1071.5)
[Fastbot][2026-04-11 12:55:36.939] Wait Event for 20 milliseconds
[Fastbot][2026-04-11 12:55:36.961] :Sending Touch (ACTION_MOVE): 0:(49.600006,1071.5)
[Fastbot][2026-04-11 12:55:36.963] Wait Event for 20 milliseconds
[Fastbot][2026-04-11 12:55:36.985] :Sending Touch (ACTION_UP): 0:(0.0,1071.5)
[Fastbot][2026-04-11 12:55:36.987] Sleeping for 239 milliseconds
[Fastbot][2026-04-11 12:55:37.230] [ProxyServer] Finish monkey step. Dumping hierarchy
[Fastbot][2026-04-11 12:55:37.230] --> POST http://127.0.0.1:9008/jsonrpc/0
[Fastbot][2026-04-11 12:55:37.230] Content-Type: application/json; charset=utf-8
[Fastbot][2026-04-11 12:55:37.231] Content-Length: 75
[Fastbot][2026-04-11 12:55:37.231] 
[Fastbot][2026-04-11 12:55:37.231] {"id":1,"jsonrpc":"2.0","method":"dumpWindowHierarchy","params":[false,50]}
[Fastbot][2026-04-11 12:55:37.231] --> END POST (75-byte body)
[Fastbot][2026-04-11 12:55:37.248] <-- 200 OK  http://127.0.0.1:9008/jsonrpc/0 (16ms)
[Fastbot][2026-04-11 12:55:37.248] Content-Type: application/json
[Fastbot][2026-04-11 12:55:37.248] Date: Sat, 11 Apr 2026 12:55:37 GMT
[Fastbot][2026-04-11 12:55:37.248] Connection: keep-alive
[Fastbot][2026-04-11 12:55:37.248] Transfer-Encoding: chunked
[Fastbot][2026-04-11 12:55:37.249] 
[Fastbot][2026-04-11 12:55:37.249] {"jsonrpc":"2.0","id":1,"result":"<?xml version='1.0' encoding='UTF-8' standalone='yes' ?>\r\n<hierarchy rotation=\"0\">\r\n  <node index=\"0\" text=\"\" resource-id=\"com.android.systemui:id/navigation_bar_frame\" class=\"android.widget.FrameLayout\" package=\"com.android.systemui\" content-desc=\"...[truncated]
[Fastbot][2026-04-11 12:55:37.249] <-- END HTTP (27387-byte body)
[Fastbot][2026-04-11 12:55:37.293] [ProxyServer] stepsCount: 13
[Fastbot][2026-04-11 12:55:37.293] [ProxyServer] receive request: stepMonkey
[Fastbot][2026-04-11 12:55:37.294] [MonkeySourceApeU2] stepsCount: 13
[Fastbot][2026-04-11 12:55:37.294] [MonkeySourceApeU2] Latest event is MonkeyEvent. Use the cached hierarchy.
[Fastbot][2026-04-11 12:55:37.294] [MonkeySourceApeU2] Successfully Got hierarchy
[Fastbot][2026-04-11 12:55:37.296] // Event id: 134
[Fastbot][2026-04-11 12:55:37.296] topActivity Name: ComponentInfo{it.feio.android.omninotes.alpha/it.feio.android.omninotes.MainActivity}
[Fastbot][2026-04-11 12:55:37.296] // Dumped stringOfGuiTree
[Fastbot][2026-04-11 12:55:37.296] topActivityName: it.feio.android.omninotes.MainActivity
[Fastbot][2026-04-11 12:55:37.298] action type: SCROLL_LEFT_RIGHT
[Fastbot][2026-04-11 12:55:37.298] rpc cost time: 2
[Fastbot][2026-04-11 12:55:37.303] :Sending rotation degree=0, persist=false
[Fastbot][2026-04-11 12:55:37.311] :Sending Touch (ACTION_DOWN): 0:(496.0,1071.5)
[Fastbot][2026-04-11 12:55:37.312] :Sending Touch (ACTION_MOVE): 0:(496.0,1071.5)
[Fastbot][2026-04-11 12:55:37.314] Wait Event for 20 milliseconds
[Fastbot][2026-04-11 12:55:37.336] :Sending Touch (ACTION_MOVE): 0:(554.3,1071.5)
[Fastbot][2026-04-11 12:55:37.338] Wait Event for 20 milliseconds
[Fastbot][2026-04-11 12:55:37.359] :Sending Touch (ACTION_MOVE): 0:(612.6,1071.5)
[Fastbot][2026-04-11 12:55:37.360] Wait Event for 20 milliseconds
[Fastbot][2026-04-11 12:55:37.383] :Sending Touch (ACTION_MOVE): 0:(670.9,1071.5)
[Fastbot][2026-04-11 12:55:37.384] Wait Event for 20 milliseconds
[Fastbot][2026-04-11 12:55:37.406] :Sending Touch (ACTION_MOVE): 0:(729.2,1071.5)
[Fastbot][2026-04-11 12:55:37.407] Wait Event for 20 milliseconds
[Fastbot][2026-04-11 12:55:37.428] :Sending Touch (ACTION_MOVE): 0:(787.5,1071.5)
[Fastbot][2026-04-11 12:55:37.430] Wait Event for 20 milliseconds
[Fastbot][2026-04-11 12:55:37.453] :Sending Touch (ACTION_MOVE): 0:(845.80005,1071.5)
[Fastbot][2026-04-11 12:55:37.454] Wait Event for 20 milliseconds
[Fastbot][2026-04-11 12:55:37.477] :Sending Touch (ACTION_MOVE): 0:(904.1,1071.5)
[Fastbot][2026-04-11 12:55:37.479] Wait Event for 20 milliseconds
[Fastbot][2026-04-11 12:55:37.502] :Sending Touch (ACTION_MOVE): 0:(962.4,1071.5)
[Fastbot][2026-04-11 12:55:37.504] Wait Event for 20 milliseconds
[Fastbot][2026-04-11 12:55:37.527] :Sending Touch (ACTION_MOVE): 0:(1020.7,1071.5)
[Fastbot][2026-04-11 12:55:37.529] Wait Event for 20 milliseconds
[Fastbot][2026-04-11 12:55:37.552] :Sending Touch (ACTION_UP): 0:(1079.0,1071.5)
[Fastbot][2026-04-11 12:55:37.554] Sleeping for 290 milliseconds
[Fastbot][2026-04-11 12:55:37.846] [ProxyServer] Finish monkey step. Dumping hierarchy
[Fastbot][2026-04-11 12:55:37.846] --> POST http://127.0.0.1:9008/jsonrpc/0
[Fastbot][2026-04-11 12:55:37.846] Content-Type: application/json; charset=utf-8
[Fastbot][2026-04-11 12:55:37.846] Content-Length: 75
[Fastbot][2026-04-11 12:55:37.846] 
[Fastbot][2026-04-11 12:55:37.846] {"id":1,"jsonrpc":"2.0","method":"dumpWindowHierarchy","params":[false,50]}
[Fastbot][2026-04-11 12:55:37.846] --> END POST (75-byte body)
[Fastbot][2026-04-11 12:55:37.868] <-- 200 OK  http://127.0.0.1:9008/jsonrpc/0 (20ms)
[Fastbot][2026-04-11 12:55:37.868] Content-Type: application/json
[Fastbot][2026-04-11 12:55:37.868] Date: Sat, 11 Apr 2026 12:55:37 GMT
[Fastbot][2026-04-11 12:55:37.868] Connection: keep-alive
[Fastbot][2026-04-11 12:55:37.868] Transfer-Encoding: chunked
[Fastbot][2026-04-11 12:55:37.869] 
[Fastbot][2026-04-11 12:55:37.869] {"jsonrpc":"2.0","id":1,"result":"<?xml version='1.0' encoding='UTF-8' standalone='yes' ?>\r\n<hierarchy rotation=\"0\">\r\n  <node index=\"0\" text=\"\" resource-id=\"com.android.systemui:id/navigation_bar_frame\" class=\"android.widget.FrameLayout\" package=\"com.android.systemui\" content-desc=\"...[truncated]
[Fastbot][2026-04-11 12:55:37.869] <-- END HTTP (27386-byte body)
[Fastbot][2026-04-11 12:55:37.888] [ProxyServer] stepsCount: 14
[Fastbot][2026-04-11 12:55:37.888] [ProxyServer] receive request: stepMonkey
[Fastbot][2026-04-11 12:55:37.888] [MonkeySourceApeU2] stepsCount: 14
[Fastbot][2026-04-11 12:55:37.889] [MonkeySourceApeU2] Latest event is MonkeyEvent. Use the cached hierarchy.
[Fastbot][2026-04-11 12:55:37.889] [MonkeySourceApeU2] Successfully Got hierarchy
[Fastbot][2026-04-11 12:55:37.890] // Event id: 158
[Fastbot][2026-04-11 12:55:37.890] topActivity Name: ComponentInfo{it.feio.android.omninotes.alpha/it.feio.android.omninotes.MainActivity}
[Fastbot][2026-04-11 12:55:37.891] // Dumped stringOfGuiTree
[Fastbot][2026-04-11 12:55:37.891] topActivityName: it.feio.android.omninotes.MainActivity
[Fastbot][2026-04-11 12:55:37.892] action type: CLICK
[Fastbot][2026-04-11 12:55:37.892] rpc cost time: 1
[Fastbot]*** WARNING *** checkVirtualKeyboard: Input only once.
[Fastbot][2026-04-11 12:55:37.893] :Sending rotation degree=0, persist=false
[Fastbot][2026-04-11 12:55:37.904] :Sending Touch (ACTION_DOWN): 0:(699.0,1168.0)
[Fastbot][2026-04-11 12:55:37.905] :Sending Touch (ACTION_UP): 0:(699.0,1168.0)
[Fastbot][2026-04-11 12:55:37.907] Sleeping for 290 milliseconds
[Fastbot][2026-04-11 12:55:38.199] [ProxyServer] Finish monkey step. Dumping hierarchy
[Fastbot][2026-04-11 12:55:38.199] --> POST http://127.0.0.1:9008/jsonrpc/0
[Fastbot][2026-04-11 12:55:38.200] Content-Type: application/json; charset=utf-8
[Fastbot][2026-04-11 12:55:38.200] Content-Length: 75
[Fastbot][2026-04-11 12:55:38.200] 
[Fastbot][2026-04-11 12:55:38.200] {"id":1,"jsonrpc":"2.0","method":"dumpWindowHierarchy","params":[false,50]}
[Fastbot][2026-04-11 12:55:38.200] --> END POST (75-byte body)
[Fastbot][2026-04-11 12:55:38.222] <-- 200 OK  http://127.0.0.1:9008/jsonrpc/0 (22ms)
[Fastbot][2026-04-11 12:55:38.222] Content-Type: application/json
[Fastbot][2026-04-11 12:55:38.222] Date: Sat, 11 Apr 2026 12:55:38 GMT
[Fastbot][2026-04-11 12:55:38.222] Connection: keep-alive
[Fastbot][2026-04-11 12:55:38.223] Transfer-Encoding: chunked
[Fastbot][2026-04-11 12:55:38.223] 
[Fastbot][2026-04-11 12:55:38.223] {"jsonrpc":"2.0","id":1,"result":"<?xml version='1.0' encoding='UTF-8' standalone='yes' ?>\r\n<hierarchy rotation=\"0\">\r\n  <node index=\"0\" text=\"\" resource-id=\"com.android.systemui:id/navigation_bar_frame\" class=\"android.widget.FrameLayout\" package=\"com.android.systemui\" content-desc=\"...[truncated]
[Fastbot][2026-04-11 12:55:38.223] <-- END HTTP (27387-byte body)
[Fastbot][2026-04-11 12:55:38.254] [ProxyServer] stepsCount: 15
[Fastbot][2026-04-11 12:55:38.254] [ProxyServer] receive request: stepMonkey
[Fastbot][2026-04-11 12:55:38.255] [MonkeySourceApeU2] stepsCount: 15
[Fastbot][2026-04-11 12:55:38.255] [MonkeySourceApeU2] Latest event is MonkeyEvent. Use the cached hierarchy.
[Fastbot][2026-04-11 12:55:38.255] [MonkeySourceApeU2] Successfully Got hierarchy
[Fastbot][2026-04-11 12:55:38.256] // Event id: 162
[Fastbot][2026-04-11 12:55:38.256] topActivity Name: ComponentInfo{it.feio.android.omninotes.alpha/it.feio.android.omninotes.MainActivity}
[Fastbot][2026-04-11 12:55:38.257] // Dumped stringOfGuiTree
[Fastbot][2026-04-11 12:55:38.257] topActivityName: it.feio.android.omninotes.MainActivity
[Fastbot][2026-04-11 12:55:38.258] action type: CLICK
[Fastbot][2026-04-11 12:55:38.258] rpc cost time: 1
[Fastbot]*** WARNING *** checkVirtualKeyboard: Input only once.
[Fastbot][2026-04-11 12:55:38.259] :Sending rotation degree=0, persist=false
[Fastbot][2026-04-11 12:55:38.267] :Sending Touch (ACTION_DOWN): 0:(902.0,1240.0)
[Fastbot][2026-04-11 12:55:38.269] :Sending Touch (ACTION_UP): 0:(902.0,1240.0)
[Fastbot][2026-04-11 12:55:38.271] Sleeping for 243 milliseconds
[Fastbot][2026-04-11 12:55:38.517] [ProxyServer] Finish monkey step. Dumping hierarchy
[Fastbot][2026-04-11 12:55:38.518] --> POST http://127.0.0.1:9008/jsonrpc/0
[Fastbot][2026-04-11 12:55:38.518] Content-Type: application/json; charset=utf-8
[Fastbot][2026-04-11 12:55:38.518] Content-Length: 75
[Fastbot][2026-04-11 12:55:38.518] 
[Fastbot][2026-04-11 12:55:38.518] {"id":1,"jsonrpc":"2.0","method":"dumpWindowHierarchy","params":[false,50]}
[Fastbot][2026-04-11 12:55:38.518] --> END POST (75-byte body)
[Fastbot][2026-04-11 12:55:38.537] <-- 200 OK  http://127.0.0.1:9008/jsonrpc/0 (18ms)
[Fastbot][2026-04-11 12:55:38.537] Content-Type: application/json
[Fastbot][2026-04-11 12:55:38.537] Date: Sat, 11 Apr 2026 12:55:38 GMT
[Fastbot][2026-04-11 12:55:38.537] Connection: keep-alive
[Fastbot][2026-04-11 12:55:38.537] Transfer-Encoding: chunked
[Fastbot][2026-04-11 12:55:38.538] 
[Fastbot][2026-04-11 12:55:38.538] {"jsonrpc":"2.0","id":1,"result":"<?xml version='1.0' encoding='UTF-8' standalone='yes' ?>\r\n<hierarchy rotation=\"0\">\r\n  <node index=\"0\" text=\"\" resource-id=\"com.android.systemui:id/navigation_bar_frame\" class=\"android.widget.FrameLayout\" package=\"com.android.systemui\" content-desc=\"...[truncated]
[Fastbot][2026-04-11 12:55:38.538] <-- END HTTP (40843-byte body)
[Fastbot][2026-04-11 12:55:38.584] [ProxyServer] stepsCount: 16
[Fastbot][2026-04-11 12:55:38.585] [ProxyServer] receive request: stepMonkey
[Fastbot][2026-04-11 12:55:38.587] [MonkeySourceApeU2] stepsCount: 16
[Fastbot][2026-04-11 12:55:38.587] [MonkeySourceApeU2] Latest event is MonkeyEvent. Use the cached hierarchy.
[Fastbot][2026-04-11 12:55:38.588] [MonkeySourceApeU2] Successfully Got hierarchy
[Fastbot][2026-04-11 12:55:38.590] // Event id: 166
[Fastbot][2026-04-11 12:55:38.590] topActivity Name: ComponentInfo{it.feio.android.omninotes.alpha/it.feio.android.omninotes.MainActivity}
[Fastbot][2026-04-11 12:55:38.590] // Dumped stringOfGuiTree
[Fastbot][2026-04-11 12:55:38.590] topActivityName: it.feio.android.omninotes.MainActivity
[Fastbot][2026-04-11 12:55:38.591] action type: CLICK
[Fastbot][2026-04-11 12:55:38.592] rpc cost time: 2
[Fastbot][2026-04-11 12:55:38.592] Input text is Created: moments ago
[Fastbot][2026-04-11 12:55:38.592] MonkeyIMEEvent added Created: moments ago
[Fastbot][2026-04-11 12:55:38.593] :Sending rotation degree=0, persist=false
[Fastbot][2026-04-11 12:55:38.600] :Sending Touch (ACTION_DOWN): 0:(110.0,275.0)
[Fastbot][2026-04-11 12:55:38.601] :Sending Touch (ACTION_UP): 0:(110.0,275.0)
[Fastbot][2026-04-11 12:55:38.611]   mshowrequested=true mshowexplicitlyrequested=true mshowforced=false minputshown=false
[Fastbot][2026-04-11 12:55:38.612] mInputShown not found, getInputMethodWindowVisibleHeight is used.
[Fastbot]*** WARNING *** java.lang.NullPointerException: Attempt to read from field 'com.android.server.wm.DisplayFrames com.android.server.wm.DisplayContent.mDisplayFrames' on a null object reference
[Fastbot][2026-04-11 12:55:38.615]     // Injection Failed com.android.commands.monkey.events.base.MonkeyIMEEvent@4d06417
[Fastbot][2026-04-11 12:55:38.617] Sleeping for 243 milliseconds
[Fastbot][2026-04-11 12:55:38.862] [ProxyServer] Finish monkey step. Dumping hierarchy
[Fastbot][2026-04-11 12:55:38.862] --> POST http://127.0.0.1:9008/jsonrpc/0
[Fastbot][2026-04-11 12:55:38.862] Content-Type: application/json; charset=utf-8
[Fastbot][2026-04-11 12:55:38.862] Content-Length: 75
[Fastbot][2026-04-11 12:55:38.862] 
[Fastbot][2026-04-11 12:55:38.862] {"id":1,"jsonrpc":"2.0","method":"dumpWindowHierarchy","params":[false,50]}
[Fastbot][2026-04-11 12:55:38.862] --> END POST (75-byte body)
[Fastbot][2026-04-11 12:55:38.890] <-- 200 OK  http://127.0.0.1:9008/jsonrpc/0 (27ms)
[Fastbot][2026-04-11 12:55:38.890] Content-Type: application/json
[Fastbot][2026-04-11 12:55:38.890] Date: Sat, 11 Apr 2026 12:55:38 GMT
[Fastbot][2026-04-11 12:55:38.890] Connection: keep-alive
[Fastbot][2026-04-11 12:55:38.890] Transfer-Encoding: chunked
[Fastbot][2026-04-11 12:55:38.891] 
[Fastbot][2026-04-11 12:55:38.891] {"jsonrpc":"2.0","id":1,"result":"<?xml version='1.0' encoding='UTF-8' standalone='yes' ?>\r\n<hierarchy rotation=\"0\">\r\n  <node index=\"0\" text=\"\" resource-id=\"com.android.systemui:id/navigation_bar_frame\" class=\"android.widget.FrameLayout\" package=\"com.android.systemui\" content-desc=\"...[truncated]
[Fastbot][2026-04-11 12:55:38.891] <-- END HTTP (41739-byte body)
[Fastbot][2026-04-11 12:55:38.946] [ProxyServer] stepsCount: 17
[Fastbot][2026-04-11 12:55:38.946] [ProxyServer] receive request: stepMonkey
[Fastbot][2026-04-11 12:55:38.947] [MonkeySourceApeU2] stepsCount: 17
[Fastbot][2026-04-11 12:55:38.947] [MonkeySourceApeU2] Latest event is MonkeyEvent. Use the cached hierarchy.
[Fastbot][2026-04-11 12:55:38.947] [MonkeySourceApeU2] Successfully Got hierarchy
[Fastbot][2026-04-11 12:55:38.949] // Event id: 171
[Fastbot][2026-04-11 12:55:38.949] topActivity Name: ComponentInfo{it.feio.android.omninotes.alpha/it.feio.android.omninotes.MainActivity}
[Fastbot][2026-04-11 12:55:38.949] // Dumped stringOfGuiTree
[Fastbot][2026-04-11 12:55:38.949] topActivityName: it.feio.android.omninotes.MainActivity
[Fastbot][2026-04-11 12:55:38.950] action type: SCROLL_TOP_DOWN
[Fastbot][2026-04-11 12:55:38.950] rpc cost time: 1
[Fastbot][2026-04-11 12:55:38.951] :Sending rotation degree=0, persist=false
[Fastbot][2026-04-11 12:55:38.956] :Sending Touch (ACTION_DOWN): 0:(110.0,392.0)
[Fastbot][2026-04-11 12:55:38.957] :Sending Touch (ACTION_MOVE): 0:(110.0,392.0)
[Fastbot][2026-04-11 12:55:38.959] Wait Event for 20 milliseconds
[Fastbot][2026-04-11 12:55:38.983] :Sending Touch (ACTION_MOVE): 0:(110.0,567.5)
[Fastbot][2026-04-11 12:55:38.983] Wait Event for 20 milliseconds
[Fastbot][2026-04-11 12:55:39.006] :Sending Touch (ACTION_MOVE): 0:(110.0,743.0)
[Fastbot][2026-04-11 12:55:39.007] Wait Event for 20 milliseconds
[Fastbot][2026-04-11 12:55:39.030] :Sending Touch (ACTION_MOVE): 0:(110.0,918.5)
[Fastbot][2026-04-11 12:55:39.034] Wait Event for 20 milliseconds
[Fastbot][2026-04-11 12:55:39.056] :Sending Touch (ACTION_MOVE): 0:(110.0,1094.0)
[Fastbot][2026-04-11 12:55:39.059] Wait Event for 20 milliseconds
[Fastbot][2026-04-11 12:55:39.083] :Sending Touch (ACTION_MOVE): 0:(110.0,1269.5)
[Fastbot][2026-04-11 12:55:39.085] Wait Event for 20 milliseconds
[Fastbot][2026-04-11 12:55:39.106] :Sending Touch (ACTION_MOVE): 0:(110.0,1445.0)
[Fastbot][2026-04-11 12:55:39.108] Wait Event for 20 milliseconds
[Fastbot][2026-04-11 12:55:39.134] :Sending Touch (ACTION_MOVE): 0:(110.0,1620.5)
[Fastbot][2026-04-11 12:55:39.135] Wait Event for 20 milliseconds
[Fastbot][2026-04-11 12:55:39.158] :Sending Touch (ACTION_MOVE): 0:(110.0,1796.0)
[Fastbot][2026-04-11 12:55:39.160] Wait Event for 20 milliseconds
[Fastbot][2026-04-11 12:55:39.184] :Sending Touch (ACTION_MOVE): 0:(110.0,1971.5)
[Fastbot][2026-04-11 12:55:39.186] Wait Event for 20 milliseconds
[Fastbot][2026-04-11 12:55:39.209] :Sending Touch (ACTION_UP): 0:(110.0,2147.0)
[Fastbot][2026-04-11 12:55:39.211] Sleeping for 243 milliseconds
[Fastbot][2026-04-11 12:55:39.456] [ProxyServer] Finish monkey step. Dumping hierarchy
[Fastbot][2026-04-11 12:55:39.457] --> POST http://127.0.0.1:9008/jsonrpc/0
[Fastbot][2026-04-11 12:55:39.457] Content-Type: application/json; charset=utf-8
[Fastbot][2026-04-11 12:55:39.457] Content-Length: 75
[Fastbot][2026-04-11 12:55:39.457] 
[Fastbot][2026-04-11 12:55:39.457] {"id":1,"jsonrpc":"2.0","method":"dumpWindowHierarchy","params":[false,50]}
[Fastbot][2026-04-11 12:55:39.457] --> END POST (75-byte body)
[Fastbot][2026-04-11 12:55:39.481] <-- 200 OK  http://127.0.0.1:9008/jsonrpc/0 (23ms)
[Fastbot][2026-04-11 12:55:39.481] Content-Type: application/json
[Fastbot][2026-04-11 12:55:39.481] Date: Sat, 11 Apr 2026 12:55:39 GMT
[Fastbot][2026-04-11 12:55:39.481] Connection: keep-alive
[Fastbot][2026-04-11 12:55:39.482] Transfer-Encoding: chunked
[Fastbot][2026-04-11 12:55:39.482] 
[Fastbot][2026-04-11 12:55:39.487] {"jsonrpc":"2.0","id":1,"result":"<?xml version='1.0' encoding='UTF-8' standalone='yes' ?>\r\n<hierarchy rotation=\"0\">\r\n  <node index=\"0\" text=\"\" resource-id=\"com.android.systemui:id/navigation_bar_frame\" class=\"android.widget.FrameLayout\" package=\"com.android.systemui\" content-desc=\"...[truncated]
[Fastbot][2026-04-11 12:55:39.487] <-- END HTTP (41739-byte body)
[Fastbot][2026-04-11 12:55:39.506] [ProxyServer] stepsCount: 18
[Fastbot][2026-04-11 12:55:39.506] [ProxyServer] receive request: stepMonkey
[Fastbot][2026-04-11 12:55:39.507] [MonkeySourceApeU2] stepsCount: 18
[Fastbot][2026-04-11 12:55:39.507] [MonkeySourceApeU2] Latest event is MonkeyEvent. Use the cached hierarchy.
[Fastbot][2026-04-11 12:55:39.507] [MonkeySourceApeU2] Successfully Got hierarchy
[Fastbot][2026-04-11 12:55:39.509] // Event id: 195
[Fastbot][2026-04-11 12:55:39.509] topActivity Name: ComponentInfo{it.feio.android.omninotes.alpha/it.feio.android.omninotes.MainActivity}
[Fastbot][2026-04-11 12:55:39.509] // Dumped stringOfGuiTree
[Fastbot][2026-04-11 12:55:39.509] topActivityName: it.feio.android.omninotes.MainActivity
[Fastbot][2026-04-11 12:55:39.510] action type: SCROLL_RIGHT_LEFT
[Fastbot][2026-04-11 12:55:39.510] rpc cost time: 1
[Fastbot][2026-04-11 12:55:39.512] :Sending rotation degree=0, persist=false
[Fastbot][2026-04-11 12:55:39.516] :Sending Touch (ACTION_DOWN): 0:(110.0,392.0)
[Fastbot][2026-04-11 12:55:39.518] :Sending Touch (ACTION_MOVE): 0:(110.0,392.0)
[Fastbot][2026-04-11 12:55:39.519] Wait Event for 20 milliseconds
[Fastbot][2026-04-11 12:55:39.544] :Sending Touch (ACTION_MOVE): 0:(99.0,392.0)
[Fastbot][2026-04-11 12:55:39.545] Wait Event for 20 milliseconds
[Fastbot][2026-04-11 12:55:39.568] :Sending Touch (ACTION_MOVE): 0:(88.0,392.0)
[Fastbot][2026-04-11 12:55:39.569] Wait Event for 20 milliseconds
[Fastbot][2026-04-11 12:55:39.592] :Sending Touch (ACTION_MOVE): 0:(77.0,392.0)
[Fastbot][2026-04-11 12:55:39.593] Wait Event for 20 milliseconds
[Fastbot][2026-04-11 12:55:39.617] :Sending Touch (ACTION_MOVE): 0:(66.0,392.0)
[Fastbot][2026-04-11 12:55:39.620] Wait Event for 20 milliseconds
[Fastbot][2026-04-11 12:55:39.643] :Sending Touch (ACTION_MOVE): 0:(55.0,392.0)
[Fastbot][2026-04-11 12:55:39.644] Wait Event for 20 milliseconds
[Fastbot][2026-04-11 12:55:39.667] :Sending Touch (ACTION_MOVE): 0:(44.0,392.0)
[Fastbot][2026-04-11 12:55:39.668] Wait Event for 20 milliseconds
[Fastbot][2026-04-11 12:55:39.691] :Sending Touch (ACTION_MOVE): 0:(33.0,392.0)
[Fastbot][2026-04-11 12:55:39.692] Wait Event for 20 milliseconds
[Fastbot][2026-04-11 12:55:39.713] :Sending Touch (ACTION_MOVE): 0:(22.0,392.0)
[Fastbot][2026-04-11 12:55:39.715] Wait Event for 20 milliseconds
[Fastbot][2026-04-11 12:55:39.737] :Sending Touch (ACTION_MOVE): 0:(11.0,392.0)
[Fastbot][2026-04-11 12:55:39.740] Wait Event for 20 milliseconds
[Fastbot][2026-04-11 12:55:39.763] :Sending Touch (ACTION_UP): 0:(0.0,392.0)
[Fastbot][2026-04-11 12:55:39.766] Sleeping for 277 milliseconds
[Fastbot][2026-04-11 12:55:40.046] [ProxyServer] Finish monkey step. Dumping hierarchy
[Fastbot][2026-04-11 12:55:40.047] --> POST http://127.0.0.1:9008/jsonrpc/0
[Fastbot][2026-04-11 12:55:40.047] Content-Type: application/json; charset=utf-8
[Fastbot][2026-04-11 12:55:40.047] Content-Length: 75
[Fastbot][2026-04-11 12:55:40.047] 
[Fastbot][2026-04-11 12:55:40.047] {"id":1,"jsonrpc":"2.0","method":"dumpWindowHierarchy","params":[false,50]}
[Fastbot][2026-04-11 12:55:40.047] --> END POST (75-byte body)
[Fastbot][2026-04-11 12:55:40.064] <-- 200 OK  http://127.0.0.1:9008/jsonrpc/0 (16ms)
[Fastbot][2026-04-11 12:55:40.065] Content-Type: application/json
[Fastbot][2026-04-11 12:55:40.065] Date: Sat, 11 Apr 2026 12:55:40 GMT
[Fastbot][2026-04-11 12:55:40.065] Connection: keep-alive
[Fastbot][2026-04-11 12:55:40.065] Transfer-Encoding: chunked
[Fastbot][2026-04-11 12:55:40.067] 
[Fastbot][2026-04-11 12:55:40.068] {"jsonrpc":"2.0","id":1,"result":"<?xml version='1.0' encoding='UTF-8' standalone='yes' ?>\r\n<hierarchy rotation=\"0\">\r\n  <node index=\"0\" text=\"\" resource-id=\"com.android.systemui:id/navigation_bar_frame\" class=\"android.widget.FrameLayout\" package=\"com.android.systemui\" content-desc=\"...[truncated]
[Fastbot][2026-04-11 12:55:40.068] <-- END HTTP (41739-byte body)
[Fastbot][2026-04-11 12:55:40.086] [ProxyServer] stepsCount: 19
[Fastbot][2026-04-11 12:55:40.086] [ProxyServer] receive request: stepMonkey
[Fastbot][2026-04-11 12:55:40.086] [MonkeySourceApeU2] stepsCount: 19
[Fastbot][2026-04-11 12:55:40.086] [MonkeySourceApeU2] Latest event is MonkeyEvent. Use the cached hierarchy.
[Fastbot][2026-04-11 12:55:40.086] [MonkeySourceApeU2] Successfully Got hierarchy
[Fastbot][2026-04-11 12:55:40.088] // Event id: 219
[Fastbot][2026-04-11 12:55:40.088] topActivity Name: ComponentInfo{it.feio.android.omninotes.alpha/it.feio.android.omninotes.MainActivity}
[Fastbot][2026-04-11 12:55:40.088] // Dumped stringOfGuiTree
[Fastbot][2026-04-11 12:55:40.088] topActivityName: it.feio.android.omninotes.MainActivity
[Fastbot][2026-04-11 12:55:40.089] action type: SCROLL_LEFT_RIGHT
[Fastbot][2026-04-11 12:55:40.089] rpc cost time: 1
[Fastbot][2026-04-11 12:55:40.091] :Sending rotation degree=0, persist=false
[Fastbot][2026-04-11 12:55:40.096]     //[calendar_time:2026-04-11 12:55:40.095  system_uptime:24034417]
[Fastbot][2026-04-11 12:55:40.096]     // Sending event #200
[Fastbot][2026-04-11 12:55:40.100]     //[calendar_time:2026-04-11 12:55:40.100  system_uptime:24034421]
[Fastbot][2026-04-11 12:55:40.100]     // Sending event #200
[Fastbot][2026-04-11 12:55:40.101] :Sending Touch (ACTION_DOWN): 0:(84.5,392.0)
[Fastbot][2026-04-11 12:55:40.102] :Sending Touch (ACTION_MOVE): 0:(84.5,392.0)
[Fastbot][2026-04-11 12:55:40.103] Wait Event for 20 milliseconds
[Fastbot][2026-04-11 12:55:40.125] :Sending Touch (ACTION_MOVE): 0:(183.95001,392.0)
[Fastbot][2026-04-11 12:55:40.130] Wait Event for 20 milliseconds
[Fastbot][2026-04-11 12:55:40.152] :Sending Touch (ACTION_MOVE): 0:(283.40002,392.0)
[Fastbot][2026-04-11 12:55:40.154] Wait Event for 20 milliseconds
[Fastbot][2026-04-11 12:55:40.178] :Sending Touch (ACTION_MOVE): 0:(382.85,392.0)
[Fastbot][2026-04-11 12:55:40.179] Wait Event for 20 milliseconds
[Fastbot][2026-04-11 12:55:40.203] :Sending Touch (ACTION_MOVE): 0:(482.30002,392.0)
[Fastbot][2026-04-11 12:55:40.203] Wait Event for 20 milliseconds
[Fastbot][2026-04-11 12:55:40.226] :Sending Touch (ACTION_MOVE): 0:(581.75,392.0)
[Fastbot][2026-04-11 12:55:40.228] Wait Event for 20 milliseconds
[Fastbot][2026-04-11 12:55:40.252] :Sending Touch (ACTION_MOVE): 0:(681.2,392.0)
[Fastbot][2026-04-11 12:55:40.254] Wait Event for 20 milliseconds
[Fastbot][2026-04-11 12:55:40.276] :Sending Touch (ACTION_MOVE): 0:(780.64996,392.0)
[Fastbot][2026-04-11 12:55:40.277] Wait Event for 20 milliseconds
[Fastbot][2026-04-11 12:55:40.300] :Sending Touch (ACTION_MOVE): 0:(880.10004,392.0)
[Fastbot][2026-04-11 12:55:40.301] Wait Event for 20 milliseconds
[Fastbot][2026-04-11 12:55:40.324] :Sending Touch (ACTION_MOVE): 0:(979.55,392.0)
[Fastbot][2026-04-11 12:55:40.325] Wait Event for 20 milliseconds
[Fastbot][2026-04-11 12:55:40.348] :Sending Touch (ACTION_UP): 0:(1079.0,392.0)
[Fastbot][2026-04-11 12:55:40.350] Sleeping for 241 milliseconds
[Fastbot][2026-04-11 12:55:40.593] [ProxyServer] Finish monkey step. Dumping hierarchy
[Fastbot][2026-04-11 12:55:40.594] --> POST http://127.0.0.1:9008/jsonrpc/0
[Fastbot][2026-04-11 12:55:40.594] Content-Type: application/json; charset=utf-8
[Fastbot][2026-04-11 12:55:40.594] Content-Length: 75
[Fastbot][2026-04-11 12:55:40.594] 
[Fastbot][2026-04-11 12:55:40.594] {"id":1,"jsonrpc":"2.0","method":"dumpWindowHierarchy","params":[false,50]}
[Fastbot][2026-04-11 12:55:40.594] --> END POST (75-byte body)
[Fastbot][2026-04-11 12:55:40.612] <-- 200 OK  http://127.0.0.1:9008/jsonrpc/0 (17ms)
[Fastbot][2026-04-11 12:55:40.612] Content-Type: application/json
[Fastbot][2026-04-11 12:55:40.612] Date: Sat, 11 Apr 2026 12:55:40 GMT
[Fastbot][2026-04-11 12:55:40.612] Connection: keep-alive
[Fastbot][2026-04-11 12:55:40.612] Transfer-Encoding: chunked
[Fastbot][2026-04-11 12:55:40.613] 
[Fastbot][2026-04-11 12:55:40.614] {"jsonrpc":"2.0","id":1,"result":"<?xml version='1.0' encoding='UTF-8' standalone='yes' ?>\r\n<hierarchy rotation=\"0\">\r\n  <node index=\"0\" text=\"\" resource-id=\"com.android.systemui:id/navigation_bar_frame\" class=\"android.widget.FrameLayout\" package=\"com.android.systemui\" content-desc=\"...[truncated]
[Fastbot][2026-04-11 12:55:40.614] <-- END HTTP (41277-byte body)
[Fastbot][2026-04-11 12:55:40.651] [ProxyServer] stepsCount: 20
[Fastbot][2026-04-11 12:55:40.651] [ProxyServer] receive request: stepMonkey
[Fastbot][2026-04-11 12:55:40.651] [MonkeySourceApeU2] stepsCount: 20
[Fastbot][2026-04-11 12:55:40.651] [MonkeySourceApeU2] Latest event is MonkeyEvent. Use the cached hierarchy.
[Fastbot][2026-04-11 12:55:40.652] [MonkeySourceApeU2] Successfully Got hierarchy
[Fastbot][2026-04-11 12:55:40.653] // Event id: 243
[Fastbot][2026-04-11 12:55:40.654] topActivity Name: ComponentInfo{it.feio.android.omninotes.alpha/it.feio.android.omninotes.MainActivity}
[Fastbot][2026-04-11 12:55:40.654] // Dumped stringOfGuiTree
[Fastbot][2026-04-11 12:55:40.654] topActivityName: it.feio.android.omninotes.MainActivity
[Fastbot][2026-04-11 12:55:40.655] action type: SCROLL_BOTTOM_UP
[Fastbot][2026-04-11 12:55:40.655] rpc cost time: 1
[Fastbot][2026-04-11 12:55:40.656] :Sending rotation degree=0, persist=false
[Fastbot][2026-04-11 12:55:40.661] :Sending Touch (ACTION_DOWN): 0:(315.0,392.0)
[Fastbot][2026-04-11 12:55:40.664] :Sending Touch (ACTION_MOVE): 0:(315.0,392.0)
[Fastbot][2026-04-11 12:55:40.674] Wait Event for 20 milliseconds
[Fastbot][2026-04-11 12:55:40.697] :Sending Touch (ACTION_MOVE): 0:(315.0,363.8)
[Fastbot][2026-04-11 12:55:40.698] Wait Event for 20 milliseconds
[Fastbot][2026-04-11 12:55:40.720] :Sending Touch (ACTION_MOVE): 0:(315.0,335.6)
[Fastbot][2026-04-11 12:55:40.721] Wait Event for 20 milliseconds
[Fastbot][2026-04-11 12:55:40.743] :Sending Touch (ACTION_MOVE): 0:(315.0,307.4)
[Fastbot][2026-04-11 12:55:40.745] Wait Event for 20 milliseconds
[Fastbot][2026-04-11 12:55:40.767] :Sending Touch (ACTION_MOVE): 0:(315.0,279.2)
[Fastbot][2026-04-11 12:55:40.768] Wait Event for 20 milliseconds
[Fastbot][2026-04-11 12:55:40.790] :Sending Touch (ACTION_MOVE): 0:(315.0,251.0)
[Fastbot][2026-04-11 12:55:40.791] Wait Event for 20 milliseconds
[Fastbot][2026-04-11 12:55:40.814] :Sending Touch (ACTION_MOVE): 0:(315.0,222.79999)
[Fastbot][2026-04-11 12:55:40.815] Wait Event for 20 milliseconds
[Fastbot][2026-04-11 12:55:40.837] :Sending Touch (ACTION_MOVE): 0:(315.0,194.6)
[Fastbot][2026-04-11 12:55:40.838] Wait Event for 20 milliseconds
[Fastbot][2026-04-11 12:55:40.860] :Sending Touch (ACTION_MOVE): 0:(315.0,166.4)
[Fastbot][2026-04-11 12:55:40.861] Wait Event for 20 milliseconds
[Fastbot][2026-04-11 12:55:40.884] :Sending Touch (ACTION_MOVE): 0:(315.0,138.20001)
[Fastbot][2026-04-11 12:55:40.885] Wait Event for 20 milliseconds
[Fastbot][2026-04-11 12:55:40.908] :Sending Touch (ACTION_UP): 0:(315.0,126.0)
[Fastbot][2026-04-11 12:55:40.910] Sleeping for 241 milliseconds
[Fastbot][2026-04-11 12:55:41.153] [ProxyServer] Finish monkey step. Dumping hierarchy
[Fastbot][2026-04-11 12:55:41.154] --> POST http://127.0.0.1:9008/jsonrpc/0
[Fastbot][2026-04-11 12:55:41.154] Content-Type: application/json; charset=utf-8
[Fastbot][2026-04-11 12:55:41.154] Content-Length: 75
[Fastbot][2026-04-11 12:55:41.154] 
[Fastbot][2026-04-11 12:55:41.154] {"id":1,"jsonrpc":"2.0","method":"dumpWindowHierarchy","params":[false,50]}
[Fastbot][2026-04-11 12:55:41.154] --> END POST (75-byte body)
[Fastbot][2026-04-11 12:55:41.171] <-- 200 OK  http://127.0.0.1:9008/jsonrpc/0 (17ms)
[Fastbot][2026-04-11 12:55:41.171] Content-Type: application/json
[Fastbot][2026-04-11 12:55:41.171] Date: Sat, 11 Apr 2026 12:55:41 GMT
[Fastbot][2026-04-11 12:55:41.171] Connection: keep-alive
[Fastbot][2026-04-11 12:55:41.171] Transfer-Encoding: chunked
[Fastbot][2026-04-11 12:55:41.172] 
[Fastbot][2026-04-11 12:55:41.172] {"jsonrpc":"2.0","id":1,"result":"<?xml version='1.0' encoding='UTF-8' standalone='yes' ?>\r\n<hierarchy rotation=\"0\">\r\n  <node index=\"0\" text=\"\" resource-id=\"com.android.systemui:id/navigation_bar_frame\" class=\"android.widget.FrameLayout\" package=\"com.android.systemui\" content-desc=\"...[truncated]
[Fastbot][2026-04-11 12:55:41.172] <-- END HTTP (41277-byte body)
[Fastbot][2026-04-11 12:55:41.216] [ProxyServer] stepsCount: 21
[Fastbot][2026-04-11 12:55:41.217] [ProxyServer] receive request: stepMonkey
[Fastbot][2026-04-11 12:55:41.217] [MonkeySourceApeU2] stepsCount: 21
[Fastbot][2026-04-11 12:55:41.218] [MonkeySourceApeU2] Latest event is MonkeyEvent. Use the cached hierarchy.
[Fastbot][2026-04-11 12:55:41.218] [MonkeySourceApeU2] Successfully Got hierarchy
[Fastbot][2026-04-11 12:55:41.219] // Event id: 267
[Fastbot][2026-04-11 12:55:41.219] topActivity Name: ComponentInfo{it.feio.android.omninotes.alpha/it.feio.android.omninotes.MainActivity}
[Fastbot][2026-04-11 12:55:41.220] // Dumped stringOfGuiTree
[Fastbot][2026-04-11 12:55:41.220] topActivityName: it.feio.android.omninotes.MainActivity
[Fastbot][2026-04-11 12:55:41.220] action type: SCROLL_LEFT_RIGHT
[Fastbot][2026-04-11 12:55:41.220] rpc cost time: 1
[Fastbot][2026-04-11 12:55:41.222] :Sending rotation degree=0, persist=false
[Fastbot][2026-04-11 12:55:41.225] :Sending Touch (ACTION_DOWN): 0:(315.0,392.0)
[Fastbot][2026-04-11 12:55:41.226] :Sending Touch (ACTION_MOVE): 0:(315.0,392.0)
[Fastbot][2026-04-11 12:55:41.228] Wait Event for 20 milliseconds
[Fastbot][2026-04-11 12:55:41.250] :Sending Touch (ACTION_MOVE): 0:(391.4,392.0)
[Fastbot][2026-04-11 12:55:41.252] Wait Event for 20 milliseconds
[Fastbot][2026-04-11 12:55:41.275] :Sending Touch (ACTION_MOVE): 0:(467.8,392.0)
[Fastbot][2026-04-11 12:55:41.276] Wait Event for 20 milliseconds
[Fastbot][2026-04-11 12:55:41.299] :Sending Touch (ACTION_MOVE): 0:(544.2,392.0)
[Fastbot][2026-04-11 12:55:41.300] Wait Event for 20 milliseconds
[Fastbot][2026-04-11 12:55:41.322] :Sending Touch (ACTION_MOVE): 0:(620.6,392.0)
[Fastbot][2026-04-11 12:55:41.323] Wait Event for 20 milliseconds
[Fastbot][2026-04-11 12:55:41.345] :Sending Touch (ACTION_MOVE): 0:(697.0,392.0)
[Fastbot][2026-04-11 12:55:41.348] Wait Event for 20 milliseconds
[Fastbot][2026-04-11 12:55:41.369] :Sending Touch (ACTION_MOVE): 0:(773.4,392.0)
[Fastbot][2026-04-11 12:55:41.371] Wait Event for 20 milliseconds
[Fastbot][2026-04-11 12:55:41.393] :Sending Touch (ACTION_MOVE): 0:(849.8,392.0)
[Fastbot][2026-04-11 12:55:41.394] Wait Event for 20 milliseconds
[Fastbot][2026-04-11 12:55:41.418] :Sending Touch (ACTION_MOVE): 0:(926.2,392.0)
[Fastbot][2026-04-11 12:55:41.419] Wait Event for 20 milliseconds
[Fastbot][2026-04-11 12:55:41.442] :Sending Touch (ACTION_MOVE): 0:(1002.6,392.0)
[Fastbot][2026-04-11 12:55:41.443] Wait Event for 20 milliseconds
[Fastbot][2026-04-11 12:55:41.464] :Sending Touch (ACTION_UP): 0:(1079.0,392.0)
[Fastbot][2026-04-11 12:55:41.467] Sleeping for 271 milliseconds
[Fastbot][2026-04-11 12:55:41.740] [ProxyServer] Finish monkey step. Dumping hierarchy
[Fastbot][2026-04-11 12:55:41.741] --> POST http://127.0.0.1:9008/jsonrpc/0
[Fastbot][2026-04-11 12:55:41.741] Content-Type: application/json; charset=utf-8
[Fastbot][2026-04-11 12:55:41.741] Content-Length: 75
[Fastbot][2026-04-11 12:55:41.741] 
[Fastbot][2026-04-11 12:55:41.741] {"id":1,"jsonrpc":"2.0","method":"dumpWindowHierarchy","params":[false,50]}
[Fastbot][2026-04-11 12:55:41.741] --> END POST (75-byte body)
[Fastbot][2026-04-11 12:55:41.770] <-- 200 OK  http://127.0.0.1:9008/jsonrpc/0 (29ms)
[Fastbot][2026-04-11 12:55:41.770] Content-Type: application/json
[Fastbot][2026-04-11 12:55:41.770] Date: Sat, 11 Apr 2026 12:55:41 GMT
[Fastbot][2026-04-11 12:55:41.770] Connection: keep-alive
[Fastbot][2026-04-11 12:55:41.770] Transfer-Encoding: chunked
[Fastbot][2026-04-11 12:55:41.771] 
[Fastbot][2026-04-11 12:55:41.776] {"jsonrpc":"2.0","id":1,"result":"<?xml version='1.0' encoding='UTF-8' standalone='yes' ?>\r\n<hierarchy rotation=\"0\">\r\n  <node index=\"0\" text=\"\" resource-id=\"com.android.systemui:id/navigation_bar_frame\" class=\"android.widget.FrameLayout\" package=\"com.android.systemui\" content-desc=\"...[truncated]
[Fastbot][2026-04-11 12:55:41.776] <-- END HTTP (41277-byte body)
[Fastbot][2026-04-11 12:55:41.814] [ProxyServer] stepsCount: 22
[Fastbot][2026-04-11 12:55:41.814] [ProxyServer] receive request: stepMonkey
[Fastbot][2026-04-11 12:55:41.814] [MonkeySourceApeU2] stepsCount: 22
[Fastbot][2026-04-11 12:55:41.815] [MonkeySourceApeU2] Latest event is MonkeyEvent. Use the cached hierarchy.
[Fastbot][2026-04-11 12:55:41.815] [MonkeySourceApeU2] Successfully Got hierarchy
[Fastbot][2026-04-11 12:55:41.816] // Event id: 291
[Fastbot][2026-04-11 12:55:41.817] topActivity Name: ComponentInfo{it.feio.android.omninotes.alpha/it.feio.android.omninotes.MainActivity}
[Fastbot][2026-04-11 12:55:41.817] // Dumped stringOfGuiTree
[Fastbot][2026-04-11 12:55:41.817] topActivityName: it.feio.android.omninotes.MainActivity
[Fastbot][2026-04-11 12:55:41.818] action type: SCROLL_TOP_DOWN
[Fastbot][2026-04-11 12:55:41.818] rpc cost time: 1
[Fastbot][2026-04-11 12:55:41.820] :Sending rotation degree=0, persist=false
[Fastbot][2026-04-11 12:55:41.826] :Sending Touch (ACTION_DOWN): 0:(315.0,392.0)
[Fastbot][2026-04-11 12:55:41.827] :Sending Touch (ACTION_MOVE): 0:(315.0,392.0)
[Fastbot][2026-04-11 12:55:41.835] Wait Event for 20 milliseconds
[Fastbot][2026-04-11 12:55:41.857] :Sending Touch (ACTION_MOVE): 0:(315.0,567.5)
[Fastbot][2026-04-11 12:55:41.858] Wait Event for 20 milliseconds
[Fastbot][2026-04-11 12:55:41.882] :Sending Touch (ACTION_MOVE): 0:(315.0,743.0)
[Fastbot][2026-04-11 12:55:41.883] Wait Event for 20 milliseconds
[Fastbot][2026-04-11 12:55:41.907] :Sending Touch (ACTION_MOVE): 0:(315.0,918.5)
[Fastbot][2026-04-11 12:55:41.909] Wait Event for 20 milliseconds
[Fastbot][2026-04-11 12:55:41.932] :Sending Touch (ACTION_MOVE): 0:(315.0,1094.0)
[Fastbot][2026-04-11 12:55:41.933] Wait Event for 20 milliseconds
[Fastbot][2026-04-11 12:55:41.956] :Sending Touch (ACTION_MOVE): 0:(315.0,1269.5)
[Fastbot][2026-04-11 12:55:41.957] Wait Event for 20 milliseconds
[Fastbot][2026-04-11 12:55:41.980] :Sending Touch (ACTION_MOVE): 0:(315.0,1445.0)
[Fastbot][2026-04-11 12:55:41.981] Wait Event for 20 milliseconds
[Fastbot][2026-04-11 12:55:42.004] :Sending Touch (ACTION_MOVE): 0:(315.0,1620.5)
[Fastbot][2026-04-11 12:55:42.006] Wait Event for 20 milliseconds
[Fastbot][2026-04-11 12:55:42.027] :Sending Touch (ACTION_MOVE): 0:(315.0,1796.0)
[Fastbot][2026-04-11 12:55:42.030] Wait Event for 20 milliseconds
[Fastbot][2026-04-11 12:55:42.055] :Sending Touch (ACTION_MOVE): 0:(315.0,1971.5)
[Fastbot][2026-04-11 12:55:42.056] Wait Event for 20 milliseconds
[Fastbot][2026-04-11 12:55:42.078] :Sending Touch (ACTION_UP): 0:(315.0,2147.0)
[Fastbot][2026-04-11 12:55:42.081] Sleeping for 271 milliseconds
[Fastbot][2026-04-11 12:55:42.355] [ProxyServer] Finish monkey step. Dumping hierarchy
[Fastbot][2026-04-11 12:55:42.355] --> POST http://127.0.0.1:9008/jsonrpc/0
[Fastbot][2026-04-11 12:55:42.355] Content-Type: application/json; charset=utf-8
[Fastbot][2026-04-11 12:55:42.355] Content-Length: 75
[Fastbot][2026-04-11 12:55:42.355] 
[Fastbot][2026-04-11 12:55:42.355] {"id":1,"jsonrpc":"2.0","method":"dumpWindowHierarchy","params":[false,50]}
[Fastbot][2026-04-11 12:55:42.355] --> END POST (75-byte body)
[Fastbot][2026-04-11 12:55:42.380] <-- 200 OK  http://127.0.0.1:9008/jsonrpc/0 (24ms)
[Fastbot][2026-04-11 12:55:42.381] Content-Type: application/json
[Fastbot][2026-04-11 12:55:42.381] Date: Sat, 11 Apr 2026 12:55:42 GMT
[Fastbot][2026-04-11 12:55:42.381] Connection: keep-alive
[Fastbot][2026-04-11 12:55:42.381] Transfer-Encoding: chunked
[Fastbot][2026-04-11 12:55:42.381] 
[Fastbot][2026-04-11 12:55:42.381] {"jsonrpc":"2.0","id":1,"result":"<?xml version='1.0' encoding='UTF-8' standalone='yes' ?>\r\n<hierarchy rotation=\"0\">\r\n  <node index=\"0\" text=\"\" resource-id=\"com.android.systemui:id/navigation_bar_frame\" class=\"android.widget.FrameLayout\" package=\"com.android.systemui\" content-desc=\"...[truncated]
[Fastbot][2026-04-11 12:55:42.381] <-- END HTTP (41277-byte body)
[Fastbot][2026-04-11 12:55:42.400] [ProxyServer] stepsCount: 23
[Fastbot][2026-04-11 12:55:42.400] [ProxyServer] receive request: stepMonkey
[Fastbot][2026-04-11 12:55:42.401] [MonkeySourceApeU2] stepsCount: 23
[Fastbot][2026-04-11 12:55:42.401] [MonkeySourceApeU2] Latest event is MonkeyEvent. Use the cached hierarchy.
[Fastbot][2026-04-11 12:55:42.401] [MonkeySourceApeU2] Successfully Got hierarchy
[Fastbot][2026-04-11 12:55:42.403] // Event id: 315
[Fastbot][2026-04-11 12:55:42.403] topActivity Name: ComponentInfo{it.feio.android.omninotes.alpha/it.feio.android.omninotes.MainActivity}
[Fastbot][2026-04-11 12:55:42.403] // Dumped stringOfGuiTree
[Fastbot][2026-04-11 12:55:42.403] topActivityName: it.feio.android.omninotes.MainActivity
[Fastbot][2026-04-11 12:55:42.404] action type: SCROLL_RIGHT_LEFT
[Fastbot][2026-04-11 12:55:42.404] rpc cost time: 1
[Fastbot][2026-04-11 12:55:42.405] :Sending rotation degree=0, persist=false
[Fastbot][2026-04-11 12:55:42.410] :Sending Touch (ACTION_DOWN): 0:(315.0,392.0)
[Fastbot][2026-04-11 12:55:42.411] :Sending Touch (ACTION_MOVE): 0:(315.0,392.0)
[Fastbot][2026-04-11 12:55:42.412] Wait Event for 20 milliseconds
[Fastbot][2026-04-11 12:55:42.436] :Sending Touch (ACTION_MOVE): 0:(283.5,392.0)
[Fastbot][2026-04-11 12:55:42.436] Wait Event for 20 milliseconds
[Fastbot][2026-04-11 12:55:42.458] :Sending Touch (ACTION_MOVE): 0:(252.0,392.0)
[Fastbot][2026-04-11 12:55:42.461] Wait Event for 20 milliseconds
[Fastbot][2026-04-11 12:55:42.484] :Sending Touch (ACTION_MOVE): 0:(220.5,392.0)
[Fastbot][2026-04-11 12:55:42.484]     //[calendar_time:2026-04-11 12:55:42.484  system_uptime:24036806]
[Fastbot][2026-04-11 12:55:42.484]     // Sending event #300
[Fastbot][2026-04-11 12:55:42.485] Wait Event for 20 milliseconds
[Fastbot][2026-04-11 12:55:42.507] :Sending Touch (ACTION_MOVE): 0:(189.0,392.0)
[Fastbot][2026-04-11 12:55:42.508] Wait Event for 20 milliseconds
[Fastbot][2026-04-11 12:55:42.532] :Sending Touch (ACTION_MOVE): 0:(157.5,392.0)
[Fastbot][2026-04-11 12:55:42.534] Wait Event for 20 milliseconds
[Fastbot][2026-04-11 12:55:42.558] :Sending Touch (ACTION_MOVE): 0:(126.0,392.0)
[Fastbot][2026-04-11 12:55:42.560] Wait Event for 20 milliseconds
[Fastbot][2026-04-11 12:55:42.583] :Sending Touch (ACTION_MOVE): 0:(94.5,392.0)
[Fastbot][2026-04-11 12:55:42.584] Wait Event for 20 milliseconds
[Fastbot][2026-04-11 12:55:42.607] :Sending Touch (ACTION_MOVE): 0:(63.0,392.0)
[Fastbot][2026-04-11 12:55:42.609] Wait Event for 20 milliseconds
[Fastbot][2026-04-11 12:55:42.633] :Sending Touch (ACTION_MOVE): 0:(31.5,392.0)
[Fastbot][2026-04-11 12:55:42.634] Wait Event for 20 milliseconds
[Fastbot][2026-04-11 12:55:42.656] :Sending Touch (ACTION_UP): 0:(0.0,392.0)
[Fastbot][2026-04-11 12:55:42.659] Sleeping for 268 milliseconds
[Fastbot][2026-04-11 12:55:42.931] [ProxyServer] Finish monkey step. Dumping hierarchy
[Fastbot][2026-04-11 12:55:42.932] --> POST http://127.0.0.1:9008/jsonrpc/0
[Fastbot][2026-04-11 12:55:42.932] Content-Type: application/json; charset=utf-8
[Fastbot][2026-04-11 12:55:42.932] Content-Length: 75
[Fastbot][2026-04-11 12:55:42.932] 
[Fastbot][2026-04-11 12:55:42.932] {"id":1,"jsonrpc":"2.0","method":"dumpWindowHierarchy","params":[false,50]}
[Fastbot][2026-04-11 12:55:42.932] --> END POST (75-byte body)
[Fastbot][2026-04-11 12:55:42.950] <-- 200 OK  http://127.0.0.1:9008/jsonrpc/0 (18ms)
[Fastbot][2026-04-11 12:55:42.950] Content-Type: application/json
[Fastbot][2026-04-11 12:55:42.950] Date: Sat, 11 Apr 2026 12:55:42 GMT
[Fastbot][2026-04-11 12:55:42.950] Connection: keep-alive
[Fastbot][2026-04-11 12:55:42.950] Transfer-Encoding: chunked
[Fastbot][2026-04-11 12:55:42.952] 
[Fastbot][2026-04-11 12:55:42.952] {"jsonrpc":"2.0","id":1,"result":"<?xml version='1.0' encoding='UTF-8' standalone='yes' ?>\r\n<hierarchy rotation=\"0\">\r\n  <node index=\"0\" text=\"\" resource-id=\"com.android.systemui:id/navigation_bar_frame\" class=\"android.widget.FrameLayout\" package=\"com.android.systemui\" content-desc=\"...[truncated]
[Fastbot][2026-04-11 12:55:42.952] <-- END HTTP (41739-byte body)
[Fastbot][2026-04-11 12:55:42.987] [ProxyServer] stepsCount: 24
[Fastbot][2026-04-11 12:55:42.987] [ProxyServer] receive request: stepMonkey
[Fastbot][2026-04-11 12:55:42.988] [MonkeySourceApeU2] stepsCount: 24
[Fastbot][2026-04-11 12:55:42.988] [MonkeySourceApeU2] Latest event is MonkeyEvent. Use the cached hierarchy.
[Fastbot][2026-04-11 12:55:42.989] [MonkeySourceApeU2] Successfully Got hierarchy
[Fastbot][2026-04-11 12:55:42.991] // Event id: 339
[Fastbot][2026-04-11 12:55:42.991] topActivity Name: ComponentInfo{it.feio.android.omninotes.alpha/it.feio.android.omninotes.MainActivity}
[Fastbot][2026-04-11 12:55:42.991] // Dumped stringOfGuiTree
[Fastbot][2026-04-11 12:55:42.991] topActivityName: it.feio.android.omninotes.MainActivity
[Fastbot][2026-04-11 12:55:42.992] action type: CLICK
[Fastbot][2026-04-11 12:55:42.992] rpc cost time: 1
[Fastbot]*** WARNING *** checkVirtualKeyboard: Input only once.
[Fastbot][2026-04-11 12:55:42.993] :Sending rotation degree=0, persist=false
[Fastbot][2026-04-11 12:55:42.999] :Sending Touch (ACTION_DOWN): 0:(68.0,345.0)
[Fastbot][2026-04-11 12:55:43.000] :Sending Touch (ACTION_UP): 0:(68.0,345.0)
[Fastbot][2026-04-11 12:55:43.001] Sleeping for 268 milliseconds
[Fastbot][2026-04-11 12:55:43.271] [ProxyServer] Finish monkey step. Dumping hierarchy
[Fastbot][2026-04-11 12:55:43.272] --> POST http://127.0.0.1:9008/jsonrpc/0
[Fastbot][2026-04-11 12:55:43.272] Content-Type: application/json; charset=utf-8
[Fastbot][2026-04-11 12:55:43.273] Content-Length: 75
[Fastbot][2026-04-11 12:55:43.273] 
[Fastbot][2026-04-11 12:55:43.273] {"id":1,"jsonrpc":"2.0","method":"dumpWindowHierarchy","params":[false,50]}
[Fastbot][2026-04-11 12:55:43.273] --> END POST (75-byte body)
[Fastbot][2026-04-11 12:55:43.303] <-- 200 OK  http://127.0.0.1:9008/jsonrpc/0 (29ms)
[Fastbot][2026-04-11 12:55:43.303] Content-Type: application/json
[Fastbot][2026-04-11 12:55:43.303] Date: Sat, 11 Apr 2026 12:55:43 GMT
[Fastbot][2026-04-11 12:55:43.303] Connection: keep-alive
[Fastbot][2026-04-11 12:55:43.303] Transfer-Encoding: chunked
[Fastbot][2026-04-11 12:55:43.305] 
[Fastbot][2026-04-11 12:55:43.305] {"jsonrpc":"2.0","id":1,"result":"<?xml version='1.0' encoding='UTF-8' standalone='yes' ?>\r\n<hierarchy rotation=\"0\">\r\n  <node index=\"0\" text=\"\" resource-id=\"com.android.systemui:id/navigation_bar_frame\" class=\"android.widget.FrameLayout\" package=\"com.android.systemui\" content-desc=\"...[truncated]
[Fastbot][2026-04-11 12:55:43.305] <-- END HTTP (46398-byte body)
[Fastbot][2026-04-11 12:55:43.347] [ProxyServer] stepsCount: 25
[Fastbot][2026-04-11 12:55:43.347] [ProxyServer] receive request: stepMonkey
[Fastbot][2026-04-11 12:55:43.348] [MonkeySourceApeU2] stepsCount: 25
[Fastbot][2026-04-11 12:55:43.349] [MonkeySourceApeU2] Latest event is MonkeyEvent. Use the cached hierarchy.
[Fastbot][2026-04-11 12:55:43.349] [MonkeySourceApeU2] Successfully Got hierarchy
[Fastbot][2026-04-11 12:55:43.350] // Event id: 343
[Fastbot][2026-04-11 12:55:43.351] topActivity Name: ComponentInfo{it.feio.android.omninotes.alpha/it.feio.android.omninotes.MainActivity}
[Fastbot][2026-04-11 12:55:43.351] // Dumped stringOfGuiTree
[Fastbot][2026-04-11 12:55:43.351] topActivityName: it.feio.android.omninotes.MainActivity
[Fastbot][2026-04-11 12:55:43.352] action type: SCROLL_BOTTOM_UP
[Fastbot][2026-04-11 12:55:43.352] rpc cost time: 1
[Fastbot][2026-04-11 12:55:43.353] :Sending rotation degree=0, persist=false
[Fastbot][2026-04-11 12:55:43.359] :Sending Touch (ACTION_DOWN): 0:(59.0,392.0)
[Fastbot][2026-04-11 12:55:43.361] :Sending Touch (ACTION_MOVE): 0:(59.0,392.0)
[Fastbot][2026-04-11 12:55:43.363] Wait Event for 20 milliseconds
[Fastbot][2026-04-11 12:55:43.389] :Sending Touch (ACTION_MOVE): 0:(59.0,363.8)
[Fastbot][2026-04-11 12:55:43.391] Wait Event for 20 milliseconds
[Fastbot][2026-04-11 12:55:43.419] :Sending Touch (ACTION_MOVE): 0:(59.0,335.6)
[Fastbot][2026-04-11 12:55:43.420] Wait Event for 20 milliseconds
[Fastbot][2026-04-11 12:55:43.443] :Sending Touch (ACTION_MOVE): 0:(59.0,307.4)
[Fastbot][2026-04-11 12:55:43.444] Wait Event for 20 milliseconds
[Fastbot][2026-04-11 12:55:43.466] :Sending Touch (ACTION_MOVE): 0:(59.0,279.2)
[Fastbot][2026-04-11 12:55:43.468] Wait Event for 20 milliseconds
[Fastbot][2026-04-11 12:55:43.491] :Sending Touch (ACTION_MOVE): 0:(59.0,251.0)
[Fastbot][2026-04-11 12:55:43.492] Wait Event for 20 milliseconds
[Fastbot][2026-04-11 12:55:43.516] :Sending Touch (ACTION_MOVE): 0:(59.0,222.79999)
[Fastbot][2026-04-11 12:55:43.518] Wait Event for 20 milliseconds
[Fastbot][2026-04-11 12:55:43.540] :Sending Touch (ACTION_MOVE): 0:(59.0,194.6)
[Fastbot][2026-04-11 12:55:43.541] Wait Event for 20 milliseconds
[Fastbot][2026-04-11 12:55:43.564] :Sending Touch (ACTION_MOVE): 0:(59.0,166.4)
[Fastbot][2026-04-11 12:55:43.565] Wait Event for 20 milliseconds
[Fastbot][2026-04-11 12:55:43.587] :Sending Touch (ACTION_MOVE): 0:(59.0,138.20001)
[Fastbot][2026-04-11 12:55:43.588] Wait Event for 20 milliseconds
[Fastbot][2026-04-11 12:55:43.610] :Sending Touch (ACTION_UP): 0:(59.0,126.0)
[Fastbot][2026-04-11 12:55:43.618] Sleeping for 251 milliseconds
[Fastbot][2026-04-11 12:55:43.871] [MonkeySourceApeU2] Profiling coverage...
[Fastbot][2026-04-11 12:55:43.872] [ProxyServer] Finish monkey step. Dumping hierarchy
[Fastbot][2026-04-11 12:55:43.872] --> POST http://127.0.0.1:9008/jsonrpc/0
[Fastbot][2026-04-11 12:55:43.872] Content-Type: application/json; charset=utf-8
[Fastbot][2026-04-11 12:55:43.872] Content-Length: 75
[Fastbot][2026-04-11 12:55:43.872] 
[Fastbot][2026-04-11 12:55:43.872] {"id":1,"jsonrpc":"2.0","method":"dumpWindowHierarchy","params":[false,50]}
[Fastbot][2026-04-11 12:55:43.872] --> END POST (75-byte body)
[Fastbot][2026-04-11 12:55:43.897] <-- 200 OK  http://127.0.0.1:9008/jsonrpc/0 (24ms)
[Fastbot][2026-04-11 12:55:43.897] Content-Type: application/json
[Fastbot][2026-04-11 12:55:43.897] Date: Sat, 11 Apr 2026 12:55:43 GMT
[Fastbot][2026-04-11 12:55:43.897] Connection: keep-alive
[Fastbot][2026-04-11 12:55:43.897] Transfer-Encoding: chunked
[Fastbot][2026-04-11 12:55:43.898] 
[Fastbot][2026-04-11 12:55:43.898] {"jsonrpc":"2.0","id":1,"result":"<?xml version='1.0' encoding='UTF-8' standalone='yes' ?>\r\n<hierarchy rotation=\"0\">\r\n  <node index=\"0\" text=\"\" resource-id=\"com.android.systemui:id/navigation_bar_frame\" class=\"android.widget.FrameLayout\" package=\"com.android.systemui\" content-desc=\"...[truncated]
[Fastbot][2026-04-11 12:55:43.898] <-- END HTTP (41737-byte body)
[Fastbot][2026-04-11 12:55:43.918] [ProxyServer] stepsCount: 26
[Fastbot][2026-04-11 12:55:43.918] [ProxyServer] receive request: stepMonkey
[Fastbot][2026-04-11 12:55:43.918] [MonkeySourceApeU2] stepsCount: 26
[Fastbot][2026-04-11 12:55:43.918] [MonkeySourceApeU2] Latest event is MonkeyEvent. Use the cached hierarchy.
[Fastbot][2026-04-11 12:55:43.918] [MonkeySourceApeU2] Successfully Got hierarchy
[Fastbot][2026-04-11 12:55:43.924] // Event id: 367
[Fastbot][2026-04-11 12:55:43.924] topActivity Name: ComponentInfo{it.feio.android.omninotes.alpha/it.feio.android.omninotes.MainActivity}
[Fastbot][2026-04-11 12:55:43.924] // Dumped stringOfGuiTree
[Fastbot][2026-04-11 12:55:43.925] topActivityName: it.feio.android.omninotes.MainActivity
[Fastbot][2026-04-11 12:55:43.925] action type: BACK
[Fastbot][2026-04-11 12:55:43.925] rpc cost time: 1
[Fastbot][2026-04-11 12:55:43.987] :Sending rotation degree=0, persist=false
[Fastbot][2026-04-11 12:55:43.995] :Sending Key (ACTION_DOWN): 4    // KEYCODE_BACK
[Fastbot][2026-04-11 12:55:43.998] :Sending Key (ACTION_UP): 4    // KEYCODE_BACK
[Fastbot][2026-04-11 12:55:44.001] Sleeping for 249 milliseconds
[Fastbot][2026-04-11 12:55:44.255] [ProxyServer] Finish monkey step. Dumping hierarchy
[Fastbot][2026-04-11 12:55:44.255] --> POST http://127.0.0.1:9008/jsonrpc/0
[Fastbot][2026-04-11 12:55:44.255] Content-Type: application/json; charset=utf-8
[Fastbot][2026-04-11 12:55:44.255] Content-Length: 75
[Fastbot][2026-04-11 12:55:44.256] 
[Fastbot][2026-04-11 12:55:44.256] {"id":1,"jsonrpc":"2.0","method":"dumpWindowHierarchy","params":[false,50]}
[Fastbot][2026-04-11 12:55:44.256] --> END POST (75-byte body)
[Fastbot][2026-04-11 12:55:44.280] <-- 200 OK  http://127.0.0.1:9008/jsonrpc/0 (24ms)
[Fastbot][2026-04-11 12:55:44.281] Content-Type: application/json
[Fastbot][2026-04-11 12:55:44.281] Date: Sat, 11 Apr 2026 12:55:44 GMT
[Fastbot][2026-04-11 12:55:44.281] Connection: keep-alive
[Fastbot][2026-04-11 12:55:44.281] Transfer-Encoding: chunked
[Fastbot][2026-04-11 12:55:44.283] 
[Fastbot][2026-04-11 12:55:44.283] {"jsonrpc":"2.0","id":1,"result":"<?xml version='1.0' encoding='UTF-8' standalone='yes' ?>\r\n<hierarchy rotation=\"0\">\r\n  <node index=\"0\" text=\"\" resource-id=\"com.android.systemui:id/navigation_bar_frame\" class=\"android.widget.FrameLayout\" package=\"com.android.systemui\" content-desc=\"...[truncated]
[Fastbot][2026-04-11 12:55:44.284] <-- END HTTP (41737-byte body)
[Fastbot][2026-04-11 12:55:44.334] [ProxyServer] stepsCount: 27
[Fastbot][2026-04-11 12:55:44.334] [ProxyServer] receive request: stepMonkey
[Fastbot][2026-04-11 12:55:44.334] [MonkeySourceApeU2] stepsCount: 27
[Fastbot][2026-04-11 12:55:44.334] [MonkeySourceApeU2] Latest event is MonkeyEvent. Use the cached hierarchy.
[Fastbot][2026-04-11 12:55:44.334] [MonkeySourceApeU2] Successfully Got hierarchy
[Fastbot][2026-04-11 12:55:44.336] // Event id: 371
[Fastbot][2026-04-11 12:55:44.336] topActivity Name: ComponentInfo{it.feio.android.omninotes.alpha/it.feio.android.omninotes.MainActivity}
[Fastbot][2026-04-11 12:55:44.336] // Dumped stringOfGuiTree
[Fastbot][2026-04-11 12:55:44.336] topActivityName: it.feio.android.omninotes.MainActivity
[Fastbot][2026-04-11 12:55:44.337] action type: SCROLL_TOP_DOWN
[Fastbot][2026-04-11 12:55:44.337] rpc cost time: 1
[Fastbot][2026-04-11 12:55:44.339] :Sending rotation degree=0, persist=false
[Fastbot][2026-04-11 12:55:44.342] :Sending Touch (ACTION_DOWN): 0:(59.0,392.0)
[Fastbot][2026-04-11 12:55:44.343] :Sending Touch (ACTION_MOVE): 0:(59.0,392.0)
[Fastbot][2026-04-11 12:55:44.344] Wait Event for 20 milliseconds
[Fastbot][2026-04-11 12:55:44.366] :Sending Touch (ACTION_MOVE): 0:(59.0,567.5)
[Fastbot][2026-04-11 12:55:44.367] Wait Event for 20 milliseconds
[Fastbot][2026-04-11 12:55:44.390] :Sending Touch (ACTION_MOVE): 0:(59.0,743.0)
[Fastbot][2026-04-11 12:55:44.391] Wait Event for 20 milliseconds
[Fastbot][2026-04-11 12:55:44.414] :Sending Touch (ACTION_MOVE): 0:(59.0,918.5)
[Fastbot][2026-04-11 12:55:44.415] Wait Event for 20 milliseconds
[Fastbot][2026-04-11 12:55:44.437] :Sending Touch (ACTION_MOVE): 0:(59.0,1094.0)
[Fastbot][2026-04-11 12:55:44.438] Wait Event for 20 milliseconds
[Fastbot][2026-04-11 12:55:44.461] :Sending Touch (ACTION_MOVE): 0:(59.0,1269.5)
[Fastbot][2026-04-11 12:55:44.462] Wait Event for 20 milliseconds
[Fastbot][2026-04-11 12:55:44.485] :Sending Touch (ACTION_MOVE): 0:(59.0,1445.0)
[Fastbot][2026-04-11 12:55:44.486] Wait Event for 20 milliseconds
[Fastbot][2026-04-11 12:55:44.507] :Sending Touch (ACTION_MOVE): 0:(59.0,1620.5)
[Fastbot][2026-04-11 12:55:44.508] Wait Event for 20 milliseconds
[Fastbot][2026-04-11 12:55:44.531] :Sending Touch (ACTION_MOVE): 0:(59.0,1796.0)
[Fastbot][2026-04-11 12:55:44.534] Wait Event for 20 milliseconds
[Fastbot][2026-04-11 12:55:44.556] :Sending Touch (ACTION_MOVE): 0:(59.0,1971.5)
[Fastbot][2026-04-11 12:55:44.557] Wait Event for 20 milliseconds
[Fastbot][2026-04-11 12:55:44.582] :Sending Touch (ACTION_UP): 0:(59.0,2147.0)
[Fastbot][2026-04-11 12:55:44.585] Sleeping for 200 milliseconds
[Fastbot][2026-04-11 12:55:44.788] [ProxyServer] Finish monkey step. Dumping hierarchy
[Fastbot][2026-04-11 12:55:44.789] --> POST http://127.0.0.1:9008/jsonrpc/0
[Fastbot][2026-04-11 12:55:44.789] Content-Type: application/json; charset=utf-8
[Fastbot][2026-04-11 12:55:44.789] Content-Length: 75
[Fastbot][2026-04-11 12:55:44.789] 
[Fastbot][2026-04-11 12:55:44.789] {"id":1,"jsonrpc":"2.0","method":"dumpWindowHierarchy","params":[false,50]}
[Fastbot][2026-04-11 12:55:44.789] --> END POST (75-byte body)
[Fastbot][2026-04-11 12:55:44.808] <-- 200 OK  http://127.0.0.1:9008/jsonrpc/0 (18ms)
[Fastbot][2026-04-11 12:55:44.808] Content-Type: application/json
[Fastbot][2026-04-11 12:55:44.808] Date: Sat, 11 Apr 2026 12:55:44 GMT
[Fastbot][2026-04-11 12:55:44.808] Connection: keep-alive
[Fastbot][2026-04-11 12:55:44.808] Transfer-Encoding: chunked
[Fastbot][2026-04-11 12:55:44.809] 
[Fastbot][2026-04-11 12:55:44.809] {"jsonrpc":"2.0","id":1,"result":"<?xml version='1.0' encoding='UTF-8' standalone='yes' ?>\r\n<hierarchy rotation=\"0\">\r\n  <node index=\"0\" text=\"\" resource-id=\"com.android.systemui:id/navigation_bar_frame\" class=\"android.widget.FrameLayout\" package=\"com.android.systemui\" content-desc=\"...[truncated]
[Fastbot][2026-04-11 12:55:44.809] <-- END HTTP (41737-byte body)
[Fastbot][2026-04-11 12:55:44.850] [ProxyServer] stepsCount: 28
[Fastbot][2026-04-11 12:55:44.850] [ProxyServer] receive request: stepMonkey
[Fastbot][2026-04-11 12:55:44.851] [MonkeySourceApeU2] stepsCount: 28
[Fastbot][2026-04-11 12:55:44.851] [MonkeySourceApeU2] Latest event is MonkeyEvent. Use the cached hierarchy.
[Fastbot][2026-04-11 12:55:44.853] [MonkeySourceApeU2] Successfully Got hierarchy
[Fastbot][2026-04-11 12:55:44.855] // Event id: 395
[Fastbot][2026-04-11 12:55:44.855] topActivity Name: ComponentInfo{it.feio.android.omninotes.alpha/it.feio.android.omninotes.MainActivity}
[Fastbot][2026-04-11 12:55:44.855] // Dumped stringOfGuiTree
[Fastbot][2026-04-11 12:55:44.855] topActivityName: it.feio.android.omninotes.MainActivity
[Fastbot][2026-04-11 12:55:44.857] action type: SCROLL_LEFT_RIGHT
[Fastbot][2026-04-11 12:55:44.857] rpc cost time: 2
[Fastbot][2026-04-11 12:55:44.858] :Sending rotation degree=0, persist=false
[Fastbot][2026-04-11 12:55:44.873] :Sending Touch (ACTION_DOWN): 0:(59.0,392.0)
[Fastbot][2026-04-11 12:55:44.874] :Sending Touch (ACTION_MOVE): 0:(59.0,392.0)
[Fastbot][2026-04-11 12:55:44.875] Wait Event for 20 milliseconds
[Fastbot][2026-04-11 12:55:44.901] :Sending Touch (ACTION_MOVE): 0:(161.0,392.0)
[Fastbot][2026-04-11 12:55:44.903] Wait Event for 20 milliseconds
[Fastbot][2026-04-11 12:55:44.927] :Sending Touch (ACTION_MOVE): 0:(263.0,392.0)
[Fastbot][2026-04-11 12:55:44.932] Wait Event for 20 milliseconds
[Fastbot][2026-04-11 12:55:44.955] :Sending Touch (ACTION_MOVE): 0:(365.0,392.0)
[Fastbot][2026-04-11 12:55:44.957] Wait Event for 20 milliseconds
[Fastbot][2026-04-11 12:55:44.979] :Sending Touch (ACTION_MOVE): 0:(467.0,392.0)
[Fastbot][2026-04-11 12:55:44.983] Wait Event for 20 milliseconds
[Fastbot][2026-04-11 12:55:45.005] :Sending Touch (ACTION_MOVE): 0:(569.0,392.0)
[Fastbot][2026-04-11 12:55:45.007] Wait Event for 20 milliseconds
[Fastbot][2026-04-11 12:55:45.029] :Sending Touch (ACTION_MOVE): 0:(671.0,392.0)
[Fastbot][2026-04-11 12:55:45.031] Wait Event for 20 milliseconds
[Fastbot][2026-04-11 12:55:45.053] :Sending Touch (ACTION_MOVE): 0:(773.0,392.0)
[Fastbot][2026-04-11 12:55:45.054] Wait Event for 20 milliseconds
[Fastbot][2026-04-11 12:55:45.077] :Sending Touch (ACTION_MOVE): 0:(875.0,392.0)
[Fastbot][2026-04-11 12:55:45.079] Wait Event for 20 milliseconds
[Fastbot][2026-04-11 12:55:45.100] :Sending Touch (ACTION_MOVE): 0:(977.0,392.0)
[Fastbot][2026-04-11 12:55:45.102] Wait Event for 20 milliseconds
[Fastbot][2026-04-11 12:55:45.124] :Sending Touch (ACTION_UP): 0:(1079.0,392.0)
[Fastbot][2026-04-11 12:55:45.125] Sleeping for 200 milliseconds
[Fastbot][2026-04-11 12:55:45.328] [ProxyServer] Finish monkey step. Dumping hierarchy
[Fastbot][2026-04-11 12:55:45.328] --> POST http://127.0.0.1:9008/jsonrpc/0
[Fastbot][2026-04-11 12:55:45.328] Content-Type: application/json; charset=utf-8
[Fastbot][2026-04-11 12:55:45.328] Content-Length: 75
[Fastbot][2026-04-11 12:55:45.328] 
[Fastbot][2026-04-11 12:55:45.329] {"id":1,"jsonrpc":"2.0","method":"dumpWindowHierarchy","params":[false,50]}
[Fastbot][2026-04-11 12:55:45.330] --> END POST (75-byte body)
[Fastbot][2026-04-11 12:55:45.354] <-- 200 OK  http://127.0.0.1:9008/jsonrpc/0 (24ms)
[Fastbot][2026-04-11 12:55:45.355] Content-Type: application/json
[Fastbot][2026-04-11 12:55:45.355] Date: Sat, 11 Apr 2026 12:55:45 GMT
[Fastbot][2026-04-11 12:55:45.355] Connection: keep-alive
[Fastbot][2026-04-11 12:55:45.355] Transfer-Encoding: chunked
[Fastbot][2026-04-11 12:55:45.356] 
[Fastbot][2026-04-11 12:55:45.356] {"jsonrpc":"2.0","id":1,"result":"<?xml version='1.0' encoding='UTF-8' standalone='yes' ?>\r\n<hierarchy rotation=\"0\">\r\n  <node index=\"0\" text=\"\" resource-id=\"com.android.systemui:id/navigation_bar_frame\" class=\"android.widget.FrameLayout\" package=\"com.android.systemui\" content-desc=\"...[truncated]
[Fastbot][2026-04-11 12:55:45.356] <-- END HTTP (41277-byte body)
[Fastbot][2026-04-11 12:55:45.374] [ProxyServer] stepsCount: 29
[Fastbot][2026-04-11 12:55:45.374] [ProxyServer] receive request: stepMonkey
[Fastbot][2026-04-11 12:55:45.374] [MonkeySourceApeU2] stepsCount: 29
[Fastbot][2026-04-11 12:55:45.374] [MonkeySourceApeU2] Latest event is MonkeyEvent. Use the cached hierarchy.
[Fastbot][2026-04-11 12:55:45.375] [MonkeySourceApeU2] Successfully Got hierarchy
[Fastbot][2026-04-11 12:55:45.376] // Event id: 419
[Fastbot][2026-04-11 12:55:45.376] topActivity Name: ComponentInfo{it.feio.android.omninotes.alpha/it.feio.android.omninotes.MainActivity}
[Fastbot][2026-04-11 12:55:45.376] // Dumped stringOfGuiTree
[Fastbot][2026-04-11 12:55:45.376] topActivityName: it.feio.android.omninotes.MainActivity
[Fastbot][2026-04-11 12:55:45.377] action type: BACK
[Fastbot][2026-04-11 12:55:45.378] rpc cost time: 2
[Fastbot][2026-04-11 12:55:45.413] :Sending rotation degree=0, persist=false
[Fastbot][2026-04-11 12:55:45.417] :Sending Key (ACTION_DOWN): 4    // KEYCODE_BACK
[Fastbot][2026-04-11 12:55:45.418] :Sending Key (ACTION_UP): 4    // KEYCODE_BACK
[Fastbot][2026-04-11 12:55:45.421] Sleeping for 281 milliseconds
[Fastbot][2026-04-11 12:55:45.704] [ProxyServer] Finish monkey step. Dumping hierarchy
[Fastbot][2026-04-11 12:55:45.705] --> POST http://127.0.0.1:9008/jsonrpc/0
[Fastbot][2026-04-11 12:55:45.705] Content-Type: application/json; charset=utf-8
[Fastbot][2026-04-11 12:55:45.705] Content-Length: 75
[Fastbot][2026-04-11 12:55:45.705] 
[Fastbot][2026-04-11 12:55:45.705] {"id":1,"jsonrpc":"2.0","method":"dumpWindowHierarchy","params":[false,50]}
[Fastbot][2026-04-11 12:55:45.705] --> END POST (75-byte body)
[Fastbot][2026-04-11 12:55:45.835] <-- 200 OK  http://127.0.0.1:9008/jsonrpc/0 (129ms)
[Fastbot][2026-04-11 12:55:45.835] Content-Type: application/json
[Fastbot][2026-04-11 12:55:45.835] Date: Sat, 11 Apr 2026 12:55:45 GMT
[Fastbot][2026-04-11 12:55:45.835] Connection: keep-alive
[Fastbot][2026-04-11 12:55:45.835] Transfer-Encoding: chunked
[Fastbot][2026-04-11 12:55:45.837] 
[Fastbot][2026-04-11 12:55:45.837] {"jsonrpc":"2.0","id":1,"result":"<?xml version='1.0' encoding='UTF-8' standalone='yes' ?>\r\n<hierarchy rotation=\"0\">\r\n  <node index=\"0\" text=\"\" resource-id=\"com.android.systemui:id/navigation_bar_frame\" class=\"android.widget.FrameLayout\" package=\"com.android.systemui\" content-desc=\"...[truncated]
[Fastbot][2026-04-11 12:55:45.838] <-- END HTTP (48223-byte body)
[Fastbot][2026-04-11 12:55:45.894] [Proxy Server] Forwarding
[Fastbot][2026-04-11 12:55:45.895] --> POST http://127.0.0.1:9008/jsonrpc/0
[Fastbot][2026-04-11 12:55:45.895] Content-Type: application/json; charset=utf-8
[Fastbot][2026-04-11 12:55:45.895] Content-Length: 154
[Fastbot][2026-04-11 12:55:45.895] 
[Fastbot][2026-04-11 12:55:45.896] {"jsonrpc": "2.0", "id": 1, "method": "exist", "params": [{"mask": 64, "childOrSibling": [], "childOrSiblingSelector": [], "description": "drawer open"}]}
[Fastbot][2026-04-11 12:55:45.896] --> END POST (154-byte body)
[Fastbot][2026-04-11 12:55:45.909] <-- 200 OK  http://127.0.0.1:9008/jsonrpc/0 (12ms)
[Fastbot][2026-04-11 12:55:45.910] Content-Type: application/json
[Fastbot][2026-04-11 12:55:45.910] Date: Sat, 11 Apr 2026 12:55:45 GMT
[Fastbot][2026-04-11 12:55:45.910] Connection: keep-alive
[Fastbot][2026-04-11 12:55:45.910] Transfer-Encoding: chunked
[Fastbot][2026-04-11 12:55:45.911] 
[Fastbot][2026-04-11 12:55:45.911] {"jsonrpc":"2.0","id":1,"result":true}

[Fastbot][2026-04-11 12:55:45.911] <-- END HTTP (39-byte body)
[Fastbot][2026-04-11 12:55:45.955] [Proxy Server] Forwarding
[Fastbot][2026-04-11 12:55:45.955] --> POST http://127.0.0.1:9008/jsonrpc/0
[Fastbot][2026-04-11 12:55:45.956] Content-Type: application/json; charset=utf-8
[Fastbot][2026-04-11 12:55:45.956] Content-Length: 169
[Fastbot][2026-04-11 12:55:45.956] 
[Fastbot][2026-04-11 12:55:45.956] {"jsonrpc": "2.0", "id": 1, "method": "waitForExists", "params": [{"mask": 64, "childOrSibling": [], "childOrSiblingSelector": [], "description": "drawer open"}, 20000]}
[Fastbot][2026-04-11 12:55:45.956] --> END POST (169-byte body)
[Fastbot][2026-04-11 12:55:45.973] <-- 200 OK  http://127.0.0.1:9008/jsonrpc/0 (16ms)
[Fastbot][2026-04-11 12:55:45.973] Content-Type: application/json
[Fastbot][2026-04-11 12:55:45.973] Date: Sat, 11 Apr 2026 12:55:45 GMT
[Fastbot][2026-04-11 12:55:45.973] Connection: keep-alive
[Fastbot][2026-04-11 12:55:45.973] Transfer-Encoding: chunked
[Fastbot][2026-04-11 12:55:45.974] 
[Fastbot][2026-04-11 12:55:45.974] {"jsonrpc":"2.0","id":1,"result":true}

[Fastbot][2026-04-11 12:55:45.975] <-- END HTTP (39-byte body)
[Fastbot][2026-04-11 12:55:46.002] [Proxy Server] Forwarding
[Fastbot][2026-04-11 12:55:46.002] --> POST http://127.0.0.1:9008/jsonrpc/0
[Fastbot][2026-04-11 12:55:46.003] Content-Type: application/json; charset=utf-8
[Fastbot][2026-04-11 12:55:46.003] Content-Length: 156
[Fastbot][2026-04-11 12:55:46.003] 
[Fastbot][2026-04-11 12:55:46.003] {"jsonrpc": "2.0", "id": 1, "method": "objInfo", "params": [{"mask": 64, "childOrSibling": [], "childOrSiblingSelector": [], "description": "drawer open"}]}
[Fastbot][2026-04-11 12:55:46.003] --> END POST (156-byte body)
[Fastbot][2026-04-11 12:55:46.035] <-- 200 OK  http://127.0.0.1:9008/jsonrpc/0 (31ms)
[Fastbot][2026-04-11 12:55:46.035] Content-Type: application/json
[Fastbot][2026-04-11 12:55:46.035] Date: Sat, 11 Apr 2026 12:55:46 GMT
[Fastbot][2026-04-11 12:55:46.035] Connection: keep-alive
[Fastbot][2026-04-11 12:55:46.035] Transfer-Encoding: chunked
[Fastbot][2026-04-11 12:55:46.080] 
[Fastbot][2026-04-11 12:55:46.080] {"jsonrpc":"2.0","id":1,"result":{"bounds":{"bottom":237,"left":0,"right":154,"top":83},"childCount":0,"className":"android.widget.ImageButton","contentDescription":"drawer open","packageName":"it.feio.android.omninotes.alpha","resourceName":null,"text":null,"visibleBounds":{"bottom":237,"left":0,"r...[truncated]
[Fastbot][2026-04-11 12:55:46.081] <-- END HTTP (479-byte body)
[Fastbot][2026-04-11 12:55:46.125] [Proxy Server] Detected script method: click
[Fastbot][2026-04-11 12:55:46.125] [Proxy Server] Forwarding
[Fastbot][2026-04-11 12:55:46.125] --> POST http://127.0.0.1:9008/jsonrpc/0
[Fastbot][2026-04-11 12:55:46.126] Content-Type: application/json; charset=utf-8
[Fastbot][2026-04-11 12:55:46.126] Content-Length: 71
[Fastbot][2026-04-11 12:55:46.126] 
[Fastbot][2026-04-11 12:55:46.126] {"jsonrpc": "2.0", "id": 1, "method": "click", "params": [77.0, 160.0]}
[Fastbot][2026-04-11 12:55:46.127] --> END POST (71-byte body)
[Fastbot][2026-04-11 12:55:46.264] <-- 200 OK  http://127.0.0.1:9008/jsonrpc/0 (137ms)
[Fastbot][2026-04-11 12:55:46.264] Content-Type: application/json
[Fastbot][2026-04-11 12:55:46.264] Date: Sat, 11 Apr 2026 12:55:46 GMT
[Fastbot][2026-04-11 12:55:46.264] Connection: keep-alive
[Fastbot][2026-04-11 12:55:46.264] Transfer-Encoding: chunked
[Fastbot][2026-04-11 12:55:46.265] 
[Fastbot][2026-04-11 12:55:46.265] {"jsonrpc":"2.0","id":1,"result":true}

[Fastbot][2026-04-11 12:55:46.265] <-- END HTTP (39-byte body)
[Fastbot][2026-04-11 12:55:46.806] [Proxy Server] Forwarding
[Fastbot][2026-04-11 12:55:46.806] --> POST http://127.0.0.1:9008/jsonrpc/0
[Fastbot][2026-04-11 12:55:46.806] Content-Type: application/json; charset=utf-8
[Fastbot][2026-04-11 12:55:46.806] Content-Length: 187
[Fastbot][2026-04-11 12:55:46.806] 
[Fastbot][2026-04-11 12:55:46.807] {"jsonrpc": "2.0", "id": 1, "method": "count", "params": [{"mask": 2097152, "childOrSibling": [], "childOrSiblingSelector": [], "resourceId": "it.feio.android.omninotes.alpha:id/count"}]}
[Fastbot][2026-04-11 12:55:46.807] --> END POST (187-byte body)
[Fastbot][2026-04-11 12:55:47.052] <-- 200 OK  http://127.0.0.1:9008/jsonrpc/0 (245ms)
[Fastbot][2026-04-11 12:55:47.053] Content-Type: application/json
[Fastbot][2026-04-11 12:55:47.053] Date: Sat, 11 Apr 2026 12:55:47 GMT
[Fastbot][2026-04-11 12:55:47.053] Connection: keep-alive
[Fastbot][2026-04-11 12:55:47.053] Transfer-Encoding: chunked
[Fastbot][2026-04-11 12:55:47.053] 
[Fastbot][2026-04-11 12:55:47.054] {"jsonrpc":"2.0","id":1,"result":4}

[Fastbot][2026-04-11 12:55:47.054] <-- END HTTP (36-byte body)
[Fastbot][2026-04-11 12:55:47.085] [Proxy Server] Forwarding
[Fastbot][2026-04-11 12:55:47.086] --> POST http://127.0.0.1:9008/jsonrpc/0
[Fastbot][2026-04-11 12:55:47.086] Content-Type: application/json; charset=utf-8
[Fastbot][2026-04-11 12:55:47.087] Content-Length: 218
[Fastbot][2026-04-11 12:55:47.087] 
[Fastbot][2026-04-11 12:55:47.087] {"jsonrpc": "2.0", "id": 1, "method": "waitForExists", "params": [{"mask": 18874368, "childOrSibling": [], "childOrSiblingSelector": [], "resourceId": "it.feio.android.omninotes.alpha:id/count", "instance": 0}, 20000]}
[Fastbot][2026-04-11 12:55:47.087] --> END POST (218-byte body)
[Fastbot][2026-04-11 12:55:47.103] <-- 200 OK  http://127.0.0.1:9008/jsonrpc/0 (15ms)
[Fastbot][2026-04-11 12:55:47.103] Content-Type: application/json
[Fastbot][2026-04-11 12:55:47.103] Date: Sat, 11 Apr 2026 12:55:47 GMT
[Fastbot][2026-04-11 12:55:47.103] Connection: keep-alive
[Fastbot][2026-04-11 12:55:47.103] Transfer-Encoding: chunked
[Fastbot][2026-04-11 12:55:47.104] 
[Fastbot][2026-04-11 12:55:47.104] {"jsonrpc":"2.0","id":1,"result":true}

[Fastbot][2026-04-11 12:55:47.104] <-- END HTTP (39-byte body)
[Fastbot][2026-04-11 12:55:47.119] [Proxy Server] Forwarding
[Fastbot][2026-04-11 12:55:47.120] --> POST http://127.0.0.1:9008/jsonrpc/0
[Fastbot][2026-04-11 12:55:47.120] Content-Type: application/json; charset=utf-8
[Fastbot][2026-04-11 12:55:47.120] Content-Length: 205
[Fastbot][2026-04-11 12:55:47.120] 
[Fastbot][2026-04-11 12:55:47.121] {"jsonrpc": "2.0", "id": 1, "method": "getText", "params": [{"mask": 18874368, "childOrSibling": [], "childOrSiblingSelector": [], "resourceId": "it.feio.android.omninotes.alpha:id/count", "instance": 0}]}
[Fastbot][2026-04-11 12:55:47.121] --> END POST (205-byte body)
[Fastbot][2026-04-11 12:55:47.136] <-- 200 OK  http://127.0.0.1:9008/jsonrpc/0 (14ms)
[Fastbot][2026-04-11 12:55:47.136] Content-Type: application/json
[Fastbot][2026-04-11 12:55:47.136] Date: Sat, 11 Apr 2026 12:55:47 GMT
[Fastbot][2026-04-11 12:55:47.136] Connection: keep-alive
[Fastbot][2026-04-11 12:55:47.136] Transfer-Encoding: chunked
[Fastbot][2026-04-11 12:55:47.180] 
[Fastbot][2026-04-11 12:55:47.180] {"jsonrpc":"2.0","id":1,"result":"0"}

[Fastbot][2026-04-11 12:55:47.180] <-- END HTTP (38-byte body)
[Fastbot][2026-04-11 12:55:47.210] [Proxy Server] Forwarding
[Fastbot][2026-04-11 12:55:47.210] --> POST http://127.0.0.1:9008/jsonrpc/0
[Fastbot][2026-04-11 12:55:47.211] Content-Type: application/json; charset=utf-8
[Fastbot][2026-04-11 12:55:47.211] Content-Length: 218
[Fastbot][2026-04-11 12:55:47.211] 
[Fastbot][2026-04-11 12:55:47.211] {"jsonrpc": "2.0", "id": 1, "method": "waitForExists", "params": [{"mask": 18874368, "childOrSibling": [], "childOrSiblingSelector": [], "resourceId": "it.feio.android.omninotes.alpha:id/count", "instance": 1}, 20000]}
[Fastbot][2026-04-11 12:55:47.211] --> END POST (218-byte body)
[Fastbot][2026-04-11 12:55:47.235] <-- 200 OK  http://127.0.0.1:9008/jsonrpc/0 (23ms)
[Fastbot][2026-04-11 12:55:47.235] Content-Type: application/json
[Fastbot][2026-04-11 12:55:47.235] Date: Sat, 11 Apr 2026 12:55:47 GMT
[Fastbot][2026-04-11 12:55:47.236] Connection: keep-alive
[Fastbot][2026-04-11 12:55:47.236] Transfer-Encoding: chunked
[Fastbot][2026-04-11 12:55:47.280] 
[Fastbot][2026-04-11 12:55:47.280] {"jsonrpc":"2.0","id":1,"result":true}

[Fastbot][2026-04-11 12:55:47.280] <-- END HTTP (39-byte body)
[Fastbot][2026-04-11 12:55:47.321] [Proxy Server] Forwarding
[Fastbot][2026-04-11 12:55:47.321] --> POST http://127.0.0.1:9008/jsonrpc/0
[Fastbot][2026-04-11 12:55:47.321] Content-Type: application/json; charset=utf-8
[Fastbot][2026-04-11 12:55:47.321] Content-Length: 205
[Fastbot][2026-04-11 12:55:47.322] 
[Fastbot][2026-04-11 12:55:47.322] {"jsonrpc": "2.0", "id": 1, "method": "getText", "params": [{"mask": 18874368, "childOrSibling": [], "childOrSiblingSelector": [], "resourceId": "it.feio.android.omninotes.alpha:id/count", "instance": 1}]}
[Fastbot][2026-04-11 12:55:47.322] --> END POST (205-byte body)
[Fastbot][2026-04-11 12:55:47.335] <-- 200 OK  http://127.0.0.1:9008/jsonrpc/0 (12ms)
[Fastbot][2026-04-11 12:55:47.335] Content-Type: application/json
[Fastbot][2026-04-11 12:55:47.335] Date: Sat, 11 Apr 2026 12:55:47 GMT
[Fastbot][2026-04-11 12:55:47.335] Connection: keep-alive
[Fastbot][2026-04-11 12:55:47.335] Transfer-Encoding: chunked
[Fastbot][2026-04-11 12:55:47.335] 
[Fastbot][2026-04-11 12:55:47.335] {"jsonrpc":"2.0","id":1,"result":"0"}

[Fastbot][2026-04-11 12:55:47.336] <-- END HTTP (38-byte body)
[Fastbot][2026-04-11 12:55:47.366] [Proxy Server] Forwarding
[Fastbot][2026-04-11 12:55:47.367] --> POST http://127.0.0.1:9008/jsonrpc/0
[Fastbot][2026-04-11 12:55:47.367] Content-Type: application/json; charset=utf-8
[Fastbot][2026-04-11 12:55:47.367] Content-Length: 218
[Fastbot][2026-04-11 12:55:47.367] 
[Fastbot][2026-04-11 12:55:47.367] {"jsonrpc": "2.0", "id": 1, "method": "waitForExists", "params": [{"mask": 18874368, "childOrSibling": [], "childOrSiblingSelector": [], "resourceId": "it.feio.android.omninotes.alpha:id/count", "instance": 2}, 20000]}
[Fastbot][2026-04-11 12:55:47.367] --> END POST (218-byte body)
[Fastbot][2026-04-11 12:55:47.374] <-- 200 OK  http://127.0.0.1:9008/jsonrpc/0 (6ms)
[Fastbot][2026-04-11 12:55:47.374] Content-Type: application/json
[Fastbot][2026-04-11 12:55:47.374] Date: Sat, 11 Apr 2026 12:55:47 GMT
[Fastbot][2026-04-11 12:55:47.375] Connection: keep-alive
[Fastbot][2026-04-11 12:55:47.375] Transfer-Encoding: chunked
[Fastbot][2026-04-11 12:55:47.376] 
[Fastbot][2026-04-11 12:55:47.376] {"jsonrpc":"2.0","id":1,"result":true}

[Fastbot][2026-04-11 12:55:47.376] <-- END HTTP (39-byte body)
[Fastbot][2026-04-11 12:55:47.414] [Proxy Server] Forwarding
[Fastbot][2026-04-11 12:55:47.414] --> POST http://127.0.0.1:9008/jsonrpc/0
[Fastbot][2026-04-11 12:55:47.414] Content-Type: application/json; charset=utf-8
[Fastbot][2026-04-11 12:55:47.414] Content-Length: 205
[Fastbot][2026-04-11 12:55:47.414] 
[Fastbot][2026-04-11 12:55:47.414] {"jsonrpc": "2.0", "id": 1, "method": "getText", "params": [{"mask": 18874368, "childOrSibling": [], "childOrSiblingSelector": [], "resourceId": "it.feio.android.omninotes.alpha:id/count", "instance": 2}]}
[Fastbot][2026-04-11 12:55:47.414] --> END POST (205-byte body)
[Fastbot][2026-04-11 12:55:47.422] <-- 200 OK  http://127.0.0.1:9008/jsonrpc/0 (7ms)
[Fastbot][2026-04-11 12:55:47.422] Content-Type: application/json
[Fastbot][2026-04-11 12:55:47.422] Date: Sat, 11 Apr 2026 12:55:47 GMT
[Fastbot][2026-04-11 12:55:47.422] Connection: keep-alive
[Fastbot][2026-04-11 12:55:47.422] Transfer-Encoding: chunked
[Fastbot][2026-04-11 12:55:47.423] 
[Fastbot][2026-04-11 12:55:47.423] {"jsonrpc":"2.0","id":1,"result":"1"}

[Fastbot][2026-04-11 12:55:47.423] <-- END HTTP (38-byte body)
[Fastbot][2026-04-11 12:55:47.437] [Proxy Server] Forwarding
[Fastbot][2026-04-11 12:55:47.438] --> POST http://127.0.0.1:9008/jsonrpc/0
[Fastbot][2026-04-11 12:55:47.438] Content-Type: application/json; charset=utf-8
[Fastbot][2026-04-11 12:55:47.438] Content-Length: 218
[Fastbot][2026-04-11 12:55:47.438] 
[Fastbot][2026-04-11 12:55:47.438] {"jsonrpc": "2.0", "id": 1, "method": "waitForExists", "params": [{"mask": 18874368, "childOrSibling": [], "childOrSiblingSelector": [], "resourceId": "it.feio.android.omninotes.alpha:id/count", "instance": 3}, 20000]}
[Fastbot][2026-04-11 12:55:47.438] --> END POST (218-byte body)
[Fastbot][2026-04-11 12:55:47.445] <-- 200 OK  http://127.0.0.1:9008/jsonrpc/0 (6ms)
[Fastbot][2026-04-11 12:55:47.445] Content-Type: application/json
[Fastbot][2026-04-11 12:55:47.446] Date: Sat, 11 Apr 2026 12:55:47 GMT
[Fastbot][2026-04-11 12:55:47.446] Connection: keep-alive
[Fastbot][2026-04-11 12:55:47.446] Transfer-Encoding: chunked
[Fastbot][2026-04-11 12:55:47.489] 
[Fastbot][2026-04-11 12:55:47.489] {"jsonrpc":"2.0","id":1,"result":true}

[Fastbot][2026-04-11 12:55:47.489] <-- END HTTP (39-byte body)
[Fastbot][2026-04-11 12:55:47.524] [Proxy Server] Forwarding
[Fastbot][2026-04-11 12:55:47.524] --> POST http://127.0.0.1:9008/jsonrpc/0
[Fastbot][2026-04-11 12:55:47.524] Content-Type: application/json; charset=utf-8
[Fastbot][2026-04-11 12:55:47.525] Content-Length: 205
[Fastbot][2026-04-11 12:55:47.525] 
[Fastbot][2026-04-11 12:55:47.525] {"jsonrpc": "2.0", "id": 1, "method": "getText", "params": [{"mask": 18874368, "childOrSibling": [], "childOrSiblingSelector": [], "resourceId": "it.feio.android.omninotes.alpha:id/count", "instance": 3}]}
[Fastbot][2026-04-11 12:55:47.525] --> END POST (205-byte body)
[Fastbot][2026-04-11 12:55:47.533] <-- 200 OK  http://127.0.0.1:9008/jsonrpc/0 (8ms)
[Fastbot][2026-04-11 12:55:47.533] Content-Type: application/json
[Fastbot][2026-04-11 12:55:47.533] Date: Sat, 11 Apr 2026 12:55:47 GMT
[Fastbot][2026-04-11 12:55:47.533] Connection: keep-alive
[Fastbot][2026-04-11 12:55:47.533] Transfer-Encoding: chunked
[Fastbot][2026-04-11 12:55:47.578] 
[Fastbot][2026-04-11 12:55:47.579] {"jsonrpc":"2.0","id":1,"result":"1"}

[Fastbot][2026-04-11 12:55:47.579] <-- END HTTP (38-byte body)
[Fastbot][2026-04-11 12:55:47.634] [Proxy Server] Forwarding
[Fastbot][2026-04-11 12:55:47.634] --> POST http://127.0.0.1:9008/jsonrpc/0
[Fastbot][2026-04-11 12:55:47.634] Content-Type: application/json; charset=utf-8
[Fastbot][2026-04-11 12:55:47.634] Content-Length: 187
[Fastbot][2026-04-11 12:55:47.634] 
[Fastbot][2026-04-11 12:55:47.634] {"jsonrpc": "2.0", "id": 1, "method": "count", "params": [{"mask": 2097152, "childOrSibling": [], "childOrSiblingSelector": [], "resourceId": "it.feio.android.omninotes.alpha:id/title"}]}
[Fastbot][2026-04-11 12:55:47.634] --> END POST (187-byte body)
[Fastbot][2026-04-11 12:55:47.656] <-- 200 OK  http://127.0.0.1:9008/jsonrpc/0 (21ms)
[Fastbot][2026-04-11 12:55:47.656] Content-Type: application/json
[Fastbot][2026-04-11 12:55:47.656] Date: Sat, 11 Apr 2026 12:55:47 GMT
[Fastbot][2026-04-11 12:55:47.656] Connection: keep-alive
[Fastbot][2026-04-11 12:55:47.656] Transfer-Encoding: chunked
[Fastbot][2026-04-11 12:55:47.657] 
[Fastbot][2026-04-11 12:55:47.657] {"jsonrpc":"2.0","id":1,"result":5}

[Fastbot][2026-04-11 12:55:47.658] <-- END HTTP (36-byte body)
[Fastbot][2026-04-11 12:55:47.672] [Proxy Server] Forwarding
[Fastbot][2026-04-11 12:55:47.672] --> POST http://127.0.0.1:9008/jsonrpc/0
[Fastbot][2026-04-11 12:55:47.672] Content-Type: application/json; charset=utf-8
[Fastbot][2026-04-11 12:55:47.672] Content-Length: 218
[Fastbot][2026-04-11 12:55:47.672] 
[Fastbot][2026-04-11 12:55:47.673] {"jsonrpc": "2.0", "id": 1, "method": "waitForExists", "params": [{"mask": 18874368, "childOrSibling": [], "childOrSiblingSelector": [], "resourceId": "it.feio.android.omninotes.alpha:id/title", "instance": 0}, 20000]}
[Fastbot][2026-04-11 12:55:47.673] --> END POST (218-byte body)
[Fastbot][2026-04-11 12:55:47.679] <-- 200 OK  http://127.0.0.1:9008/jsonrpc/0 (5ms)
[Fastbot][2026-04-11 12:55:47.679] Content-Type: application/json
[Fastbot][2026-04-11 12:55:47.680] Date: Sat, 11 Apr 2026 12:55:47 GMT
[Fastbot][2026-04-11 12:55:47.680] Connection: keep-alive
[Fastbot][2026-04-11 12:55:47.680] Transfer-Encoding: chunked
[Fastbot][2026-04-11 12:55:47.719] 
[Fastbot][2026-04-11 12:55:47.719] {"jsonrpc":"2.0","id":1,"result":true}

[Fastbot][2026-04-11 12:55:47.719] <-- END HTTP (39-byte body)
[Fastbot][2026-04-11 12:55:47.745] [Proxy Server] Forwarding
[Fastbot][2026-04-11 12:55:47.745] --> POST http://127.0.0.1:9008/jsonrpc/0
[Fastbot][2026-04-11 12:55:47.745] Content-Type: application/json; charset=utf-8
[Fastbot][2026-04-11 12:55:47.745] Content-Length: 205
[Fastbot][2026-04-11 12:55:47.745] 
[Fastbot][2026-04-11 12:55:47.745] {"jsonrpc": "2.0", "id": 1, "method": "getText", "params": [{"mask": 18874368, "childOrSibling": [], "childOrSiblingSelector": [], "resourceId": "it.feio.android.omninotes.alpha:id/title", "instance": 0}]}
[Fastbot][2026-04-11 12:55:47.745] --> END POST (205-byte body)
[Fastbot][2026-04-11 12:55:47.752] <-- 200 OK  http://127.0.0.1:9008/jsonrpc/0 (6ms)
[Fastbot][2026-04-11 12:55:47.752] Content-Type: application/json
[Fastbot][2026-04-11 12:55:47.752] Date: Sat, 11 Apr 2026 12:55:47 GMT
[Fastbot][2026-04-11 12:55:47.752] Connection: keep-alive
[Fastbot][2026-04-11 12:55:47.753] Transfer-Encoding: chunked
[Fastbot][2026-04-11 12:55:47.799] 
[Fastbot][2026-04-11 12:55:47.800] {"jsonrpc":"2.0","id":1,"result":"Notes"}

[Fastbot][2026-04-11 12:55:47.800] <-- END HTTP (42-byte body)
[Fastbot][2026-04-11 12:55:47.836] [Proxy Server] Forwarding
[Fastbot][2026-04-11 12:55:47.836] --> POST http://127.0.0.1:9008/jsonrpc/0
[Fastbot][2026-04-11 12:55:47.836] Content-Type: application/json; charset=utf-8
[Fastbot][2026-04-11 12:55:47.836] Content-Length: 218
[Fastbot][2026-04-11 12:55:47.836] 
[Fastbot][2026-04-11 12:55:47.836] {"jsonrpc": "2.0", "id": 1, "method": "waitForExists", "params": [{"mask": 18874368, "childOrSibling": [], "childOrSiblingSelector": [], "resourceId": "it.feio.android.omninotes.alpha:id/title", "instance": 1}, 20000]}
[Fastbot][2026-04-11 12:55:47.837] --> END POST (218-byte body)
[Fastbot][2026-04-11 12:55:47.843] <-- 200 OK  http://127.0.0.1:9008/jsonrpc/0 (6ms)
[Fastbot][2026-04-11 12:55:47.843] Content-Type: application/json
[Fastbot][2026-04-11 12:55:47.843] Date: Sat, 11 Apr 2026 12:55:47 GMT
[Fastbot][2026-04-11 12:55:47.843] Connection: keep-alive
[Fastbot][2026-04-11 12:55:47.843] Transfer-Encoding: chunked
[Fastbot][2026-04-11 12:55:47.843] 
[Fastbot][2026-04-11 12:55:47.844] {"jsonrpc":"2.0","id":1,"result":true}

[Fastbot][2026-04-11 12:55:47.844] <-- END HTTP (39-byte body)
[Fastbot][2026-04-11 12:55:47.868] [Proxy Server] Forwarding
[Fastbot][2026-04-11 12:55:47.869] --> POST http://127.0.0.1:9008/jsonrpc/0
[Fastbot][2026-04-11 12:55:47.869] Content-Type: application/json; charset=utf-8
[Fastbot][2026-04-11 12:55:47.869] Content-Length: 205
[Fastbot][2026-04-11 12:55:47.869] 
[Fastbot][2026-04-11 12:55:47.869] {"jsonrpc": "2.0", "id": 1, "method": "getText", "params": [{"mask": 18874368, "childOrSibling": [], "childOrSiblingSelector": [], "resourceId": "it.feio.android.omninotes.alpha:id/title", "instance": 1}]}
[Fastbot][2026-04-11 12:55:47.869] --> END POST (205-byte body)
[Fastbot][2026-04-11 12:55:47.875] <-- 200 OK  http://127.0.0.1:9008/jsonrpc/0 (5ms)
[Fastbot][2026-04-11 12:55:47.875] Content-Type: application/json
[Fastbot][2026-04-11 12:55:47.875] Date: Sat, 11 Apr 2026 12:55:47 GMT
[Fastbot][2026-04-11 12:55:47.876] Connection: keep-alive
[Fastbot][2026-04-11 12:55:47.876] Transfer-Encoding: chunked
[Fastbot][2026-04-11 12:55:47.920] 
[Fastbot][2026-04-11 12:55:47.920] {"jsonrpc":"2.0","id":1,"result":"4XwA4ZOd"}

[Fastbot][2026-04-11 12:55:47.920] <-- END HTTP (45-byte body)
[Fastbot][2026-04-11 12:55:47.938] [Proxy Server] Forwarding
[Fastbot][2026-04-11 12:55:47.938] --> POST http://127.0.0.1:9008/jsonrpc/0
[Fastbot][2026-04-11 12:55:47.938] Content-Type: application/json; charset=utf-8
[Fastbot][2026-04-11 12:55:47.939] Content-Length: 218
[Fastbot][2026-04-11 12:55:47.939] 
[Fastbot][2026-04-11 12:55:47.939] {"jsonrpc": "2.0", "id": 1, "method": "waitForExists", "params": [{"mask": 18874368, "childOrSibling": [], "childOrSiblingSelector": [], "resourceId": "it.feio.android.omninotes.alpha:id/title", "instance": 2}, 20000]}
[Fastbot][2026-04-11 12:55:47.939] --> END POST (218-byte body)
[Fastbot][2026-04-11 12:55:47.953] <-- 200 OK  http://127.0.0.1:9008/jsonrpc/0 (13ms)
[Fastbot][2026-04-11 12:55:47.953] Content-Type: application/json
[Fastbot][2026-04-11 12:55:47.953] Date: Sat, 11 Apr 2026 12:55:47 GMT
[Fastbot][2026-04-11 12:55:47.953] Connection: keep-alive
[Fastbot][2026-04-11 12:55:47.953] Transfer-Encoding: chunked
[Fastbot][2026-04-11 12:55:47.999] 
[Fastbot][2026-04-11 12:55:47.999] {"jsonrpc":"2.0","id":1,"result":true}

[Fastbot][2026-04-11 12:55:47.999] <-- END HTTP (39-byte body)
[Fastbot][2026-04-11 12:55:48.022] [Proxy Server] Forwarding
[Fastbot][2026-04-11 12:55:48.023] --> POST http://127.0.0.1:9008/jsonrpc/0
[Fastbot][2026-04-11 12:55:48.023] Content-Type: application/json; charset=utf-8
[Fastbot][2026-04-11 12:55:48.023] Content-Length: 205
[Fastbot][2026-04-11 12:55:48.023] 
[Fastbot][2026-04-11 12:55:48.023] {"jsonrpc": "2.0", "id": 1, "method": "getText", "params": [{"mask": 18874368, "childOrSibling": [], "childOrSiblingSelector": [], "resourceId": "it.feio.android.omninotes.alpha:id/title", "instance": 2}]}
[Fastbot][2026-04-11 12:55:48.023] --> END POST (205-byte body)
[Fastbot][2026-04-11 12:55:48.035] <-- 200 OK  http://127.0.0.1:9008/jsonrpc/0 (11ms)
[Fastbot][2026-04-11 12:55:48.035] Content-Type: application/json
[Fastbot][2026-04-11 12:55:48.035] Date: Sat, 11 Apr 2026 12:55:48 GMT
[Fastbot][2026-04-11 12:55:48.035] Connection: keep-alive
[Fastbot][2026-04-11 12:55:48.035] Transfer-Encoding: chunked
[Fastbot][2026-04-11 12:55:48.080] 
[Fastbot][2026-04-11 12:55:48.080] {"jsonrpc":"2.0","id":1,"result":"WnRumb"}

[Fastbot][2026-04-11 12:55:48.080] <-- END HTTP (43-byte body)
[Fastbot][2026-04-11 12:55:48.123] [Proxy Server] Forwarding
[Fastbot][2026-04-11 12:55:48.123] --> POST http://127.0.0.1:9008/jsonrpc/0
[Fastbot][2026-04-11 12:55:48.123] Content-Type: application/json; charset=utf-8
[Fastbot][2026-04-11 12:55:48.123] Content-Length: 218
[Fastbot][2026-04-11 12:55:48.123] 
[Fastbot][2026-04-11 12:55:48.123] {"jsonrpc": "2.0", "id": 1, "method": "waitForExists", "params": [{"mask": 18874368, "childOrSibling": [], "childOrSiblingSelector": [], "resourceId": "it.feio.android.omninotes.alpha:id/title", "instance": 3}, 20000]}
[Fastbot][2026-04-11 12:55:48.123] --> END POST (218-byte body)
[Fastbot][2026-04-11 12:55:48.135] <-- 200 OK  http://127.0.0.1:9008/jsonrpc/0 (11ms)
[Fastbot][2026-04-11 12:55:48.135] Content-Type: application/json
[Fastbot][2026-04-11 12:55:48.135] Date: Sat, 11 Apr 2026 12:55:48 GMT
[Fastbot][2026-04-11 12:55:48.135] Connection: keep-alive
[Fastbot][2026-04-11 12:55:48.135] Transfer-Encoding: chunked
[Fastbot][2026-04-11 12:55:48.136] 
[Fastbot][2026-04-11 12:55:48.136] {"jsonrpc":"2.0","id":1,"result":true}

[Fastbot][2026-04-11 12:55:48.136] <-- END HTTP (39-byte body)
[Fastbot][2026-04-11 12:55:48.154] [Proxy Server] Forwarding
[Fastbot][2026-04-11 12:55:48.155] --> POST http://127.0.0.1:9008/jsonrpc/0
[Fastbot][2026-04-11 12:55:48.155] Content-Type: application/json; charset=utf-8
[Fastbot][2026-04-11 12:55:48.155] Content-Length: 205
[Fastbot][2026-04-11 12:55:48.155] 
[Fastbot][2026-04-11 12:55:48.155] {"jsonrpc": "2.0", "id": 1, "method": "getText", "params": [{"mask": 18874368, "childOrSibling": [], "childOrSiblingSelector": [], "resourceId": "it.feio.android.omninotes.alpha:id/title", "instance": 3}]}
[Fastbot][2026-04-11 12:55:48.155] --> END POST (205-byte body)
[Fastbot][2026-04-11 12:55:48.162] <-- 200 OK  http://127.0.0.1:9008/jsonrpc/0 (6ms)
[Fastbot][2026-04-11 12:55:48.162] Content-Type: application/json
[Fastbot][2026-04-11 12:55:48.163] Date: Sat, 11 Apr 2026 12:55:48 GMT
[Fastbot][2026-04-11 12:55:48.163] Connection: keep-alive
[Fastbot][2026-04-11 12:55:48.163] Transfer-Encoding: chunked
[Fastbot][2026-04-11 12:55:48.210] 
[Fastbot][2026-04-11 12:55:48.210] {"jsonrpc":"2.0","id":1,"result":"reCPsX"}

[Fastbot][2026-04-11 12:55:48.210] <-- END HTTP (43-byte body)
[Fastbot][2026-04-11 12:55:48.245] [Proxy Server] Forwarding
[Fastbot][2026-04-11 12:55:48.246] --> POST http://127.0.0.1:9008/jsonrpc/0
[Fastbot][2026-04-11 12:55:48.246] Content-Type: application/json; charset=utf-8
[Fastbot][2026-04-11 12:55:48.247] Content-Length: 218
[Fastbot][2026-04-11 12:55:48.247] 
[Fastbot][2026-04-11 12:55:48.247] {"jsonrpc": "2.0", "id": 1, "method": "waitForExists", "params": [{"mask": 18874368, "childOrSibling": [], "childOrSiblingSelector": [], "resourceId": "it.feio.android.omninotes.alpha:id/title", "instance": 4}, 20000]}
[Fastbot][2026-04-11 12:55:48.247] --> END POST (218-byte body)
[Fastbot][2026-04-11 12:55:48.255] <-- 200 OK  http://127.0.0.1:9008/jsonrpc/0 (7ms)
[Fastbot][2026-04-11 12:55:48.255] Content-Type: application/json
[Fastbot][2026-04-11 12:55:48.256] Date: Sat, 11 Apr 2026 12:55:48 GMT
[Fastbot][2026-04-11 12:55:48.256] Connection: keep-alive
[Fastbot][2026-04-11 12:55:48.256] Transfer-Encoding: chunked
[Fastbot][2026-04-11 12:55:48.256] 
[Fastbot][2026-04-11 12:55:48.256] {"jsonrpc":"2.0","id":1,"result":true}

[Fastbot][2026-04-11 12:55:48.257] <-- END HTTP (39-byte body)
[Fastbot][2026-04-11 12:55:48.271] [Proxy Server] Forwarding
[Fastbot][2026-04-11 12:55:48.272] --> POST http://127.0.0.1:9008/jsonrpc/0
[Fastbot][2026-04-11 12:55:48.272] Content-Type: application/json; charset=utf-8
[Fastbot][2026-04-11 12:55:48.272] Content-Length: 205
[Fastbot][2026-04-11 12:55:48.272] 
[Fastbot][2026-04-11 12:55:48.272] {"jsonrpc": "2.0", "id": 1, "method": "getText", "params": [{"mask": 18874368, "childOrSibling": [], "childOrSiblingSelector": [], "resourceId": "it.feio.android.omninotes.alpha:id/title", "instance": 4}]}
[Fastbot][2026-04-11 12:55:48.272] --> END POST (205-byte body)
[Fastbot][2026-04-11 12:55:48.279] <-- 200 OK  http://127.0.0.1:9008/jsonrpc/0 (7ms)
[Fastbot][2026-04-11 12:55:48.280] Content-Type: application/json
[Fastbot][2026-04-11 12:55:48.280] Date: Sat, 11 Apr 2026 12:55:48 GMT
[Fastbot][2026-04-11 12:55:48.280] Connection: keep-alive
[Fastbot][2026-04-11 12:55:48.280] Transfer-Encoding: chunked
[Fastbot][2026-04-11 12:55:48.329] 
[Fastbot][2026-04-11 12:55:48.329] {"jsonrpc":"2.0","id":1,"result":"tq94Na"}

[Fastbot][2026-04-11 12:55:48.329] <-- END HTTP (43-byte body)
[Fastbot][2026-04-11 12:55:48.370] [Proxy Server] Forwarding
[Fastbot][2026-04-11 12:55:48.370] --> POST http://127.0.0.1:9008/jsonrpc/0
[Fastbot][2026-04-11 12:55:48.370] Content-Type: application/json; charset=utf-8
[Fastbot][2026-04-11 12:55:48.370] Content-Length: 187
[Fastbot][2026-04-11 12:55:48.370] 
[Fastbot][2026-04-11 12:55:48.371] {"jsonrpc": "2.0", "id": 1, "method": "count", "params": [{"mask": 2097152, "childOrSibling": [], "childOrSiblingSelector": [], "resourceId": "it.feio.android.omninotes.alpha:id/title"}]}
[Fastbot][2026-04-11 12:55:48.371] --> END POST (187-byte body)
[Fastbot][2026-04-11 12:55:48.392] <-- 200 OK  http://127.0.0.1:9008/jsonrpc/0 (21ms)
[Fastbot][2026-04-11 12:55:48.393] Content-Type: application/json
[Fastbot][2026-04-11 12:55:48.393] Date: Sat, 11 Apr 2026 12:55:48 GMT
[Fastbot][2026-04-11 12:55:48.393] Connection: keep-alive
[Fastbot][2026-04-11 12:55:48.393] Transfer-Encoding: chunked
[Fastbot][2026-04-11 12:55:48.393] 
[Fastbot][2026-04-11 12:55:48.393] {"jsonrpc":"2.0","id":1,"result":5}

[Fastbot][2026-04-11 12:55:48.393] <-- END HTTP (36-byte body)
[Fastbot][2026-04-11 12:55:48.431] [Proxy Server] Forwarding
[Fastbot][2026-04-11 12:55:48.431] --> POST http://127.0.0.1:9008/jsonrpc/0
[Fastbot][2026-04-11 12:55:48.431] Content-Type: application/json; charset=utf-8
[Fastbot][2026-04-11 12:55:48.431] Content-Length: 218
[Fastbot][2026-04-11 12:55:48.432] 
[Fastbot][2026-04-11 12:55:48.432] {"jsonrpc": "2.0", "id": 1, "method": "waitForExists", "params": [{"mask": 18874368, "childOrSibling": [], "childOrSiblingSelector": [], "resourceId": "it.feio.android.omninotes.alpha:id/title", "instance": 0}, 20000]}
[Fastbot][2026-04-11 12:55:48.432] --> END POST (218-byte body)
[Fastbot][2026-04-11 12:55:48.440] <-- 200 OK  http://127.0.0.1:9008/jsonrpc/0 (7ms)
[Fastbot][2026-04-11 12:55:48.440] Content-Type: application/json
[Fastbot][2026-04-11 12:55:48.440] Date: Sat, 11 Apr 2026 12:55:48 GMT
[Fastbot][2026-04-11 12:55:48.440] Connection: keep-alive
[Fastbot][2026-04-11 12:55:48.440] Transfer-Encoding: chunked
[Fastbot][2026-04-11 12:55:48.440] 
[Fastbot][2026-04-11 12:55:48.441] {"jsonrpc":"2.0","id":1,"result":true}

[Fastbot][2026-04-11 12:55:48.441] <-- END HTTP (39-byte body)
[Fastbot][2026-04-11 12:55:48.455] [Proxy Server] Forwarding
[Fastbot][2026-04-11 12:55:48.455] --> POST http://127.0.0.1:9008/jsonrpc/0
[Fastbot][2026-04-11 12:55:48.455] Content-Type: application/json; charset=utf-8
[Fastbot][2026-04-11 12:55:48.455] Content-Length: 205
[Fastbot][2026-04-11 12:55:48.455] 
[Fastbot][2026-04-11 12:55:48.455] {"jsonrpc": "2.0", "id": 1, "method": "getText", "params": [{"mask": 18874368, "childOrSibling": [], "childOrSiblingSelector": [], "resourceId": "it.feio.android.omninotes.alpha:id/title", "instance": 0}]}
[Fastbot][2026-04-11 12:55:48.455] --> END POST (205-byte body)
[Fastbot][2026-04-11 12:55:48.461] <-- 200 OK  http://127.0.0.1:9008/jsonrpc/0 (5ms)
[Fastbot][2026-04-11 12:55:48.461] Content-Type: application/json
[Fastbot][2026-04-11 12:55:48.461] Date: Sat, 11 Apr 2026 12:55:48 GMT
[Fastbot][2026-04-11 12:55:48.461] Connection: keep-alive
[Fastbot][2026-04-11 12:55:48.461] Transfer-Encoding: chunked
[Fastbot][2026-04-11 12:55:48.509] 
[Fastbot][2026-04-11 12:55:48.509] {"jsonrpc":"2.0","id":1,"result":"Notes"}

[Fastbot][2026-04-11 12:55:48.509] <-- END HTTP (42-byte body)
[Fastbot][2026-04-11 12:55:48.524] [Proxy Server] Forwarding
[Fastbot][2026-04-11 12:55:48.524] --> POST http://127.0.0.1:9008/jsonrpc/0
[Fastbot][2026-04-11 12:55:48.524] Content-Type: application/json; charset=utf-8
[Fastbot][2026-04-11 12:55:48.524] Content-Length: 218
[Fastbot][2026-04-11 12:55:48.525] 
[Fastbot][2026-04-11 12:55:48.525] {"jsonrpc": "2.0", "id": 1, "method": "waitForExists", "params": [{"mask": 18874368, "childOrSibling": [], "childOrSiblingSelector": [], "resourceId": "it.feio.android.omninotes.alpha:id/title", "instance": 1}, 20000]}
[Fastbot][2026-04-11 12:55:48.525] --> END POST (218-byte body)
[Fastbot][2026-04-11 12:55:48.531] <-- 200 OK  http://127.0.0.1:9008/jsonrpc/0 (5ms)
[Fastbot][2026-04-11 12:55:48.531] Content-Type: application/json
[Fastbot][2026-04-11 12:55:48.531] Date: Sat, 11 Apr 2026 12:55:48 GMT
[Fastbot][2026-04-11 12:55:48.531] Connection: keep-alive
[Fastbot][2026-04-11 12:55:48.531] Transfer-Encoding: chunked
[Fastbot][2026-04-11 12:55:48.589] 
[Fastbot][2026-04-11 12:55:48.589] {"jsonrpc":"2.0","id":1,"result":true}

[Fastbot][2026-04-11 12:55:48.589] <-- END HTTP (39-byte body)
[Fastbot][2026-04-11 12:55:48.622] [Proxy Server] Forwarding
[Fastbot][2026-04-11 12:55:48.622] --> POST http://127.0.0.1:9008/jsonrpc/0
[Fastbot][2026-04-11 12:55:48.622] Content-Type: application/json; charset=utf-8
[Fastbot][2026-04-11 12:55:48.622] Content-Length: 205
[Fastbot][2026-04-11 12:55:48.623] 
[Fastbot][2026-04-11 12:55:48.623] {"jsonrpc": "2.0", "id": 1, "method": "getText", "params": [{"mask": 18874368, "childOrSibling": [], "childOrSiblingSelector": [], "resourceId": "it.feio.android.omninotes.alpha:id/title", "instance": 1}]}
[Fastbot][2026-04-11 12:55:48.623] --> END POST (205-byte body)
[Fastbot][2026-04-11 12:55:48.629] <-- 200 OK  http://127.0.0.1:9008/jsonrpc/0 (6ms)
[Fastbot][2026-04-11 12:55:48.630] Content-Type: application/json
[Fastbot][2026-04-11 12:55:48.630] Date: Sat, 11 Apr 2026 12:55:48 GMT
[Fastbot][2026-04-11 12:55:48.630] Connection: keep-alive
[Fastbot][2026-04-11 12:55:48.630] Transfer-Encoding: chunked
[Fastbot][2026-04-11 12:55:48.669] 
[Fastbot][2026-04-11 12:55:48.669] {"jsonrpc":"2.0","id":1,"result":"4XwA4ZOd"}

[Fastbot][2026-04-11 12:55:48.669] <-- END HTTP (45-byte body)
[Fastbot][2026-04-11 12:55:48.700] [Proxy Server] Forwarding
[Fastbot][2026-04-11 12:55:48.701] --> POST http://127.0.0.1:9008/jsonrpc/0
[Fastbot][2026-04-11 12:55:48.701] Content-Type: application/json; charset=utf-8
[Fastbot][2026-04-11 12:55:48.701] Content-Length: 218
[Fastbot][2026-04-11 12:55:48.701] 
[Fastbot][2026-04-11 12:55:48.701] {"jsonrpc": "2.0", "id": 1, "method": "waitForExists", "params": [{"mask": 18874368, "childOrSibling": [], "childOrSiblingSelector": [], "resourceId": "it.feio.android.omninotes.alpha:id/title", "instance": 2}, 20000]}
[Fastbot][2026-04-11 12:55:48.702] --> END POST (218-byte body)
[Fastbot][2026-04-11 12:55:48.708] <-- 200 OK  http://127.0.0.1:9008/jsonrpc/0 (5ms)
[Fastbot][2026-04-11 12:55:48.708] Content-Type: application/json
[Fastbot][2026-04-11 12:55:48.708] Date: Sat, 11 Apr 2026 12:55:48 GMT
[Fastbot][2026-04-11 12:55:48.708] Connection: keep-alive
[Fastbot][2026-04-11 12:55:48.708] Transfer-Encoding: chunked
[Fastbot][2026-04-11 12:55:48.750] 
[Fastbot][2026-04-11 12:55:48.750] {"jsonrpc":"2.0","id":1,"result":true}

[Fastbot][2026-04-11 12:55:48.750] <-- END HTTP (39-byte body)
[Fastbot][2026-04-11 12:55:48.781] [Proxy Server] Forwarding
[Fastbot][2026-04-11 12:55:48.781] --> POST http://127.0.0.1:9008/jsonrpc/0
[Fastbot][2026-04-11 12:55:48.781] Content-Type: application/json; charset=utf-8
[Fastbot][2026-04-11 12:55:48.781] Content-Length: 205
[Fastbot][2026-04-11 12:55:48.781] 
[Fastbot][2026-04-11 12:55:48.782] {"jsonrpc": "2.0", "id": 1, "method": "getText", "params": [{"mask": 18874368, "childOrSibling": [], "childOrSiblingSelector": [], "resourceId": "it.feio.android.omninotes.alpha:id/title", "instance": 2}]}
[Fastbot][2026-04-11 12:55:48.782] --> END POST (205-byte body)
[Fastbot][2026-04-11 12:55:48.788] <-- 200 OK  http://127.0.0.1:9008/jsonrpc/0 (6ms)
[Fastbot][2026-04-11 12:55:48.788] Content-Type: application/json
[Fastbot][2026-04-11 12:55:48.789] Date: Sat, 11 Apr 2026 12:55:48 GMT
[Fastbot][2026-04-11 12:55:48.789] Connection: keep-alive
[Fastbot][2026-04-11 12:55:48.789] Transfer-Encoding: chunked
[Fastbot][2026-04-11 12:55:48.829] 
[Fastbot][2026-04-11 12:55:48.829] {"jsonrpc":"2.0","id":1,"result":"WnRumb"}

[Fastbot][2026-04-11 12:55:48.829] <-- END HTTP (43-byte body)
[Fastbot][2026-04-11 12:55:48.858] [Proxy Server] Forwarding
[Fastbot][2026-04-11 12:55:48.858] --> POST http://127.0.0.1:9008/jsonrpc/0
[Fastbot][2026-04-11 12:55:48.859] Content-Type: application/json; charset=utf-8
[Fastbot][2026-04-11 12:55:48.859] Content-Length: 218
[Fastbot][2026-04-11 12:55:48.859] 
[Fastbot][2026-04-11 12:55:48.859] {"jsonrpc": "2.0", "id": 1, "method": "waitForExists", "params": [{"mask": 18874368, "childOrSibling": [], "childOrSiblingSelector": [], "resourceId": "it.feio.android.omninotes.alpha:id/title", "instance": 3}, 20000]}
[Fastbot][2026-04-11 12:55:48.859] --> END POST (218-byte body)
[Fastbot][2026-04-11 12:55:48.866] <-- 200 OK  http://127.0.0.1:9008/jsonrpc/0 (6ms)
[Fastbot][2026-04-11 12:55:48.866] Content-Type: application/json
[Fastbot][2026-04-11 12:55:48.866] Date: Sat, 11 Apr 2026 12:55:48 GMT
[Fastbot][2026-04-11 12:55:48.866] Connection: keep-alive
[Fastbot][2026-04-11 12:55:48.866] Transfer-Encoding: chunked
[Fastbot][2026-04-11 12:55:48.910] 
[Fastbot][2026-04-11 12:55:48.910] {"jsonrpc":"2.0","id":1,"result":true}

[Fastbot][2026-04-11 12:55:48.910] <-- END HTTP (39-byte body)
[Fastbot][2026-04-11 12:55:48.924] [Proxy Server] Forwarding
[Fastbot][2026-04-11 12:55:48.925] --> POST http://127.0.0.1:9008/jsonrpc/0
[Fastbot][2026-04-11 12:55:48.925] Content-Type: application/json; charset=utf-8
[Fastbot][2026-04-11 12:55:48.925] Content-Length: 205
[Fastbot][2026-04-11 12:55:48.926] 
[Fastbot][2026-04-11 12:55:48.926] {"jsonrpc": "2.0", "id": 1, "method": "getText", "params": [{"mask": 18874368, "childOrSibling": [], "childOrSiblingSelector": [], "resourceId": "it.feio.android.omninotes.alpha:id/title", "instance": 3}]}
[Fastbot][2026-04-11 12:55:48.926] --> END POST (205-byte body)
[Fastbot][2026-04-11 12:55:48.932] <-- 200 OK  http://127.0.0.1:9008/jsonrpc/0 (5ms)
[Fastbot][2026-04-11 12:55:48.932] Content-Type: application/json
[Fastbot][2026-04-11 12:55:48.932] Date: Sat, 11 Apr 2026 12:55:48 GMT
[Fastbot][2026-04-11 12:55:48.932] Connection: keep-alive
[Fastbot][2026-04-11 12:55:48.932] Transfer-Encoding: chunked
[Fastbot][2026-04-11 12:55:48.978] 
[Fastbot][2026-04-11 12:55:48.979] {"jsonrpc":"2.0","id":1,"result":"reCPsX"}

[Fastbot][2026-04-11 12:55:48.979] <-- END HTTP (43-byte body)
[Fastbot][2026-04-11 12:55:49.031] [Proxy Server] Forwarding
[Fastbot][2026-04-11 12:55:49.032] --> POST http://127.0.0.1:9008/jsonrpc/0
[Fastbot][2026-04-11 12:55:49.032] Content-Type: application/json; charset=utf-8
[Fastbot][2026-04-11 12:55:49.032] Content-Length: 218
[Fastbot][2026-04-11 12:55:49.032] 
[Fastbot][2026-04-11 12:55:49.032] {"jsonrpc": "2.0", "id": 1, "method": "waitForExists", "params": [{"mask": 18874368, "childOrSibling": [], "childOrSiblingSelector": [], "resourceId": "it.feio.android.omninotes.alpha:id/title", "instance": 4}, 20000]}
[Fastbot][2026-04-11 12:55:49.032] --> END POST (218-byte body)
[Fastbot][2026-04-11 12:55:49.040] <-- 200 OK  http://127.0.0.1:9008/jsonrpc/0 (7ms)
[Fastbot][2026-04-11 12:55:49.040] Content-Type: application/json
[Fastbot][2026-04-11 12:55:49.041] Date: Sat, 11 Apr 2026 12:55:49 GMT
[Fastbot][2026-04-11 12:55:49.041] Connection: keep-alive
[Fastbot][2026-04-11 12:55:49.041] Transfer-Encoding: chunked
[Fastbot][2026-04-11 12:55:49.041] 
[Fastbot][2026-04-11 12:55:49.041] {"jsonrpc":"2.0","id":1,"result":true}

[Fastbot][2026-04-11 12:55:49.041] <-- END HTTP (39-byte body)
[Fastbot][2026-04-11 12:55:49.078] [Proxy Server] Forwarding
[Fastbot][2026-04-11 12:55:49.078] --> POST http://127.0.0.1:9008/jsonrpc/0
[Fastbot][2026-04-11 12:55:49.078] Content-Type: application/json; charset=utf-8
[Fastbot][2026-04-11 12:55:49.079] Content-Length: 205
[Fastbot][2026-04-11 12:55:49.079] 
[Fastbot][2026-04-11 12:55:49.079] {"jsonrpc": "2.0", "id": 1, "method": "getText", "params": [{"mask": 18874368, "childOrSibling": [], "childOrSiblingSelector": [], "resourceId": "it.feio.android.omninotes.alpha:id/title", "instance": 4}]}
[Fastbot][2026-04-11 12:55:49.079] --> END POST (205-byte body)
[Fastbot][2026-04-11 12:55:49.085] <-- 200 OK  http://127.0.0.1:9008/jsonrpc/0 (5ms)
[Fastbot][2026-04-11 12:55:49.086] Content-Type: application/json
[Fastbot][2026-04-11 12:55:49.086] Date: Sat, 11 Apr 2026 12:55:49 GMT
[Fastbot][2026-04-11 12:55:49.086] Connection: keep-alive
[Fastbot][2026-04-11 12:55:49.086] Transfer-Encoding: chunked
[Fastbot][2026-04-11 12:55:49.086] 
[Fastbot][2026-04-11 12:55:49.086] {"jsonrpc":"2.0","id":1,"result":"tq94Na"}

[Fastbot][2026-04-11 12:55:49.086] <-- END HTTP (43-byte body)
[Fastbot][2026-04-11 12:55:49.102] [Proxy Server] Forwarding
[Fastbot][2026-04-11 12:55:49.102] --> POST http://127.0.0.1:9008/jsonrpc/0
[Fastbot][2026-04-11 12:55:49.102] Content-Type: application/json; charset=utf-8
[Fastbot][2026-04-11 12:55:49.103] Content-Length: 220
[Fastbot][2026-04-11 12:55:49.103] 
[Fastbot][2026-04-11 12:55:49.103] {"jsonrpc": "2.0", "id": 1, "method": "waitForExists", "params": [{"mask": 2097153, "childOrSibling": [], "childOrSiblingSelector": [], "resourceId": "it.feio.android.omninotes.alpha:id/title", "text": "WnRumb"}, 20000]}
[Fastbot][2026-04-11 12:55:49.103] --> END POST (220-byte body)
[Fastbot][2026-04-11 12:55:49.122] <-- 200 OK  http://127.0.0.1:9008/jsonrpc/0 (19ms)
[Fastbot][2026-04-11 12:55:49.122] Content-Type: application/json
[Fastbot][2026-04-11 12:55:49.122] Date: Sat, 11 Apr 2026 12:55:49 GMT
[Fastbot][2026-04-11 12:55:49.122] Connection: keep-alive
[Fastbot][2026-04-11 12:55:49.122] Transfer-Encoding: chunked
[Fastbot][2026-04-11 12:55:49.169] 
[Fastbot][2026-04-11 12:55:49.169] {"jsonrpc":"2.0","id":1,"result":true}

[Fastbot][2026-04-11 12:55:49.169] <-- END HTTP (39-byte body)
[Fastbot][2026-04-11 12:55:49.201] [Proxy Server] Forwarding
[Fastbot][2026-04-11 12:55:49.201] --> POST http://127.0.0.1:9008/jsonrpc/0
[Fastbot][2026-04-11 12:55:49.201] Content-Type: application/json; charset=utf-8
[Fastbot][2026-04-11 12:55:49.201] Content-Length: 207
[Fastbot][2026-04-11 12:55:49.201] 
[Fastbot][2026-04-11 12:55:49.201] {"jsonrpc": "2.0", "id": 1, "method": "objInfo", "params": [{"mask": 2097153, "childOrSibling": [], "childOrSiblingSelector": [], "resourceId": "it.feio.android.omninotes.alpha:id/title", "text": "WnRumb"}]}
[Fastbot][2026-04-11 12:55:49.202] --> END POST (207-byte body)
[Fastbot][2026-04-11 12:55:49.235] <-- 200 OK  http://127.0.0.1:9008/jsonrpc/0 (33ms)
[Fastbot][2026-04-11 12:55:49.235] Content-Type: application/json
[Fastbot][2026-04-11 12:55:49.235] Date: Sat, 11 Apr 2026 12:55:49 GMT
[Fastbot][2026-04-11 12:55:49.235] Connection: keep-alive
[Fastbot][2026-04-11 12:55:49.235] Transfer-Encoding: chunked
[Fastbot][2026-04-11 12:55:49.289] 
[Fastbot][2026-04-11 12:55:49.289] {"jsonrpc":"2.0","id":1,"result":{"bounds":{"bottom":836,"left":121,"right":737,"top":704},"childCount":0,"className":"android.widget.TextView","contentDescription":null,"packageName":"it.feio.android.omninotes.alpha","resourceName":"it.feio.android.omninotes.alpha:id/title","text":"WnRumb","visible...[truncated]
[Fastbot][2026-04-11 12:55:49.290] <-- END HTTP (517-byte body)
[Fastbot][2026-04-11 12:55:49.304] [Proxy Server] Detected script method: click
[Fastbot][2026-04-11 12:55:49.305] [Proxy Server] Forwarding
[Fastbot][2026-04-11 12:55:49.305] --> POST http://127.0.0.1:9008/jsonrpc/0
[Fastbot][2026-04-11 12:55:49.305] Content-Type: application/json; charset=utf-8
[Fastbot][2026-04-11 12:55:49.306] Content-Length: 78
[Fastbot][2026-04-11 12:55:49.306] 
[Fastbot][2026-04-11 12:55:49.306] {"jsonrpc": "2.0", "id": 1, "method": "click", "params": [429.0, 770.0, 1500]}
[Fastbot][2026-04-11 12:55:49.306] --> END POST (78-byte body)
[Fastbot][2026-04-11 12:55:49.820] // the top activity is it.feio.android.omninotes.CategoryActivity, phone capture activity is com.android.camera.CaptureActivity
[Fastbot][2026-04-11 12:55:49.821]     // Allowing start of Intent { cmp=it.feio.android.omninotes.alpha/it.feio.android.omninotes.CategoryActivity } in package it.feio.android.omninotes.alpha
[Fastbot][2026-04-11 12:55:50.830] <-- 200 OK  http://127.0.0.1:9008/jsonrpc/0 (1524ms)
[Fastbot][2026-04-11 12:55:50.831] Content-Type: application/json
[Fastbot][2026-04-11 12:55:50.831] Date: Sat, 11 Apr 2026 12:55:50 GMT
[Fastbot][2026-04-11 12:55:50.831] Connection: keep-alive
[Fastbot][2026-04-11 12:55:50.831] Transfer-Encoding: chunked
[Fastbot][2026-04-11 12:55:50.880] 
[Fastbot][2026-04-11 12:55:50.880] {"jsonrpc":"2.0","id":1,"result":true}

[Fastbot][2026-04-11 12:55:50.880] <-- END HTTP (39-byte body)
[Fastbot][2026-04-11 12:55:51.411] // [Script] current activity is it.feio.android.omninotes.CategoryActivity
[Fastbot][2026-04-11 12:55:51.411] [Proxy Server] Forwarding
[Fastbot][2026-04-11 12:55:51.411] --> POST http://127.0.0.1:9008/jsonrpc/0
[Fastbot][2026-04-11 12:55:51.411] Content-Type: application/json; charset=utf-8
[Fastbot][2026-04-11 12:55:51.411] Content-Length: 221
[Fastbot][2026-04-11 12:55:51.411] 
[Fastbot][2026-04-11 12:55:51.411] {"jsonrpc": "2.0", "id": 1, "method": "waitForExists", "params": [{"mask": 2097153, "childOrSibling": [], "childOrSiblingSelector": [], "resourceId": "it.feio.android.omninotes.alpha:id/delete", "text": "DELETE"}, 20000]}
[Fastbot][2026-04-11 12:55:51.412] --> END POST (221-byte body)
[Fastbot][2026-04-11 12:55:51.423] <-- 200 OK  http://127.0.0.1:9008/jsonrpc/0 (11ms)
[Fastbot][2026-04-11 12:55:51.423] Content-Type: application/json
[Fastbot][2026-04-11 12:55:51.424] Date: Sat, 11 Apr 2026 12:55:51 GMT
[Fastbot][2026-04-11 12:55:51.424] Connection: keep-alive
[Fastbot][2026-04-11 12:55:51.424] Transfer-Encoding: chunked
[Fastbot][2026-04-11 12:55:51.425] 
[Fastbot][2026-04-11 12:55:51.425] {"jsonrpc":"2.0","id":1,"result":true}

[Fastbot][2026-04-11 12:55:51.425] <-- END HTTP (39-byte body)
[Fastbot][2026-04-11 12:55:51.441] [Proxy Server] Forwarding
[Fastbot][2026-04-11 12:55:51.441] --> POST http://127.0.0.1:9008/jsonrpc/0
[Fastbot][2026-04-11 12:55:51.441] Content-Type: application/json; charset=utf-8
[Fastbot][2026-04-11 12:55:51.441] Content-Length: 208
[Fastbot][2026-04-11 12:55:51.442] 
[Fastbot][2026-04-11 12:55:51.442] {"jsonrpc": "2.0", "id": 1, "method": "objInfo", "params": [{"mask": 2097153, "childOrSibling": [], "childOrSiblingSelector": [], "resourceId": "it.feio.android.omninotes.alpha:id/delete", "text": "DELETE"}]}
[Fastbot][2026-04-11 12:55:51.442] --> END POST (208-byte body)
[Fastbot][2026-04-11 12:55:51.463] <-- 200 OK  http://127.0.0.1:9008/jsonrpc/0 (20ms)
[Fastbot][2026-04-11 12:55:51.463] Content-Type: application/json
[Fastbot][2026-04-11 12:55:51.463] Date: Sat, 11 Apr 2026 12:55:51 GMT
[Fastbot][2026-04-11 12:55:51.463] Connection: keep-alive
[Fastbot][2026-04-11 12:55:51.463] Transfer-Encoding: chunked
[Fastbot][2026-04-11 12:55:51.511] 
[Fastbot][2026-04-11 12:55:51.511] {"jsonrpc":"2.0","id":1,"result":{"bounds":{"bottom":1450,"left":301,"right":543,"top":1321},"childCount":0,"className":"android.widget.Button","contentDescription":null,"packageName":"it.feio.android.omninotes.alpha","resourceName":"it.feio.android.omninotes.alpha:id/delete","text":"DELETE","visibl...[truncated]
[Fastbot][2026-04-11 12:55:51.511] <-- END HTTP (518-byte body)
[Fastbot][2026-04-11 12:55:51.539] [Proxy Server] Detected script method: click
[Fastbot][2026-04-11 12:55:51.539] [Proxy Server] Forwarding
[Fastbot][2026-04-11 12:55:51.540] --> POST http://127.0.0.1:9008/jsonrpc/0
[Fastbot][2026-04-11 12:55:51.540] Content-Type: application/json; charset=utf-8
[Fastbot][2026-04-11 12:55:51.541] Content-Length: 73
[Fastbot][2026-04-11 12:55:51.541] 
[Fastbot][2026-04-11 12:55:51.541] {"jsonrpc": "2.0", "id": 1, "method": "click", "params": [422.0, 1385.5]}
[Fastbot][2026-04-11 12:55:51.541] --> END POST (73-byte body)
[Fastbot][2026-04-11 12:55:51.664] <-- 200 OK  http://127.0.0.1:9008/jsonrpc/0 (122ms)
[Fastbot][2026-04-11 12:55:51.664] Content-Type: application/json
[Fastbot][2026-04-11 12:55:51.664] Date: Sat, 11 Apr 2026 12:55:51 GMT
[Fastbot][2026-04-11 12:55:51.664] Connection: keep-alive
[Fastbot][2026-04-11 12:55:51.664] Transfer-Encoding: chunked
[Fastbot][2026-04-11 12:55:51.709] 
[Fastbot][2026-04-11 12:55:51.709] {"jsonrpc":"2.0","id":1,"result":true}

[Fastbot][2026-04-11 12:55:51.709] <-- END HTTP (39-byte body)
[Fastbot][2026-04-11 12:55:52.225] [Proxy Server] Forwarding
[Fastbot][2026-04-11 12:55:52.225] --> POST http://127.0.0.1:9008/jsonrpc/0
[Fastbot][2026-04-11 12:55:52.225] Content-Type: application/json; charset=utf-8
[Fastbot][2026-04-11 12:55:52.226] Content-Length: 220
[Fastbot][2026-04-11 12:55:52.226] 
[Fastbot][2026-04-11 12:55:52.226] {"jsonrpc": "2.0", "id": 1, "method": "exist", "params": [{"mask": 2097153, "childOrSibling": [], "childOrSiblingSelector": [], "resourceId": "it.feio.android.omninotes.alpha:id/md_buttonDefaultPositive", "text": "OK"}]}
[Fastbot][2026-04-11 12:55:52.226] --> END POST (220-byte body)
[Fastbot][2026-04-11 12:55:52.238] <-- 200 OK  http://127.0.0.1:9008/jsonrpc/0 (11ms)
[Fastbot][2026-04-11 12:55:52.238] Content-Type: application/json
[Fastbot][2026-04-11 12:55:52.238] Date: Sat, 11 Apr 2026 12:55:52 GMT
[Fastbot][2026-04-11 12:55:52.238] Connection: keep-alive
[Fastbot][2026-04-11 12:55:52.238] Transfer-Encoding: chunked
[Fastbot][2026-04-11 12:55:52.238] 
[Fastbot][2026-04-11 12:55:52.238] {"jsonrpc":"2.0","id":1,"result":false}

[Fastbot][2026-04-11 12:55:52.238] <-- END HTTP (40-byte body)
[Fastbot][2026-04-11 12:55:52.253] [Proxy Server] Detected script method: pressKey
[Fastbot][2026-04-11 12:55:52.254] [Proxy Server] Forwarding
[Fastbot][2026-04-11 12:55:52.254] --> POST http://127.0.0.1:9008/jsonrpc/0
[Fastbot][2026-04-11 12:55:52.254] Content-Type: application/json; charset=utf-8
[Fastbot][2026-04-11 12:55:52.255] Content-Length: 69
[Fastbot][2026-04-11 12:55:52.255] 
[Fastbot][2026-04-11 12:55:52.255] {"jsonrpc": "2.0", "id": 1, "method": "pressKey", "params": ["back"]}
[Fastbot][2026-04-11 12:55:52.255] --> END POST (69-byte body)
[Fastbot][2026-04-11 12:55:53.450] <-- 200 OK  http://127.0.0.1:9008/jsonrpc/0 (1195ms)
[Fastbot][2026-04-11 12:55:53.450] Content-Type: application/json
[Fastbot][2026-04-11 12:55:53.450] Date: Sat, 11 Apr 2026 12:55:53 GMT
[Fastbot][2026-04-11 12:55:53.450] Connection: keep-alive
[Fastbot][2026-04-11 12:55:53.450] Transfer-Encoding: chunked
[Fastbot][2026-04-11 12:55:53.499] 
[Fastbot][2026-04-11 12:55:53.500] {"jsonrpc":"2.0","id":1,"result":false}

[Fastbot][2026-04-11 12:55:53.500] <-- END HTTP (40-byte body)
[Fastbot][2026-04-11 12:55:54.016] [Proxy Server] Detected script method: pressKey
[Fastbot][2026-04-11 12:55:54.016] [Proxy Server] Forwarding
[Fastbot][2026-04-11 12:55:54.016] --> POST http://127.0.0.1:9008/jsonrpc/0
[Fastbot][2026-04-11 12:55:54.016] Content-Type: application/json; charset=utf-8
[Fastbot][2026-04-11 12:55:54.017] Content-Length: 69
[Fastbot][2026-04-11 12:55:54.017] 
[Fastbot][2026-04-11 12:55:54.017] {"jsonrpc": "2.0", "id": 1, "method": "pressKey", "params": ["back"]}
[Fastbot][2026-04-11 12:55:54.017] --> END POST (69-byte body)
[Fastbot][2026-04-11 12:55:54.034]     // activityResuming(it.feio.android.omninotes.alpha)
[Fastbot][2026-04-11 12:55:55.302] <-- 200 OK  http://127.0.0.1:9008/jsonrpc/0 (1284ms)
[Fastbot][2026-04-11 12:55:55.302] Content-Type: application/json
[Fastbot][2026-04-11 12:55:55.302] Date: Sat, 11 Apr 2026 12:55:55 GMT
[Fastbot][2026-04-11 12:55:55.302] Connection: keep-alive
[Fastbot][2026-04-11 12:55:55.302] Transfer-Encoding: chunked
[Fastbot][2026-04-11 12:55:55.302] 
[Fastbot][2026-04-11 12:55:55.302] {"jsonrpc":"2.0","id":1,"result":false}

[Fastbot][2026-04-11 12:55:55.303] <-- END HTTP (40-byte body)
[Fastbot][2026-04-11 12:55:55.857] // [Script] current activity is it.feio.android.omninotes.MainActivity
[Fastbot][2026-04-11 12:55:55.857] [Proxy Server] Detected script method: pressKey
[Fastbot][2026-04-11 12:55:55.858] [Proxy Server] Forwarding
[Fastbot][2026-04-11 12:55:55.858] --> POST http://127.0.0.1:9008/jsonrpc/0
[Fastbot][2026-04-11 12:55:55.859] Content-Type: application/json; charset=utf-8
[Fastbot][2026-04-11 12:55:55.859] Content-Length: 69
[Fastbot][2026-04-11 12:55:55.859] 
[Fastbot][2026-04-11 12:55:55.859] {"jsonrpc": "2.0", "id": 1, "method": "pressKey", "params": ["back"]}
[Fastbot][2026-04-11 12:55:55.859] --> END POST (69-byte body)
[Fastbot][2026-04-11 12:55:55.906] <-- 200 OK  http://127.0.0.1:9008/jsonrpc/0 (46ms)
[Fastbot][2026-04-11 12:55:55.907] Content-Type: application/json
[Fastbot][2026-04-11 12:55:55.907] Date: Sat, 11 Apr 2026 12:55:55 GMT
[Fastbot][2026-04-11 12:55:55.907] Connection: keep-alive
[Fastbot][2026-04-11 12:55:55.907] Transfer-Encoding: chunked
[Fastbot][2026-04-11 12:55:55.907] 
[Fastbot][2026-04-11 12:55:55.907] {"jsonrpc":"2.0","id":1,"result":true}

[Fastbot][2026-04-11 12:55:55.907] <-- END HTTP (39-byte body)
[Fastbot][2026-04-11 12:55:56.640] --> POST http://127.0.0.1:9008/jsonrpc/0
[Fastbot][2026-04-11 12:55:56.641] Content-Type: application/json; charset=utf-8
[Fastbot][2026-04-11 12:55:56.641] Content-Length: 75
[Fastbot][2026-04-11 12:55:56.641] 
[Fastbot][2026-04-11 12:55:56.642] {"id":1,"jsonrpc":"2.0","method":"dumpWindowHierarchy","params":[false,50]}
[Fastbot][2026-04-11 12:55:56.642] --> END POST (75-byte body)
[Fastbot][2026-04-11 12:55:56.668] <-- 200 OK  http://127.0.0.1:9008/jsonrpc/0 (25ms)
[Fastbot][2026-04-11 12:55:56.668] Content-Type: application/json
[Fastbot][2026-04-11 12:55:56.668] Date: Sat, 11 Apr 2026 12:55:56 GMT
[Fastbot][2026-04-11 12:55:56.668] Connection: keep-alive
[Fastbot][2026-04-11 12:55:56.669] Transfer-Encoding: chunked
[Fastbot][2026-04-11 12:55:56.670] 
[Fastbot][2026-04-11 12:55:56.672] {"jsonrpc":"2.0","id":1,"result":"<?xml version='1.0' encoding='UTF-8' standalone='yes' ?>\r\n<hierarchy rotation=\"0\">\r\n  <node index=\"0\" text=\"\" resource-id=\"com.android.systemui:id/navigation_bar_frame\" class=\"android.widget.FrameLayout\" package=\"com.android.systemui\" content-desc=\"...[truncated]
[Fastbot][2026-04-11 12:55:56.672] <-- END HTTP (46766-byte body)
[Fastbot][2026-04-11 12:55:56.731] [ProxyServer] stepsCount: 30
[Fastbot][2026-04-11 12:55:56.731] [ProxyServer] receive request: stepMonkey
[Fastbot][2026-04-11 12:55:56.731] [MonkeySourceApeU2] stepsCount: 30
[Fastbot][2026-04-11 12:55:56.731] [MonkeySourceApeU2] Latest event is MonkeyEvent. Use the cached hierarchy.
[Fastbot][2026-04-11 12:55:56.732] [MonkeySourceApeU2] Successfully Got hierarchy
[Fastbot][2026-04-11 12:55:56.733] // Event id: 423
[Fastbot][2026-04-11 12:55:56.733] topActivity Name: ComponentInfo{it.feio.android.omninotes.alpha/it.feio.android.omninotes.MainActivity}
[Fastbot][2026-04-11 12:55:56.734] // Dumped stringOfGuiTree
[Fastbot][2026-04-11 12:55:56.734] topActivityName: it.feio.android.omninotes.MainActivity
[Fastbot][2026-04-11 12:55:56.736] action type: CLICK
[Fastbot][2026-04-11 12:55:56.736] rpc cost time: 2
[Fastbot][2026-04-11 12:55:56.746]   mshowrequested=false mshowexplicitlyrequested=false mshowforced=false minputshown=false
[Fastbot][2026-04-11 12:55:56.746] mInputShown not found, getInputMethodWindowVisibleHeight is used.
java.lang.NullPointerException: Attempt to read from field 'com.android.server.wm.DisplayFrames com.android.server.wm.DisplayContent.mDisplayFrames' on a null object reference
	at android.os.Parcel.createException(Parcel.java:2077)
	at android.os.Parcel.readException(Parcel.java:2039)
	at android.os.Parcel.readException(Parcel.java:1987)
	at com.android.internal.view.IInputMethodManager$Stub$Proxy.getInputMethodWindowVisibleHeight(IInputMethodManager.java:809)
	at android.view.inputmethod.InputMethodManager.getInputMethodWindowVisibleHeight(InputMethodManager.java:2844)
	at com.android.commands.monkey.framework.AndroidDevice.isVirtualKeyboardOpened(AndroidDevice.java:217)
	at com.android.commands.monkey.source.MonkeySourceApeU2.doInput(MonkeySourceApeU2.java:1018)
	at com.android.commands.monkey.source.MonkeySourceApeU2.generateEventsForActionInternal(MonkeySourceApeU2.java:945)
	at com.android.commands.monkey.source.MonkeySourceApeU2.generateEventsForAction(MonkeySourceApeU2.java:907)
	at com.android.commands.monkey.source.MonkeySourceApeU2.generateEvents(MonkeySourceApeU2.java:827)
	at com.android.commands.monkey.source.MonkeySourceApeU2.getNextEvent(MonkeySourceApeU2.java:422)
	at com.android.commands.monkey.Monkey.runMonkeyCycles(Monkey.java:1576)
	at com.android.commands.monkey.Monkey.run(Monkey.java:874)
	at com.android.commands.monkey.Monkey.main(Monkey.java:473)
	at com.android.internal.os.RuntimeInit.nativeFinishInit(Native Method)
	at com.android.internal.os.RuntimeInit.main(RuntimeInit.java:338)
Caused by: android.os.RemoteException: Remote stack trace:
	at com.android.server.wm.WindowManagerService$LocalService.getInputMethodWindowVisibleHeight(WindowManagerService.java:7310)
	at com.android.server.inputmethod.InputMethodManagerService.getInputMethodWindowVisibleHeight(InputMethodManagerService.java:3467)
	at com.android.internal.view.IInputMethodManager$Stub.onTransact(IInputMethodManager.java:413)
	at com.android.server.inputmethod.InputMethodManagerService.onTransact(InputMethodManagerService.java:1592)
	at android.os.Binder.execTransactInternal(Binder.java:1021)

[Fastbot][2026-04-11 12:55:56.747] :Sending rotation degree=0, persist=false
[Fastbot][2026-04-11 12:55:56.755] :Sending Touch (ACTION_DOWN): 0:(830.0,130.0)
[Fastbot][2026-04-11 12:55:56.756] :Sending Touch (ACTION_UP): 0:(830.0,130.0)
[Fastbot][2026-04-11 12:55:56.758] Sleeping for 200 milliseconds
[Fastbot][2026-04-11 12:55:56.960] [ProxyServer] Finish monkey step. Dumping hierarchy
[Fastbot][2026-04-11 12:55:56.961] --> POST http://127.0.0.1:9008/jsonrpc/0
[Fastbot][2026-04-11 12:55:56.961] Content-Type: application/json; charset=utf-8
[Fastbot][2026-04-11 12:55:56.961] Content-Length: 75
[Fastbot][2026-04-11 12:55:56.961] 
[Fastbot][2026-04-11 12:55:56.961] {"id":1,"jsonrpc":"2.0","method":"dumpWindowHierarchy","params":[false,50]}
[Fastbot][2026-04-11 12:55:56.961] --> END POST (75-byte body)
[Fastbot][2026-04-11 12:55:56.984] <-- 200 OK  http://127.0.0.1:9008/jsonrpc/0 (22ms)
[Fastbot][2026-04-11 12:55:56.984] Content-Type: application/json
[Fastbot][2026-04-11 12:55:56.984] Date: Sat, 11 Apr 2026 12:55:56 GMT
[Fastbot][2026-04-11 12:55:56.984] Connection: keep-alive
[Fastbot][2026-04-11 12:55:56.984] Transfer-Encoding: chunked
[Fastbot][2026-04-11 12:55:56.986] 
[Fastbot][2026-04-11 12:55:56.987] {"jsonrpc":"2.0","id":1,"result":"<?xml version='1.0' encoding='UTF-8' standalone='yes' ?>\r\n<hierarchy rotation=\"0\">\r\n  <node index=\"0\" text=\"\" resource-id=\"com.android.systemui:id/navigation_bar_frame\" class=\"android.widget.FrameLayout\" package=\"com.android.systemui\" content-desc=\"...[truncated]
[Fastbot][2026-04-11 12:55:56.987] <-- END HTTP (49612-byte body)
[Fastbot][2026-04-11 12:55:57.026] [ProxyServer] stepsCount: 31
[Fastbot][2026-04-11 12:55:57.027] [ProxyServer] receive request: stepMonkey
[Fastbot][2026-04-11 12:55:57.027] [MonkeySourceApeU2] stepsCount: 31
[Fastbot][2026-04-11 12:55:57.027] [MonkeySourceApeU2] Latest event is MonkeyEvent. Use the cached hierarchy.
[Fastbot][2026-04-11 12:55:57.027] [MonkeySourceApeU2] Successfully Got hierarchy
[Fastbot][2026-04-11 12:55:57.030] // Event id: 427
[Fastbot][2026-04-11 12:55:57.030] topActivity Name: ComponentInfo{it.feio.android.omninotes.alpha/it.feio.android.omninotes.MainActivity}
[Fastbot][2026-04-11 12:55:57.030] // Dumped stringOfGuiTree
[Fastbot][2026-04-11 12:55:57.030] topActivityName: it.feio.android.omninotes.MainActivity
[Fastbot][2026-04-11 12:55:57.032] action type: SCROLL_LEFT_RIGHT
[Fastbot][2026-04-11 12:55:57.033] rpc cost time: 2
[Fastbot][2026-04-11 12:55:57.034] :Sending rotation degree=0, persist=false
[Fastbot][2026-04-11 12:55:57.041] :Sending Touch (ACTION_DOWN): 0:(540.0,1140.0)
[Fastbot][2026-04-11 12:55:57.043] :Sending Touch (ACTION_MOVE): 0:(540.0,1140.0)
[Fastbot][2026-04-11 12:55:57.045] Wait Event for 20 milliseconds
[Fastbot][2026-04-11 12:55:57.067] :Sending Touch (ACTION_MOVE): 0:(593.9,1140.0)
[Fastbot][2026-04-11 12:55:57.069]     //[calendar_time:2026-04-11 12:55:57.069  system_uptime:24051390]
[Fastbot][2026-04-11 12:55:57.069]     // Sending event #400
[Fastbot][2026-04-11 12:55:57.070] Wait Event for 20 milliseconds
[Fastbot][2026-04-11 12:55:57.091] :Sending Touch (ACTION_MOVE): 0:(647.8,1140.0)
[Fastbot][2026-04-11 12:55:57.093] Wait Event for 20 milliseconds
[Fastbot][2026-04-11 12:55:57.117] :Sending Touch (ACTION_MOVE): 0:(701.7,1140.0)
[Fastbot][2026-04-11 12:55:57.123] Wait Event for 20 milliseconds
[Fastbot][2026-04-11 12:55:57.145] :Sending Touch (ACTION_MOVE): 0:(755.6,1140.0)
[Fastbot][2026-04-11 12:55:57.148] Wait Event for 20 milliseconds
[Fastbot][2026-04-11 12:55:57.170] :Sending Touch (ACTION_MOVE): 0:(809.5,1140.0)
[Fastbot][2026-04-11 12:55:57.171] Wait Event for 20 milliseconds
[Fastbot][2026-04-11 12:55:57.193] :Sending Touch (ACTION_MOVE): 0:(863.4,1140.0)
[Fastbot][2026-04-11 12:55:57.194] Wait Event for 20 milliseconds
[Fastbot][2026-04-11 12:55:57.217] :Sending Touch (ACTION_MOVE): 0:(917.3,1140.0)
[Fastbot][2026-04-11 12:55:57.220] Wait Event for 20 milliseconds
[Fastbot][2026-04-11 12:55:57.241] :Sending Touch (ACTION_MOVE): 0:(971.2,1140.0)
[Fastbot][2026-04-11 12:55:57.242] Wait Event for 20 milliseconds
[Fastbot][2026-04-11 12:55:57.267] :Sending Touch (ACTION_MOVE): 0:(1025.1,1140.0)
[Fastbot][2026-04-11 12:55:57.269] Wait Event for 20 milliseconds
[Fastbot][2026-04-11 12:55:57.291] :Sending Touch (ACTION_UP): 0:(1079.0,1140.0)
[Fastbot][2026-04-11 12:55:57.293] Sleeping for 296 milliseconds
[Fastbot][2026-04-11 12:55:57.591] [ProxyServer] Finish monkey step. Dumping hierarchy
[Fastbot][2026-04-11 12:55:57.592] --> POST http://127.0.0.1:9008/jsonrpc/0
[Fastbot][2026-04-11 12:55:57.592] Content-Type: application/json; charset=utf-8
[Fastbot][2026-04-11 12:55:57.592] Content-Length: 75
[Fastbot][2026-04-11 12:55:57.592] 
[Fastbot][2026-04-11 12:55:57.593] {"id":1,"jsonrpc":"2.0","method":"dumpWindowHierarchy","params":[false,50]}
[Fastbot][2026-04-11 12:55:57.593] --> END POST (75-byte body)
[Fastbot][2026-04-11 12:55:57.735] <-- 200 OK  http://127.0.0.1:9008/jsonrpc/0 (142ms)
[Fastbot][2026-04-11 12:55:57.735] Content-Type: application/json
[Fastbot][2026-04-11 12:55:57.735] Date: Sat, 11 Apr 2026 12:55:57 GMT
[Fastbot][2026-04-11 12:55:57.735] Connection: keep-alive
[Fastbot][2026-04-11 12:55:57.735] Transfer-Encoding: chunked
[Fastbot][2026-04-11 12:55:57.737] 
[Fastbot][2026-04-11 12:55:57.738] {"jsonrpc":"2.0","id":1,"result":"<?xml version='1.0' encoding='UTF-8' standalone='yes' ?>\r\n<hierarchy rotation=\"0\">\r\n  <node index=\"0\" text=\"\" resource-id=\"com.android.systemui:id/navigation_bar_frame\" class=\"android.widget.FrameLayout\" package=\"com.android.systemui\" content-desc=\"...[truncated]
[Fastbot][2026-04-11 12:55:57.738] <-- END HTTP (49622-byte body)
[Fastbot][2026-04-11 12:55:57.835] [Proxy Server] Forwarding
[Fastbot][2026-04-11 12:55:57.836] --> POST http://127.0.0.1:9008/jsonrpc/0
[Fastbot][2026-04-11 12:55:57.836] Content-Type: application/json; charset=utf-8
[Fastbot][2026-04-11 12:55:57.836] Content-Length: 154
[Fastbot][2026-04-11 12:55:57.837] 
[Fastbot][2026-04-11 12:55:57.837] {"jsonrpc": "2.0", "id": 1, "method": "exist", "params": [{"mask": 64, "childOrSibling": [], "childOrSiblingSelector": [], "description": "drawer open"}]}
[Fastbot][2026-04-11 12:55:57.837] --> END POST (154-byte body)
[Fastbot][2026-04-11 12:55:57.871] <-- 200 OK  http://127.0.0.1:9008/jsonrpc/0 (34ms)
[Fastbot][2026-04-11 12:55:57.871] Content-Type: application/json
[Fastbot][2026-04-11 12:55:57.871] Date: Sat, 11 Apr 2026 12:55:57 GMT
[Fastbot][2026-04-11 12:55:57.872] Connection: keep-alive
[Fastbot][2026-04-11 12:55:57.872] Transfer-Encoding: chunked
[Fastbot][2026-04-11 12:55:57.873] 
[Fastbot][2026-04-11 12:55:57.873] {"jsonrpc":"2.0","id":1,"result":false}

[Fastbot][2026-04-11 12:55:57.873] <-- END HTTP (40-byte body)
[Fastbot][2026-04-11 12:55:57.913] [Proxy Server] Forwarding
[Fastbot][2026-04-11 12:55:57.913] --> POST http://127.0.0.1:9008/jsonrpc/0
[Fastbot][2026-04-11 12:55:57.914] Content-Type: application/json; charset=utf-8
[Fastbot][2026-04-11 12:55:57.914] Content-Length: 155
[Fastbot][2026-04-11 12:55:57.914] 
[Fastbot][2026-04-11 12:55:57.915] {"jsonrpc": "2.0", "id": 1, "method": "exist", "params": [{"mask": 64, "childOrSibling": [], "childOrSiblingSelector": [], "description": "drawer close"}]}
[Fastbot][2026-04-11 12:55:57.915] --> END POST (155-byte body)
[Fastbot][2026-04-11 12:55:57.952] <-- 200 OK  http://127.0.0.1:9008/jsonrpc/0 (37ms)
[Fastbot][2026-04-11 12:55:57.953] Content-Type: application/json
[Fastbot][2026-04-11 12:55:57.953] Date: Sat, 11 Apr 2026 12:55:57 GMT
[Fastbot][2026-04-11 12:55:57.953] Connection: keep-alive
[Fastbot][2026-04-11 12:55:57.953] Transfer-Encoding: chunked
[Fastbot][2026-04-11 12:55:57.954] 
[Fastbot][2026-04-11 12:55:57.954] {"jsonrpc":"2.0","id":1,"result":false}

[Fastbot][2026-04-11 12:55:57.954] <-- END HTTP (40-byte body)
[Fastbot][2026-04-11 12:55:58.504] [Proxy Server] Forwarding
[Fastbot][2026-04-11 12:55:58.505] --> POST http://127.0.0.1:9008/jsonrpc/0
[Fastbot][2026-04-11 12:55:58.505] Content-Type: application/json; charset=utf-8
[Fastbot][2026-04-11 12:55:58.505] Content-Length: 187
[Fastbot][2026-04-11 12:55:58.506] 
[Fastbot][2026-04-11 12:55:58.506] {"jsonrpc": "2.0", "id": 1, "method": "count", "params": [{"mask": 2097152, "childOrSibling": [], "childOrSiblingSelector": [], "resourceId": "it.feio.android.omninotes.alpha:id/count"}]}
[Fastbot][2026-04-11 12:55:58.506] --> END POST (187-byte body)
[Fastbot][2026-04-11 12:55:58.566] <-- 200 OK  http://127.0.0.1:9008/jsonrpc/0 (60ms)
[Fastbot][2026-04-11 12:55:58.566] Content-Type: application/json
[Fastbot][2026-04-11 12:55:58.567] Date: Sat, 11 Apr 2026 12:55:58 GMT
[Fastbot][2026-04-11 12:55:58.567] Connection: keep-alive
[Fastbot][2026-04-11 12:55:58.567] Transfer-Encoding: chunked
[Fastbot][2026-04-11 12:55:58.568] 
[Fastbot][2026-04-11 12:55:58.568] {"jsonrpc":"2.0","id":1,"result":0}

[Fastbot][2026-04-11 12:55:58.569] <-- END HTTP (36-byte body)
[Fastbot][2026-04-11 12:55:58.599] [Proxy Server] Forwarding
[Fastbot][2026-04-11 12:55:58.600] --> POST http://127.0.0.1:9008/jsonrpc/0
[Fastbot][2026-04-11 12:55:58.600] Content-Type: application/json; charset=utf-8
[Fastbot][2026-04-11 12:55:58.600] Content-Length: 187
[Fastbot][2026-04-11 12:55:58.600] 
[Fastbot][2026-04-11 12:55:58.600] {"jsonrpc": "2.0", "id": 1, "method": "count", "params": [{"mask": 2097152, "childOrSibling": [], "childOrSiblingSelector": [], "resourceId": "it.feio.android.omninotes.alpha:id/title"}]}
[Fastbot][2026-04-11 12:55:58.600] --> END POST (187-byte body)
[Fastbot][2026-04-11 12:55:58.609] <-- 200 OK  http://127.0.0.1:9008/jsonrpc/0 (8ms)
[Fastbot][2026-04-11 12:55:58.609] Content-Type: application/json
[Fastbot][2026-04-11 12:55:58.609] Date: Sat, 11 Apr 2026 12:55:58 GMT
[Fastbot][2026-04-11 12:55:58.609] Connection: keep-alive
[Fastbot][2026-04-11 12:55:58.609] Transfer-Encoding: chunked
[Fastbot][2026-04-11 12:55:58.610] 
[Fastbot][2026-04-11 12:55:58.610] {"jsonrpc":"2.0","id":1,"result":0}

[Fastbot][2026-04-11 12:55:58.610] <-- END HTTP (36-byte body)
[Fastbot][2026-04-11 12:55:58.645] [Proxy Server] Forwarding
[Fastbot][2026-04-11 12:55:58.645] --> POST http://127.0.0.1:9008/jsonrpc/0
[Fastbot][2026-04-11 12:55:58.645] Content-Type: application/json; charset=utf-8
[Fastbot][2026-04-11 12:55:58.645] Content-Length: 187
[Fastbot][2026-04-11 12:55:58.645] 
[Fastbot][2026-04-11 12:55:58.645] {"jsonrpc": "2.0", "id": 1, "method": "count", "params": [{"mask": 2097152, "childOrSibling": [], "childOrSiblingSelector": [], "resourceId": "it.feio.android.omninotes.alpha:id/title"}]}
[Fastbot][2026-04-11 12:55:58.646] --> END POST (187-byte body)
[Fastbot][2026-04-11 12:55:58.653] <-- 200 OK  http://127.0.0.1:9008/jsonrpc/0 (7ms)
[Fastbot][2026-04-11 12:55:58.653] Content-Type: application/json
[Fastbot][2026-04-11 12:55:58.654] Date: Sat, 11 Apr 2026 12:55:58 GMT
[Fastbot][2026-04-11 12:55:58.654] Connection: keep-alive
[Fastbot][2026-04-11 12:55:58.654] Transfer-Encoding: chunked
[Fastbot][2026-04-11 12:55:58.699] 
[Fastbot][2026-04-11 12:55:58.699] {"jsonrpc":"2.0","id":1,"result":0}

[Fastbot][2026-04-11 12:55:58.699] <-- END HTTP (36-byte body)
[Fastbot][2026-04-11 12:55:58.956] --> POST http://127.0.0.1:9008/jsonrpc/0
[Fastbot][2026-04-11 12:55:58.956] Content-Type: application/json; charset=utf-8
[Fastbot][2026-04-11 12:55:58.956] Content-Length: 75
[Fastbot][2026-04-11 12:55:58.956] 
[Fastbot][2026-04-11 12:55:58.956] {"id":1,"jsonrpc":"2.0","method":"dumpWindowHierarchy","params":[false,50]}
[Fastbot][2026-04-11 12:55:58.956] --> END POST (75-byte body)
[Fastbot][2026-04-11 12:55:58.983] <-- 200 OK  http://127.0.0.1:9008/jsonrpc/0 (26ms)
[Fastbot][2026-04-11 12:55:58.984] Content-Type: application/json
[Fastbot][2026-04-11 12:55:58.984] Date: Sat, 11 Apr 2026 12:55:58 GMT
[Fastbot][2026-04-11 12:55:58.984] Connection: keep-alive
[Fastbot][2026-04-11 12:55:58.984] Transfer-Encoding: chunked
[Fastbot][2026-04-11 12:55:58.986] 
[Fastbot][2026-04-11 12:55:58.987] {"jsonrpc":"2.0","id":1,"result":"<?xml version='1.0' encoding='UTF-8' standalone='yes' ?>\r\n<hierarchy rotation=\"0\">\r\n  <node index=\"0\" text=\"\" resource-id=\"com.android.systemui:id/navigation_bar_frame\" class=\"android.widget.FrameLayout\" package=\"com.android.systemui\" content-desc=\"...[truncated]
[Fastbot][2026-04-11 12:55:58.987] <-- END HTTP (47397-byte body)
[Fastbot][2026-04-11 12:55:59.019] [ProxyServer] stepsCount: 32
[Fastbot][2026-04-11 12:55:59.019] [ProxyServer] receive request: stepMonkey
[Fastbot][2026-04-11 12:55:59.019] [MonkeySourceApeU2] stepsCount: 32
[Fastbot][2026-04-11 12:55:59.020] [MonkeySourceApeU2] Latest event is MonkeyEvent. Use the cached hierarchy.
[Fastbot][2026-04-11 12:55:59.020] [MonkeySourceApeU2] Successfully Got hierarchy
[Fastbot][2026-04-11 12:55:59.023] // Event id: 451
[Fastbot][2026-04-11 12:55:59.023] topActivity Name: ComponentInfo{it.feio.android.omninotes.alpha/it.feio.android.omninotes.MainActivity}
[Fastbot][2026-04-11 12:55:59.023] // Dumped stringOfGuiTree
[Fastbot][2026-04-11 12:55:59.023] topActivityName: it.feio.android.omninotes.MainActivity
[Fastbot][2026-04-11 12:55:59.025] action type: CLICK
[Fastbot][2026-04-11 12:55:59.025] rpc cost time: 2
[Fastbot]*** WARNING *** checkVirtualKeyboard: Input only once.
[Fastbot][2026-04-11 12:55:59.026] :Sending rotation degree=0, persist=false
[Fastbot][2026-04-11 12:55:59.035] :Sending Touch (ACTION_DOWN): 0:(993.0,2121.0)
[Fastbot][2026-04-11 12:55:59.037] :Sending Touch (ACTION_UP): 0:(993.0,2121.0)
[Fastbot][2026-04-11 12:55:59.040] Sleeping for 296 milliseconds
[Fastbot][2026-04-11 12:55:59.339] [ProxyServer] Finish monkey step. Dumping hierarchy
[Fastbot][2026-04-11 12:55:59.340] --> POST http://127.0.0.1:9008/jsonrpc/0
[Fastbot][2026-04-11 12:55:59.340] Content-Type: application/json; charset=utf-8
[Fastbot][2026-04-11 12:55:59.340] Content-Length: 75
[Fastbot][2026-04-11 12:55:59.340] 
[Fastbot][2026-04-11 12:55:59.340] {"id":1,"jsonrpc":"2.0","method":"dumpWindowHierarchy","params":[false,50]}
[Fastbot][2026-04-11 12:55:59.340] --> END POST (75-byte body)
[Fastbot][2026-04-11 12:55:59.370] <-- 200 OK  http://127.0.0.1:9008/jsonrpc/0 (30ms)
[Fastbot][2026-04-11 12:55:59.371] Content-Type: application/json
[Fastbot][2026-04-11 12:55:59.371] Date: Sat, 11 Apr 2026 12:55:59 GMT
[Fastbot][2026-04-11 12:55:59.371] Connection: keep-alive
[Fastbot][2026-04-11 12:55:59.371] Transfer-Encoding: chunked
[Fastbot][2026-04-11 12:55:59.371] 
[Fastbot][2026-04-11 12:55:59.372] {"jsonrpc":"2.0","id":1,"result":"<?xml version='1.0' encoding='UTF-8' standalone='yes' ?>\r\n<hierarchy rotation=\"0\">\r\n  <node index=\"0\" text=\"\" resource-id=\"com.android.systemui:id/navigation_bar_frame\" class=\"android.widget.FrameLayout\" package=\"com.android.systemui\" content-desc=\"...[truncated]
[Fastbot][2026-04-11 12:55:59.372] <-- END HTTP (49612-byte body)
[Fastbot][2026-04-11 12:55:59.437] [Proxy Server] Forwarding
[Fastbot][2026-04-11 12:55:59.437] --> POST http://127.0.0.1:9008/jsonrpc/0
[Fastbot][2026-04-11 12:55:59.438] Content-Type: application/json; charset=utf-8
[Fastbot][2026-04-11 12:55:59.438] Content-Length: 211
[Fastbot][2026-04-11 12:55:59.438] 
[Fastbot][2026-04-11 12:55:59.438] {"jsonrpc": "2.0", "id": 1, "method": "waitForExists", "params": [{"mask": 80, "childOrSibling": [], "childOrSiblingSelector": [], "className": "android.widget.ImageView", "description": "More options"}, 20000]}
[Fastbot][2026-04-11 12:55:59.439] --> END POST (211-byte body)
[Fastbot][2026-04-11 12:56:09.444] <-- HTTP FAILED: java.net.SocketTimeoutException: timeout
[Fastbot][2026-04-11 12:56:09.479] [Proxy Server] Forwarding
[Fastbot][2026-04-11 12:56:09.479] --> GET http://127.0.0.1:9008/ping
[Fastbot][2026-04-11 12:56:09.479] --> END GET
[Fastbot][2026-04-11 12:56:09.482] <-- 200 OK  http://127.0.0.1:9008/ping (2ms)
[Fastbot][2026-04-11 12:56:09.482] Content-Type: text/html
[Fastbot][2026-04-11 12:56:09.482] Date: Sat, 11 Apr 2026 12:56:09 GMT
[Fastbot][2026-04-11 12:56:09.483] Connection: keep-alive
[Fastbot][2026-04-11 12:56:09.483] Transfer-Encoding: chunked
[Fastbot][2026-04-11 12:56:09.483] 
[Fastbot][2026-04-11 12:56:09.483] pong
[Fastbot][2026-04-11 12:56:09.483] <-- END HTTP (4-byte body)
[Fastbot][2026-04-11 12:56:09.999] [Proxy Server] Forwarding
[Fastbot][2026-04-11 12:56:10.000] --> GET http://127.0.0.1:9008/ping
[Fastbot][2026-04-11 12:56:10.001] --> END GET
[Fastbot][2026-04-11 12:56:10.002] <-- 200 OK  http://127.0.0.1:9008/ping (1ms)
[Fastbot][2026-04-11 12:56:10.002] Content-Type: text/html
[Fastbot][2026-04-11 12:56:10.003] Date: Sat, 11 Apr 2026 12:56:10 GMT
[Fastbot][2026-04-11 12:56:10.003] Connection: keep-alive
[Fastbot][2026-04-11 12:56:10.003] Transfer-Encoding: chunked
[Fastbot][2026-04-11 12:56:10.004] 
[Fastbot][2026-04-11 12:56:10.004] pong
[Fastbot][2026-04-11 12:56:10.005] <-- END HTTP (4-byte body)
[Fastbot][2026-04-11 12:56:10.521] [Proxy Server] Forwarding
[Fastbot][2026-04-11 12:56:10.522] --> GET http://127.0.0.1:9008/ping
[Fastbot][2026-04-11 12:56:10.522] --> END GET
[Fastbot][2026-04-11 12:56:10.525] <-- HTTP FAILED: java.net.ConnectException: Failed to connect to /127.0.0.1:9008
[Fastbot][2026-04-11 12:56:10.577] [Proxy Server] Forwarding
[Fastbot][2026-04-11 12:56:10.577] --> GET http://127.0.0.1:9008/ping
[Fastbot][2026-04-11 12:56:10.577] --> END GET
[Fastbot][2026-04-11 12:56:10.579] <-- HTTP FAILED: java.net.ConnectException: Failed to connect to /127.0.0.1:9008
[Fastbot][2026-04-11 12:56:10.622] [Proxy Server] Forwarding
[Fastbot][2026-04-11 12:56:10.622] --> GET http://127.0.0.1:9008/ping
[Fastbot][2026-04-11 12:56:10.622] --> END GET
[Fastbot][2026-04-11 12:56:10.623] <-- HTTP FAILED: java.net.ConnectException: Failed to connect to /127.0.0.1:9008
[Fastbot][2026-04-11 12:56:11.160] [Proxy Server] Forwarding
[Fastbot][2026-04-11 12:56:11.160] --> GET http://127.0.0.1:9008/ping
[Fastbot][2026-04-11 12:56:11.160] --> END GET
[Fastbot][2026-04-11 12:56:11.166] <-- 200 OK  http://127.0.0.1:9008/ping (5ms)
[Fastbot][2026-04-11 12:56:11.166] Content-Type: text/html
[Fastbot][2026-04-11 12:56:11.166] Date: Sat, 11 Apr 2026 12:56:11 GMT
[Fastbot][2026-04-11 12:56:11.166] Connection: keep-alive
[Fastbot][2026-04-11 12:56:11.166] Transfer-Encoding: chunked
[Fastbot][2026-04-11 12:56:11.167] 
[Fastbot][2026-04-11 12:56:11.167] pong
[Fastbot][2026-04-11 12:56:11.167] <-- END HTTP (4-byte body)
[Fastbot][2026-04-11 12:56:11.182] [Proxy Server] Forwarding
[Fastbot][2026-04-11 12:56:11.182] --> POST http://127.0.0.1:9008/jsonrpc/0
[Fastbot][2026-04-11 12:56:11.182] Content-Type: application/json; charset=utf-8
[Fastbot][2026-04-11 12:56:11.182] Content-Length: 211
[Fastbot][2026-04-11 12:56:11.183] 
[Fastbot][2026-04-11 12:56:11.183] {"jsonrpc": "2.0", "id": 1, "method": "waitForExists", "params": [{"mask": 80, "childOrSibling": [], "childOrSiblingSelector": [], "className": "android.widget.ImageView", "description": "More options"}, 20000]}
[Fastbot][2026-04-11 12:56:11.183] --> END POST (211-byte body)
[Fastbot][2026-04-11 12:56:16.246] <-- 200 OK  http://127.0.0.1:9008/jsonrpc/0 (5063ms)
[Fastbot][2026-04-11 12:56:16.246] Content-Type: application/json
[Fastbot][2026-04-11 12:56:16.246] Date: Sat, 11 Apr 2026 12:56:16 GMT
[Fastbot][2026-04-11 12:56:16.246] Connection: keep-alive
[Fastbot][2026-04-11 12:56:16.247] Transfer-Encoding: chunked
[Fastbot][2026-04-11 12:56:16.290] 
[Fastbot][2026-04-11 12:56:16.290] {"jsonrpc":"2.0","id":1,"result":true}

[Fastbot][2026-04-11 12:56:16.290] <-- END HTTP (39-byte body)
[Fastbot][2026-04-11 12:56:16.322] [Proxy Server] Forwarding
[Fastbot][2026-04-11 12:56:16.322] --> POST http://127.0.0.1:9008/jsonrpc/0
[Fastbot][2026-04-11 12:56:16.323] Content-Type: application/json; charset=utf-8
[Fastbot][2026-04-11 12:56:16.323] Content-Length: 198
[Fastbot][2026-04-11 12:56:16.323] 
[Fastbot][2026-04-11 12:56:16.323] {"jsonrpc": "2.0", "id": 1, "method": "objInfo", "params": [{"mask": 80, "childOrSibling": [], "childOrSiblingSelector": [], "className": "android.widget.ImageView", "description": "More options"}]}
[Fastbot][2026-04-11 12:56:16.323] --> END POST (198-byte body)
[Fastbot][2026-04-11 12:56:16.364] <-- 200 OK  http://127.0.0.1:9008/jsonrpc/0 (40ms)
[Fastbot][2026-04-11 12:56:16.364] Content-Type: application/json
[Fastbot][2026-04-11 12:56:16.365] Date: Sat, 11 Apr 2026 12:56:16 GMT
[Fastbot][2026-04-11 12:56:16.365] Connection: keep-alive
[Fastbot][2026-04-11 12:56:16.365] Transfer-Encoding: chunked
[Fastbot][2026-04-11 12:56:16.409] 
[Fastbot][2026-04-11 12:56:16.409] {"jsonrpc":"2.0","id":1,"result":{"bounds":{"bottom":226,"left":969,"right":1080,"top":94},"childCount":0,"className":"android.widget.ImageView","contentDescription":"More options","packageName":"it.feio.android.omninotes.alpha","resourceName":null,"text":null,"visibleBounds":{"bottom":226,"left":96...[truncated]
[Fastbot][2026-04-11 12:56:16.409] <-- END HTTP (483-byte body)
[Fastbot][2026-04-11 12:56:16.447] [Proxy Server] Detected script method: click
[Fastbot][2026-04-11 12:56:16.455] [Proxy Server] Forwarding
[Fastbot][2026-04-11 12:56:16.455] --> POST http://127.0.0.1:9008/jsonrpc/0
[Fastbot][2026-04-11 12:56:16.455] Content-Type: application/json; charset=utf-8
[Fastbot][2026-04-11 12:56:16.456] Content-Length: 73
[Fastbot][2026-04-11 12:56:16.456] 
[Fastbot][2026-04-11 12:56:16.456] {"jsonrpc": "2.0", "id": 1, "method": "click", "params": [1024.5, 160.0]}
[Fastbot][2026-04-11 12:56:16.456] --> END POST (73-byte body)
[Fastbot][2026-04-11 12:56:16.585] <-- 200 OK  http://127.0.0.1:9008/jsonrpc/0 (128ms)
[Fastbot][2026-04-11 12:56:16.585] Content-Type: application/json
[Fastbot][2026-04-11 12:56:16.585] Date: Sat, 11 Apr 2026 12:56:16 GMT
[Fastbot][2026-04-11 12:56:16.585] Connection: keep-alive
[Fastbot][2026-04-11 12:56:16.585] Transfer-Encoding: chunked
[Fastbot][2026-04-11 12:56:16.586] 
[Fastbot][2026-04-11 12:56:16.586] {"jsonrpc":"2.0","id":1,"result":true}

[Fastbot][2026-04-11 12:56:16.586] <-- END HTTP (39-byte body)
[Fastbot][2026-04-11 12:56:17.123] [Proxy Server] Forwarding
[Fastbot][2026-04-11 12:56:17.123] --> POST http://127.0.0.1:9008/jsonrpc/0
[Fastbot][2026-04-11 12:56:17.123] Content-Type: application/json; charset=utf-8
[Fastbot][2026-04-11 12:56:17.123] Content-Length: 212
[Fastbot][2026-04-11 12:56:17.123] 
[Fastbot][2026-04-11 12:56:17.123] {"jsonrpc": "2.0", "id": 1, "method": "exist", "params": [{"mask": 2097153, "childOrSibling": [], "childOrSiblingSelector": [], "resourceId": "it.feio.android.omninotes.alpha:id/title", "text": "Expanded view"}]}
[Fastbot][2026-04-11 12:56:17.123] --> END POST (212-byte body)
[Fastbot][2026-04-11 12:56:17.141] <-- 200 OK  http://127.0.0.1:9008/jsonrpc/0 (17ms)
[Fastbot][2026-04-11 12:56:17.141] Content-Type: application/json
[Fastbot][2026-04-11 12:56:17.141] Date: Sat, 11 Apr 2026 12:56:17 GMT
[Fastbot][2026-04-11 12:56:17.141] Connection: keep-alive
[Fastbot][2026-04-11 12:56:17.141] Transfer-Encoding: chunked
[Fastbot][2026-04-11 12:56:17.141] 
[Fastbot][2026-04-11 12:56:17.141] {"jsonrpc":"2.0","id":1,"result":false}

[Fastbot][2026-04-11 12:56:17.142] <-- END HTTP (40-byte body)
[Fastbot][2026-04-11 12:56:17.169] [Proxy Server] Forwarding
[Fastbot][2026-04-11 12:56:17.169] --> POST http://127.0.0.1:9008/jsonrpc/0
[Fastbot][2026-04-11 12:56:17.170] Content-Type: application/json; charset=utf-8
[Fastbot][2026-04-11 12:56:17.170] Content-Length: 226
[Fastbot][2026-04-11 12:56:17.170] 
[Fastbot][2026-04-11 12:56:17.170] {"jsonrpc": "2.0", "id": 1, "method": "waitForExists", "params": [{"mask": 2097153, "childOrSibling": [], "childOrSiblingSelector": [], "resourceId": "it.feio.android.omninotes.alpha:id/title", "text": "Reduced view"}, 20000]}
[Fastbot][2026-04-11 12:56:17.170] --> END POST (226-byte body)
[Fastbot][2026-04-11 12:56:17.179] <-- 200 OK  http://127.0.0.1:9008/jsonrpc/0 (8ms)
[Fastbot][2026-04-11 12:56:17.179] Content-Type: application/json
[Fastbot][2026-04-11 12:56:17.179] Date: Sat, 11 Apr 2026 12:56:17 GMT
[Fastbot][2026-04-11 12:56:17.179] Connection: keep-alive
[Fastbot][2026-04-11 12:56:17.179] Transfer-Encoding: chunked
[Fastbot][2026-04-11 12:56:17.229] 
[Fastbot][2026-04-11 12:56:17.229] {"jsonrpc":"2.0","id":1,"result":true}

[Fastbot][2026-04-11 12:56:17.229] <-- END HTTP (39-byte body)
[Fastbot][2026-04-11 12:56:17.265] [Proxy Server] Forwarding
[Fastbot][2026-04-11 12:56:17.265] --> POST http://127.0.0.1:9008/jsonrpc/0
[Fastbot][2026-04-11 12:56:17.265] Content-Type: application/json; charset=utf-8
[Fastbot][2026-04-11 12:56:17.265] Content-Length: 213
[Fastbot][2026-04-11 12:56:17.265] 
[Fastbot][2026-04-11 12:56:17.265] {"jsonrpc": "2.0", "id": 1, "method": "objInfo", "params": [{"mask": 2097153, "childOrSibling": [], "childOrSiblingSelector": [], "resourceId": "it.feio.android.omninotes.alpha:id/title", "text": "Reduced view"}]}
[Fastbot][2026-04-11 12:56:17.265] --> END POST (213-byte body)
[Fastbot][2026-04-11 12:56:17.290] <-- 200 OK  http://127.0.0.1:9008/jsonrpc/0 (24ms)
[Fastbot][2026-04-11 12:56:17.290] Content-Type: application/json
[Fastbot][2026-04-11 12:56:17.290] Date: Sat, 11 Apr 2026 12:56:17 GMT
[Fastbot][2026-04-11 12:56:17.290] Connection: keep-alive
[Fastbot][2026-04-11 12:56:17.290] Transfer-Encoding: chunked
[Fastbot][2026-04-11 12:56:17.340] 
[Fastbot][2026-04-11 12:56:17.340] {"jsonrpc":"2.0","id":1,"result":{"bounds":{"bottom":212,"left":574,"right":1025,"top":153},"childCount":0,"className":"android.widget.TextView","contentDescription":null,"packageName":"it.feio.android.omninotes.alpha","resourceName":"it.feio.android.omninotes.alpha:id/title","text":"Reduced view","...[truncated]
[Fastbot][2026-04-11 12:56:17.340] <-- END HTTP (525-byte body)
[Fastbot][2026-04-11 12:56:17.393] [Proxy Server] Detected script method: click
[Fastbot][2026-04-11 12:56:17.394] [Proxy Server] Forwarding
[Fastbot][2026-04-11 12:56:17.394] --> POST http://127.0.0.1:9008/jsonrpc/0
[Fastbot][2026-04-11 12:56:17.394] Content-Type: application/json; charset=utf-8
[Fastbot][2026-04-11 12:56:17.394] Content-Length: 72
[Fastbot][2026-04-11 12:56:17.394] 
[Fastbot][2026-04-11 12:56:17.394] {"jsonrpc": "2.0", "id": 1, "method": "click", "params": [799.5, 182.5]}
[Fastbot][2026-04-11 12:56:17.394] --> END POST (72-byte body)
[Fastbot][2026-04-11 12:56:17.532] <-- 200 OK  http://127.0.0.1:9008/jsonrpc/0 (137ms)
[Fastbot][2026-04-11 12:56:17.532] Content-Type: application/json
[Fastbot][2026-04-11 12:56:17.532] Date: Sat, 11 Apr 2026 12:56:17 GMT
[Fastbot][2026-04-11 12:56:17.533] Connection: keep-alive
[Fastbot][2026-04-11 12:56:17.533] Transfer-Encoding: chunked
[Fastbot][2026-04-11 12:56:17.534] 
[Fastbot][2026-04-11 12:56:17.534] {"jsonrpc":"2.0","id":1,"result":true}

[Fastbot][2026-04-11 12:56:17.534] <-- END HTTP (39-byte body)
[Fastbot][2026-04-11 12:56:18.070] [Proxy Server] Forwarding
[Fastbot][2026-04-11 12:56:18.070] --> POST http://127.0.0.1:9008/jsonrpc/0
[Fastbot][2026-04-11 12:56:18.071] Content-Type: application/json; charset=utf-8
[Fastbot][2026-04-11 12:56:18.071] Content-Length: 211
[Fastbot][2026-04-11 12:56:18.071] 
[Fastbot][2026-04-11 12:56:18.071] {"jsonrpc": "2.0", "id": 1, "method": "waitForExists", "params": [{"mask": 80, "childOrSibling": [], "childOrSiblingSelector": [], "className": "android.widget.ImageView", "description": "More options"}, 20000]}
[Fastbot][2026-04-11 12:56:18.071] --> END POST (211-byte body)
[Fastbot][2026-04-11 12:56:18.091] <-- 200 OK  http://127.0.0.1:9008/jsonrpc/0 (20ms)
[Fastbot][2026-04-11 12:56:18.092] Content-Type: application/json
[Fastbot][2026-04-11 12:56:18.092] Date: Sat, 11 Apr 2026 12:56:18 GMT
[Fastbot][2026-04-11 12:56:18.092] Connection: keep-alive
[Fastbot][2026-04-11 12:56:18.092] Transfer-Encoding: chunked
[Fastbot][2026-04-11 12:56:18.092] 
[Fastbot][2026-04-11 12:56:18.092] {"jsonrpc":"2.0","id":1,"result":true}

[Fastbot][2026-04-11 12:56:18.093] <-- END HTTP (39-byte body)
[Fastbot][2026-04-11 12:56:18.132] [Proxy Server] Forwarding
[Fastbot][2026-04-11 12:56:18.132] --> POST http://127.0.0.1:9008/jsonrpc/0
[Fastbot][2026-04-11 12:56:18.132] Content-Type: application/json; charset=utf-8
[Fastbot][2026-04-11 12:56:18.132] Content-Length: 198
[Fastbot][2026-04-11 12:56:18.132] 
[Fastbot][2026-04-11 12:56:18.132] {"jsonrpc": "2.0", "id": 1, "method": "objInfo", "params": [{"mask": 80, "childOrSibling": [], "childOrSiblingSelector": [], "className": "android.widget.ImageView", "description": "More options"}]}
[Fastbot][2026-04-11 12:56:18.132] --> END POST (198-byte body)
[Fastbot][2026-04-11 12:56:18.157] <-- 200 OK  http://127.0.0.1:9008/jsonrpc/0 (24ms)
[Fastbot][2026-04-11 12:56:18.157] Content-Type: application/json
[Fastbot][2026-04-11 12:56:18.157] Date: Sat, 11 Apr 2026 12:56:18 GMT
[Fastbot][2026-04-11 12:56:18.158] Connection: keep-alive
[Fastbot][2026-04-11 12:56:18.158] Transfer-Encoding: chunked
[Fastbot][2026-04-11 12:56:18.158] 
[Fastbot][2026-04-11 12:56:18.158] {"jsonrpc":"2.0","id":1,"result":{"bounds":{"bottom":226,"left":969,"right":1080,"top":94},"childCount":0,"className":"android.widget.ImageView","contentDescription":"More options","packageName":"it.feio.android.omninotes.alpha","resourceName":null,"text":null,"visibleBounds":{"bottom":226,"left":96...[truncated]
[Fastbot][2026-04-11 12:56:18.158] <-- END HTTP (483-byte body)
[Fastbot][2026-04-11 12:56:18.197] [Proxy Server] Detected script method: click
[Fastbot][2026-04-11 12:56:18.197] [Proxy Server] Forwarding
[Fastbot][2026-04-11 12:56:18.197] --> POST http://127.0.0.1:9008/jsonrpc/0
[Fastbot][2026-04-11 12:56:18.197] Content-Type: application/json; charset=utf-8
[Fastbot][2026-04-11 12:56:18.197] Content-Length: 73
[Fastbot][2026-04-11 12:56:18.197] 
[Fastbot][2026-04-11 12:56:18.197] {"jsonrpc": "2.0", "id": 1, "method": "click", "params": [1024.5, 160.0]}
[Fastbot][2026-04-11 12:56:18.198] --> END POST (73-byte body)
[Fastbot][2026-04-11 12:56:18.339] <-- 200 OK  http://127.0.0.1:9008/jsonrpc/0 (141ms)
[Fastbot][2026-04-11 12:56:18.340] Content-Type: application/json
[Fastbot][2026-04-11 12:56:18.340] Date: Sat, 11 Apr 2026 12:56:18 GMT
[Fastbot][2026-04-11 12:56:18.340] Connection: keep-alive
[Fastbot][2026-04-11 12:56:18.340] Transfer-Encoding: chunked
[Fastbot][2026-04-11 12:56:18.341] 
[Fastbot][2026-04-11 12:56:18.341] {"jsonrpc":"2.0","id":1,"result":true}

[Fastbot][2026-04-11 12:56:18.341] <-- END HTTP (39-byte body)
[Fastbot][2026-04-11 12:56:18.883] [Proxy Server] Forwarding
[Fastbot][2026-04-11 12:56:18.883] --> POST http://127.0.0.1:9008/jsonrpc/0
[Fastbot][2026-04-11 12:56:18.883] Content-Type: application/json; charset=utf-8
[Fastbot][2026-04-11 12:56:18.883] Content-Length: 227
[Fastbot][2026-04-11 12:56:18.883] 
[Fastbot][2026-04-11 12:56:18.883] {"jsonrpc": "2.0", "id": 1, "method": "waitForExists", "params": [{"mask": 2097153, "childOrSibling": [], "childOrSiblingSelector": [], "resourceId": "it.feio.android.omninotes.alpha:id/title", "text": "Expanded view"}, 20000]}
[Fastbot][2026-04-11 12:56:18.883] --> END POST (227-byte body)
[Fastbot][2026-04-11 12:56:18.893] <-- 200 OK  http://127.0.0.1:9008/jsonrpc/0 (10ms)
[Fastbot][2026-04-11 12:56:18.893] Content-Type: application/json
[Fastbot][2026-04-11 12:56:18.893] Date: Sat, 11 Apr 2026 12:56:18 GMT
[Fastbot][2026-04-11 12:56:18.894] Connection: keep-alive
[Fastbot][2026-04-11 12:56:18.894] Transfer-Encoding: chunked
[Fastbot][2026-04-11 12:56:18.894] 
[Fastbot][2026-04-11 12:56:18.894] {"jsonrpc":"2.0","id":1,"result":true}

[Fastbot][2026-04-11 12:56:18.894] <-- END HTTP (39-byte body)
[Fastbot][2026-04-11 12:56:18.929] [Proxy Server] Forwarding
[Fastbot][2026-04-11 12:56:18.929] --> POST http://127.0.0.1:9008/jsonrpc/0
[Fastbot][2026-04-11 12:56:18.930] Content-Type: application/json; charset=utf-8
[Fastbot][2026-04-11 12:56:18.930] Content-Length: 214
[Fastbot][2026-04-11 12:56:18.930] 
[Fastbot][2026-04-11 12:56:18.930] {"jsonrpc": "2.0", "id": 1, "method": "objInfo", "params": [{"mask": 2097153, "childOrSibling": [], "childOrSiblingSelector": [], "resourceId": "it.feio.android.omninotes.alpha:id/title", "text": "Expanded view"}]}
[Fastbot][2026-04-11 12:56:18.931] --> END POST (214-byte body)
[Fastbot][2026-04-11 12:56:18.958] <-- 200 OK  http://127.0.0.1:9008/jsonrpc/0 (27ms)
[Fastbot][2026-04-11 12:56:18.958] Content-Type: application/json
[Fastbot][2026-04-11 12:56:18.958] Date: Sat, 11 Apr 2026 12:56:18 GMT
[Fastbot][2026-04-11 12:56:18.958] Connection: keep-alive
[Fastbot][2026-04-11 12:56:18.959] Transfer-Encoding: chunked
[Fastbot][2026-04-11 12:56:18.959] 
[Fastbot][2026-04-11 12:56:18.959] {"jsonrpc":"2.0","id":1,"result":{"bounds":{"bottom":212,"left":574,"right":1025,"top":153},"childCount":0,"className":"android.widget.TextView","contentDescription":null,"packageName":"it.feio.android.omninotes.alpha","resourceName":"it.feio.android.omninotes.alpha:id/title","text":"Expanded view",...[truncated]
[Fastbot][2026-04-11 12:56:18.959] <-- END HTTP (526-byte body)
[Fastbot][2026-04-11 12:56:19.009] [Proxy Server] Detected script method: click
[Fastbot][2026-04-11 12:56:19.010] [Proxy Server] Forwarding
[Fastbot][2026-04-11 12:56:19.010] --> POST http://127.0.0.1:9008/jsonrpc/0
[Fastbot][2026-04-11 12:56:19.011] Content-Type: application/json; charset=utf-8
[Fastbot][2026-04-11 12:56:19.011] Content-Length: 72
[Fastbot][2026-04-11 12:56:19.011] 
[Fastbot][2026-04-11 12:56:19.011] {"jsonrpc": "2.0", "id": 1, "method": "click", "params": [799.5, 182.5]}
[Fastbot][2026-04-11 12:56:19.011] --> END POST (72-byte body)
[Fastbot][2026-04-11 12:56:19.149] <-- 200 OK  http://127.0.0.1:9008/jsonrpc/0 (137ms)
[Fastbot][2026-04-11 12:56:19.149] Content-Type: application/json
[Fastbot][2026-04-11 12:56:19.149] Date: Sat, 11 Apr 2026 12:56:19 GMT
[Fastbot][2026-04-11 12:56:19.149] Connection: keep-alive
[Fastbot][2026-04-11 12:56:19.150] Transfer-Encoding: chunked
[Fastbot][2026-04-11 12:56:19.150] 
[Fastbot][2026-04-11 12:56:19.150] {"jsonrpc":"2.0","id":1,"result":true}

[Fastbot][2026-04-11 12:56:19.150] <-- END HTTP (39-byte body)
[Fastbot][2026-04-11 12:56:19.697] [MonkeySourceApeU2] stepsCount: 32
[Fastbot][2026-04-11 12:56:19.697] [MonkeySourceApeU2] received signal: MonkeyIsOver
[Fastbot][2026-04-11 12:56:19.698] Events injected: 421
[Fastbot][2026-04-11 12:56:19.698] // Monkey is over!
[Fastbot][2026-04-11 12:56:19.698] :Sending rotation degree=0, persist=false
[Fastbot][2026-04-11 12:56:19.712] Total app activities:
[Fastbot][2026-04-11 12:56:19.712]    1 it.feio.android.omninotes.SettingsActivity
[Fastbot][2026-04-11 12:56:19.712]    2 it.feio.android.omninotes.SnoozeActivity
[Fastbot][2026-04-11 12:56:19.712]    3 com.google.android.gms.common.api.GoogleApiActivity
[Fastbot][2026-04-11 12:56:19.712]    4 it.feio.android.omninotes.MainActivity
[Fastbot][2026-04-11 12:56:19.713]    5 it.feio.android.omninotes.NoteInfosActivity
[Fastbot][2026-04-11 12:56:19.713]    6 it.feio.android.omninotes.ShortcutActivity
[Fastbot][2026-04-11 12:56:19.713]    7 it.feio.android.omninotes.intro.IntroActivity
[Fastbot][2026-04-11 12:56:19.713]    8 it.feio.android.omninotes.StatsActivity
[Fastbot][2026-04-11 12:56:19.713]    9 it.feio.android.omninotes.PasswordActivity
[Fastbot][2026-04-11 12:56:19.713]   10 it.feio.android.omninotes.widget.WidgetConfigurationActivity
[Fastbot][2026-04-11 12:56:19.713]   11 it.feio.android.omninotes.CategoryActivity
[Fastbot][2026-04-11 12:56:19.713]   12 com.tbruyelle.rxpermissions.ShadowActivity
[Fastbot][2026-04-11 12:56:19.713]   13 it.feio.android.omninotes.AboutActivity
[Fastbot][2026-04-11 12:56:19.713]   14 it.feio.android.omninotes.GalleryActivity
[Fastbot][2026-04-11 12:56:19.713] Explored app activities:
[Fastbot][2026-04-11 12:56:19.714]    1 it.feio.android.omninotes.CategoryActivity
[Fastbot][2026-04-11 12:56:19.714]    2 it.feio.android.omninotes.MainActivity
[Fastbot][2026-04-11 12:56:19.714]    3 it.feio.android.omninotes.SettingsActivity
[Fastbot][2026-04-11 12:56:19.714] Activity of Coverage: 21.428572%
[Fastbot]*** ERROR *** findMethod() error, NoSuchMethodException happened, there is no such method: setActivityController
:Dropped: keys=0 pointers=0 trackballs=0 flips=0 rotations=0
[Fastbot][2026-04-11 12:56:19.715] // Monkey finished
