▄▄▄▄▄▄▄▄▄▄▄  ▄▄▄▄▄▄▄▄▄▄▄  ▄▄▄▄▄▄▄▄▄▄▄  ▄▄▄▄▄▄▄▄▄▄▄  ▄▄▄▄▄▄▄▄▄▄   ▄▄▄▄▄▄▄▄▄▄▄  ▄▄▄▄▄▄▄▄▄▄▄ 
▐░░░░░░░░░░░▌▐░░░░░░░░░░░▌▐░░░░░░░░░░░▌▐░░░░░░░░░░░▌▐░░░░░░░░░░▌ ▐░░░░░░░░░░░▌▐░░░░░░░░░░░▌
▐░█▀▀▀▀▀▀▀▀▀ ▐░█▀▀▀▀▀▀▀█░▌▐░█▀▀▀▀▀▀▀▀▀  ▀▀▀▀█░█▀▀▀▀ ▐░█▀▀▀▀▀▀▀█░▌▐░█▀▀▀▀▀▀▀█░▌ ▀▀▀▀█░█▀▀▀▀ 
▐░▌          ▐░▌       ▐░▌▐░▌               ▐░▌     ▐░▌       ▐░▌▐░▌       ▐░▌     ▐░▌     
▐░█▄▄▄▄▄▄▄▄▄ ▐░█▄▄▄▄▄▄▄█░▌▐░█▄▄▄▄▄▄▄▄▄      ▐░▌     ▐░█▄▄▄▄▄▄▄█░▌▐░▌       ▐░▌     ▐░▌     
▐░░░░░░░░░░░▌▐░░░░░░░░░░░▌▐░░░░░░░░░░░▌     ▐░▌     ▐░░░░░░░░░░▌ ▐░▌       ▐░▌     ▐░▌     
▐░█▀▀▀▀▀▀▀▀▀ ▐░█▀▀▀▀▀▀▀█░▌ ▀▀▀▀▀▀▀▀▀█░▌     ▐░▌     ▐░█▀▀▀▀▀▀▀█░▌▐░▌       ▐░▌     ▐░▌     
▐░▌          ▐░▌       ▐░▌          ▐░▌     ▐░▌     ▐░▌       ▐░▌▐░▌       ▐░▌     ▐░▌     
▐░▌          ▐░▌       ▐░▌ ▄▄▄▄▄▄▄▄▄█░▌     ▐░▌     ▐░█▄▄▄▄▄▄▄█░▌▐░█▄▄▄▄▄▄▄█░▌     ▐░▌     
▐░▌          ▐░▌       ▐░▌▐░░░░░░░░░░░▌     ▐░▌     ▐░░░░░░░░░░▌ ▐░░░░░░░░░░░▌     ▐░▌     
 ▀            ▀         ▀  ▀▀▀▀▀▀▀▀▀▀▀       ▀       ▀▀▀▀▀▀▀▀▀▀   ▀▀▀▀▀▀▀▀▀▀▀       ▀
[Fastbot][2026-06-02 15:41:49.231]  @Version: 2.3.23.0810.1705-git
[Fastbot][2026-06-02 15:41:49.235] // Monkey: seed=1780463666782 count=1000


[Fastbot][2026-06-02 15:41:49.236] // AllowPackage: de.rampro.activitydiary.debug
[Fastbot][2026-06-02 15:41:49.236] // IncludeCategory: android.intent.category.LAUNCHER
[Fastbot][2026-06-02 15:41:49.236] // IncludeCategory: android.intent.category.MONKEY
[Fastbot]*** ERROR *** findMethod() error, NoSuchMethodException happened, there is no such method: setActivityController
[Fastbot][2026-06-02 15:41:49.266] // Selecting main activities from category android.intent.category.LAUNCHER
[Fastbot][2026-06-02 15:41:49.266] //   - NOT USING main activity com.android.camera.CameraLauncher (from package com.android.camera2)
[Fastbot][2026-06-02 15:41:49.266] //   - NOT USING main activity com.google.android.apps.chrome.Main (from package com.android.chrome)
[Fastbot][2026-06-02 15:41:49.266] //   - NOT USING main activity com.android.contacts.activities.PeopleActivity (from package com.android.contacts)
[Fastbot][2026-06-02 15:41:49.266] //   - NOT USING main activity com.android.dialer.main.impl.MainActivity (from package com.android.dialer)
[Fastbot][2026-06-02 15:41:49.266] //   - NOT USING main activity com.android.settings.Settings (from package com.android.settings)
[Fastbot][2026-06-02 15:41:49.267] //   - NOT USING main activity com.android.vending.AssetBrowserActivity (from package com.android.vending)
[Fastbot][2026-06-02 15:41:49.267] //   - NOT USING main activity com.google.android.apps.docs.app.NewMainProxyActivity (from package com.google.android.apps.docs)
[Fastbot][2026-06-02 15:41:49.267] //   - NOT USING main activity com.google.android.maps.MapsActivity (from package com.google.android.apps.maps)
[Fastbot][2026-06-02 15:41:49.267] //   - NOT USING main activity com.google.android.apps.messaging.ui.ConversationListActivity (from package com.google.android.apps.messaging)
[Fastbot][2026-06-02 15:41:49.267] //   - NOT USING main activity com.google.android.apps.photos.home.HomeActivity (from package com.google.android.apps.photos)
[Fastbot][2026-06-02 15:41:49.267] //   - NOT USING main activity com.google.android.apps.tachyon.MainActivity (from package com.google.android.apps.tachyon)
[Fastbot][2026-06-02 15:41:49.268] //   - NOT USING main activity com.android.calendar.AllInOneActivity (from package com.google.android.calendar)
[Fastbot][2026-06-02 15:41:49.268] //   - NOT USING main activity com.android.deskclock.DeskClock (from package com.google.android.deskclock)
[Fastbot][2026-06-02 15:41:49.268] //   - NOT USING main activity com.google.android.gm.ConversationListActivityGmail (from package com.google.android.gm)
[Fastbot][2026-06-02 15:41:49.268] //   - NOT USING main activity com.android.music.activitymanagement.TopLevelActivity (from package com.google.android.music)
[Fastbot][2026-06-02 15:41:49.268] //   - NOT USING main activity com.google.android.youtube.videos.EntryPoint (from package com.google.android.videos)
[Fastbot][2026-06-02 15:41:49.268] //   - NOT USING main activity com.google.android.youtube.app.honeycomb.Shell$HomeActivity (from package com.google.android.youtube)
[Fastbot][2026-06-02 15:41:49.268] //   - NOT USING main activity de.danoeh.antennapod.activity.SplashActivity (from package de.danoeh.antennapod.debug)
[Fastbot][2026-06-02 15:41:49.269] //   - NOT USING main activity com.android.documentsui.LauncherActivity (from package com.android.documentsui)
[Fastbot][2026-06-02 15:41:49.269] //   - NOT USING main activity com.google.android.apps.wallpaper.picker.CategoryPickerActivity (from package com.google.android.apps.wallpaper)
[Fastbot][2026-06-02 15:41:49.269] //   - NOT USING main activity com.google.android.googlequicksearchbox.VoiceSearchActivity (from package com.google.android.googlequicksearchbox)
[Fastbot][2026-06-02 15:41:49.269] //   - NOT USING main activity com.google.android.googlequicksearchbox.SearchActivity (from package com.google.android.googlequicksearchbox)
[Fastbot][2026-06-02 15:41:49.269] //   - NOT USING main activity com.amaze.filemanager.ui.activities.MainActivity (from package com.amaze.filemanager.debug)
[Fastbot][2026-06-02 15:41:49.269] //   - NOT USING main activity com.github.uiautomator.MainActivity (from package com.github.uiautomator)
[Fastbot][2026-06-02 15:41:49.269] //   - NOT USING main activity com.ichi2.anki.IntentHandler (from package com.ichi2.anki.debug)
[Fastbot][2026-06-02 15:41:49.270] //   - NOT USING main activity leakcanary.internal.activity.LeakLauncherActivity (from package com.ichi2.anki.debug)
[Fastbot][2026-06-02 15:41:49.270] //   + Using main activity de.rampro.activitydiary.ui.main.MainActivity (from package de.rampro.activitydiary.debug)
[Fastbot][2026-06-02 15:41:49.270] //   - NOT USING main activity fr.free.nrw.commons.auth.LoginActivity (from package fr.free.nrw.commons)
[Fastbot][2026-06-02 15:41:49.270] //   - NOT USING main activity it.feio.android.omninotes.MainActivity (from package it.feio.android.omninotes)
[Fastbot][2026-06-02 15:41:49.270] //   - NOT USING main activity it.feio.android.omninotes.MainActivity (from package it.feio.android.omninotes.alpha)
[Fastbot][2026-06-02 15:41:49.270] //   - NOT USING main activity itkach.aard2.MainActivity (from package itkach.aard2)
[Fastbot][2026-06-02 15:41:49.270] //   - NOT USING main activity net.bible.android.activity.StartupActivity (from package net.bible.android.activity)
[Fastbot][2026-06-02 15:41:49.270] //   - NOT USING main activity net.gsantner.markor.activity.MainActivity (from package net.gsantner.markor_test)
[Fastbot][2026-06-02 15:41:49.270] //   - NOT USING main activity net.programmierecke.radiodroid2.ActivityMain (from package net.programmierecke.radiodroid2)
[Fastbot][2026-06-02 15:41:49.271] //   - NOT USING main activity com.todoroo.astrid.activity.TaskListActivity (from package org.tasks)
[Fastbot][2026-06-02 15:41:49.271] //   - NOT USING main activity org.wikipedia.main.MainActivity (from package org.wikipedia.alpha)
[Fastbot][2026-06-02 15:41:49.273] // Selecting main activities from category android.intent.category.MONKEY
[Fastbot][2026-06-02 15:41:49.273] //   - NOT USING main activity com.android.settings.Settings$RunningServicesActivity (from package com.android.settings)
[Fastbot][2026-06-02 15:41:49.273] //   - NOT USING main activity com.android.settings.Settings$StorageUseActivity (from package com.android.settings)
[Fastbot][2026-06-02 15:41:49.273] //   - NOT USING main activity com.google.android.apps.nexuslauncher.NexusLauncherActivity (from package com.google.android.apps.nexuslauncher)
[Fastbot][2026-06-02 15:41:49.273] //   - NOT USING main activity com.google.android.googlequicksearchbox.SearchActivity (from package com.google.android.googlequicksearchbox)
[Fastbot][2026-06-02 15:41:52.275] // phone info： Google_Android SDK built for x86_10
[Fastbot][2026-06-02 15:41:52.276] // runing fastbot-U2
[Fastbot][2026-06-02 15:41:52.282] InputMethod ID: com.google.android.inputmethod.latin/com.android.inputmethod.latin.LatinIME
[Fastbot][2026-06-02 15:41:52.283] InputMethod ID: com.google.android.googlequicksearchbox/com.google.android.voicesearch.ime.VoiceInputMethodService
[Fastbot][2026-06-02 15:41:52.298] // device serial number is EMULATOR36X3X10X0
[Fastbot][2026-06-02 15:41:52.298] [MonkeySourceApeU2] ProfilePeriod: 25
[Fastbot][2026-06-02 15:41:52.347] --> GET http://127.0.0.1:9008/ping
[Fastbot][2026-06-02 15:41:52.347] --> END GET
[Fastbot][2026-06-02 15:41:52.360] <-- 200 OK  http://127.0.0.1:9008/ping (12ms)
[Fastbot][2026-06-02 15:41:52.360] Content-Type: text/html
[Fastbot][2026-06-02 15:41:52.360] Date: Tue, 2 Jun 2026 15:41:52 GMT
[Fastbot][2026-06-02 15:41:52.360] Connection: keep-alive
[Fastbot][2026-06-02 15:41:52.361] Transfer-Encoding: chunked
[Fastbot][2026-06-02 15:41:52.362] 
[Fastbot][2026-06-02 15:41:52.362] pong
[Fastbot][2026-06-02 15:41:52.363] <-- END HTTP (4-byte body)
[Fastbot][2026-06-02 15:41:54.365] --> GET http://127.0.0.1:9008/ping
[Fastbot][2026-06-02 15:41:54.365] --> END GET
[Fastbot][2026-06-02 15:41:54.367] <-- 200 OK  http://127.0.0.1:9008/ping (1ms)
[Fastbot][2026-06-02 15:41:54.367] Content-Type: text/html
[Fastbot][2026-06-02 15:41:54.367] Date: Tue, 2 Jun 2026 15:41:54 GMT
[Fastbot][2026-06-02 15:41:54.367] Connection: keep-alive
[Fastbot][2026-06-02 15:41:54.368] Transfer-Encoding: chunked
[Fastbot][2026-06-02 15:41:54.368] 
[Fastbot][2026-06-02 15:41:54.368] pong
[Fastbot][2026-06-02 15:41:54.368] <-- END HTTP (4-byte body)
[Fastbot][2026-06-02 15:41:54.368] // device uuid is bfcc207e-88e3-4899-826e-342cd998a52c
[Fastbot][2026-06-02 15:41:54.383] [MonkeySourceApeU2] proxyServer started. Listening tcp:8090
[Fastbot][2026-06-02 15:41:54.409] // init with reuse agent
[Fastbot][2026-06-02 15:41:54.412] fastbot native : library load!
[Fastbot][2026-06-02 15:41:54.412] fastbot native path is : /data/local/tmp/x86/libfastbot_native.so
[Fastbot][2026-06-02 15:41:54.422] --> GET http://127.0.0.1:9008/ping
[Fastbot][2026-06-02 15:41:54.422] --> END GET
[Fastbot][2026-06-02 15:41:54.424] <-- 200 OK  http://127.0.0.1:9008/ping (1ms)
[Fastbot][2026-06-02 15:41:54.424] Content-Type: text/html
[Fastbot][2026-06-02 15:41:54.424] Date: Tue, 2 Jun 2026 15:41:54 GMT
[Fastbot][2026-06-02 15:41:54.425] Connection: keep-alive
[Fastbot][2026-06-02 15:41:54.425] Transfer-Encoding: chunked
[Fastbot][2026-06-02 15:41:54.426] 
[Fastbot][2026-06-02 15:41:54.426] pong
[Fastbot][2026-06-02 15:41:54.427] <-- END HTTP (4-byte body)
[Fastbot][2026-06-02 15:41:54.427] Server validated
[Fastbot][2026-06-02 15:41:54.427] 

[Fastbot]*** ERROR *** findMethod() error, NoSuchMethodException happened, there is no such method: getTasks
[Fastbot][2026-06-02 15:41:54.429] // the top activity is com.google.android.apps.nexuslauncher.NexusLauncherActivity, not testing app, need inject restart app
[Fastbot][2026-06-02 15:41:54.430] Switch: #Intent;action=android.intent.action.MAIN;category=android.intent.category.LAUNCHER;launchFlags=0x10200000;component=de.rampro.activitydiary.debug/de.rampro.activitydiary.ui.main.MainActivity;end
[Fastbot][2026-06-02 15:41:54.433] // the top activity is de.rampro.activitydiary.ui.main.MainActivity, phone capture activity is com.android.camera.CaptureActivity
[Fastbot][2026-06-02 15:41:54.433]     // Allowing start of Intent { act=android.intent.action.MAIN cat=[android.intent.category.LAUNCHER] cmp=de.rampro.activitydiary.debug/de.rampro.activitydiary.ui.main.MainActivity } in package de.rampro.activitydiary.debug
[Fastbot][2026-06-02 15:41:54.441] // [Monkey] current activity is de.rampro.activitydiary.ui.main.MainActivity
[Fastbot][2026-06-02 15:41:54.444] Sleeping for 2000 milliseconds
[Fastbot][2026-06-02 15:41:56.268] [Proxy Server] Forwarding
[Fastbot][2026-06-02 15:41:56.268] --> GET http://127.0.0.1:9008/ping
[Fastbot][2026-06-02 15:41:56.268] --> END GET
[Fastbot][2026-06-02 15:41:56.271] <-- 200 OK  http://127.0.0.1:9008/ping (1ms)
[Fastbot][2026-06-02 15:41:56.271] Content-Type: text/html
[Fastbot][2026-06-02 15:41:56.272] Date: Tue, 2 Jun 2026 15:41:56 GMT
[Fastbot][2026-06-02 15:41:56.272] Connection: keep-alive
[Fastbot][2026-06-02 15:41:56.273] Transfer-Encoding: chunked
[Fastbot][2026-06-02 15:41:56.274] 
[Fastbot][2026-06-02 15:41:56.274] pong
[Fastbot][2026-06-02 15:41:56.274] <-- END HTTP (4-byte body)
[Fastbot][2026-06-02 15:41:56.345] Init: 
[Fastbot][2026-06-02 15:41:56.345]     takeScreenshots: false
[Fastbot][2026-06-02 15:41:56.346]     preFailureScreenshots: 0
[Fastbot][2026-06-02 15:41:56.347]     postFailureScreenshots: 0
[Fastbot][2026-06-02 15:41:56.347]     logStamp: 2026060223_4149037366
[Fastbot][2026-06-02 15:41:56.347]     outputDir: /sdcard/output_2026060223_4149037366
[Fastbot][2026-06-02 15:41:56.349] take all screenshots.
[Fastbot][2026-06-02 15:41:56.386] [ProxyServer] stepsCount: 1
[Fastbot][2026-06-02 15:41:56.387] [ProxyServer] receive request: stepMonkey
[Fastbot][2026-06-02 15:41:56.449] [MonkeySourceApeU2] stepsCount: 1
[Fastbot][2026-06-02 15:41:56.451] --> POST http://127.0.0.1:9008/jsonrpc/0
[Fastbot][2026-06-02 15:41:56.451] Content-Type: application/json; charset=utf-8
[Fastbot][2026-06-02 15:41:56.451] Content-Length: 75
[Fastbot][2026-06-02 15:41:56.451] 
[Fastbot][2026-06-02 15:41:56.451] {"id":1,"jsonrpc":"2.0","method":"dumpWindowHierarchy","params":[false,50]}
[Fastbot][2026-06-02 15:41:56.451] --> END POST (75-byte body)
[Fastbot][2026-06-02 15:41:56.542] <-- 200 OK  http://127.0.0.1:9008/jsonrpc/0 (90ms)
[Fastbot][2026-06-02 15:41:56.542] Content-Type: application/json
[Fastbot][2026-06-02 15:41:56.542] Date: Tue, 2 Jun 2026 15:41:56 GMT
[Fastbot][2026-06-02 15:41:56.542] Connection: keep-alive
[Fastbot][2026-06-02 15:41:56.542] Transfer-Encoding: chunked
[Fastbot][2026-06-02 15:41:56.545] 
[Fastbot][2026-06-02 15:41:56.546] {"jsonrpc":"2.0","id":1,"result":"<?xml version='1.0' encoding='UTF-8' standalone='yes' ?>\r\n<hierarchy rotation=\"0\">\r\n  <node index=\"0\" text=\"\" resource-id=\"\" class=\"android.widget.FrameLayout\" package=\"com.android.systemui\" content-desc=\"\" checkable=\"false\" checked=\"false\" cli...[truncated]
[Fastbot][2026-06-02 15:41:56.546] <-- END HTTP (49082-byte body)
[Fastbot][2026-06-02 15:41:56.554] [MonkeySourceApeU2] Successfully Got hierarchy
[Fastbot][2026-06-02 15:41:56.568] // Event id: 3
[Fastbot][2026-06-02 15:41:56.568] topActivity Name: ComponentInfo{de.rampro.activitydiary.debug/de.rampro.activitydiary.ui.main.MainActivity}
[Fastbot][2026-06-02 15:41:56.569] // Dumped stringOfGuiTree
[Fastbot][2026-06-02 15:41:56.570] topActivityName: de.rampro.activitydiary.ui.main.MainActivity
[Fastbot][2026-06-02 15:41:56.576] action type: LONG_CLICK
[Fastbot][2026-06-02 15:41:56.576] rpc cost time: 7
[Fastbot][2026-06-02 15:41:56.581] :Sending rotation degree=0, persist=false
[Fastbot][2026-06-02 15:41:56.588] :Sending Touch (ACTION_DOWN): 0:(937.0,476.0)
[Fastbot][2026-06-02 15:41:56.590] Wait Event for 1000 milliseconds
[Fastbot][2026-06-02 15:41:57.036] // the top activity is de.rampro.activitydiary.ui.generic.EditActivity, phone capture activity is com.android.camera.CaptureActivity
[Fastbot][2026-06-02 15:41:57.036]     // Allowing start of Intent { cmp=de.rampro.activitydiary.debug/de.rampro.activitydiary.ui.generic.EditActivity } in package de.rampro.activitydiary.debug
[Fastbot][2026-06-02 15:41:57.593] // [Monkey] current activity is de.rampro.activitydiary.ui.generic.EditActivity
[Fastbot][2026-06-02 15:41:57.595] :Sending Touch (ACTION_UP): 0:(937.0,476.0)
[Fastbot][2026-06-02 15:41:57.596]     // Injection Failed com.android.commands.monkey.events.base.MonkeyTouchEvent@bdaef7c
[Fastbot][2026-06-02 15:41:57.597] Sleeping for 235 milliseconds
[Fastbot][2026-06-02 15:41:57.835] [ProxyServer] Finish monkey step. Dumping hierarchy
[Fastbot][2026-06-02 15:41:57.835] --> POST http://127.0.0.1:9008/jsonrpc/0
[Fastbot][2026-06-02 15:41:57.835] Content-Type: application/json; charset=utf-8
[Fastbot][2026-06-02 15:41:57.836] Content-Length: 75
[Fastbot][2026-06-02 15:41:57.836] 
[Fastbot][2026-06-02 15:41:57.837] {"id":1,"jsonrpc":"2.0","method":"dumpWindowHierarchy","params":[false,50]}
[Fastbot][2026-06-02 15:41:57.837] --> END POST (75-byte body)
[Fastbot][2026-06-02 15:41:58.101] <-- 200 OK  http://127.0.0.1:9008/jsonrpc/0 (263ms)
[Fastbot][2026-06-02 15:41:58.101] Content-Type: application/json
[Fastbot][2026-06-02 15:41:58.101] Date: Tue, 2 Jun 2026 15:41:58 GMT
[Fastbot][2026-06-02 15:41:58.101] Connection: keep-alive
[Fastbot][2026-06-02 15:41:58.102] Transfer-Encoding: chunked
[Fastbot][2026-06-02 15:41:58.104] 
[Fastbot][2026-06-02 15:41:58.104] {"jsonrpc":"2.0","id":1,"result":"<?xml version='1.0' encoding='UTF-8' standalone='yes' ?>\r\n<hierarchy rotation=\"0\">\r\n  <node index=\"0\" text=\"\" resource-id=\"\" class=\"android.widget.FrameLayout\" package=\"com.android.systemui\" content-desc=\"\" checkable=\"false\" checked=\"false\" cli...[truncated]
[Fastbot][2026-06-02 15:41:58.104] <-- END HTTP (98204-byte body)
[Fastbot][2026-06-02 15:41:58.130] [ProxyServer] stepsCount: 2
[Fastbot][2026-06-02 15:41:58.130] [ProxyServer] receive request: stepMonkey
[Fastbot][2026-06-02 15:41:58.131] [MonkeySourceApeU2] stepsCount: 2
[Fastbot][2026-06-02 15:41:58.131] [MonkeySourceApeU2] Latest event is MonkeyEvent. Use the cached hierarchy.
[Fastbot][2026-06-02 15:41:58.134] [MonkeySourceApeU2] Successfully Got hierarchy
[Fastbot][2026-06-02 15:41:58.137] // Event id: 8
[Fastbot][2026-06-02 15:41:58.137] topActivity Name: ComponentInfo{de.rampro.activitydiary.debug/de.rampro.activitydiary.ui.generic.EditActivity}
[Fastbot][2026-06-02 15:41:58.137] // Dumped stringOfGuiTree
[Fastbot][2026-06-02 15:41:58.138] topActivityName: de.rampro.activitydiary.ui.generic.EditActivity
[Fastbot][2026-06-02 15:41:58.141] action type: SCROLL_LEFT_RIGHT
[Fastbot][2026-06-02 15:41:58.141] rpc cost time: 4
[Fastbot][2026-06-02 15:41:58.144] :Sending rotation degree=0, persist=false
[Fastbot][2026-06-02 15:41:58.151] :Sending Touch (ACTION_DOWN): 0:(540.0,1008.0)
[Fastbot][2026-06-02 15:41:58.153] :Sending Touch (ACTION_MOVE): 0:(540.0,1008.0)
[Fastbot][2026-06-02 15:41:58.155] Wait Event for 20 milliseconds
[Fastbot][2026-06-02 15:41:58.177] :Sending Touch (ACTION_MOVE): 0:(593.9,1008.0)
[Fastbot][2026-06-02 15:41:58.180] Wait Event for 20 milliseconds
[Fastbot][2026-06-02 15:41:58.202] :Sending Touch (ACTION_MOVE): 0:(647.8,1008.0)
[Fastbot][2026-06-02 15:41:58.216] Wait Event for 20 milliseconds
[Fastbot][2026-06-02 15:41:58.238] :Sending Touch (ACTION_MOVE): 0:(701.7,1008.0)
[Fastbot][2026-06-02 15:41:58.239] Wait Event for 20 milliseconds
[Fastbot][2026-06-02 15:41:58.261] :Sending Touch (ACTION_MOVE): 0:(755.6,1008.0)
[Fastbot][2026-06-02 15:41:58.263] Wait Event for 20 milliseconds
[Fastbot][2026-06-02 15:41:58.287] :Sending Touch (ACTION_MOVE): 0:(809.5,1008.0)
[Fastbot][2026-06-02 15:41:58.289] Wait Event for 20 milliseconds
[Fastbot][2026-06-02 15:41:58.311] :Sending Touch (ACTION_MOVE): 0:(863.4,1008.0)
[Fastbot][2026-06-02 15:41:58.313] Wait Event for 20 milliseconds
[Fastbot][2026-06-02 15:41:58.336] :Sending Touch (ACTION_MOVE): 0:(917.3,1008.0)
[Fastbot][2026-06-02 15:41:58.338] Wait Event for 20 milliseconds
[Fastbot][2026-06-02 15:41:58.369] :Sending Touch (ACTION_MOVE): 0:(971.2,1008.0)
[Fastbot][2026-06-02 15:41:58.371] Wait Event for 20 milliseconds
[Fastbot][2026-06-02 15:41:58.395] :Sending Touch (ACTION_MOVE): 0:(1025.1,1008.0)
[Fastbot][2026-06-02 15:41:58.397] Wait Event for 20 milliseconds
[Fastbot][2026-06-02 15:41:58.419] :Sending Touch (ACTION_UP): 0:(1079.0,1008.0)
[Fastbot][2026-06-02 15:41:58.421] Sleeping for 236 milliseconds
[Fastbot][2026-06-02 15:41:58.660] [ProxyServer] Finish monkey step. Dumping hierarchy
[Fastbot][2026-06-02 15:41:58.660] --> POST http://127.0.0.1:9008/jsonrpc/0
[Fastbot][2026-06-02 15:41:58.660] Content-Type: application/json; charset=utf-8
[Fastbot][2026-06-02 15:41:58.660] Content-Length: 75
[Fastbot][2026-06-02 15:41:58.661] 
[Fastbot][2026-06-02 15:41:58.661] {"id":1,"jsonrpc":"2.0","method":"dumpWindowHierarchy","params":[false,50]}
[Fastbot][2026-06-02 15:41:58.661] --> END POST (75-byte body)
[Fastbot][2026-06-02 15:41:58.744] <-- 200 OK  http://127.0.0.1:9008/jsonrpc/0 (82ms)
[Fastbot][2026-06-02 15:41:58.744] Content-Type: application/json
[Fastbot][2026-06-02 15:41:58.745] Date: Tue, 2 Jun 2026 15:41:58 GMT
[Fastbot][2026-06-02 15:41:58.745] Connection: keep-alive
[Fastbot][2026-06-02 15:41:58.745] Transfer-Encoding: chunked
[Fastbot][2026-06-02 15:41:58.748] 
[Fastbot][2026-06-02 15:41:58.748] {"jsonrpc":"2.0","id":1,"result":"<?xml version='1.0' encoding='UTF-8' standalone='yes' ?>\r\n<hierarchy rotation=\"0\">\r\n  <node index=\"0\" text=\"\" resource-id=\"\" class=\"android.widget.FrameLayout\" package=\"com.android.systemui\" content-desc=\"\" checkable=\"false\" checked=\"false\" cli...[truncated]
[Fastbot][2026-06-02 15:41:58.749] <-- END HTTP (98204-byte body)
[Fastbot][2026-06-02 15:41:58.779] [ProxyServer] stepsCount: 3
[Fastbot][2026-06-02 15:41:58.779] [ProxyServer] receive request: stepMonkey
[Fastbot][2026-06-02 15:41:58.780] [MonkeySourceApeU2] stepsCount: 3
[Fastbot][2026-06-02 15:41:58.780] [MonkeySourceApeU2] Latest event is MonkeyEvent. Use the cached hierarchy.
[Fastbot][2026-06-02 15:41:58.781] [MonkeySourceApeU2] Successfully Got hierarchy
[Fastbot][2026-06-02 15:41:58.783] // Event id: 32
[Fastbot][2026-06-02 15:41:58.784] topActivity Name: ComponentInfo{de.rampro.activitydiary.debug/de.rampro.activitydiary.ui.generic.EditActivity}
[Fastbot][2026-06-02 15:41:58.784] // Dumped stringOfGuiTree
[Fastbot][2026-06-02 15:41:58.784] topActivityName: de.rampro.activitydiary.ui.generic.EditActivity
[Fastbot][2026-06-02 15:41:58.785] action type: CLICK
[Fastbot][2026-06-02 15:41:58.786] rpc cost time: 2
[Fastbot][2026-06-02 15:41:58.787] :Sending rotation degree=0, persist=false
[Fastbot][2026-06-02 15:41:58.802] :Sending Touch (ACTION_DOWN): 0:(396.0,416.0)
[Fastbot][2026-06-02 15:41:58.812] :Sending Touch (ACTION_UP): 0:(396.0,416.0)
[Fastbot][2026-06-02 15:41:58.818] :Sending Key (ACTION_DOWN): 111    // KEYCODE_ESCAPE
[Fastbot][2026-06-02 15:41:58.820] :Sending Key (ACTION_UP): 111    // KEYCODE_ESCAPE
[Fastbot][2026-06-02 15:41:58.836] Sleeping for 236 milliseconds
[Fastbot][2026-06-02 15:41:59.074] [ProxyServer] Finish monkey step. Dumping hierarchy
[Fastbot][2026-06-02 15:41:59.075] --> POST http://127.0.0.1:9008/jsonrpc/0
[Fastbot][2026-06-02 15:41:59.075] Content-Type: application/json; charset=utf-8
[Fastbot][2026-06-02 15:41:59.075] Content-Length: 75
[Fastbot][2026-06-02 15:41:59.075] 
[Fastbot][2026-06-02 15:41:59.076] {"id":1,"jsonrpc":"2.0","method":"dumpWindowHierarchy","params":[false,50]}
[Fastbot][2026-06-02 15:41:59.076] --> END POST (75-byte body)
[Fastbot][2026-06-02 15:41:59.153] <-- 200 OK  http://127.0.0.1:9008/jsonrpc/0 (76ms)
[Fastbot][2026-06-02 15:41:59.153] Content-Type: application/json
[Fastbot][2026-06-02 15:41:59.154] Date: Tue, 2 Jun 2026 15:41:59 GMT
[Fastbot][2026-06-02 15:41:59.154] Connection: keep-alive
[Fastbot][2026-06-02 15:41:59.154] Transfer-Encoding: chunked
[Fastbot][2026-06-02 15:41:59.156] 
[Fastbot][2026-06-02 15:41:59.156] {"jsonrpc":"2.0","id":1,"result":"<?xml version='1.0' encoding='UTF-8' standalone='yes' ?>\r\n<hierarchy rotation=\"0\">\r\n  <node index=\"0\" text=\"\" resource-id=\"\" class=\"android.widget.FrameLayout\" package=\"com.android.systemui\" content-desc=\"\" checkable=\"false\" checked=\"false\" cli...[truncated]
[Fastbot][2026-06-02 15:41:59.156] <-- END HTTP (31540-byte body)
[Fastbot][2026-06-02 15:41:59.199] [ProxyServer] stepsCount: 4
[Fastbot][2026-06-02 15:41:59.200] [ProxyServer] receive request: stepMonkey
[Fastbot][2026-06-02 15:41:59.201] [MonkeySourceApeU2] stepsCount: 4
[Fastbot][2026-06-02 15:41:59.201] [MonkeySourceApeU2] Latest event is MonkeyEvent. Use the cached hierarchy.
[Fastbot][2026-06-02 15:41:59.201] [MonkeySourceApeU2] Successfully Got hierarchy
[Fastbot][2026-06-02 15:41:59.203] // Event id: 38
[Fastbot][2026-06-02 15:41:59.203] topActivity Name: ComponentInfo{de.rampro.activitydiary.debug/de.rampro.activitydiary.ui.generic.EditActivity}
[Fastbot][2026-06-02 15:41:59.203] // Dumped stringOfGuiTree
[Fastbot][2026-06-02 15:41:59.203] topActivityName: de.rampro.activitydiary.ui.generic.EditActivity
[Fastbot][2026-06-02 15:41:59.205] action type: CLICK
[Fastbot][2026-06-02 15:41:59.205] rpc cost time: 2
[Fastbot]*** WARNING *** checkVirtualKeyboard: Input only once.
[Fastbot][2026-06-02 15:41:59.207] :Sending rotation degree=0, persist=false
[Fastbot][2026-06-02 15:41:59.214] :Sending Touch (ACTION_DOWN): 0:(974.0,653.0)
[Fastbot][2026-06-02 15:41:59.233] :Sending Touch (ACTION_UP): 0:(974.0,653.0)
[Fastbot][2026-06-02 15:41:59.235] Sleeping for 214 milliseconds
[Fastbot][2026-06-02 15:41:59.451] [ProxyServer] Finish monkey step. Dumping hierarchy
[Fastbot][2026-06-02 15:41:59.452] --> POST http://127.0.0.1:9008/jsonrpc/0
[Fastbot][2026-06-02 15:41:59.452] Content-Type: application/json; charset=utf-8
[Fastbot][2026-06-02 15:41:59.453] Content-Length: 75
[Fastbot][2026-06-02 15:41:59.453] 
[Fastbot][2026-06-02 15:41:59.453] {"id":1,"jsonrpc":"2.0","method":"dumpWindowHierarchy","params":[false,50]}
[Fastbot][2026-06-02 15:41:59.453] --> END POST (75-byte body)
[Fastbot][2026-06-02 15:41:59.599] <-- 200 OK  http://127.0.0.1:9008/jsonrpc/0 (145ms)
[Fastbot][2026-06-02 15:41:59.599] Content-Type: application/json
[Fastbot][2026-06-02 15:41:59.599] Date: Tue, 2 Jun 2026 15:41:59 GMT
[Fastbot][2026-06-02 15:41:59.599] Connection: keep-alive
[Fastbot][2026-06-02 15:41:59.599] Transfer-Encoding: chunked
[Fastbot][2026-06-02 15:41:59.601] 
[Fastbot][2026-06-02 15:41:59.601] {"jsonrpc":"2.0","id":1,"result":"<?xml version='1.0' encoding='UTF-8' standalone='yes' ?>\r\n<hierarchy rotation=\"0\">\r\n  <node index=\"0\" text=\"\" resource-id=\"\" class=\"android.widget.FrameLayout\" package=\"com.android.systemui\" content-desc=\"\" checkable=\"false\" checked=\"false\" cli...[truncated]
[Fastbot][2026-06-02 15:41:59.602] <-- END HTTP (26732-byte body)
[Fastbot][2026-06-02 15:41:59.638] [ProxyServer] stepsCount: 5
[Fastbot][2026-06-02 15:41:59.638] [ProxyServer] receive request: stepMonkey
[Fastbot][2026-06-02 15:41:59.638] [MonkeySourceApeU2] stepsCount: 5
[Fastbot][2026-06-02 15:41:59.639] [MonkeySourceApeU2] Latest event is MonkeyEvent. Use the cached hierarchy.
[Fastbot][2026-06-02 15:41:59.639] [MonkeySourceApeU2] Successfully Got hierarchy
[Fastbot][2026-06-02 15:41:59.640] // Event id: 42
[Fastbot][2026-06-02 15:41:59.641] topActivity Name: ComponentInfo{de.rampro.activitydiary.debug/de.rampro.activitydiary.ui.generic.EditActivity}
[Fastbot][2026-06-02 15:41:59.641] // Dumped stringOfGuiTree
[Fastbot][2026-06-02 15:41:59.641] topActivityName: de.rampro.activitydiary.ui.generic.EditActivity
[Fastbot][2026-06-02 15:41:59.642] action type: SCROLL_TOP_DOWN
[Fastbot][2026-06-02 15:41:59.643] rpc cost time: 2
[Fastbot][2026-06-02 15:41:59.645] :Sending rotation degree=0, persist=false
[Fastbot][2026-06-02 15:41:59.672] :Sending Touch (ACTION_DOWN): 0:(540.0,1139.5)
[Fastbot][2026-06-02 15:41:59.675] :Sending Touch (ACTION_MOVE): 0:(540.0,1139.5)
[Fastbot][2026-06-02 15:41:59.679] Wait Event for 20 milliseconds
[Fastbot][2026-06-02 15:41:59.701] :Sending Touch (ACTION_MOVE): 0:(540.0,1227.05)
[Fastbot][2026-06-02 15:41:59.702] Wait Event for 20 milliseconds
[Fastbot][2026-06-02 15:41:59.724] :Sending Touch (ACTION_MOVE): 0:(540.0,1314.6)
[Fastbot][2026-06-02 15:41:59.725] Wait Event for 20 milliseconds
[Fastbot][2026-06-02 15:41:59.748] :Sending Touch (ACTION_MOVE): 0:(540.0,1402.15)
[Fastbot][2026-06-02 15:41:59.750] Wait Event for 20 milliseconds
[Fastbot][2026-06-02 15:41:59.772] :Sending Touch (ACTION_MOVE): 0:(540.0,1489.7)
[Fastbot][2026-06-02 15:41:59.774] Wait Event for 20 milliseconds
[Fastbot][2026-06-02 15:41:59.797] :Sending Touch (ACTION_MOVE): 0:(540.0,1577.25)
[Fastbot][2026-06-02 15:41:59.799] Wait Event for 20 milliseconds
[Fastbot][2026-06-02 15:41:59.823] :Sending Touch (ACTION_MOVE): 0:(540.0,1664.8)
[Fastbot][2026-06-02 15:41:59.824] Wait Event for 20 milliseconds
[Fastbot][2026-06-02 15:41:59.847] :Sending Touch (ACTION_MOVE): 0:(540.0,1752.35)
[Fastbot][2026-06-02 15:41:59.848] Wait Event for 20 milliseconds
[Fastbot][2026-06-02 15:41:59.871] :Sending Touch (ACTION_MOVE): 0:(540.0,1839.9)
[Fastbot][2026-06-02 15:41:59.873] Wait Event for 20 milliseconds
[Fastbot][2026-06-02 15:41:59.895] :Sending Touch (ACTION_MOVE): 0:(540.0,1927.45)
[Fastbot][2026-06-02 15:41:59.897] Wait Event for 20 milliseconds
[Fastbot][2026-06-02 15:41:59.919] :Sending Touch (ACTION_UP): 0:(540.0,2015.0)
[Fastbot][2026-06-02 15:41:59.921] Sleeping for 214 milliseconds
[Fastbot][2026-06-02 15:42:00.138] [ProxyServer] Finish monkey step. Dumping hierarchy
[Fastbot][2026-06-02 15:42:00.138] --> POST http://127.0.0.1:9008/jsonrpc/0
[Fastbot][2026-06-02 15:42:00.139] Content-Type: application/json; charset=utf-8
[Fastbot][2026-06-02 15:42:00.139] Content-Length: 75
[Fastbot][2026-06-02 15:42:00.139] 
[Fastbot][2026-06-02 15:42:00.139] {"id":1,"jsonrpc":"2.0","method":"dumpWindowHierarchy","params":[false,50]}
[Fastbot][2026-06-02 15:42:00.139] --> END POST (75-byte body)
[Fastbot][2026-06-02 15:42:00.226] <-- 200 OK  http://127.0.0.1:9008/jsonrpc/0 (86ms)
[Fastbot][2026-06-02 15:42:00.226] Content-Type: application/json
[Fastbot][2026-06-02 15:42:00.226] Date: Tue, 2 Jun 2026 15:42:00 GMT
[Fastbot][2026-06-02 15:42:00.226] Connection: keep-alive
[Fastbot][2026-06-02 15:42:00.226] Transfer-Encoding: chunked
[Fastbot][2026-06-02 15:42:00.227] 
[Fastbot][2026-06-02 15:42:00.227] {"jsonrpc":"2.0","id":1,"result":"<?xml version='1.0' encoding='UTF-8' standalone='yes' ?>\r\n<hierarchy rotation=\"0\">\r\n  <node index=\"0\" text=\"\" resource-id=\"\" class=\"android.widget.FrameLayout\" package=\"com.android.systemui\" content-desc=\"\" checkable=\"false\" checked=\"false\" cli...[truncated]
[Fastbot][2026-06-02 15:42:00.227] <-- END HTTP (26732-byte body)
[Fastbot][2026-06-02 15:42:00.246] [ProxyServer] stepsCount: 6
[Fastbot][2026-06-02 15:42:00.246] [ProxyServer] receive request: stepMonkey
[Fastbot][2026-06-02 15:42:00.246] [MonkeySourceApeU2] stepsCount: 6
[Fastbot][2026-06-02 15:42:00.247] [MonkeySourceApeU2] Latest event is MonkeyEvent. Use the cached hierarchy.
[Fastbot][2026-06-02 15:42:00.247] [MonkeySourceApeU2] Successfully Got hierarchy
[Fastbot][2026-06-02 15:42:00.249] // Event id: 66
[Fastbot][2026-06-02 15:42:00.249] topActivity Name: ComponentInfo{de.rampro.activitydiary.debug/de.rampro.activitydiary.ui.generic.EditActivity}
[Fastbot][2026-06-02 15:42:00.249] // Dumped stringOfGuiTree
[Fastbot][2026-06-02 15:42:00.249] topActivityName: de.rampro.activitydiary.ui.generic.EditActivity
[Fastbot][2026-06-02 15:42:00.250] action type: CLICK
[Fastbot][2026-06-02 15:42:00.251] rpc cost time: 1
[Fastbot]*** WARNING *** checkVirtualKeyboard: Input only once.
[Fastbot][2026-06-02 15:42:00.252] :Sending rotation degree=0, persist=false
[Fastbot][2026-06-02 15:42:00.259] :Sending Touch (ACTION_DOWN): 0:(842.0,1550.0)
[Fastbot][2026-06-02 15:42:00.278] :Sending Touch (ACTION_UP): 0:(842.0,1550.0)
[Fastbot][2026-06-02 15:42:00.279] Sleeping for 244 milliseconds
[Fastbot][2026-06-02 15:42:00.525] [ProxyServer] Finish monkey step. Dumping hierarchy
[Fastbot][2026-06-02 15:42:00.526] --> POST http://127.0.0.1:9008/jsonrpc/0
[Fastbot][2026-06-02 15:42:00.527] Content-Type: application/json; charset=utf-8
[Fastbot][2026-06-02 15:42:00.528] Content-Length: 75
[Fastbot][2026-06-02 15:42:00.529] 
[Fastbot][2026-06-02 15:42:00.529] {"id":1,"jsonrpc":"2.0","method":"dumpWindowHierarchy","params":[false,50]}
[Fastbot][2026-06-02 15:42:00.529] --> END POST (75-byte body)
[Fastbot][2026-06-02 15:42:00.578] <-- 200 OK  http://127.0.0.1:9008/jsonrpc/0 (48ms)
[Fastbot][2026-06-02 15:42:00.578] Content-Type: application/json
[Fastbot][2026-06-02 15:42:00.578] Date: Tue, 2 Jun 2026 15:42:00 GMT
[Fastbot][2026-06-02 15:42:00.589] Connection: keep-alive
[Fastbot][2026-06-02 15:42:00.589] Transfer-Encoding: chunked
[Fastbot][2026-06-02 15:42:00.590] 
[Fastbot][2026-06-02 15:42:00.590] {"jsonrpc":"2.0","id":1,"result":"<?xml version='1.0' encoding='UTF-8' standalone='yes' ?>\r\n<hierarchy rotation=\"0\">\r\n  <node index=\"0\" text=\"\" resource-id=\"\" class=\"android.widget.FrameLayout\" package=\"com.android.systemui\" content-desc=\"\" checkable=\"false\" checked=\"false\" cli...[truncated]
[Fastbot][2026-06-02 15:42:00.590] <-- END HTTP (31540-byte body)
[Fastbot][2026-06-02 15:42:00.633] [ProxyServer] stepsCount: 7
[Fastbot][2026-06-02 15:42:00.633] [ProxyServer] receive request: stepMonkey
[Fastbot][2026-06-02 15:42:00.633] [MonkeySourceApeU2] stepsCount: 7
[Fastbot][2026-06-02 15:42:00.634] [MonkeySourceApeU2] Latest event is MonkeyEvent. Use the cached hierarchy.
[Fastbot][2026-06-02 15:42:00.634] [MonkeySourceApeU2] Successfully Got hierarchy
[Fastbot][2026-06-02 15:42:00.636] // Event id: 70
[Fastbot][2026-06-02 15:42:00.637] topActivity Name: ComponentInfo{de.rampro.activitydiary.debug/de.rampro.activitydiary.ui.generic.EditActivity}
[Fastbot][2026-06-02 15:42:00.637] // Dumped stringOfGuiTree
[Fastbot][2026-06-02 15:42:00.637] topActivityName: de.rampro.activitydiary.ui.generic.EditActivity
[Fastbot][2026-06-02 15:42:00.638] action type: SCROLL_BOTTOM_UP
[Fastbot][2026-06-02 15:42:00.638] rpc cost time: 1
[Fastbot][2026-06-02 15:42:00.641] :Sending rotation degree=0, persist=false
[Fastbot][2026-06-02 15:42:00.648] :Sending Touch (ACTION_DOWN): 0:(540.0,1008.0)
[Fastbot][2026-06-02 15:42:00.651] :Sending Touch (ACTION_MOVE): 0:(540.0,1008.0)
[Fastbot][2026-06-02 15:42:00.652] Wait Event for 20 milliseconds
[Fastbot][2026-06-02 15:42:00.682] :Sending Touch (ACTION_MOVE): 0:(540.0,913.8)
[Fastbot][2026-06-02 15:42:00.684] Wait Event for 20 milliseconds
[Fastbot][2026-06-02 15:42:00.710] :Sending Touch (ACTION_MOVE): 0:(540.0,819.6)
[Fastbot][2026-06-02 15:42:00.718] Wait Event for 20 milliseconds
[Fastbot][2026-06-02 15:42:00.740] :Sending Touch (ACTION_MOVE): 0:(540.0,725.4)
[Fastbot][2026-06-02 15:42:00.742] Wait Event for 20 milliseconds
[Fastbot][2026-06-02 15:42:00.764] :Sending Touch (ACTION_MOVE): 0:(540.0,631.19995)
[Fastbot][2026-06-02 15:42:00.766] Wait Event for 20 milliseconds
[Fastbot][2026-06-02 15:42:00.788] :Sending Touch (ACTION_MOVE): 0:(540.0,537.0)
[Fastbot][2026-06-02 15:42:00.790] Wait Event for 20 milliseconds
[Fastbot][2026-06-02 15:42:00.812] :Sending Touch (ACTION_MOVE): 0:(540.0,442.8)
[Fastbot][2026-06-02 15:42:00.813] Wait Event for 20 milliseconds
[Fastbot][2026-06-02 15:42:00.837] :Sending Touch (ACTION_MOVE): 0:(540.0,348.60004)
[Fastbot][2026-06-02 15:42:00.838] Wait Event for 20 milliseconds
[Fastbot][2026-06-02 15:42:00.862] :Sending Touch (ACTION_MOVE): 0:(540.0,254.39996)
[Fastbot][2026-06-02 15:42:00.863] Wait Event for 20 milliseconds
[Fastbot][2026-06-02 15:42:00.886] :Sending Touch (ACTION_MOVE): 0:(540.0,160.20001)
[Fastbot][2026-06-02 15:42:00.887] Wait Event for 20 milliseconds
[Fastbot][2026-06-02 15:42:00.916] :Sending Touch (ACTION_UP): 0:(540.0,82.0)
[Fastbot][2026-06-02 15:42:00.918] Sleeping for 244 milliseconds
[Fastbot][2026-06-02 15:42:01.165] [ProxyServer] Finish monkey step. Dumping hierarchy
[Fastbot][2026-06-02 15:42:01.165] --> POST http://127.0.0.1:9008/jsonrpc/0
[Fastbot][2026-06-02 15:42:01.165] Content-Type: application/json; charset=utf-8
[Fastbot][2026-06-02 15:42:01.165] Content-Length: 75
[Fastbot][2026-06-02 15:42:01.166] 
[Fastbot][2026-06-02 15:42:01.167] {"id":1,"jsonrpc":"2.0","method":"dumpWindowHierarchy","params":[false,50]}
[Fastbot][2026-06-02 15:42:01.167] --> END POST (75-byte body)
[Fastbot][2026-06-02 15:42:01.195] <-- 200 OK  http://127.0.0.1:9008/jsonrpc/0 (28ms)
[Fastbot][2026-06-02 15:42:01.196] Content-Type: application/json
[Fastbot][2026-06-02 15:42:01.196] Date: Tue, 2 Jun 2026 15:42:01 GMT
[Fastbot][2026-06-02 15:42:01.196] Connection: keep-alive
[Fastbot][2026-06-02 15:42:01.197] Transfer-Encoding: chunked
[Fastbot][2026-06-02 15:42:01.198] 
[Fastbot][2026-06-02 15:42:01.199] {"jsonrpc":"2.0","id":1,"result":"<?xml version='1.0' encoding='UTF-8' standalone='yes' ?>\r\n<hierarchy rotation=\"0\">\r\n  <node index=\"0\" text=\"\" resource-id=\"\" class=\"android.widget.FrameLayout\" package=\"com.android.systemui\" content-desc=\"\" checkable=\"false\" checked=\"false\" cli...[truncated]
[Fastbot][2026-06-02 15:42:01.199] <-- END HTTP (31540-byte body)
[Fastbot][2026-06-02 15:42:01.259] [ProxyServer] stepsCount: 8
[Fastbot][2026-06-02 15:42:01.259] [ProxyServer] receive request: stepMonkey
[Fastbot][2026-06-02 15:42:01.260] [MonkeySourceApeU2] stepsCount: 8
[Fastbot][2026-06-02 15:42:01.261] [MonkeySourceApeU2] Latest event is MonkeyEvent. Use the cached hierarchy.
[Fastbot][2026-06-02 15:42:01.263] [MonkeySourceApeU2] Successfully Got hierarchy
[Fastbot][2026-06-02 15:42:01.265] // Event id: 94
[Fastbot][2026-06-02 15:42:01.265] topActivity Name: ComponentInfo{de.rampro.activitydiary.debug/de.rampro.activitydiary.ui.generic.EditActivity}
[Fastbot][2026-06-02 15:42:01.265] // Dumped stringOfGuiTree
[Fastbot][2026-06-02 15:42:01.265] topActivityName: de.rampro.activitydiary.ui.generic.EditActivity
[Fastbot][2026-06-02 15:42:01.268] action type: SCROLL_TOP_DOWN
[Fastbot][2026-06-02 15:42:01.268] rpc cost time: 3
[Fastbot][2026-06-02 15:42:01.270] :Sending rotation degree=0, persist=false
[Fastbot][2026-06-02 15:42:01.277] :Sending Touch (ACTION_DOWN): 0:(540.0,1008.0)
[Fastbot][2026-06-02 15:42:01.281] :Sending Touch (ACTION_MOVE): 0:(540.0,1008.0)
[Fastbot][2026-06-02 15:42:01.282] Wait Event for 20 milliseconds
[Fastbot][2026-06-02 15:42:01.304] :Sending Touch (ACTION_MOVE): 0:(540.0,1108.7)
[Fastbot][2026-06-02 15:42:01.306] Wait Event for 20 milliseconds
[Fastbot][2026-06-02 15:42:01.329] :Sending Touch (ACTION_MOVE): 0:(540.0,1209.4)
[Fastbot][2026-06-02 15:42:01.331] Wait Event for 20 milliseconds
[Fastbot][2026-06-02 15:42:01.353] :Sending Touch (ACTION_MOVE): 0:(540.0,1310.1)
[Fastbot][2026-06-02 15:42:01.355] Wait Event for 20 milliseconds
[Fastbot][2026-06-02 15:42:01.380] :Sending Touch (ACTION_MOVE): 0:(540.0,1410.8)
[Fastbot][2026-06-02 15:42:01.382] Wait Event for 20 milliseconds
[Fastbot][2026-06-02 15:42:01.404] :Sending Touch (ACTION_MOVE): 0:(540.0,1511.5)
[Fastbot][2026-06-02 15:42:01.405] Wait Event for 20 milliseconds
[Fastbot][2026-06-02 15:42:01.427] :Sending Touch (ACTION_MOVE): 0:(540.0,1612.2)
[Fastbot][2026-06-02 15:42:01.429]     //[calendar_time:2026-06-02 15:42:01.429  system_uptime:43592493]
[Fastbot][2026-06-02 15:42:01.429]     // Sending event #100
[Fastbot][2026-06-02 15:42:01.430] Wait Event for 20 milliseconds
[Fastbot][2026-06-02 15:42:01.453] :Sending Touch (ACTION_MOVE): 0:(540.0,1712.8999)
[Fastbot][2026-06-02 15:42:01.456] Wait Event for 20 milliseconds
[Fastbot][2026-06-02 15:42:01.478] :Sending Touch (ACTION_MOVE): 0:(540.0,1813.6001)
[Fastbot][2026-06-02 15:42:01.479] Wait Event for 20 milliseconds
[Fastbot][2026-06-02 15:42:01.502] :Sending Touch (ACTION_MOVE): 0:(540.0,1914.3)
[Fastbot][2026-06-02 15:42:01.504] Wait Event for 20 milliseconds
[Fastbot][2026-06-02 15:42:01.526] :Sending Touch (ACTION_UP): 0:(540.0,2015.0)
[Fastbot][2026-06-02 15:42:01.529] Sleeping for 238 milliseconds
[Fastbot][2026-06-02 15:42:01.769] [ProxyServer] Finish monkey step. Dumping hierarchy
[Fastbot][2026-06-02 15:42:01.770] --> POST http://127.0.0.1:9008/jsonrpc/0
[Fastbot][2026-06-02 15:42:01.770] Content-Type: application/json; charset=utf-8
[Fastbot][2026-06-02 15:42:01.770] Content-Length: 75
[Fastbot][2026-06-02 15:42:01.770] 
[Fastbot][2026-06-02 15:42:01.770] {"id":1,"jsonrpc":"2.0","method":"dumpWindowHierarchy","params":[false,50]}
[Fastbot][2026-06-02 15:42:01.770] --> END POST (75-byte body)
[Fastbot][2026-06-02 15:42:01.798] <-- 200 OK  http://127.0.0.1:9008/jsonrpc/0 (28ms)
[Fastbot][2026-06-02 15:42:01.798] Content-Type: application/json
[Fastbot][2026-06-02 15:42:01.799] Date: Tue, 2 Jun 2026 15:42:01 GMT
[Fastbot][2026-06-02 15:42:01.799] Connection: keep-alive
[Fastbot][2026-06-02 15:42:01.799] Transfer-Encoding: chunked
[Fastbot][2026-06-02 15:42:01.799] 
[Fastbot][2026-06-02 15:42:01.799] {"jsonrpc":"2.0","id":1,"result":"<?xml version='1.0' encoding='UTF-8' standalone='yes' ?>\r\n<hierarchy rotation=\"0\">\r\n  <node index=\"0\" text=\"\" resource-id=\"\" class=\"android.widget.FrameLayout\" package=\"com.android.systemui\" content-desc=\"\" checkable=\"false\" checked=\"false\" cli...[truncated]
[Fastbot][2026-06-02 15:42:01.799] <-- END HTTP (31540-byte body)
[Fastbot][2026-06-02 15:42:01.850] [ProxyServer] stepsCount: 9
[Fastbot][2026-06-02 15:42:01.850] [ProxyServer] receive request: stepMonkey
[Fastbot][2026-06-02 15:42:01.850] [MonkeySourceApeU2] stepsCount: 9
[Fastbot][2026-06-02 15:42:01.851] [MonkeySourceApeU2] Latest event is MonkeyEvent. Use the cached hierarchy.
[Fastbot][2026-06-02 15:42:01.851] [MonkeySourceApeU2] Successfully Got hierarchy
[Fastbot][2026-06-02 15:42:01.853] // Event id: 118
[Fastbot][2026-06-02 15:42:01.853] topActivity Name: ComponentInfo{de.rampro.activitydiary.debug/de.rampro.activitydiary.ui.generic.EditActivity}
[Fastbot][2026-06-02 15:42:01.853] // Dumped stringOfGuiTree
[Fastbot][2026-06-02 15:42:01.854] topActivityName: de.rampro.activitydiary.ui.generic.EditActivity
[Fastbot][2026-06-02 15:42:01.855] action type: CLICK
[Fastbot][2026-06-02 15:42:01.855] rpc cost time: 2
[Fastbot]*** WARNING *** checkVirtualKeyboard: Input only once.
[Fastbot][2026-06-02 15:42:01.857] :Sending rotation degree=0, persist=false
[Fastbot][2026-06-02 15:42:01.873] :Sending Touch (ACTION_DOWN): 0:(139.0,246.0)
[Fastbot][2026-06-02 15:42:01.875] :Sending Touch (ACTION_UP): 0:(139.0,246.0)
[Fastbot][2026-06-02 15:42:01.879] Sleeping for 238 milliseconds
[Fastbot][2026-06-02 15:42:01.891]     // activityResuming(de.rampro.activitydiary.debug)
[Fastbot][2026-06-02 15:42:01.895]     // activityResuming(de.rampro.activitydiary.debug)
[Fastbot][2026-06-02 15:42:02.118] // [Monkey] current activity is de.rampro.activitydiary.ui.main.MainActivity
[Fastbot][2026-06-02 15:42:02.123] [ProxyServer] Finish monkey step. Dumping hierarchy
[Fastbot][2026-06-02 15:42:02.123] --> POST http://127.0.0.1:9008/jsonrpc/0
[Fastbot][2026-06-02 15:42:02.123] Content-Type: application/json; charset=utf-8
[Fastbot][2026-06-02 15:42:02.123] Content-Length: 75
[Fastbot][2026-06-02 15:42:02.123] 
[Fastbot][2026-06-02 15:42:02.124] {"id":1,"jsonrpc":"2.0","method":"dumpWindowHierarchy","params":[false,50]}
[Fastbot][2026-06-02 15:42:02.124] --> END POST (75-byte body)
[Fastbot][2026-06-02 15:42:02.465] <-- 200 OK  http://127.0.0.1:9008/jsonrpc/0 (341ms)
[Fastbot][2026-06-02 15:42:02.466] Content-Type: application/json
[Fastbot][2026-06-02 15:42:02.466] Date: Tue, 2 Jun 2026 15:42:02 GMT
[Fastbot][2026-06-02 15:42:02.466] Connection: keep-alive
[Fastbot][2026-06-02 15:42:02.466] Transfer-Encoding: chunked
[Fastbot][2026-06-02 15:42:02.471] 
[Fastbot][2026-06-02 15:42:02.471] {"jsonrpc":"2.0","id":1,"result":"<?xml version='1.0' encoding='UTF-8' standalone='yes' ?>\r\n<hierarchy rotation=\"0\">\r\n  <node index=\"0\" text=\"\" resource-id=\"\" class=\"android.widget.FrameLayout\" package=\"com.android.systemui\" content-desc=\"\" checkable=\"false\" checked=\"false\" cli...[truncated]
[Fastbot][2026-06-02 15:42:02.471] <-- END HTTP (60048-byte body)
[Fastbot][2026-06-02 15:42:02.557] [Proxy Server] Forwarding
[Fastbot][2026-06-02 15:42:02.558] --> POST http://127.0.0.1:9008/jsonrpc/0
[Fastbot][2026-06-02 15:42:02.559] Content-Type: application/json; charset=utf-8
[Fastbot][2026-06-02 15:42:02.559] Content-Length: 224
[Fastbot][2026-06-02 15:42:02.559] 
[Fastbot][2026-06-02 15:42:02.559] {"jsonrpc": "2.0", "id": 1, "method": "waitForExists", "params": [{"mask": 18874368, "childOrSibling": [], "childOrSiblingSelector": [], "resourceId": "de.rampro.activitydiary.debug:id/activity_name", "instance": 1}, 20000]}
[Fastbot][2026-06-02 15:42:02.559] --> END POST (224-byte body)
[Fastbot][2026-06-02 15:42:02.567] <-- 200 OK  http://127.0.0.1:9008/jsonrpc/0 (7ms)
[Fastbot][2026-06-02 15:42:02.567] Content-Type: application/json
[Fastbot][2026-06-02 15:42:02.567] Date: Tue, 2 Jun 2026 15:42:02 GMT
[Fastbot][2026-06-02 15:42:02.567] Connection: keep-alive
[Fastbot][2026-06-02 15:42:02.567] Transfer-Encoding: chunked
[Fastbot][2026-06-02 15:42:02.568] 
[Fastbot][2026-06-02 15:42:02.569] {"jsonrpc":"2.0","id":1,"result":true}

[Fastbot][2026-06-02 15:42:02.569] <-- END HTTP (39-byte body)
[Fastbot][2026-06-02 15:42:02.616] [Proxy Server] Forwarding
[Fastbot][2026-06-02 15:42:02.616] --> POST http://127.0.0.1:9008/jsonrpc/0
[Fastbot][2026-06-02 15:42:02.617] Content-Type: application/json; charset=utf-8
[Fastbot][2026-06-02 15:42:02.617] Content-Length: 211
[Fastbot][2026-06-02 15:42:02.617] 
[Fastbot][2026-06-02 15:42:02.618] {"jsonrpc": "2.0", "id": 1, "method": "objInfo", "params": [{"mask": 18874368, "childOrSibling": [], "childOrSiblingSelector": [], "resourceId": "de.rampro.activitydiary.debug:id/activity_name", "instance": 1}]}
[Fastbot][2026-06-02 15:42:02.618] --> END POST (211-byte body)
[Fastbot][2026-06-02 15:42:02.761] <-- 200 OK  http://127.0.0.1:9008/jsonrpc/0 (142ms)
[Fastbot][2026-06-02 15:42:02.762] Content-Type: application/json
[Fastbot][2026-06-02 15:42:02.762] Date: Tue, 2 Jun 2026 15:42:02 GMT
[Fastbot][2026-06-02 15:42:02.762] Connection: keep-alive
[Fastbot][2026-06-02 15:42:02.762] Transfer-Encoding: chunked
[Fastbot][2026-06-02 15:42:02.778] 
[Fastbot][2026-06-02 15:42:02.778] {"jsonrpc":"2.0","id":1,"result":{"bounds":{"bottom":938,"left":12,"right":470,"top":850},"childCount":0,"className":"android.widget.TextView","contentDescription":"","packageName":"de.rampro.activitydiary.debug","resourceName":null,"text":"Cinema (4.44)","visibleBounds":{"bottom":938,"left":12,"rig...[truncated]
[Fastbot][2026-06-02 15:42:02.778] <-- END HTTP (480-byte body)
[Fastbot][2026-06-02 15:42:02.839] [Proxy Server] Detected script method: click
[Fastbot][2026-06-02 15:42:02.839] [Proxy Server] Forwarding
[Fastbot][2026-06-02 15:42:02.840] --> POST http://127.0.0.1:9008/jsonrpc/0
[Fastbot][2026-06-02 15:42:02.840] Content-Type: application/json; charset=utf-8
[Fastbot][2026-06-02 15:42:02.840] Content-Length: 72
[Fastbot][2026-06-02 15:42:02.841] 
[Fastbot][2026-06-02 15:42:02.841] {"jsonrpc": "2.0", "id": 1, "method": "click", "params": [241.0, 894.0]}
[Fastbot][2026-06-02 15:42:02.841] --> END POST (72-byte body)
[Fastbot][2026-06-02 15:42:02.980] <-- 200 OK  http://127.0.0.1:9008/jsonrpc/0 (138ms)
[Fastbot][2026-06-02 15:42:02.980] Content-Type: application/json
[Fastbot][2026-06-02 15:42:02.980] Date: Tue, 2 Jun 2026 15:42:02 GMT
[Fastbot][2026-06-02 15:42:02.980] Connection: keep-alive
[Fastbot][2026-06-02 15:42:02.981] Transfer-Encoding: chunked
[Fastbot][2026-06-02 15:42:02.981] 
[Fastbot][2026-06-02 15:42:02.981] {"jsonrpc":"2.0","id":1,"result":true}

[Fastbot][2026-06-02 15:42:02.981] <-- END HTTP (39-byte body)
[Fastbot][2026-06-02 15:42:04.047] [Proxy Server] Forwarding
[Fastbot][2026-06-02 15:42:04.048] --> POST http://127.0.0.1:9008/jsonrpc/0
[Fastbot][2026-06-02 15:42:04.048] Content-Type: application/json; charset=utf-8
[Fastbot][2026-06-02 15:42:04.049] Content-Length: 218
[Fastbot][2026-06-02 15:42:04.049] 
[Fastbot][2026-06-02 15:42:04.050] {"jsonrpc": "2.0", "id": 1, "method": "exist", "params": [{"mask": 2097153, "childOrSibling": [], "childOrSiblingSelector": [], "resourceId": "de.rampro.activitydiary.debug:id/activity_name", "text": "<No Activity>"}]}
[Fastbot][2026-06-02 15:42:04.050] --> END POST (218-byte body)
[Fastbot][2026-06-02 15:42:04.077] <-- 200 OK  http://127.0.0.1:9008/jsonrpc/0 (26ms)
[Fastbot][2026-06-02 15:42:04.078] Content-Type: application/json
[Fastbot][2026-06-02 15:42:04.078] Date: Tue, 2 Jun 2026 15:42:04 GMT
[Fastbot][2026-06-02 15:42:04.079] Connection: keep-alive
[Fastbot][2026-06-02 15:42:04.079] Transfer-Encoding: chunked
[Fastbot][2026-06-02 15:42:04.080] 
[Fastbot][2026-06-02 15:42:04.080] {"jsonrpc":"2.0","id":1,"result":false}

[Fastbot][2026-06-02 15:42:04.080] <-- END HTTP (40-byte body)
[Fastbot][2026-06-02 15:42:04.342] --> POST http://127.0.0.1:9008/jsonrpc/0
[Fastbot][2026-06-02 15:42:04.342] Content-Type: application/json; charset=utf-8
[Fastbot][2026-06-02 15:42:04.342] Content-Length: 75
[Fastbot][2026-06-02 15:42:04.343] 
[Fastbot][2026-06-02 15:42:04.343] {"id":1,"jsonrpc":"2.0","method":"dumpWindowHierarchy","params":[false,50]}
[Fastbot][2026-06-02 15:42:04.343] --> END POST (75-byte body)
[Fastbot][2026-06-02 15:42:04.382] <-- 200 OK  http://127.0.0.1:9008/jsonrpc/0 (38ms)
[Fastbot][2026-06-02 15:42:04.382] Content-Type: application/json
[Fastbot][2026-06-02 15:42:04.382] Date: Tue, 2 Jun 2026 15:42:04 GMT
[Fastbot][2026-06-02 15:42:04.383] Connection: keep-alive
[Fastbot][2026-06-02 15:42:04.383] Transfer-Encoding: chunked
[Fastbot][2026-06-02 15:42:04.384] 
[Fastbot][2026-06-02 15:42:04.384] {"jsonrpc":"2.0","id":1,"result":"<?xml version='1.0' encoding='UTF-8' standalone='yes' ?>\r\n<hierarchy rotation=\"0\">\r\n  <node index=\"0\" text=\"\" resource-id=\"\" class=\"android.widget.FrameLayout\" package=\"com.android.systemui\" content-desc=\"\" checkable=\"false\" checked=\"false\" cli...[truncated]
[Fastbot][2026-06-02 15:42:04.385] <-- END HTTP (51373-byte body)
[Fastbot][2026-06-02 15:42:04.419] [ProxyServer] stepsCount: 10
[Fastbot][2026-06-02 15:42:04.419] [ProxyServer] receive request: stepMonkey
[Fastbot][2026-06-02 15:42:04.419] [MonkeySourceApeU2] stepsCount: 10
[Fastbot][2026-06-02 15:42:04.419] [MonkeySourceApeU2] Latest event is MonkeyEvent. Use the cached hierarchy.
[Fastbot][2026-06-02 15:42:04.420] [MonkeySourceApeU2] Successfully Got hierarchy
[Fastbot][2026-06-02 15:42:04.422] // Event id: 122
[Fastbot][2026-06-02 15:42:04.422] topActivity Name: ComponentInfo{de.rampro.activitydiary.debug/de.rampro.activitydiary.ui.main.MainActivity}
[Fastbot][2026-06-02 15:42:04.422] // Dumped stringOfGuiTree
[Fastbot][2026-06-02 15:42:04.422] topActivityName: de.rampro.activitydiary.ui.main.MainActivity
[Fastbot][2026-06-02 15:42:04.424] action type: CLICK
[Fastbot][2026-06-02 15:42:04.424] rpc cost time: 2
[Fastbot][2026-06-02 15:42:04.459]   mshowrequested=false mshowexplicitlyrequested=false mshowforced=false minputshown=false
[Fastbot][2026-06-02 15:42:04.459] mInputShown not found, getInputMethodWindowVisibleHeight is used.
[Fastbot][2026-06-02 15:42:04.460] :Sending rotation degree=0, persist=false
[Fastbot][2026-06-02 15:42:04.467] :Sending Touch (ACTION_DOWN): 0:(219.0,526.0)
[Fastbot][2026-06-02 15:42:04.469] :Sending Touch (ACTION_UP): 0:(219.0,526.0)
[Fastbot][2026-06-02 15:42:04.474] // the top activity is de.rampro.activitydiary.ui.history.HistoryDetailActivity, phone capture activity is com.android.camera.CaptureActivity
[Fastbot][2026-06-02 15:42:04.474]     // Allowing start of Intent { cmp=de.rampro.activitydiary.debug/de.rampro.activitydiary.ui.history.HistoryDetailActivity } in package de.rampro.activitydiary.debug
[Fastbot][2026-06-02 15:42:04.479] Sleeping for 257 milliseconds
[Fastbot][2026-06-02 15:42:04.745] // [Monkey] current activity is de.rampro.activitydiary.ui.history.HistoryDetailActivity
[Fastbot][2026-06-02 15:42:04.747] [ProxyServer] Finish monkey step. Dumping hierarchy
[Fastbot][2026-06-02 15:42:04.747] --> POST http://127.0.0.1:9008/jsonrpc/0
[Fastbot][2026-06-02 15:42:04.747] Content-Type: application/json; charset=utf-8
[Fastbot][2026-06-02 15:42:04.747] Content-Length: 75
[Fastbot][2026-06-02 15:42:04.748] 
[Fastbot][2026-06-02 15:42:04.748] {"id":1,"jsonrpc":"2.0","method":"dumpWindowHierarchy","params":[false,50]}
[Fastbot][2026-06-02 15:42:04.748] --> END POST (75-byte body)
[Fastbot][2026-06-02 15:42:04.932] <-- 200 OK  http://127.0.0.1:9008/jsonrpc/0 (183ms)
[Fastbot][2026-06-02 15:42:04.932] Content-Type: application/json
[Fastbot][2026-06-02 15:42:04.932] Date: Tue, 2 Jun 2026 15:42:04 GMT
[Fastbot][2026-06-02 15:42:04.932] Connection: keep-alive
[Fastbot][2026-06-02 15:42:04.933] Transfer-Encoding: chunked
[Fastbot][2026-06-02 15:42:04.938] 
[Fastbot][2026-06-02 15:42:04.938] {"jsonrpc":"2.0","id":1,"result":"<?xml version='1.0' encoding='UTF-8' standalone='yes' ?>\r\n<hierarchy rotation=\"0\">\r\n  <node index=\"0\" text=\"\" resource-id=\"\" class=\"android.widget.FrameLayout\" package=\"com.android.systemui\" content-desc=\"\" checkable=\"false\" checked=\"false\" cli...[truncated]
[Fastbot][2026-06-02 15:42:04.938] <-- END HTTP (35336-byte body)
[Fastbot][2026-06-02 15:42:05.000] [ProxyServer] stepsCount: 11
[Fastbot][2026-06-02 15:42:05.000] [ProxyServer] receive request: stepMonkey
[Fastbot][2026-06-02 15:42:05.001] [MonkeySourceApeU2] stepsCount: 11
[Fastbot][2026-06-02 15:42:05.001] [MonkeySourceApeU2] Latest event is MonkeyEvent. Use the cached hierarchy.
[Fastbot][2026-06-02 15:42:05.001] [MonkeySourceApeU2] Successfully Got hierarchy
[Fastbot][2026-06-02 15:42:05.003] // Event id: 126
[Fastbot][2026-06-02 15:42:05.003] topActivity Name: ComponentInfo{de.rampro.activitydiary.debug/de.rampro.activitydiary.ui.history.HistoryDetailActivity}
[Fastbot][2026-06-02 15:42:05.003] // Dumped stringOfGuiTree
[Fastbot][2026-06-02 15:42:05.003] topActivityName: de.rampro.activitydiary.ui.history.HistoryDetailActivity
[Fastbot][2026-06-02 15:42:05.004] action type: SCROLL_LEFT_RIGHT
[Fastbot][2026-06-02 15:42:05.004] rpc cost time: 1
[Fastbot][2026-06-02 15:42:05.006] :Sending rotation degree=0, persist=false
[Fastbot][2026-06-02 15:42:05.021] :Sending Touch (ACTION_DOWN): 0:(540.0,1008.0)
[Fastbot][2026-06-02 15:42:05.023] :Sending Touch (ACTION_MOVE): 0:(540.0,1008.0)
[Fastbot][2026-06-02 15:42:05.024] Wait Event for 20 milliseconds
[Fastbot][2026-06-02 15:42:05.056] :Sending Touch (ACTION_MOVE): 0:(593.9,1008.0)
[Fastbot][2026-06-02 15:42:05.059] Wait Event for 20 milliseconds
[Fastbot][2026-06-02 15:42:05.082] :Sending Touch (ACTION_MOVE): 0:(647.8,1008.0)
[Fastbot][2026-06-02 15:42:05.084] Wait Event for 20 milliseconds
[Fastbot][2026-06-02 15:42:05.117] :Sending Touch (ACTION_MOVE): 0:(701.7,1008.0)
[Fastbot][2026-06-02 15:42:05.119] Wait Event for 20 milliseconds
[Fastbot][2026-06-02 15:42:05.157] :Sending Touch (ACTION_MOVE): 0:(755.6,1008.0)
[Fastbot][2026-06-02 15:42:05.158] Wait Event for 20 milliseconds
[Fastbot][2026-06-02 15:42:05.180] :Sending Touch (ACTION_MOVE): 0:(809.5,1008.0)
[Fastbot][2026-06-02 15:42:05.182] Wait Event for 20 milliseconds
[Fastbot][2026-06-02 15:42:05.204] :Sending Touch (ACTION_MOVE): 0:(863.4,1008.0)
[Fastbot][2026-06-02 15:42:05.206] Wait Event for 20 milliseconds
[Fastbot][2026-06-02 15:42:05.232] :Sending Touch (ACTION_MOVE): 0:(917.3,1008.0)
[Fastbot][2026-06-02 15:42:05.234] Wait Event for 20 milliseconds
[Fastbot][2026-06-02 15:42:05.257] :Sending Touch (ACTION_MOVE): 0:(971.2,1008.0)
[Fastbot][2026-06-02 15:42:05.259] Wait Event for 20 milliseconds
[Fastbot][2026-06-02 15:42:05.281] :Sending Touch (ACTION_MOVE): 0:(1025.1,1008.0)
[Fastbot][2026-06-02 15:42:05.283] Wait Event for 20 milliseconds
[Fastbot][2026-06-02 15:42:05.305] :Sending Touch (ACTION_UP): 0:(1079.0,1008.0)
[Fastbot][2026-06-02 15:42:05.311] Sleeping for 268 milliseconds
[Fastbot][2026-06-02 15:42:05.604] [ProxyServer] Finish monkey step. Dumping hierarchy
[Fastbot][2026-06-02 15:42:05.604] --> POST http://127.0.0.1:9008/jsonrpc/0
[Fastbot][2026-06-02 15:42:05.605] Content-Type: application/json; charset=utf-8
[Fastbot][2026-06-02 15:42:05.605] Content-Length: 75
[Fastbot][2026-06-02 15:42:05.605] 
[Fastbot][2026-06-02 15:42:05.605] {"id":1,"jsonrpc":"2.0","method":"dumpWindowHierarchy","params":[false,50]}
[Fastbot][2026-06-02 15:42:05.606] --> END POST (75-byte body)
[Fastbot][2026-06-02 15:42:05.733] <-- 200 OK  http://127.0.0.1:9008/jsonrpc/0 (126ms)
[Fastbot][2026-06-02 15:42:05.733] Content-Type: application/json
[Fastbot][2026-06-02 15:42:05.733] Date: Tue, 2 Jun 2026 15:42:05 GMT
[Fastbot][2026-06-02 15:42:05.733] Connection: keep-alive
[Fastbot][2026-06-02 15:42:05.733] Transfer-Encoding: chunked
[Fastbot][2026-06-02 15:42:05.740] 
[Fastbot][2026-06-02 15:42:05.741] {"jsonrpc":"2.0","id":1,"result":"<?xml version='1.0' encoding='UTF-8' standalone='yes' ?>\r\n<hierarchy rotation=\"0\">\r\n  <node index=\"0\" text=\"\" resource-id=\"\" class=\"android.widget.FrameLayout\" package=\"com.android.systemui\" content-desc=\"\" checkable=\"false\" checked=\"false\" cli...[truncated]
[Fastbot][2026-06-02 15:42:05.742] <-- END HTTP (102001-byte body)
[Fastbot][2026-06-02 15:42:05.769] [ProxyServer] stepsCount: 12
[Fastbot][2026-06-02 15:42:05.769] [ProxyServer] receive request: stepMonkey
[Fastbot][2026-06-02 15:42:05.770] [MonkeySourceApeU2] stepsCount: 12
[Fastbot][2026-06-02 15:42:05.770] [MonkeySourceApeU2] Latest event is MonkeyEvent. Use the cached hierarchy.
[Fastbot][2026-06-02 15:42:05.771] [MonkeySourceApeU2] Successfully Got hierarchy
[Fastbot][2026-06-02 15:42:05.778] // Event id: 150
[Fastbot][2026-06-02 15:42:05.778] topActivity Name: ComponentInfo{de.rampro.activitydiary.debug/de.rampro.activitydiary.ui.history.HistoryDetailActivity}
[Fastbot][2026-06-02 15:42:05.778] // Dumped stringOfGuiTree
[Fastbot][2026-06-02 15:42:05.779] topActivityName: de.rampro.activitydiary.ui.history.HistoryDetailActivity
[Fastbot][2026-06-02 15:42:05.786] action type: CLICK
[Fastbot][2026-06-02 15:42:05.786] rpc cost time: 8
[Fastbot][2026-06-02 15:42:05.852]   mshowrequested=true mshowexplicitlyrequested=true mshowforced=false minputshown=true
[Fastbot][2026-06-02 15:42:05.852] mInputShown found.
[Fastbot][2026-06-02 15:42:05.854] :Sending rotation degree=0, persist=false
[Fastbot][2026-06-02 15:42:05.859] :Sending Touch (ACTION_DOWN): 0:(1032.0,688.0)
[Fastbot][2026-06-02 15:42:05.862] :Sending Touch (ACTION_UP): 0:(1032.0,688.0)
[Fastbot][2026-06-02 15:42:05.909] :Sending Key (ACTION_DOWN): 111    // KEYCODE_ESCAPE
[Fastbot][2026-06-02 15:42:05.923] :Sending Key (ACTION_UP): 111    // KEYCODE_ESCAPE
[Fastbot][2026-06-02 15:42:06.055] Sleeping for 260 milliseconds
[Fastbot][2026-06-02 15:42:06.318] [ProxyServer] Finish monkey step. Dumping hierarchy
[Fastbot][2026-06-02 15:42:06.319] --> POST http://127.0.0.1:9008/jsonrpc/0
[Fastbot][2026-06-02 15:42:06.319] Content-Type: application/json; charset=utf-8
[Fastbot][2026-06-02 15:42:06.319] Content-Length: 75
[Fastbot][2026-06-02 15:42:06.319] 
[Fastbot][2026-06-02 15:42:06.320] {"id":1,"jsonrpc":"2.0","method":"dumpWindowHierarchy","params":[false,50]}
[Fastbot][2026-06-02 15:42:06.320] --> END POST (75-byte body)
[Fastbot][2026-06-02 15:42:06.661] <-- 200 OK  http://127.0.0.1:9008/jsonrpc/0 (341ms)
[Fastbot][2026-06-02 15:42:06.662] Content-Type: application/json
[Fastbot][2026-06-02 15:42:06.662] Date: Tue, 2 Jun 2026 15:42:06 GMT
[Fastbot][2026-06-02 15:42:06.662] Connection: keep-alive
[Fastbot][2026-06-02 15:42:06.676] Transfer-Encoding: chunked
[Fastbot][2026-06-02 15:42:06.683] 
[Fastbot][2026-06-02 15:42:06.683] {"jsonrpc":"2.0","id":1,"result":"<?xml version='1.0' encoding='UTF-8' standalone='yes' ?>\r\n<hierarchy rotation=\"0\">\r\n  <node index=\"0\" text=\"\" resource-id=\"\" class=\"android.widget.FrameLayout\" package=\"com.android.systemui\" content-desc=\"\" checkable=\"false\" checked=\"false\" cli...[truncated]
[Fastbot][2026-06-02 15:42:06.684] <-- END HTTP (37206-byte body)
[Fastbot][2026-06-02 15:42:06.723] [ProxyServer] stepsCount: 13
[Fastbot][2026-06-02 15:42:06.723] [ProxyServer] receive request: stepMonkey
[Fastbot][2026-06-02 15:42:06.723] [MonkeySourceApeU2] stepsCount: 13
[Fastbot][2026-06-02 15:42:06.724] [MonkeySourceApeU2] Latest event is MonkeyEvent. Use the cached hierarchy.
[Fastbot][2026-06-02 15:42:06.724] [MonkeySourceApeU2] Successfully Got hierarchy
[Fastbot][2026-06-02 15:42:06.729] // Event id: 156
[Fastbot][2026-06-02 15:42:06.729] topActivity Name: ComponentInfo{de.rampro.activitydiary.debug/de.rampro.activitydiary.ui.history.HistoryDetailActivity}
[Fastbot][2026-06-02 15:42:06.729] // Dumped stringOfGuiTree
[Fastbot][2026-06-02 15:42:06.729] topActivityName: de.rampro.activitydiary.ui.history.HistoryDetailActivity
[Fastbot][2026-06-02 15:42:06.731] action type: CLICK
[Fastbot][2026-06-02 15:42:06.731] rpc cost time: 2
[Fastbot]*** WARNING *** checkVirtualKeyboard: Input only once.
[Fastbot][2026-06-02 15:42:06.732] :Sending rotation degree=0, persist=false
[Fastbot][2026-06-02 15:42:06.740] :Sending Touch (ACTION_DOWN): 0:(802.0,673.0)
[Fastbot][2026-06-02 15:42:06.743] :Sending Touch (ACTION_UP): 0:(802.0,673.0)
[Fastbot][2026-06-02 15:42:06.765] Sleeping for 227 milliseconds
[Fastbot][2026-06-02 15:42:07.005] [ProxyServer] Finish monkey step. Dumping hierarchy
[Fastbot][2026-06-02 15:42:07.005] --> POST http://127.0.0.1:9008/jsonrpc/0
[Fastbot][2026-06-02 15:42:07.005] Content-Type: application/json; charset=utf-8
[Fastbot][2026-06-02 15:42:07.005] Content-Length: 75
[Fastbot][2026-06-02 15:42:07.005] 
[Fastbot][2026-06-02 15:42:07.005] {"id":1,"jsonrpc":"2.0","method":"dumpWindowHierarchy","params":[false,50]}
[Fastbot][2026-06-02 15:42:07.005] --> END POST (75-byte body)
[Fastbot][2026-06-02 15:42:07.035] <-- 200 OK  http://127.0.0.1:9008/jsonrpc/0 (29ms)
[Fastbot][2026-06-02 15:42:07.035] Content-Type: application/json
[Fastbot][2026-06-02 15:42:07.035] Date: Tue, 2 Jun 2026 15:42:07 GMT
[Fastbot][2026-06-02 15:42:07.035] Connection: keep-alive
[Fastbot][2026-06-02 15:42:07.035] Transfer-Encoding: chunked
[Fastbot][2026-06-02 15:42:07.036] 
[Fastbot][2026-06-02 15:42:07.036] {"jsonrpc":"2.0","id":1,"result":"<?xml version='1.0' encoding='UTF-8' standalone='yes' ?>\r\n<hierarchy rotation=\"0\">\r\n  <node index=\"0\" text=\"\" resource-id=\"\" class=\"android.widget.FrameLayout\" package=\"com.android.systemui\" content-desc=\"\" checkable=\"false\" checked=\"false\" cli...[truncated]
[Fastbot][2026-06-02 15:42:07.036] <-- END HTTP (37205-byte body)
[Fastbot][2026-06-02 15:42:07.098] [ProxyServer] stepsCount: 14
[Fastbot][2026-06-02 15:42:07.098] [ProxyServer] receive request: stepMonkey
[Fastbot][2026-06-02 15:42:07.098] [MonkeySourceApeU2] stepsCount: 14
[Fastbot][2026-06-02 15:42:07.098] [MonkeySourceApeU2] Latest event is MonkeyEvent. Use the cached hierarchy.
[Fastbot][2026-06-02 15:42:07.099] [MonkeySourceApeU2] Successfully Got hierarchy
[Fastbot][2026-06-02 15:42:07.101] // Event id: 160
[Fastbot][2026-06-02 15:42:07.101] topActivity Name: ComponentInfo{de.rampro.activitydiary.debug/de.rampro.activitydiary.ui.history.HistoryDetailActivity}
[Fastbot][2026-06-02 15:42:07.101] // Dumped stringOfGuiTree
[Fastbot][2026-06-02 15:42:07.102] topActivityName: de.rampro.activitydiary.ui.history.HistoryDetailActivity
[Fastbot][2026-06-02 15:42:07.104] action type: CLICK
[Fastbot][2026-06-02 15:42:07.105] rpc cost time: 3
[Fastbot]*** WARNING *** checkVirtualKeyboard: Input only once.
[Fastbot][2026-06-02 15:42:07.107] :Sending rotation degree=0, persist=false
[Fastbot][2026-06-02 15:42:07.117] :Sending Touch (ACTION_DOWN): 0:(213.0,1627.0)
[Fastbot][2026-06-02 15:42:07.133] :Sending Touch (ACTION_UP): 0:(213.0,1627.0)
[Fastbot][2026-06-02 15:42:07.138] Sleeping for 246 milliseconds
[Fastbot][2026-06-02 15:42:07.448] [ProxyServer] Finish monkey step. Dumping hierarchy
[Fastbot][2026-06-02 15:42:07.449] --> POST http://127.0.0.1:9008/jsonrpc/0
[Fastbot][2026-06-02 15:42:07.449] Content-Type: application/json; charset=utf-8
[Fastbot][2026-06-02 15:42:07.449] Content-Length: 75
[Fastbot][2026-06-02 15:42:07.449] 
[Fastbot][2026-06-02 15:42:07.449] {"id":1,"jsonrpc":"2.0","method":"dumpWindowHierarchy","params":[false,50]}
[Fastbot][2026-06-02 15:42:07.449] --> END POST (75-byte body)
[Fastbot][2026-06-02 15:42:07.525] <-- 200 OK  http://127.0.0.1:9008/jsonrpc/0 (75ms)
[Fastbot][2026-06-02 15:42:07.526] Content-Type: application/json
[Fastbot][2026-06-02 15:42:07.526] Date: Tue, 2 Jun 2026 15:42:07 GMT
[Fastbot][2026-06-02 15:42:07.526] Connection: keep-alive
[Fastbot][2026-06-02 15:42:07.526] Transfer-Encoding: chunked
[Fastbot][2026-06-02 15:42:07.526] 
[Fastbot][2026-06-02 15:42:07.527] {"jsonrpc":"2.0","id":1,"result":"<?xml version='1.0' encoding='UTF-8' standalone='yes' ?>\r\n<hierarchy rotation=\"0\">\r\n  <node index=\"0\" text=\"\" resource-id=\"\" class=\"android.widget.FrameLayout\" package=\"com.android.systemui\" content-desc=\"\" checkable=\"false\" checked=\"false\" cli...[truncated]
[Fastbot][2026-06-02 15:42:07.527] <-- END HTTP (33124-byte body)
[Fastbot][2026-06-02 15:42:07.580] [ProxyServer] stepsCount: 15
[Fastbot][2026-06-02 15:42:07.580] [ProxyServer] receive request: stepMonkey
[Fastbot][2026-06-02 15:42:07.580] [MonkeySourceApeU2] stepsCount: 15
[Fastbot][2026-06-02 15:42:07.580] [MonkeySourceApeU2] Latest event is MonkeyEvent. Use the cached hierarchy.
[Fastbot][2026-06-02 15:42:07.580] [MonkeySourceApeU2] Successfully Got hierarchy
[Fastbot][2026-06-02 15:42:07.585] // Event id: 164
[Fastbot][2026-06-02 15:42:07.585] topActivity Name: ComponentInfo{de.rampro.activitydiary.debug/de.rampro.activitydiary.ui.history.HistoryDetailActivity}
[Fastbot][2026-06-02 15:42:07.585] // Dumped stringOfGuiTree
[Fastbot][2026-06-02 15:42:07.585] topActivityName: de.rampro.activitydiary.ui.history.HistoryDetailActivity
[Fastbot][2026-06-02 15:42:07.588] action type: CLICK
[Fastbot][2026-06-02 15:42:07.588] rpc cost time: 3
[Fastbot]*** WARNING *** checkVirtualKeyboard: Input only once.
[Fastbot][2026-06-02 15:42:07.590] :Sending rotation degree=0, persist=false
[Fastbot][2026-06-02 15:42:07.595] :Sending Touch (ACTION_DOWN): 0:(688.0,1251.0)
[Fastbot][2026-06-02 15:42:07.604] :Sending Touch (ACTION_UP): 0:(688.0,1251.0)
[Fastbot][2026-06-02 15:42:07.605] Sleeping for 246 milliseconds
[Fastbot][2026-06-02 15:42:07.861] [ProxyServer] Finish monkey step. Dumping hierarchy
[Fastbot][2026-06-02 15:42:07.862] --> POST http://127.0.0.1:9008/jsonrpc/0
[Fastbot][2026-06-02 15:42:07.862] Content-Type: application/json; charset=utf-8
[Fastbot][2026-06-02 15:42:07.862] Content-Length: 75
[Fastbot][2026-06-02 15:42:07.863] 
[Fastbot][2026-06-02 15:42:07.863] {"id":1,"jsonrpc":"2.0","method":"dumpWindowHierarchy","params":[false,50]}
[Fastbot][2026-06-02 15:42:07.864] --> END POST (75-byte body)
[Fastbot][2026-06-02 15:42:08.115] <-- 200 OK  http://127.0.0.1:9008/jsonrpc/0 (250ms)
[Fastbot][2026-06-02 15:42:08.115] Content-Type: application/json
[Fastbot][2026-06-02 15:42:08.115] Date: Tue, 2 Jun 2026 15:42:08 GMT
[Fastbot][2026-06-02 15:42:08.115] Connection: keep-alive
[Fastbot][2026-06-02 15:42:08.115] Transfer-Encoding: chunked
[Fastbot][2026-06-02 15:42:08.116] 
[Fastbot][2026-06-02 15:42:08.116] {"jsonrpc":"2.0","id":1,"result":"<?xml version='1.0' encoding='UTF-8' standalone='yes' ?>\r\n<hierarchy rotation=\"0\">\r\n  <node index=\"0\" text=\"\" resource-id=\"\" class=\"android.widget.FrameLayout\" package=\"de.rampro.activitydiary.debug\" content-desc=\"\" checkable=\"false\" checked=\"fa...[truncated]
[Fastbot][2026-06-02 15:42:08.116] <-- END HTTP (23989-byte body)
[Fastbot][2026-06-02 15:42:08.161] [ProxyServer] stepsCount: 16
[Fastbot][2026-06-02 15:42:08.161] [ProxyServer] receive request: stepMonkey
[Fastbot][2026-06-02 15:42:08.164] [MonkeySourceApeU2] stepsCount: 16
[Fastbot][2026-06-02 15:42:08.164] [MonkeySourceApeU2] Latest event is MonkeyEvent. Use the cached hierarchy.
[Fastbot][2026-06-02 15:42:08.165] [MonkeySourceApeU2] Successfully Got hierarchy
[Fastbot][2026-06-02 15:42:08.167] // Event id: 168
[Fastbot][2026-06-02 15:42:08.167] topActivity Name: ComponentInfo{de.rampro.activitydiary.debug/de.rampro.activitydiary.ui.history.HistoryDetailActivity}
[Fastbot][2026-06-02 15:42:08.167] // Dumped stringOfGuiTree
[Fastbot][2026-06-02 15:42:08.167] topActivityName: de.rampro.activitydiary.ui.history.HistoryDetailActivity
[Fastbot][2026-06-02 15:42:08.168] action type: SCROLL_TOP_DOWN
[Fastbot][2026-06-02 15:42:08.168] rpc cost time: 1
[Fastbot][2026-06-02 15:42:08.171] :Sending rotation degree=0, persist=false
[Fastbot][2026-06-02 15:42:08.188] :Sending Touch (ACTION_DOWN): 0:(638.5,1244.0)
[Fastbot][2026-06-02 15:42:08.190] :Sending Touch (ACTION_MOVE): 0:(638.5,1244.0)
[Fastbot][2026-06-02 15:42:08.191] Wait Event for 20 milliseconds
[Fastbot][2026-06-02 15:42:08.213] :Sending Touch (ACTION_MOVE): 0:(638.5,1321.1)
[Fastbot][2026-06-02 15:42:08.214] Wait Event for 20 milliseconds
[Fastbot][2026-06-02 15:42:08.235] :Sending Touch (ACTION_MOVE): 0:(638.5,1398.2)
[Fastbot][2026-06-02 15:42:08.237] Wait Event for 20 milliseconds
[Fastbot][2026-06-02 15:42:08.259] :Sending Touch (ACTION_MOVE): 0:(638.5,1475.3)
[Fastbot][2026-06-02 15:42:08.260] Wait Event for 20 milliseconds
[Fastbot][2026-06-02 15:42:08.283] :Sending Touch (ACTION_MOVE): 0:(638.5,1552.4)
[Fastbot][2026-06-02 15:42:08.285] Wait Event for 20 milliseconds
[Fastbot][2026-06-02 15:42:08.309] :Sending Touch (ACTION_MOVE): 0:(638.5,1629.5)
[Fastbot][2026-06-02 15:42:08.317] Wait Event for 20 milliseconds
[Fastbot][2026-06-02 15:42:08.339] :Sending Touch (ACTION_MOVE): 0:(638.5,1706.6)
[Fastbot][2026-06-02 15:42:08.341] Wait Event for 20 milliseconds
[Fastbot][2026-06-02 15:42:08.363] :Sending Touch (ACTION_MOVE): 0:(638.5,1783.7)
[Fastbot][2026-06-02 15:42:08.365] Wait Event for 20 milliseconds
[Fastbot][2026-06-02 15:42:08.387] :Sending Touch (ACTION_MOVE): 0:(638.5,1860.8)
[Fastbot][2026-06-02 15:42:08.388] Wait Event for 20 milliseconds
[Fastbot][2026-06-02 15:42:08.410] :Sending Touch (ACTION_MOVE): 0:(638.5,1937.8999)
[Fastbot][2026-06-02 15:42:08.413] Wait Event for 20 milliseconds
[Fastbot][2026-06-02 15:42:08.435] :Sending Touch (ACTION_UP): 0:(638.5,2015.0)
[Fastbot][2026-06-02 15:42:08.437] Sleeping for 236 milliseconds
[Fastbot][2026-06-02 15:42:08.676] [ProxyServer] Finish monkey step. Dumping hierarchy
[Fastbot][2026-06-02 15:42:08.676] --> POST http://127.0.0.1:9008/jsonrpc/0
[Fastbot][2026-06-02 15:42:08.676] Content-Type: application/json; charset=utf-8
[Fastbot][2026-06-02 15:42:08.676] Content-Length: 75
[Fastbot][2026-06-02 15:42:08.676] 
[Fastbot][2026-06-02 15:42:08.676] {"id":1,"jsonrpc":"2.0","method":"dumpWindowHierarchy","params":[false,50]}
[Fastbot][2026-06-02 15:42:08.677] --> END POST (75-byte body)
[Fastbot][2026-06-02 15:42:08.700] <-- 200 OK  http://127.0.0.1:9008/jsonrpc/0 (22ms)
[Fastbot][2026-06-02 15:42:08.700] Content-Type: application/json
[Fastbot][2026-06-02 15:42:08.700] Date: Tue, 2 Jun 2026 15:42:08 GMT
[Fastbot][2026-06-02 15:42:08.700] Connection: keep-alive
[Fastbot][2026-06-02 15:42:08.700] Transfer-Encoding: chunked
[Fastbot][2026-06-02 15:42:08.701] 
[Fastbot][2026-06-02 15:42:08.702] {"jsonrpc":"2.0","id":1,"result":"<?xml version='1.0' encoding='UTF-8' standalone='yes' ?>\r\n<hierarchy rotation=\"0\">\r\n  <node index=\"0\" text=\"\" resource-id=\"\" class=\"android.widget.FrameLayout\" package=\"de.rampro.activitydiary.debug\" content-desc=\"\" checkable=\"false\" checked=\"fa...[truncated]
[Fastbot][2026-06-02 15:42:08.702] <-- END HTTP (23989-byte body)
[Fastbot][2026-06-02 15:42:08.756] [ProxyServer] stepsCount: 17
[Fastbot][2026-06-02 15:42:08.756] [ProxyServer] receive request: stepMonkey
[Fastbot][2026-06-02 15:42:08.757] [MonkeySourceApeU2] stepsCount: 17
[Fastbot][2026-06-02 15:42:08.757] [MonkeySourceApeU2] Latest event is MonkeyEvent. Use the cached hierarchy.
[Fastbot][2026-06-02 15:42:08.758] [MonkeySourceApeU2] Successfully Got hierarchy
[Fastbot][2026-06-02 15:42:08.760] // Event id: 192
[Fastbot][2026-06-02 15:42:08.760] topActivity Name: ComponentInfo{de.rampro.activitydiary.debug/de.rampro.activitydiary.ui.history.HistoryDetailActivity}
[Fastbot][2026-06-02 15:42:08.761] // Dumped stringOfGuiTree
[Fastbot][2026-06-02 15:42:08.761] topActivityName: de.rampro.activitydiary.ui.history.HistoryDetailActivity
[Fastbot][2026-06-02 15:42:08.763] action type: SCROLL_RIGHT_LEFT
[Fastbot][2026-06-02 15:42:08.763] rpc cost time: 2
[Fastbot][2026-06-02 15:42:08.765] :Sending rotation degree=0, persist=false
[Fastbot][2026-06-02 15:42:08.771] :Sending Touch (ACTION_DOWN): 0:(638.5,1244.0)
[Fastbot][2026-06-02 15:42:08.772] :Sending Touch (ACTION_MOVE): 0:(638.5,1244.0)
[Fastbot][2026-06-02 15:42:08.774] Wait Event for 20 milliseconds
[Fastbot][2026-06-02 15:42:08.796] :Sending Touch (ACTION_MOVE): 0:(574.65,1244.0)
[Fastbot][2026-06-02 15:42:08.798] Wait Event for 20 milliseconds
[Fastbot][2026-06-02 15:42:08.820] :Sending Touch (ACTION_MOVE): 0:(510.8,1244.0)
[Fastbot][2026-06-02 15:42:08.832] Wait Event for 20 milliseconds
[Fastbot][2026-06-02 15:42:08.855] :Sending Touch (ACTION_MOVE): 0:(446.95,1244.0)
[Fastbot][2026-06-02 15:42:08.857] Wait Event for 20 milliseconds
[Fastbot][2026-06-02 15:42:08.879] :Sending Touch (ACTION_MOVE): 0:(383.09998,1244.0)
[Fastbot][2026-06-02 15:42:08.880] Wait Event for 20 milliseconds
[Fastbot][2026-06-02 15:42:08.904] :Sending Touch (ACTION_MOVE): 0:(319.25,1244.0)
[Fastbot][2026-06-02 15:42:08.906] Wait Event for 20 milliseconds
[Fastbot][2026-06-02 15:42:08.928] :Sending Touch (ACTION_MOVE): 0:(255.4,1244.0)
[Fastbot][2026-06-02 15:42:08.930] Wait Event for 20 milliseconds
[Fastbot][2026-06-02 15:42:08.952] :Sending Touch (ACTION_MOVE): 0:(191.55002,1244.0)
[Fastbot][2026-06-02 15:42:08.954] Wait Event for 20 milliseconds
[Fastbot][2026-06-02 15:42:08.977] :Sending Touch (ACTION_MOVE): 0:(127.69998,1244.0)
[Fastbot][2026-06-02 15:42:08.978] Wait Event for 20 milliseconds
[Fastbot][2026-06-02 15:42:09.002] :Sending Touch (ACTION_MOVE): 0:(63.850037,1244.0)
[Fastbot][2026-06-02 15:42:09.003] Wait Event for 20 milliseconds
[Fastbot][2026-06-02 15:42:09.025] :Sending Touch (ACTION_UP): 0:(0.0,1244.0)
[Fastbot][2026-06-02 15:42:09.027] Sleeping for 236 milliseconds
[Fastbot][2026-06-02 15:42:09.266] [ProxyServer] Finish monkey step. Dumping hierarchy
[Fastbot][2026-06-02 15:42:09.266] --> POST http://127.0.0.1:9008/jsonrpc/0
[Fastbot][2026-06-02 15:42:09.266] Content-Type: application/json; charset=utf-8
[Fastbot][2026-06-02 15:42:09.266] Content-Length: 75
[Fastbot][2026-06-02 15:42:09.266] 
[Fastbot][2026-06-02 15:42:09.267] {"id":1,"jsonrpc":"2.0","method":"dumpWindowHierarchy","params":[false,50]}
[Fastbot][2026-06-02 15:42:09.267] --> END POST (75-byte body)
[Fastbot][2026-06-02 15:42:09.294] <-- 200 OK  http://127.0.0.1:9008/jsonrpc/0 (27ms)
[Fastbot][2026-06-02 15:42:09.294] Content-Type: application/json
[Fastbot][2026-06-02 15:42:09.294] Date: Tue, 2 Jun 2026 15:42:09 GMT
[Fastbot][2026-06-02 15:42:09.294] Connection: keep-alive
[Fastbot][2026-06-02 15:42:09.294] Transfer-Encoding: chunked
[Fastbot][2026-06-02 15:42:09.295] 
[Fastbot][2026-06-02 15:42:09.295] {"jsonrpc":"2.0","id":1,"result":"<?xml version='1.0' encoding='UTF-8' standalone='yes' ?>\r\n<hierarchy rotation=\"0\">\r\n  <node index=\"0\" text=\"\" resource-id=\"\" class=\"android.widget.FrameLayout\" package=\"de.rampro.activitydiary.debug\" content-desc=\"\" checkable=\"false\" checked=\"fa...[truncated]
[Fastbot][2026-06-02 15:42:09.295] <-- END HTTP (23989-byte body)
[Fastbot][2026-06-02 15:42:09.331] [ProxyServer] stepsCount: 18
[Fastbot][2026-06-02 15:42:09.331] [ProxyServer] receive request: stepMonkey
[Fastbot][2026-06-02 15:42:09.332] [MonkeySourceApeU2] stepsCount: 18
[Fastbot][2026-06-02 15:42:09.332] [MonkeySourceApeU2] Latest event is MonkeyEvent. Use the cached hierarchy.
[Fastbot][2026-06-02 15:42:09.332] [MonkeySourceApeU2] Successfully Got hierarchy
[Fastbot][2026-06-02 15:42:09.334] // Event id: 216
[Fastbot][2026-06-02 15:42:09.334] topActivity Name: ComponentInfo{de.rampro.activitydiary.debug/de.rampro.activitydiary.ui.history.HistoryDetailActivity}
[Fastbot][2026-06-02 15:42:09.334] // Dumped stringOfGuiTree
[Fastbot][2026-06-02 15:42:09.334] topActivityName: de.rampro.activitydiary.ui.history.HistoryDetailActivity
[Fastbot][2026-06-02 15:42:09.335] action type: SCROLL_LEFT_RIGHT
[Fastbot][2026-06-02 15:42:09.335] rpc cost time: 1
[Fastbot][2026-06-02 15:42:09.338] :Sending rotation degree=0, persist=false
[Fastbot][2026-06-02 15:42:09.344] :Sending Touch (ACTION_DOWN): 0:(638.5,1244.0)
[Fastbot][2026-06-02 15:42:09.363] :Sending Touch (ACTION_MOVE): 0:(638.5,1244.0)
[Fastbot][2026-06-02 15:42:09.364]     //[calendar_time:2026-06-02 15:42:09.364  system_uptime:43600428]
[Fastbot][2026-06-02 15:42:09.364]     // Sending event #200
[Fastbot][2026-06-02 15:42:09.365] Wait Event for 20 milliseconds
[Fastbot][2026-06-02 15:42:09.389] :Sending Touch (ACTION_MOVE): 0:(682.55,1244.0)
[Fastbot][2026-06-02 15:42:09.400] Wait Event for 20 milliseconds
[Fastbot][2026-06-02 15:42:09.423] :Sending Touch (ACTION_MOVE): 0:(726.6,1244.0)
[Fastbot][2026-06-02 15:42:09.425] Wait Event for 20 milliseconds
[Fastbot][2026-06-02 15:42:09.446] :Sending Touch (ACTION_MOVE): 0:(770.65,1244.0)
[Fastbot][2026-06-02 15:42:09.448] Wait Event for 20 milliseconds
[Fastbot][2026-06-02 15:42:09.471] :Sending Touch (ACTION_MOVE): 0:(814.7,1244.0)
[Fastbot][2026-06-02 15:42:09.472] Wait Event for 20 milliseconds
[Fastbot][2026-06-02 15:42:09.514] :Sending Touch (ACTION_MOVE): 0:(858.75,1244.0)
[Fastbot][2026-06-02 15:42:09.550] Wait Event for 20 milliseconds
[Fastbot][2026-06-02 15:42:09.605] :Sending Touch (ACTION_MOVE): 0:(902.80005,1244.0)
[Fastbot][2026-06-02 15:42:09.614] Wait Event for 20 milliseconds
[Fastbot][2026-06-02 15:42:09.637] :Sending Touch (ACTION_MOVE): 0:(946.85,1244.0)
[Fastbot][2026-06-02 15:42:09.647] Wait Event for 20 milliseconds
[Fastbot][2026-06-02 15:42:09.670] :Sending Touch (ACTION_MOVE): 0:(990.9,1244.0)
[Fastbot][2026-06-02 15:42:09.685] Wait Event for 20 milliseconds
[Fastbot][2026-06-02 15:42:09.706] :Sending Touch (ACTION_MOVE): 0:(1034.95,1244.0)
[Fastbot][2026-06-02 15:42:09.721] Wait Event for 20 milliseconds
[Fastbot][2026-06-02 15:42:09.763] :Sending Touch (ACTION_UP): 0:(1079.0,1244.0)
[Fastbot][2026-06-02 15:42:09.765] Sleeping for 269 milliseconds
[Fastbot][2026-06-02 15:42:10.037] [ProxyServer] Finish monkey step. Dumping hierarchy
[Fastbot][2026-06-02 15:42:10.038] --> POST http://127.0.0.1:9008/jsonrpc/0
[Fastbot][2026-06-02 15:42:10.038] Content-Type: application/json; charset=utf-8
[Fastbot][2026-06-02 15:42:10.038] Content-Length: 75
[Fastbot][2026-06-02 15:42:10.038] 
[Fastbot][2026-06-02 15:42:10.038] {"id":1,"jsonrpc":"2.0","method":"dumpWindowHierarchy","params":[false,50]}
[Fastbot][2026-06-02 15:42:10.038] --> END POST (75-byte body)
[Fastbot][2026-06-02 15:42:10.055] <-- 200 OK  http://127.0.0.1:9008/jsonrpc/0 (16ms)
[Fastbot][2026-06-02 15:42:10.055] Content-Type: application/json
[Fastbot][2026-06-02 15:42:10.055] Date: Tue, 2 Jun 2026 15:42:10 GMT
[Fastbot][2026-06-02 15:42:10.055] Connection: keep-alive
[Fastbot][2026-06-02 15:42:10.055] Transfer-Encoding: chunked
[Fastbot][2026-06-02 15:42:10.057] 
[Fastbot][2026-06-02 15:42:10.057] {"jsonrpc":"2.0","id":1,"result":"<?xml version='1.0' encoding='UTF-8' standalone='yes' ?>\r\n<hierarchy rotation=\"0\">\r\n  <node index=\"0\" text=\"\" resource-id=\"\" class=\"android.widget.FrameLayout\" package=\"de.rampro.activitydiary.debug\" content-desc=\"\" checkable=\"false\" checked=\"fa...[truncated]
[Fastbot][2026-06-02 15:42:10.057] <-- END HTTP (23989-byte body)
[Fastbot][2026-06-02 15:42:10.075] [ProxyServer] stepsCount: 19
[Fastbot][2026-06-02 15:42:10.075] [ProxyServer] receive request: stepMonkey
[Fastbot][2026-06-02 15:42:10.075] [MonkeySourceApeU2] stepsCount: 19
[Fastbot][2026-06-02 15:42:10.075] [MonkeySourceApeU2] Latest event is MonkeyEvent. Use the cached hierarchy.
[Fastbot][2026-06-02 15:42:10.076] [MonkeySourceApeU2] Successfully Got hierarchy
[Fastbot][2026-06-02 15:42:10.077] // Event id: 240
[Fastbot][2026-06-02 15:42:10.077] topActivity Name: ComponentInfo{de.rampro.activitydiary.debug/de.rampro.activitydiary.ui.history.HistoryDetailActivity}
[Fastbot][2026-06-02 15:42:10.078] // Dumped stringOfGuiTree
[Fastbot][2026-06-02 15:42:10.078] topActivityName: de.rampro.activitydiary.ui.history.HistoryDetailActivity
[Fastbot][2026-06-02 15:42:10.079] action type: SCROLL_BOTTOM_UP
[Fastbot][2026-06-02 15:42:10.079] rpc cost time: 1
[Fastbot][2026-06-02 15:42:10.081] :Sending rotation degree=0, persist=false
[Fastbot][2026-06-02 15:42:10.088] :Sending Touch (ACTION_DOWN): 0:(638.5,1244.0)
[Fastbot][2026-06-02 15:42:10.090] :Sending Touch (ACTION_MOVE): 0:(638.5,1244.0)
[Fastbot][2026-06-02 15:42:10.091] Wait Event for 20 milliseconds
[Fastbot][2026-06-02 15:42:10.113] :Sending Touch (ACTION_MOVE): 0:(638.5,1126.2)
[Fastbot][2026-06-02 15:42:10.114] Wait Event for 20 milliseconds
[Fastbot][2026-06-02 15:42:10.142] :Sending Touch (ACTION_MOVE): 0:(638.5,1008.4)
[Fastbot][2026-06-02 15:42:10.154] Wait Event for 20 milliseconds
[Fastbot][2026-06-02 15:42:10.176] :Sending Touch (ACTION_MOVE): 0:(638.5,890.6)
[Fastbot][2026-06-02 15:42:10.178] Wait Event for 20 milliseconds
[Fastbot][2026-06-02 15:42:10.200] :Sending Touch (ACTION_MOVE): 0:(638.5,772.8)
[Fastbot][2026-06-02 15:42:10.201] Wait Event for 20 milliseconds
[Fastbot][2026-06-02 15:42:10.223] :Sending Touch (ACTION_MOVE): 0:(638.5,655.0)
[Fastbot][2026-06-02 15:42:10.224] Wait Event for 20 milliseconds
[Fastbot][2026-06-02 15:42:10.246] :Sending Touch (ACTION_MOVE): 0:(638.5,537.19995)
[Fastbot][2026-06-02 15:42:10.247] Wait Event for 20 milliseconds
[Fastbot][2026-06-02 15:42:10.271] :Sending Touch (ACTION_MOVE): 0:(638.5,419.40002)
[Fastbot][2026-06-02 15:42:10.273] Wait Event for 20 milliseconds
[Fastbot][2026-06-02 15:42:10.297] :Sending Touch (ACTION_MOVE): 0:(638.5,301.59998)
[Fastbot][2026-06-02 15:42:10.298] Wait Event for 20 milliseconds
[Fastbot][2026-06-02 15:42:10.320] :Sending Touch (ACTION_MOVE): 0:(638.5,183.80005)
[Fastbot][2026-06-02 15:42:10.322] Wait Event for 20 milliseconds
[Fastbot][2026-06-02 15:42:10.345] :Sending Touch (ACTION_UP): 0:(638.5,82.0)
[Fastbot][2026-06-02 15:42:10.347] Sleeping for 271 milliseconds
[Fastbot][2026-06-02 15:42:10.620] [ProxyServer] Finish monkey step. Dumping hierarchy
[Fastbot][2026-06-02 15:42:10.621] --> POST http://127.0.0.1:9008/jsonrpc/0
[Fastbot][2026-06-02 15:42:10.621] Content-Type: application/json; charset=utf-8
[Fastbot][2026-06-02 15:42:10.621] Content-Length: 75
[Fastbot][2026-06-02 15:42:10.621] 
[Fastbot][2026-06-02 15:42:10.621] {"id":1,"jsonrpc":"2.0","method":"dumpWindowHierarchy","params":[false,50]}
[Fastbot][2026-06-02 15:42:10.621] --> END POST (75-byte body)
[Fastbot][2026-06-02 15:42:10.648] <-- 200 OK  http://127.0.0.1:9008/jsonrpc/0 (26ms)
[Fastbot][2026-06-02 15:42:10.648] Content-Type: application/json
[Fastbot][2026-06-02 15:42:10.648] Date: Tue, 2 Jun 2026 15:42:10 GMT
[Fastbot][2026-06-02 15:42:10.648] Connection: keep-alive
[Fastbot][2026-06-02 15:42:10.649] Transfer-Encoding: chunked
[Fastbot][2026-06-02 15:42:10.650] 
[Fastbot][2026-06-02 15:42:10.650] {"jsonrpc":"2.0","id":1,"result":"<?xml version='1.0' encoding='UTF-8' standalone='yes' ?>\r\n<hierarchy rotation=\"0\">\r\n  <node index=\"0\" text=\"\" resource-id=\"\" class=\"android.widget.FrameLayout\" package=\"de.rampro.activitydiary.debug\" content-desc=\"\" checkable=\"false\" checked=\"fa...[truncated]
[Fastbot][2026-06-02 15:42:10.650] <-- END HTTP (23989-byte body)
[Fastbot][2026-06-02 15:42:10.706] [ProxyServer] stepsCount: 20
[Fastbot][2026-06-02 15:42:10.706] [ProxyServer] receive request: stepMonkey
[Fastbot][2026-06-02 15:42:10.706] [MonkeySourceApeU2] stepsCount: 20
[Fastbot][2026-06-02 15:42:10.707] [MonkeySourceApeU2] Latest event is MonkeyEvent. Use the cached hierarchy.
[Fastbot][2026-06-02 15:42:10.708] [MonkeySourceApeU2] Successfully Got hierarchy
[Fastbot][2026-06-02 15:42:10.709] // Event id: 264
[Fastbot][2026-06-02 15:42:10.709] topActivity Name: ComponentInfo{de.rampro.activitydiary.debug/de.rampro.activitydiary.ui.history.HistoryDetailActivity}
[Fastbot][2026-06-02 15:42:10.709] // Dumped stringOfGuiTree
[Fastbot][2026-06-02 15:42:10.710] topActivityName: de.rampro.activitydiary.ui.history.HistoryDetailActivity
[Fastbot][2026-06-02 15:42:10.711] action type: CLICK
[Fastbot][2026-06-02 15:42:10.711] rpc cost time: 2
[Fastbot]*** WARNING *** checkVirtualKeyboard: Input only once.
[Fastbot][2026-06-02 15:42:10.712] :Sending rotation degree=0, persist=false
[Fastbot][2026-06-02 15:42:10.718] :Sending Touch (ACTION_DOWN): 0:(644.0,1258.0)
[Fastbot][2026-06-02 15:42:10.720] :Sending Touch (ACTION_UP): 0:(644.0,1258.0)
[Fastbot][2026-06-02 15:42:10.721] Sleeping for 271 milliseconds
[Fastbot][2026-06-02 15:42:10.994] [ProxyServer] Finish monkey step. Dumping hierarchy
[Fastbot][2026-06-02 15:42:10.995] --> POST http://127.0.0.1:9008/jsonrpc/0
[Fastbot][2026-06-02 15:42:10.996] Content-Type: application/json; charset=utf-8
[Fastbot][2026-06-02 15:42:10.996] Content-Length: 75
[Fastbot][2026-06-02 15:42:10.996] 
[Fastbot][2026-06-02 15:42:10.997] {"id":1,"jsonrpc":"2.0","method":"dumpWindowHierarchy","params":[false,50]}
[Fastbot][2026-06-02 15:42:10.997] --> END POST (75-byte body)
[Fastbot][2026-06-02 15:42:11.069] <-- 200 OK  http://127.0.0.1:9008/jsonrpc/0 (72ms)
[Fastbot][2026-06-02 15:42:11.069] Content-Type: application/json
[Fastbot][2026-06-02 15:42:11.069] Date: Tue, 2 Jun 2026 15:42:11 GMT
[Fastbot][2026-06-02 15:42:11.069] Connection: keep-alive
[Fastbot][2026-06-02 15:42:11.070] Transfer-Encoding: chunked
[Fastbot][2026-06-02 15:42:11.072] 
[Fastbot][2026-06-02 15:42:11.072] {"jsonrpc":"2.0","id":1,"result":"<?xml version='1.0' encoding='UTF-8' standalone='yes' ?>\r\n<hierarchy rotation=\"0\">\r\n  <node index=\"0\" text=\"\" resource-id=\"\" class=\"android.widget.FrameLayout\" package=\"com.android.systemui\" content-desc=\"\" checkable=\"false\" checked=\"false\" cli...[truncated]
[Fastbot][2026-06-02 15:42:11.073] <-- END HTTP (33124-byte body)
[Fastbot][2026-06-02 15:42:11.113] [ProxyServer] stepsCount: 21
[Fastbot][2026-06-02 15:42:11.113] [ProxyServer] receive request: stepMonkey
[Fastbot][2026-06-02 15:42:11.114] [MonkeySourceApeU2] stepsCount: 21
[Fastbot][2026-06-02 15:42:11.114] [MonkeySourceApeU2] Latest event is MonkeyEvent. Use the cached hierarchy.
[Fastbot][2026-06-02 15:42:11.114] [MonkeySourceApeU2] Successfully Got hierarchy
[Fastbot][2026-06-02 15:42:11.116] // Event id: 268
[Fastbot][2026-06-02 15:42:11.116] topActivity Name: ComponentInfo{de.rampro.activitydiary.debug/de.rampro.activitydiary.ui.history.HistoryDetailActivity}
[Fastbot][2026-06-02 15:42:11.116] // Dumped stringOfGuiTree
[Fastbot][2026-06-02 15:42:11.116] topActivityName: de.rampro.activitydiary.ui.history.HistoryDetailActivity
[Fastbot][2026-06-02 15:42:11.117] action type: SCROLL_LEFT_RIGHT
[Fastbot][2026-06-02 15:42:11.118] rpc cost time: 2
[Fastbot][2026-06-02 15:42:11.120] :Sending rotation degree=0, persist=false
[Fastbot][2026-06-02 15:42:11.127] :Sending Touch (ACTION_DOWN): 0:(748.5,1222.0)
[Fastbot][2026-06-02 15:42:11.133] :Sending Touch (ACTION_MOVE): 0:(748.5,1222.0)
[Fastbot][2026-06-02 15:42:11.136] Wait Event for 20 milliseconds
[Fastbot][2026-06-02 15:42:11.163] :Sending Touch (ACTION_MOVE): 0:(781.55,1222.0)
[Fastbot][2026-06-02 15:42:11.165] Wait Event for 20 milliseconds
[Fastbot][2026-06-02 15:42:11.201] :Sending Touch (ACTION_MOVE): 0:(814.6,1222.0)
[Fastbot][2026-06-02 15:42:11.202] Wait Event for 20 milliseconds
[Fastbot][2026-06-02 15:42:11.225] :Sending Touch (ACTION_MOVE): 0:(847.65,1222.0)
[Fastbot][2026-06-02 15:42:11.241] Wait Event for 20 milliseconds
[Fastbot][2026-06-02 15:42:11.264] :Sending Touch (ACTION_MOVE): 0:(880.7,1222.0)
[Fastbot][2026-06-02 15:42:11.267] Wait Event for 20 milliseconds
[Fastbot][2026-06-02 15:42:11.290] :Sending Touch (ACTION_MOVE): 0:(913.75,1222.0)
[Fastbot][2026-06-02 15:42:11.292] Wait Event for 20 milliseconds
[Fastbot][2026-06-02 15:42:11.315] :Sending Touch (ACTION_MOVE): 0:(946.8,1222.0)
[Fastbot][2026-06-02 15:42:11.332] Wait Event for 20 milliseconds
[Fastbot][2026-06-02 15:42:11.369] :Sending Touch (ACTION_MOVE): 0:(979.85,1222.0)
[Fastbot][2026-06-02 15:42:11.372] Wait Event for 20 milliseconds
[Fastbot][2026-06-02 15:42:11.405] :Sending Touch (ACTION_MOVE): 0:(1012.9,1222.0)
[Fastbot][2026-06-02 15:42:11.407] Wait Event for 20 milliseconds
[Fastbot][2026-06-02 15:42:11.430] :Sending Touch (ACTION_MOVE): 0:(1045.95,1222.0)
[Fastbot][2026-06-02 15:42:11.432] Wait Event for 20 milliseconds
[Fastbot][2026-06-02 15:42:11.454] :Sending Touch (ACTION_UP): 0:(1079.0,1222.0)
[Fastbot][2026-06-02 15:42:11.458] Sleeping for 220 milliseconds
[Fastbot][2026-06-02 15:42:11.687] [ProxyServer] Finish monkey step. Dumping hierarchy
[Fastbot][2026-06-02 15:42:11.688] --> POST http://127.0.0.1:9008/jsonrpc/0
[Fastbot][2026-06-02 15:42:11.688] Content-Type: application/json; charset=utf-8
[Fastbot][2026-06-02 15:42:11.688] Content-Length: 75
[Fastbot][2026-06-02 15:42:11.688] 
[Fastbot][2026-06-02 15:42:11.688] {"id":1,"jsonrpc":"2.0","method":"dumpWindowHierarchy","params":[false,50]}
[Fastbot][2026-06-02 15:42:11.688] --> END POST (75-byte body)
[Fastbot][2026-06-02 15:42:11.861] <-- 200 OK  http://127.0.0.1:9008/jsonrpc/0 (172ms)
[Fastbot][2026-06-02 15:42:11.861] Content-Type: application/json
[Fastbot][2026-06-02 15:42:11.861] Date: Tue, 2 Jun 2026 15:42:11 GMT
[Fastbot][2026-06-02 15:42:11.861] Connection: keep-alive
[Fastbot][2026-06-02 15:42:11.861] Transfer-Encoding: chunked
[Fastbot][2026-06-02 15:42:11.864] 
[Fastbot][2026-06-02 15:42:11.864] {"jsonrpc":"2.0","id":1,"result":"<?xml version='1.0' encoding='UTF-8' standalone='yes' ?>\r\n<hierarchy rotation=\"0\">\r\n  <node index=\"0\" text=\"\" resource-id=\"\" class=\"android.widget.FrameLayout\" package=\"com.android.systemui\" content-desc=\"\" checkable=\"false\" checked=\"false\" cli...[truncated]
[Fastbot][2026-06-02 15:42:11.864] <-- END HTTP (33124-byte body)
[Fastbot][2026-06-02 15:42:11.887] [ProxyServer] stepsCount: 22
[Fastbot][2026-06-02 15:42:11.887] [ProxyServer] receive request: stepMonkey
[Fastbot][2026-06-02 15:42:11.888] [MonkeySourceApeU2] stepsCount: 22
[Fastbot][2026-06-02 15:42:11.888] [MonkeySourceApeU2] Latest event is MonkeyEvent. Use the cached hierarchy.
[Fastbot][2026-06-02 15:42:11.888] [MonkeySourceApeU2] Successfully Got hierarchy
[Fastbot][2026-06-02 15:42:11.890] // Event id: 292
[Fastbot][2026-06-02 15:42:11.890] topActivity Name: ComponentInfo{de.rampro.activitydiary.debug/de.rampro.activitydiary.ui.history.HistoryDetailActivity}
[Fastbot][2026-06-02 15:42:11.890] // Dumped stringOfGuiTree
[Fastbot][2026-06-02 15:42:11.890] topActivityName: de.rampro.activitydiary.ui.history.HistoryDetailActivity
[Fastbot][2026-06-02 15:42:11.892] action type: CLICK
[Fastbot][2026-06-02 15:42:11.892] rpc cost time: 2
[Fastbot]*** WARNING *** checkVirtualKeyboard: Input only once.
[Fastbot][2026-06-02 15:42:11.894] :Sending rotation degree=0, persist=false
[Fastbot][2026-06-02 15:42:11.904] :Sending Touch (ACTION_DOWN): 0:(225.0,1421.0)
[Fastbot][2026-06-02 15:42:11.913] :Sending Touch (ACTION_UP): 0:(225.0,1421.0)
[Fastbot][2026-06-02 15:42:11.917] Sleeping for 220 milliseconds
[Fastbot][2026-06-02 15:42:12.171] [ProxyServer] Finish monkey step. Dumping hierarchy
[Fastbot][2026-06-02 15:42:12.171] --> POST http://127.0.0.1:9008/jsonrpc/0
[Fastbot][2026-06-02 15:42:12.171] Content-Type: application/json; charset=utf-8
[Fastbot][2026-06-02 15:42:12.171] Content-Length: 75
[Fastbot][2026-06-02 15:42:12.172] 
[Fastbot][2026-06-02 15:42:12.172] {"id":1,"jsonrpc":"2.0","method":"dumpWindowHierarchy","params":[false,50]}
[Fastbot][2026-06-02 15:42:12.172] --> END POST (75-byte body)
[Fastbot][2026-06-02 15:42:12.264] <-- 200 OK  http://127.0.0.1:9008/jsonrpc/0 (92ms)
[Fastbot][2026-06-02 15:42:12.264] Content-Type: application/json
[Fastbot][2026-06-02 15:42:12.265] Date: Tue, 2 Jun 2026 15:42:12 GMT
[Fastbot][2026-06-02 15:42:12.265] Connection: keep-alive
[Fastbot][2026-06-02 15:42:12.265] Transfer-Encoding: chunked
[Fastbot][2026-06-02 15:42:12.265] 
[Fastbot][2026-06-02 15:42:12.266] {"jsonrpc":"2.0","id":1,"result":"<?xml version='1.0' encoding='UTF-8' standalone='yes' ?>\r\n<hierarchy rotation=\"0\">\r\n  <node index=\"0\" text=\"\" resource-id=\"\" class=\"android.widget.FrameLayout\" package=\"com.android.systemui\" content-desc=\"\" checkable=\"false\" checked=\"false\" cli...[truncated]
[Fastbot][2026-06-02 15:42:12.267] <-- END HTTP (37205-byte body)
[Fastbot][2026-06-02 15:42:12.300] [ProxyServer] stepsCount: 23
[Fastbot][2026-06-02 15:42:12.300] [ProxyServer] receive request: stepMonkey
[Fastbot][2026-06-02 15:42:12.301] [MonkeySourceApeU2] stepsCount: 23
[Fastbot][2026-06-02 15:42:12.301] [MonkeySourceApeU2] Latest event is MonkeyEvent. Use the cached hierarchy.
[Fastbot][2026-06-02 15:42:12.301] [MonkeySourceApeU2] Successfully Got hierarchy
[Fastbot][2026-06-02 15:42:12.303] // Event id: 296
[Fastbot][2026-06-02 15:42:12.303] topActivity Name: ComponentInfo{de.rampro.activitydiary.debug/de.rampro.activitydiary.ui.history.HistoryDetailActivity}
[Fastbot][2026-06-02 15:42:12.304] // Dumped stringOfGuiTree
[Fastbot][2026-06-02 15:42:12.304] topActivityName: de.rampro.activitydiary.ui.history.HistoryDetailActivity
[Fastbot][2026-06-02 15:42:12.305] action type: SCROLL_BOTTOM_UP
[Fastbot][2026-06-02 15:42:12.305] rpc cost time: 2
[Fastbot][2026-06-02 15:42:12.307] :Sending rotation degree=0, persist=false
[Fastbot][2026-06-02 15:42:12.312] :Sending Touch (ACTION_DOWN): 0:(496.0,1096.0)
[Fastbot][2026-06-02 15:42:12.314] :Sending Touch (ACTION_MOVE): 0:(496.0,1096.0)
[Fastbot][2026-06-02 15:42:12.323] Wait Event for 20 milliseconds
[Fastbot][2026-06-02 15:42:12.358] :Sending Touch (ACTION_MOVE): 0:(496.0,993.0)
[Fastbot][2026-06-02 15:42:12.359] Wait Event for 20 milliseconds
[Fastbot][2026-06-02 15:42:12.390] :Sending Touch (ACTION_MOVE): 0:(496.0,890.0)
[Fastbot][2026-06-02 15:42:12.392] Wait Event for 20 milliseconds
[Fastbot][2026-06-02 15:42:12.423] :Sending Touch (ACTION_MOVE): 0:(496.0,787.0)
[Fastbot][2026-06-02 15:42:12.424] Wait Event for 20 milliseconds
[Fastbot][2026-06-02 15:42:12.448] :Sending Touch (ACTION_MOVE): 0:(496.0,684.0)
[Fastbot][2026-06-02 15:42:12.451] Wait Event for 20 milliseconds
[Fastbot][2026-06-02 15:42:12.475] :Sending Touch (ACTION_MOVE): 0:(496.0,581.0)
[Fastbot][2026-06-02 15:42:12.476] Wait Event for 20 milliseconds
[Fastbot][2026-06-02 15:42:12.499] :Sending Touch (ACTION_MOVE): 0:(496.0,478.0)
[Fastbot][2026-06-02 15:42:12.503] Wait Event for 20 milliseconds
[Fastbot][2026-06-02 15:42:12.525] :Sending Touch (ACTION_MOVE): 0:(496.0,375.0)
[Fastbot][2026-06-02 15:42:12.528] Wait Event for 20 milliseconds
[Fastbot][2026-06-02 15:42:12.550] :Sending Touch (ACTION_MOVE): 0:(496.0,272.0)
[Fastbot][2026-06-02 15:42:12.551] Wait Event for 20 milliseconds
[Fastbot][2026-06-02 15:42:12.574] :Sending Touch (ACTION_MOVE): 0:(496.0,169.0)
[Fastbot][2026-06-02 15:42:12.575] Wait Event for 20 milliseconds
[Fastbot][2026-06-02 15:42:12.598] :Sending Touch (ACTION_UP): 0:(496.0,82.0)
[Fastbot][2026-06-02 15:42:12.605] Sleeping for 257 milliseconds
[Fastbot][2026-06-02 15:42:12.864] [ProxyServer] Finish monkey step. Dumping hierarchy
[Fastbot][2026-06-02 15:42:12.865] --> POST http://127.0.0.1:9008/jsonrpc/0
[Fastbot][2026-06-02 15:42:12.865] Content-Type: application/json; charset=utf-8
[Fastbot][2026-06-02 15:42:12.865] Content-Length: 75
[Fastbot][2026-06-02 15:42:12.865] 
[Fastbot][2026-06-02 15:42:12.865] {"id":1,"jsonrpc":"2.0","method":"dumpWindowHierarchy","params":[false,50]}
[Fastbot][2026-06-02 15:42:12.865] --> END POST (75-byte body)
[Fastbot][2026-06-02 15:42:13.013] <-- 200 OK  http://127.0.0.1:9008/jsonrpc/0 (147ms)
[Fastbot][2026-06-02 15:42:13.013] Content-Type: application/json
[Fastbot][2026-06-02 15:42:13.013] Date: Tue, 2 Jun 2026 15:42:13 GMT
[Fastbot][2026-06-02 15:42:13.013] Connection: keep-alive
[Fastbot][2026-06-02 15:42:13.013] Transfer-Encoding: chunked
[Fastbot][2026-06-02 15:42:13.015] 
[Fastbot][2026-06-02 15:42:13.015] {"jsonrpc":"2.0","id":1,"result":"<?xml version='1.0' encoding='UTF-8' standalone='yes' ?>\r\n<hierarchy rotation=\"0\">\r\n  <node index=\"0\" text=\"\" resource-id=\"\" class=\"android.widget.FrameLayout\" package=\"com.android.systemui\" content-desc=\"\" checkable=\"false\" checked=\"false\" cli...[truncated]
[Fastbot][2026-06-02 15:42:13.015] <-- END HTTP (37671-byte body)
[Fastbot][2026-06-02 15:42:13.056] [ProxyServer] stepsCount: 24
[Fastbot][2026-06-02 15:42:13.056] [ProxyServer] receive request: stepMonkey
[Fastbot][2026-06-02 15:42:13.056] [MonkeySourceApeU2] stepsCount: 24
[Fastbot][2026-06-02 15:42:13.057] [MonkeySourceApeU2] Latest event is MonkeyEvent. Use the cached hierarchy.
[Fastbot][2026-06-02 15:42:13.057] [MonkeySourceApeU2] Successfully Got hierarchy
[Fastbot][2026-06-02 15:42:13.059] // Event id: 320
[Fastbot][2026-06-02 15:42:13.060] topActivity Name: ComponentInfo{de.rampro.activitydiary.debug/de.rampro.activitydiary.ui.history.HistoryDetailActivity}
[Fastbot][2026-06-02 15:42:13.060] // Dumped stringOfGuiTree
[Fastbot][2026-06-02 15:42:13.060] topActivityName: de.rampro.activitydiary.ui.history.HistoryDetailActivity
[Fastbot][2026-06-02 15:42:13.062] action type: CLICK
[Fastbot][2026-06-02 15:42:13.062] rpc cost time: 2
[Fastbot]*** WARNING *** checkVirtualKeyboard: Input only once.
[Fastbot][2026-06-02 15:42:13.074] :Sending rotation degree=0, persist=false
[Fastbot][2026-06-02 15:42:13.089] :Sending Touch (ACTION_DOWN): 0:(701.0,704.0)
[Fastbot][2026-06-02 15:42:13.091] :Sending Touch (ACTION_UP): 0:(701.0,704.0)
[Fastbot][2026-06-02 15:42:13.092] Sleeping for 223 milliseconds
[Fastbot][2026-06-02 15:42:13.317] [ProxyServer] Finish monkey step. Dumping hierarchy
[Fastbot][2026-06-02 15:42:13.318] --> POST http://127.0.0.1:9008/jsonrpc/0
[Fastbot][2026-06-02 15:42:13.318] Content-Type: application/json; charset=utf-8
[Fastbot][2026-06-02 15:42:13.318] Content-Length: 75
[Fastbot][2026-06-02 15:42:13.318] 
[Fastbot][2026-06-02 15:42:13.318] {"id":1,"jsonrpc":"2.0","method":"dumpWindowHierarchy","params":[false,50]}
[Fastbot][2026-06-02 15:42:13.319] --> END POST (75-byte body)
[Fastbot][2026-06-02 15:42:13.349] <-- 200 OK  http://127.0.0.1:9008/jsonrpc/0 (29ms)
[Fastbot][2026-06-02 15:42:13.349] Content-Type: application/json
[Fastbot][2026-06-02 15:42:13.349] Date: Tue, 2 Jun 2026 15:42:13 GMT
[Fastbot][2026-06-02 15:42:13.349] Connection: keep-alive
[Fastbot][2026-06-02 15:42:13.349] Transfer-Encoding: chunked
[Fastbot][2026-06-02 15:42:13.353] 
[Fastbot][2026-06-02 15:42:13.353] {"jsonrpc":"2.0","id":1,"result":"<?xml version='1.0' encoding='UTF-8' standalone='yes' ?>\r\n<hierarchy rotation=\"0\">\r\n  <node index=\"0\" text=\"\" resource-id=\"\" class=\"android.widget.FrameLayout\" package=\"com.android.systemui\" content-desc=\"\" checkable=\"false\" checked=\"false\" cli...[truncated]
[Fastbot][2026-06-02 15:42:13.353] <-- END HTTP (37671-byte body)
[Fastbot][2026-06-02 15:42:13.402] [ProxyServer] stepsCount: 25
[Fastbot][2026-06-02 15:42:13.402] [ProxyServer] receive request: stepMonkey
[Fastbot][2026-06-02 15:42:13.402] [MonkeySourceApeU2] stepsCount: 25
[Fastbot][2026-06-02 15:42:13.403] [MonkeySourceApeU2] Latest event is MonkeyEvent. Use the cached hierarchy.
[Fastbot][2026-06-02 15:42:13.403] [MonkeySourceApeU2] Successfully Got hierarchy
[Fastbot][2026-06-02 15:42:13.404] // Event id: 324
[Fastbot][2026-06-02 15:42:13.404] topActivity Name: ComponentInfo{de.rampro.activitydiary.debug/de.rampro.activitydiary.ui.history.HistoryDetailActivity}
[Fastbot][2026-06-02 15:42:13.404] // Dumped stringOfGuiTree
[Fastbot][2026-06-02 15:42:13.404] topActivityName: de.rampro.activitydiary.ui.history.HistoryDetailActivity
[Fastbot][2026-06-02 15:42:13.406] action type: CLICK
[Fastbot][2026-06-02 15:42:13.407] rpc cost time: 3
[Fastbot]*** WARNING *** checkVirtualKeyboard: Input only once.
[Fastbot][2026-06-02 15:42:13.408] :Sending rotation degree=0, persist=false
[Fastbot][2026-06-02 15:42:13.413] :Sending Touch (ACTION_DOWN): 0:(887.0,1602.0)
[Fastbot][2026-06-02 15:42:13.415]     //[calendar_time:2026-06-02 15:42:13.415  system_uptime:43604479]
[Fastbot][2026-06-02 15:42:13.415]     // Sending event #300
[Fastbot][2026-06-02 15:42:13.416] :Sending Touch (ACTION_UP): 0:(887.0,1602.0)
[Fastbot][2026-06-02 15:42:13.419] Sleeping for 223 milliseconds
[Fastbot][2026-06-02 15:42:13.644] [MonkeySourceApeU2] Profiling coverage...
[Fastbot][2026-06-02 15:42:13.646] [ProxyServer] Finish monkey step. Dumping hierarchy
[Fastbot][2026-06-02 15:42:13.648] --> POST http://127.0.0.1:9008/jsonrpc/0
[Fastbot][2026-06-02 15:42:13.648] Content-Type: application/json; charset=utf-8
[Fastbot][2026-06-02 15:42:13.648] Content-Length: 75
[Fastbot][2026-06-02 15:42:13.648] 
[Fastbot][2026-06-02 15:42:13.648] {"id":1,"jsonrpc":"2.0","method":"dumpWindowHierarchy","params":[false,50]}
[Fastbot][2026-06-02 15:42:13.649] --> END POST (75-byte body)
[Fastbot][2026-06-02 15:42:13.702] <-- 200 OK  http://127.0.0.1:9008/jsonrpc/0 (52ms)
[Fastbot][2026-06-02 15:42:13.702] Content-Type: application/json
[Fastbot][2026-06-02 15:42:13.702] Date: Tue, 2 Jun 2026 15:42:13 GMT
[Fastbot][2026-06-02 15:42:13.702] Connection: keep-alive
[Fastbot][2026-06-02 15:42:13.702] Transfer-Encoding: chunked
[Fastbot][2026-06-02 15:42:13.717] 
[Fastbot][2026-06-02 15:42:13.717] {"jsonrpc":"2.0","id":1,"result":"<?xml version='1.0' encoding='UTF-8' standalone='yes' ?>\r\n<hierarchy rotation=\"0\">\r\n  <node index=\"0\" text=\"\" resource-id=\"\" class=\"android.widget.FrameLayout\" package=\"com.android.systemui\" content-desc=\"\" checkable=\"false\" checked=\"false\" cli...[truncated]
[Fastbot][2026-06-02 15:42:13.717] <-- END HTTP (35336-byte body)
[Fastbot][2026-06-02 15:42:13.762] [ProxyServer] stepsCount: 26
[Fastbot][2026-06-02 15:42:13.763] [ProxyServer] receive request: stepMonkey
[Fastbot][2026-06-02 15:42:13.763] [MonkeySourceApeU2] stepsCount: 26
[Fastbot][2026-06-02 15:42:13.763] [MonkeySourceApeU2] Latest event is MonkeyEvent. Use the cached hierarchy.
[Fastbot][2026-06-02 15:42:13.764] [MonkeySourceApeU2] Successfully Got hierarchy
[Fastbot][2026-06-02 15:42:13.765] // Event id: 328
[Fastbot][2026-06-02 15:42:13.765] topActivity Name: ComponentInfo{de.rampro.activitydiary.debug/de.rampro.activitydiary.ui.history.HistoryDetailActivity}
[Fastbot][2026-06-02 15:42:13.765] // Dumped stringOfGuiTree
[Fastbot][2026-06-02 15:42:13.766] topActivityName: de.rampro.activitydiary.ui.history.HistoryDetailActivity
[Fastbot][2026-06-02 15:42:13.767] action type: SCROLL_RIGHT_LEFT
[Fastbot][2026-06-02 15:42:13.767] rpc cost time: 2
[Fastbot][2026-06-02 15:42:13.770] :Sending rotation degree=0, persist=false
[Fastbot][2026-06-02 15:42:13.776] :Sending Touch (ACTION_DOWN): 0:(540.0,1008.0)
[Fastbot][2026-06-02 15:42:13.779] :Sending Touch (ACTION_MOVE): 0:(540.0,1008.0)
[Fastbot][2026-06-02 15:42:13.782] Wait Event for 20 milliseconds
[Fastbot][2026-06-02 15:42:13.804] :Sending Touch (ACTION_MOVE): 0:(486.0,1008.0)
[Fastbot][2026-06-02 15:42:13.805] Wait Event for 20 milliseconds
[Fastbot][2026-06-02 15:42:13.829] :Sending Touch (ACTION_MOVE): 0:(432.0,1008.0)
[Fastbot][2026-06-02 15:42:13.831] Wait Event for 20 milliseconds
[Fastbot][2026-06-02 15:42:13.854] :Sending Touch (ACTION_MOVE): 0:(378.0,1008.0)
[Fastbot][2026-06-02 15:42:13.856] Wait Event for 20 milliseconds
[Fastbot][2026-06-02 15:42:13.878] :Sending Touch (ACTION_MOVE): 0:(324.0,1008.0)
[Fastbot][2026-06-02 15:42:13.880] Wait Event for 20 milliseconds
[Fastbot][2026-06-02 15:42:13.903] :Sending Touch (ACTION_MOVE): 0:(270.0,1008.0)
[Fastbot][2026-06-02 15:42:13.905] Wait Event for 20 milliseconds
[Fastbot][2026-06-02 15:42:13.933] :Sending Touch (ACTION_MOVE): 0:(216.0,1008.0)
[Fastbot][2026-06-02 15:42:13.934] Wait Event for 20 milliseconds
[Fastbot][2026-06-02 15:42:13.955] :Sending Touch (ACTION_MOVE): 0:(162.0,1008.0)
[Fastbot][2026-06-02 15:42:13.957] Wait Event for 20 milliseconds
[Fastbot][2026-06-02 15:42:13.979] :Sending Touch (ACTION_MOVE): 0:(108.0,1008.0)
[Fastbot][2026-06-02 15:42:13.980] Wait Event for 20 milliseconds
[Fastbot][2026-06-02 15:42:14.004] :Sending Touch (ACTION_MOVE): 0:(54.0,1008.0)
[Fastbot][2026-06-02 15:42:14.006] Wait Event for 20 milliseconds
[Fastbot][2026-06-02 15:42:14.027] :Sending Touch (ACTION_UP): 0:(0.0,1008.0)
[Fastbot][2026-06-02 15:42:14.034] Sleeping for 223 milliseconds
[Fastbot][2026-06-02 15:42:14.259] [ProxyServer] Finish monkey step. Dumping hierarchy
[Fastbot][2026-06-02 15:42:14.260] --> POST http://127.0.0.1:9008/jsonrpc/0
[Fastbot][2026-06-02 15:42:14.260] Content-Type: application/json; charset=utf-8
[Fastbot][2026-06-02 15:42:14.260] Content-Length: 75
[Fastbot][2026-06-02 15:42:14.260] 
[Fastbot][2026-06-02 15:42:14.260] {"id":1,"jsonrpc":"2.0","method":"dumpWindowHierarchy","params":[false,50]}
[Fastbot][2026-06-02 15:42:14.260] --> END POST (75-byte body)
[Fastbot][2026-06-02 15:42:14.552] <-- 200 OK  http://127.0.0.1:9008/jsonrpc/0 (291ms)
[Fastbot][2026-06-02 15:42:14.552] Content-Type: application/json
[Fastbot][2026-06-02 15:42:14.552] Date: Tue, 2 Jun 2026 15:42:14 GMT
[Fastbot][2026-06-02 15:42:14.552] Connection: keep-alive
[Fastbot][2026-06-02 15:42:14.552] Transfer-Encoding: chunked
[Fastbot][2026-06-02 15:42:14.553] 
[Fastbot][2026-06-02 15:42:14.554] {"jsonrpc":"2.0","id":1,"result":"<?xml version='1.0' encoding='UTF-8' standalone='yes' ?>\r\n<hierarchy rotation=\"0\">\r\n  <node index=\"0\" text=\"\" resource-id=\"\" class=\"android.widget.FrameLayout\" package=\"com.android.systemui\" content-desc=\"\" checkable=\"false\" checked=\"false\" cli...[truncated]
[Fastbot][2026-06-02 15:42:14.554] <-- END HTTP (102001-byte body)
[Fastbot][2026-06-02 15:42:14.592] [ProxyServer] stepsCount: 27
[Fastbot][2026-06-02 15:42:14.593] [ProxyServer] receive request: stepMonkey
[Fastbot][2026-06-02 15:42:14.593] [MonkeySourceApeU2] stepsCount: 27
[Fastbot][2026-06-02 15:42:14.593] [MonkeySourceApeU2] Latest event is MonkeyEvent. Use the cached hierarchy.
[Fastbot][2026-06-02 15:42:14.594] [MonkeySourceApeU2] Successfully Got hierarchy
[Fastbot][2026-06-02 15:42:14.596] // Event id: 352
[Fastbot][2026-06-02 15:42:14.596] topActivity Name: ComponentInfo{de.rampro.activitydiary.debug/de.rampro.activitydiary.ui.history.HistoryDetailActivity}
[Fastbot][2026-06-02 15:42:14.597] // Dumped stringOfGuiTree
[Fastbot][2026-06-02 15:42:14.597] topActivityName: de.rampro.activitydiary.ui.history.HistoryDetailActivity
[Fastbot][2026-06-02 15:42:14.598] action type: CLICK
[Fastbot][2026-06-02 15:42:14.598] rpc cost time: 1
[Fastbot]*** WARNING *** checkVirtualKeyboard: Input only once.
[Fastbot][2026-06-02 15:42:14.599] :Sending rotation degree=0, persist=false
[Fastbot][2026-06-02 15:42:14.616] :Sending Touch (ACTION_DOWN): 0:(526.0,864.0)
[Fastbot][2026-06-02 15:42:14.618] :Sending Touch (ACTION_UP): 0:(526.0,864.0)
[Fastbot][2026-06-02 15:42:14.621] Sleeping for 292 milliseconds
[Fastbot][2026-06-02 15:42:14.919] [ProxyServer] Finish monkey step. Dumping hierarchy
[Fastbot][2026-06-02 15:42:14.920] --> POST http://127.0.0.1:9008/jsonrpc/0
[Fastbot][2026-06-02 15:42:14.920] Content-Type: application/json; charset=utf-8
[Fastbot][2026-06-02 15:42:14.920] Content-Length: 75
[Fastbot][2026-06-02 15:42:14.920] 
[Fastbot][2026-06-02 15:42:14.920] {"id":1,"jsonrpc":"2.0","method":"dumpWindowHierarchy","params":[false,50]}
[Fastbot][2026-06-02 15:42:14.920] --> END POST (75-byte body)
[Fastbot][2026-06-02 15:42:15.395] <-- 200 OK  http://127.0.0.1:9008/jsonrpc/0 (475ms)
[Fastbot][2026-06-02 15:42:15.396] Content-Type: application/json
[Fastbot][2026-06-02 15:42:15.396] Date: Tue, 2 Jun 2026 15:42:15 GMT
[Fastbot][2026-06-02 15:42:15.396] Connection: keep-alive
[Fastbot][2026-06-02 15:42:15.396] Transfer-Encoding: chunked
[Fastbot][2026-06-02 15:42:15.399] 
[Fastbot][2026-06-02 15:42:15.399] {"jsonrpc":"2.0","id":1,"result":"<?xml version='1.0' encoding='UTF-8' standalone='yes' ?>\r\n<hierarchy rotation=\"0\">\r\n  <node index=\"0\" text=\"\" resource-id=\"\" class=\"android.widget.FrameLayout\" package=\"com.android.systemui\" content-desc=\"\" checkable=\"false\" checked=\"false\" cli...[truncated]
[Fastbot][2026-06-02 15:42:15.399] <-- END HTTP (46269-byte body)
[Fastbot][2026-06-02 15:42:15.431] [ProxyServer] stepsCount: 28
[Fastbot][2026-06-02 15:42:15.431] [ProxyServer] receive request: stepMonkey
[Fastbot][2026-06-02 15:42:15.431] [MonkeySourceApeU2] stepsCount: 28
[Fastbot][2026-06-02 15:42:15.431] [MonkeySourceApeU2] Latest event is MonkeyEvent. Use the cached hierarchy.
[Fastbot][2026-06-02 15:42:15.431] [MonkeySourceApeU2] Successfully Got hierarchy
[Fastbot][2026-06-02 15:42:15.433] // Event id: 356
[Fastbot][2026-06-02 15:42:15.433] topActivity Name: ComponentInfo{de.rampro.activitydiary.debug/de.rampro.activitydiary.ui.history.HistoryDetailActivity}
[Fastbot][2026-06-02 15:42:15.433] // Dumped stringOfGuiTree
[Fastbot][2026-06-02 15:42:15.433] topActivityName: de.rampro.activitydiary.ui.history.HistoryDetailActivity
[Fastbot][2026-06-02 15:42:15.436] action type: CLICK
[Fastbot][2026-06-02 15:42:15.436] rpc cost time: 3
[Fastbot]*** WARNING *** checkVirtualKeyboard: Input only once.
[Fastbot][2026-06-02 15:42:15.437] :Sending rotation degree=0, persist=false
[Fastbot][2026-06-02 15:42:15.443] :Sending Touch (ACTION_DOWN): 0:(696.0,1659.0)
[Fastbot][2026-06-02 15:42:15.446] :Sending Touch (ACTION_UP): 0:(696.0,1659.0)
[Fastbot][2026-06-02 15:42:15.449] Sleeping for 226 milliseconds
[Fastbot][2026-06-02 15:42:15.677] [ProxyServer] Finish monkey step. Dumping hierarchy
[Fastbot][2026-06-02 15:42:15.677] --> POST http://127.0.0.1:9008/jsonrpc/0
[Fastbot][2026-06-02 15:42:15.677] Content-Type: application/json; charset=utf-8
[Fastbot][2026-06-02 15:42:15.678] Content-Length: 75
[Fastbot][2026-06-02 15:42:15.679] 
[Fastbot][2026-06-02 15:42:15.679] {"id":1,"jsonrpc":"2.0","method":"dumpWindowHierarchy","params":[false,50]}
[Fastbot][2026-06-02 15:42:15.679] --> END POST (75-byte body)
[Fastbot][2026-06-02 15:42:15.835] <-- 200 OK  http://127.0.0.1:9008/jsonrpc/0 (155ms)
[Fastbot][2026-06-02 15:42:15.835] Content-Type: application/json
[Fastbot][2026-06-02 15:42:15.835] Date: Tue, 2 Jun 2026 15:42:15 GMT
[Fastbot][2026-06-02 15:42:15.835] Connection: keep-alive
[Fastbot][2026-06-02 15:42:15.836] Transfer-Encoding: chunked
[Fastbot][2026-06-02 15:42:15.838] 
[Fastbot][2026-06-02 15:42:15.839] {"jsonrpc":"2.0","id":1,"result":"<?xml version='1.0' encoding='UTF-8' standalone='yes' ?>\r\n<hierarchy rotation=\"0\">\r\n  <node index=\"0\" text=\"\" resource-id=\"\" class=\"android.widget.FrameLayout\" package=\"com.android.systemui\" content-desc=\"\" checkable=\"false\" checked=\"false\" cli...[truncated]
[Fastbot][2026-06-02 15:42:15.839] <-- END HTTP (102001-byte body)
[Fastbot][2026-06-02 15:42:15.866] [ProxyServer] stepsCount: 29
[Fastbot][2026-06-02 15:42:15.866] [ProxyServer] receive request: stepMonkey
[Fastbot][2026-06-02 15:42:15.866] [MonkeySourceApeU2] stepsCount: 29
[Fastbot][2026-06-02 15:42:15.866] [MonkeySourceApeU2] Latest event is MonkeyEvent. Use the cached hierarchy.
[Fastbot][2026-06-02 15:42:15.867] [MonkeySourceApeU2] Successfully Got hierarchy
[Fastbot][2026-06-02 15:42:15.869] // Event id: 360
[Fastbot][2026-06-02 15:42:15.870] topActivity Name: ComponentInfo{de.rampro.activitydiary.debug/de.rampro.activitydiary.ui.history.HistoryDetailActivity}
[Fastbot][2026-06-02 15:42:15.870] // Dumped stringOfGuiTree
[Fastbot][2026-06-02 15:42:15.870] topActivityName: de.rampro.activitydiary.ui.history.HistoryDetailActivity
[Fastbot][2026-06-02 15:42:15.872] action type: LONG_CLICK
[Fastbot][2026-06-02 15:42:15.873] rpc cost time: 3
[Fastbot][2026-06-02 15:42:15.874] :Sending rotation degree=0, persist=false
[Fastbot][2026-06-02 15:42:15.884] :Sending Touch (ACTION_DOWN): 0:(339.0,1095.0)
[Fastbot][2026-06-02 15:42:15.887] Wait Event for 1000 milliseconds
[Fastbot][2026-06-02 15:42:16.891] :Sending Touch (ACTION_UP): 0:(339.0,1095.0)
[Fastbot][2026-06-02 15:42:16.899] Sleeping for 226 milliseconds
[Fastbot][2026-06-02 15:42:17.127] [ProxyServer] Finish monkey step. Dumping hierarchy
[Fastbot][2026-06-02 15:42:17.127] --> POST http://127.0.0.1:9008/jsonrpc/0
[Fastbot][2026-06-02 15:42:17.128] Content-Type: application/json; charset=utf-8
[Fastbot][2026-06-02 15:42:17.128] Content-Length: 75
[Fastbot][2026-06-02 15:42:17.128] 
[Fastbot][2026-06-02 15:42:17.128] {"id":1,"jsonrpc":"2.0","method":"dumpWindowHierarchy","params":[false,50]}
[Fastbot][2026-06-02 15:42:17.128] --> END POST (75-byte body)
[Fastbot][2026-06-02 15:42:17.370] <-- 200 OK  http://127.0.0.1:9008/jsonrpc/0 (242ms)
[Fastbot][2026-06-02 15:42:17.370] Content-Type: application/json
[Fastbot][2026-06-02 15:42:17.370] Date: Tue, 2 Jun 2026 15:42:17 GMT
[Fastbot][2026-06-02 15:42:17.370] Connection: keep-alive
[Fastbot][2026-06-02 15:42:17.371] Transfer-Encoding: chunked
[Fastbot][2026-06-02 15:42:17.380] 
[Fastbot][2026-06-02 15:42:17.380] {"jsonrpc":"2.0","id":1,"result":"<?xml version='1.0' encoding='UTF-8' standalone='yes' ?>\r\n<hierarchy rotation=\"0\">\r\n  <node index=\"0\" text=\"\" resource-id=\"\" class=\"android.widget.FrameLayout\" package=\"com.android.systemui\" content-desc=\"\" checkable=\"false\" checked=\"false\" cli...[truncated]
[Fastbot][2026-06-02 15:42:17.380] <-- END HTTP (106277-byte body)
[Fastbot][2026-06-02 15:42:17.425] [ProxyServer] stepsCount: 30
[Fastbot][2026-06-02 15:42:17.425] [ProxyServer] receive request: stepMonkey
[Fastbot][2026-06-02 15:42:17.425] [MonkeySourceApeU2] stepsCount: 30
[Fastbot][2026-06-02 15:42:17.425] [MonkeySourceApeU2] Latest event is MonkeyEvent. Use the cached hierarchy.
[Fastbot][2026-06-02 15:42:17.426] [MonkeySourceApeU2] Successfully Got hierarchy
[Fastbot][2026-06-02 15:42:17.429] // Event id: 365
[Fastbot][2026-06-02 15:42:17.429] topActivity Name: ComponentInfo{de.rampro.activitydiary.debug/de.rampro.activitydiary.ui.history.HistoryDetailActivity}
[Fastbot][2026-06-02 15:42:17.429] // Dumped stringOfGuiTree
[Fastbot][2026-06-02 15:42:17.429] topActivityName: de.rampro.activitydiary.ui.history.HistoryDetailActivity
[Fastbot][2026-06-02 15:42:17.431] action type: SCROLL_TOP_DOWN
[Fastbot][2026-06-02 15:42:17.431] rpc cost time: 2
[Fastbot][2026-06-02 15:42:17.433] :Sending rotation degree=0, persist=false
[Fastbot][2026-06-02 15:42:17.439] :Sending Touch (ACTION_DOWN): 0:(540.0,1008.0)
[Fastbot][2026-06-02 15:42:17.441] :Sending Touch (ACTION_MOVE): 0:(540.0,1008.0)
[Fastbot][2026-06-02 15:42:17.443] Wait Event for 20 milliseconds
[Fastbot][2026-06-02 15:42:17.466] :Sending Touch (ACTION_MOVE): 0:(540.0,1108.7)
[Fastbot][2026-06-02 15:42:17.467] Wait Event for 20 milliseconds
[Fastbot][2026-06-02 15:42:17.502] :Sending Touch (ACTION_MOVE): 0:(540.0,1209.4)
[Fastbot][2026-06-02 15:42:17.503] Wait Event for 20 milliseconds
[Fastbot][2026-06-02 15:42:17.525] :Sending Touch (ACTION_MOVE): 0:(540.0,1310.1)
[Fastbot][2026-06-02 15:42:17.527] Wait Event for 20 milliseconds
[Fastbot][2026-06-02 15:42:17.551] :Sending Touch (ACTION_MOVE): 0:(540.0,1410.8)
[Fastbot][2026-06-02 15:42:17.552] Wait Event for 20 milliseconds
[Fastbot][2026-06-02 15:42:17.574] :Sending Touch (ACTION_MOVE): 0:(540.0,1511.5)
[Fastbot][2026-06-02 15:42:17.575] Wait Event for 20 milliseconds
[Fastbot][2026-06-02 15:42:17.597] :Sending Touch (ACTION_MOVE): 0:(540.0,1612.2)
[Fastbot][2026-06-02 15:42:17.598] Wait Event for 20 milliseconds
[Fastbot][2026-06-02 15:42:17.625] :Sending Touch (ACTION_MOVE): 0:(540.0,1712.8999)
[Fastbot][2026-06-02 15:42:17.627] Wait Event for 20 milliseconds
[Fastbot][2026-06-02 15:42:17.666] :Sending Touch (ACTION_MOVE): 0:(540.0,1813.6001)
[Fastbot][2026-06-02 15:42:17.669] Wait Event for 20 milliseconds
[Fastbot][2026-06-02 15:42:17.691] :Sending Touch (ACTION_MOVE): 0:(540.0,1914.3)
[Fastbot][2026-06-02 15:42:17.692] Wait Event for 20 milliseconds
[Fastbot][2026-06-02 15:42:17.715] :Sending Touch (ACTION_UP): 0:(540.0,2015.0)
[Fastbot][2026-06-02 15:42:17.724] Sleeping for 287 milliseconds
[Fastbot][2026-06-02 15:42:18.013] [ProxyServer] Finish monkey step. Dumping hierarchy
[Fastbot][2026-06-02 15:42:18.013] --> POST http://127.0.0.1:9008/jsonrpc/0
[Fastbot][2026-06-02 15:42:18.014] Content-Type: application/json; charset=utf-8
[Fastbot][2026-06-02 15:42:18.014] Content-Length: 75
[Fastbot][2026-06-02 15:42:18.014] 
[Fastbot][2026-06-02 15:42:18.014] {"id":1,"jsonrpc":"2.0","method":"dumpWindowHierarchy","params":[false,50]}
[Fastbot][2026-06-02 15:42:18.014] --> END POST (75-byte body)
[Fastbot][2026-06-02 15:42:18.108] <-- 200 OK  http://127.0.0.1:9008/jsonrpc/0 (94ms)
[Fastbot][2026-06-02 15:42:18.109] Content-Type: application/json
[Fastbot][2026-06-02 15:42:18.109] Date: Tue, 2 Jun 2026 15:42:18 GMT
[Fastbot][2026-06-02 15:42:18.109] Connection: keep-alive
[Fastbot][2026-06-02 15:42:18.109] Transfer-Encoding: chunked
[Fastbot][2026-06-02 15:42:18.111] 
[Fastbot][2026-06-02 15:42:18.112] {"jsonrpc":"2.0","id":1,"result":"<?xml version='1.0' encoding='UTF-8' standalone='yes' ?>\r\n<hierarchy rotation=\"0\">\r\n  <node index=\"0\" text=\"\" resource-id=\"\" class=\"android.widget.FrameLayout\" package=\"com.android.systemui\" content-desc=\"\" checkable=\"false\" checked=\"false\" cli...[truncated]
[Fastbot][2026-06-02 15:42:18.112] <-- END HTTP (102001-byte body)
[Fastbot][2026-06-02 15:42:18.146] [ProxyServer] stepsCount: 31
[Fastbot][2026-06-02 15:42:18.146] [ProxyServer] receive request: stepMonkey
[Fastbot][2026-06-02 15:42:18.146] [MonkeySourceApeU2] stepsCount: 31
[Fastbot][2026-06-02 15:42:18.147] [MonkeySourceApeU2] Latest event is MonkeyEvent. Use the cached hierarchy.
[Fastbot][2026-06-02 15:42:18.147] [MonkeySourceApeU2] Successfully Got hierarchy
[Fastbot][2026-06-02 15:42:18.152] // Event id: 389
[Fastbot][2026-06-02 15:42:18.152] topActivity Name: ComponentInfo{de.rampro.activitydiary.debug/de.rampro.activitydiary.ui.history.HistoryDetailActivity}
[Fastbot][2026-06-02 15:42:18.152] // Dumped stringOfGuiTree
[Fastbot][2026-06-02 15:42:18.153] topActivityName: de.rampro.activitydiary.ui.history.HistoryDetailActivity
[Fastbot][2026-06-02 15:42:18.155] action type: CLICK
[Fastbot][2026-06-02 15:42:18.155] rpc cost time: 3
[Fastbot]*** WARNING *** checkVirtualKeyboard: Input only once.
[Fastbot][2026-06-02 15:42:18.156] :Sending rotation degree=0, persist=false
[Fastbot][2026-06-02 15:42:18.182] :Sending Touch (ACTION_DOWN): 0:(1052.0,774.0)
[Fastbot][2026-06-02 15:42:18.184] :Sending Touch (ACTION_UP): 0:(1052.0,774.0)
[Fastbot][2026-06-02 15:42:18.189] Sleeping for 231 milliseconds
[Fastbot][2026-06-02 15:42:18.422] [ProxyServer] Finish monkey step. Dumping hierarchy
[Fastbot][2026-06-02 15:42:18.422] --> POST http://127.0.0.1:9008/jsonrpc/0
[Fastbot][2026-06-02 15:42:18.422] Content-Type: application/json; charset=utf-8
[Fastbot][2026-06-02 15:42:18.422] Content-Length: 75
[Fastbot][2026-06-02 15:42:18.423] 
[Fastbot][2026-06-02 15:42:18.423] {"id":1,"jsonrpc":"2.0","method":"dumpWindowHierarchy","params":[false,50]}
[Fastbot][2026-06-02 15:42:18.424] --> END POST (75-byte body)
[Fastbot][2026-06-02 15:42:18.834] <-- 200 OK  http://127.0.0.1:9008/jsonrpc/0 (406ms)
[Fastbot][2026-06-02 15:42:18.834] Content-Type: application/json
[Fastbot][2026-06-02 15:42:18.834] Date: Tue, 2 Jun 2026 15:42:18 GMT
[Fastbot][2026-06-02 15:42:18.834] Connection: keep-alive
[Fastbot][2026-06-02 15:42:18.834] Transfer-Encoding: chunked
[Fastbot][2026-06-02 15:42:18.835] 
[Fastbot][2026-06-02 15:42:18.835] {"jsonrpc":"2.0","id":1,"result":"<?xml version='1.0' encoding='UTF-8' standalone='yes' ?>\r\n<hierarchy rotation=\"0\">\r\n  <node index=\"0\" text=\"\" resource-id=\"\" class=\"android.widget.FrameLayout\" package=\"com.android.systemui\" content-desc=\"\" checkable=\"false\" checked=\"false\" cli...[truncated]
[Fastbot][2026-06-02 15:42:18.835] <-- END HTTP (37206-byte body)
[Fastbot][2026-06-02 15:42:18.894] [ProxyServer] stepsCount: 32
[Fastbot][2026-06-02 15:42:18.894] [ProxyServer] receive request: stepMonkey
[Fastbot][2026-06-02 15:42:18.895] [MonkeySourceApeU2] stepsCount: 32
[Fastbot][2026-06-02 15:42:18.895] [MonkeySourceApeU2] Latest event is MonkeyEvent. Use the cached hierarchy.
[Fastbot][2026-06-02 15:42:18.895] [MonkeySourceApeU2] Successfully Got hierarchy
[Fastbot][2026-06-02 15:42:18.898] // Event id: 393
[Fastbot][2026-06-02 15:42:18.898] topActivity Name: ComponentInfo{de.rampro.activitydiary.debug/de.rampro.activitydiary.ui.history.HistoryDetailActivity}
[Fastbot][2026-06-02 15:42:18.898] // Dumped stringOfGuiTree
[Fastbot][2026-06-02 15:42:18.898] topActivityName: de.rampro.activitydiary.ui.history.HistoryDetailActivity
[Fastbot][2026-06-02 15:42:18.899] action type: CLICK
[Fastbot][2026-06-02 15:42:18.899] rpc cost time: 1
[Fastbot]*** WARNING *** checkVirtualKeyboard: Input only once.
[Fastbot][2026-06-02 15:42:18.901] :Sending rotation degree=0, persist=false
[Fastbot][2026-06-02 15:42:18.906] :Sending Touch (ACTION_DOWN): 0:(342.0,802.0)
[Fastbot][2026-06-02 15:42:18.909] :Sending Touch (ACTION_UP): 0:(342.0,802.0)
[Fastbot][2026-06-02 15:42:18.912] Sleeping for 231 milliseconds
[Fastbot][2026-06-02 15:42:19.146] [ProxyServer] Finish monkey step. Dumping hierarchy
[Fastbot][2026-06-02 15:42:19.147] --> POST http://127.0.0.1:9008/jsonrpc/0
[Fastbot][2026-06-02 15:42:19.147] Content-Type: application/json; charset=utf-8
[Fastbot][2026-06-02 15:42:19.147] Content-Length: 75
[Fastbot][2026-06-02 15:42:19.148] 
[Fastbot][2026-06-02 15:42:19.148] {"id":1,"jsonrpc":"2.0","method":"dumpWindowHierarchy","params":[false,50]}
[Fastbot][2026-06-02 15:42:19.148] --> END POST (75-byte body)
[Fastbot][2026-06-02 15:42:19.196] <-- 200 OK  http://127.0.0.1:9008/jsonrpc/0 (47ms)
[Fastbot][2026-06-02 15:42:19.196] Content-Type: application/json
[Fastbot][2026-06-02 15:42:19.196] Date: Tue, 2 Jun 2026 15:42:19 GMT
[Fastbot][2026-06-02 15:42:19.197] Connection: keep-alive
[Fastbot][2026-06-02 15:42:19.197] Transfer-Encoding: chunked
[Fastbot][2026-06-02 15:42:19.199] 
[Fastbot][2026-06-02 15:42:19.199] {"jsonrpc":"2.0","id":1,"result":"<?xml version='1.0' encoding='UTF-8' standalone='yes' ?>\r\n<hierarchy rotation=\"0\">\r\n  <node index=\"0\" text=\"\" resource-id=\"\" class=\"android.widget.FrameLayout\" package=\"com.android.systemui\" content-desc=\"\" checkable=\"false\" checked=\"false\" cli...[truncated]
[Fastbot][2026-06-02 15:42:19.200] <-- END HTTP (37206-byte body)
[Fastbot][2026-06-02 15:42:19.253] [ProxyServer] stepsCount: 33
[Fastbot][2026-06-02 15:42:19.253] [ProxyServer] receive request: stepMonkey
[Fastbot][2026-06-02 15:42:19.254] [MonkeySourceApeU2] stepsCount: 33
[Fastbot][2026-06-02 15:42:19.254] [MonkeySourceApeU2] Latest event is MonkeyEvent. Use the cached hierarchy.
[Fastbot][2026-06-02 15:42:19.254] [MonkeySourceApeU2] Successfully Got hierarchy
[Fastbot][2026-06-02 15:42:19.256] // Event id: 397
[Fastbot][2026-06-02 15:42:19.257] topActivity Name: ComponentInfo{de.rampro.activitydiary.debug/de.rampro.activitydiary.ui.history.HistoryDetailActivity}
[Fastbot][2026-06-02 15:42:19.257] // Dumped stringOfGuiTree
[Fastbot][2026-06-02 15:42:19.257] topActivityName: de.rampro.activitydiary.ui.history.HistoryDetailActivity
[Fastbot][2026-06-02 15:42:19.258] action type: CLICK
[Fastbot][2026-06-02 15:42:19.258] rpc cost time: 1
[Fastbot]*** WARNING *** checkVirtualKeyboard: Input only once.
[Fastbot][2026-06-02 15:42:19.259] :Sending rotation degree=0, persist=false
[Fastbot][2026-06-02 15:42:19.282] :Sending Touch (ACTION_DOWN): 0:(515.0,1563.0)
[Fastbot][2026-06-02 15:42:19.285] :Sending Touch (ACTION_UP): 0:(515.0,1563.0)
[Fastbot][2026-06-02 15:42:19.290] Sleeping for 264 milliseconds
[Fastbot][2026-06-02 15:42:19.556] [ProxyServer] Finish monkey step. Dumping hierarchy
[Fastbot][2026-06-02 15:42:19.557] --> POST http://127.0.0.1:9008/jsonrpc/0
[Fastbot][2026-06-02 15:42:19.557] Content-Type: application/json; charset=utf-8
[Fastbot][2026-06-02 15:42:19.557] Content-Length: 75
[Fastbot][2026-06-02 15:42:19.557] 
[Fastbot][2026-06-02 15:42:19.558] {"id":1,"jsonrpc":"2.0","method":"dumpWindowHierarchy","params":[false,50]}
[Fastbot][2026-06-02 15:42:19.558] --> END POST (75-byte body)
[Fastbot][2026-06-02 15:42:19.610] <-- 200 OK  http://127.0.0.1:9008/jsonrpc/0 (51ms)
[Fastbot][2026-06-02 15:42:19.610] Content-Type: application/json
[Fastbot][2026-06-02 15:42:19.610] Date: Tue, 2 Jun 2026 15:42:19 GMT
[Fastbot][2026-06-02 15:42:19.610] Connection: keep-alive
[Fastbot][2026-06-02 15:42:19.610] Transfer-Encoding: chunked
[Fastbot][2026-06-02 15:42:19.624] 
[Fastbot][2026-06-02 15:42:19.625] {"jsonrpc":"2.0","id":1,"result":"<?xml version='1.0' encoding='UTF-8' standalone='yes' ?>\r\n<hierarchy rotation=\"0\">\r\n  <node index=\"0\" text=\"\" resource-id=\"\" class=\"android.widget.FrameLayout\" package=\"com.android.systemui\" content-desc=\"\" checkable=\"false\" checked=\"false\" cli...[truncated]
[Fastbot][2026-06-02 15:42:19.625] <-- END HTTP (35336-byte body)
[Fastbot][2026-06-02 15:42:19.660] [ProxyServer] stepsCount: 34
[Fastbot][2026-06-02 15:42:19.661] [ProxyServer] receive request: stepMonkey
[Fastbot][2026-06-02 15:42:19.661] [MonkeySourceApeU2] stepsCount: 34
[Fastbot][2026-06-02 15:42:19.662] [MonkeySourceApeU2] Latest event is MonkeyEvent. Use the cached hierarchy.
[Fastbot][2026-06-02 15:42:19.662] [MonkeySourceApeU2] Successfully Got hierarchy
[Fastbot][2026-06-02 15:42:19.664] // Event id: 401
[Fastbot][2026-06-02 15:42:19.664] topActivity Name: ComponentInfo{de.rampro.activitydiary.debug/de.rampro.activitydiary.ui.history.HistoryDetailActivity}
[Fastbot][2026-06-02 15:42:19.664] // Dumped stringOfGuiTree
[Fastbot][2026-06-02 15:42:19.664] topActivityName: de.rampro.activitydiary.ui.history.HistoryDetailActivity
[Fastbot][2026-06-02 15:42:19.666] action type: CLICK
[Fastbot][2026-06-02 15:42:19.666] rpc cost time: 2
[Fastbot]*** WARNING *** checkVirtualKeyboard: Input only once.
[Fastbot][2026-06-02 15:42:19.668] :Sending rotation degree=0, persist=false
[Fastbot][2026-06-02 15:42:19.673] :Sending Touch (ACTION_DOWN): 0:(1079.0,143.0)
[Fastbot][2026-06-02 15:42:19.674] :Sending Touch (ACTION_UP): 0:(1079.0,143.0)
[Fastbot][2026-06-02 15:42:19.676] Sleeping for 264 milliseconds
[Fastbot][2026-06-02 15:42:19.942] [ProxyServer] Finish monkey step. Dumping hierarchy
[Fastbot][2026-06-02 15:42:19.943] --> POST http://127.0.0.1:9008/jsonrpc/0
[Fastbot][2026-06-02 15:42:19.943] Content-Type: application/json; charset=utf-8
[Fastbot][2026-06-02 15:42:19.943] Content-Length: 75
[Fastbot][2026-06-02 15:42:19.944] 
[Fastbot][2026-06-02 15:42:19.944] {"id":1,"jsonrpc":"2.0","method":"dumpWindowHierarchy","params":[false,50]}
[Fastbot][2026-06-02 15:42:19.944] --> END POST (75-byte body)
[Fastbot][2026-06-02 15:42:20.835] <-- 200 OK  http://127.0.0.1:9008/jsonrpc/0 (891ms)
[Fastbot][2026-06-02 15:42:20.836] Content-Type: application/json
[Fastbot][2026-06-02 15:42:20.836] Date: Tue, 2 Jun 2026 15:42:20 GMT
[Fastbot][2026-06-02 15:42:20.836] Connection: keep-alive
[Fastbot][2026-06-02 15:42:20.836] Transfer-Encoding: chunked
[Fastbot][2026-06-02 15:42:20.842] 
[Fastbot][2026-06-02 15:42:20.842] {"jsonrpc":"2.0","id":1,"result":"<?xml version='1.0' encoding='UTF-8' standalone='yes' ?>\r\n<hierarchy rotation=\"0\">\r\n  <node index=\"0\" text=\"\" resource-id=\"\" class=\"android.widget.FrameLayout\" package=\"com.android.systemui\" content-desc=\"\" checkable=\"false\" checked=\"false\" cli...[truncated]
[Fastbot][2026-06-02 15:42:20.843] <-- END HTTP (42428-byte body)
[Fastbot][2026-06-02 15:42:20.890] [ProxyServer] stepsCount: 35
[Fastbot][2026-06-02 15:42:20.891] [ProxyServer] receive request: stepMonkey
[Fastbot][2026-06-02 15:42:20.891] [MonkeySourceApeU2] stepsCount: 35
[Fastbot][2026-06-02 15:42:20.891] [MonkeySourceApeU2] Latest event is MonkeyEvent. Use the cached hierarchy.
[Fastbot][2026-06-02 15:42:20.891] [MonkeySourceApeU2] Successfully Got hierarchy
[Fastbot][2026-06-02 15:42:20.893] // Event id: 405
[Fastbot][2026-06-02 15:42:20.893] topActivity Name: ComponentInfo{de.rampro.activitydiary.debug/de.rampro.activitydiary.ui.history.HistoryDetailActivity}
[Fastbot][2026-06-02 15:42:20.893] // Dumped stringOfGuiTree
[Fastbot][2026-06-02 15:42:20.893] topActivityName: de.rampro.activitydiary.ui.history.HistoryDetailActivity
[Fastbot][2026-06-02 15:42:20.896] action type: CLICK
[Fastbot][2026-06-02 15:42:20.896] rpc cost time: 3
[Fastbot]*** WARNING *** checkVirtualKeyboard: Input only once.
[Fastbot][2026-06-02 15:42:20.898] :Sending rotation degree=0, persist=false
[Fastbot][2026-06-02 15:42:20.906] :Sending Touch (ACTION_DOWN): 0:(117.0,580.0)
[Fastbot][2026-06-02 15:42:20.908] :Sending Touch (ACTION_UP): 0:(117.0,580.0)
[Fastbot][2026-06-02 15:42:20.912] Sleeping for 274 milliseconds
[Fastbot][2026-06-02 15:42:21.188] [ProxyServer] Finish monkey step. Dumping hierarchy
[Fastbot][2026-06-02 15:42:21.189] --> POST http://127.0.0.1:9008/jsonrpc/0
[Fastbot][2026-06-02 15:42:21.189] Content-Type: application/json; charset=utf-8
[Fastbot][2026-06-02 15:42:21.189] Content-Length: 75
[Fastbot][2026-06-02 15:42:21.189] 
[Fastbot][2026-06-02 15:42:21.190] {"id":1,"jsonrpc":"2.0","method":"dumpWindowHierarchy","params":[false,50]}
[Fastbot][2026-06-02 15:42:21.190] --> END POST (75-byte body)
[Fastbot][2026-06-02 15:42:21.567] <-- 200 OK  http://127.0.0.1:9008/jsonrpc/0 (377ms)
[Fastbot][2026-06-02 15:42:21.567] Content-Type: application/json
[Fastbot][2026-06-02 15:42:21.567] Date: Tue, 2 Jun 2026 15:42:21 GMT
[Fastbot][2026-06-02 15:42:21.567] Connection: keep-alive
[Fastbot][2026-06-02 15:42:21.568] Transfer-Encoding: chunked
[Fastbot][2026-06-02 15:42:21.570] 
[Fastbot][2026-06-02 15:42:21.570] {"jsonrpc":"2.0","id":1,"result":"<?xml version='1.0' encoding='UTF-8' standalone='yes' ?>\r\n<hierarchy rotation=\"0\">\r\n  <node index=\"0\" text=\"\" resource-id=\"\" class=\"android.widget.FrameLayout\" package=\"com.android.systemui\" content-desc=\"\" checkable=\"false\" checked=\"false\" cli...[truncated]
[Fastbot][2026-06-02 15:42:21.571] <-- END HTTP (45314-byte body)
[Fastbot][2026-06-02 15:42:21.641] [ProxyServer] stepsCount: 36
[Fastbot][2026-06-02 15:42:21.641] [ProxyServer] receive request: stepMonkey
[Fastbot][2026-06-02 15:42:21.641] [MonkeySourceApeU2] stepsCount: 36
[Fastbot][2026-06-02 15:42:21.641] [MonkeySourceApeU2] Latest event is MonkeyEvent. Use the cached hierarchy.
[Fastbot][2026-06-02 15:42:21.642] [MonkeySourceApeU2] Successfully Got hierarchy
[Fastbot][2026-06-02 15:42:21.646] // Event id: 409
[Fastbot][2026-06-02 15:42:21.647] topActivity Name: ComponentInfo{de.rampro.activitydiary.debug/de.rampro.activitydiary.ui.history.HistoryDetailActivity}
[Fastbot][2026-06-02 15:42:21.647] // Dumped stringOfGuiTree
[Fastbot][2026-06-02 15:42:21.647] topActivityName: de.rampro.activitydiary.ui.history.HistoryDetailActivity
[Fastbot][2026-06-02 15:42:21.650] action type: CLICK
[Fastbot][2026-06-02 15:42:21.650] rpc cost time: 3
[Fastbot]*** WARNING *** checkVirtualKeyboard: Input only once.
[Fastbot][2026-06-02 15:42:21.651] :Sending rotation degree=0, persist=false
[Fastbot][2026-06-02 15:42:21.657] :Sending Touch (ACTION_DOWN): 0:(272.0,750.0)
[Fastbot][2026-06-02 15:42:21.659] :Sending Touch (ACTION_UP): 0:(272.0,750.0)
[Fastbot][2026-06-02 15:42:21.682] Sleeping for 281 milliseconds
[Fastbot][2026-06-02 15:42:21.966] [ProxyServer] Finish monkey step. Dumping hierarchy
[Fastbot][2026-06-02 15:42:21.966] --> POST http://127.0.0.1:9008/jsonrpc/0
[Fastbot][2026-06-02 15:42:21.967] Content-Type: application/json; charset=utf-8
[Fastbot][2026-06-02 15:42:21.967] Content-Length: 75
[Fastbot][2026-06-02 15:42:21.967] 
[Fastbot][2026-06-02 15:42:21.967] {"id":1,"jsonrpc":"2.0","method":"dumpWindowHierarchy","params":[false,50]}
[Fastbot][2026-06-02 15:42:21.968] --> END POST (75-byte body)
[Fastbot][2026-06-02 15:42:22.048] <-- 200 OK  http://127.0.0.1:9008/jsonrpc/0 (80ms)
[Fastbot][2026-06-02 15:42:22.049] Content-Type: application/json
[Fastbot][2026-06-02 15:42:22.049] Date: Tue, 2 Jun 2026 15:42:22 GMT
[Fastbot][2026-06-02 15:42:22.049] Connection: keep-alive
[Fastbot][2026-06-02 15:42:22.049] Transfer-Encoding: chunked
[Fastbot][2026-06-02 15:42:22.050] 
[Fastbot][2026-06-02 15:42:22.050] {"jsonrpc":"2.0","id":1,"result":"<?xml version='1.0' encoding='UTF-8' standalone='yes' ?>\r\n<hierarchy rotation=\"0\">\r\n  <node index=\"0\" text=\"\" resource-id=\"\" class=\"android.widget.FrameLayout\" package=\"com.android.systemui\" content-desc=\"\" checkable=\"false\" checked=\"false\" cli...[truncated]
[Fastbot][2026-06-02 15:42:22.050] <-- END HTTP (45724-byte body)
[Fastbot][2026-06-02 15:42:22.093] [ProxyServer] stepsCount: 37
[Fastbot][2026-06-02 15:42:22.093] [ProxyServer] receive request: stepMonkey
[Fastbot][2026-06-02 15:42:22.093] [MonkeySourceApeU2] stepsCount: 37
[Fastbot][2026-06-02 15:42:22.094] [MonkeySourceApeU2] Latest event is MonkeyEvent. Use the cached hierarchy.
[Fastbot][2026-06-02 15:42:22.095] [MonkeySourceApeU2] Successfully Got hierarchy
[Fastbot][2026-06-02 15:42:22.115] // Event id: 413
[Fastbot][2026-06-02 15:42:22.115] topActivity Name: ComponentInfo{de.rampro.activitydiary.debug/de.rampro.activitydiary.ui.history.HistoryDetailActivity}
[Fastbot][2026-06-02 15:42:22.116] // Dumped stringOfGuiTree
[Fastbot][2026-06-02 15:42:22.116] topActivityName: de.rampro.activitydiary.ui.history.HistoryDetailActivity
[Fastbot][2026-06-02 15:42:22.120] action type: SCROLL_RIGHT_LEFT
[Fastbot][2026-06-02 15:42:22.120] rpc cost time: 5
[Fastbot][2026-06-02 15:42:22.122] :Sending rotation degree=0, persist=false
[Fastbot][2026-06-02 15:42:22.154] :Sending Touch (ACTION_DOWN): 0:(518.0,1182.0)
[Fastbot][2026-06-02 15:42:22.174] :Sending Touch (ACTION_MOVE): 0:(518.0,1182.0)
[Fastbot][2026-06-02 15:42:22.176] Wait Event for 20 milliseconds
[Fastbot][2026-06-02 15:42:22.197] :Sending Touch (ACTION_MOVE): 0:(466.2,1182.0)
[Fastbot][2026-06-02 15:42:22.200] Wait Event for 20 milliseconds
[Fastbot][2026-06-02 15:42:22.242] :Sending Touch (ACTION_MOVE): 0:(414.4,1182.0)
[Fastbot][2026-06-02 15:42:22.245] Wait Event for 20 milliseconds
[Fastbot][2026-06-02 15:42:22.277] :Sending Touch (ACTION_MOVE): 0:(362.59998,1182.0)
[Fastbot][2026-06-02 15:42:22.280] Wait Event for 20 milliseconds
[Fastbot][2026-06-02 15:42:22.306] :Sending Touch (ACTION_MOVE): 0:(310.8,1182.0)
[Fastbot][2026-06-02 15:42:22.308] Wait Event for 20 milliseconds
[Fastbot][2026-06-02 15:42:22.357] :Sending Touch (ACTION_MOVE): 0:(259.0,1182.0)
[Fastbot][2026-06-02 15:42:22.362] Wait Event for 20 milliseconds
[Fastbot][2026-06-02 15:42:22.386] :Sending Touch (ACTION_MOVE): 0:(207.19998,1182.0)
[Fastbot][2026-06-02 15:42:22.388] Wait Event for 20 milliseconds
[Fastbot][2026-06-02 15:42:22.410] :Sending Touch (ACTION_MOVE): 0:(155.4,1182.0)
[Fastbot][2026-06-02 15:42:22.426] Wait Event for 20 milliseconds
[Fastbot][2026-06-02 15:42:22.448] :Sending Touch (ACTION_MOVE): 0:(103.600006,1182.0)
[Fastbot][2026-06-02 15:42:22.457] Wait Event for 20 milliseconds
[Fastbot][2026-06-02 15:42:22.480] :Sending Touch (ACTION_MOVE): 0:(51.80002,1182.0)
[Fastbot][2026-06-02 15:42:22.482] Wait Event for 20 milliseconds
[Fastbot][2026-06-02 15:42:22.505] :Sending Touch (ACTION_UP): 0:(0.0,1182.0)
[Fastbot][2026-06-02 15:42:22.514] Sleeping for 229 milliseconds
[Fastbot][2026-06-02 15:42:22.745] [ProxyServer] Finish monkey step. Dumping hierarchy
[Fastbot][2026-06-02 15:42:22.746] --> POST http://127.0.0.1:9008/jsonrpc/0
[Fastbot][2026-06-02 15:42:22.746] Content-Type: application/json; charset=utf-8
[Fastbot][2026-06-02 15:42:22.746] Content-Length: 75
[Fastbot][2026-06-02 15:42:22.746] 
[Fastbot][2026-06-02 15:42:22.746] {"id":1,"jsonrpc":"2.0","method":"dumpWindowHierarchy","params":[false,50]}
[Fastbot][2026-06-02 15:42:22.746] --> END POST (75-byte body)
[Fastbot][2026-06-02 15:42:23.293] <-- 200 OK  http://127.0.0.1:9008/jsonrpc/0 (546ms)
[Fastbot][2026-06-02 15:42:23.293] Content-Type: application/json
[Fastbot][2026-06-02 15:42:23.293] Date: Tue, 2 Jun 2026 15:42:23 GMT
[Fastbot][2026-06-02 15:42:23.293] Connection: keep-alive
[Fastbot][2026-06-02 15:42:23.293] Transfer-Encoding: chunked
[Fastbot][2026-06-02 15:42:23.296] 
[Fastbot][2026-06-02 15:42:23.296] {"jsonrpc":"2.0","id":1,"result":"<?xml version='1.0' encoding='UTF-8' standalone='yes' ?>\r\n<hierarchy rotation=\"0\">\r\n  <node index=\"0\" text=\"\" resource-id=\"\" class=\"android.widget.FrameLayout\" package=\"com.android.systemui\" content-desc=\"\" checkable=\"false\" checked=\"false\" cli...[truncated]
[Fastbot][2026-06-02 15:42:23.296] <-- END HTTP (45752-byte body)
[Fastbot][2026-06-02 15:42:23.359] [ProxyServer] stepsCount: 38
[Fastbot][2026-06-02 15:42:23.360] [ProxyServer] receive request: stepMonkey
[Fastbot][2026-06-02 15:42:23.360] [MonkeySourceApeU2] stepsCount: 38
[Fastbot][2026-06-02 15:42:23.360] [MonkeySourceApeU2] Latest event is MonkeyEvent. Use the cached hierarchy.
[Fastbot][2026-06-02 15:42:23.361] [MonkeySourceApeU2] Successfully Got hierarchy
[Fastbot][2026-06-02 15:42:23.362] // Event id: 437
[Fastbot][2026-06-02 15:42:23.362] topActivity Name: ComponentInfo{de.rampro.activitydiary.debug/de.rampro.activitydiary.ui.history.HistoryDetailActivity}
[Fastbot][2026-06-02 15:42:23.362] // Dumped stringOfGuiTree
[Fastbot][2026-06-02 15:42:23.363] topActivityName: de.rampro.activitydiary.ui.history.HistoryDetailActivity
[Fastbot][2026-06-02 15:42:23.365] action type: CLICK
[Fastbot][2026-06-02 15:42:23.366] rpc cost time: 4
[Fastbot]*** WARNING *** checkVirtualKeyboard: Input only once.
[Fastbot][2026-06-02 15:42:23.367] :Sending rotation degree=0, persist=false
[Fastbot][2026-06-02 15:42:23.374] :Sending Touch (ACTION_DOWN): 0:(219.0,599.0)
[Fastbot][2026-06-02 15:42:23.376]     //[calendar_time:2026-06-02 15:42:23.376  system_uptime:43614440]
[Fastbot][2026-06-02 15:42:23.376]     // Sending event #400
[Fastbot][2026-06-02 15:42:23.378] :Sending Touch (ACTION_UP): 0:(219.0,599.0)
[Fastbot][2026-06-02 15:42:23.387] Sleeping for 263 milliseconds
[Fastbot][2026-06-02 15:42:23.652] [ProxyServer] Finish monkey step. Dumping hierarchy
[Fastbot][2026-06-02 15:42:23.653] --> POST http://127.0.0.1:9008/jsonrpc/0
[Fastbot][2026-06-02 15:42:23.653] Content-Type: application/json; charset=utf-8
[Fastbot][2026-06-02 15:42:23.653] Content-Length: 75
[Fastbot][2026-06-02 15:42:23.653] 
[Fastbot][2026-06-02 15:42:23.653] {"id":1,"jsonrpc":"2.0","method":"dumpWindowHierarchy","params":[false,50]}
[Fastbot][2026-06-02 15:42:23.653] --> END POST (75-byte body)
[Fastbot][2026-06-02 15:42:23.692] <-- 200 OK  http://127.0.0.1:9008/jsonrpc/0 (38ms)
[Fastbot][2026-06-02 15:42:23.692] Content-Type: application/json
[Fastbot][2026-06-02 15:42:23.692] Date: Tue, 2 Jun 2026 15:42:23 GMT
[Fastbot][2026-06-02 15:42:23.692] Connection: keep-alive
[Fastbot][2026-06-02 15:42:23.692] Transfer-Encoding: chunked
[Fastbot][2026-06-02 15:42:23.693] 
[Fastbot][2026-06-02 15:42:23.693] {"jsonrpc":"2.0","id":1,"result":"<?xml version='1.0' encoding='UTF-8' standalone='yes' ?>\r\n<hierarchy rotation=\"0\">\r\n  <node index=\"0\" text=\"\" resource-id=\"\" class=\"android.widget.FrameLayout\" package=\"com.android.systemui\" content-desc=\"\" checkable=\"false\" checked=\"false\" cli...[truncated]
[Fastbot][2026-06-02 15:42:23.693] <-- END HTTP (45314-byte body)
[Fastbot][2026-06-02 15:42:23.737] [ProxyServer] stepsCount: 39
[Fastbot][2026-06-02 15:42:23.737] [ProxyServer] receive request: stepMonkey
[Fastbot][2026-06-02 15:42:23.737] [MonkeySourceApeU2] stepsCount: 39
[Fastbot][2026-06-02 15:42:23.737] [MonkeySourceApeU2] Latest event is MonkeyEvent. Use the cached hierarchy.
[Fastbot][2026-06-02 15:42:23.738] [MonkeySourceApeU2] Successfully Got hierarchy
[Fastbot][2026-06-02 15:42:23.740] // Event id: 441
[Fastbot][2026-06-02 15:42:23.741] topActivity Name: ComponentInfo{de.rampro.activitydiary.debug/de.rampro.activitydiary.ui.history.HistoryDetailActivity}
[Fastbot][2026-06-02 15:42:23.741] // Dumped stringOfGuiTree
[Fastbot][2026-06-02 15:42:23.741] topActivityName: de.rampro.activitydiary.ui.history.HistoryDetailActivity
[Fastbot][2026-06-02 15:42:23.743] action type: SCROLL_RIGHT_LEFT
[Fastbot][2026-06-02 15:42:23.743] rpc cost time: 2
[Fastbot][2026-06-02 15:42:23.746] :Sending rotation degree=0, persist=false
[Fastbot][2026-06-02 15:42:23.751] :Sending Touch (ACTION_DOWN): 0:(496.0,1095.5)
[Fastbot][2026-06-02 15:42:23.754] :Sending Touch (ACTION_MOVE): 0:(496.0,1095.5)
[Fastbot][2026-06-02 15:42:23.755] Wait Event for 20 milliseconds
[Fastbot][2026-06-02 15:42:23.781] :Sending Touch (ACTION_MOVE): 0:(446.4,1095.5)
[Fastbot][2026-06-02 15:42:23.782] Wait Event for 20 milliseconds
[Fastbot][2026-06-02 15:42:23.806] :Sending Touch (ACTION_MOVE): 0:(396.8,1095.5)
[Fastbot][2026-06-02 15:42:23.807] Wait Event for 20 milliseconds
[Fastbot][2026-06-02 15:42:23.836] :Sending Touch (ACTION_MOVE): 0:(347.2,1095.5)
[Fastbot][2026-06-02 15:42:23.850] Wait Event for 20 milliseconds
[Fastbot][2026-06-02 15:42:23.907] :Sending Touch (ACTION_MOVE): 0:(297.59998,1095.5)
[Fastbot][2026-06-02 15:42:23.909] Wait Event for 20 milliseconds
[Fastbot][2026-06-02 15:42:23.950] :Sending Touch (ACTION_MOVE): 0:(248.0,1095.5)
[Fastbot][2026-06-02 15:42:23.952] Wait Event for 20 milliseconds
[Fastbot][2026-06-02 15:42:23.975] :Sending Touch (ACTION_MOVE): 0:(198.4,1095.5)
[Fastbot][2026-06-02 15:42:23.976] Wait Event for 20 milliseconds
[Fastbot][2026-06-02 15:42:24.001] :Sending Touch (ACTION_MOVE): 0:(148.80002,1095.5)
[Fastbot][2026-06-02 15:42:24.002] Wait Event for 20 milliseconds
[Fastbot][2026-06-02 15:42:24.025] :Sending Touch (ACTION_MOVE): 0:(99.19998,1095.5)
[Fastbot][2026-06-02 15:42:24.028] Wait Event for 20 milliseconds
[Fastbot][2026-06-02 15:42:24.051] :Sending Touch (ACTION_MOVE): 0:(49.600006,1095.5)
[Fastbot][2026-06-02 15:42:24.052] Wait Event for 20 milliseconds
[Fastbot][2026-06-02 15:42:24.077] :Sending Touch (ACTION_UP): 0:(0.0,1095.5)
[Fastbot][2026-06-02 15:42:24.079] Sleeping for 263 milliseconds
[Fastbot][2026-06-02 15:42:24.346] [ProxyServer] Finish monkey step. Dumping hierarchy
[Fastbot][2026-06-02 15:42:24.375] --> POST http://127.0.0.1:9008/jsonrpc/0
[Fastbot][2026-06-02 15:42:24.375] Content-Type: application/json; charset=utf-8
[Fastbot][2026-06-02 15:42:24.376] Content-Length: 75
[Fastbot][2026-06-02 15:42:24.376] 
[Fastbot][2026-06-02 15:42:24.376] {"id":1,"jsonrpc":"2.0","method":"dumpWindowHierarchy","params":[false,50]}
[Fastbot][2026-06-02 15:42:24.376] --> END POST (75-byte body)
[Fastbot][2026-06-02 15:42:24.905] <-- 200 OK  http://127.0.0.1:9008/jsonrpc/0 (528ms)
[Fastbot][2026-06-02 15:42:24.905] Content-Type: application/json
[Fastbot][2026-06-02 15:42:24.905] Date: Tue, 2 Jun 2026 15:42:24 GMT
[Fastbot][2026-06-02 15:42:24.905] Connection: keep-alive
[Fastbot][2026-06-02 15:42:24.905] Transfer-Encoding: chunked
[Fastbot][2026-06-02 15:42:24.911] 
[Fastbot][2026-06-02 15:42:24.911] {"jsonrpc":"2.0","id":1,"result":"<?xml version='1.0' encoding='UTF-8' standalone='yes' ?>\r\n<hierarchy rotation=\"0\">\r\n  <node index=\"0\" text=\"\" resource-id=\"\" class=\"android.widget.FrameLayout\" package=\"com.android.systemui\" content-desc=\"\" checkable=\"false\" checked=\"false\" cli...[truncated]
[Fastbot][2026-06-02 15:42:24.911] <-- END HTTP (45753-byte body)
[Fastbot][2026-06-02 15:42:24.947] [ProxyServer] stepsCount: 40
[Fastbot][2026-06-02 15:42:24.947] [ProxyServer] receive request: stepMonkey
[Fastbot][2026-06-02 15:42:24.947] [MonkeySourceApeU2] stepsCount: 40
[Fastbot][2026-06-02 15:42:24.948] [MonkeySourceApeU2] Latest event is MonkeyEvent. Use the cached hierarchy.
[Fastbot][2026-06-02 15:42:24.948] [MonkeySourceApeU2] Successfully Got hierarchy
[Fastbot][2026-06-02 15:42:24.950] // Event id: 465
[Fastbot][2026-06-02 15:42:24.951] topActivity Name: ComponentInfo{de.rampro.activitydiary.debug/de.rampro.activitydiary.ui.history.HistoryDetailActivity}
[Fastbot][2026-06-02 15:42:24.951] // Dumped stringOfGuiTree
[Fastbot][2026-06-02 15:42:24.951] topActivityName: de.rampro.activitydiary.ui.history.HistoryDetailActivity
[Fastbot][2026-06-02 15:42:24.954] action type: CLICK
[Fastbot][2026-06-02 15:42:24.954] rpc cost time: 3
[Fastbot]*** WARNING *** checkVirtualKeyboard: Input only once.
[Fastbot][2026-06-02 15:42:24.956] :Sending rotation degree=0, persist=false
[Fastbot][2026-06-02 15:42:24.963] :Sending Touch (ACTION_DOWN): 0:(790.0,780.0)
[Fastbot][2026-06-02 15:42:24.964] :Sending Touch (ACTION_UP): 0:(790.0,780.0)
[Fastbot][2026-06-02 15:42:24.965] Sleeping for 298 milliseconds
[Fastbot][2026-06-02 15:42:25.266] [ProxyServer] Finish monkey step. Dumping hierarchy
[Fastbot][2026-06-02 15:42:25.267] --> POST http://127.0.0.1:9008/jsonrpc/0
[Fastbot][2026-06-02 15:42:25.267] Content-Type: application/json; charset=utf-8
[Fastbot][2026-06-02 15:42:25.267] Content-Length: 75
[Fastbot][2026-06-02 15:42:25.267] 
[Fastbot][2026-06-02 15:42:25.267] {"id":1,"jsonrpc":"2.0","method":"dumpWindowHierarchy","params":[false,50]}
[Fastbot][2026-06-02 15:42:25.267] --> END POST (75-byte body)
[Fastbot][2026-06-02 15:42:25.348] <-- 200 OK  http://127.0.0.1:9008/jsonrpc/0 (80ms)
[Fastbot][2026-06-02 15:42:25.348] Content-Type: application/json
[Fastbot][2026-06-02 15:42:25.348] Date: Tue, 2 Jun 2026 15:42:25 GMT
[Fastbot][2026-06-02 15:42:25.348] Connection: keep-alive
[Fastbot][2026-06-02 15:42:25.348] Transfer-Encoding: chunked
[Fastbot][2026-06-02 15:42:25.352] 
[Fastbot][2026-06-02 15:42:25.352] {"jsonrpc":"2.0","id":1,"result":"<?xml version='1.0' encoding='UTF-8' standalone='yes' ?>\r\n<hierarchy rotation=\"0\">\r\n  <node index=\"0\" text=\"\" resource-id=\"\" class=\"android.widget.FrameLayout\" package=\"com.android.systemui\" content-desc=\"\" checkable=\"false\" checked=\"false\" cli...[truncated]
[Fastbot][2026-06-02 15:42:25.353] <-- END HTTP (45818-byte body)
[Fastbot][2026-06-02 15:42:25.377] [ProxyServer] stepsCount: 41
[Fastbot][2026-06-02 15:42:25.377] [ProxyServer] receive request: stepMonkey
[Fastbot][2026-06-02 15:42:25.377] [MonkeySourceApeU2] stepsCount: 41
[Fastbot][2026-06-02 15:42:25.378] [MonkeySourceApeU2] Latest event is MonkeyEvent. Use the cached hierarchy.
[Fastbot][2026-06-02 15:42:25.378] [MonkeySourceApeU2] Successfully Got hierarchy
[Fastbot][2026-06-02 15:42:25.380] // Event id: 469
[Fastbot][2026-06-02 15:42:25.381] topActivity Name: ComponentInfo{de.rampro.activitydiary.debug/de.rampro.activitydiary.ui.history.HistoryDetailActivity}
[Fastbot][2026-06-02 15:42:25.381] // Dumped stringOfGuiTree
[Fastbot][2026-06-02 15:42:25.381] topActivityName: de.rampro.activitydiary.ui.history.HistoryDetailActivity
[Fastbot][2026-06-02 15:42:25.382] action type: SCROLL_TOP_DOWN
[Fastbot][2026-06-02 15:42:25.383] rpc cost time: 2
[Fastbot][2026-06-02 15:42:25.385] :Sending rotation degree=0, persist=false
[Fastbot][2026-06-02 15:42:25.391] :Sending Touch (ACTION_DOWN): 0:(518.0,1182.0)
[Fastbot][2026-06-02 15:42:25.392] :Sending Touch (ACTION_MOVE): 0:(518.0,1182.0)
[Fastbot][2026-06-02 15:42:25.394] Wait Event for 20 milliseconds
[Fastbot][2026-06-02 15:42:25.440] :Sending Touch (ACTION_MOVE): 0:(518.0,1265.3)
[Fastbot][2026-06-02 15:42:25.441] Wait Event for 20 milliseconds
[Fastbot][2026-06-02 15:42:25.463] :Sending Touch (ACTION_MOVE): 0:(518.0,1348.6)
[Fastbot][2026-06-02 15:42:25.466] Wait Event for 20 milliseconds
[Fastbot][2026-06-02 15:42:25.488] :Sending Touch (ACTION_MOVE): 0:(518.0,1431.9)
[Fastbot][2026-06-02 15:42:25.489] Wait Event for 20 milliseconds
[Fastbot][2026-06-02 15:42:25.510] :Sending Touch (ACTION_MOVE): 0:(518.0,1515.2)
[Fastbot][2026-06-02 15:42:25.513] Wait Event for 20 milliseconds
[Fastbot][2026-06-02 15:42:25.537] :Sending Touch (ACTION_MOVE): 0:(518.0,1598.5)
[Fastbot][2026-06-02 15:42:25.538] Wait Event for 20 milliseconds
[Fastbot][2026-06-02 15:42:25.562] :Sending Touch (ACTION_MOVE): 0:(518.0,1681.8)
[Fastbot][2026-06-02 15:42:25.573] Wait Event for 20 milliseconds
[Fastbot][2026-06-02 15:42:25.596] :Sending Touch (ACTION_MOVE): 0:(518.0,1765.1)
[Fastbot][2026-06-02 15:42:25.598] Wait Event for 20 milliseconds
[Fastbot][2026-06-02 15:42:25.620] :Sending Touch (ACTION_MOVE): 0:(518.0,1848.4)
[Fastbot][2026-06-02 15:42:25.622] Wait Event for 20 milliseconds
[Fastbot][2026-06-02 15:42:25.644] :Sending Touch (ACTION_MOVE): 0:(518.0,1931.7)
[Fastbot][2026-06-02 15:42:25.646] Wait Event for 20 milliseconds
[Fastbot][2026-06-02 15:42:25.668] :Sending Touch (ACTION_UP): 0:(518.0,2015.0)
[Fastbot][2026-06-02 15:42:25.670] Sleeping for 223 milliseconds
[Fastbot][2026-06-02 15:42:25.896] [ProxyServer] Finish monkey step. Dumping hierarchy
[Fastbot][2026-06-02 15:42:25.896] --> POST http://127.0.0.1:9008/jsonrpc/0
[Fastbot][2026-06-02 15:42:25.896] Content-Type: application/json; charset=utf-8
[Fastbot][2026-06-02 15:42:25.896] Content-Length: 75
[Fastbot][2026-06-02 15:42:25.896] 
[Fastbot][2026-06-02 15:42:25.897] {"id":1,"jsonrpc":"2.0","method":"dumpWindowHierarchy","params":[false,50]}
[Fastbot][2026-06-02 15:42:25.897] --> END POST (75-byte body)
[Fastbot][2026-06-02 15:42:25.929] <-- 200 OK  http://127.0.0.1:9008/jsonrpc/0 (32ms)
[Fastbot][2026-06-02 15:42:25.929] Content-Type: application/json
[Fastbot][2026-06-02 15:42:25.929] Date: Tue, 2 Jun 2026 15:42:25 GMT
[Fastbot][2026-06-02 15:42:25.929] Connection: keep-alive
[Fastbot][2026-06-02 15:42:25.929] Transfer-Encoding: chunked
[Fastbot][2026-06-02 15:42:25.930] 
[Fastbot][2026-06-02 15:42:25.930] {"jsonrpc":"2.0","id":1,"result":"<?xml version='1.0' encoding='UTF-8' standalone='yes' ?>\r\n<hierarchy rotation=\"0\">\r\n  <node index=\"0\" text=\"\" resource-id=\"\" class=\"android.widget.FrameLayout\" package=\"com.android.systemui\" content-desc=\"\" checkable=\"false\" checked=\"false\" cli...[truncated]
[Fastbot][2026-06-02 15:42:25.930] <-- END HTTP (45818-byte body)
[Fastbot][2026-06-02 15:42:25.980] [ProxyServer] stepsCount: 42
[Fastbot][2026-06-02 15:42:25.980] [ProxyServer] receive request: stepMonkey
[Fastbot][2026-06-02 15:42:25.981] [MonkeySourceApeU2] stepsCount: 42
[Fastbot][2026-06-02 15:42:25.981] [MonkeySourceApeU2] Latest event is MonkeyEvent. Use the cached hierarchy.
[Fastbot][2026-06-02 15:42:25.981] [MonkeySourceApeU2] Successfully Got hierarchy
[Fastbot][2026-06-02 15:42:25.983] // Event id: 493
[Fastbot][2026-06-02 15:42:25.983] topActivity Name: ComponentInfo{de.rampro.activitydiary.debug/de.rampro.activitydiary.ui.history.HistoryDetailActivity}
[Fastbot][2026-06-02 15:42:25.984] // Dumped stringOfGuiTree
[Fastbot][2026-06-02 15:42:25.984] topActivityName: de.rampro.activitydiary.ui.history.HistoryDetailActivity
[Fastbot][2026-06-02 15:42:25.985] action type: CLICK
[Fastbot][2026-06-02 15:42:25.985] rpc cost time: 1
[Fastbot]*** WARNING *** checkVirtualKeyboard: Input only once.
[Fastbot][2026-06-02 15:42:25.987] :Sending rotation degree=0, persist=false
[Fastbot][2026-06-02 15:42:25.992] :Sending Touch (ACTION_DOWN): 0:(751.0,1729.0)
[Fastbot][2026-06-02 15:42:25.993] :Sending Touch (ACTION_UP): 0:(751.0,1729.0)
[Fastbot][2026-06-02 15:42:26.009] Sleeping for 223 milliseconds
[Fastbot][2026-06-02 15:42:26.244] [ProxyServer] Finish monkey step. Dumping hierarchy
[Fastbot][2026-06-02 15:42:26.255] --> POST http://127.0.0.1:9008/jsonrpc/0
[Fastbot][2026-06-02 15:42:26.256] Content-Type: application/json; charset=utf-8
[Fastbot][2026-06-02 15:42:26.257] Content-Length: 75
[Fastbot][2026-06-02 15:42:26.258] 
[Fastbot][2026-06-02 15:42:26.258] {"id":1,"jsonrpc":"2.0","method":"dumpWindowHierarchy","params":[false,50]}
[Fastbot][2026-06-02 15:42:26.258] --> END POST (75-byte body)
[Fastbot][2026-06-02 15:42:26.294] <-- 200 OK  http://127.0.0.1:9008/jsonrpc/0 (35ms)
[Fastbot][2026-06-02 15:42:26.294] Content-Type: application/json
[Fastbot][2026-06-02 15:42:26.294] Date: Tue, 2 Jun 2026 15:42:26 GMT
[Fastbot][2026-06-02 15:42:26.295] Connection: keep-alive
[Fastbot][2026-06-02 15:42:26.295] Transfer-Encoding: chunked
[Fastbot][2026-06-02 15:42:26.295] 
[Fastbot][2026-06-02 15:42:26.295] {"jsonrpc":"2.0","id":1,"result":"<?xml version='1.0' encoding='UTF-8' standalone='yes' ?>\r\n<hierarchy rotation=\"0\">\r\n  <node index=\"0\" text=\"\" resource-id=\"\" class=\"android.widget.FrameLayout\" package=\"com.android.systemui\" content-desc=\"\" checkable=\"false\" checked=\"false\" cli...[truncated]
[Fastbot][2026-06-02 15:42:26.295] <-- END HTTP (35336-byte body)
[Fastbot][2026-06-02 15:42:26.339] [ProxyServer] stepsCount: 43
[Fastbot][2026-06-02 15:42:26.339] [ProxyServer] receive request: stepMonkey
[Fastbot][2026-06-02 15:42:26.339] [MonkeySourceApeU2] stepsCount: 43
[Fastbot][2026-06-02 15:42:26.339] [MonkeySourceApeU2] Latest event is MonkeyEvent. Use the cached hierarchy.
[Fastbot][2026-06-02 15:42:26.339] [MonkeySourceApeU2] Successfully Got hierarchy
[Fastbot][2026-06-02 15:42:26.341] // Event id: 497
[Fastbot][2026-06-02 15:42:26.342] topActivity Name: ComponentInfo{de.rampro.activitydiary.debug/de.rampro.activitydiary.ui.history.HistoryDetailActivity}
[Fastbot][2026-06-02 15:42:26.342] // Dumped stringOfGuiTree
[Fastbot][2026-06-02 15:42:26.342] topActivityName: de.rampro.activitydiary.ui.history.HistoryDetailActivity
[Fastbot][2026-06-02 15:42:26.344] action type: CLICK
[Fastbot][2026-06-02 15:42:26.344] rpc cost time: 2
[Fastbot]*** WARNING *** checkVirtualKeyboard: Input only once.
[Fastbot][2026-06-02 15:42:26.345] :Sending rotation degree=0, persist=false
[Fastbot][2026-06-02 15:42:26.351] :Sending Touch (ACTION_DOWN): 0:(73.0,1227.0)
[Fastbot][2026-06-02 15:42:26.353] :Sending Touch (ACTION_UP): 0:(73.0,1227.0)
[Fastbot][2026-06-02 15:42:26.355] Sleeping for 265 milliseconds
[Fastbot][2026-06-02 15:42:26.636] [ProxyServer] Finish monkey step. Dumping hierarchy
[Fastbot][2026-06-02 15:42:26.636] --> POST http://127.0.0.1:9008/jsonrpc/0
[Fastbot][2026-06-02 15:42:26.636] Content-Type: application/json; charset=utf-8
[Fastbot][2026-06-02 15:42:26.636] Content-Length: 75
[Fastbot][2026-06-02 15:42:26.636] 
[Fastbot][2026-06-02 15:42:26.636] {"id":1,"jsonrpc":"2.0","method":"dumpWindowHierarchy","params":[false,50]}
[Fastbot][2026-06-02 15:42:26.636] --> END POST (75-byte body)
[Fastbot][2026-06-02 15:42:26.839] <-- 200 OK  http://127.0.0.1:9008/jsonrpc/0 (202ms)
[Fastbot][2026-06-02 15:42:26.839] Content-Type: application/json
[Fastbot][2026-06-02 15:42:26.839] Date: Tue, 2 Jun 2026 15:42:26 GMT
[Fastbot][2026-06-02 15:42:26.839] Connection: keep-alive
[Fastbot][2026-06-02 15:42:26.839] Transfer-Encoding: chunked
[Fastbot][2026-06-02 15:42:26.849] 
[Fastbot][2026-06-02 15:42:26.849] {"jsonrpc":"2.0","id":1,"result":"<?xml version='1.0' encoding='UTF-8' standalone='yes' ?>\r\n<hierarchy rotation=\"0\">\r\n  <node index=\"0\" text=\"\" resource-id=\"\" class=\"android.widget.FrameLayout\" package=\"com.android.systemui\" content-desc=\"\" checkable=\"false\" checked=\"false\" cli...[truncated]
[Fastbot][2026-06-02 15:42:26.849] <-- END HTTP (102001-byte body)
[Fastbot][2026-06-02 15:42:26.895] [ProxyServer] stepsCount: 44
[Fastbot][2026-06-02 15:42:26.896] [ProxyServer] receive request: stepMonkey
[Fastbot][2026-06-02 15:42:26.896] [MonkeySourceApeU2] stepsCount: 44
[Fastbot][2026-06-02 15:42:26.896] [MonkeySourceApeU2] Latest event is MonkeyEvent. Use the cached hierarchy.
[Fastbot][2026-06-02 15:42:26.897] [MonkeySourceApeU2] Successfully Got hierarchy
[Fastbot][2026-06-02 15:42:26.899] // Event id: 501
[Fastbot][2026-06-02 15:42:26.899] topActivity Name: ComponentInfo{de.rampro.activitydiary.debug/de.rampro.activitydiary.ui.history.HistoryDetailActivity}
[Fastbot][2026-06-02 15:42:26.899] // Dumped stringOfGuiTree
[Fastbot][2026-06-02 15:42:26.899] topActivityName: de.rampro.activitydiary.ui.history.HistoryDetailActivity
[Fastbot][2026-06-02 15:42:26.902] action type: CLICK
[Fastbot][2026-06-02 15:42:26.902] rpc cost time: 3
[Fastbot]*** WARNING *** checkVirtualKeyboard: Input only once.
[Fastbot][2026-06-02 15:42:26.904] :Sending rotation degree=0, persist=false
[Fastbot][2026-06-02 15:42:26.923] :Sending Touch (ACTION_DOWN): 0:(147.0,171.0)
[Fastbot][2026-06-02 15:42:26.929] :Sending Touch (ACTION_UP): 0:(147.0,171.0)
[Fastbot][2026-06-02 15:42:26.931] Sleeping for 265 milliseconds
[Fastbot][2026-06-02 15:42:26.968]     // activityResuming(de.rampro.activitydiary.debug)
[Fastbot][2026-06-02 15:42:26.970]     // activityResuming(de.rampro.activitydiary.debug)
[Fastbot][2026-06-02 15:42:27.197] // [Monkey] current activity is de.rampro.activitydiary.ui.main.MainActivity
[Fastbot][2026-06-02 15:42:27.199] [ProxyServer] Finish monkey step. Dumping hierarchy
[Fastbot][2026-06-02 15:42:27.199] --> POST http://127.0.0.1:9008/jsonrpc/0
[Fastbot][2026-06-02 15:42:27.200] Content-Type: application/json; charset=utf-8
[Fastbot][2026-06-02 15:42:27.200] Content-Length: 75
[Fastbot][2026-06-02 15:42:27.200] 
[Fastbot][2026-06-02 15:42:27.200] {"id":1,"jsonrpc":"2.0","method":"dumpWindowHierarchy","params":[false,50]}
[Fastbot][2026-06-02 15:42:27.200] --> END POST (75-byte body)
[Fastbot][2026-06-02 15:42:27.938] <-- 200 OK  http://127.0.0.1:9008/jsonrpc/0 (737ms)
[Fastbot][2026-06-02 15:42:27.939] Content-Type: application/json
[Fastbot][2026-06-02 15:42:27.939] Date: Tue, 2 Jun 2026 15:42:27 GMT
[Fastbot][2026-06-02 15:42:27.939] Connection: keep-alive
[Fastbot][2026-06-02 15:42:27.939] Transfer-Encoding: chunked
[Fastbot][2026-06-02 15:42:27.941] 
[Fastbot][2026-06-02 15:42:27.941] {"jsonrpc":"2.0","id":1,"result":"<?xml version='1.0' encoding='UTF-8' standalone='yes' ?>\r\n<hierarchy rotation=\"0\">\r\n  <node index=\"0\" text=\"\" resource-id=\"\" class=\"android.widget.FrameLayout\" package=\"com.android.systemui\" content-desc=\"\" checkable=\"false\" checked=\"false\" cli...[truncated]
[Fastbot][2026-06-02 15:42:27.941] <-- END HTTP (49928-byte body)
[Fastbot][2026-06-02 15:42:27.998] [Proxy Server] Forwarding
[Fastbot][2026-06-02 15:42:27.999] --> POST http://127.0.0.1:9008/jsonrpc/0
[Fastbot][2026-06-02 15:42:27.999] Content-Type: application/json; charset=utf-8
[Fastbot][2026-06-02 15:42:27.999] Content-Length: 224
[Fastbot][2026-06-02 15:42:27.999] 
[Fastbot][2026-06-02 15:42:28.000] {"jsonrpc": "2.0", "id": 1, "method": "waitForExists", "params": [{"mask": 18874368, "childOrSibling": [], "childOrSiblingSelector": [], "resourceId": "de.rampro.activitydiary.debug:id/activity_name", "instance": 1}, 20000]}
[Fastbot][2026-06-02 15:42:28.000] --> END POST (224-byte body)
[Fastbot][2026-06-02 15:42:28.008] <-- 200 OK  http://127.0.0.1:9008/jsonrpc/0 (7ms)
[Fastbot][2026-06-02 15:42:28.008] Content-Type: application/json
[Fastbot][2026-06-02 15:42:28.009] Date: Tue, 2 Jun 2026 15:42:28 GMT
[Fastbot][2026-06-02 15:42:28.009] Connection: keep-alive
[Fastbot][2026-06-02 15:42:28.009] Transfer-Encoding: chunked
[Fastbot][2026-06-02 15:42:28.010] 
[Fastbot][2026-06-02 15:42:28.010] {"jsonrpc":"2.0","id":1,"result":true}

[Fastbot][2026-06-02 15:42:28.010] <-- END HTTP (39-byte body)
[Fastbot][2026-06-02 15:42:28.060] [Proxy Server] Forwarding
[Fastbot][2026-06-02 15:42:28.060] --> POST http://127.0.0.1:9008/jsonrpc/0
[Fastbot][2026-06-02 15:42:28.060] Content-Type: application/json; charset=utf-8
[Fastbot][2026-06-02 15:42:28.061] Content-Length: 211
[Fastbot][2026-06-02 15:42:28.061] 
[Fastbot][2026-06-02 15:42:28.062] {"jsonrpc": "2.0", "id": 1, "method": "getText", "params": [{"mask": 18874368, "childOrSibling": [], "childOrSiblingSelector": [], "resourceId": "de.rampro.activitydiary.debug:id/activity_name", "instance": 1}]}
[Fastbot][2026-06-02 15:42:28.062] --> END POST (211-byte body)
[Fastbot][2026-06-02 15:42:28.070] <-- 200 OK  http://127.0.0.1:9008/jsonrpc/0 (8ms)
[Fastbot][2026-06-02 15:42:28.071] Content-Type: application/json
[Fastbot][2026-06-02 15:42:28.071] Date: Tue, 2 Jun 2026 15:42:28 GMT
[Fastbot][2026-06-02 15:42:28.071] Connection: keep-alive
[Fastbot][2026-06-02 15:42:28.071] Transfer-Encoding: chunked
[Fastbot][2026-06-02 15:42:28.072] 
[Fastbot][2026-06-02 15:42:28.072] {"jsonrpc":"2.0","id":1,"result":"Cinema (26.57)"}

[Fastbot][2026-06-02 15:42:28.072] <-- END HTTP (51-byte body)
[Fastbot][2026-06-02 15:42:28.122] [Proxy Server] Forwarding
[Fastbot][2026-06-02 15:42:28.122] --> POST http://127.0.0.1:9008/jsonrpc/0
[Fastbot][2026-06-02 15:42:28.123] Content-Type: application/json; charset=utf-8
[Fastbot][2026-06-02 15:42:28.123] Content-Length: 208
[Fastbot][2026-06-02 15:42:28.123] 
[Fastbot][2026-06-02 15:42:28.123] {"jsonrpc": "2.0", "id": 1, "method": "waitForExists", "params": [{"mask": 2097152, "childOrSibling": [], "childOrSiblingSelector": [], "resourceId": "de.rampro.activitydiary.debug:id/action_filter"}, 20000]}
[Fastbot][2026-06-02 15:42:28.123] --> END POST (208-byte body)
[Fastbot][2026-06-02 15:42:28.146] <-- 200 OK  http://127.0.0.1:9008/jsonrpc/0 (21ms)
[Fastbot][2026-06-02 15:42:28.146] Content-Type: application/json
[Fastbot][2026-06-02 15:42:28.146] Date: Tue, 2 Jun 2026 15:42:28 GMT
[Fastbot][2026-06-02 15:42:28.146] Connection: keep-alive
[Fastbot][2026-06-02 15:42:28.146] Transfer-Encoding: chunked
[Fastbot][2026-06-02 15:42:28.147] 
[Fastbot][2026-06-02 15:42:28.147] {"jsonrpc":"2.0","id":1,"result":true}

[Fastbot][2026-06-02 15:42:28.147] <-- END HTTP (39-byte body)
[Fastbot][2026-06-02 15:42:28.183] [Proxy Server] Forwarding
[Fastbot][2026-06-02 15:42:28.183] --> POST http://127.0.0.1:9008/jsonrpc/0
[Fastbot][2026-06-02 15:42:28.183] Content-Type: application/json; charset=utf-8
[Fastbot][2026-06-02 15:42:28.183] Content-Length: 195
[Fastbot][2026-06-02 15:42:28.184] 
[Fastbot][2026-06-02 15:42:28.184] {"jsonrpc": "2.0", "id": 1, "method": "objInfo", "params": [{"mask": 2097152, "childOrSibling": [], "childOrSiblingSelector": [], "resourceId": "de.rampro.activitydiary.debug:id/action_filter"}]}
[Fastbot][2026-06-02 15:42:28.184] --> END POST (195-byte body)
[Fastbot][2026-06-02 15:42:28.213] <-- 200 OK  http://127.0.0.1:9008/jsonrpc/0 (28ms)
[Fastbot][2026-06-02 15:42:28.213] Content-Type: application/json
[Fastbot][2026-06-02 15:42:28.213] Date: Tue, 2 Jun 2026 15:42:28 GMT
[Fastbot][2026-06-02 15:42:28.213] Connection: keep-alive
[Fastbot][2026-06-02 15:42:28.213] Transfer-Encoding: chunked
[Fastbot][2026-06-02 15:42:28.214] 
[Fastbot][2026-06-02 15:42:28.214] {"jsonrpc":"2.0","id":1,"result":{"bounds":{"bottom":275,"left":794,"right":926,"top":143},"childCount":1,"className":"android.support.v7.widget.LinearLayoutCompat","contentDescription":null,"packageName":"de.rampro.activitydiary.debug","resourceName":"de.rampro.activitydiary.debug:id/action_filter"...[truncated]
[Fastbot][2026-06-02 15:42:28.215] <-- END HTTP (537-byte body)
[Fastbot][2026-06-02 15:42:28.246] [Proxy Server] Detected script method: click
[Fastbot][2026-06-02 15:42:28.246] [Proxy Server] Forwarding
[Fastbot][2026-06-02 15:42:28.246] --> POST http://127.0.0.1:9008/jsonrpc/0
[Fastbot][2026-06-02 15:42:28.247] Content-Type: application/json; charset=utf-8
[Fastbot][2026-06-02 15:42:28.247] Content-Length: 72
[Fastbot][2026-06-02 15:42:28.247] 
[Fastbot][2026-06-02 15:42:28.247] {"jsonrpc": "2.0", "id": 1, "method": "click", "params": [860.0, 209.0]}
[Fastbot][2026-06-02 15:42:28.248] --> END POST (72-byte body)
[Fastbot][2026-06-02 15:42:28.426] <-- 200 OK  http://127.0.0.1:9008/jsonrpc/0 (178ms)
[Fastbot][2026-06-02 15:42:28.426] Content-Type: application/json
[Fastbot][2026-06-02 15:42:28.426] Date: Tue, 2 Jun 2026 15:42:28 GMT
[Fastbot][2026-06-02 15:42:28.426] Connection: keep-alive
[Fastbot][2026-06-02 15:42:28.427] Transfer-Encoding: chunked
[Fastbot][2026-06-02 15:42:28.429] 
[Fastbot][2026-06-02 15:42:28.429] {"jsonrpc":"2.0","id":1,"result":true}

[Fastbot][2026-06-02 15:42:28.429] <-- END HTTP (39-byte body)
[Fastbot][2026-06-02 15:42:29.467] [Proxy Server] Forwarding
[Fastbot][2026-06-02 15:42:29.468] --> POST http://127.0.0.1:9008/jsonrpc/0
[Fastbot][2026-06-02 15:42:29.469] Content-Type: application/json; charset=utf-8
[Fastbot][2026-06-02 15:42:29.470] Content-Length: 210
[Fastbot][2026-06-02 15:42:29.470] 
[Fastbot][2026-06-02 15:42:29.471] {"jsonrpc": "2.0", "id": 1, "method": "waitForExists", "params": [{"mask": 2097152, "childOrSibling": [], "childOrSiblingSelector": [], "resourceId": "de.rampro.activitydiary.debug:id/search_src_text"}, 20000]}
[Fastbot][2026-06-02 15:42:29.471] --> END POST (210-byte body)
[Fastbot][2026-06-02 15:42:29.495] <-- 200 OK  http://127.0.0.1:9008/jsonrpc/0 (22ms)
[Fastbot][2026-06-02 15:42:29.495] Content-Type: application/json
[Fastbot][2026-06-02 15:42:29.495] Date: Tue, 2 Jun 2026 15:42:29 GMT
[Fastbot][2026-06-02 15:42:29.495] Connection: keep-alive
[Fastbot][2026-06-02 15:42:29.496] Transfer-Encoding: chunked
[Fastbot][2026-06-02 15:42:29.497] 
[Fastbot][2026-06-02 15:42:29.497] {"jsonrpc":"2.0","id":1,"result":true}

[Fastbot][2026-06-02 15:42:29.497] <-- END HTTP (39-byte body)
[Fastbot][2026-06-02 15:42:29.529] [Proxy Server] Detected script method: setText
[Fastbot][2026-06-02 15:42:29.530] [Proxy Server] Forwarding
[Fastbot][2026-06-02 15:42:29.531] --> POST http://127.0.0.1:9008/jsonrpc/0
[Fastbot][2026-06-02 15:42:29.531] Content-Type: application/json; charset=utf-8
[Fastbot][2026-06-02 15:42:29.531] Content-Length: 215
[Fastbot][2026-06-02 15:42:29.532] 
[Fastbot][2026-06-02 15:42:29.532] {"jsonrpc": "2.0", "id": 1, "method": "setText", "params": [{"mask": 2097152, "childOrSibling": [], "childOrSiblingSelector": [], "resourceId": "de.rampro.activitydiary.debug:id/search_src_text"}, "Cinema (26.57)"]}
[Fastbot][2026-06-02 15:42:29.533] --> END POST (215-byte body)
[Fastbot][2026-06-02 15:42:29.669] <-- 200 OK  http://127.0.0.1:9008/jsonrpc/0 (136ms)
[Fastbot][2026-06-02 15:42:29.669] Content-Type: application/json
[Fastbot][2026-06-02 15:42:29.670] Date: Tue, 2 Jun 2026 15:42:29 GMT
[Fastbot][2026-06-02 15:42:29.670] Connection: keep-alive
[Fastbot][2026-06-02 15:42:29.671] Transfer-Encoding: chunked
[Fastbot][2026-06-02 15:42:29.672] 
[Fastbot][2026-06-02 15:42:29.672] {"jsonrpc":"2.0","id":1,"result":true}

[Fastbot][2026-06-02 15:42:29.673] <-- END HTTP (39-byte body)
[Fastbot][2026-06-02 15:42:30.715] [Proxy Server] Forwarding
[Fastbot][2026-06-02 15:42:30.716] --> POST http://127.0.0.1:9008/jsonrpc/0
[Fastbot][2026-06-02 15:42:30.716] Content-Type: application/json; charset=utf-8
[Fastbot][2026-06-02 15:42:30.717] Content-Length: 224
[Fastbot][2026-06-02 15:42:30.717] 
[Fastbot][2026-06-02 15:42:30.718] {"jsonrpc": "2.0", "id": 1, "method": "waitForExists", "params": [{"mask": 18874368, "childOrSibling": [], "childOrSiblingSelector": [], "resourceId": "de.rampro.activitydiary.debug:id/activity_name", "instance": 0}, 20000]}
[Fastbot][2026-06-02 15:42:30.719] --> END POST (224-byte body)
[Fastbot][2026-06-02 15:42:30.728] <-- 200 OK  http://127.0.0.1:9008/jsonrpc/0 (9ms)
[Fastbot][2026-06-02 15:42:30.728] Content-Type: application/json
[Fastbot][2026-06-02 15:42:30.728] Date: Tue, 2 Jun 2026 15:42:30 GMT
[Fastbot][2026-06-02 15:42:30.729] Connection: keep-alive
[Fastbot][2026-06-02 15:42:30.730] Transfer-Encoding: chunked
[Fastbot][2026-06-02 15:42:30.732] 
[Fastbot][2026-06-02 15:42:30.732] {"jsonrpc":"2.0","id":1,"result":true}

[Fastbot][2026-06-02 15:42:30.733] <-- END HTTP (39-byte body)
[Fastbot][2026-06-02 15:42:30.769] [Proxy Server] Forwarding
[Fastbot][2026-06-02 15:42:30.769] --> POST http://127.0.0.1:9008/jsonrpc/0
[Fastbot][2026-06-02 15:42:30.769] Content-Type: application/json; charset=utf-8
[Fastbot][2026-06-02 15:42:30.770] Content-Length: 211
[Fastbot][2026-06-02 15:42:30.770] 
[Fastbot][2026-06-02 15:42:30.771] {"jsonrpc": "2.0", "id": 1, "method": "getText", "params": [{"mask": 18874368, "childOrSibling": [], "childOrSiblingSelector": [], "resourceId": "de.rampro.activitydiary.debug:id/activity_name", "instance": 0}]}
[Fastbot][2026-06-02 15:42:30.771] --> END POST (211-byte body)
[Fastbot][2026-06-02 15:42:30.780] <-- 200 OK  http://127.0.0.1:9008/jsonrpc/0 (8ms)
[Fastbot][2026-06-02 15:42:30.780] Content-Type: application/json
[Fastbot][2026-06-02 15:42:30.781] Date: Tue, 2 Jun 2026 15:42:30 GMT
[Fastbot][2026-06-02 15:42:30.781] Connection: keep-alive
[Fastbot][2026-06-02 15:42:30.781] Transfer-Encoding: chunked
[Fastbot][2026-06-02 15:42:30.782] 
[Fastbot][2026-06-02 15:42:30.782] {"jsonrpc":"2.0","id":1,"result":"Cinema (26.57)"}

[Fastbot][2026-06-02 15:42:30.783] <-- END HTTP (51-byte body)
[Fastbot][2026-06-02 15:42:30.814] [Proxy Server] Forwarding
[Fastbot][2026-06-02 15:42:30.814] --> POST http://127.0.0.1:9008/jsonrpc/0
[Fastbot][2026-06-02 15:42:30.815] Content-Type: application/json; charset=utf-8
[Fastbot][2026-06-02 15:42:30.816] Content-Length: 211
[Fastbot][2026-06-02 15:42:30.816] 
[Fastbot][2026-06-02 15:42:30.817] {"jsonrpc": "2.0", "id": 1, "method": "waitForExists", "params": [{"mask": 2097152, "childOrSibling": [], "childOrSiblingSelector": [], "resourceId": "de.rampro.activitydiary.debug:id/search_close_btn"}, 20000]}
[Fastbot][2026-06-02 15:42:30.817] --> END POST (211-byte body)
[Fastbot][2026-06-02 15:42:30.847] <-- 200 OK  http://127.0.0.1:9008/jsonrpc/0 (28ms)
[Fastbot][2026-06-02 15:42:30.847] Content-Type: application/json
[Fastbot][2026-06-02 15:42:30.848] Date: Tue, 2 Jun 2026 15:42:30 GMT
[Fastbot][2026-06-02 15:42:30.849] Connection: keep-alive
[Fastbot][2026-06-02 15:42:30.849] Transfer-Encoding: chunked
[Fastbot][2026-06-02 15:42:30.851] 
[Fastbot][2026-06-02 15:42:30.851] {"jsonrpc":"2.0","id":1,"result":true}

[Fastbot][2026-06-02 15:42:30.851] <-- END HTTP (39-byte body)
[Fastbot][2026-06-02 15:42:30.909] [Proxy Server] Forwarding
[Fastbot][2026-06-02 15:42:30.910] --> POST http://127.0.0.1:9008/jsonrpc/0
[Fastbot][2026-06-02 15:42:30.910] Content-Type: application/json; charset=utf-8
[Fastbot][2026-06-02 15:42:30.911] Content-Length: 198
[Fastbot][2026-06-02 15:42:30.911] 
[Fastbot][2026-06-02 15:42:30.912] {"jsonrpc": "2.0", "id": 1, "method": "objInfo", "params": [{"mask": 2097152, "childOrSibling": [], "childOrSiblingSelector": [], "resourceId": "de.rampro.activitydiary.debug:id/search_close_btn"}]}
[Fastbot][2026-06-02 15:42:30.912] --> END POST (198-byte body)
[Fastbot][2026-06-02 15:42:30.945] <-- 200 OK  http://127.0.0.1:9008/jsonrpc/0 (32ms)
[Fastbot][2026-06-02 15:42:30.945] Content-Type: application/json
[Fastbot][2026-06-02 15:42:30.946] Date: Tue, 2 Jun 2026 15:42:30 GMT
[Fastbot][2026-06-02 15:42:30.946] Connection: keep-alive
[Fastbot][2026-06-02 15:42:30.946] Transfer-Encoding: chunked
[Fastbot][2026-06-02 15:42:30.947] 
[Fastbot][2026-06-02 15:42:30.948] {"jsonrpc":"2.0","id":1,"result":{"bounds":{"bottom":275,"left":946,"right":1056,"top":143},"childCount":0,"className":"android.widget.ImageView","contentDescription":"Clear query","packageName":"de.rampro.activitydiary.debug","resourceName":"de.rampro.activitydiary.debug:id/search_close_btn","text"...[truncated]
[Fastbot][2026-06-02 15:42:30.948] <-- END HTTP (530-byte body)
[Fastbot][2026-06-02 15:42:30.987] [Proxy Server] Detected script method: click
[Fastbot][2026-06-02 15:42:30.987] [Proxy Server] Forwarding
[Fastbot][2026-06-02 15:42:30.988] --> POST http://127.0.0.1:9008/jsonrpc/0
[Fastbot][2026-06-02 15:42:30.988] Content-Type: application/json; charset=utf-8
[Fastbot][2026-06-02 15:42:30.989] Content-Length: 73
[Fastbot][2026-06-02 15:42:30.989] 
[Fastbot][2026-06-02 15:42:30.990] {"jsonrpc": "2.0", "id": 1, "method": "click", "params": [1001.0, 209.0]}
[Fastbot][2026-06-02 15:42:30.990] --> END POST (73-byte body)
[Fastbot][2026-06-02 15:42:31.147] <-- 200 OK  http://127.0.0.1:9008/jsonrpc/0 (155ms)
[Fastbot][2026-06-02 15:42:31.147] Content-Type: application/json
[Fastbot][2026-06-02 15:42:31.147] Date: Tue, 2 Jun 2026 15:42:31 GMT
[Fastbot][2026-06-02 15:42:31.148] Connection: keep-alive
[Fastbot][2026-06-02 15:42:31.148] Transfer-Encoding: chunked
[Fastbot][2026-06-02 15:42:31.151] 
[Fastbot][2026-06-02 15:42:31.151] {"jsonrpc":"2.0","id":1,"result":true}

[Fastbot][2026-06-02 15:42:31.151] <-- END HTTP (39-byte body)
[Fastbot][2026-06-02 15:42:32.195] [Proxy Server] Forwarding
[Fastbot][2026-06-02 15:42:32.195] --> POST http://127.0.0.1:9008/jsonrpc/0
[Fastbot][2026-06-02 15:42:32.196] Content-Type: application/json; charset=utf-8
[Fastbot][2026-06-02 15:42:32.196] Content-Length: 211
[Fastbot][2026-06-02 15:42:32.196] 
[Fastbot][2026-06-02 15:42:32.196] {"jsonrpc": "2.0", "id": 1, "method": "waitForExists", "params": [{"mask": 2097152, "childOrSibling": [], "childOrSiblingSelector": [], "resourceId": "de.rampro.activitydiary.debug:id/search_close_btn"}, 20000]}
[Fastbot][2026-06-02 15:42:32.197] --> END POST (211-byte body)
[Fastbot][2026-06-02 15:42:32.222] <-- 200 OK  http://127.0.0.1:9008/jsonrpc/0 (24ms)
[Fastbot][2026-06-02 15:42:32.222] Content-Type: application/json
[Fastbot][2026-06-02 15:42:32.222] Date: Tue, 2 Jun 2026 15:42:32 GMT
[Fastbot][2026-06-02 15:42:32.222] Connection: keep-alive
[Fastbot][2026-06-02 15:42:32.223] Transfer-Encoding: chunked
[Fastbot][2026-06-02 15:42:32.223] 
[Fastbot][2026-06-02 15:42:32.223] {"jsonrpc":"2.0","id":1,"result":true}

[Fastbot][2026-06-02 15:42:32.224] <-- END HTTP (39-byte body)
[Fastbot][2026-06-02 15:42:32.272] [Proxy Server] Forwarding
[Fastbot][2026-06-02 15:42:32.272] --> POST http://127.0.0.1:9008/jsonrpc/0
[Fastbot][2026-06-02 15:42:32.273] Content-Type: application/json; charset=utf-8
[Fastbot][2026-06-02 15:42:32.274] Content-Length: 198
[Fastbot][2026-06-02 15:42:32.275] 
[Fastbot][2026-06-02 15:42:32.275] {"jsonrpc": "2.0", "id": 1, "method": "objInfo", "params": [{"mask": 2097152, "childOrSibling": [], "childOrSiblingSelector": [], "resourceId": "de.rampro.activitydiary.debug:id/search_close_btn"}]}
[Fastbot][2026-06-02 15:42:32.276] --> END POST (198-byte body)
[Fastbot][2026-06-02 15:42:32.309] <-- 200 OK  http://127.0.0.1:9008/jsonrpc/0 (32ms)
[Fastbot][2026-06-02 15:42:32.309] Content-Type: application/json
[Fastbot][2026-06-02 15:42:32.310] Date: Tue, 2 Jun 2026 15:42:32 GMT
[Fastbot][2026-06-02 15:42:32.311] Connection: keep-alive
[Fastbot][2026-06-02 15:42:32.312] Transfer-Encoding: chunked
[Fastbot][2026-06-02 15:42:32.313] 
[Fastbot][2026-06-02 15:42:32.313] {"jsonrpc":"2.0","id":1,"result":{"bounds":{"bottom":275,"left":946,"right":1056,"top":143},"childCount":0,"className":"android.widget.ImageView","contentDescription":"Clear query","packageName":"de.rampro.activitydiary.debug","resourceName":"de.rampro.activitydiary.debug:id/search_close_btn","text"...[truncated]
[Fastbot][2026-06-02 15:42:32.314] <-- END HTTP (530-byte body)
[Fastbot][2026-06-02 15:42:32.367] [Proxy Server] Detected script method: click
[Fastbot][2026-06-02 15:42:32.367] [Proxy Server] Forwarding
[Fastbot][2026-06-02 15:42:32.368] --> POST http://127.0.0.1:9008/jsonrpc/0
[Fastbot][2026-06-02 15:42:32.369] Content-Type: application/json; charset=utf-8
[Fastbot][2026-06-02 15:42:32.369] Content-Length: 73
[Fastbot][2026-06-02 15:42:32.370] 
[Fastbot][2026-06-02 15:42:32.370] {"jsonrpc": "2.0", "id": 1, "method": "click", "params": [1001.0, 209.0]}
[Fastbot][2026-06-02 15:42:32.371] --> END POST (73-byte body)
[Fastbot][2026-06-02 15:42:32.550] <-- 200 OK  http://127.0.0.1:9008/jsonrpc/0 (178ms)
[Fastbot][2026-06-02 15:42:32.552] Content-Type: application/json
[Fastbot][2026-06-02 15:42:32.552] Date: Tue, 2 Jun 2026 15:42:32 GMT
[Fastbot][2026-06-02 15:42:32.552] Connection: keep-alive
[Fastbot][2026-06-02 15:42:32.552] Transfer-Encoding: chunked
[Fastbot][2026-06-02 15:42:32.552] 
[Fastbot][2026-06-02 15:42:32.552] {"jsonrpc":"2.0","id":1,"result":true}

[Fastbot][2026-06-02 15:42:32.552] <-- END HTTP (39-byte body)
[Fastbot][2026-06-02 15:42:33.819] --> POST http://127.0.0.1:9008/jsonrpc/0
[Fastbot][2026-06-02 15:42:33.819] Content-Type: application/json; charset=utf-8
[Fastbot][2026-06-02 15:42:33.819] Content-Length: 75
[Fastbot][2026-06-02 15:42:33.819] 
[Fastbot][2026-06-02 15:42:33.820] {"id":1,"jsonrpc":"2.0","method":"dumpWindowHierarchy","params":[false,50]}
[Fastbot][2026-06-02 15:42:33.820] --> END POST (75-byte body)
[Fastbot][2026-06-02 15:42:33.853] <-- 200 OK  http://127.0.0.1:9008/jsonrpc/0 (33ms)
[Fastbot][2026-06-02 15:42:33.853] Content-Type: application/json
[Fastbot][2026-06-02 15:42:33.853] Date: Tue, 2 Jun 2026 15:42:33 GMT
[Fastbot][2026-06-02 15:42:33.853] Connection: keep-alive
[Fastbot][2026-06-02 15:42:33.853] Transfer-Encoding: chunked
[Fastbot][2026-06-02 15:42:33.857] 
[Fastbot][2026-06-02 15:42:33.857] {"jsonrpc":"2.0","id":1,"result":"<?xml version='1.0' encoding='UTF-8' standalone='yes' ?>\r\n<hierarchy rotation=\"0\">\r\n  <node index=\"0\" text=\"\" resource-id=\"\" class=\"android.widget.FrameLayout\" package=\"com.android.systemui\" content-desc=\"\" checkable=\"false\" checked=\"false\" cli...[truncated]
[Fastbot][2026-06-02 15:42:33.858] <-- END HTTP (49528-byte body)
[Fastbot][2026-06-02 15:42:33.946] [Proxy Server] Forwarding
[Fastbot][2026-06-02 15:42:33.946] --> POST http://127.0.0.1:9008/jsonrpc/0
[Fastbot][2026-06-02 15:42:33.946] Content-Type: application/json; charset=utf-8
[Fastbot][2026-06-02 15:42:33.947] Content-Length: 173
[Fastbot][2026-06-02 15:42:33.947] 
[Fastbot][2026-06-02 15:42:33.948] {"jsonrpc": "2.0", "id": 1, "method": "waitForExists", "params": [{"mask": 64, "childOrSibling": [], "childOrSiblingSelector": [], "description": "Open navigation"}, 20000]}
[Fastbot][2026-06-02 15:42:33.948] --> END POST (173-byte body)
[Fastbot][2026-06-02 15:42:33.963] <-- 200 OK  http://127.0.0.1:9008/jsonrpc/0 (14ms)
[Fastbot][2026-06-02 15:42:33.963] Content-Type: application/json
[Fastbot][2026-06-02 15:42:33.963] Date: Tue, 2 Jun 2026 15:42:33 GMT
[Fastbot][2026-06-02 15:42:33.964] Connection: keep-alive
[Fastbot][2026-06-02 15:42:33.965] Transfer-Encoding: chunked
[Fastbot][2026-06-02 15:42:33.967] 
[Fastbot][2026-06-02 15:42:33.967] {"jsonrpc":"2.0","id":1,"result":true}

[Fastbot][2026-06-02 15:42:33.967] <-- END HTTP (39-byte body)
[Fastbot][2026-06-02 15:42:34.008] [Proxy Server] Forwarding
[Fastbot][2026-06-02 15:42:34.008] --> POST http://127.0.0.1:9008/jsonrpc/0
[Fastbot][2026-06-02 15:42:34.008] Content-Type: application/json; charset=utf-8
[Fastbot][2026-06-02 15:42:34.008] Content-Length: 160
[Fastbot][2026-06-02 15:42:34.009] 
[Fastbot][2026-06-02 15:42:34.009] {"jsonrpc": "2.0", "id": 1, "method": "objInfo", "params": [{"mask": 64, "childOrSibling": [], "childOrSiblingSelector": [], "description": "Open navigation"}]}
[Fastbot][2026-06-02 15:42:34.010] --> END POST (160-byte body)
[Fastbot][2026-06-02 15:42:34.037] <-- 200 OK  http://127.0.0.1:9008/jsonrpc/0 (26ms)
[Fastbot][2026-06-02 15:42:34.037] Content-Type: application/json
[Fastbot][2026-06-02 15:42:34.037] Date: Tue, 2 Jun 2026 15:42:34 GMT
[Fastbot][2026-06-02 15:42:34.038] Connection: keep-alive
[Fastbot][2026-06-02 15:42:34.039] Transfer-Encoding: chunked
[Fastbot][2026-06-02 15:42:34.040] 
[Fastbot][2026-06-02 15:42:34.041] {"jsonrpc":"2.0","id":1,"result":{"bounds":{"bottom":286,"left":0,"right":154,"top":132},"childCount":0,"className":"android.widget.ImageButton","contentDescription":"Open navigation","packageName":"de.rampro.activitydiary.debug","resourceName":null,"text":null,"visibleBounds":{"bottom":286,"left":0...[truncated]
[Fastbot][2026-06-02 15:42:34.042] <-- END HTTP (483-byte body)
[Fastbot][2026-06-02 15:42:34.070] [Proxy Server] Detected script method: click
[Fastbot][2026-06-02 15:42:34.070] [Proxy Server] Forwarding
[Fastbot][2026-06-02 15:42:34.070] --> POST http://127.0.0.1:9008/jsonrpc/0
[Fastbot][2026-06-02 15:42:34.071] Content-Type: application/json; charset=utf-8
[Fastbot][2026-06-02 15:42:34.071] Content-Length: 71
[Fastbot][2026-06-02 15:42:34.072] 
[Fastbot][2026-06-02 15:42:34.072] {"jsonrpc": "2.0", "id": 1, "method": "click", "params": [77.0, 209.0]}
[Fastbot][2026-06-02 15:42:34.072] --> END POST (71-byte body)
[Fastbot][2026-06-02 15:42:34.198] <-- 200 OK  http://127.0.0.1:9008/jsonrpc/0 (125ms)
[Fastbot][2026-06-02 15:42:34.198] Content-Type: application/json
[Fastbot][2026-06-02 15:42:34.198] Date: Tue, 2 Jun 2026 15:42:34 GMT
[Fastbot][2026-06-02 15:42:34.198] Connection: keep-alive
[Fastbot][2026-06-02 15:42:34.198] Transfer-Encoding: chunked
[Fastbot][2026-06-02 15:42:34.246] 
[Fastbot][2026-06-02 15:42:34.246] {"jsonrpc":"2.0","id":1,"result":true}

[Fastbot][2026-06-02 15:42:34.246] <-- END HTTP (39-byte body)
[Fastbot][2026-06-02 15:42:35.282] [Proxy Server] Forwarding
[Fastbot][2026-06-02 15:42:35.282] --> POST http://127.0.0.1:9008/jsonrpc/0
[Fastbot][2026-06-02 15:42:35.283] Content-Type: application/json; charset=utf-8
[Fastbot][2026-06-02 15:42:35.283] Content-Length: 236
[Fastbot][2026-06-02 15:42:35.283] 
[Fastbot][2026-06-02 15:42:35.284] {"jsonrpc": "2.0", "id": 1, "method": "waitForExists", "params": [{"mask": 2097153, "childOrSibling": [], "childOrSiblingSelector": [], "resourceId": "de.rampro.activitydiary.debug:id/design_menu_item_text", "text": "Settings"}, 20000]}
[Fastbot][2026-06-02 15:42:35.286] --> END POST (236-byte body)
[Fastbot][2026-06-02 15:42:35.318] <-- 200 OK  http://127.0.0.1:9008/jsonrpc/0 (32ms)
[Fastbot][2026-06-02 15:42:35.319] Content-Type: application/json
[Fastbot][2026-06-02 15:42:35.319] Date: Tue, 2 Jun 2026 15:42:35 GMT
[Fastbot][2026-06-02 15:42:35.319] Connection: keep-alive
[Fastbot][2026-06-02 15:42:35.320] Transfer-Encoding: chunked
[Fastbot][2026-06-02 15:42:35.321] 
[Fastbot][2026-06-02 15:42:35.321] {"jsonrpc":"2.0","id":1,"result":true}

[Fastbot][2026-06-02 15:42:35.321] <-- END HTTP (39-byte body)
[Fastbot][2026-06-02 15:42:35.361] [Proxy Server] Forwarding
[Fastbot][2026-06-02 15:42:35.362] --> POST http://127.0.0.1:9008/jsonrpc/0
[Fastbot][2026-06-02 15:42:35.362] Content-Type: application/json; charset=utf-8
[Fastbot][2026-06-02 15:42:35.363] Content-Length: 223
[Fastbot][2026-06-02 15:42:35.363] 
[Fastbot][2026-06-02 15:42:35.364] {"jsonrpc": "2.0", "id": 1, "method": "objInfo", "params": [{"mask": 2097153, "childOrSibling": [], "childOrSiblingSelector": [], "resourceId": "de.rampro.activitydiary.debug:id/design_menu_item_text", "text": "Settings"}]}
[Fastbot][2026-06-02 15:42:35.364] --> END POST (223-byte body)
[Fastbot][2026-06-02 15:42:35.398] <-- 200 OK  http://127.0.0.1:9008/jsonrpc/0 (32ms)
[Fastbot][2026-06-02 15:42:35.399] Content-Type: application/json
[Fastbot][2026-06-02 15:42:35.400] Date: Tue, 2 Jun 2026 15:42:35 GMT
[Fastbot][2026-06-02 15:42:35.401] Connection: keep-alive
[Fastbot][2026-06-02 15:42:35.401] Transfer-Encoding: chunked
[Fastbot][2026-06-02 15:42:35.402] 
[Fastbot][2026-06-02 15:42:35.402] {"jsonrpc":"2.0","id":1,"result":{"bounds":{"bottom":1400,"left":44,"right":726,"top":1268},"childCount":0,"className":"android.widget.CheckedTextView","contentDescription":null,"packageName":"de.rampro.activitydiary.debug","resourceName":"de.rampro.activitydiary.debug:id/design_menu_item_text","tex...[truncated]
[Fastbot][2026-06-02 15:42:35.402] <-- END HTTP (539-byte body)
[Fastbot][2026-06-02 15:42:35.438] [Proxy Server] Detected script method: click
[Fastbot][2026-06-02 15:42:35.438] [Proxy Server] Forwarding
[Fastbot][2026-06-02 15:42:35.439] --> POST http://127.0.0.1:9008/jsonrpc/0
[Fastbot][2026-06-02 15:42:35.439] Content-Type: application/json; charset=utf-8
[Fastbot][2026-06-02 15:42:35.439] Content-Length: 73
[Fastbot][2026-06-02 15:42:35.440] 
[Fastbot][2026-06-02 15:42:35.441] {"jsonrpc": "2.0", "id": 1, "method": "click", "params": [385.0, 1334.0]}
[Fastbot][2026-06-02 15:42:35.441] --> END POST (73-byte body)
[Fastbot][2026-06-02 15:42:35.580] <-- 200 OK  http://127.0.0.1:9008/jsonrpc/0 (137ms)
[Fastbot][2026-06-02 15:42:35.580] Content-Type: application/json
[Fastbot][2026-06-02 15:42:35.580] Date: Tue, 2 Jun 2026 15:42:35 GMT
[Fastbot][2026-06-02 15:42:35.580] Connection: keep-alive
[Fastbot][2026-06-02 15:42:35.580] Transfer-Encoding: chunked
[Fastbot][2026-06-02 15:42:35.580] 
[Fastbot][2026-06-02 15:42:35.581] {"jsonrpc":"2.0","id":1,"result":true}

[Fastbot][2026-06-02 15:42:35.581] <-- END HTTP (39-byte body)
[Fastbot][2026-06-02 15:42:35.602] // the top activity is de.rampro.activitydiary.ui.settings.SettingsActivity, phone capture activity is com.android.camera.CaptureActivity
[Fastbot][2026-06-02 15:42:35.603]     // Allowing start of Intent { cmp=de.rampro.activitydiary.debug/de.rampro.activitydiary.ui.settings.SettingsActivity } in package de.rampro.activitydiary.debug
[Fastbot][2026-06-02 15:42:36.615] // [Script] current activity is de.rampro.activitydiary.ui.settings.SettingsActivity
[Fastbot][2026-06-02 15:42:36.616] [Proxy Server] Forwarding
[Fastbot][2026-06-02 15:42:36.616] --> POST http://127.0.0.1:9008/jsonrpc/0
[Fastbot][2026-06-02 15:42:36.616] Content-Type: application/json; charset=utf-8
[Fastbot][2026-06-02 15:42:36.616] Content-Length: 163
[Fastbot][2026-06-02 15:42:36.617] 
[Fastbot][2026-06-02 15:42:36.617] {"jsonrpc": "2.0", "id": 1, "method": "exist", "params": [{"mask": 2097152, "childOrSibling": [], "childOrSiblingSelector": [], "resourceId": "android:id/title"}]}
[Fastbot][2026-06-02 15:42:36.617] --> END POST (163-byte body)
[Fastbot][2026-06-02 15:42:36.642] <-- 200 OK  http://127.0.0.1:9008/jsonrpc/0 (24ms)
[Fastbot][2026-06-02 15:42:36.642] Content-Type: application/json
[Fastbot][2026-06-02 15:42:36.642] Date: Tue, 2 Jun 2026 15:42:36 GMT
[Fastbot][2026-06-02 15:42:36.643] Connection: keep-alive
[Fastbot][2026-06-02 15:42:36.643] Transfer-Encoding: chunked
[Fastbot][2026-06-02 15:42:36.643] 
[Fastbot][2026-06-02 15:42:36.644] {"jsonrpc":"2.0","id":1,"result":true}

[Fastbot][2026-06-02 15:42:36.644] <-- END HTTP (39-byte body)
[Fastbot][2026-06-02 15:42:36.693] [Proxy Server] Forwarding
[Fastbot][2026-06-02 15:42:36.693] --> POST http://127.0.0.1:9008/jsonrpc/0
[Fastbot][2026-06-02 15:42:36.693] Content-Type: application/json; charset=utf-8
[Fastbot][2026-06-02 15:42:36.694] Content-Length: 169
[Fastbot][2026-06-02 15:42:36.694] 
[Fastbot][2026-06-02 15:42:36.694] {"jsonrpc": "2.0", "id": 1, "method": "waitForExists", "params": [{"mask": 64, "childOrSibling": [], "childOrSiblingSelector": [], "description": "Navigate up"}, 20000]}
[Fastbot][2026-06-02 15:42:36.694] --> END POST (169-byte body)
[Fastbot][2026-06-02 15:42:36.708] <-- 200 OK  http://127.0.0.1:9008/jsonrpc/0 (13ms)
[Fastbot][2026-06-02 15:42:36.708] Content-Type: application/json
[Fastbot][2026-06-02 15:42:36.708] Date: Tue, 2 Jun 2026 15:42:36 GMT
[Fastbot][2026-06-02 15:42:36.709] Connection: keep-alive
[Fastbot][2026-06-02 15:42:36.709] Transfer-Encoding: chunked
[Fastbot][2026-06-02 15:42:36.709] 
[Fastbot][2026-06-02 15:42:36.710] {"jsonrpc":"2.0","id":1,"result":true}

[Fastbot][2026-06-02 15:42:36.710] <-- END HTTP (39-byte body)
[Fastbot][2026-06-02 15:42:36.757] [Proxy Server] Forwarding
[Fastbot][2026-06-02 15:42:36.757] --> POST http://127.0.0.1:9008/jsonrpc/0
[Fastbot][2026-06-02 15:42:36.757] Content-Type: application/json; charset=utf-8
[Fastbot][2026-06-02 15:42:36.758] Content-Length: 156
[Fastbot][2026-06-02 15:42:36.758] 
[Fastbot][2026-06-02 15:42:36.758] {"jsonrpc": "2.0", "id": 1, "method": "objInfo", "params": [{"mask": 64, "childOrSibling": [], "childOrSiblingSelector": [], "description": "Navigate up"}]}
[Fastbot][2026-06-02 15:42:36.758] --> END POST (156-byte body)
[Fastbot][2026-06-02 15:42:36.791] <-- 200 OK  http://127.0.0.1:9008/jsonrpc/0 (32ms)
[Fastbot][2026-06-02 15:42:36.791] Content-Type: application/json
[Fastbot][2026-06-02 15:42:36.791] Date: Tue, 2 Jun 2026 15:42:36 GMT
[Fastbot][2026-06-02 15:42:36.791] Connection: keep-alive
[Fastbot][2026-06-02 15:42:36.791] Transfer-Encoding: chunked
[Fastbot][2026-06-02 15:42:36.792] 
[Fastbot][2026-06-02 15:42:36.792] {"jsonrpc":"2.0","id":1,"result":{"bounds":{"bottom":286,"left":0,"right":154,"top":132},"childCount":0,"className":"android.widget.ImageButton","contentDescription":"Navigate up","packageName":"de.rampro.activitydiary.debug","resourceName":null,"text":null,"visibleBounds":{"bottom":286,"left":0,"ri...[truncated]
[Fastbot][2026-06-02 15:42:36.792] <-- END HTTP (479-byte body)
[Fastbot][2026-06-02 15:42:36.819] [Proxy Server] Detected script method: click
[Fastbot][2026-06-02 15:42:36.819] [Proxy Server] Forwarding
[Fastbot][2026-06-02 15:42:36.820] --> POST http://127.0.0.1:9008/jsonrpc/0
[Fastbot][2026-06-02 15:42:36.820] Content-Type: application/json; charset=utf-8
[Fastbot][2026-06-02 15:42:36.820] Content-Length: 71
[Fastbot][2026-06-02 15:42:36.820] 
[Fastbot][2026-06-02 15:42:36.820] {"jsonrpc": "2.0", "id": 1, "method": "click", "params": [77.0, 209.0]}
[Fastbot][2026-06-02 15:42:36.820] --> END POST (71-byte body)
[Fastbot][2026-06-02 15:42:36.963] <-- 200 OK  http://127.0.0.1:9008/jsonrpc/0 (142ms)
[Fastbot][2026-06-02 15:42:36.963] Content-Type: application/json
[Fastbot][2026-06-02 15:42:36.963] Date: Tue, 2 Jun 2026 15:42:36 GMT
[Fastbot][2026-06-02 15:42:36.963] Connection: keep-alive
[Fastbot][2026-06-02 15:42:36.963] Transfer-Encoding: chunked
[Fastbot][2026-06-02 15:42:37.007] 
[Fastbot][2026-06-02 15:42:37.007] {"jsonrpc":"2.0","id":1,"result":true}

[Fastbot][2026-06-02 15:42:37.007] <-- END HTTP (39-byte body)
[Fastbot][2026-06-02 15:42:37.009]     // activityResuming(de.rampro.activitydiary.debug)
[Fastbot][2026-06-02 15:42:38.282] --> POST http://127.0.0.1:9008/jsonrpc/0
[Fastbot][2026-06-02 15:42:38.282] Content-Type: application/json; charset=utf-8
[Fastbot][2026-06-02 15:42:38.282] Content-Length: 75
[Fastbot][2026-06-02 15:42:38.283] 
[Fastbot][2026-06-02 15:42:38.283] {"id":1,"jsonrpc":"2.0","method":"dumpWindowHierarchy","params":[false,50]}
[Fastbot][2026-06-02 15:42:38.283] --> END POST (75-byte body)
[Fastbot][2026-06-02 15:42:38.321] <-- 200 OK  http://127.0.0.1:9008/jsonrpc/0 (37ms)
[Fastbot][2026-06-02 15:42:38.321] Content-Type: application/json
[Fastbot][2026-06-02 15:42:38.321] Date: Tue, 2 Jun 2026 15:42:38 GMT
[Fastbot][2026-06-02 15:42:38.321] Connection: keep-alive
[Fastbot][2026-06-02 15:42:38.321] Transfer-Encoding: chunked
[Fastbot][2026-06-02 15:42:38.325] 
[Fastbot][2026-06-02 15:42:38.325] {"jsonrpc":"2.0","id":1,"result":"<?xml version='1.0' encoding='UTF-8' standalone='yes' ?>\r\n<hierarchy rotation=\"0\">\r\n  <node index=\"0\" text=\"\" resource-id=\"\" class=\"android.widget.FrameLayout\" package=\"com.android.systemui\" content-desc=\"\" checkable=\"false\" checked=\"false\" cli...[truncated]
[Fastbot][2026-06-02 15:42:38.325] <-- END HTTP (49528-byte body)
[Fastbot][2026-06-02 15:42:38.407] // [Script] current activity is de.rampro.activitydiary.ui.main.MainActivity
[Fastbot][2026-06-02 15:42:38.407] [Proxy Server] Forwarding
[Fastbot][2026-06-02 15:42:38.407] --> POST http://127.0.0.1:9008/jsonrpc/0
[Fastbot][2026-06-02 15:42:38.408] Content-Type: application/json; charset=utf-8
[Fastbot][2026-06-02 15:42:38.408] Content-Length: 173
[Fastbot][2026-06-02 15:42:38.409] 
[Fastbot][2026-06-02 15:42:38.409] {"jsonrpc": "2.0", "id": 1, "method": "waitForExists", "params": [{"mask": 64, "childOrSibling": [], "childOrSiblingSelector": [], "description": "Open navigation"}, 20000]}
[Fastbot][2026-06-02 15:42:38.409] --> END POST (173-byte body)
[Fastbot][2026-06-02 15:42:38.424] <-- 200 OK  http://127.0.0.1:9008/jsonrpc/0 (14ms)
[Fastbot][2026-06-02 15:42:38.424] Content-Type: application/json
[Fastbot][2026-06-02 15:42:38.424] Date: Tue, 2 Jun 2026 15:42:38 GMT
[Fastbot][2026-06-02 15:42:38.424] Connection: keep-alive
[Fastbot][2026-06-02 15:42:38.425] Transfer-Encoding: chunked
[Fastbot][2026-06-02 15:42:38.425] 
[Fastbot][2026-06-02 15:42:38.426] {"jsonrpc":"2.0","id":1,"result":true}

[Fastbot][2026-06-02 15:42:38.426] <-- END HTTP (39-byte body)
[Fastbot][2026-06-02 15:42:38.469] [Proxy Server] Forwarding
[Fastbot][2026-06-02 15:42:38.469] --> POST http://127.0.0.1:9008/jsonrpc/0
[Fastbot][2026-06-02 15:42:38.470] Content-Type: application/json; charset=utf-8
[Fastbot][2026-06-02 15:42:38.470] Content-Length: 160
[Fastbot][2026-06-02 15:42:38.470] 
[Fastbot][2026-06-02 15:42:38.470] {"jsonrpc": "2.0", "id": 1, "method": "objInfo", "params": [{"mask": 64, "childOrSibling": [], "childOrSiblingSelector": [], "description": "Open navigation"}]}
[Fastbot][2026-06-02 15:42:38.471] --> END POST (160-byte body)
[Fastbot][2026-06-02 15:42:38.506] <-- 200 OK  http://127.0.0.1:9008/jsonrpc/0 (34ms)
[Fastbot][2026-06-02 15:42:38.506] Content-Type: application/json
[Fastbot][2026-06-02 15:42:38.506] Date: Tue, 2 Jun 2026 15:42:38 GMT
[Fastbot][2026-06-02 15:42:38.507] Connection: keep-alive
[Fastbot][2026-06-02 15:42:38.507] Transfer-Encoding: chunked
[Fastbot][2026-06-02 15:42:38.508] 
[Fastbot][2026-06-02 15:42:38.508] {"jsonrpc":"2.0","id":1,"result":{"bounds":{"bottom":286,"left":0,"right":154,"top":132},"childCount":0,"className":"android.widget.ImageButton","contentDescription":"Open navigation","packageName":"de.rampro.activitydiary.debug","resourceName":null,"text":null,"visibleBounds":{"bottom":286,"left":0...[truncated]
[Fastbot][2026-06-02 15:42:38.509] <-- END HTTP (483-byte body)
[Fastbot][2026-06-02 15:42:38.563] [Proxy Server] Detected script method: click
[Fastbot][2026-06-02 15:42:38.563] [Proxy Server] Forwarding
[Fastbot][2026-06-02 15:42:38.564] --> POST http://127.0.0.1:9008/jsonrpc/0
[Fastbot][2026-06-02 15:42:38.564] Content-Type: application/json; charset=utf-8
[Fastbot][2026-06-02 15:42:38.565] Content-Length: 71
[Fastbot][2026-06-02 15:42:38.565] 
[Fastbot][2026-06-02 15:42:38.565] {"jsonrpc": "2.0", "id": 1, "method": "click", "params": [77.0, 209.0]}
[Fastbot][2026-06-02 15:42:38.565] --> END POST (71-byte body)
[Fastbot][2026-06-02 15:42:38.702] <-- 200 OK  http://127.0.0.1:9008/jsonrpc/0 (136ms)
[Fastbot][2026-06-02 15:42:38.703] Content-Type: application/json
[Fastbot][2026-06-02 15:42:38.707] Date: Tue, 2 Jun 2026 15:42:38 GMT
[Fastbot][2026-06-02 15:42:38.708] Connection: keep-alive
[Fastbot][2026-06-02 15:42:38.708] Transfer-Encoding: chunked
[Fastbot][2026-06-02 15:42:38.708] 
[Fastbot][2026-06-02 15:42:38.708] {"jsonrpc":"2.0","id":1,"result":true}

[Fastbot][2026-06-02 15:42:38.708] <-- END HTTP (39-byte body)
[Fastbot][2026-06-02 15:42:39.723] [Proxy Server] Forwarding
[Fastbot][2026-06-02 15:42:39.724] --> POST http://127.0.0.1:9008/jsonrpc/0
[Fastbot][2026-06-02 15:42:39.724] Content-Type: application/json; charset=utf-8
[Fastbot][2026-06-02 15:42:39.724] Content-Length: 236
[Fastbot][2026-06-02 15:42:39.724] 
[Fastbot][2026-06-02 15:42:39.724] {"jsonrpc": "2.0", "id": 1, "method": "waitForExists", "params": [{"mask": 2097153, "childOrSibling": [], "childOrSiblingSelector": [], "resourceId": "de.rampro.activitydiary.debug:id/design_menu_item_text", "text": "Settings"}, 20000]}
[Fastbot][2026-06-02 15:42:39.725] --> END POST (236-byte body)
[Fastbot][2026-06-02 15:42:39.749] <-- 200 OK  http://127.0.0.1:9008/jsonrpc/0 (24ms)
[Fastbot][2026-06-02 15:42:39.749] Content-Type: application/json
[Fastbot][2026-06-02 15:42:39.749] Date: Tue, 2 Jun 2026 15:42:39 GMT
[Fastbot][2026-06-02 15:42:39.749] Connection: keep-alive
[Fastbot][2026-06-02 15:42:39.750] Transfer-Encoding: chunked
[Fastbot][2026-06-02 15:42:39.750] 
[Fastbot][2026-06-02 15:42:39.750] {"jsonrpc":"2.0","id":1,"result":true}

[Fastbot][2026-06-02 15:42:39.751] <-- END HTTP (39-byte body)
[Fastbot][2026-06-02 15:42:39.779] [Proxy Server] Forwarding
[Fastbot][2026-06-02 15:42:39.780] --> POST http://127.0.0.1:9008/jsonrpc/0
[Fastbot][2026-06-02 15:42:39.780] Content-Type: application/json; charset=utf-8
[Fastbot][2026-06-02 15:42:39.780] Content-Length: 223
[Fastbot][2026-06-02 15:42:39.780] 
[Fastbot][2026-06-02 15:42:39.780] {"jsonrpc": "2.0", "id": 1, "method": "objInfo", "params": [{"mask": 2097153, "childOrSibling": [], "childOrSiblingSelector": [], "resourceId": "de.rampro.activitydiary.debug:id/design_menu_item_text", "text": "Settings"}]}
[Fastbot][2026-06-02 15:42:39.781] --> END POST (223-byte body)
[Fastbot][2026-06-02 15:42:39.808] <-- 200 OK  http://127.0.0.1:9008/jsonrpc/0 (27ms)
[Fastbot][2026-06-02 15:42:39.808] Content-Type: application/json
[Fastbot][2026-06-02 15:42:39.809] Date: Tue, 2 Jun 2026 15:42:39 GMT
[Fastbot][2026-06-02 15:42:39.809] Connection: keep-alive
[Fastbot][2026-06-02 15:42:39.809] Transfer-Encoding: chunked
[Fastbot][2026-06-02 15:42:39.857] 
[Fastbot][2026-06-02 15:42:39.857] {"jsonrpc":"2.0","id":1,"result":{"bounds":{"bottom":1400,"left":44,"right":726,"top":1268},"childCount":0,"className":"android.widget.CheckedTextView","contentDescription":null,"packageName":"de.rampro.activitydiary.debug","resourceName":"de.rampro.activitydiary.debug:id/design_menu_item_text","tex...[truncated]
[Fastbot][2026-06-02 15:42:39.857] <-- END HTTP (539-byte body)
[Fastbot][2026-06-02 15:42:39.905] [Proxy Server] Detected script method: click
[Fastbot][2026-06-02 15:42:39.906] [Proxy Server] Forwarding
[Fastbot][2026-06-02 15:42:39.906] --> POST http://127.0.0.1:9008/jsonrpc/0
[Fastbot][2026-06-02 15:42:39.907] Content-Type: application/json; charset=utf-8
[Fastbot][2026-06-02 15:42:39.907] Content-Length: 73
[Fastbot][2026-06-02 15:42:39.907] 
[Fastbot][2026-06-02 15:42:39.907] {"jsonrpc": "2.0", "id": 1, "method": "click", "params": [385.0, 1334.0]}
[Fastbot][2026-06-02 15:42:39.907] --> END POST (73-byte body)
[Fastbot][2026-06-02 15:42:40.053] // the top activity is de.rampro.activitydiary.ui.settings.SettingsActivity, phone capture activity is com.android.camera.CaptureActivity
[Fastbot][2026-06-02 15:42:40.054]     // Allowing start of Intent { cmp=de.rampro.activitydiary.debug/de.rampro.activitydiary.ui.settings.SettingsActivity } in package de.rampro.activitydiary.debug
[Fastbot][2026-06-02 15:42:40.066] <-- 200 OK  http://127.0.0.1:9008/jsonrpc/0 (158ms)
[Fastbot][2026-06-02 15:42:40.066] Content-Type: application/json
[Fastbot][2026-06-02 15:42:40.066] Date: Tue, 2 Jun 2026 15:42:40 GMT
[Fastbot][2026-06-02 15:42:40.066] Connection: keep-alive
[Fastbot][2026-06-02 15:42:40.066] Transfer-Encoding: chunked
[Fastbot][2026-06-02 15:42:40.067] 
[Fastbot][2026-06-02 15:42:40.067] {"jsonrpc":"2.0","id":1,"result":true}

[Fastbot][2026-06-02 15:42:40.067] <-- END HTTP (39-byte body)
[Fastbot][2026-06-02 15:42:41.111] // [Script] current activity is de.rampro.activitydiary.ui.settings.SettingsActivity
[Fastbot][2026-06-02 15:42:41.111] [Proxy Server] Forwarding
[Fastbot][2026-06-02 15:42:41.111] --> POST http://127.0.0.1:9008/jsonrpc/0
[Fastbot][2026-06-02 15:42:41.112] Content-Type: application/json; charset=utf-8
[Fastbot][2026-06-02 15:42:41.112] Content-Length: 163
[Fastbot][2026-06-02 15:42:41.112] 
[Fastbot][2026-06-02 15:42:41.112] {"jsonrpc": "2.0", "id": 1, "method": "exist", "params": [{"mask": 2097152, "childOrSibling": [], "childOrSiblingSelector": [], "resourceId": "android:id/title"}]}
[Fastbot][2026-06-02 15:42:41.112] --> END POST (163-byte body)
[Fastbot][2026-06-02 15:42:41.133] <-- 200 OK  http://127.0.0.1:9008/jsonrpc/0 (20ms)
[Fastbot][2026-06-02 15:42:41.134] Content-Type: application/json
[Fastbot][2026-06-02 15:42:41.134] Date: Tue, 2 Jun 2026 15:42:41 GMT
[Fastbot][2026-06-02 15:42:41.134] Connection: keep-alive
[Fastbot][2026-06-02 15:42:41.134] Transfer-Encoding: chunked
[Fastbot][2026-06-02 15:42:41.135] 
[Fastbot][2026-06-02 15:42:41.135] {"jsonrpc":"2.0","id":1,"result":true}

[Fastbot][2026-06-02 15:42:41.135] <-- END HTTP (39-byte body)
[Fastbot][2026-06-02 15:42:41.173] [Proxy Server] Forwarding
[Fastbot][2026-06-02 15:42:41.173] --> POST http://127.0.0.1:9008/jsonrpc/0
[Fastbot][2026-06-02 15:42:41.175] Content-Type: application/json; charset=utf-8
[Fastbot][2026-06-02 15:42:41.175] Content-Length: 169
[Fastbot][2026-06-02 15:42:41.175] 
[Fastbot][2026-06-02 15:42:41.176] {"jsonrpc": "2.0", "id": 1, "method": "waitForExists", "params": [{"mask": 64, "childOrSibling": [], "childOrSiblingSelector": [], "description": "Navigate up"}, 20000]}
[Fastbot][2026-06-02 15:42:41.177] --> END POST (169-byte body)
[Fastbot][2026-06-02 15:42:41.189] <-- 200 OK  http://127.0.0.1:9008/jsonrpc/0 (12ms)
[Fastbot][2026-06-02 15:42:41.189] Content-Type: application/json
[Fastbot][2026-06-02 15:42:41.189] Date: Tue, 2 Jun 2026 15:42:41 GMT
[Fastbot][2026-06-02 15:42:41.189] Connection: keep-alive
[Fastbot][2026-06-02 15:42:41.189] Transfer-Encoding: chunked
[Fastbot][2026-06-02 15:42:41.190] 
[Fastbot][2026-06-02 15:42:41.190] {"jsonrpc":"2.0","id":1,"result":true}

[Fastbot][2026-06-02 15:42:41.190] <-- END HTTP (39-byte body)
[Fastbot][2026-06-02 15:42:41.220] [Proxy Server] Forwarding
[Fastbot][2026-06-02 15:42:41.221] --> POST http://127.0.0.1:9008/jsonrpc/0
[Fastbot][2026-06-02 15:42:41.221] Content-Type: application/json; charset=utf-8
[Fastbot][2026-06-02 15:42:41.221] Content-Length: 156
[Fastbot][2026-06-02 15:42:41.222] 
[Fastbot][2026-06-02 15:42:41.222] {"jsonrpc": "2.0", "id": 1, "method": "objInfo", "params": [{"mask": 64, "childOrSibling": [], "childOrSiblingSelector": [], "description": "Navigate up"}]}
[Fastbot][2026-06-02 15:42:41.222] --> END POST (156-byte body)
[Fastbot][2026-06-02 15:42:41.251] <-- 200 OK  http://127.0.0.1:9008/jsonrpc/0 (28ms)
[Fastbot][2026-06-02 15:42:41.251] Content-Type: application/json
[Fastbot][2026-06-02 15:42:41.252] Date: Tue, 2 Jun 2026 15:42:41 GMT
[Fastbot][2026-06-02 15:42:41.252] Connection: keep-alive
[Fastbot][2026-06-02 15:42:41.253] Transfer-Encoding: chunked
[Fastbot][2026-06-02 15:42:41.254] 
[Fastbot][2026-06-02 15:42:41.254] {"jsonrpc":"2.0","id":1,"result":{"bounds":{"bottom":286,"left":0,"right":154,"top":132},"childCount":0,"className":"android.widget.ImageButton","contentDescription":"Navigate up","packageName":"de.rampro.activitydiary.debug","resourceName":null,"text":null,"visibleBounds":{"bottom":286,"left":0,"ri...[truncated]
[Fastbot][2026-06-02 15:42:41.255] <-- END HTTP (479-byte body)
[Fastbot][2026-06-02 15:42:41.281] [Proxy Server] Detected script method: click
[Fastbot][2026-06-02 15:42:41.282] [Proxy Server] Forwarding
[Fastbot][2026-06-02 15:42:41.282] --> POST http://127.0.0.1:9008/jsonrpc/0
[Fastbot][2026-06-02 15:42:41.282] Content-Type: application/json; charset=utf-8
[Fastbot][2026-06-02 15:42:41.283] Content-Length: 71
[Fastbot][2026-06-02 15:42:41.283] 
[Fastbot][2026-06-02 15:42:41.284] {"jsonrpc": "2.0", "id": 1, "method": "click", "params": [77.0, 209.0]}
[Fastbot][2026-06-02 15:42:41.284] --> END POST (71-byte body)
[Fastbot][2026-06-02 15:42:41.442]     // activityResuming(de.rampro.activitydiary.debug)
[Fastbot][2026-06-02 15:42:41.460] <-- 200 OK  http://127.0.0.1:9008/jsonrpc/0 (175ms)
[Fastbot][2026-06-02 15:42:41.461] Content-Type: application/json
[Fastbot][2026-06-02 15:42:41.461] Date: Tue, 2 Jun 2026 15:42:41 GMT
[Fastbot][2026-06-02 15:42:41.461] Connection: keep-alive
[Fastbot][2026-06-02 15:42:41.478] Transfer-Encoding: chunked
[Fastbot][2026-06-02 15:42:41.480] 
[Fastbot][2026-06-02 15:42:41.480] {"jsonrpc":"2.0","id":1,"result":true}

[Fastbot][2026-06-02 15:42:41.481] <-- END HTTP (39-byte body)
[Fastbot][2026-06-02 15:42:42.761] --> POST http://127.0.0.1:9008/jsonrpc/0
[Fastbot][2026-06-02 15:42:42.761] Content-Type: application/json; charset=utf-8
[Fastbot][2026-06-02 15:42:42.761] Content-Length: 75
[Fastbot][2026-06-02 15:42:42.762] 
[Fastbot][2026-06-02 15:42:42.762] {"id":1,"jsonrpc":"2.0","method":"dumpWindowHierarchy","params":[false,50]}
[Fastbot][2026-06-02 15:42:42.762] --> END POST (75-byte body)
[Fastbot][2026-06-02 15:42:42.806] <-- 200 OK  http://127.0.0.1:9008/jsonrpc/0 (43ms)
[Fastbot][2026-06-02 15:42:42.807] Content-Type: application/json
[Fastbot][2026-06-02 15:42:42.807] Date: Tue, 2 Jun 2026 15:42:42 GMT
[Fastbot][2026-06-02 15:42:42.807] Connection: keep-alive
[Fastbot][2026-06-02 15:42:42.808] Transfer-Encoding: chunked
[Fastbot][2026-06-02 15:42:42.809] 
[Fastbot][2026-06-02 15:42:42.810] {"jsonrpc":"2.0","id":1,"result":"<?xml version='1.0' encoding='UTF-8' standalone='yes' ?>\r\n<hierarchy rotation=\"0\">\r\n  <node index=\"0\" text=\"\" resource-id=\"\" class=\"android.widget.FrameLayout\" package=\"com.android.systemui\" content-desc=\"\" checkable=\"false\" checked=\"false\" cli...[truncated]
[Fastbot][2026-06-02 15:42:42.810] <-- END HTTP (49521-byte body)
[Fastbot][2026-06-02 15:42:42.886] // [Script] current activity is de.rampro.activitydiary.ui.main.MainActivity
[Fastbot][2026-06-02 15:42:42.887] [Proxy Server] Forwarding
[Fastbot][2026-06-02 15:42:42.887] --> POST http://127.0.0.1:9008/jsonrpc/0
[Fastbot][2026-06-02 15:42:42.887] Content-Type: application/json; charset=utf-8
[Fastbot][2026-06-02 15:42:42.887] Content-Length: 224
[Fastbot][2026-06-02 15:42:42.887] 
[Fastbot][2026-06-02 15:42:42.887] {"jsonrpc": "2.0", "id": 1, "method": "waitForExists", "params": [{"mask": 18874368, "childOrSibling": [], "childOrSiblingSelector": [], "resourceId": "de.rampro.activitydiary.debug:id/activity_name", "instance": 1}, 20000]}
[Fastbot][2026-06-02 15:42:42.888] --> END POST (224-byte body)
[Fastbot][2026-06-02 15:42:42.896] <-- 200 OK  http://127.0.0.1:9008/jsonrpc/0 (8ms)
[Fastbot][2026-06-02 15:42:42.896] Content-Type: application/json
[Fastbot][2026-06-02 15:42:42.896] Date: Tue, 2 Jun 2026 15:42:42 GMT
[Fastbot][2026-06-02 15:42:42.897] Connection: keep-alive
[Fastbot][2026-06-02 15:42:42.897] Transfer-Encoding: chunked
[Fastbot][2026-06-02 15:42:42.898] 
[Fastbot][2026-06-02 15:42:42.898] {"jsonrpc":"2.0","id":1,"result":true}

[Fastbot][2026-06-02 15:42:42.898] <-- END HTTP (39-byte body)
[Fastbot][2026-06-02 15:42:42.948] [Proxy Server] Forwarding
[Fastbot][2026-06-02 15:42:42.949] --> POST http://127.0.0.1:9008/jsonrpc/0
[Fastbot][2026-06-02 15:42:42.949] Content-Type: application/json; charset=utf-8
[Fastbot][2026-06-02 15:42:42.949] Content-Length: 211
[Fastbot][2026-06-02 15:42:42.949] 
[Fastbot][2026-06-02 15:42:42.949] {"jsonrpc": "2.0", "id": 1, "method": "objInfo", "params": [{"mask": 18874368, "childOrSibling": [], "childOrSiblingSelector": [], "resourceId": "de.rampro.activitydiary.debug:id/activity_name", "instance": 1}]}
[Fastbot][2026-06-02 15:42:42.950] --> END POST (211-byte body)
[Fastbot][2026-06-02 15:42:43.003] <-- 200 OK  http://127.0.0.1:9008/jsonrpc/0 (52ms)
[Fastbot][2026-06-02 15:42:43.003] Content-Type: application/json
[Fastbot][2026-06-02 15:42:43.003] Date: Tue, 2 Jun 2026 15:42:43 GMT
[Fastbot][2026-06-02 15:42:43.003] Connection: keep-alive
[Fastbot][2026-06-02 15:42:43.003] Transfer-Encoding: chunked
[Fastbot][2026-06-02 15:42:43.005] 
[Fastbot][2026-06-02 15:42:43.006] {"jsonrpc":"2.0","id":1,"result":{"bounds":{"bottom":938,"left":12,"right":507,"top":850},"childCount":0,"className":"android.widget.TextView","contentDescription":"","packageName":"de.rampro.activitydiary.debug","resourceName":null,"text":"Cinema (24.79)","visibleBounds":{"bottom":938,"left":12,"ri...[truncated]
[Fastbot][2026-06-02 15:42:43.006] <-- END HTTP (481-byte body)
[Fastbot][2026-06-02 15:42:43.041] [Proxy Server] Detected script method: click
[Fastbot][2026-06-02 15:42:43.041] [Proxy Server] Forwarding
[Fastbot][2026-06-02 15:42:43.042] --> POST http://127.0.0.1:9008/jsonrpc/0
[Fastbot][2026-06-02 15:42:43.042] Content-Type: application/json; charset=utf-8
[Fastbot][2026-06-02 15:42:43.042] Content-Length: 72
[Fastbot][2026-06-02 15:42:43.042] 
[Fastbot][2026-06-02 15:42:43.042] {"jsonrpc": "2.0", "id": 1, "method": "click", "params": [259.5, 894.0]}
[Fastbot][2026-06-02 15:42:43.043] --> END POST (72-byte body)
[Fastbot][2026-06-02 15:42:43.180] <-- 200 OK  http://127.0.0.1:9008/jsonrpc/0 (137ms)
[Fastbot][2026-06-02 15:42:43.180] Content-Type: application/json
[Fastbot][2026-06-02 15:42:43.180] Date: Tue, 2 Jun 2026 15:42:43 GMT
[Fastbot][2026-06-02 15:42:43.180] Connection: keep-alive
[Fastbot][2026-06-02 15:42:43.180] Transfer-Encoding: chunked
[Fastbot][2026-06-02 15:42:43.181] 
[Fastbot][2026-06-02 15:42:43.181] {"jsonrpc":"2.0","id":1,"result":true}

[Fastbot][2026-06-02 15:42:43.181] <-- END HTTP (39-byte body)
[Fastbot][2026-06-02 15:42:44.227] [Proxy Server] Forwarding
[Fastbot][2026-06-02 15:42:44.227] --> POST http://127.0.0.1:9008/jsonrpc/0
[Fastbot][2026-06-02 15:42:44.228] Content-Type: application/json; charset=utf-8
[Fastbot][2026-06-02 15:42:44.228] Content-Length: 208
[Fastbot][2026-06-02 15:42:44.228] 
[Fastbot][2026-06-02 15:42:44.229] {"jsonrpc": "2.0", "id": 1, "method": "waitForExists", "params": [{"mask": 2097152, "childOrSibling": [], "childOrSiblingSelector": [], "resourceId": "de.rampro.activitydiary.debug:id/fab_edit_note"}, 20000]}
[Fastbot][2026-06-02 15:42:44.229] --> END POST (208-byte body)
[Fastbot][2026-06-02 15:42:44.255] <-- 200 OK  http://127.0.0.1:9008/jsonrpc/0 (25ms)
[Fastbot][2026-06-02 15:42:44.255] Content-Type: application/json
[Fastbot][2026-06-02 15:42:44.255] Date: Tue, 2 Jun 2026 15:42:44 GMT
[Fastbot][2026-06-02 15:42:44.256] Connection: keep-alive
[Fastbot][2026-06-02 15:42:44.256] Transfer-Encoding: chunked
[Fastbot][2026-06-02 15:42:44.257] 
[Fastbot][2026-06-02 15:42:44.257] {"jsonrpc":"2.0","id":1,"result":true}

[Fastbot][2026-06-02 15:42:44.257] <-- END HTTP (39-byte body)
[Fastbot][2026-06-02 15:42:44.291] [Proxy Server] Forwarding
[Fastbot][2026-06-02 15:42:44.291] --> POST http://127.0.0.1:9008/jsonrpc/0
[Fastbot][2026-06-02 15:42:44.291] Content-Type: application/json; charset=utf-8
[Fastbot][2026-06-02 15:42:44.291] Content-Length: 195
[Fastbot][2026-06-02 15:42:44.292] 
[Fastbot][2026-06-02 15:42:44.292] {"jsonrpc": "2.0", "id": 1, "method": "objInfo", "params": [{"mask": 2097152, "childOrSibling": [], "childOrSiblingSelector": [], "resourceId": "de.rampro.activitydiary.debug:id/fab_edit_note"}]}
[Fastbot][2026-06-02 15:42:44.293] --> END POST (195-byte body)
[Fastbot][2026-06-02 15:42:44.316] <-- 200 OK  http://127.0.0.1:9008/jsonrpc/0 (23ms)
[Fastbot][2026-06-02 15:42:44.316] Content-Type: application/json
[Fastbot][2026-06-02 15:42:44.316] Date: Tue, 2 Jun 2026 15:42:44 GMT
[Fastbot][2026-06-02 15:42:44.316] Connection: keep-alive
[Fastbot][2026-06-02 15:42:44.316] Transfer-Encoding: chunked
[Fastbot][2026-06-02 15:42:44.317] 
[Fastbot][2026-06-02 15:42:44.317] {"jsonrpc":"2.0","id":1,"result":{"bounds":{"bottom":858,"left":882,"right":1036,"top":704},"childCount":0,"className":"android.widget.ImageButton","contentDescription":null,"packageName":"de.rampro.activitydiary.debug","resourceName":"de.rampro.activitydiary.debug:id/fab_edit_note","text":null,"vis...[truncated]
[Fastbot][2026-06-02 15:42:44.318] <-- END HTTP (520-byte body)
[Fastbot][2026-06-02 15:42:44.351] [Proxy Server] Detected script method: click
[Fastbot][2026-06-02 15:42:44.351] [Proxy Server] Forwarding
[Fastbot][2026-06-02 15:42:44.352] --> POST http://127.0.0.1:9008/jsonrpc/0
[Fastbot][2026-06-02 15:42:44.352] Content-Type: application/json; charset=utf-8
[Fastbot][2026-06-02 15:42:44.353] Content-Length: 72
[Fastbot][2026-06-02 15:42:44.353] 
[Fastbot][2026-06-02 15:42:44.353] {"jsonrpc": "2.0", "id": 1, "method": "click", "params": [959.0, 781.0]}
[Fastbot][2026-06-02 15:42:44.353] --> END POST (72-byte body)
[Fastbot][2026-06-02 15:42:44.514] <-- 200 OK  http://127.0.0.1:9008/jsonrpc/0 (160ms)
[Fastbot][2026-06-02 15:42:44.514] Content-Type: application/json
[Fastbot][2026-06-02 15:42:44.514] Date: Tue, 2 Jun 2026 15:42:44 GMT
[Fastbot][2026-06-02 15:42:44.514] Connection: keep-alive
[Fastbot][2026-06-02 15:42:44.515] Transfer-Encoding: chunked
[Fastbot][2026-06-02 15:42:44.516] 
[Fastbot][2026-06-02 15:42:44.516] {"jsonrpc":"2.0","id":1,"result":true}

[Fastbot][2026-06-02 15:42:44.516] <-- END HTTP (39-byte body)
[Fastbot][2026-06-02 15:42:45.555] [Proxy Server] Forwarding
[Fastbot][2026-06-02 15:42:45.556] --> POST http://127.0.0.1:9008/jsonrpc/0
[Fastbot][2026-06-02 15:42:45.556] Content-Type: application/json; charset=utf-8
[Fastbot][2026-06-02 15:42:45.556] Content-Length: 203
[Fastbot][2026-06-02 15:42:45.557] 
[Fastbot][2026-06-02 15:42:45.557] {"jsonrpc": "2.0", "id": 1, "method": "waitForExists", "params": [{"mask": 2097152, "childOrSibling": [], "childOrSiblingSelector": [], "resourceId": "de.rampro.activitydiary.debug:id/noteText"}, 20000]}
[Fastbot][2026-06-02 15:42:45.557] --> END POST (203-byte body)
[Fastbot][2026-06-02 15:42:45.595] <-- 200 OK  http://127.0.0.1:9008/jsonrpc/0 (37ms)
[Fastbot][2026-06-02 15:42:45.596] Content-Type: application/json
[Fastbot][2026-06-02 15:42:45.596] Date: Tue, 2 Jun 2026 15:42:45 GMT
[Fastbot][2026-06-02 15:42:45.596] Connection: keep-alive
[Fastbot][2026-06-02 15:42:45.596] Transfer-Encoding: chunked
[Fastbot][2026-06-02 15:42:45.597] 
[Fastbot][2026-06-02 15:42:45.598] {"jsonrpc":"2.0","id":1,"result":true}

[Fastbot][2026-06-02 15:42:45.598] <-- END HTTP (39-byte body)
[Fastbot][2026-06-02 15:42:45.635] [Proxy Server] Detected script method: setText
[Fastbot][2026-06-02 15:42:45.636] [Proxy Server] Forwarding
[Fastbot][2026-06-02 15:42:45.637] --> POST http://127.0.0.1:9008/jsonrpc/0
[Fastbot][2026-06-02 15:42:45.638] Content-Type: application/json; charset=utf-8
[Fastbot][2026-06-02 15:42:45.638] Content-Length: 200
[Fastbot][2026-06-02 15:42:45.638] 
[Fastbot][2026-06-02 15:42:45.639] {"jsonrpc": "2.0", "id": 1, "method": "setText", "params": [{"mask": 2097152, "childOrSibling": [], "childOrSiblingSelector": [], "resourceId": "de.rampro.activitydiary.debug:id/noteText"}, "ojZniU"]}
[Fastbot][2026-06-02 15:42:45.639] --> END POST (200-byte body)
[Fastbot][2026-06-02 15:42:45.736] <-- 200 OK  http://127.0.0.1:9008/jsonrpc/0 (96ms)
[Fastbot][2026-06-02 15:42:45.736] Content-Type: application/json
[Fastbot][2026-06-02 15:42:45.736] Date: Tue, 2 Jun 2026 15:42:45 GMT
[Fastbot][2026-06-02 15:42:45.736] Connection: keep-alive
[Fastbot][2026-06-02 15:42:45.737] Transfer-Encoding: chunked
[Fastbot][2026-06-02 15:42:45.737] 
[Fastbot][2026-06-02 15:42:45.737] {"jsonrpc":"2.0","id":1,"result":true}

[Fastbot][2026-06-02 15:42:45.737] <-- END HTTP (39-byte body)
[Fastbot][2026-06-02 15:42:46.774] [Proxy Server] Forwarding
[Fastbot][2026-06-02 15:42:46.774] --> POST http://127.0.0.1:9008/jsonrpc/0
[Fastbot][2026-06-02 15:42:46.775] Content-Type: application/json; charset=utf-8
[Fastbot][2026-06-02 15:42:46.775] Content-Length: 194
[Fastbot][2026-06-02 15:42:46.776] 
[Fastbot][2026-06-02 15:42:46.776] {"jsonrpc": "2.0", "id": 1, "method": "waitForExists", "params": [{"mask": 2097153, "childOrSibling": [], "childOrSiblingSelector": [], "resourceId": "android:id/button1", "text": "OK"}, 20000]}
[Fastbot][2026-06-02 15:42:46.776] --> END POST (194-byte body)
[Fastbot][2026-06-02 15:42:46.895] <-- 200 OK  http://127.0.0.1:9008/jsonrpc/0 (119ms)
[Fastbot][2026-06-02 15:42:46.896] Content-Type: application/json
[Fastbot][2026-06-02 15:42:46.897] Date: Tue, 2 Jun 2026 15:42:46 GMT
[Fastbot][2026-06-02 15:42:46.898] Connection: keep-alive
[Fastbot][2026-06-02 15:42:46.898] Transfer-Encoding: chunked
[Fastbot][2026-06-02 15:42:46.899] 
[Fastbot][2026-06-02 15:42:46.899] {"jsonrpc":"2.0","id":1,"result":true}

[Fastbot][2026-06-02 15:42:46.899] <-- END HTTP (39-byte body)
[Fastbot][2026-06-02 15:42:46.933] [Proxy Server] Forwarding
[Fastbot][2026-06-02 15:42:46.934] --> POST http://127.0.0.1:9008/jsonrpc/0
[Fastbot][2026-06-02 15:42:46.935] Content-Type: application/json; charset=utf-8
[Fastbot][2026-06-02 15:42:46.935] Content-Length: 181
[Fastbot][2026-06-02 15:42:46.935] 
[Fastbot][2026-06-02 15:42:46.935] {"jsonrpc": "2.0", "id": 1, "method": "objInfo", "params": [{"mask": 2097153, "childOrSibling": [], "childOrSiblingSelector": [], "resourceId": "android:id/button1", "text": "OK"}]}
[Fastbot][2026-06-02 15:42:46.935] --> END POST (181-byte body)
[Fastbot][2026-06-02 15:42:47.212] <-- 200 OK  http://127.0.0.1:9008/jsonrpc/0 (276ms)
[Fastbot][2026-06-02 15:42:47.213] Content-Type: application/json
[Fastbot][2026-06-02 15:42:47.213] Date: Tue, 2 Jun 2026 15:42:47 GMT
[Fastbot][2026-06-02 15:42:47.213] Connection: keep-alive
[Fastbot][2026-06-02 15:42:47.213] Transfer-Encoding: chunked
[Fastbot][2026-06-02 15:42:47.214] 
[Fastbot][2026-06-02 15:42:47.214] {"jsonrpc":"2.0","id":1,"result":{"bounds":{"bottom":1050,"left":799,"right":964,"top":934},"childCount":0,"className":"android.widget.Button","contentDescription":null,"packageName":"de.rampro.activitydiary.debug","resourceName":"android:id/button1","text":"OK","visibleBounds":{"bottom":1050,"left"...[truncated]
[Fastbot][2026-06-02 15:42:47.214] <-- END HTTP (487-byte body)
[Fastbot][2026-06-02 15:42:47.246] [Proxy Server] Detected script method: click
[Fastbot][2026-06-02 15:42:47.247] [Proxy Server] Forwarding
[Fastbot][2026-06-02 15:42:47.247] --> POST http://127.0.0.1:9008/jsonrpc/0
[Fastbot][2026-06-02 15:42:47.248] Content-Type: application/json; charset=utf-8
[Fastbot][2026-06-02 15:42:47.248] Content-Length: 72
[Fastbot][2026-06-02 15:42:47.249] 
[Fastbot][2026-06-02 15:42:47.249] {"jsonrpc": "2.0", "id": 1, "method": "click", "params": [881.5, 992.0]}
[Fastbot][2026-06-02 15:42:47.249] --> END POST (72-byte body)
[Fastbot][2026-06-02 15:42:47.452] <-- 200 OK  http://127.0.0.1:9008/jsonrpc/0 (202ms)
[Fastbot][2026-06-02 15:42:47.452] Content-Type: application/json
[Fastbot][2026-06-02 15:42:47.453] Date: Tue, 2 Jun 2026 15:42:47 GMT
[Fastbot][2026-06-02 15:42:47.453] Connection: keep-alive
[Fastbot][2026-06-02 15:42:47.453] Transfer-Encoding: chunked
[Fastbot][2026-06-02 15:42:47.454] 
[Fastbot][2026-06-02 15:42:47.454] {"jsonrpc":"2.0","id":1,"result":true}

[Fastbot][2026-06-02 15:42:47.454] <-- END HTTP (39-byte body)
[Fastbot][2026-06-02 15:42:48.509] [Proxy Server] Forwarding
[Fastbot][2026-06-02 15:42:48.509] --> POST http://127.0.0.1:9008/jsonrpc/0
[Fastbot][2026-06-02 15:42:48.509] Content-Type: application/json; charset=utf-8
[Fastbot][2026-06-02 15:42:48.510] Content-Length: 202
[Fastbot][2026-06-02 15:42:48.510] 
[Fastbot][2026-06-02 15:42:48.511] {"jsonrpc": "2.0", "id": 1, "method": "exist", "params": [{"mask": 2097153, "childOrSibling": [], "childOrSiblingSelector": [], "resourceId": "de.rampro.activitydiary.debug:id/note", "text": "ojZniU"}]}
[Fastbot][2026-06-02 15:42:48.511] --> END POST (202-byte body)
[Fastbot][2026-06-02 15:42:48.530] <-- 200 OK  http://127.0.0.1:9008/jsonrpc/0 (18ms)
[Fastbot][2026-06-02 15:42:48.530] Content-Type: application/json
[Fastbot][2026-06-02 15:42:48.530] Date: Tue, 2 Jun 2026 15:42:48 GMT
[Fastbot][2026-06-02 15:42:48.530] Connection: keep-alive
[Fastbot][2026-06-02 15:42:48.530] Transfer-Encoding: chunked
[Fastbot][2026-06-02 15:42:48.531] 
[Fastbot][2026-06-02 15:42:48.531] {"jsonrpc":"2.0","id":1,"result":true}

[Fastbot][2026-06-02 15:42:48.531] <-- END HTTP (39-byte body)
[Fastbot][2026-06-02 15:42:48.823] --> POST http://127.0.0.1:9008/jsonrpc/0
[Fastbot][2026-06-02 15:42:48.823] Content-Type: application/json; charset=utf-8
[Fastbot][2026-06-02 15:42:48.823] Content-Length: 75
[Fastbot][2026-06-02 15:42:48.823] 
[Fastbot][2026-06-02 15:42:48.824] {"id":1,"jsonrpc":"2.0","method":"dumpWindowHierarchy","params":[false,50]}
[Fastbot][2026-06-02 15:42:48.824] --> END POST (75-byte body)
[Fastbot][2026-06-02 15:42:48.863] <-- 200 OK  http://127.0.0.1:9008/jsonrpc/0 (38ms)
[Fastbot][2026-06-02 15:42:48.863] Content-Type: application/json
[Fastbot][2026-06-02 15:42:48.863] Date: Tue, 2 Jun 2026 15:42:48 GMT
[Fastbot][2026-06-02 15:42:48.863] Connection: keep-alive
[Fastbot][2026-06-02 15:42:48.863] Transfer-Encoding: chunked
[Fastbot][2026-06-02 15:42:48.865] 
[Fastbot][2026-06-02 15:42:48.866] {"jsonrpc":"2.0","id":1,"result":"<?xml version='1.0' encoding='UTF-8' standalone='yes' ?>\r\n<hierarchy rotation=\"0\">\r\n  <node index=\"0\" text=\"\" resource-id=\"\" class=\"android.widget.FrameLayout\" package=\"com.android.systemui\" content-desc=\"\" checkable=\"false\" checked=\"false\" cli...[truncated]
[Fastbot][2026-06-02 15:42:48.866] <-- END HTTP (49988-byte body)
[Fastbot][2026-06-02 15:42:48.950] [Proxy Server] Forwarding
[Fastbot][2026-06-02 15:42:48.951] --> POST http://127.0.0.1:9008/jsonrpc/0
[Fastbot][2026-06-02 15:42:48.951] Content-Type: application/json; charset=utf-8
[Fastbot][2026-06-02 15:42:48.951] Content-Length: 173
[Fastbot][2026-06-02 15:42:48.952] 
[Fastbot][2026-06-02 15:42:48.952] {"jsonrpc": "2.0", "id": 1, "method": "waitForExists", "params": [{"mask": 64, "childOrSibling": [], "childOrSiblingSelector": [], "description": "Open navigation"}, 20000]}
[Fastbot][2026-06-02 15:42:48.952] --> END POST (173-byte body)
[Fastbot][2026-06-02 15:42:48.964] <-- 200 OK  http://127.0.0.1:9008/jsonrpc/0 (11ms)
[Fastbot][2026-06-02 15:42:48.964] Content-Type: application/json
[Fastbot][2026-06-02 15:42:48.964] Date: Tue, 2 Jun 2026 15:42:48 GMT
[Fastbot][2026-06-02 15:42:48.964] Connection: keep-alive
[Fastbot][2026-06-02 15:42:48.964] Transfer-Encoding: chunked
[Fastbot][2026-06-02 15:42:48.965] 
[Fastbot][2026-06-02 15:42:48.965] {"jsonrpc":"2.0","id":1,"result":true}

[Fastbot][2026-06-02 15:42:48.965] <-- END HTTP (39-byte body)
[Fastbot][2026-06-02 15:42:49.014] [Proxy Server] Forwarding
[Fastbot][2026-06-02 15:42:49.014] --> POST http://127.0.0.1:9008/jsonrpc/0
[Fastbot][2026-06-02 15:42:49.014] Content-Type: application/json; charset=utf-8
[Fastbot][2026-06-02 15:42:49.014] Content-Length: 160
[Fastbot][2026-06-02 15:42:49.014] 
[Fastbot][2026-06-02 15:42:49.015] {"jsonrpc": "2.0", "id": 1, "method": "objInfo", "params": [{"mask": 64, "childOrSibling": [], "childOrSiblingSelector": [], "description": "Open navigation"}]}
[Fastbot][2026-06-02 15:42:49.015] --> END POST (160-byte body)
[Fastbot][2026-06-02 15:42:49.044] <-- 200 OK  http://127.0.0.1:9008/jsonrpc/0 (28ms)
[Fastbot][2026-06-02 15:42:49.044] Content-Type: application/json
[Fastbot][2026-06-02 15:42:49.044] Date: Tue, 2 Jun 2026 15:42:49 GMT
[Fastbot][2026-06-02 15:42:49.044] Connection: keep-alive
[Fastbot][2026-06-02 15:42:49.044] Transfer-Encoding: chunked
[Fastbot][2026-06-02 15:42:49.046] 
[Fastbot][2026-06-02 15:42:49.046] {"jsonrpc":"2.0","id":1,"result":{"bounds":{"bottom":286,"left":0,"right":154,"top":132},"childCount":0,"className":"android.widget.ImageButton","contentDescription":"Open navigation","packageName":"de.rampro.activitydiary.debug","resourceName":null,"text":null,"visibleBounds":{"bottom":286,"left":0...[truncated]
[Fastbot][2026-06-02 15:42:49.046] <-- END HTTP (483-byte body)
[Fastbot][2026-06-02 15:42:49.090] [Proxy Server] Detected script method: click
[Fastbot][2026-06-02 15:42:49.090] [Proxy Server] Forwarding
[Fastbot][2026-06-02 15:42:49.091] --> POST http://127.0.0.1:9008/jsonrpc/0
[Fastbot][2026-06-02 15:42:49.091] Content-Type: application/json; charset=utf-8
[Fastbot][2026-06-02 15:42:49.091] Content-Length: 71
[Fastbot][2026-06-02 15:42:49.091] 
[Fastbot][2026-06-02 15:42:49.091] {"jsonrpc": "2.0", "id": 1, "method": "click", "params": [77.0, 209.0]}
[Fastbot][2026-06-02 15:42:49.091] --> END POST (71-byte body)
[Fastbot][2026-06-02 15:42:49.240] <-- 200 OK  http://127.0.0.1:9008/jsonrpc/0 (148ms)
[Fastbot][2026-06-02 15:42:49.240] Content-Type: application/json
[Fastbot][2026-06-02 15:42:49.240] Date: Tue, 2 Jun 2026 15:42:49 GMT
[Fastbot][2026-06-02 15:42:49.240] Connection: keep-alive
[Fastbot][2026-06-02 15:42:49.240] Transfer-Encoding: chunked
[Fastbot][2026-06-02 15:42:49.241] 
[Fastbot][2026-06-02 15:42:49.241] {"jsonrpc":"2.0","id":1,"result":true}

[Fastbot][2026-06-02 15:42:49.241] <-- END HTTP (39-byte body)
[Fastbot][2026-06-02 15:42:50.259] [Proxy Server] Forwarding
[Fastbot][2026-06-02 15:42:50.260] --> POST http://127.0.0.1:9008/jsonrpc/0
[Fastbot][2026-06-02 15:42:50.260] Content-Type: application/json; charset=utf-8
[Fastbot][2026-06-02 15:42:50.260] Content-Length: 236
[Fastbot][2026-06-02 15:42:50.260] 
[Fastbot][2026-06-02 15:42:50.261] {"jsonrpc": "2.0", "id": 1, "method": "waitForExists", "params": [{"mask": 2097153, "childOrSibling": [], "childOrSiblingSelector": [], "resourceId": "de.rampro.activitydiary.debug:id/design_menu_item_text", "text": "Settings"}, 20000]}
[Fastbot][2026-06-02 15:42:50.261] --> END POST (236-byte body)
[Fastbot][2026-06-02 15:42:50.291] <-- 200 OK  http://127.0.0.1:9008/jsonrpc/0 (29ms)
[Fastbot][2026-06-02 15:42:50.291] Content-Type: application/json
[Fastbot][2026-06-02 15:42:50.291] Date: Tue, 2 Jun 2026 15:42:50 GMT
[Fastbot][2026-06-02 15:42:50.291] Connection: keep-alive
[Fastbot][2026-06-02 15:42:50.291] Transfer-Encoding: chunked
[Fastbot][2026-06-02 15:42:50.291] 
[Fastbot][2026-06-02 15:42:50.292] {"jsonrpc":"2.0","id":1,"result":true}

[Fastbot][2026-06-02 15:42:50.292] <-- END HTTP (39-byte body)
[Fastbot][2026-06-02 15:42:50.329] [Proxy Server] Forwarding
[Fastbot][2026-06-02 15:42:50.329] --> POST http://127.0.0.1:9008/jsonrpc/0
[Fastbot][2026-06-02 15:42:50.329] Content-Type: application/json; charset=utf-8
[Fastbot][2026-06-02 15:42:50.330] Content-Length: 223
[Fastbot][2026-06-02 15:42:50.330] 
[Fastbot][2026-06-02 15:42:50.330] {"jsonrpc": "2.0", "id": 1, "method": "objInfo", "params": [{"mask": 2097153, "childOrSibling": [], "childOrSiblingSelector": [], "resourceId": "de.rampro.activitydiary.debug:id/design_menu_item_text", "text": "Settings"}]}
[Fastbot][2026-06-02 15:42:50.330] --> END POST (223-byte body)
[Fastbot][2026-06-02 15:42:50.360] <-- 200 OK  http://127.0.0.1:9008/jsonrpc/0 (29ms)
[Fastbot][2026-06-02 15:42:50.360] Content-Type: application/json
[Fastbot][2026-06-02 15:42:50.360] Date: Tue, 2 Jun 2026 15:42:50 GMT
[Fastbot][2026-06-02 15:42:50.360] Connection: keep-alive
[Fastbot][2026-06-02 15:42:50.360] Transfer-Encoding: chunked
[Fastbot][2026-06-02 15:42:50.363] 
[Fastbot][2026-06-02 15:42:50.363] {"jsonrpc":"2.0","id":1,"result":{"bounds":{"bottom":1400,"left":44,"right":726,"top":1268},"childCount":0,"className":"android.widget.CheckedTextView","contentDescription":null,"packageName":"de.rampro.activitydiary.debug","resourceName":"de.rampro.activitydiary.debug:id/design_menu_item_text","tex...[truncated]
[Fastbot][2026-06-02 15:42:50.363] <-- END HTTP (539-byte body)
[Fastbot][2026-06-02 15:42:50.390] [Proxy Server] Detected script method: click
[Fastbot][2026-06-02 15:42:50.390] [Proxy Server] Forwarding
[Fastbot][2026-06-02 15:42:50.390] --> POST http://127.0.0.1:9008/jsonrpc/0
[Fastbot][2026-06-02 15:42:50.390] Content-Type: application/json; charset=utf-8
[Fastbot][2026-06-02 15:42:50.391] Content-Length: 73
[Fastbot][2026-06-02 15:42:50.391] 
[Fastbot][2026-06-02 15:42:50.391] {"jsonrpc": "2.0", "id": 1, "method": "click", "params": [385.0, 1334.0]}
[Fastbot][2026-06-02 15:42:50.391] --> END POST (73-byte body)
[Fastbot][2026-06-02 15:42:50.534] // the top activity is de.rampro.activitydiary.ui.settings.SettingsActivity, phone capture activity is com.android.camera.CaptureActivity
[Fastbot][2026-06-02 15:42:50.535]     // Allowing start of Intent { cmp=de.rampro.activitydiary.debug/de.rampro.activitydiary.ui.settings.SettingsActivity } in package de.rampro.activitydiary.debug
[Fastbot][2026-06-02 15:42:50.547] <-- 200 OK  http://127.0.0.1:9008/jsonrpc/0 (155ms)
[Fastbot][2026-06-02 15:42:50.547] Content-Type: application/json
[Fastbot][2026-06-02 15:42:50.547] Date: Tue, 2 Jun 2026 15:42:50 GMT
[Fastbot][2026-06-02 15:42:50.547] Connection: keep-alive
[Fastbot][2026-06-02 15:42:50.548] Transfer-Encoding: chunked
[Fastbot][2026-06-02 15:42:50.607] 
[Fastbot][2026-06-02 15:42:50.607] {"jsonrpc":"2.0","id":1,"result":true}

[Fastbot][2026-06-02 15:42:50.607] <-- END HTTP (39-byte body)
[Fastbot][2026-06-02 15:42:51.652] // [Script] current activity is de.rampro.activitydiary.ui.settings.SettingsActivity
[Fastbot][2026-06-02 15:42:51.652] [Proxy Server] Forwarding
[Fastbot][2026-06-02 15:42:51.652] --> POST http://127.0.0.1:9008/jsonrpc/0
[Fastbot][2026-06-02 15:42:51.653] Content-Type: application/json; charset=utf-8
[Fastbot][2026-06-02 15:42:51.653] Content-Length: 163
[Fastbot][2026-06-02 15:42:51.654] 
[Fastbot][2026-06-02 15:42:51.654] {"jsonrpc": "2.0", "id": 1, "method": "exist", "params": [{"mask": 2097152, "childOrSibling": [], "childOrSiblingSelector": [], "resourceId": "android:id/title"}]}
[Fastbot][2026-06-02 15:42:51.655] --> END POST (163-byte body)
[Fastbot][2026-06-02 15:42:51.676] <-- 200 OK  http://127.0.0.1:9008/jsonrpc/0 (20ms)
[Fastbot][2026-06-02 15:42:51.676] Content-Type: application/json
[Fastbot][2026-06-02 15:42:51.677] Date: Tue, 2 Jun 2026 15:42:51 GMT
[Fastbot][2026-06-02 15:42:51.678] Connection: keep-alive
[Fastbot][2026-06-02 15:42:51.678] Transfer-Encoding: chunked
[Fastbot][2026-06-02 15:42:51.678] 
[Fastbot][2026-06-02 15:42:51.678] {"jsonrpc":"2.0","id":1,"result":true}

[Fastbot][2026-06-02 15:42:51.679] <-- END HTTP (39-byte body)
[Fastbot][2026-06-02 15:42:51.716] [Proxy Server] Forwarding
[Fastbot][2026-06-02 15:42:51.716] --> POST http://127.0.0.1:9008/jsonrpc/0
[Fastbot][2026-06-02 15:42:51.716] Content-Type: application/json; charset=utf-8
[Fastbot][2026-06-02 15:42:51.716] Content-Length: 169
[Fastbot][2026-06-02 15:42:51.716] 
[Fastbot][2026-06-02 15:42:51.717] {"jsonrpc": "2.0", "id": 1, "method": "waitForExists", "params": [{"mask": 64, "childOrSibling": [], "childOrSiblingSelector": [], "description": "Navigate up"}, 20000]}
[Fastbot][2026-06-02 15:42:51.717] --> END POST (169-byte body)
[Fastbot][2026-06-02 15:42:51.735] <-- 200 OK  http://127.0.0.1:9008/jsonrpc/0 (17ms)
[Fastbot][2026-06-02 15:42:51.735] Content-Type: application/json
[Fastbot][2026-06-02 15:42:51.735] Date: Tue, 2 Jun 2026 15:42:51 GMT
[Fastbot][2026-06-02 15:42:51.735] Connection: keep-alive
[Fastbot][2026-06-02 15:42:51.735] Transfer-Encoding: chunked
[Fastbot][2026-06-02 15:42:51.737] 
[Fastbot][2026-06-02 15:42:51.737] {"jsonrpc":"2.0","id":1,"result":true}

[Fastbot][2026-06-02 15:42:51.737] <-- END HTTP (39-byte body)
[Fastbot][2026-06-02 15:42:51.779] [Proxy Server] Forwarding
[Fastbot][2026-06-02 15:42:51.779] --> POST http://127.0.0.1:9008/jsonrpc/0
[Fastbot][2026-06-02 15:42:51.779] Content-Type: application/json; charset=utf-8
[Fastbot][2026-06-02 15:42:51.779] Content-Length: 156
[Fastbot][2026-06-02 15:42:51.779] 
[Fastbot][2026-06-02 15:42:51.779] {"jsonrpc": "2.0", "id": 1, "method": "objInfo", "params": [{"mask": 64, "childOrSibling": [], "childOrSiblingSelector": [], "description": "Navigate up"}]}
[Fastbot][2026-06-02 15:42:51.780] --> END POST (156-byte body)
[Fastbot][2026-06-02 15:42:51.810] <-- 200 OK  http://127.0.0.1:9008/jsonrpc/0 (30ms)
[Fastbot][2026-06-02 15:42:51.810] Content-Type: application/json
[Fastbot][2026-06-02 15:42:51.810] Date: Tue, 2 Jun 2026 15:42:51 GMT
[Fastbot][2026-06-02 15:42:51.810] Connection: keep-alive
[Fastbot][2026-06-02 15:42:51.810] Transfer-Encoding: chunked
[Fastbot][2026-06-02 15:42:51.811] 
[Fastbot][2026-06-02 15:42:51.812] {"jsonrpc":"2.0","id":1,"result":{"bounds":{"bottom":286,"left":0,"right":154,"top":132},"childCount":0,"className":"android.widget.ImageButton","contentDescription":"Navigate up","packageName":"de.rampro.activitydiary.debug","resourceName":null,"text":null,"visibleBounds":{"bottom":286,"left":0,"ri...[truncated]
[Fastbot][2026-06-02 15:42:51.812] <-- END HTTP (479-byte body)
[Fastbot][2026-06-02 15:42:51.841] [Proxy Server] Detected script method: click
[Fastbot][2026-06-02 15:42:51.841] [Proxy Server] Forwarding
[Fastbot][2026-06-02 15:42:51.841] --> POST http://127.0.0.1:9008/jsonrpc/0
[Fastbot][2026-06-02 15:42:51.842] Content-Type: application/json; charset=utf-8
[Fastbot][2026-06-02 15:42:51.842] Content-Length: 71
[Fastbot][2026-06-02 15:42:51.842] 
[Fastbot][2026-06-02 15:42:51.843] {"jsonrpc": "2.0", "id": 1, "method": "click", "params": [77.0, 209.0]}
[Fastbot][2026-06-02 15:42:51.843] --> END POST (71-byte body)
[Fastbot][2026-06-02 15:42:52.016] <-- 200 OK  http://127.0.0.1:9008/jsonrpc/0 (172ms)
[Fastbot][2026-06-02 15:42:52.016] Content-Type: application/json
[Fastbot][2026-06-02 15:42:52.016] Date: Tue, 2 Jun 2026 15:42:52 GMT
[Fastbot][2026-06-02 15:42:52.017] Connection: keep-alive
[Fastbot][2026-06-02 15:42:52.017] Transfer-Encoding: chunked
[Fastbot][2026-06-02 15:42:52.045]     // activityResuming(de.rampro.activitydiary.debug)
[Fastbot][2026-06-02 15:42:52.057] 
[Fastbot][2026-06-02 15:42:52.057] {"jsonrpc":"2.0","id":1,"result":true}

[Fastbot][2026-06-02 15:42:52.057] <-- END HTTP (39-byte body)
[Fastbot][2026-06-02 15:42:53.306] --> POST http://127.0.0.1:9008/jsonrpc/0
[Fastbot][2026-06-02 15:42:53.306] Content-Type: application/json; charset=utf-8
[Fastbot][2026-06-02 15:42:53.306] Content-Length: 75
[Fastbot][2026-06-02 15:42:53.307] 
[Fastbot][2026-06-02 15:42:53.307] {"id":1,"jsonrpc":"2.0","method":"dumpWindowHierarchy","params":[false,50]}
[Fastbot][2026-06-02 15:42:53.308] --> END POST (75-byte body)
[Fastbot][2026-06-02 15:42:53.340] <-- 200 OK  http://127.0.0.1:9008/jsonrpc/0 (31ms)
[Fastbot][2026-06-02 15:42:53.340] Content-Type: application/json
[Fastbot][2026-06-02 15:42:53.340] Date: Tue, 2 Jun 2026 15:42:53 GMT
[Fastbot][2026-06-02 15:42:53.340] Connection: keep-alive
[Fastbot][2026-06-02 15:42:53.340] Transfer-Encoding: chunked
[Fastbot][2026-06-02 15:42:53.343] 
[Fastbot][2026-06-02 15:42:53.343] {"jsonrpc":"2.0","id":1,"result":"<?xml version='1.0' encoding='UTF-8' standalone='yes' ?>\r\n<hierarchy rotation=\"0\">\r\n  <node index=\"0\" text=\"\" resource-id=\"\" class=\"android.widget.FrameLayout\" package=\"com.android.systemui\" content-desc=\"\" checkable=\"false\" checked=\"false\" cli...[truncated]
[Fastbot][2026-06-02 15:42:53.343] <-- END HTTP (49988-byte body)
[Fastbot][2026-06-02 15:42:53.433] // [Script] current activity is de.rampro.activitydiary.ui.main.MainActivity
[Fastbot][2026-06-02 15:42:53.433] [Proxy Server] Forwarding
[Fastbot][2026-06-02 15:42:53.433] --> POST http://127.0.0.1:9008/jsonrpc/0
[Fastbot][2026-06-02 15:42:53.434] Content-Type: application/json; charset=utf-8
[Fastbot][2026-06-02 15:42:53.434] Content-Length: 224
[Fastbot][2026-06-02 15:42:53.434] 
[Fastbot][2026-06-02 15:42:53.434] {"jsonrpc": "2.0", "id": 1, "method": "waitForExists", "params": [{"mask": 18874368, "childOrSibling": [], "childOrSiblingSelector": [], "resourceId": "de.rampro.activitydiary.debug:id/activity_name", "instance": 1}, 20000]}
[Fastbot][2026-06-02 15:42:53.436] --> END POST (224-byte body)
[Fastbot][2026-06-02 15:42:53.445] <-- 200 OK  http://127.0.0.1:9008/jsonrpc/0 (9ms)
[Fastbot][2026-06-02 15:42:53.445] Content-Type: application/json
[Fastbot][2026-06-02 15:42:53.445] Date: Tue, 2 Jun 2026 15:42:53 GMT
[Fastbot][2026-06-02 15:42:53.445] Connection: keep-alive
[Fastbot][2026-06-02 15:42:53.446] Transfer-Encoding: chunked
[Fastbot][2026-06-02 15:42:53.446] 
[Fastbot][2026-06-02 15:42:53.446] {"jsonrpc":"2.0","id":1,"result":true}

[Fastbot][2026-06-02 15:42:53.446] <-- END HTTP (39-byte body)
[Fastbot][2026-06-02 15:42:53.496] [Proxy Server] Forwarding
[Fastbot][2026-06-02 15:42:53.497] --> POST http://127.0.0.1:9008/jsonrpc/0
[Fastbot][2026-06-02 15:42:53.497] Content-Type: application/json; charset=utf-8
[Fastbot][2026-06-02 15:42:53.497] Content-Length: 211
[Fastbot][2026-06-02 15:42:53.497] 
[Fastbot][2026-06-02 15:42:53.497] {"jsonrpc": "2.0", "id": 1, "method": "objInfo", "params": [{"mask": 18874368, "childOrSibling": [], "childOrSiblingSelector": [], "resourceId": "de.rampro.activitydiary.debug:id/activity_name", "instance": 1}]}
[Fastbot][2026-06-02 15:42:53.498] --> END POST (211-byte body)
[Fastbot][2026-06-02 15:42:53.547] <-- 200 OK  http://127.0.0.1:9008/jsonrpc/0 (48ms)
[Fastbot][2026-06-02 15:42:53.547] Content-Type: application/json
[Fastbot][2026-06-02 15:42:53.547] Date: Tue, 2 Jun 2026 15:42:53 GMT
[Fastbot][2026-06-02 15:42:53.547] Connection: keep-alive
[Fastbot][2026-06-02 15:42:53.547] Transfer-Encoding: chunked
[Fastbot][2026-06-02 15:42:53.548] 
[Fastbot][2026-06-02 15:42:53.549] {"jsonrpc":"2.0","id":1,"result":{"bounds":{"bottom":938,"left":12,"right":507,"top":850},"childCount":0,"className":"android.widget.TextView","contentDescription":"","packageName":"de.rampro.activitydiary.debug","resourceName":null,"text":"Cinema (24.79)","visibleBounds":{"bottom":938,"left":12,"ri...[truncated]
[Fastbot][2026-06-02 15:42:53.549] <-- END HTTP (481-byte body)
[Fastbot][2026-06-02 15:42:53.605] [Proxy Server] Detected script method: click
[Fastbot][2026-06-02 15:42:53.606] [Proxy Server] Forwarding
[Fastbot][2026-06-02 15:42:53.606] --> POST http://127.0.0.1:9008/jsonrpc/0
[Fastbot][2026-06-02 15:42:53.607] Content-Type: application/json; charset=utf-8
[Fastbot][2026-06-02 15:42:53.607] Content-Length: 72
[Fastbot][2026-06-02 15:42:53.607] 
[Fastbot][2026-06-02 15:42:53.607] {"jsonrpc": "2.0", "id": 1, "method": "click", "params": [259.5, 894.0]}
[Fastbot][2026-06-02 15:42:53.607] --> END POST (72-byte body)
[Fastbot][2026-06-02 15:42:53.793] <-- 200 OK  http://127.0.0.1:9008/jsonrpc/0 (185ms)
[Fastbot][2026-06-02 15:42:53.794] Content-Type: application/json
[Fastbot][2026-06-02 15:42:53.794] Date: Tue, 2 Jun 2026 15:42:53 GMT
[Fastbot][2026-06-02 15:42:53.796] Connection: keep-alive
[Fastbot][2026-06-02 15:42:53.796] Transfer-Encoding: chunked
[Fastbot][2026-06-02 15:42:53.797] 
[Fastbot][2026-06-02 15:42:53.797] {"jsonrpc":"2.0","id":1,"result":true}

[Fastbot][2026-06-02 15:42:53.797] <-- END HTTP (39-byte body)
[Fastbot][2026-06-02 15:42:54.836] [Proxy Server] Forwarding
[Fastbot][2026-06-02 15:42:54.837] --> POST http://127.0.0.1:9008/jsonrpc/0
[Fastbot][2026-06-02 15:42:54.837] Content-Type: application/json; charset=utf-8
[Fastbot][2026-06-02 15:42:54.837] Content-Length: 208
[Fastbot][2026-06-02 15:42:54.837] 
[Fastbot][2026-06-02 15:42:54.837] {"jsonrpc": "2.0", "id": 1, "method": "waitForExists", "params": [{"mask": 2097152, "childOrSibling": [], "childOrSiblingSelector": [], "resourceId": "de.rampro.activitydiary.debug:id/fab_edit_note"}, 20000]}
[Fastbot][2026-06-02 15:42:54.838] --> END POST (208-byte body)
[Fastbot][2026-06-02 15:42:54.868] <-- 200 OK  http://127.0.0.1:9008/jsonrpc/0 (30ms)
[Fastbot][2026-06-02 15:42:54.868] Content-Type: application/json
[Fastbot][2026-06-02 15:42:54.869] Date: Tue, 2 Jun 2026 15:42:54 GMT
[Fastbot][2026-06-02 15:42:54.869] Connection: keep-alive
[Fastbot][2026-06-02 15:42:54.869] Transfer-Encoding: chunked
[Fastbot][2026-06-02 15:42:54.869] 
[Fastbot][2026-06-02 15:42:54.870] {"jsonrpc":"2.0","id":1,"result":true}

[Fastbot][2026-06-02 15:42:54.870] <-- END HTTP (39-byte body)
[Fastbot][2026-06-02 15:42:54.914] [Proxy Server] Forwarding
[Fastbot][2026-06-02 15:42:54.914] --> POST http://127.0.0.1:9008/jsonrpc/0
[Fastbot][2026-06-02 15:42:54.915] Content-Type: application/json; charset=utf-8
[Fastbot][2026-06-02 15:42:54.915] Content-Length: 195
[Fastbot][2026-06-02 15:42:54.915] 
[Fastbot][2026-06-02 15:42:54.915] {"jsonrpc": "2.0", "id": 1, "method": "objInfo", "params": [{"mask": 2097152, "childOrSibling": [], "childOrSiblingSelector": [], "resourceId": "de.rampro.activitydiary.debug:id/fab_edit_note"}]}
[Fastbot][2026-06-02 15:42:54.915] --> END POST (195-byte body)
[Fastbot][2026-06-02 15:42:54.941] <-- 200 OK  http://127.0.0.1:9008/jsonrpc/0 (25ms)
[Fastbot][2026-06-02 15:42:54.941] Content-Type: application/json
[Fastbot][2026-06-02 15:42:54.941] Date: Tue, 2 Jun 2026 15:42:54 GMT
[Fastbot][2026-06-02 15:42:54.941] Connection: keep-alive
[Fastbot][2026-06-02 15:42:54.941] Transfer-Encoding: chunked
[Fastbot][2026-06-02 15:42:54.942] 
[Fastbot][2026-06-02 15:42:54.942] {"jsonrpc":"2.0","id":1,"result":{"bounds":{"bottom":858,"left":882,"right":1036,"top":704},"childCount":0,"className":"android.widget.ImageButton","contentDescription":null,"packageName":"de.rampro.activitydiary.debug","resourceName":"de.rampro.activitydiary.debug:id/fab_edit_note","text":null,"vis...[truncated]
[Fastbot][2026-06-02 15:42:54.942] <-- END HTTP (520-byte body)
[Fastbot][2026-06-02 15:42:54.992] [Proxy Server] Detected script method: click
[Fastbot][2026-06-02 15:42:54.992] [Proxy Server] Forwarding
[Fastbot][2026-06-02 15:42:54.992] --> POST http://127.0.0.1:9008/jsonrpc/0
[Fastbot][2026-06-02 15:42:54.993] Content-Type: application/json; charset=utf-8
[Fastbot][2026-06-02 15:42:54.993] Content-Length: 72
[Fastbot][2026-06-02 15:42:54.993] 
[Fastbot][2026-06-02 15:42:54.993] {"jsonrpc": "2.0", "id": 1, "method": "click", "params": [959.0, 781.0]}
[Fastbot][2026-06-02 15:42:54.993] --> END POST (72-byte body)
[Fastbot][2026-06-02 15:42:55.148] <-- 200 OK  http://127.0.0.1:9008/jsonrpc/0 (155ms)
[Fastbot][2026-06-02 15:42:55.149] Content-Type: application/json
[Fastbot][2026-06-02 15:42:55.149] Date: Tue, 2 Jun 2026 15:42:55 GMT
[Fastbot][2026-06-02 15:42:55.149] Connection: keep-alive
[Fastbot][2026-06-02 15:42:55.149] Transfer-Encoding: chunked
[Fastbot][2026-06-02 15:42:55.150] 
[Fastbot][2026-06-02 15:42:55.150] {"jsonrpc":"2.0","id":1,"result":true}

[Fastbot][2026-06-02 15:42:55.150] <-- END HTTP (39-byte body)
[Fastbot][2026-06-02 15:42:56.167] [Proxy Server] Forwarding
[Fastbot][2026-06-02 15:42:56.167] --> POST http://127.0.0.1:9008/jsonrpc/0
[Fastbot][2026-06-02 15:42:56.168] Content-Type: application/json; charset=utf-8
[Fastbot][2026-06-02 15:42:56.168] Content-Length: 203
[Fastbot][2026-06-02 15:42:56.168] 
[Fastbot][2026-06-02 15:42:56.168] {"jsonrpc": "2.0", "id": 1, "method": "waitForExists", "params": [{"mask": 2097152, "childOrSibling": [], "childOrSiblingSelector": [], "resourceId": "de.rampro.activitydiary.debug:id/noteText"}, 20000]}
[Fastbot][2026-06-02 15:42:56.169] --> END POST (203-byte body)
[Fastbot][2026-06-02 15:42:56.212] <-- 200 OK  http://127.0.0.1:9008/jsonrpc/0 (42ms)
[Fastbot][2026-06-02 15:42:56.212] Content-Type: application/json
[Fastbot][2026-06-02 15:42:56.212] Date: Tue, 2 Jun 2026 15:42:56 GMT
[Fastbot][2026-06-02 15:42:56.212] Connection: keep-alive
[Fastbot][2026-06-02 15:42:56.212] Transfer-Encoding: chunked
[Fastbot][2026-06-02 15:42:56.213] 
[Fastbot][2026-06-02 15:42:56.213] {"jsonrpc":"2.0","id":1,"result":true}

[Fastbot][2026-06-02 15:42:56.213] <-- END HTTP (39-byte body)
[Fastbot][2026-06-02 15:42:56.242] [Proxy Server] Detected script method: setText
[Fastbot][2026-06-02 15:42:56.243] [Proxy Server] Forwarding
[Fastbot][2026-06-02 15:42:56.243] --> POST http://127.0.0.1:9008/jsonrpc/0
[Fastbot][2026-06-02 15:42:56.244] Content-Type: application/json; charset=utf-8
[Fastbot][2026-06-02 15:42:56.244] Content-Length: 200
[Fastbot][2026-06-02 15:42:56.244] 
[Fastbot][2026-06-02 15:42:56.245] {"jsonrpc": "2.0", "id": 1, "method": "setText", "params": [{"mask": 2097152, "childOrSibling": [], "childOrSiblingSelector": [], "resourceId": "de.rampro.activitydiary.debug:id/noteText"}, "IJaInI"]}
[Fastbot][2026-06-02 15:42:56.245] --> END POST (200-byte body)
[Fastbot][2026-06-02 15:42:56.599] <-- 200 OK  http://127.0.0.1:9008/jsonrpc/0 (354ms)
[Fastbot][2026-06-02 15:42:56.599] Content-Type: application/json
[Fastbot][2026-06-02 15:42:56.599] Date: Tue, 2 Jun 2026 15:42:56 GMT
[Fastbot][2026-06-02 15:42:56.599] Connection: keep-alive
[Fastbot][2026-06-02 15:42:56.599] Transfer-Encoding: chunked
[Fastbot][2026-06-02 15:42:56.601] 
[Fastbot][2026-06-02 15:42:56.601] {"jsonrpc":"2.0","id":1,"result":true}

[Fastbot][2026-06-02 15:42:56.601] <-- END HTTP (39-byte body)
[Fastbot][2026-06-02 15:42:57.639] [Proxy Server] Forwarding
[Fastbot][2026-06-02 15:42:57.640] --> POST http://127.0.0.1:9008/jsonrpc/0
[Fastbot][2026-06-02 15:42:57.640] Content-Type: application/json; charset=utf-8
[Fastbot][2026-06-02 15:42:57.641] Content-Length: 194
[Fastbot][2026-06-02 15:42:57.641] 
[Fastbot][2026-06-02 15:42:57.642] {"jsonrpc": "2.0", "id": 1, "method": "waitForExists", "params": [{"mask": 2097153, "childOrSibling": [], "childOrSiblingSelector": [], "resourceId": "android:id/button1", "text": "OK"}, 20000]}
[Fastbot][2026-06-02 15:42:57.642] --> END POST (194-byte body)
[Fastbot][2026-06-02 15:42:57.780] <-- 200 OK  http://127.0.0.1:9008/jsonrpc/0 (138ms)
[Fastbot][2026-06-02 15:42:57.781] Content-Type: application/json
[Fastbot][2026-06-02 15:42:57.781] Date: Tue, 2 Jun 2026 15:42:57 GMT
[Fastbot][2026-06-02 15:42:57.781] Connection: keep-alive
[Fastbot][2026-06-02 15:42:57.781] Transfer-Encoding: chunked
[Fastbot][2026-06-02 15:42:57.783] 
[Fastbot][2026-06-02 15:42:57.783] {"jsonrpc":"2.0","id":1,"result":true}

[Fastbot][2026-06-02 15:42:57.783] <-- END HTTP (39-byte body)
[Fastbot][2026-06-02 15:42:57.825] [Proxy Server] Forwarding
[Fastbot][2026-06-02 15:42:57.826] --> POST http://127.0.0.1:9008/jsonrpc/0
[Fastbot][2026-06-02 15:42:57.826] Content-Type: application/json; charset=utf-8
[Fastbot][2026-06-02 15:42:57.826] Content-Length: 181
[Fastbot][2026-06-02 15:42:57.828] 
[Fastbot][2026-06-02 15:42:57.829] {"jsonrpc": "2.0", "id": 1, "method": "objInfo", "params": [{"mask": 2097153, "childOrSibling": [], "childOrSiblingSelector": [], "resourceId": "android:id/button1", "text": "OK"}]}
[Fastbot][2026-06-02 15:42:57.829] --> END POST (181-byte body)
[Fastbot][2026-06-02 15:42:57.861] <-- 200 OK  http://127.0.0.1:9008/jsonrpc/0 (31ms)
[Fastbot][2026-06-02 15:42:57.861] Content-Type: application/json
[Fastbot][2026-06-02 15:42:57.862] Date: Tue, 2 Jun 2026 15:42:57 GMT
[Fastbot][2026-06-02 15:42:57.862] Connection: keep-alive
[Fastbot][2026-06-02 15:42:57.862] Transfer-Encoding: chunked
[Fastbot][2026-06-02 15:42:57.864] 
[Fastbot][2026-06-02 15:42:57.864] {"jsonrpc":"2.0","id":1,"result":{"bounds":{"bottom":1050,"left":799,"right":964,"top":934},"childCount":0,"className":"android.widget.Button","contentDescription":null,"packageName":"de.rampro.activitydiary.debug","resourceName":"android:id/button1","text":"OK","visibleBounds":{"bottom":1050,"left"...[truncated]
[Fastbot][2026-06-02 15:42:57.864] <-- END HTTP (487-byte body)
[Fastbot][2026-06-02 15:42:57.904] [Proxy Server] Detected script method: click
[Fastbot][2026-06-02 15:42:57.905] [Proxy Server] Forwarding
[Fastbot][2026-06-02 15:42:57.905] --> POST http://127.0.0.1:9008/jsonrpc/0
[Fastbot][2026-06-02 15:42:57.906] Content-Type: application/json; charset=utf-8
[Fastbot][2026-06-02 15:42:57.906] Content-Length: 72
[Fastbot][2026-06-02 15:42:57.906] 
[Fastbot][2026-06-02 15:42:57.906] {"jsonrpc": "2.0", "id": 1, "method": "click", "params": [881.5, 992.0]}
[Fastbot][2026-06-02 15:42:57.906] --> END POST (72-byte body)
[Fastbot][2026-06-02 15:42:58.029] <-- 200 OK  http://127.0.0.1:9008/jsonrpc/0 (122ms)
[Fastbot][2026-06-02 15:42:58.029] Content-Type: application/json
[Fastbot][2026-06-02 15:42:58.029] Date: Tue, 2 Jun 2026 15:42:58 GMT
[Fastbot][2026-06-02 15:42:58.029] Connection: keep-alive
[Fastbot][2026-06-02 15:42:58.030] Transfer-Encoding: chunked
[Fastbot][2026-06-02 15:42:58.030] 
[Fastbot][2026-06-02 15:42:58.031] {"jsonrpc":"2.0","id":1,"result":true}

[Fastbot][2026-06-02 15:42:58.031] <-- END HTTP (39-byte body)
[Fastbot][2026-06-02 15:42:59.063] [Proxy Server] Forwarding
[Fastbot][2026-06-02 15:42:59.064] --> POST http://127.0.0.1:9008/jsonrpc/0
[Fastbot][2026-06-02 15:42:59.064] Content-Type: application/json; charset=utf-8
[Fastbot][2026-06-02 15:42:59.064] Content-Length: 202
[Fastbot][2026-06-02 15:42:59.064] 
[Fastbot][2026-06-02 15:42:59.064] {"jsonrpc": "2.0", "id": 1, "method": "exist", "params": [{"mask": 2097153, "childOrSibling": [], "childOrSiblingSelector": [], "resourceId": "de.rampro.activitydiary.debug:id/note", "text": "IJaInI"}]}
[Fastbot][2026-06-02 15:42:59.064] --> END POST (202-byte body)
[Fastbot][2026-06-02 15:42:59.087] <-- 200 OK  http://127.0.0.1:9008/jsonrpc/0 (22ms)
[Fastbot][2026-06-02 15:42:59.087] Content-Type: application/json
[Fastbot][2026-06-02 15:42:59.087] Date: Tue, 2 Jun 2026 15:42:59 GMT
[Fastbot][2026-06-02 15:42:59.087] Connection: keep-alive
[Fastbot][2026-06-02 15:42:59.087] Transfer-Encoding: chunked
[Fastbot][2026-06-02 15:42:59.088] 
[Fastbot][2026-06-02 15:42:59.088] {"jsonrpc":"2.0","id":1,"result":true}

[Fastbot][2026-06-02 15:42:59.088] <-- END HTTP (39-byte body)
[Fastbot][2026-06-02 15:42:59.359] --> POST http://127.0.0.1:9008/jsonrpc/0
[Fastbot][2026-06-02 15:42:59.359] Content-Type: application/json; charset=utf-8
[Fastbot][2026-06-02 15:42:59.360] Content-Length: 75
[Fastbot][2026-06-02 15:42:59.360] 
[Fastbot][2026-06-02 15:42:59.360] {"id":1,"jsonrpc":"2.0","method":"dumpWindowHierarchy","params":[false,50]}
[Fastbot][2026-06-02 15:42:59.360] --> END POST (75-byte body)
[Fastbot][2026-06-02 15:42:59.398] <-- 200 OK  http://127.0.0.1:9008/jsonrpc/0 (37ms)
[Fastbot][2026-06-02 15:42:59.398] Content-Type: application/json
[Fastbot][2026-06-02 15:42:59.398] Date: Tue, 2 Jun 2026 15:42:59 GMT
[Fastbot][2026-06-02 15:42:59.398] Connection: keep-alive
[Fastbot][2026-06-02 15:42:59.398] Transfer-Encoding: chunked
[Fastbot][2026-06-02 15:42:59.400] 
[Fastbot][2026-06-02 15:42:59.400] {"jsonrpc":"2.0","id":1,"result":"<?xml version='1.0' encoding='UTF-8' standalone='yes' ?>\r\n<hierarchy rotation=\"0\">\r\n  <node index=\"0\" text=\"\" resource-id=\"\" class=\"android.widget.FrameLayout\" package=\"com.android.systemui\" content-desc=\"\" checkable=\"false\" checked=\"false\" cli...[truncated]
[Fastbot][2026-06-02 15:42:59.400] <-- END HTTP (49988-byte body)
[Fastbot][2026-06-02 15:42:59.487] [Proxy Server] Forwarding
[Fastbot][2026-06-02 15:42:59.488] --> POST http://127.0.0.1:9008/jsonrpc/0
[Fastbot][2026-06-02 15:42:59.488] Content-Type: application/json; charset=utf-8
[Fastbot][2026-06-02 15:42:59.488] Content-Length: 173
[Fastbot][2026-06-02 15:42:59.488] 
[Fastbot][2026-06-02 15:42:59.488] {"jsonrpc": "2.0", "id": 1, "method": "waitForExists", "params": [{"mask": 64, "childOrSibling": [], "childOrSiblingSelector": [], "description": "Open navigation"}, 20000]}
[Fastbot][2026-06-02 15:42:59.488] --> END POST (173-byte body)
[Fastbot][2026-06-02 15:42:59.502] <-- 200 OK  http://127.0.0.1:9008/jsonrpc/0 (13ms)
[Fastbot][2026-06-02 15:42:59.502] Content-Type: application/json
[Fastbot][2026-06-02 15:42:59.502] Date: Tue, 2 Jun 2026 15:42:59 GMT
[Fastbot][2026-06-02 15:42:59.502] Connection: keep-alive
[Fastbot][2026-06-02 15:42:59.502] Transfer-Encoding: chunked
[Fastbot][2026-06-02 15:42:59.503] 
[Fastbot][2026-06-02 15:42:59.503] {"jsonrpc":"2.0","id":1,"result":true}

[Fastbot][2026-06-02 15:42:59.504] <-- END HTTP (39-byte body)
[Fastbot][2026-06-02 15:42:59.550] [Proxy Server] Forwarding
[Fastbot][2026-06-02 15:42:59.551] --> POST http://127.0.0.1:9008/jsonrpc/0
[Fastbot][2026-06-02 15:42:59.551] Content-Type: application/json; charset=utf-8
[Fastbot][2026-06-02 15:42:59.552] Content-Length: 160
[Fastbot][2026-06-02 15:42:59.552] 
[Fastbot][2026-06-02 15:42:59.552] {"jsonrpc": "2.0", "id": 1, "method": "objInfo", "params": [{"mask": 64, "childOrSibling": [], "childOrSiblingSelector": [], "description": "Open navigation"}]}
[Fastbot][2026-06-02 15:42:59.552] --> END POST (160-byte body)
[Fastbot][2026-06-02 15:42:59.579] <-- 200 OK  http://127.0.0.1:9008/jsonrpc/0 (27ms)
[Fastbot][2026-06-02 15:42:59.580] Content-Type: application/json
[Fastbot][2026-06-02 15:42:59.580] Date: Tue, 2 Jun 2026 15:42:59 GMT
[Fastbot][2026-06-02 15:42:59.580] Connection: keep-alive
[Fastbot][2026-06-02 15:42:59.580] Transfer-Encoding: chunked
[Fastbot][2026-06-02 15:42:59.581] 
[Fastbot][2026-06-02 15:42:59.581] {"jsonrpc":"2.0","id":1,"result":{"bounds":{"bottom":286,"left":0,"right":154,"top":132},"childCount":0,"className":"android.widget.ImageButton","contentDescription":"Open navigation","packageName":"de.rampro.activitydiary.debug","resourceName":null,"text":null,"visibleBounds":{"bottom":286,"left":0...[truncated]
[Fastbot][2026-06-02 15:42:59.582] <-- END HTTP (483-byte body)
[Fastbot][2026-06-02 15:42:59.597] [Proxy Server] Detected script method: click
[Fastbot][2026-06-02 15:42:59.598] [Proxy Server] Forwarding
[Fastbot][2026-06-02 15:42:59.598] --> POST http://127.0.0.1:9008/jsonrpc/0
[Fastbot][2026-06-02 15:42:59.598] Content-Type: application/json; charset=utf-8
[Fastbot][2026-06-02 15:42:59.598] Content-Length: 71
[Fastbot][2026-06-02 15:42:59.598] 
[Fastbot][2026-06-02 15:42:59.599] {"jsonrpc": "2.0", "id": 1, "method": "click", "params": [77.0, 209.0]}
[Fastbot][2026-06-02 15:42:59.599] --> END POST (71-byte body)
[Fastbot][2026-06-02 15:42:59.763] <-- 200 OK  http://127.0.0.1:9008/jsonrpc/0 (163ms)
[Fastbot][2026-06-02 15:42:59.797] Content-Type: application/json
[Fastbot][2026-06-02 15:42:59.797] Date: Tue, 2 Jun 2026 15:42:59 GMT
[Fastbot][2026-06-02 15:42:59.797] Connection: keep-alive
[Fastbot][2026-06-02 15:42:59.798] Transfer-Encoding: chunked
[Fastbot][2026-06-02 15:42:59.821] 
[Fastbot][2026-06-02 15:42:59.821] {"jsonrpc":"2.0","id":1,"result":true}

[Fastbot][2026-06-02 15:42:59.821] <-- END HTTP (39-byte body)
[Fastbot][2026-06-02 15:43:00.850] [Proxy Server] Forwarding
[Fastbot][2026-06-02 15:43:00.850] --> POST http://127.0.0.1:9008/jsonrpc/0
[Fastbot][2026-06-02 15:43:00.850] Content-Type: application/json; charset=utf-8
[Fastbot][2026-06-02 15:43:00.851] Content-Length: 236
[Fastbot][2026-06-02 15:43:00.851] 
[Fastbot][2026-06-02 15:43:00.851] {"jsonrpc": "2.0", "id": 1, "method": "waitForExists", "params": [{"mask": 2097153, "childOrSibling": [], "childOrSiblingSelector": [], "resourceId": "de.rampro.activitydiary.debug:id/design_menu_item_text", "text": "Settings"}, 20000]}
[Fastbot][2026-06-02 15:43:00.851] --> END POST (236-byte body)
[Fastbot][2026-06-02 15:43:00.881] <-- 200 OK  http://127.0.0.1:9008/jsonrpc/0 (29ms)
[Fastbot][2026-06-02 15:43:00.881] Content-Type: application/json
[Fastbot][2026-06-02 15:43:00.881] Date: Tue, 2 Jun 2026 15:43:00 GMT
[Fastbot][2026-06-02 15:43:00.882] Connection: keep-alive
[Fastbot][2026-06-02 15:43:00.882] Transfer-Encoding: chunked
[Fastbot][2026-06-02 15:43:00.882] 
[Fastbot][2026-06-02 15:43:00.882] {"jsonrpc":"2.0","id":1,"result":true}

[Fastbot][2026-06-02 15:43:00.883] <-- END HTTP (39-byte body)
[Fastbot][2026-06-02 15:43:00.928] [Proxy Server] Forwarding
[Fastbot][2026-06-02 15:43:00.928] --> POST http://127.0.0.1:9008/jsonrpc/0
[Fastbot][2026-06-02 15:43:00.928] Content-Type: application/json; charset=utf-8
[Fastbot][2026-06-02 15:43:00.928] Content-Length: 223
[Fastbot][2026-06-02 15:43:00.929] 
[Fastbot][2026-06-02 15:43:00.929] {"jsonrpc": "2.0", "id": 1, "method": "objInfo", "params": [{"mask": 2097153, "childOrSibling": [], "childOrSiblingSelector": [], "resourceId": "de.rampro.activitydiary.debug:id/design_menu_item_text", "text": "Settings"}]}
[Fastbot][2026-06-02 15:43:00.929] --> END POST (223-byte body)
[Fastbot][2026-06-02 15:43:00.954] <-- 200 OK  http://127.0.0.1:9008/jsonrpc/0 (25ms)
[Fastbot][2026-06-02 15:43:00.954] Content-Type: application/json
[Fastbot][2026-06-02 15:43:00.955] Date: Tue, 2 Jun 2026 15:43:00 GMT
[Fastbot][2026-06-02 15:43:00.955] Connection: keep-alive
[Fastbot][2026-06-02 15:43:00.955] Transfer-Encoding: chunked
[Fastbot][2026-06-02 15:43:00.955] 
[Fastbot][2026-06-02 15:43:00.956] {"jsonrpc":"2.0","id":1,"result":{"bounds":{"bottom":1400,"left":44,"right":726,"top":1268},"childCount":0,"className":"android.widget.CheckedTextView","contentDescription":null,"packageName":"de.rampro.activitydiary.debug","resourceName":"de.rampro.activitydiary.debug:id/design_menu_item_text","tex...[truncated]
[Fastbot][2026-06-02 15:43:00.956] <-- END HTTP (539-byte body)
[Fastbot][2026-06-02 15:43:00.990] [Proxy Server] Detected script method: click
[Fastbot][2026-06-02 15:43:00.990] [Proxy Server] Forwarding
[Fastbot][2026-06-02 15:43:00.991] --> POST http://127.0.0.1:9008/jsonrpc/0
[Fastbot][2026-06-02 15:43:00.991] Content-Type: application/json; charset=utf-8
[Fastbot][2026-06-02 15:43:00.992] Content-Length: 73
[Fastbot][2026-06-02 15:43:00.992] 
[Fastbot][2026-06-02 15:43:00.992] {"jsonrpc": "2.0", "id": 1, "method": "click", "params": [385.0, 1334.0]}
[Fastbot][2026-06-02 15:43:00.992] --> END POST (73-byte body)
[Fastbot][2026-06-02 15:43:01.133] // the top activity is de.rampro.activitydiary.ui.settings.SettingsActivity, phone capture activity is com.android.camera.CaptureActivity
[Fastbot][2026-06-02 15:43:01.134]     // Allowing start of Intent { cmp=de.rampro.activitydiary.debug/de.rampro.activitydiary.ui.settings.SettingsActivity } in package de.rampro.activitydiary.debug
[Fastbot][2026-06-02 15:43:01.157] <-- 200 OK  http://127.0.0.1:9008/jsonrpc/0 (164ms)
[Fastbot][2026-06-02 15:43:01.157] Content-Type: application/json
[Fastbot][2026-06-02 15:43:01.157] Date: Tue, 2 Jun 2026 15:43:01 GMT
[Fastbot][2026-06-02 15:43:01.157] Connection: keep-alive
[Fastbot][2026-06-02 15:43:01.157] Transfer-Encoding: chunked
[Fastbot][2026-06-02 15:43:01.158] 
[Fastbot][2026-06-02 15:43:01.159] {"jsonrpc":"2.0","id":1,"result":true}

[Fastbot][2026-06-02 15:43:01.159] <-- END HTTP (39-byte body)
[Fastbot][2026-06-02 15:43:02.191] // [Script] current activity is de.rampro.activitydiary.ui.settings.SettingsActivity
[Fastbot][2026-06-02 15:43:02.191] [Proxy Server] Forwarding
[Fastbot][2026-06-02 15:43:02.191] --> POST http://127.0.0.1:9008/jsonrpc/0
[Fastbot][2026-06-02 15:43:02.192] Content-Type: application/json; charset=utf-8
[Fastbot][2026-06-02 15:43:02.192] Content-Length: 163
[Fastbot][2026-06-02 15:43:02.192] 
[Fastbot][2026-06-02 15:43:02.193] {"jsonrpc": "2.0", "id": 1, "method": "exist", "params": [{"mask": 2097152, "childOrSibling": [], "childOrSiblingSelector": [], "resourceId": "android:id/title"}]}
[Fastbot][2026-06-02 15:43:02.193] --> END POST (163-byte body)
[Fastbot][2026-06-02 15:43:02.234] <-- 200 OK  http://127.0.0.1:9008/jsonrpc/0 (41ms)
[Fastbot][2026-06-02 15:43:02.235] Content-Type: application/json
[Fastbot][2026-06-02 15:43:02.235] Date: Tue, 2 Jun 2026 15:43:02 GMT
[Fastbot][2026-06-02 15:43:02.235] Connection: keep-alive
[Fastbot][2026-06-02 15:43:02.236] Transfer-Encoding: chunked
[Fastbot][2026-06-02 15:43:02.236] 
[Fastbot][2026-06-02 15:43:02.236] {"jsonrpc":"2.0","id":1,"result":true}

[Fastbot][2026-06-02 15:43:02.237] <-- END HTTP (39-byte body)
[Fastbot][2026-06-02 15:43:02.269] [Proxy Server] Forwarding
[Fastbot][2026-06-02 15:43:02.270] --> POST http://127.0.0.1:9008/jsonrpc/0
[Fastbot][2026-06-02 15:43:02.270] Content-Type: application/json; charset=utf-8
[Fastbot][2026-06-02 15:43:02.271] Content-Length: 169
[Fastbot][2026-06-02 15:43:02.271] 
[Fastbot][2026-06-02 15:43:02.271] {"jsonrpc": "2.0", "id": 1, "method": "waitForExists", "params": [{"mask": 64, "childOrSibling": [], "childOrSiblingSelector": [], "description": "Navigate up"}, 20000]}
[Fastbot][2026-06-02 15:43:02.272] --> END POST (169-byte body)
[Fastbot][2026-06-02 15:43:02.287] <-- 200 OK  http://127.0.0.1:9008/jsonrpc/0 (14ms)
[Fastbot][2026-06-02 15:43:02.287] Content-Type: application/json
[Fastbot][2026-06-02 15:43:02.287] Date: Tue, 2 Jun 2026 15:43:02 GMT
[Fastbot][2026-06-02 15:43:02.287] Connection: keep-alive
[Fastbot][2026-06-02 15:43:02.287] Transfer-Encoding: chunked
[Fastbot][2026-06-02 15:43:02.288] 
[Fastbot][2026-06-02 15:43:02.288] {"jsonrpc":"2.0","id":1,"result":true}

[Fastbot][2026-06-02 15:43:02.288] <-- END HTTP (39-byte body)
[Fastbot][2026-06-02 15:43:02.345] [Proxy Server] Forwarding
[Fastbot][2026-06-02 15:43:02.346] --> POST http://127.0.0.1:9008/jsonrpc/0
[Fastbot][2026-06-02 15:43:02.346] Content-Type: application/json; charset=utf-8
[Fastbot][2026-06-02 15:43:02.346] Content-Length: 156
[Fastbot][2026-06-02 15:43:02.346] 
[Fastbot][2026-06-02 15:43:02.347] {"jsonrpc": "2.0", "id": 1, "method": "objInfo", "params": [{"mask": 64, "childOrSibling": [], "childOrSiblingSelector": [], "description": "Navigate up"}]}
[Fastbot][2026-06-02 15:43:02.347] --> END POST (156-byte body)
[Fastbot][2026-06-02 15:43:02.371] <-- 200 OK  http://127.0.0.1:9008/jsonrpc/0 (23ms)
[Fastbot][2026-06-02 15:43:02.371] Content-Type: application/json
[Fastbot][2026-06-02 15:43:02.371] Date: Tue, 2 Jun 2026 15:43:02 GMT
[Fastbot][2026-06-02 15:43:02.371] Connection: keep-alive
[Fastbot][2026-06-02 15:43:02.371] Transfer-Encoding: chunked
[Fastbot][2026-06-02 15:43:02.373] 
[Fastbot][2026-06-02 15:43:02.373] {"jsonrpc":"2.0","id":1,"result":{"bounds":{"bottom":286,"left":0,"right":154,"top":132},"childCount":0,"className":"android.widget.ImageButton","contentDescription":"Navigate up","packageName":"de.rampro.activitydiary.debug","resourceName":null,"text":null,"visibleBounds":{"bottom":286,"left":0,"ri...[truncated]
[Fastbot][2026-06-02 15:43:02.373] <-- END HTTP (479-byte body)
[Fastbot][2026-06-02 15:43:02.425] [Proxy Server] Detected script method: click
[Fastbot][2026-06-02 15:43:02.426] [Proxy Server] Forwarding
[Fastbot][2026-06-02 15:43:02.426] --> POST http://127.0.0.1:9008/jsonrpc/0
[Fastbot][2026-06-02 15:43:02.426] Content-Type: application/json; charset=utf-8
[Fastbot][2026-06-02 15:43:02.426] Content-Length: 71
[Fastbot][2026-06-02 15:43:02.427] 
[Fastbot][2026-06-02 15:43:02.427] {"jsonrpc": "2.0", "id": 1, "method": "click", "params": [77.0, 209.0]}
[Fastbot][2026-06-02 15:43:02.427] --> END POST (71-byte body)
[Fastbot][2026-06-02 15:43:02.575]     // activityResuming(de.rampro.activitydiary.debug)
[Fastbot][2026-06-02 15:43:02.579] <-- 200 OK  http://127.0.0.1:9008/jsonrpc/0 (152ms)
[Fastbot][2026-06-02 15:43:02.580] Content-Type: application/json
[Fastbot][2026-06-02 15:43:02.580] Date: Tue, 2 Jun 2026 15:43:02 GMT
[Fastbot][2026-06-02 15:43:02.580] Connection: keep-alive
[Fastbot][2026-06-02 15:43:02.581] Transfer-Encoding: chunked
[Fastbot][2026-06-02 15:43:02.597] 
[Fastbot][2026-06-02 15:43:02.598] {"jsonrpc":"2.0","id":1,"result":true}

[Fastbot][2026-06-02 15:43:02.598] <-- END HTTP (39-byte body)
[Fastbot][2026-06-02 15:43:03.867] --> POST http://127.0.0.1:9008/jsonrpc/0
[Fastbot][2026-06-02 15:43:03.867] Content-Type: application/json; charset=utf-8
[Fastbot][2026-06-02 15:43:03.868] Content-Length: 75
[Fastbot][2026-06-02 15:43:03.868] 
[Fastbot][2026-06-02 15:43:03.868] {"id":1,"jsonrpc":"2.0","method":"dumpWindowHierarchy","params":[false,50]}
[Fastbot][2026-06-02 15:43:03.868] --> END POST (75-byte body)
[Fastbot][2026-06-02 15:43:03.906] <-- 200 OK  http://127.0.0.1:9008/jsonrpc/0 (37ms)
[Fastbot][2026-06-02 15:43:03.906] Content-Type: application/json
[Fastbot][2026-06-02 15:43:03.906] Date: Tue, 2 Jun 2026 15:43:03 GMT
[Fastbot][2026-06-02 15:43:03.907] Connection: keep-alive
[Fastbot][2026-06-02 15:43:03.907] Transfer-Encoding: chunked
[Fastbot][2026-06-02 15:43:03.908] 
[Fastbot][2026-06-02 15:43:03.908] {"jsonrpc":"2.0","id":1,"result":"<?xml version='1.0' encoding='UTF-8' standalone='yes' ?>\r\n<hierarchy rotation=\"0\">\r\n  <node index=\"0\" text=\"\" resource-id=\"\" class=\"android.widget.FrameLayout\" package=\"com.android.systemui\" content-desc=\"\" checkable=\"false\" checked=\"false\" cli...[truncated]
[Fastbot][2026-06-02 15:43:03.909] <-- END HTTP (49988-byte body)
[Fastbot][2026-06-02 15:43:03.961] // [Script] current activity is de.rampro.activitydiary.ui.main.MainActivity
[Fastbot][2026-06-02 15:43:03.961] [Proxy Server] Forwarding
[Fastbot][2026-06-02 15:43:03.961] --> POST http://127.0.0.1:9008/jsonrpc/0
[Fastbot][2026-06-02 15:43:03.962] Content-Type: application/json; charset=utf-8
[Fastbot][2026-06-02 15:43:03.962] Content-Length: 214
[Fastbot][2026-06-02 15:43:03.962] 
[Fastbot][2026-06-02 15:43:03.963] {"jsonrpc": "2.0", "id": 1, "method": "waitForExists", "params": [{"mask": 2097152, "childOrSibling": [], "childOrSiblingSelector": [], "resourceId": "de.rampro.activitydiary.debug:id/action_add_activity"}, 20000]}
[Fastbot][2026-06-02 15:43:03.963] --> END POST (214-byte body)
[Fastbot][2026-06-02 15:43:03.981] <-- 200 OK  http://127.0.0.1:9008/jsonrpc/0 (18ms)
[Fastbot][2026-06-02 15:43:03.982] Content-Type: application/json
[Fastbot][2026-06-02 15:43:03.982] Date: Tue, 2 Jun 2026 15:43:03 GMT
[Fastbot][2026-06-02 15:43:03.982] Connection: keep-alive
[Fastbot][2026-06-02 15:43:03.983] Transfer-Encoding: chunked
[Fastbot][2026-06-02 15:43:03.983] 
[Fastbot][2026-06-02 15:43:03.983] {"jsonrpc":"2.0","id":1,"result":true}

[Fastbot][2026-06-02 15:43:03.983] <-- END HTTP (39-byte body)
[Fastbot][2026-06-02 15:43:04.020] [Proxy Server] Forwarding
[Fastbot][2026-06-02 15:43:04.021] --> POST http://127.0.0.1:9008/jsonrpc/0
[Fastbot][2026-06-02 15:43:04.021] Content-Type: application/json; charset=utf-8
[Fastbot][2026-06-02 15:43:04.021] Content-Length: 201
[Fastbot][2026-06-02 15:43:04.021] 
[Fastbot][2026-06-02 15:43:04.021] {"jsonrpc": "2.0", "id": 1, "method": "objInfo", "params": [{"mask": 2097152, "childOrSibling": [], "childOrSiblingSelector": [], "resourceId": "de.rampro.activitydiary.debug:id/action_add_activity"}]}
[Fastbot][2026-06-02 15:43:04.021] --> END POST (201-byte body)
[Fastbot][2026-06-02 15:43:04.048] <-- 200 OK  http://127.0.0.1:9008/jsonrpc/0 (27ms)
[Fastbot][2026-06-02 15:43:04.049] Content-Type: application/json
[Fastbot][2026-06-02 15:43:04.049] Date: Tue, 2 Jun 2026 15:43:04 GMT
[Fastbot][2026-06-02 15:43:04.049] Connection: keep-alive
[Fastbot][2026-06-02 15:43:04.049] Transfer-Encoding: chunked
[Fastbot][2026-06-02 15:43:04.050] 
[Fastbot][2026-06-02 15:43:04.051] {"jsonrpc":"2.0","id":1,"result":{"bounds":{"bottom":275,"left":926,"right":1080,"top":143},"childCount":0,"className":"android.widget.TextView","contentDescription":"Add Activity","packageName":"de.rampro.activitydiary.debug","resourceName":"de.rampro.activitydiary.debug:id/action_add_activity","te...[truncated]
[Fastbot][2026-06-02 15:43:04.051] <-- END HTTP (533-byte body)
[Fastbot][2026-06-02 15:43:04.080] [Proxy Server] Detected script method: click
[Fastbot][2026-06-02 15:43:04.081] [Proxy Server] Forwarding
[Fastbot][2026-06-02 15:43:04.081] --> POST http://127.0.0.1:9008/jsonrpc/0
[Fastbot][2026-06-02 15:43:04.082] Content-Type: application/json; charset=utf-8
[Fastbot][2026-06-02 15:43:04.082] Content-Length: 73
[Fastbot][2026-06-02 15:43:04.082] 
[Fastbot][2026-06-02 15:43:04.082] {"jsonrpc": "2.0", "id": 1, "method": "click", "params": [1003.0, 209.0]}
[Fastbot][2026-06-02 15:43:04.082] --> END POST (73-byte body)
[Fastbot][2026-06-02 15:43:04.229] // the top activity is de.rampro.activitydiary.ui.generic.EditActivity, phone capture activity is com.android.camera.CaptureActivity
[Fastbot][2026-06-02 15:43:04.229]     // Allowing start of Intent { cmp=de.rampro.activitydiary.debug/de.rampro.activitydiary.ui.generic.EditActivity } in package de.rampro.activitydiary.debug
[Fastbot][2026-06-02 15:43:04.309] <-- 200 OK  http://127.0.0.1:9008/jsonrpc/0 (226ms)
[Fastbot][2026-06-02 15:43:04.309] Content-Type: application/json
[Fastbot][2026-06-02 15:43:04.309] Date: Tue, 2 Jun 2026 15:43:04 GMT
[Fastbot][2026-06-02 15:43:04.309] Connection: keep-alive
[Fastbot][2026-06-02 15:43:04.310] Transfer-Encoding: chunked
[Fastbot][2026-06-02 15:43:04.357] 
[Fastbot][2026-06-02 15:43:04.357] {"jsonrpc":"2.0","id":1,"result":true}

[Fastbot][2026-06-02 15:43:04.358] <-- END HTTP (39-byte body)
[Fastbot][2026-06-02 15:43:05.422] // [Script] current activity is de.rampro.activitydiary.ui.generic.EditActivity
[Fastbot][2026-06-02 15:43:05.422] [Proxy Server] Forwarding
[Fastbot][2026-06-02 15:43:05.423] --> POST http://127.0.0.1:9008/jsonrpc/0
[Fastbot][2026-06-02 15:43:05.423] Content-Type: application/json; charset=utf-8
[Fastbot][2026-06-02 15:43:05.423] Content-Length: 213
[Fastbot][2026-06-02 15:43:05.423] 
[Fastbot][2026-06-02 15:43:05.423] {"jsonrpc": "2.0", "id": 1, "method": "waitForExists", "params": [{"mask": 2097152, "childOrSibling": [], "childOrSiblingSelector": [], "resourceId": "de.rampro.activitydiary.debug:id/edit_activity_name"}, 20000]}
[Fastbot][2026-06-02 15:43:05.424] --> END POST (213-byte body)
[Fastbot][2026-06-02 15:43:05.535] <-- 200 OK  http://127.0.0.1:9008/jsonrpc/0 (111ms)
[Fastbot][2026-06-02 15:43:05.536] Content-Type: application/json
[Fastbot][2026-06-02 15:43:05.536] Date: Tue, 2 Jun 2026 15:43:05 GMT
[Fastbot][2026-06-02 15:43:05.537] Connection: keep-alive
[Fastbot][2026-06-02 15:43:05.537] Transfer-Encoding: chunked
[Fastbot][2026-06-02 15:43:05.538] 
[Fastbot][2026-06-02 15:43:05.538] {"jsonrpc":"2.0","id":1,"result":true}

[Fastbot][2026-06-02 15:43:05.539] <-- END HTTP (39-byte body)
[Fastbot][2026-06-02 15:43:05.562] [Proxy Server] Detected script method: setText
[Fastbot][2026-06-02 15:43:05.562] [Proxy Server] Forwarding
[Fastbot][2026-06-02 15:43:05.562] --> POST http://127.0.0.1:9008/jsonrpc/0
[Fastbot][2026-06-02 15:43:05.562] Content-Type: application/json; charset=utf-8
[Fastbot][2026-06-02 15:43:05.562] Content-Length: 218
[Fastbot][2026-06-02 15:43:05.563] 
[Fastbot][2026-06-02 15:43:05.563] {"jsonrpc": "2.0", "id": 1, "method": "setText", "params": [{"mask": 2097152, "childOrSibling": [], "childOrSiblingSelector": [], "resourceId": "de.rampro.activitydiary.debug:id/edit_activity_name"}, "OoTcglABxDVslU"]}
[Fastbot][2026-06-02 15:43:05.563] --> END POST (218-byte body)
[Fastbot][2026-06-02 15:43:05.721] <-- 200 OK  http://127.0.0.1:9008/jsonrpc/0 (158ms)
[Fastbot][2026-06-02 15:43:05.721] Content-Type: application/json
[Fastbot][2026-06-02 15:43:05.721] Date: Tue, 2 Jun 2026 15:43:05 GMT
[Fastbot][2026-06-02 15:43:05.722] Connection: keep-alive
[Fastbot][2026-06-02 15:43:05.722] Transfer-Encoding: chunked
[Fastbot][2026-06-02 15:43:05.767] 
[Fastbot][2026-06-02 15:43:05.767] {"jsonrpc":"2.0","id":1,"result":true}

[Fastbot][2026-06-02 15:43:05.768] <-- END HTTP (39-byte body)
[Fastbot][2026-06-02 15:43:06.819] [Proxy Server] Forwarding
[Fastbot][2026-06-02 15:43:06.819] --> POST http://127.0.0.1:9008/jsonrpc/0
[Fastbot][2026-06-02 15:43:06.819] Content-Type: application/json; charset=utf-8
[Fastbot][2026-06-02 15:43:06.819] Content-Length: 211
[Fastbot][2026-06-02 15:43:06.819] 
[Fastbot][2026-06-02 15:43:06.819] {"jsonrpc": "2.0", "id": 1, "method": "waitForExists", "params": [{"mask": 2097152, "childOrSibling": [], "childOrSiblingSelector": [], "resourceId": "de.rampro.activitydiary.debug:id/action_edit_done"}, 20000]}
[Fastbot][2026-06-02 15:43:06.819] --> END POST (211-byte body)
[Fastbot][2026-06-02 15:43:06.836] <-- 200 OK  http://127.0.0.1:9008/jsonrpc/0 (16ms)
[Fastbot][2026-06-02 15:43:06.836] Content-Type: application/json
[Fastbot][2026-06-02 15:43:06.836] Date: Tue, 2 Jun 2026 15:43:06 GMT
[Fastbot][2026-06-02 15:43:06.836] Connection: keep-alive
[Fastbot][2026-06-02 15:43:06.836] Transfer-Encoding: chunked
[Fastbot][2026-06-02 15:43:06.837] 
[Fastbot][2026-06-02 15:43:06.837] {"jsonrpc":"2.0","id":1,"result":true}

[Fastbot][2026-06-02 15:43:06.837] <-- END HTTP (39-byte body)
[Fastbot][2026-06-02 15:43:06.882] [Proxy Server] Forwarding
[Fastbot][2026-06-02 15:43:06.882] --> POST http://127.0.0.1:9008/jsonrpc/0
[Fastbot][2026-06-02 15:43:06.883] Content-Type: application/json; charset=utf-8
[Fastbot][2026-06-02 15:43:06.883] Content-Length: 198
[Fastbot][2026-06-02 15:43:06.883] 
[Fastbot][2026-06-02 15:43:06.883] {"jsonrpc": "2.0", "id": 1, "method": "objInfo", "params": [{"mask": 2097152, "childOrSibling": [], "childOrSiblingSelector": [], "resourceId": "de.rampro.activitydiary.debug:id/action_edit_done"}]}
[Fastbot][2026-06-02 15:43:06.883] --> END POST (198-byte body)
[Fastbot][2026-06-02 15:43:06.911] <-- 200 OK  http://127.0.0.1:9008/jsonrpc/0 (27ms)
[Fastbot][2026-06-02 15:43:06.911] Content-Type: application/json
[Fastbot][2026-06-02 15:43:06.911] Date: Tue, 2 Jun 2026 15:43:06 GMT
[Fastbot][2026-06-02 15:43:06.911] Connection: keep-alive
[Fastbot][2026-06-02 15:43:06.911] Transfer-Encoding: chunked
[Fastbot][2026-06-02 15:43:06.912] 
[Fastbot][2026-06-02 15:43:06.912] {"jsonrpc":"2.0","id":1,"result":{"bounds":{"bottom":275,"left":926,"right":1080,"top":143},"childCount":0,"className":"android.widget.TextView","contentDescription":"Save","packageName":"de.rampro.activitydiary.debug","resourceName":"de.rampro.activitydiary.debug:id/action_edit_done","text":null,"v...[truncated]
[Fastbot][2026-06-02 15:43:06.912] <-- END HTTP (522-byte body)
[Fastbot][2026-06-02 15:43:06.941] [Proxy Server] Detected script method: click
[Fastbot][2026-06-02 15:43:06.941] [Proxy Server] Forwarding
[Fastbot][2026-06-02 15:43:06.942] --> POST http://127.0.0.1:9008/jsonrpc/0
[Fastbot][2026-06-02 15:43:06.942] Content-Type: application/json; charset=utf-8
[Fastbot][2026-06-02 15:43:06.942] Content-Length: 73
[Fastbot][2026-06-02 15:43:06.942] 
[Fastbot][2026-06-02 15:43:06.942] {"jsonrpc": "2.0", "id": 1, "method": "click", "params": [1003.0, 209.0]}
[Fastbot][2026-06-02 15:43:06.942] --> END POST (73-byte body)
[Fastbot][2026-06-02 15:43:07.101]     // activityResuming(de.rampro.activitydiary.debug)
[Fastbot][2026-06-02 15:43:07.106] <-- 200 OK  http://127.0.0.1:9008/jsonrpc/0 (162ms)
[Fastbot][2026-06-02 15:43:07.106] Content-Type: application/json
[Fastbot][2026-06-02 15:43:07.107] Date: Tue, 2 Jun 2026 15:43:07 GMT
[Fastbot][2026-06-02 15:43:07.107] Connection: keep-alive
[Fastbot][2026-06-02 15:43:07.108] Transfer-Encoding: chunked
[Fastbot][2026-06-02 15:43:07.146] 
[Fastbot][2026-06-02 15:43:07.146] {"jsonrpc":"2.0","id":1,"result":true}

[Fastbot][2026-06-02 15:43:07.146] <-- END HTTP (39-byte body)
[Fastbot][2026-06-02 15:43:08.192] // [Script] current activity is de.rampro.activitydiary.ui.main.MainActivity
[Fastbot][2026-06-02 15:43:08.192] [Proxy Server] Forwarding
[Fastbot][2026-06-02 15:43:08.192] --> POST http://127.0.0.1:9008/jsonrpc/0
[Fastbot][2026-06-02 15:43:08.192] Content-Type: application/json; charset=utf-8
[Fastbot][2026-06-02 15:43:08.193] Content-Length: 219
[Fastbot][2026-06-02 15:43:08.193] 
[Fastbot][2026-06-02 15:43:08.194] {"jsonrpc": "2.0", "id": 1, "method": "exist", "params": [{"mask": 2097153, "childOrSibling": [], "childOrSiblingSelector": [], "resourceId": "de.rampro.activitydiary.debug:id/activity_name", "text": "OoTcglABxDVslU"}]}
[Fastbot][2026-06-02 15:43:08.194] --> END POST (219-byte body)
[Fastbot][2026-06-02 15:43:08.212] <-- 200 OK  http://127.0.0.1:9008/jsonrpc/0 (17ms)
[Fastbot][2026-06-02 15:43:08.212] Content-Type: application/json
[Fastbot][2026-06-02 15:43:08.212] Date: Tue, 2 Jun 2026 15:43:08 GMT
[Fastbot][2026-06-02 15:43:08.212] Connection: keep-alive
[Fastbot][2026-06-02 15:43:08.213] Transfer-Encoding: chunked
[Fastbot][2026-06-02 15:43:08.214] 
[Fastbot][2026-06-02 15:43:08.214] {"jsonrpc":"2.0","id":1,"result":true}

[Fastbot][2026-06-02 15:43:08.215] <-- END HTTP (39-byte body)
[Fastbot][2026-06-02 15:43:08.504] --> POST http://127.0.0.1:9008/jsonrpc/0
[Fastbot][2026-06-02 15:43:08.505] Content-Type: application/json; charset=utf-8
[Fastbot][2026-06-02 15:43:08.505] Content-Length: 75
[Fastbot][2026-06-02 15:43:08.505] 
[Fastbot][2026-06-02 15:43:08.505] {"id":1,"jsonrpc":"2.0","method":"dumpWindowHierarchy","params":[false,50]}
[Fastbot][2026-06-02 15:43:08.506] --> END POST (75-byte body)
[Fastbot][2026-06-02 15:43:08.545] <-- 200 OK  http://127.0.0.1:9008/jsonrpc/0 (39ms)
[Fastbot][2026-06-02 15:43:08.546] Content-Type: application/json
[Fastbot][2026-06-02 15:43:08.546] Date: Tue, 2 Jun 2026 15:43:08 GMT
[Fastbot][2026-06-02 15:43:08.546] Connection: keep-alive
[Fastbot][2026-06-02 15:43:08.546] Transfer-Encoding: chunked
[Fastbot][2026-06-02 15:43:08.548] 
[Fastbot][2026-06-02 15:43:08.548] {"jsonrpc":"2.0","id":1,"result":"<?xml version='1.0' encoding='UTF-8' standalone='yes' ?>\r\n<hierarchy rotation=\"0\">\r\n  <node index=\"0\" text=\"\" resource-id=\"\" class=\"android.widget.FrameLayout\" package=\"de.rampro.activitydiary.debug\" content-desc=\"\" checkable=\"false\" checked=\"fa...[truncated]
[Fastbot][2026-06-02 15:43:08.548] <-- END HTTP (51907-byte body)
[Fastbot][2026-06-02 15:43:08.631] [Proxy Server] Forwarding
[Fastbot][2026-06-02 15:43:08.631] --> POST http://127.0.0.1:9008/jsonrpc/0
[Fastbot][2026-06-02 15:43:08.632] Content-Type: application/json; charset=utf-8
[Fastbot][2026-06-02 15:43:08.632] Content-Length: 224
[Fastbot][2026-06-02 15:43:08.632] 
[Fastbot][2026-06-02 15:43:08.632] {"jsonrpc": "2.0", "id": 1, "method": "waitForExists", "params": [{"mask": 18874368, "childOrSibling": [], "childOrSiblingSelector": [], "resourceId": "de.rampro.activitydiary.debug:id/activity_name", "instance": 1}, 20000]}
[Fastbot][2026-06-02 15:43:08.632] --> END POST (224-byte body)
[Fastbot][2026-06-02 15:43:08.643] <-- 200 OK  http://127.0.0.1:9008/jsonrpc/0 (10ms)
[Fastbot][2026-06-02 15:43:08.643] Content-Type: application/json
[Fastbot][2026-06-02 15:43:08.644] Date: Tue, 2 Jun 2026 15:43:08 GMT
[Fastbot][2026-06-02 15:43:08.644] Connection: keep-alive
[Fastbot][2026-06-02 15:43:08.644] Transfer-Encoding: chunked
[Fastbot][2026-06-02 15:43:08.645] 
[Fastbot][2026-06-02 15:43:08.645] {"jsonrpc":"2.0","id":1,"result":true}

[Fastbot][2026-06-02 15:43:08.646] <-- END HTTP (39-byte body)
[Fastbot][2026-06-02 15:43:08.692] [Proxy Server] Forwarding
[Fastbot][2026-06-02 15:43:08.693] --> POST http://127.0.0.1:9008/jsonrpc/0
[Fastbot][2026-06-02 15:43:08.693] Content-Type: application/json; charset=utf-8
[Fastbot][2026-06-02 15:43:08.694] Content-Length: 211
[Fastbot][2026-06-02 15:43:08.694] 
[Fastbot][2026-06-02 15:43:08.694] {"jsonrpc": "2.0", "id": 1, "method": "getText", "params": [{"mask": 18874368, "childOrSibling": [], "childOrSiblingSelector": [], "resourceId": "de.rampro.activitydiary.debug:id/activity_name", "instance": 1}]}
[Fastbot][2026-06-02 15:43:08.694] --> END POST (211-byte body)
[Fastbot][2026-06-02 15:43:08.702] <-- 200 OK  http://127.0.0.1:9008/jsonrpc/0 (6ms)
[Fastbot][2026-06-02 15:43:08.702] Content-Type: application/json
[Fastbot][2026-06-02 15:43:08.702] Date: Tue, 2 Jun 2026 15:43:08 GMT
[Fastbot][2026-06-02 15:43:08.702] Connection: keep-alive
[Fastbot][2026-06-02 15:43:08.702] Transfer-Encoding: chunked
[Fastbot][2026-06-02 15:43:08.703] 
[Fastbot][2026-06-02 15:43:08.703] {"jsonrpc":"2.0","id":1,"result":"Cinema (14.83)"}

[Fastbot][2026-06-02 15:43:08.704] <-- END HTTP (51-byte body)
[Fastbot][2026-06-02 15:43:08.739] [Proxy Server] Forwarding
[Fastbot][2026-06-02 15:43:08.739] --> POST http://127.0.0.1:9008/jsonrpc/0
[Fastbot][2026-06-02 15:43:08.740] Content-Type: application/json; charset=utf-8
[Fastbot][2026-06-02 15:43:08.740] Content-Length: 208
[Fastbot][2026-06-02 15:43:08.740] 
[Fastbot][2026-06-02 15:43:08.740] {"jsonrpc": "2.0", "id": 1, "method": "waitForExists", "params": [{"mask": 2097152, "childOrSibling": [], "childOrSiblingSelector": [], "resourceId": "de.rampro.activitydiary.debug:id/action_filter"}, 20000]}
[Fastbot][2026-06-02 15:43:08.741] --> END POST (208-byte body)
[Fastbot][2026-06-02 15:43:08.757] <-- 200 OK  http://127.0.0.1:9008/jsonrpc/0 (15ms)
[Fastbot][2026-06-02 15:43:08.757] Content-Type: application/json
[Fastbot][2026-06-02 15:43:08.757] Date: Tue, 2 Jun 2026 15:43:08 GMT
[Fastbot][2026-06-02 15:43:08.757] Connection: keep-alive
[Fastbot][2026-06-02 15:43:08.758] Transfer-Encoding: chunked
[Fastbot][2026-06-02 15:43:08.758] 
[Fastbot][2026-06-02 15:43:08.759] {"jsonrpc":"2.0","id":1,"result":true}

[Fastbot][2026-06-02 15:43:08.759] <-- END HTTP (39-byte body)
[Fastbot][2026-06-02 15:43:08.786] [Proxy Server] Forwarding
[Fastbot][2026-06-02 15:43:08.787] --> POST http://127.0.0.1:9008/jsonrpc/0
[Fastbot][2026-06-02 15:43:08.787] Content-Type: application/json; charset=utf-8
[Fastbot][2026-06-02 15:43:08.787] Content-Length: 195
[Fastbot][2026-06-02 15:43:08.787] 
[Fastbot][2026-06-02 15:43:08.788] {"jsonrpc": "2.0", "id": 1, "method": "objInfo", "params": [{"mask": 2097152, "childOrSibling": [], "childOrSiblingSelector": [], "resourceId": "de.rampro.activitydiary.debug:id/action_filter"}]}
[Fastbot][2026-06-02 15:43:08.788] --> END POST (195-byte body)
[Fastbot][2026-06-02 15:43:08.814] <-- 200 OK  http://127.0.0.1:9008/jsonrpc/0 (25ms)
[Fastbot][2026-06-02 15:43:08.814] Content-Type: application/json
[Fastbot][2026-06-02 15:43:08.814] Date: Tue, 2 Jun 2026 15:43:08 GMT
[Fastbot][2026-06-02 15:43:08.814] Connection: keep-alive
[Fastbot][2026-06-02 15:43:08.814] Transfer-Encoding: chunked
[Fastbot][2026-06-02 15:43:08.857] 
[Fastbot][2026-06-02 15:43:08.857] {"jsonrpc":"2.0","id":1,"result":{"bounds":{"bottom":275,"left":794,"right":926,"top":143},"childCount":1,"className":"android.support.v7.widget.LinearLayoutCompat","contentDescription":null,"packageName":"de.rampro.activitydiary.debug","resourceName":"de.rampro.activitydiary.debug:id/action_filter"...[truncated]
[Fastbot][2026-06-02 15:43:08.857] <-- END HTTP (537-byte body)
[Fastbot][2026-06-02 15:43:08.899] [Proxy Server] Detected script method: click
[Fastbot][2026-06-02 15:43:08.900] [Proxy Server] Forwarding
[Fastbot][2026-06-02 15:43:08.901] --> POST http://127.0.0.1:9008/jsonrpc/0
[Fastbot][2026-06-02 15:43:08.902] Content-Type: application/json; charset=utf-8
[Fastbot][2026-06-02 15:43:08.902] Content-Length: 72
[Fastbot][2026-06-02 15:43:08.902] 
[Fastbot][2026-06-02 15:43:08.903] {"jsonrpc": "2.0", "id": 1, "method": "click", "params": [860.0, 209.0]}
[Fastbot][2026-06-02 15:43:08.904] --> END POST (72-byte body)
[Fastbot][2026-06-02 15:43:09.079] <-- 200 OK  http://127.0.0.1:9008/jsonrpc/0 (175ms)
[Fastbot][2026-06-02 15:43:09.080] Content-Type: application/json
[Fastbot][2026-06-02 15:43:09.080] Date: Tue, 2 Jun 2026 15:43:09 GMT
[Fastbot][2026-06-02 15:43:09.081] Connection: keep-alive
[Fastbot][2026-06-02 15:43:09.081] Transfer-Encoding: chunked
[Fastbot][2026-06-02 15:43:09.082] 
[Fastbot][2026-06-02 15:43:09.082] {"jsonrpc":"2.0","id":1,"result":true}

[Fastbot][2026-06-02 15:43:09.090] <-- END HTTP (39-byte body)
[Fastbot][2026-06-02 15:43:10.122] [Proxy Server] Forwarding
[Fastbot][2026-06-02 15:43:10.122] --> POST http://127.0.0.1:9008/jsonrpc/0
[Fastbot][2026-06-02 15:43:10.123] Content-Type: application/json; charset=utf-8
[Fastbot][2026-06-02 15:43:10.123] Content-Length: 210
[Fastbot][2026-06-02 15:43:10.123] 
[Fastbot][2026-06-02 15:43:10.124] {"jsonrpc": "2.0", "id": 1, "method": "waitForExists", "params": [{"mask": 2097152, "childOrSibling": [], "childOrSiblingSelector": [], "resourceId": "de.rampro.activitydiary.debug:id/search_src_text"}, 20000]}
[Fastbot][2026-06-02 15:43:10.124] --> END POST (210-byte body)
[Fastbot][2026-06-02 15:43:10.159] <-- 200 OK  http://127.0.0.1:9008/jsonrpc/0 (35ms)
[Fastbot][2026-06-02 15:43:10.160] Content-Type: application/json
[Fastbot][2026-06-02 15:43:10.161] Date: Tue, 2 Jun 2026 15:43:10 GMT
[Fastbot][2026-06-02 15:43:10.162] Connection: keep-alive
[Fastbot][2026-06-02 15:43:10.162] Transfer-Encoding: chunked
[Fastbot][2026-06-02 15:43:10.163] 
[Fastbot][2026-06-02 15:43:10.163] {"jsonrpc":"2.0","id":1,"result":true}

[Fastbot][2026-06-02 15:43:10.163] <-- END HTTP (39-byte body)
[Fastbot][2026-06-02 15:43:10.215] [Proxy Server] Detected script method: setText
[Fastbot][2026-06-02 15:43:10.215] [Proxy Server] Forwarding
[Fastbot][2026-06-02 15:43:10.216] --> POST http://127.0.0.1:9008/jsonrpc/0
[Fastbot][2026-06-02 15:43:10.216] Content-Type: application/json; charset=utf-8
[Fastbot][2026-06-02 15:43:10.216] Content-Length: 215
[Fastbot][2026-06-02 15:43:10.216] 
[Fastbot][2026-06-02 15:43:10.217] {"jsonrpc": "2.0", "id": 1, "method": "setText", "params": [{"mask": 2097152, "childOrSibling": [], "childOrSiblingSelector": [], "resourceId": "de.rampro.activitydiary.debug:id/search_src_text"}, "Cinema (14.83)"]}
[Fastbot][2026-06-02 15:43:10.217] --> END POST (215-byte body)
[Fastbot][2026-06-02 15:43:10.388] <-- 200 OK  http://127.0.0.1:9008/jsonrpc/0 (170ms)
[Fastbot][2026-06-02 15:43:10.388] Content-Type: application/json
[Fastbot][2026-06-02 15:43:10.388] Date: Tue, 2 Jun 2026 15:43:10 GMT
[Fastbot][2026-06-02 15:43:10.388] Connection: keep-alive
[Fastbot][2026-06-02 15:43:10.388] Transfer-Encoding: chunked
[Fastbot][2026-06-02 15:43:10.389] 
[Fastbot][2026-06-02 15:43:10.389] {"jsonrpc":"2.0","id":1,"result":true}

[Fastbot][2026-06-02 15:43:10.390] <-- END HTTP (39-byte body)
[Fastbot][2026-06-02 15:43:11.405] [Proxy Server] Forwarding
[Fastbot][2026-06-02 15:43:11.405] --> POST http://127.0.0.1:9008/jsonrpc/0
[Fastbot][2026-06-02 15:43:11.406] Content-Type: application/json; charset=utf-8
[Fastbot][2026-06-02 15:43:11.406] Content-Length: 224
[Fastbot][2026-06-02 15:43:11.406] 
[Fastbot][2026-06-02 15:43:11.407] {"jsonrpc": "2.0", "id": 1, "method": "waitForExists", "params": [{"mask": 18874368, "childOrSibling": [], "childOrSiblingSelector": [], "resourceId": "de.rampro.activitydiary.debug:id/activity_name", "instance": 0}, 20000]}
[Fastbot][2026-06-02 15:43:11.408] --> END POST (224-byte body)
[Fastbot][2026-06-02 15:43:11.428] <-- 200 OK  http://127.0.0.1:9008/jsonrpc/0 (20ms)
[Fastbot][2026-06-02 15:43:11.430] Content-Type: application/json
[Fastbot][2026-06-02 15:43:11.430] Date: Tue, 2 Jun 2026 15:43:11 GMT
[Fastbot][2026-06-02 15:43:11.430] Connection: keep-alive
[Fastbot][2026-06-02 15:43:11.430] Transfer-Encoding: chunked
[Fastbot][2026-06-02 15:43:11.431] 
[Fastbot][2026-06-02 15:43:11.432] {"jsonrpc":"2.0","id":1,"result":true}

[Fastbot][2026-06-02 15:43:11.432] <-- END HTTP (39-byte body)
[Fastbot][2026-06-02 15:43:11.475] [Proxy Server] Forwarding
[Fastbot][2026-06-02 15:43:11.476] --> POST http://127.0.0.1:9008/jsonrpc/0
[Fastbot][2026-06-02 15:43:11.476] Content-Type: application/json; charset=utf-8
[Fastbot][2026-06-02 15:43:11.476] Content-Length: 211
[Fastbot][2026-06-02 15:43:11.476] 
[Fastbot][2026-06-02 15:43:11.477] {"jsonrpc": "2.0", "id": 1, "method": "getText", "params": [{"mask": 18874368, "childOrSibling": [], "childOrSiblingSelector": [], "resourceId": "de.rampro.activitydiary.debug:id/activity_name", "instance": 0}]}
[Fastbot][2026-06-02 15:43:11.477] --> END POST (211-byte body)
[Fastbot][2026-06-02 15:43:11.486] <-- 200 OK  http://127.0.0.1:9008/jsonrpc/0 (8ms)
[Fastbot][2026-06-02 15:43:11.486] Content-Type: application/json
[Fastbot][2026-06-02 15:43:11.487] Date: Tue, 2 Jun 2026 15:43:11 GMT
[Fastbot][2026-06-02 15:43:11.487] Connection: keep-alive
[Fastbot][2026-06-02 15:43:11.487] Transfer-Encoding: chunked
[Fastbot][2026-06-02 15:43:11.488] 
[Fastbot][2026-06-02 15:43:11.488] {"jsonrpc":"2.0","id":1,"result":"Cinema (14.83)"}

[Fastbot][2026-06-02 15:43:11.489] <-- END HTTP (51-byte body)
[Fastbot][2026-06-02 15:43:11.538] [Proxy Server] Forwarding
[Fastbot][2026-06-02 15:43:11.538] --> POST http://127.0.0.1:9008/jsonrpc/0
[Fastbot][2026-06-02 15:43:11.538] Content-Type: application/json; charset=utf-8
[Fastbot][2026-06-02 15:43:11.538] Content-Length: 211
[Fastbot][2026-06-02 15:43:11.538] 
[Fastbot][2026-06-02 15:43:11.539] {"jsonrpc": "2.0", "id": 1, "method": "waitForExists", "params": [{"mask": 2097152, "childOrSibling": [], "childOrSiblingSelector": [], "resourceId": "de.rampro.activitydiary.debug:id/search_close_btn"}, 20000]}
[Fastbot][2026-06-02 15:43:11.539] --> END POST (211-byte body)
[Fastbot][2026-06-02 15:43:11.555] <-- 200 OK  http://127.0.0.1:9008/jsonrpc/0 (15ms)
[Fastbot][2026-06-02 15:43:11.555] Content-Type: application/json
[Fastbot][2026-06-02 15:43:11.556] Date: Tue, 2 Jun 2026 15:43:11 GMT
[Fastbot][2026-06-02 15:43:11.556] Connection: keep-alive
[Fastbot][2026-06-02 15:43:11.556] Transfer-Encoding: chunked
[Fastbot][2026-06-02 15:43:11.557] 
[Fastbot][2026-06-02 15:43:11.557] {"jsonrpc":"2.0","id":1,"result":true}

[Fastbot][2026-06-02 15:43:11.557] <-- END HTTP (39-byte body)
[Fastbot][2026-06-02 15:43:11.585] [Proxy Server] Forwarding
[Fastbot][2026-06-02 15:43:11.585] --> POST http://127.0.0.1:9008/jsonrpc/0
[Fastbot][2026-06-02 15:43:11.586] Content-Type: application/json; charset=utf-8
[Fastbot][2026-06-02 15:43:11.586] Content-Length: 198
[Fastbot][2026-06-02 15:43:11.586] 
[Fastbot][2026-06-02 15:43:11.586] {"jsonrpc": "2.0", "id": 1, "method": "objInfo", "params": [{"mask": 2097152, "childOrSibling": [], "childOrSiblingSelector": [], "resourceId": "de.rampro.activitydiary.debug:id/search_close_btn"}]}
[Fastbot][2026-06-02 15:43:11.587] --> END POST (198-byte body)
[Fastbot][2026-06-02 15:43:11.622] <-- 200 OK  http://127.0.0.1:9008/jsonrpc/0 (34ms)
[Fastbot][2026-06-02 15:43:11.622] Content-Type: application/json
[Fastbot][2026-06-02 15:43:11.622] Date: Tue, 2 Jun 2026 15:43:11 GMT
[Fastbot][2026-06-02 15:43:11.623] Connection: keep-alive
[Fastbot][2026-06-02 15:43:11.623] Transfer-Encoding: chunked
[Fastbot][2026-06-02 15:43:11.667] 
[Fastbot][2026-06-02 15:43:11.667] {"jsonrpc":"2.0","id":1,"result":{"bounds":{"bottom":275,"left":946,"right":1056,"top":143},"childCount":0,"className":"android.widget.ImageView","contentDescription":"Clear query","packageName":"de.rampro.activitydiary.debug","resourceName":"de.rampro.activitydiary.debug:id/search_close_btn","text"...[truncated]
[Fastbot][2026-06-02 15:43:11.667] <-- END HTTP (530-byte body)
[Fastbot][2026-06-02 15:43:11.699] [Proxy Server] Detected script method: click
[Fastbot][2026-06-02 15:43:11.700] [Proxy Server] Forwarding
[Fastbot][2026-06-02 15:43:11.701] --> POST http://127.0.0.1:9008/jsonrpc/0
[Fastbot][2026-06-02 15:43:11.701] Content-Type: application/json; charset=utf-8
[Fastbot][2026-06-02 15:43:11.701] Content-Length: 73
[Fastbot][2026-06-02 15:43:11.701] 
[Fastbot][2026-06-02 15:43:11.701] {"jsonrpc": "2.0", "id": 1, "method": "click", "params": [1001.0, 209.0]}
[Fastbot][2026-06-02 15:43:11.701] --> END POST (73-byte body)
[Fastbot][2026-06-02 15:43:11.857] <-- 200 OK  http://127.0.0.1:9008/jsonrpc/0 (155ms)
[Fastbot][2026-06-02 15:43:11.858] Content-Type: application/json
[Fastbot][2026-06-02 15:43:11.859] Date: Tue, 2 Jun 2026 15:43:11 GMT
[Fastbot][2026-06-02 15:43:11.859] Connection: keep-alive
[Fastbot][2026-06-02 15:43:11.859] Transfer-Encoding: chunked
[Fastbot][2026-06-02 15:43:11.902] 
[Fastbot][2026-06-02 15:43:11.902] {"jsonrpc":"2.0","id":1,"result":true}

[Fastbot][2026-06-02 15:43:11.903] <-- END HTTP (39-byte body)
[Fastbot][2026-06-02 15:43:12.941] [Proxy Server] Forwarding
[Fastbot][2026-06-02 15:43:12.941] --> POST http://127.0.0.1:9008/jsonrpc/0
[Fastbot][2026-06-02 15:43:12.941] Content-Type: application/json; charset=utf-8
[Fastbot][2026-06-02 15:43:12.942] Content-Length: 211
[Fastbot][2026-06-02 15:43:12.942] 
[Fastbot][2026-06-02 15:43:12.943] {"jsonrpc": "2.0", "id": 1, "method": "waitForExists", "params": [{"mask": 2097152, "childOrSibling": [], "childOrSiblingSelector": [], "resourceId": "de.rampro.activitydiary.debug:id/search_close_btn"}, 20000]}
[Fastbot][2026-06-02 15:43:12.943] --> END POST (211-byte body)
[Fastbot][2026-06-02 15:43:12.964] <-- 200 OK  http://127.0.0.1:9008/jsonrpc/0 (20ms)
[Fastbot][2026-06-02 15:43:12.964] Content-Type: application/json
[Fastbot][2026-06-02 15:43:12.964] Date: Tue, 2 Jun 2026 15:43:12 GMT
[Fastbot][2026-06-02 15:43:12.964] Connection: keep-alive
[Fastbot][2026-06-02 15:43:12.965] Transfer-Encoding: chunked
[Fastbot][2026-06-02 15:43:12.966] 
[Fastbot][2026-06-02 15:43:12.966] {"jsonrpc":"2.0","id":1,"result":true}

[Fastbot][2026-06-02 15:43:12.966] <-- END HTTP (39-byte body)
[Fastbot][2026-06-02 15:43:13.001] [Proxy Server] Forwarding
[Fastbot][2026-06-02 15:43:13.002] --> POST http://127.0.0.1:9008/jsonrpc/0
[Fastbot][2026-06-02 15:43:13.002] Content-Type: application/json; charset=utf-8
[Fastbot][2026-06-02 15:43:13.003] Content-Length: 198
[Fastbot][2026-06-02 15:43:13.003] 
[Fastbot][2026-06-02 15:43:13.003] {"jsonrpc": "2.0", "id": 1, "method": "objInfo", "params": [{"mask": 2097152, "childOrSibling": [], "childOrSiblingSelector": [], "resourceId": "de.rampro.activitydiary.debug:id/search_close_btn"}]}
[Fastbot][2026-06-02 15:43:13.003] --> END POST (198-byte body)
[Fastbot][2026-06-02 15:43:13.033] <-- 200 OK  http://127.0.0.1:9008/jsonrpc/0 (29ms)
[Fastbot][2026-06-02 15:43:13.034] Content-Type: application/json
[Fastbot][2026-06-02 15:43:13.034] Date: Tue, 2 Jun 2026 15:43:13 GMT
[Fastbot][2026-06-02 15:43:13.034] Connection: keep-alive
[Fastbot][2026-06-02 15:43:13.034] Transfer-Encoding: chunked
[Fastbot][2026-06-02 15:43:13.035] 
[Fastbot][2026-06-02 15:43:13.035] {"jsonrpc":"2.0","id":1,"result":{"bounds":{"bottom":275,"left":946,"right":1056,"top":143},"childCount":0,"className":"android.widget.ImageView","contentDescription":"Clear query","packageName":"de.rampro.activitydiary.debug","resourceName":"de.rampro.activitydiary.debug:id/search_close_btn","text"...[truncated]
[Fastbot][2026-06-02 15:43:13.036] <-- END HTTP (530-byte body)
[Fastbot][2026-06-02 15:43:13.050] [Proxy Server] Detected script method: click
[Fastbot][2026-06-02 15:43:13.051] [Proxy Server] Forwarding
[Fastbot][2026-06-02 15:43:13.051] --> POST http://127.0.0.1:9008/jsonrpc/0
[Fastbot][2026-06-02 15:43:13.051] Content-Type: application/json; charset=utf-8
[Fastbot][2026-06-02 15:43:13.052] Content-Length: 73
[Fastbot][2026-06-02 15:43:13.052] 
[Fastbot][2026-06-02 15:43:13.053] {"jsonrpc": "2.0", "id": 1, "method": "click", "params": [1001.0, 209.0]}
[Fastbot][2026-06-02 15:43:13.053] --> END POST (73-byte body)
[Fastbot][2026-06-02 15:43:13.207] <-- 200 OK  http://127.0.0.1:9008/jsonrpc/0 (154ms)
[Fastbot][2026-06-02 15:43:13.207] Content-Type: application/json
[Fastbot][2026-06-02 15:43:13.207] Date: Tue, 2 Jun 2026 15:43:13 GMT
[Fastbot][2026-06-02 15:43:13.207] Connection: keep-alive
[Fastbot][2026-06-02 15:43:13.207] Transfer-Encoding: chunked
[Fastbot][2026-06-02 15:43:13.250] 
[Fastbot][2026-06-02 15:43:13.251] {"jsonrpc":"2.0","id":1,"result":true}

[Fastbot][2026-06-02 15:43:13.251] <-- END HTTP (39-byte body)
[Fastbot][2026-06-02 15:43:14.533] --> POST http://127.0.0.1:9008/jsonrpc/0
[Fastbot][2026-06-02 15:43:14.533] Content-Type: application/json; charset=utf-8
[Fastbot][2026-06-02 15:43:14.534] Content-Length: 75
[Fastbot][2026-06-02 15:43:14.534] 
[Fastbot][2026-06-02 15:43:14.534] {"id":1,"jsonrpc":"2.0","method":"dumpWindowHierarchy","params":[false,50]}
[Fastbot][2026-06-02 15:43:14.535] --> END POST (75-byte body)
[Fastbot][2026-06-02 15:43:14.604] <-- 200 OK  http://127.0.0.1:9008/jsonrpc/0 (69ms)
[Fastbot][2026-06-02 15:43:14.604] Content-Type: application/json
[Fastbot][2026-06-02 15:43:14.604] Date: Tue, 2 Jun 2026 15:43:14 GMT
[Fastbot][2026-06-02 15:43:14.604] Connection: keep-alive
[Fastbot][2026-06-02 15:43:14.604] Transfer-Encoding: chunked
[Fastbot][2026-06-02 15:43:14.609] 
[Fastbot][2026-06-02 15:43:14.609] {"jsonrpc":"2.0","id":1,"result":"<?xml version='1.0' encoding='UTF-8' standalone='yes' ?>\r\n<hierarchy rotation=\"0\">\r\n  <node index=\"0\" text=\"\" resource-id=\"\" class=\"android.widget.FrameLayout\" package=\"de.rampro.activitydiary.debug\" content-desc=\"\" checkable=\"false\" checked=\"fa...[truncated]
[Fastbot][2026-06-02 15:43:14.609] <-- END HTTP (51055-byte body)
[Fastbot][2026-06-02 15:43:14.690] [Proxy Server] Forwarding
[Fastbot][2026-06-02 15:43:14.690] --> POST http://127.0.0.1:9008/jsonrpc/0
[Fastbot][2026-06-02 15:43:14.690] Content-Type: application/json; charset=utf-8
[Fastbot][2026-06-02 15:43:14.691] Content-Length: 224
[Fastbot][2026-06-02 15:43:14.691] 
[Fastbot][2026-06-02 15:43:14.691] {"jsonrpc": "2.0", "id": 1, "method": "waitForExists", "params": [{"mask": 18874368, "childOrSibling": [], "childOrSiblingSelector": [], "resourceId": "de.rampro.activitydiary.debug:id/activity_name", "instance": 1}, 20000]}
[Fastbot][2026-06-02 15:43:14.691] --> END POST (224-byte body)
[Fastbot][2026-06-02 15:43:14.698] <-- 200 OK  http://127.0.0.1:9008/jsonrpc/0 (6ms)
[Fastbot][2026-06-02 15:43:14.698] Content-Type: application/json
[Fastbot][2026-06-02 15:43:14.698] Date: Tue, 2 Jun 2026 15:43:14 GMT
[Fastbot][2026-06-02 15:43:14.698] Connection: keep-alive
[Fastbot][2026-06-02 15:43:14.698] Transfer-Encoding: chunked
[Fastbot][2026-06-02 15:43:14.699] 
[Fastbot][2026-06-02 15:43:14.699] {"jsonrpc":"2.0","id":1,"result":true}

[Fastbot][2026-06-02 15:43:14.699] <-- END HTTP (39-byte body)
[Fastbot][2026-06-02 15:43:14.737] [Proxy Server] Forwarding
[Fastbot][2026-06-02 15:43:14.737] --> POST http://127.0.0.1:9008/jsonrpc/0
[Fastbot][2026-06-02 15:43:14.737] Content-Type: application/json; charset=utf-8
[Fastbot][2026-06-02 15:43:14.737] Content-Length: 211
[Fastbot][2026-06-02 15:43:14.738] 
[Fastbot][2026-06-02 15:43:14.738] {"jsonrpc": "2.0", "id": 1, "method": "getText", "params": [{"mask": 18874368, "childOrSibling": [], "childOrSiblingSelector": [], "resourceId": "de.rampro.activitydiary.debug:id/activity_name", "instance": 1}]}
[Fastbot][2026-06-02 15:43:14.738] --> END POST (211-byte body)
[Fastbot][2026-06-02 15:43:14.746] <-- 200 OK  http://127.0.0.1:9008/jsonrpc/0 (7ms)
[Fastbot][2026-06-02 15:43:14.746] Content-Type: application/json
[Fastbot][2026-06-02 15:43:14.746] Date: Tue, 2 Jun 2026 15:43:14 GMT
[Fastbot][2026-06-02 15:43:14.747] Connection: keep-alive
[Fastbot][2026-06-02 15:43:14.747] Transfer-Encoding: chunked
[Fastbot][2026-06-02 15:43:14.747] 
[Fastbot][2026-06-02 15:43:14.748] {"jsonrpc":"2.0","id":1,"result":"Cinema (14.83)"}

[Fastbot][2026-06-02 15:43:14.748] <-- END HTTP (51-byte body)
[Fastbot][2026-06-02 15:43:14.801] [Proxy Server] Forwarding
[Fastbot][2026-06-02 15:43:14.802] --> POST http://127.0.0.1:9008/jsonrpc/0
[Fastbot][2026-06-02 15:43:14.802] Content-Type: application/json; charset=utf-8
[Fastbot][2026-06-02 15:43:14.802] Content-Length: 208
[Fastbot][2026-06-02 15:43:14.802] 
[Fastbot][2026-06-02 15:43:14.802] {"jsonrpc": "2.0", "id": 1, "method": "waitForExists", "params": [{"mask": 2097152, "childOrSibling": [], "childOrSiblingSelector": [], "resourceId": "de.rampro.activitydiary.debug:id/action_filter"}, 20000]}
[Fastbot][2026-06-02 15:43:14.802] --> END POST (208-byte body)
[Fastbot][2026-06-02 15:43:14.873] <-- 200 OK  http://127.0.0.1:9008/jsonrpc/0 (70ms)
[Fastbot][2026-06-02 15:43:14.874] Content-Type: application/json
[Fastbot][2026-06-02 15:43:14.874] Date: Tue, 2 Jun 2026 15:43:14 GMT
[Fastbot][2026-06-02 15:43:14.874] Connection: keep-alive
[Fastbot][2026-06-02 15:43:14.874] Transfer-Encoding: chunked
[Fastbot][2026-06-02 15:43:14.874] 
[Fastbot][2026-06-02 15:43:14.874] {"jsonrpc":"2.0","id":1,"result":true}

[Fastbot][2026-06-02 15:43:14.874] <-- END HTTP (39-byte body)
[Fastbot][2026-06-02 15:43:14.923] [Proxy Server] Forwarding
[Fastbot][2026-06-02 15:43:14.923] --> POST http://127.0.0.1:9008/jsonrpc/0
[Fastbot][2026-06-02 15:43:14.923] Content-Type: application/json; charset=utf-8
[Fastbot][2026-06-02 15:43:14.923] Content-Length: 195
[Fastbot][2026-06-02 15:43:14.923] 
[Fastbot][2026-06-02 15:43:14.923] {"jsonrpc": "2.0", "id": 1, "method": "objInfo", "params": [{"mask": 2097152, "childOrSibling": [], "childOrSiblingSelector": [], "resourceId": "de.rampro.activitydiary.debug:id/action_filter"}]}
[Fastbot][2026-06-02 15:43:14.923] --> END POST (195-byte body)
[Fastbot][2026-06-02 15:43:15.400] <-- 200 OK  http://127.0.0.1:9008/jsonrpc/0 (476ms)
[Fastbot][2026-06-02 15:43:15.400] Content-Type: application/json
[Fastbot][2026-06-02 15:43:15.400] Date: Tue, 2 Jun 2026 15:43:15 GMT
[Fastbot][2026-06-02 15:43:15.400] Connection: keep-alive
[Fastbot][2026-06-02 15:43:15.400] Transfer-Encoding: chunked
[Fastbot][2026-06-02 15:43:15.401] 
[Fastbot][2026-06-02 15:43:15.401] {"jsonrpc":"2.0","id":1,"result":{"bounds":{"bottom":275,"left":795,"right":927,"top":143},"childCount":1,"className":"android.support.v7.widget.LinearLayoutCompat","contentDescription":null,"packageName":"de.rampro.activitydiary.debug","resourceName":"de.rampro.activitydiary.debug:id/action_filter"...[truncated]
[Fastbot][2026-06-02 15:43:15.401] <-- END HTTP (537-byte body)
[Fastbot][2026-06-02 15:43:15.458] [Proxy Server] Detected script method: click
[Fastbot][2026-06-02 15:43:15.458] [Proxy Server] Forwarding
[Fastbot][2026-06-02 15:43:15.458] --> POST http://127.0.0.1:9008/jsonrpc/0
[Fastbot][2026-06-02 15:43:15.458] Content-Type: application/json; charset=utf-8
[Fastbot][2026-06-02 15:43:15.459] Content-Length: 72
[Fastbot][2026-06-02 15:43:15.459] 
[Fastbot][2026-06-02 15:43:15.459] {"jsonrpc": "2.0", "id": 1, "method": "click", "params": [861.0, 209.0]}
[Fastbot][2026-06-02 15:43:15.460] --> END POST (72-byte body)
[Fastbot][2026-06-02 15:43:15.636] <-- 200 OK  http://127.0.0.1:9008/jsonrpc/0 (176ms)
[Fastbot][2026-06-02 15:43:15.636] Content-Type: application/json
[Fastbot][2026-06-02 15:43:15.636] Date: Tue, 2 Jun 2026 15:43:15 GMT
[Fastbot][2026-06-02 15:43:15.636] Connection: keep-alive
[Fastbot][2026-06-02 15:43:15.638] Transfer-Encoding: chunked
[Fastbot][2026-06-02 15:43:15.638] 
[Fastbot][2026-06-02 15:43:15.638] {"jsonrpc":"2.0","id":1,"result":true}

[Fastbot][2026-06-02 15:43:15.639] <-- END HTTP (39-byte body)
[Fastbot][2026-06-02 15:43:16.692] [Proxy Server] Forwarding
[Fastbot][2026-06-02 15:43:16.692] --> POST http://127.0.0.1:9008/jsonrpc/0
[Fastbot][2026-06-02 15:43:16.692] Content-Type: application/json; charset=utf-8
[Fastbot][2026-06-02 15:43:16.692] Content-Length: 210
[Fastbot][2026-06-02 15:43:16.693] 
[Fastbot][2026-06-02 15:43:16.693] {"jsonrpc": "2.0", "id": 1, "method": "waitForExists", "params": [{"mask": 2097152, "childOrSibling": [], "childOrSiblingSelector": [], "resourceId": "de.rampro.activitydiary.debug:id/search_src_text"}, 20000]}
[Fastbot][2026-06-02 15:43:16.693] --> END POST (210-byte body)
[Fastbot][2026-06-02 15:43:16.712] <-- 200 OK  http://127.0.0.1:9008/jsonrpc/0 (19ms)
[Fastbot][2026-06-02 15:43:16.713] Content-Type: application/json
[Fastbot][2026-06-02 15:43:16.713] Date: Tue, 2 Jun 2026 15:43:16 GMT
[Fastbot][2026-06-02 15:43:16.713] Connection: keep-alive
[Fastbot][2026-06-02 15:43:16.713] Transfer-Encoding: chunked
[Fastbot][2026-06-02 15:43:16.714] 
[Fastbot][2026-06-02 15:43:16.714] {"jsonrpc":"2.0","id":1,"result":true}

[Fastbot][2026-06-02 15:43:16.714] <-- END HTTP (39-byte body)
[Fastbot][2026-06-02 15:43:16.741] [Proxy Server] Detected script method: setText
[Fastbot][2026-06-02 15:43:16.741] [Proxy Server] Forwarding
[Fastbot][2026-06-02 15:43:16.742] --> POST http://127.0.0.1:9008/jsonrpc/0
[Fastbot][2026-06-02 15:43:16.742] Content-Type: application/json; charset=utf-8
[Fastbot][2026-06-02 15:43:16.742] Content-Length: 215
[Fastbot][2026-06-02 15:43:16.742] 
[Fastbot][2026-06-02 15:43:16.742] {"jsonrpc": "2.0", "id": 1, "method": "setText", "params": [{"mask": 2097152, "childOrSibling": [], "childOrSiblingSelector": [], "resourceId": "de.rampro.activitydiary.debug:id/search_src_text"}, "Cinema (14.83)"]}
[Fastbot][2026-06-02 15:43:16.742] --> END POST (215-byte body)
[Fastbot][2026-06-02 15:43:16.885] <-- 200 OK  http://127.0.0.1:9008/jsonrpc/0 (142ms)
[Fastbot][2026-06-02 15:43:16.885] Content-Type: application/json
[Fastbot][2026-06-02 15:43:16.885] Date: Tue, 2 Jun 2026 15:43:16 GMT
[Fastbot][2026-06-02 15:43:16.886] Connection: keep-alive
[Fastbot][2026-06-02 15:43:16.886] Transfer-Encoding: chunked
[Fastbot][2026-06-02 15:43:16.937] 
[Fastbot][2026-06-02 15:43:16.937] {"jsonrpc":"2.0","id":1,"result":true}

[Fastbot][2026-06-02 15:43:16.938] <-- END HTTP (39-byte body)
[Fastbot][2026-06-02 15:43:17.989] [Proxy Server] Forwarding
[Fastbot][2026-06-02 15:43:17.990] --> POST http://127.0.0.1:9008/jsonrpc/0
[Fastbot][2026-06-02 15:43:17.990] Content-Type: application/json; charset=utf-8
[Fastbot][2026-06-02 15:43:17.990] Content-Length: 224
[Fastbot][2026-06-02 15:43:17.990] 
[Fastbot][2026-06-02 15:43:17.991] {"jsonrpc": "2.0", "id": 1, "method": "waitForExists", "params": [{"mask": 18874368, "childOrSibling": [], "childOrSiblingSelector": [], "resourceId": "de.rampro.activitydiary.debug:id/activity_name", "instance": 0}, 20000]}
[Fastbot][2026-06-02 15:43:17.992] --> END POST (224-byte body)
[Fastbot][2026-06-02 15:43:18.003] <-- 200 OK  http://127.0.0.1:9008/jsonrpc/0 (11ms)
[Fastbot][2026-06-02 15:43:18.004] Content-Type: application/json
[Fastbot][2026-06-02 15:43:18.004] Date: Tue, 2 Jun 2026 15:43:18 GMT
[Fastbot][2026-06-02 15:43:18.004] Connection: keep-alive
[Fastbot][2026-06-02 15:43:18.004] Transfer-Encoding: chunked
[Fastbot][2026-06-02 15:43:18.005] 
[Fastbot][2026-06-02 15:43:18.005] {"jsonrpc":"2.0","id":1,"result":true}

[Fastbot][2026-06-02 15:43:18.006] <-- END HTTP (39-byte body)
[Fastbot][2026-06-02 15:43:18.050] [Proxy Server] Forwarding
[Fastbot][2026-06-02 15:43:18.050] --> POST http://127.0.0.1:9008/jsonrpc/0
[Fastbot][2026-06-02 15:43:18.051] Content-Type: application/json; charset=utf-8
[Fastbot][2026-06-02 15:43:18.051] Content-Length: 211
[Fastbot][2026-06-02 15:43:18.051] 
[Fastbot][2026-06-02 15:43:18.051] {"jsonrpc": "2.0", "id": 1, "method": "getText", "params": [{"mask": 18874368, "childOrSibling": [], "childOrSiblingSelector": [], "resourceId": "de.rampro.activitydiary.debug:id/activity_name", "instance": 0}]}
[Fastbot][2026-06-02 15:43:18.052] --> END POST (211-byte body)
[Fastbot][2026-06-02 15:43:18.060] <-- 200 OK  http://127.0.0.1:9008/jsonrpc/0 (8ms)
[Fastbot][2026-06-02 15:43:18.060] Content-Type: application/json
[Fastbot][2026-06-02 15:43:18.060] Date: Tue, 2 Jun 2026 15:43:18 GMT
[Fastbot][2026-06-02 15:43:18.060] Connection: keep-alive
[Fastbot][2026-06-02 15:43:18.060] Transfer-Encoding: chunked
[Fastbot][2026-06-02 15:43:18.062] 
[Fastbot][2026-06-02 15:43:18.062] {"jsonrpc":"2.0","id":1,"result":"Cinema (14.83)"}

[Fastbot][2026-06-02 15:43:18.062] <-- END HTTP (51-byte body)
[Fastbot][2026-06-02 15:43:18.097] [Proxy Server] Forwarding
[Fastbot][2026-06-02 15:43:18.098] --> POST http://127.0.0.1:9008/jsonrpc/0
[Fastbot][2026-06-02 15:43:18.098] Content-Type: application/json; charset=utf-8
[Fastbot][2026-06-02 15:43:18.098] Content-Length: 211
[Fastbot][2026-06-02 15:43:18.098] 
[Fastbot][2026-06-02 15:43:18.099] {"jsonrpc": "2.0", "id": 1, "method": "waitForExists", "params": [{"mask": 2097152, "childOrSibling": [], "childOrSiblingSelector": [], "resourceId": "de.rampro.activitydiary.debug:id/search_close_btn"}, 20000]}
[Fastbot][2026-06-02 15:43:18.099] --> END POST (211-byte body)
[Fastbot][2026-06-02 15:43:18.116] <-- 200 OK  http://127.0.0.1:9008/jsonrpc/0 (17ms)
[Fastbot][2026-06-02 15:43:18.117] Content-Type: application/json
[Fastbot][2026-06-02 15:43:18.117] Date: Tue, 2 Jun 2026 15:43:18 GMT
[Fastbot][2026-06-02 15:43:18.117] Connection: keep-alive
[Fastbot][2026-06-02 15:43:18.118] Transfer-Encoding: chunked
[Fastbot][2026-06-02 15:43:18.118] 
[Fastbot][2026-06-02 15:43:18.119] {"jsonrpc":"2.0","id":1,"result":true}

[Fastbot][2026-06-02 15:43:18.119] <-- END HTTP (39-byte body)
[Fastbot][2026-06-02 15:43:18.160] [Proxy Server] Forwarding
[Fastbot][2026-06-02 15:43:18.160] --> POST http://127.0.0.1:9008/jsonrpc/0
[Fastbot][2026-06-02 15:43:18.161] Content-Type: application/json; charset=utf-8
[Fastbot][2026-06-02 15:43:18.161] Content-Length: 198
[Fastbot][2026-06-02 15:43:18.161] 
[Fastbot][2026-06-02 15:43:18.161] {"jsonrpc": "2.0", "id": 1, "method": "objInfo", "params": [{"mask": 2097152, "childOrSibling": [], "childOrSiblingSelector": [], "resourceId": "de.rampro.activitydiary.debug:id/search_close_btn"}]}
[Fastbot][2026-06-02 15:43:18.162] --> END POST (198-byte body)
[Fastbot][2026-06-02 15:43:18.194] <-- 200 OK  http://127.0.0.1:9008/jsonrpc/0 (32ms)
[Fastbot][2026-06-02 15:43:18.195] Content-Type: application/json
[Fastbot][2026-06-02 15:43:18.195] Date: Tue, 2 Jun 2026 15:43:18 GMT
[Fastbot][2026-06-02 15:43:18.196] Connection: keep-alive
[Fastbot][2026-06-02 15:43:18.196] Transfer-Encoding: chunked
[Fastbot][2026-06-02 15:43:18.197] 
[Fastbot][2026-06-02 15:43:18.197] {"jsonrpc":"2.0","id":1,"result":{"bounds":{"bottom":275,"left":946,"right":1056,"top":143},"childCount":0,"className":"android.widget.ImageView","contentDescription":"Clear query","packageName":"de.rampro.activitydiary.debug","resourceName":"de.rampro.activitydiary.debug:id/search_close_btn","text"...[truncated]
[Fastbot][2026-06-02 15:43:18.198] <-- END HTTP (530-byte body)
[Fastbot][2026-06-02 15:43:18.237] [Proxy Server] Detected script method: click
[Fastbot][2026-06-02 15:43:18.237] [Proxy Server] Forwarding
[Fastbot][2026-06-02 15:43:18.238] --> POST http://127.0.0.1:9008/jsonrpc/0
[Fastbot][2026-06-02 15:43:18.238] Content-Type: application/json; charset=utf-8
[Fastbot][2026-06-02 15:43:18.238] Content-Length: 73
[Fastbot][2026-06-02 15:43:18.238] 
[Fastbot][2026-06-02 15:43:18.238] {"jsonrpc": "2.0", "id": 1, "method": "click", "params": [1001.0, 209.0]}
[Fastbot][2026-06-02 15:43:18.239] --> END POST (73-byte body)
[Fastbot][2026-06-02 15:43:18.426] <-- 200 OK  http://127.0.0.1:9008/jsonrpc/0 (186ms)
[Fastbot][2026-06-02 15:43:18.426] Content-Type: application/json
[Fastbot][2026-06-02 15:43:18.426] Date: Tue, 2 Jun 2026 15:43:18 GMT
[Fastbot][2026-06-02 15:43:18.426] Connection: keep-alive
[Fastbot][2026-06-02 15:43:18.427] Transfer-Encoding: chunked
[Fastbot][2026-06-02 15:43:18.428] 
[Fastbot][2026-06-02 15:43:18.429] {"jsonrpc":"2.0","id":1,"result":true}

[Fastbot][2026-06-02 15:43:18.429] <-- END HTTP (39-byte body)
[Fastbot][2026-06-02 15:43:19.488] [Proxy Server] Forwarding
[Fastbot][2026-06-02 15:43:19.489] --> POST http://127.0.0.1:9008/jsonrpc/0
[Fastbot][2026-06-02 15:43:19.489] Content-Type: application/json; charset=utf-8
[Fastbot][2026-06-02 15:43:19.489] Content-Length: 211
[Fastbot][2026-06-02 15:43:19.490] 
[Fastbot][2026-06-02 15:43:19.490] {"jsonrpc": "2.0", "id": 1, "method": "waitForExists", "params": [{"mask": 2097152, "childOrSibling": [], "childOrSiblingSelector": [], "resourceId": "de.rampro.activitydiary.debug:id/search_close_btn"}, 20000]}
[Fastbot][2026-06-02 15:43:19.490] --> END POST (211-byte body)
[Fastbot][2026-06-02 15:43:19.510] <-- 200 OK  http://127.0.0.1:9008/jsonrpc/0 (19ms)
[Fastbot][2026-06-02 15:43:19.510] Content-Type: application/json
[Fastbot][2026-06-02 15:43:19.510] Date: Tue, 2 Jun 2026 15:43:19 GMT
[Fastbot][2026-06-02 15:43:19.510] Connection: keep-alive
[Fastbot][2026-06-02 15:43:19.510] Transfer-Encoding: chunked
[Fastbot][2026-06-02 15:43:19.511] 
[Fastbot][2026-06-02 15:43:19.511] {"jsonrpc":"2.0","id":1,"result":true}

[Fastbot][2026-06-02 15:43:19.511] <-- END HTTP (39-byte body)
[Fastbot][2026-06-02 15:43:19.566] [Proxy Server] Forwarding
[Fastbot][2026-06-02 15:43:19.567] --> POST http://127.0.0.1:9008/jsonrpc/0
[Fastbot][2026-06-02 15:43:19.567] Content-Type: application/json; charset=utf-8
[Fastbot][2026-06-02 15:43:19.567] Content-Length: 198
[Fastbot][2026-06-02 15:43:19.568] 
[Fastbot][2026-06-02 15:43:19.568] {"jsonrpc": "2.0", "id": 1, "method": "objInfo", "params": [{"mask": 2097152, "childOrSibling": [], "childOrSiblingSelector": [], "resourceId": "de.rampro.activitydiary.debug:id/search_close_btn"}]}
[Fastbot][2026-06-02 15:43:19.568] --> END POST (198-byte body)
[Fastbot][2026-06-02 15:43:19.599] <-- 200 OK  http://127.0.0.1:9008/jsonrpc/0 (30ms)
[Fastbot][2026-06-02 15:43:19.599] Content-Type: application/json
[Fastbot][2026-06-02 15:43:19.599] Date: Tue, 2 Jun 2026 15:43:19 GMT
[Fastbot][2026-06-02 15:43:19.600] Connection: keep-alive
[Fastbot][2026-06-02 15:43:19.600] Transfer-Encoding: chunked
[Fastbot][2026-06-02 15:43:19.600] 
[Fastbot][2026-06-02 15:43:19.601] {"jsonrpc":"2.0","id":1,"result":{"bounds":{"bottom":275,"left":946,"right":1056,"top":143},"childCount":0,"className":"android.widget.ImageView","contentDescription":"Clear query","packageName":"de.rampro.activitydiary.debug","resourceName":"de.rampro.activitydiary.debug:id/search_close_btn","text"...[truncated]
[Fastbot][2026-06-02 15:43:19.601] <-- END HTTP (530-byte body)
[Fastbot][2026-06-02 15:43:19.645] [Proxy Server] Detected script method: click
[Fastbot][2026-06-02 15:43:19.646] [Proxy Server] Forwarding
[Fastbot][2026-06-02 15:43:19.646] --> POST http://127.0.0.1:9008/jsonrpc/0
[Fastbot][2026-06-02 15:43:19.647] Content-Type: application/json; charset=utf-8
[Fastbot][2026-06-02 15:43:19.647] Content-Length: 73
[Fastbot][2026-06-02 15:43:19.647] 
[Fastbot][2026-06-02 15:43:19.647] {"jsonrpc": "2.0", "id": 1, "method": "click", "params": [1001.0, 209.0]}
[Fastbot][2026-06-02 15:43:19.648] --> END POST (73-byte body)
[Fastbot][2026-06-02 15:43:19.862] <-- 200 OK  http://127.0.0.1:9008/jsonrpc/0 (213ms)
[Fastbot][2026-06-02 15:43:19.862] Content-Type: application/json
[Fastbot][2026-06-02 15:43:19.862] Date: Tue, 2 Jun 2026 15:43:19 GMT
[Fastbot][2026-06-02 15:43:19.863] Connection: keep-alive
[Fastbot][2026-06-02 15:43:19.863] Transfer-Encoding: chunked
[Fastbot][2026-06-02 15:43:19.863] 
[Fastbot][2026-06-02 15:43:19.864] {"jsonrpc":"2.0","id":1,"result":true}

[Fastbot][2026-06-02 15:43:19.864] <-- END HTTP (39-byte body)
[Fastbot][2026-06-02 15:43:21.147] --> POST http://127.0.0.1:9008/jsonrpc/0
[Fastbot][2026-06-02 15:43:21.148] Content-Type: application/json; charset=utf-8
[Fastbot][2026-06-02 15:43:21.148] Content-Length: 75
[Fastbot][2026-06-02 15:43:21.148] 
[Fastbot][2026-06-02 15:43:21.149] {"id":1,"jsonrpc":"2.0","method":"dumpWindowHierarchy","params":[false,50]}
[Fastbot][2026-06-02 15:43:21.149] --> END POST (75-byte body)
[Fastbot][2026-06-02 15:43:21.191] <-- 200 OK  http://127.0.0.1:9008/jsonrpc/0 (42ms)
[Fastbot][2026-06-02 15:43:21.192] Content-Type: application/json
[Fastbot][2026-06-02 15:43:21.192] Date: Tue, 2 Jun 2026 15:43:21 GMT
[Fastbot][2026-06-02 15:43:21.192] Connection: keep-alive
[Fastbot][2026-06-02 15:43:21.192] Transfer-Encoding: chunked
[Fastbot][2026-06-02 15:43:21.194] 
[Fastbot][2026-06-02 15:43:21.194] {"jsonrpc":"2.0","id":1,"result":"<?xml version='1.0' encoding='UTF-8' standalone='yes' ?>\r\n<hierarchy rotation=\"0\">\r\n  <node index=\"0\" text=\"\" resource-id=\"\" class=\"android.widget.FrameLayout\" package=\"de.rampro.activitydiary.debug\" content-desc=\"\" checkable=\"false\" checked=\"fa...[truncated]
[Fastbot][2026-06-02 15:43:21.195] <-- END HTTP (51060-byte body)
[Fastbot][2026-06-02 15:43:21.226] [ProxyServer] stepsCount: 45
[Fastbot][2026-06-02 15:43:21.226] [ProxyServer] receive request: stepMonkey
[Fastbot][2026-06-02 15:43:21.227] [MonkeySourceApeU2] stepsCount: 45
[Fastbot][2026-06-02 15:43:21.227] [MonkeySourceApeU2] Latest event is MonkeyEvent. Use the cached hierarchy.
[Fastbot][2026-06-02 15:43:21.227] [MonkeySourceApeU2] Successfully Got hierarchy
[Fastbot][2026-06-02 15:43:21.229] // Event id: 505
[Fastbot][2026-06-02 15:43:21.230] topActivity Name: ComponentInfo{de.rampro.activitydiary.debug/de.rampro.activitydiary.ui.main.MainActivity}
[Fastbot][2026-06-02 15:43:21.230] // Dumped stringOfGuiTree
[Fastbot][2026-06-02 15:43:21.230] topActivityName: de.rampro.activitydiary.ui.main.MainActivity
[Fastbot][2026-06-02 15:43:21.233] action type: LONG_CLICK
[Fastbot][2026-06-02 15:43:21.233] rpc cost time: 3
[Fastbot][2026-06-02 15:43:21.234] :Sending rotation degree=0, persist=false
[Fastbot][2026-06-02 15:43:21.241] :Sending Touch (ACTION_DOWN): 0:(208.0,885.0)
[Fastbot][2026-06-02 15:43:21.243] Wait Event for 1000 milliseconds
[Fastbot][2026-06-02 15:43:21.702] // the top activity is de.rampro.activitydiary.ui.generic.EditActivity, phone capture activity is com.android.camera.CaptureActivity
[Fastbot][2026-06-02 15:43:21.703]     // Allowing start of Intent { cmp=de.rampro.activitydiary.debug/de.rampro.activitydiary.ui.generic.EditActivity } in package de.rampro.activitydiary.debug
[Fastbot][2026-06-02 15:43:22.249] // [Monkey] current activity is de.rampro.activitydiary.ui.generic.EditActivity
[Fastbot][2026-06-02 15:43:22.254] :Sending Touch (ACTION_UP): 0:(208.0,885.0)
[Fastbot][2026-06-02 15:43:22.256]     // Injection Failed com.android.commands.monkey.events.base.MonkeyTouchEvent@516823f
[Fastbot][2026-06-02 15:43:22.280] Sleeping for 289 milliseconds
[Fastbot][2026-06-02 15:43:22.571] [ProxyServer] Finish monkey step. Dumping hierarchy
[Fastbot][2026-06-02 15:43:22.571] --> POST http://127.0.0.1:9008/jsonrpc/0
[Fastbot][2026-06-02 15:43:22.571] Content-Type: application/json; charset=utf-8
[Fastbot][2026-06-02 15:43:22.572] Content-Length: 75
[Fastbot][2026-06-02 15:43:22.572] 
[Fastbot][2026-06-02 15:43:22.572] {"id":1,"jsonrpc":"2.0","method":"dumpWindowHierarchy","params":[false,50]}
[Fastbot][2026-06-02 15:43:22.572] --> END POST (75-byte body)
[Fastbot][2026-06-02 15:43:22.657] <-- 200 OK  http://127.0.0.1:9008/jsonrpc/0 (85ms)
[Fastbot][2026-06-02 15:43:22.657] Content-Type: application/json
[Fastbot][2026-06-02 15:43:22.657] Date: Tue, 2 Jun 2026 15:43:22 GMT
[Fastbot][2026-06-02 15:43:22.657] Connection: keep-alive
[Fastbot][2026-06-02 15:43:22.657] Transfer-Encoding: chunked
[Fastbot][2026-06-02 15:43:22.660] 
[Fastbot][2026-06-02 15:43:22.660] {"jsonrpc":"2.0","id":1,"result":"<?xml version='1.0' encoding='UTF-8' standalone='yes' ?>\r\n<hierarchy rotation=\"0\">\r\n  <node index=\"0\" text=\"\" resource-id=\"\" class=\"android.widget.FrameLayout\" package=\"com.android.systemui\" content-desc=\"\" checkable=\"false\" checked=\"false\" cli...[truncated]
[Fastbot][2026-06-02 15:43:22.660] <-- END HTTP (98658-byte body)
[Fastbot][2026-06-02 15:43:22.714] [ProxyServer] stepsCount: 46
[Fastbot][2026-06-02 15:43:22.715] [ProxyServer] receive request: stepMonkey
[Fastbot][2026-06-02 15:43:22.715] [MonkeySourceApeU2] stepsCount: 46
[Fastbot][2026-06-02 15:43:22.715] [MonkeySourceApeU2] Latest event is MonkeyEvent. Use the cached hierarchy.
[Fastbot][2026-06-02 15:43:22.716] [MonkeySourceApeU2] Successfully Got hierarchy
[Fastbot][2026-06-02 15:43:22.718] // Event id: 510
[Fastbot][2026-06-02 15:43:22.718] topActivity Name: ComponentInfo{de.rampro.activitydiary.debug/de.rampro.activitydiary.ui.generic.EditActivity}
[Fastbot][2026-06-02 15:43:22.719] // Dumped stringOfGuiTree
[Fastbot][2026-06-02 15:43:22.719] topActivityName: de.rampro.activitydiary.ui.generic.EditActivity
[Fastbot][2026-06-02 15:43:22.720] action type: CLICK
[Fastbot][2026-06-02 15:43:22.720] rpc cost time: 1
[Fastbot][2026-06-02 15:43:22.759]   mshowrequested=true mshowexplicitlyrequested=false mshowforced=false minputshown=true
[Fastbot][2026-06-02 15:43:22.759] mInputShown found.
[Fastbot][2026-06-02 15:43:22.767] :Sending rotation degree=0, persist=false
[Fastbot][2026-06-02 15:43:22.778] :Sending Touch (ACTION_DOWN): 0:(973.0,170.0)
[Fastbot][2026-06-02 15:43:22.780] :Sending Touch (ACTION_UP): 0:(973.0,170.0)
[Fastbot][2026-06-02 15:43:22.784] :Sending Key (ACTION_DOWN): 111    // KEYCODE_ESCAPE
[Fastbot][2026-06-02 15:43:22.786] :Sending Key (ACTION_UP): 111    // KEYCODE_ESCAPE
[Fastbot][2026-06-02 15:43:22.819]     // activityResuming(de.rampro.activitydiary.debug)
[Fastbot][2026-06-02 15:43:22.845] // [Monkey] current activity is de.rampro.activitydiary.ui.main.MainActivity
[Fastbot][2026-06-02 15:43:22.846] Sleeping for 242 milliseconds
[Fastbot][2026-06-02 15:43:23.096] [ProxyServer] Finish monkey step. Dumping hierarchy
[Fastbot][2026-06-02 15:43:23.096] --> POST http://127.0.0.1:9008/jsonrpc/0
[Fastbot][2026-06-02 15:43:23.096] Content-Type: application/json; charset=utf-8
[Fastbot][2026-06-02 15:43:23.097] Content-Length: 75
[Fastbot][2026-06-02 15:43:23.106] 
[Fastbot][2026-06-02 15:43:23.106] {"id":1,"jsonrpc":"2.0","method":"dumpWindowHierarchy","params":[false,50]}
[Fastbot][2026-06-02 15:43:23.106] --> END POST (75-byte body)
[Fastbot][2026-06-02 15:43:23.730] <-- 200 OK  http://127.0.0.1:9008/jsonrpc/0 (623ms)
[Fastbot][2026-06-02 15:43:23.730] Content-Type: application/json
[Fastbot][2026-06-02 15:43:23.730] Date: Tue, 2 Jun 2026 15:43:23 GMT
[Fastbot][2026-06-02 15:43:23.730] Connection: keep-alive
[Fastbot][2026-06-02 15:43:23.730] Transfer-Encoding: chunked
[Fastbot][2026-06-02 15:43:23.736] 
[Fastbot][2026-06-02 15:43:23.737] {"jsonrpc":"2.0","id":1,"result":"<?xml version='1.0' encoding='UTF-8' standalone='yes' ?>\r\n<hierarchy rotation=\"0\">\r\n  <node index=\"0\" text=\"\" resource-id=\"\" class=\"android.widget.FrameLayout\" package=\"com.android.systemui\" content-desc=\"\" checkable=\"false\" checked=\"false\" cli...[truncated]
[Fastbot][2026-06-02 15:43:23.737] <-- END HTTP (51460-byte body)
[Fastbot][2026-06-02 15:43:23.828] [Proxy Server] Forwarding
[Fastbot][2026-06-02 15:43:23.829] --> POST http://127.0.0.1:9008/jsonrpc/0
[Fastbot][2026-06-02 15:43:23.829] Content-Type: application/json; charset=utf-8
[Fastbot][2026-06-02 15:43:23.829] Content-Length: 224
[Fastbot][2026-06-02 15:43:23.829] 
[Fastbot][2026-06-02 15:43:23.829] {"jsonrpc": "2.0", "id": 1, "method": "waitForExists", "params": [{"mask": 18874368, "childOrSibling": [], "childOrSiblingSelector": [], "resourceId": "de.rampro.activitydiary.debug:id/activity_name", "instance": 1}, 20000]}
[Fastbot][2026-06-02 15:43:23.829] --> END POST (224-byte body)
[Fastbot][2026-06-02 15:43:23.839] <-- 200 OK  http://127.0.0.1:9008/jsonrpc/0 (8ms)
[Fastbot][2026-06-02 15:43:23.839] Content-Type: application/json
[Fastbot][2026-06-02 15:43:23.839] Date: Tue, 2 Jun 2026 15:43:23 GMT
[Fastbot][2026-06-02 15:43:23.839] Connection: keep-alive
[Fastbot][2026-06-02 15:43:23.840] Transfer-Encoding: chunked
[Fastbot][2026-06-02 15:43:23.840] 
[Fastbot][2026-06-02 15:43:23.840] {"jsonrpc":"2.0","id":1,"result":true}

[Fastbot][2026-06-02 15:43:23.841] <-- END HTTP (39-byte body)
[Fastbot][2026-06-02 15:43:23.875] [Proxy Server] Forwarding
[Fastbot][2026-06-02 15:43:23.875] --> POST http://127.0.0.1:9008/jsonrpc/0
[Fastbot][2026-06-02 15:43:23.876] Content-Type: application/json; charset=utf-8
[Fastbot][2026-06-02 15:43:23.876] Content-Length: 211
[Fastbot][2026-06-02 15:43:23.876] 
[Fastbot][2026-06-02 15:43:23.876] {"jsonrpc": "2.0", "id": 1, "method": "getText", "params": [{"mask": 18874368, "childOrSibling": [], "childOrSiblingSelector": [], "resourceId": "de.rampro.activitydiary.debug:id/activity_name", "instance": 1}]}
[Fastbot][2026-06-02 15:43:23.877] --> END POST (211-byte body)
[Fastbot][2026-06-02 15:43:23.882] <-- 200 OK  http://127.0.0.1:9008/jsonrpc/0 (5ms)
[Fastbot][2026-06-02 15:43:23.882] Content-Type: application/json
[Fastbot][2026-06-02 15:43:23.883] Date: Tue, 2 Jun 2026 15:43:23 GMT
[Fastbot][2026-06-02 15:43:23.883] Connection: keep-alive
[Fastbot][2026-06-02 15:43:23.883] Transfer-Encoding: chunked
[Fastbot][2026-06-02 15:43:23.884] 
[Fastbot][2026-06-02 15:43:23.884] {"jsonrpc":"2.0","id":1,"result":"Cinema (14.83)"}

[Fastbot][2026-06-02 15:43:23.884] <-- END HTTP (51-byte body)
[Fastbot][2026-06-02 15:43:23.899] [Proxy Server] Forwarding
[Fastbot][2026-06-02 15:43:23.899] --> POST http://127.0.0.1:9008/jsonrpc/0
[Fastbot][2026-06-02 15:43:23.899] Content-Type: application/json; charset=utf-8
[Fastbot][2026-06-02 15:43:23.899] Content-Length: 208
[Fastbot][2026-06-02 15:43:23.899] 
[Fastbot][2026-06-02 15:43:23.900] {"jsonrpc": "2.0", "id": 1, "method": "waitForExists", "params": [{"mask": 2097152, "childOrSibling": [], "childOrSiblingSelector": [], "resourceId": "de.rampro.activitydiary.debug:id/action_filter"}, 20000]}
[Fastbot][2026-06-02 15:43:23.900] --> END POST (208-byte body)
[Fastbot][2026-06-02 15:43:23.918] <-- 200 OK  http://127.0.0.1:9008/jsonrpc/0 (17ms)
[Fastbot][2026-06-02 15:43:23.918] Content-Type: application/json
[Fastbot][2026-06-02 15:43:23.918] Date: Tue, 2 Jun 2026 15:43:23 GMT
[Fastbot][2026-06-02 15:43:23.918] Connection: keep-alive
[Fastbot][2026-06-02 15:43:23.918] Transfer-Encoding: chunked
[Fastbot][2026-06-02 15:43:23.969] 
[Fastbot][2026-06-02 15:43:23.969] {"jsonrpc":"2.0","id":1,"result":true}

[Fastbot][2026-06-02 15:43:23.969] <-- END HTTP (39-byte body)
[Fastbot][2026-06-02 15:43:23.998] [Proxy Server] Forwarding
[Fastbot][2026-06-02 15:43:23.998] --> POST http://127.0.0.1:9008/jsonrpc/0
[Fastbot][2026-06-02 15:43:23.998] Content-Type: application/json; charset=utf-8
[Fastbot][2026-06-02 15:43:23.998] Content-Length: 195
[Fastbot][2026-06-02 15:43:23.998] 
[Fastbot][2026-06-02 15:43:23.998] {"jsonrpc": "2.0", "id": 1, "method": "objInfo", "params": [{"mask": 2097152, "childOrSibling": [], "childOrSiblingSelector": [], "resourceId": "de.rampro.activitydiary.debug:id/action_filter"}]}
[Fastbot][2026-06-02 15:43:23.999] --> END POST (195-byte body)
[Fastbot][2026-06-02 15:43:24.023] <-- 200 OK  http://127.0.0.1:9008/jsonrpc/0 (24ms)
[Fastbot][2026-06-02 15:43:24.023] Content-Type: application/json
[Fastbot][2026-06-02 15:43:24.023] Date: Tue, 2 Jun 2026 15:43:24 GMT
[Fastbot][2026-06-02 15:43:24.024] Connection: keep-alive
[Fastbot][2026-06-02 15:43:24.024] Transfer-Encoding: chunked
[Fastbot][2026-06-02 15:43:24.067] 
[Fastbot][2026-06-02 15:43:24.067] {"jsonrpc":"2.0","id":1,"result":{"bounds":{"bottom":275,"left":794,"right":926,"top":143},"childCount":1,"className":"android.support.v7.widget.LinearLayoutCompat","contentDescription":null,"packageName":"de.rampro.activitydiary.debug","resourceName":"de.rampro.activitydiary.debug:id/action_filter"...[truncated]
[Fastbot][2026-06-02 15:43:24.067] <-- END HTTP (537-byte body)
[Fastbot][2026-06-02 15:43:24.106] [Proxy Server] Detected script method: click
[Fastbot][2026-06-02 15:43:24.106] [Proxy Server] Forwarding
[Fastbot][2026-06-02 15:43:24.106] --> POST http://127.0.0.1:9008/jsonrpc/0
[Fastbot][2026-06-02 15:43:24.107] Content-Type: application/json; charset=utf-8
[Fastbot][2026-06-02 15:43:24.107] Content-Length: 72
[Fastbot][2026-06-02 15:43:24.107] 
[Fastbot][2026-06-02 15:43:24.107] {"jsonrpc": "2.0", "id": 1, "method": "click", "params": [860.0, 209.0]}
[Fastbot][2026-06-02 15:43:24.107] --> END POST (72-byte body)
[Fastbot][2026-06-02 15:43:24.293] <-- 200 OK  http://127.0.0.1:9008/jsonrpc/0 (184ms)
[Fastbot][2026-06-02 15:43:24.293] Content-Type: application/json
[Fastbot][2026-06-02 15:43:24.293] Date: Tue, 2 Jun 2026 15:43:24 GMT
[Fastbot][2026-06-02 15:43:24.294] Connection: keep-alive
[Fastbot][2026-06-02 15:43:24.295] Transfer-Encoding: chunked
[Fastbot][2026-06-02 15:43:24.296] 
[Fastbot][2026-06-02 15:43:24.296] {"jsonrpc":"2.0","id":1,"result":true}

[Fastbot][2026-06-02 15:43:24.296] <-- END HTTP (39-byte body)
[Fastbot][2026-06-02 15:43:25.313] [Proxy Server] Forwarding
[Fastbot][2026-06-02 15:43:25.313] --> POST http://127.0.0.1:9008/jsonrpc/0
[Fastbot][2026-06-02 15:43:25.314] Content-Type: application/json; charset=utf-8
[Fastbot][2026-06-02 15:43:25.314] Content-Length: 210
[Fastbot][2026-06-02 15:43:25.314] 
[Fastbot][2026-06-02 15:43:25.314] {"jsonrpc": "2.0", "id": 1, "method": "waitForExists", "params": [{"mask": 2097152, "childOrSibling": [], "childOrSiblingSelector": [], "resourceId": "de.rampro.activitydiary.debug:id/search_src_text"}, 20000]}
[Fastbot][2026-06-02 15:43:25.314] --> END POST (210-byte body)
[Fastbot][2026-06-02 15:43:25.338] <-- 200 OK  http://127.0.0.1:9008/jsonrpc/0 (23ms)
[Fastbot][2026-06-02 15:43:25.338] Content-Type: application/json
[Fastbot][2026-06-02 15:43:25.338] Date: Tue, 2 Jun 2026 15:43:25 GMT
[Fastbot][2026-06-02 15:43:25.338] Connection: keep-alive
[Fastbot][2026-06-02 15:43:25.339] Transfer-Encoding: chunked
[Fastbot][2026-06-02 15:43:25.339] 
[Fastbot][2026-06-02 15:43:25.339] {"jsonrpc":"2.0","id":1,"result":true}

[Fastbot][2026-06-02 15:43:25.340] <-- END HTTP (39-byte body)
[Fastbot][2026-06-02 15:43:25.395] [Proxy Server] Detected script method: setText
[Fastbot][2026-06-02 15:43:25.396] [Proxy Server] Forwarding
[Fastbot][2026-06-02 15:43:25.396] --> POST http://127.0.0.1:9008/jsonrpc/0
[Fastbot][2026-06-02 15:43:25.396] Content-Type: application/json; charset=utf-8
[Fastbot][2026-06-02 15:43:25.396] Content-Length: 215
[Fastbot][2026-06-02 15:43:25.397] 
[Fastbot][2026-06-02 15:43:25.397] {"jsonrpc": "2.0", "id": 1, "method": "setText", "params": [{"mask": 2097152, "childOrSibling": [], "childOrSiblingSelector": [], "resourceId": "de.rampro.activitydiary.debug:id/search_src_text"}, "Cinema (14.83)"]}
[Fastbot][2026-06-02 15:43:25.397] --> END POST (215-byte body)
[Fastbot][2026-06-02 15:43:25.489] <-- 200 OK  http://127.0.0.1:9008/jsonrpc/0 (91ms)
[Fastbot][2026-06-02 15:43:25.490] Content-Type: application/json
[Fastbot][2026-06-02 15:43:25.490] Date: Tue, 2 Jun 2026 15:43:25 GMT
[Fastbot][2026-06-02 15:43:25.490] Connection: keep-alive
[Fastbot][2026-06-02 15:43:25.490] Transfer-Encoding: chunked
[Fastbot][2026-06-02 15:43:25.492] 
[Fastbot][2026-06-02 15:43:25.492] {"jsonrpc":"2.0","id":1,"result":true}

[Fastbot][2026-06-02 15:43:25.492] <-- END HTTP (39-byte body)
[Fastbot][2026-06-02 15:43:26.530] [Proxy Server] Forwarding
[Fastbot][2026-06-02 15:43:26.530] --> POST http://127.0.0.1:9008/jsonrpc/0
[Fastbot][2026-06-02 15:43:26.530] Content-Type: application/json; charset=utf-8
[Fastbot][2026-06-02 15:43:26.530] Content-Length: 224
[Fastbot][2026-06-02 15:43:26.530] 
[Fastbot][2026-06-02 15:43:26.531] {"jsonrpc": "2.0", "id": 1, "method": "waitForExists", "params": [{"mask": 18874368, "childOrSibling": [], "childOrSiblingSelector": [], "resourceId": "de.rampro.activitydiary.debug:id/activity_name", "instance": 0}, 20000]}
[Fastbot][2026-06-02 15:43:26.531] --> END POST (224-byte body)
[Fastbot][2026-06-02 15:43:26.543] <-- 200 OK  http://127.0.0.1:9008/jsonrpc/0 (11ms)
[Fastbot][2026-06-02 15:43:26.543] Content-Type: application/json
[Fastbot][2026-06-02 15:43:26.543] Date: Tue, 2 Jun 2026 15:43:26 GMT
[Fastbot][2026-06-02 15:43:26.543] Connection: keep-alive
[Fastbot][2026-06-02 15:43:26.543] Transfer-Encoding: chunked
[Fastbot][2026-06-02 15:43:26.544] 
[Fastbot][2026-06-02 15:43:26.544] {"jsonrpc":"2.0","id":1,"result":true}

[Fastbot][2026-06-02 15:43:26.544] <-- END HTTP (39-byte body)
[Fastbot][2026-06-02 15:43:26.572] [Proxy Server] Forwarding
[Fastbot][2026-06-02 15:43:26.572] --> POST http://127.0.0.1:9008/jsonrpc/0
[Fastbot][2026-06-02 15:43:26.572] Content-Type: application/json; charset=utf-8
[Fastbot][2026-06-02 15:43:26.572] Content-Length: 211
[Fastbot][2026-06-02 15:43:26.572] 
[Fastbot][2026-06-02 15:43:26.572] {"jsonrpc": "2.0", "id": 1, "method": "getText", "params": [{"mask": 18874368, "childOrSibling": [], "childOrSiblingSelector": [], "resourceId": "de.rampro.activitydiary.debug:id/activity_name", "instance": 0}]}
[Fastbot][2026-06-02 15:43:26.573] --> END POST (211-byte body)
[Fastbot][2026-06-02 15:43:26.581] <-- 200 OK  http://127.0.0.1:9008/jsonrpc/0 (8ms)
[Fastbot][2026-06-02 15:43:26.581] Content-Type: application/json
[Fastbot][2026-06-02 15:43:26.582] Date: Tue, 2 Jun 2026 15:43:26 GMT
[Fastbot][2026-06-02 15:43:26.582] Connection: keep-alive
[Fastbot][2026-06-02 15:43:26.582] Transfer-Encoding: chunked
[Fastbot][2026-06-02 15:43:26.582] 
[Fastbot][2026-06-02 15:43:26.583] {"jsonrpc":"2.0","id":1,"result":"Cinema (14.83)"}

[Fastbot][2026-06-02 15:43:26.583] <-- END HTTP (51-byte body)
[Fastbot][2026-06-02 15:43:26.633] [Proxy Server] Forwarding
[Fastbot][2026-06-02 15:43:26.633] --> POST http://127.0.0.1:9008/jsonrpc/0
[Fastbot][2026-06-02 15:43:26.633] Content-Type: application/json; charset=utf-8
[Fastbot][2026-06-02 15:43:26.633] Content-Length: 211
[Fastbot][2026-06-02 15:43:26.633] 
[Fastbot][2026-06-02 15:43:26.634] {"jsonrpc": "2.0", "id": 1, "method": "waitForExists", "params": [{"mask": 2097152, "childOrSibling": [], "childOrSiblingSelector": [], "resourceId": "de.rampro.activitydiary.debug:id/search_close_btn"}, 20000]}
[Fastbot][2026-06-02 15:43:26.634] --> END POST (211-byte body)
[Fastbot][2026-06-02 15:43:26.653] <-- 200 OK  http://127.0.0.1:9008/jsonrpc/0 (18ms)
[Fastbot][2026-06-02 15:43:26.653] Content-Type: application/json
[Fastbot][2026-06-02 15:43:26.653] Date: Tue, 2 Jun 2026 15:43:26 GMT
[Fastbot][2026-06-02 15:43:26.653] Connection: keep-alive
[Fastbot][2026-06-02 15:43:26.653] Transfer-Encoding: chunked
[Fastbot][2026-06-02 15:43:26.654] 
[Fastbot][2026-06-02 15:43:26.654] {"jsonrpc":"2.0","id":1,"result":true}

[Fastbot][2026-06-02 15:43:26.655] <-- END HTTP (39-byte body)
[Fastbot][2026-06-02 15:43:26.693] [Proxy Server] Forwarding
[Fastbot][2026-06-02 15:43:26.694] --> POST http://127.0.0.1:9008/jsonrpc/0
[Fastbot][2026-06-02 15:43:26.694] Content-Type: application/json; charset=utf-8
[Fastbot][2026-06-02 15:43:26.694] Content-Length: 198
[Fastbot][2026-06-02 15:43:26.694] 
[Fastbot][2026-06-02 15:43:26.695] {"jsonrpc": "2.0", "id": 1, "method": "objInfo", "params": [{"mask": 2097152, "childOrSibling": [], "childOrSiblingSelector": [], "resourceId": "de.rampro.activitydiary.debug:id/search_close_btn"}]}
[Fastbot][2026-06-02 15:43:26.695] --> END POST (198-byte body)
[Fastbot][2026-06-02 15:43:26.724] <-- 200 OK  http://127.0.0.1:9008/jsonrpc/0 (29ms)
[Fastbot][2026-06-02 15:43:26.724] Content-Type: application/json
[Fastbot][2026-06-02 15:43:26.725] Date: Tue, 2 Jun 2026 15:43:26 GMT
[Fastbot][2026-06-02 15:43:26.725] Connection: keep-alive
[Fastbot][2026-06-02 15:43:26.725] Transfer-Encoding: chunked
[Fastbot][2026-06-02 15:43:26.726] 
[Fastbot][2026-06-02 15:43:26.726] {"jsonrpc":"2.0","id":1,"result":{"bounds":{"bottom":275,"left":946,"right":1056,"top":143},"childCount":0,"className":"android.widget.ImageView","contentDescription":"Clear query","packageName":"de.rampro.activitydiary.debug","resourceName":"de.rampro.activitydiary.debug:id/search_close_btn","text"...[truncated]
[Fastbot][2026-06-02 15:43:26.726] <-- END HTTP (530-byte body)
[Fastbot][2026-06-02 15:43:26.756] [Proxy Server] Detected script method: click
[Fastbot][2026-06-02 15:43:26.756] [Proxy Server] Forwarding
[Fastbot][2026-06-02 15:43:26.756] --> POST http://127.0.0.1:9008/jsonrpc/0
[Fastbot][2026-06-02 15:43:26.757] Content-Type: application/json; charset=utf-8
[Fastbot][2026-06-02 15:43:26.757] Content-Length: 73
[Fastbot][2026-06-02 15:43:26.757] 
[Fastbot][2026-06-02 15:43:26.757] {"jsonrpc": "2.0", "id": 1, "method": "click", "params": [1001.0, 209.0]}
[Fastbot][2026-06-02 15:43:26.757] --> END POST (73-byte body)
[Fastbot][2026-06-02 15:43:26.933] <-- 200 OK  http://127.0.0.1:9008/jsonrpc/0 (175ms)
[Fastbot][2026-06-02 15:43:26.933] Content-Type: application/json
[Fastbot][2026-06-02 15:43:26.933] Date: Tue, 2 Jun 2026 15:43:26 GMT
[Fastbot][2026-06-02 15:43:26.934] Connection: keep-alive
[Fastbot][2026-06-02 15:43:26.934] Transfer-Encoding: chunked
[Fastbot][2026-06-02 15:43:26.959] 
[Fastbot][2026-06-02 15:43:26.959] {"jsonrpc":"2.0","id":1,"result":true}

[Fastbot][2026-06-02 15:43:26.960] <-- END HTTP (39-byte body)
[Fastbot][2026-06-02 15:43:28.008] [Proxy Server] Forwarding
[Fastbot][2026-06-02 15:43:28.008] --> POST http://127.0.0.1:9008/jsonrpc/0
[Fastbot][2026-06-02 15:43:28.008] Content-Type: application/json; charset=utf-8
[Fastbot][2026-06-02 15:43:28.008] Content-Length: 211
[Fastbot][2026-06-02 15:43:28.009] 
[Fastbot][2026-06-02 15:43:28.009] {"jsonrpc": "2.0", "id": 1, "method": "waitForExists", "params": [{"mask": 2097152, "childOrSibling": [], "childOrSiblingSelector": [], "resourceId": "de.rampro.activitydiary.debug:id/search_close_btn"}, 20000]}
[Fastbot][2026-06-02 15:43:28.009] --> END POST (211-byte body)
[Fastbot][2026-06-02 15:43:28.035] <-- 200 OK  http://127.0.0.1:9008/jsonrpc/0 (24ms)
[Fastbot][2026-06-02 15:43:28.035] Content-Type: application/json
[Fastbot][2026-06-02 15:43:28.036] Date: Tue, 2 Jun 2026 15:43:28 GMT
[Fastbot][2026-06-02 15:43:28.036] Connection: keep-alive
[Fastbot][2026-06-02 15:43:28.036] Transfer-Encoding: chunked
[Fastbot][2026-06-02 15:43:28.037] 
[Fastbot][2026-06-02 15:43:28.037] {"jsonrpc":"2.0","id":1,"result":true}

[Fastbot][2026-06-02 15:43:28.038] <-- END HTTP (39-byte body)
[Fastbot][2026-06-02 15:43:28.069] [Proxy Server] Forwarding
[Fastbot][2026-06-02 15:43:28.069] --> POST http://127.0.0.1:9008/jsonrpc/0
[Fastbot][2026-06-02 15:43:28.069] Content-Type: application/json; charset=utf-8
[Fastbot][2026-06-02 15:43:28.069] Content-Length: 198
[Fastbot][2026-06-02 15:43:28.070] 
[Fastbot][2026-06-02 15:43:28.070] {"jsonrpc": "2.0", "id": 1, "method": "objInfo", "params": [{"mask": 2097152, "childOrSibling": [], "childOrSiblingSelector": [], "resourceId": "de.rampro.activitydiary.debug:id/search_close_btn"}]}
[Fastbot][2026-06-02 15:43:28.070] --> END POST (198-byte body)
[Fastbot][2026-06-02 15:43:28.094] <-- 200 OK  http://127.0.0.1:9008/jsonrpc/0 (23ms)
[Fastbot][2026-06-02 15:43:28.095] Content-Type: application/json
[Fastbot][2026-06-02 15:43:28.095] Date: Tue, 2 Jun 2026 15:43:28 GMT
[Fastbot][2026-06-02 15:43:28.095] Connection: keep-alive
[Fastbot][2026-06-02 15:43:28.095] Transfer-Encoding: chunked
[Fastbot][2026-06-02 15:43:28.096] 
[Fastbot][2026-06-02 15:43:28.096] {"jsonrpc":"2.0","id":1,"result":{"bounds":{"bottom":275,"left":946,"right":1056,"top":143},"childCount":0,"className":"android.widget.ImageView","contentDescription":"Clear query","packageName":"de.rampro.activitydiary.debug","resourceName":"de.rampro.activitydiary.debug:id/search_close_btn","text"...[truncated]
[Fastbot][2026-06-02 15:43:28.096] <-- END HTTP (530-byte body)
[Fastbot][2026-06-02 15:43:28.148] [Proxy Server] Detected script method: click
[Fastbot][2026-06-02 15:43:28.148] [Proxy Server] Forwarding
[Fastbot][2026-06-02 15:43:28.149] --> POST http://127.0.0.1:9008/jsonrpc/0
[Fastbot][2026-06-02 15:43:28.149] Content-Type: application/json; charset=utf-8
[Fastbot][2026-06-02 15:43:28.149] Content-Length: 73
[Fastbot][2026-06-02 15:43:28.149] 
[Fastbot][2026-06-02 15:43:28.149] {"jsonrpc": "2.0", "id": 1, "method": "click", "params": [1001.0, 209.0]}
[Fastbot][2026-06-02 15:43:28.149] --> END POST (73-byte body)
[Fastbot][2026-06-02 15:43:28.312] <-- 200 OK  http://127.0.0.1:9008/jsonrpc/0 (162ms)
[Fastbot][2026-06-02 15:43:28.312] Content-Type: application/json
[Fastbot][2026-06-02 15:43:28.312] Date: Tue, 2 Jun 2026 15:43:28 GMT
[Fastbot][2026-06-02 15:43:28.312] Connection: keep-alive
[Fastbot][2026-06-02 15:43:28.313] Transfer-Encoding: chunked
[Fastbot][2026-06-02 15:43:28.313] 
[Fastbot][2026-06-02 15:43:28.313] {"jsonrpc":"2.0","id":1,"result":true}

[Fastbot][2026-06-02 15:43:28.313] <-- END HTTP (39-byte body)
[Fastbot][2026-06-02 15:43:29.598] --> POST http://127.0.0.1:9008/jsonrpc/0
[Fastbot][2026-06-02 15:43:29.598] Content-Type: application/json; charset=utf-8
[Fastbot][2026-06-02 15:43:29.598] Content-Length: 75
[Fastbot][2026-06-02 15:43:29.598] 
[Fastbot][2026-06-02 15:43:29.598] {"id":1,"jsonrpc":"2.0","method":"dumpWindowHierarchy","params":[false,50]}
[Fastbot][2026-06-02 15:43:29.598] --> END POST (75-byte body)
[Fastbot][2026-06-02 15:43:29.633] <-- 200 OK  http://127.0.0.1:9008/jsonrpc/0 (34ms)
[Fastbot][2026-06-02 15:43:29.633] Content-Type: application/json
[Fastbot][2026-06-02 15:43:29.633] Date: Tue, 2 Jun 2026 15:43:29 GMT
[Fastbot][2026-06-02 15:43:29.633] Connection: keep-alive
[Fastbot][2026-06-02 15:43:29.633] Transfer-Encoding: chunked
[Fastbot][2026-06-02 15:43:29.635] 
[Fastbot][2026-06-02 15:43:29.636] {"jsonrpc":"2.0","id":1,"result":"<?xml version='1.0' encoding='UTF-8' standalone='yes' ?>\r\n<hierarchy rotation=\"0\">\r\n  <node index=\"0\" text=\"\" resource-id=\"\" class=\"android.widget.FrameLayout\" package=\"com.android.systemui\" content-desc=\"\" checkable=\"false\" checked=\"false\" cli...[truncated]
[Fastbot][2026-06-02 15:43:29.636] <-- END HTTP (51060-byte body)
[Fastbot][2026-06-02 15:43:29.723] [Proxy Server] Forwarding
[Fastbot][2026-06-02 15:43:29.723] --> POST http://127.0.0.1:9008/jsonrpc/0
[Fastbot][2026-06-02 15:43:29.724] Content-Type: application/json; charset=utf-8
[Fastbot][2026-06-02 15:43:29.724] Content-Length: 173
[Fastbot][2026-06-02 15:43:29.724] 
[Fastbot][2026-06-02 15:43:29.724] {"jsonrpc": "2.0", "id": 1, "method": "waitForExists", "params": [{"mask": 64, "childOrSibling": [], "childOrSiblingSelector": [], "description": "Open navigation"}, 20000]}
[Fastbot][2026-06-02 15:43:29.724] --> END POST (173-byte body)
[Fastbot][2026-06-02 15:43:29.741] <-- 200 OK  http://127.0.0.1:9008/jsonrpc/0 (16ms)
[Fastbot][2026-06-02 15:43:29.741] Content-Type: application/json
[Fastbot][2026-06-02 15:43:29.741] Date: Tue, 2 Jun 2026 15:43:29 GMT
[Fastbot][2026-06-02 15:43:29.741] Connection: keep-alive
[Fastbot][2026-06-02 15:43:29.741] Transfer-Encoding: chunked
[Fastbot][2026-06-02 15:43:29.741] 
[Fastbot][2026-06-02 15:43:29.742] {"jsonrpc":"2.0","id":1,"result":true}

[Fastbot][2026-06-02 15:43:29.742] <-- END HTTP (39-byte body)
[Fastbot][2026-06-02 15:43:29.769] [Proxy Server] Forwarding
[Fastbot][2026-06-02 15:43:29.769] --> POST http://127.0.0.1:9008/jsonrpc/0
[Fastbot][2026-06-02 15:43:29.770] Content-Type: application/json; charset=utf-8
[Fastbot][2026-06-02 15:43:29.770] Content-Length: 160
[Fastbot][2026-06-02 15:43:29.770] 
[Fastbot][2026-06-02 15:43:29.770] {"jsonrpc": "2.0", "id": 1, "method": "objInfo", "params": [{"mask": 64, "childOrSibling": [], "childOrSiblingSelector": [], "description": "Open navigation"}]}
[Fastbot][2026-06-02 15:43:29.770] --> END POST (160-byte body)
[Fastbot][2026-06-02 15:43:29.796] <-- 200 OK  http://127.0.0.1:9008/jsonrpc/0 (25ms)
[Fastbot][2026-06-02 15:43:29.796] Content-Type: application/json
[Fastbot][2026-06-02 15:43:29.796] Date: Tue, 2 Jun 2026 15:43:29 GMT
[Fastbot][2026-06-02 15:43:29.796] Connection: keep-alive
[Fastbot][2026-06-02 15:43:29.796] Transfer-Encoding: chunked
[Fastbot][2026-06-02 15:43:29.836] 
[Fastbot][2026-06-02 15:43:29.836] {"jsonrpc":"2.0","id":1,"result":{"bounds":{"bottom":286,"left":0,"right":154,"top":132},"childCount":0,"className":"android.widget.ImageButton","contentDescription":"Open navigation","packageName":"de.rampro.activitydiary.debug","resourceName":null,"text":null,"visibleBounds":{"bottom":286,"left":0...[truncated]
[Fastbot][2026-06-02 15:43:29.836] <-- END HTTP (483-byte body)
[Fastbot][2026-06-02 15:43:29.865] [Proxy Server] Detected script method: click
[Fastbot][2026-06-02 15:43:29.865] [Proxy Server] Forwarding
[Fastbot][2026-06-02 15:43:29.865] --> POST http://127.0.0.1:9008/jsonrpc/0
[Fastbot][2026-06-02 15:43:29.865] Content-Type: application/json; charset=utf-8
[Fastbot][2026-06-02 15:43:29.865] Content-Length: 71
[Fastbot][2026-06-02 15:43:29.866] 
[Fastbot][2026-06-02 15:43:29.866] {"jsonrpc": "2.0", "id": 1, "method": "click", "params": [77.0, 209.0]}
[Fastbot][2026-06-02 15:43:29.867] --> END POST (71-byte body)
[Fastbot][2026-06-02 15:43:30.047] <-- 200 OK  http://127.0.0.1:9008/jsonrpc/0 (179ms)
[Fastbot][2026-06-02 15:43:30.047] Content-Type: application/json
[Fastbot][2026-06-02 15:43:30.047] Date: Tue, 2 Jun 2026 15:43:30 GMT
[Fastbot][2026-06-02 15:43:30.047] Connection: keep-alive
[Fastbot][2026-06-02 15:43:30.047] Transfer-Encoding: chunked
[Fastbot][2026-06-02 15:43:30.099] 
[Fastbot][2026-06-02 15:43:30.100] {"jsonrpc":"2.0","id":1,"result":true}

[Fastbot][2026-06-02 15:43:30.100] <-- END HTTP (39-byte body)
[Fastbot][2026-06-02 15:43:31.132] [Proxy Server] Forwarding
[Fastbot][2026-06-02 15:43:31.132] --> POST http://127.0.0.1:9008/jsonrpc/0
[Fastbot][2026-06-02 15:43:31.132] Content-Type: application/json; charset=utf-8
[Fastbot][2026-06-02 15:43:31.132] Content-Length: 236
[Fastbot][2026-06-02 15:43:31.133] 
[Fastbot][2026-06-02 15:43:31.133] {"jsonrpc": "2.0", "id": 1, "method": "waitForExists", "params": [{"mask": 2097153, "childOrSibling": [], "childOrSiblingSelector": [], "resourceId": "de.rampro.activitydiary.debug:id/design_menu_item_text", "text": "Settings"}, 20000]}
[Fastbot][2026-06-02 15:43:31.133] --> END POST (236-byte body)
[Fastbot][2026-06-02 15:43:31.158] <-- 200 OK  http://127.0.0.1:9008/jsonrpc/0 (24ms)
[Fastbot][2026-06-02 15:43:31.158] Content-Type: application/json
[Fastbot][2026-06-02 15:43:31.158] Date: Tue, 2 Jun 2026 15:43:31 GMT
[Fastbot][2026-06-02 15:43:31.158] Connection: keep-alive
[Fastbot][2026-06-02 15:43:31.158] Transfer-Encoding: chunked
[Fastbot][2026-06-02 15:43:31.158] 
[Fastbot][2026-06-02 15:43:31.159] {"jsonrpc":"2.0","id":1,"result":true}

[Fastbot][2026-06-02 15:43:31.159] <-- END HTTP (39-byte body)
[Fastbot][2026-06-02 15:43:31.209] [Proxy Server] Forwarding
[Fastbot][2026-06-02 15:43:31.210] --> POST http://127.0.0.1:9008/jsonrpc/0
[Fastbot][2026-06-02 15:43:31.210] Content-Type: application/json; charset=utf-8
[Fastbot][2026-06-02 15:43:31.210] Content-Length: 223
[Fastbot][2026-06-02 15:43:31.211] 
[Fastbot][2026-06-02 15:43:31.211] {"jsonrpc": "2.0", "id": 1, "method": "objInfo", "params": [{"mask": 2097153, "childOrSibling": [], "childOrSiblingSelector": [], "resourceId": "de.rampro.activitydiary.debug:id/design_menu_item_text", "text": "Settings"}]}
[Fastbot][2026-06-02 15:43:31.211] --> END POST (223-byte body)
[Fastbot][2026-06-02 15:43:31.236] <-- 200 OK  http://127.0.0.1:9008/jsonrpc/0 (25ms)
[Fastbot][2026-06-02 15:43:31.237] Content-Type: application/json
[Fastbot][2026-06-02 15:43:31.238] Date: Tue, 2 Jun 2026 15:43:31 GMT
[Fastbot][2026-06-02 15:43:31.238] Connection: keep-alive
[Fastbot][2026-06-02 15:43:31.239] Transfer-Encoding: chunked
[Fastbot][2026-06-02 15:43:31.240] 
[Fastbot][2026-06-02 15:43:31.240] {"jsonrpc":"2.0","id":1,"result":{"bounds":{"bottom":1400,"left":44,"right":726,"top":1268},"childCount":0,"className":"android.widget.CheckedTextView","contentDescription":null,"packageName":"de.rampro.activitydiary.debug","resourceName":"de.rampro.activitydiary.debug:id/design_menu_item_text","tex...[truncated]
[Fastbot][2026-06-02 15:43:31.240] <-- END HTTP (539-byte body)
[Fastbot][2026-06-02 15:43:31.273] [Proxy Server] Detected script method: click
[Fastbot][2026-06-02 15:43:31.274] [Proxy Server] Forwarding
[Fastbot][2026-06-02 15:43:31.274] --> POST http://127.0.0.1:9008/jsonrpc/0
[Fastbot][2026-06-02 15:43:31.274] Content-Type: application/json; charset=utf-8
[Fastbot][2026-06-02 15:43:31.274] Content-Length: 73
[Fastbot][2026-06-02 15:43:31.274] 
[Fastbot][2026-06-02 15:43:31.275] {"jsonrpc": "2.0", "id": 1, "method": "click", "params": [385.0, 1334.0]}
[Fastbot][2026-06-02 15:43:31.275] --> END POST (73-byte body)
[Fastbot][2026-06-02 15:43:31.431] <-- 200 OK  http://127.0.0.1:9008/jsonrpc/0 (155ms)
[Fastbot][2026-06-02 15:43:31.431] Content-Type: application/json
[Fastbot][2026-06-02 15:43:31.431] Date: Tue, 2 Jun 2026 15:43:31 GMT
[Fastbot][2026-06-02 15:43:31.431] Connection: keep-alive
[Fastbot][2026-06-02 15:43:31.431] Transfer-Encoding: chunked
[Fastbot][2026-06-02 15:43:31.432] 
[Fastbot][2026-06-02 15:43:31.432] {"jsonrpc":"2.0","id":1,"result":true}

[Fastbot][2026-06-02 15:43:31.432] <-- END HTTP (39-byte body)
[Fastbot][2026-06-02 15:43:31.441] // the top activity is de.rampro.activitydiary.ui.settings.SettingsActivity, phone capture activity is com.android.camera.CaptureActivity
[Fastbot][2026-06-02 15:43:31.441]     // Allowing start of Intent { cmp=de.rampro.activitydiary.debug/de.rampro.activitydiary.ui.settings.SettingsActivity } in package de.rampro.activitydiary.debug
[Fastbot][2026-06-02 15:43:32.466] // [Script] current activity is de.rampro.activitydiary.ui.settings.SettingsActivity
[Fastbot][2026-06-02 15:43:32.466] [Proxy Server] Forwarding
[Fastbot][2026-06-02 15:43:32.466] --> POST http://127.0.0.1:9008/jsonrpc/0
[Fastbot][2026-06-02 15:43:32.467] Content-Type: application/json; charset=utf-8
[Fastbot][2026-06-02 15:43:32.467] Content-Length: 163
[Fastbot][2026-06-02 15:43:32.467] 
[Fastbot][2026-06-02 15:43:32.467] {"jsonrpc": "2.0", "id": 1, "method": "exist", "params": [{"mask": 2097152, "childOrSibling": [], "childOrSiblingSelector": [], "resourceId": "android:id/title"}]}
[Fastbot][2026-06-02 15:43:32.467] --> END POST (163-byte body)
[Fastbot][2026-06-02 15:43:32.487] <-- 200 OK  http://127.0.0.1:9008/jsonrpc/0 (19ms)
[Fastbot][2026-06-02 15:43:32.487] Content-Type: application/json
[Fastbot][2026-06-02 15:43:32.487] Date: Tue, 2 Jun 2026 15:43:32 GMT
[Fastbot][2026-06-02 15:43:32.488] Connection: keep-alive
[Fastbot][2026-06-02 15:43:32.488] Transfer-Encoding: chunked
[Fastbot][2026-06-02 15:43:32.488] 
[Fastbot][2026-06-02 15:43:32.489] {"jsonrpc":"2.0","id":1,"result":true}

[Fastbot][2026-06-02 15:43:32.490] <-- END HTTP (39-byte body)
[Fastbot][2026-06-02 15:43:32.531] [Proxy Server] Forwarding
[Fastbot][2026-06-02 15:43:32.531] --> POST http://127.0.0.1:9008/jsonrpc/0
[Fastbot][2026-06-02 15:43:32.531] Content-Type: application/json; charset=utf-8
[Fastbot][2026-06-02 15:43:32.532] Content-Length: 169
[Fastbot][2026-06-02 15:43:32.532] 
[Fastbot][2026-06-02 15:43:32.533] {"jsonrpc": "2.0", "id": 1, "method": "waitForExists", "params": [{"mask": 64, "childOrSibling": [], "childOrSiblingSelector": [], "description": "Navigate up"}, 20000]}
[Fastbot][2026-06-02 15:43:32.533] --> END POST (169-byte body)
[Fastbot][2026-06-02 15:43:32.553] <-- 200 OK  http://127.0.0.1:9008/jsonrpc/0 (20ms)
[Fastbot][2026-06-02 15:43:32.554] Content-Type: application/json
[Fastbot][2026-06-02 15:43:32.554] Date: Tue, 2 Jun 2026 15:43:32 GMT
[Fastbot][2026-06-02 15:43:32.554] Connection: keep-alive
[Fastbot][2026-06-02 15:43:32.554] Transfer-Encoding: chunked
[Fastbot][2026-06-02 15:43:32.555] 
[Fastbot][2026-06-02 15:43:32.555] {"jsonrpc":"2.0","id":1,"result":true}

[Fastbot][2026-06-02 15:43:32.556] <-- END HTTP (39-byte body)
[Fastbot][2026-06-02 15:43:32.590] [Proxy Server] Forwarding
[Fastbot][2026-06-02 15:43:32.591] --> POST http://127.0.0.1:9008/jsonrpc/0
[Fastbot][2026-06-02 15:43:32.591] Content-Type: application/json; charset=utf-8
[Fastbot][2026-06-02 15:43:32.591] Content-Length: 156
[Fastbot][2026-06-02 15:43:32.591] 
[Fastbot][2026-06-02 15:43:32.592] {"jsonrpc": "2.0", "id": 1, "method": "objInfo", "params": [{"mask": 64, "childOrSibling": [], "childOrSiblingSelector": [], "description": "Navigate up"}]}
[Fastbot][2026-06-02 15:43:32.592] --> END POST (156-byte body)
[Fastbot][2026-06-02 15:43:32.619] <-- 200 OK  http://127.0.0.1:9008/jsonrpc/0 (26ms)
[Fastbot][2026-06-02 15:43:32.619] Content-Type: application/json
[Fastbot][2026-06-02 15:43:32.620] Date: Tue, 2 Jun 2026 15:43:32 GMT
[Fastbot][2026-06-02 15:43:32.620] Connection: keep-alive
[Fastbot][2026-06-02 15:43:32.621] Transfer-Encoding: chunked
[Fastbot][2026-06-02 15:43:32.621] 
[Fastbot][2026-06-02 15:43:32.622] {"jsonrpc":"2.0","id":1,"result":{"bounds":{"bottom":286,"left":0,"right":154,"top":132},"childCount":0,"className":"android.widget.ImageButton","contentDescription":"Navigate up","packageName":"de.rampro.activitydiary.debug","resourceName":null,"text":null,"visibleBounds":{"bottom":286,"left":0,"ri...[truncated]
[Fastbot][2026-06-02 15:43:32.622] <-- END HTTP (479-byte body)
[Fastbot][2026-06-02 15:43:32.653] [Proxy Server] Detected script method: click
[Fastbot][2026-06-02 15:43:32.654] [Proxy Server] Forwarding
[Fastbot][2026-06-02 15:43:32.654] --> POST http://127.0.0.1:9008/jsonrpc/0
[Fastbot][2026-06-02 15:43:32.654] Content-Type: application/json; charset=utf-8
[Fastbot][2026-06-02 15:43:32.655] Content-Length: 71
[Fastbot][2026-06-02 15:43:32.655] 
[Fastbot][2026-06-02 15:43:32.655] {"jsonrpc": "2.0", "id": 1, "method": "click", "params": [77.0, 209.0]}
[Fastbot][2026-06-02 15:43:32.656] --> END POST (71-byte body)
[Fastbot][2026-06-02 15:43:32.791]     // activityResuming(de.rampro.activitydiary.debug)
[Fastbot][2026-06-02 15:43:32.811] <-- 200 OK  http://127.0.0.1:9008/jsonrpc/0 (153ms)
[Fastbot][2026-06-02 15:43:32.811] Content-Type: application/json
[Fastbot][2026-06-02 15:43:32.811] Date: Tue, 2 Jun 2026 15:43:32 GMT
[Fastbot][2026-06-02 15:43:32.811] Connection: keep-alive
[Fastbot][2026-06-02 15:43:32.811] Transfer-Encoding: chunked
[Fastbot][2026-06-02 15:43:32.849] 
[Fastbot][2026-06-02 15:43:32.849] {"jsonrpc":"2.0","id":1,"result":true}

[Fastbot][2026-06-02 15:43:32.849] <-- END HTTP (39-byte body)
[Fastbot][2026-06-02 15:43:34.118] --> POST http://127.0.0.1:9008/jsonrpc/0
[Fastbot][2026-06-02 15:43:34.118] Content-Type: application/json; charset=utf-8
[Fastbot][2026-06-02 15:43:34.118] Content-Length: 75
[Fastbot][2026-06-02 15:43:34.118] 
[Fastbot][2026-06-02 15:43:34.119] {"id":1,"jsonrpc":"2.0","method":"dumpWindowHierarchy","params":[false,50]}
[Fastbot][2026-06-02 15:43:34.119] --> END POST (75-byte body)
[Fastbot][2026-06-02 15:43:34.156] <-- 200 OK  http://127.0.0.1:9008/jsonrpc/0 (36ms)
[Fastbot][2026-06-02 15:43:34.156] Content-Type: application/json
[Fastbot][2026-06-02 15:43:34.156] Date: Tue, 2 Jun 2026 15:43:34 GMT
[Fastbot][2026-06-02 15:43:34.157] Connection: keep-alive
[Fastbot][2026-06-02 15:43:34.157] Transfer-Encoding: chunked
[Fastbot][2026-06-02 15:43:34.159] 
[Fastbot][2026-06-02 15:43:34.159] {"jsonrpc":"2.0","id":1,"result":"<?xml version='1.0' encoding='UTF-8' standalone='yes' ?>\r\n<hierarchy rotation=\"0\">\r\n  <node index=\"0\" text=\"\" resource-id=\"\" class=\"android.widget.FrameLayout\" package=\"com.android.systemui\" content-desc=\"\" checkable=\"false\" checked=\"false\" cli...[truncated]
[Fastbot][2026-06-02 15:43:34.159] <-- END HTTP (51060-byte body)
[Fastbot][2026-06-02 15:43:34.199] [ProxyServer] stepsCount: 47
[Fastbot][2026-06-02 15:43:34.199] [ProxyServer] receive request: stepMonkey
[Fastbot][2026-06-02 15:43:34.200] [MonkeySourceApeU2] stepsCount: 47
[Fastbot][2026-06-02 15:43:34.200] [MonkeySourceApeU2] Latest event is MonkeyEvent. Use the cached hierarchy.
[Fastbot][2026-06-02 15:43:34.200] [MonkeySourceApeU2] Successfully Got hierarchy
[Fastbot][2026-06-02 15:43:34.202] // Event id: 516
[Fastbot][2026-06-02 15:43:34.202] topActivity Name: ComponentInfo{de.rampro.activitydiary.debug/de.rampro.activitydiary.ui.main.MainActivity}
[Fastbot][2026-06-02 15:43:34.202] // Dumped stringOfGuiTree
[Fastbot][2026-06-02 15:43:34.202] topActivityName: de.rampro.activitydiary.ui.main.MainActivity
[Fastbot][2026-06-02 15:43:34.205] action type: SCROLL_BOTTOM_UP
[Fastbot][2026-06-02 15:43:34.205] rpc cost time: 3
[Fastbot][2026-06-02 15:43:34.207] :Sending rotation degree=0, persist=false
[Fastbot][2026-06-02 15:43:34.214] // [Monkey] current activity is de.rampro.activitydiary.ui.main.MainActivity
[Fastbot][2026-06-02 15:43:34.216] :Sending Touch (ACTION_DOWN): 0:(540.0,1008.0)
[Fastbot][2026-06-02 15:43:34.218] :Sending Touch (ACTION_MOVE): 0:(540.0,1008.0)
[Fastbot][2026-06-02 15:43:34.224] Wait Event for 20 milliseconds
[Fastbot][2026-06-02 15:43:34.245] :Sending Touch (ACTION_MOVE): 0:(540.0,913.8)
[Fastbot][2026-06-02 15:43:34.248] Wait Event for 20 milliseconds
[Fastbot][2026-06-02 15:43:34.279] :Sending Touch (ACTION_MOVE): 0:(540.0,819.6)
[Fastbot][2026-06-02 15:43:34.282] Wait Event for 20 milliseconds
[Fastbot][2026-06-02 15:43:34.304] :Sending Touch (ACTION_MOVE): 0:(540.0,725.4)
[Fastbot][2026-06-02 15:43:34.306] Wait Event for 20 milliseconds
[Fastbot][2026-06-02 15:43:34.329] :Sending Touch (ACTION_MOVE): 0:(540.0,631.19995)
[Fastbot][2026-06-02 15:43:34.331] Wait Event for 20 milliseconds
[Fastbot][2026-06-02 15:43:34.354] :Sending Touch (ACTION_MOVE): 0:(540.0,537.0)
[Fastbot][2026-06-02 15:43:34.355] Wait Event for 20 milliseconds
[Fastbot][2026-06-02 15:43:34.379] :Sending Touch (ACTION_MOVE): 0:(540.0,442.8)
[Fastbot][2026-06-02 15:43:34.381] Wait Event for 20 milliseconds
[Fastbot][2026-06-02 15:43:34.404] :Sending Touch (ACTION_MOVE): 0:(540.0,348.60004)
[Fastbot][2026-06-02 15:43:34.406] Wait Event for 20 milliseconds
[Fastbot][2026-06-02 15:43:34.429] :Sending Touch (ACTION_MOVE): 0:(540.0,254.39996)
[Fastbot][2026-06-02 15:43:34.430] Wait Event for 20 milliseconds
[Fastbot][2026-06-02 15:43:34.452] :Sending Touch (ACTION_MOVE): 0:(540.0,160.20001)
[Fastbot][2026-06-02 15:43:34.453] Wait Event for 20 milliseconds
[Fastbot][2026-06-02 15:43:34.480] :Sending Touch (ACTION_UP): 0:(540.0,82.0)
[Fastbot][2026-06-02 15:43:34.482] Sleeping for 284 milliseconds
[Fastbot][2026-06-02 15:43:34.793] [ProxyServer] Finish monkey step. Dumping hierarchy
[Fastbot][2026-06-02 15:43:34.793] --> POST http://127.0.0.1:9008/jsonrpc/0
[Fastbot][2026-06-02 15:43:34.793] Content-Type: application/json; charset=utf-8
[Fastbot][2026-06-02 15:43:34.794] Content-Length: 75
[Fastbot][2026-06-02 15:43:34.794] 
[Fastbot][2026-06-02 15:43:34.794] {"id":1,"jsonrpc":"2.0","method":"dumpWindowHierarchy","params":[false,50]}
[Fastbot][2026-06-02 15:43:34.795] --> END POST (75-byte body)
[Fastbot][2026-06-02 15:43:35.158] <-- 200 OK  http://127.0.0.1:9008/jsonrpc/0 (362ms)
[Fastbot][2026-06-02 15:43:35.158] Content-Type: application/json
[Fastbot][2026-06-02 15:43:35.158] Date: Tue, 2 Jun 2026 15:43:35 GMT
[Fastbot][2026-06-02 15:43:35.158] Connection: keep-alive
[Fastbot][2026-06-02 15:43:35.158] Transfer-Encoding: chunked
[Fastbot][2026-06-02 15:43:35.160] 
[Fastbot][2026-06-02 15:43:35.160] {"jsonrpc":"2.0","id":1,"result":"<?xml version='1.0' encoding='UTF-8' standalone='yes' ?>\r\n<hierarchy rotation=\"0\">\r\n  <node index=\"0\" text=\"\" resource-id=\"\" class=\"android.widget.FrameLayout\" package=\"com.android.systemui\" content-desc=\"\" checkable=\"false\" checked=\"false\" cli...[truncated]
[Fastbot][2026-06-02 15:43:35.161] <-- END HTTP (51060-byte body)
[Fastbot][2026-06-02 15:43:35.264] [Proxy Server] Forwarding
[Fastbot][2026-06-02 15:43:35.264] --> POST http://127.0.0.1:9008/jsonrpc/0
[Fastbot][2026-06-02 15:43:35.264] Content-Type: application/json; charset=utf-8
[Fastbot][2026-06-02 15:43:35.265] Content-Length: 224
[Fastbot][2026-06-02 15:43:35.265] 
[Fastbot][2026-06-02 15:43:35.265] {"jsonrpc": "2.0", "id": 1, "method": "waitForExists", "params": [{"mask": 18874368, "childOrSibling": [], "childOrSiblingSelector": [], "resourceId": "de.rampro.activitydiary.debug:id/activity_name", "instance": 1}, 20000]}
[Fastbot][2026-06-02 15:43:35.265] --> END POST (224-byte body)
[Fastbot][2026-06-02 15:43:35.272] <-- 200 OK  http://127.0.0.1:9008/jsonrpc/0 (6ms)
[Fastbot][2026-06-02 15:43:35.272] Content-Type: application/json
[Fastbot][2026-06-02 15:43:35.272] Date: Tue, 2 Jun 2026 15:43:35 GMT
[Fastbot][2026-06-02 15:43:35.272] Connection: keep-alive
[Fastbot][2026-06-02 15:43:35.272] Transfer-Encoding: chunked
[Fastbot][2026-06-02 15:43:35.273] 
[Fastbot][2026-06-02 15:43:35.273] {"jsonrpc":"2.0","id":1,"result":true}

[Fastbot][2026-06-02 15:43:35.273] <-- END HTTP (39-byte body)
[Fastbot][2026-06-02 15:43:35.309] [Proxy Server] Forwarding
[Fastbot][2026-06-02 15:43:35.309] --> POST http://127.0.0.1:9008/jsonrpc/0
[Fastbot][2026-06-02 15:43:35.309] Content-Type: application/json; charset=utf-8
[Fastbot][2026-06-02 15:43:35.309] Content-Length: 211
[Fastbot][2026-06-02 15:43:35.310] 
[Fastbot][2026-06-02 15:43:35.310] {"jsonrpc": "2.0", "id": 1, "method": "getText", "params": [{"mask": 18874368, "childOrSibling": [], "childOrSiblingSelector": [], "resourceId": "de.rampro.activitydiary.debug:id/activity_name", "instance": 1}]}
[Fastbot][2026-06-02 15:43:35.310] --> END POST (211-byte body)
[Fastbot][2026-06-02 15:43:35.319] <-- 200 OK  http://127.0.0.1:9008/jsonrpc/0 (8ms)
[Fastbot][2026-06-02 15:43:35.319] Content-Type: application/json
[Fastbot][2026-06-02 15:43:35.319] Date: Tue, 2 Jun 2026 15:43:35 GMT
[Fastbot][2026-06-02 15:43:35.320] Connection: keep-alive
[Fastbot][2026-06-02 15:43:35.320] Transfer-Encoding: chunked
[Fastbot][2026-06-02 15:43:35.320] 
[Fastbot][2026-06-02 15:43:35.320] {"jsonrpc":"2.0","id":1,"result":"Cinema (14.82)"}

[Fastbot][2026-06-02 15:43:35.320] <-- END HTTP (51-byte body)
[Fastbot][2026-06-02 15:43:35.355] [Proxy Server] Forwarding
[Fastbot][2026-06-02 15:43:35.356] --> POST http://127.0.0.1:9008/jsonrpc/0
[Fastbot][2026-06-02 15:43:35.356] Content-Type: application/json; charset=utf-8
[Fastbot][2026-06-02 15:43:35.356] Content-Length: 208
[Fastbot][2026-06-02 15:43:35.356] 
[Fastbot][2026-06-02 15:43:35.357] {"jsonrpc": "2.0", "id": 1, "method": "waitForExists", "params": [{"mask": 2097152, "childOrSibling": [], "childOrSiblingSelector": [], "resourceId": "de.rampro.activitydiary.debug:id/action_filter"}, 20000]}
[Fastbot][2026-06-02 15:43:35.357] --> END POST (208-byte body)
[Fastbot][2026-06-02 15:43:35.370] <-- 200 OK  http://127.0.0.1:9008/jsonrpc/0 (12ms)
[Fastbot][2026-06-02 15:43:35.370] Content-Type: application/json
[Fastbot][2026-06-02 15:43:35.370] Date: Tue, 2 Jun 2026 15:43:35 GMT
[Fastbot][2026-06-02 15:43:35.370] Connection: keep-alive
[Fastbot][2026-06-02 15:43:35.370] Transfer-Encoding: chunked
[Fastbot][2026-06-02 15:43:35.372] 
[Fastbot][2026-06-02 15:43:35.372] {"jsonrpc":"2.0","id":1,"result":true}

[Fastbot][2026-06-02 15:43:35.372] <-- END HTTP (39-byte body)
[Fastbot][2026-06-02 15:43:35.417] [Proxy Server] Forwarding
[Fastbot][2026-06-02 15:43:35.418] --> POST http://127.0.0.1:9008/jsonrpc/0
[Fastbot][2026-06-02 15:43:35.418] Content-Type: application/json; charset=utf-8
[Fastbot][2026-06-02 15:43:35.419] Content-Length: 195
[Fastbot][2026-06-02 15:43:35.419] 
[Fastbot][2026-06-02 15:43:35.419] {"jsonrpc": "2.0", "id": 1, "method": "objInfo", "params": [{"mask": 2097152, "childOrSibling": [], "childOrSiblingSelector": [], "resourceId": "de.rampro.activitydiary.debug:id/action_filter"}]}
[Fastbot][2026-06-02 15:43:35.419] --> END POST (195-byte body)
[Fastbot][2026-06-02 15:43:35.449] <-- 200 OK  http://127.0.0.1:9008/jsonrpc/0 (29ms)
[Fastbot][2026-06-02 15:43:35.449] Content-Type: application/json
[Fastbot][2026-06-02 15:43:35.449] Date: Tue, 2 Jun 2026 15:43:35 GMT
[Fastbot][2026-06-02 15:43:35.449] Connection: keep-alive
[Fastbot][2026-06-02 15:43:35.450] Transfer-Encoding: chunked
[Fastbot][2026-06-02 15:43:35.450] 
[Fastbot][2026-06-02 15:43:35.451] {"jsonrpc":"2.0","id":1,"result":{"bounds":{"bottom":275,"left":794,"right":926,"top":143},"childCount":1,"className":"android.support.v7.widget.LinearLayoutCompat","contentDescription":null,"packageName":"de.rampro.activitydiary.debug","resourceName":"de.rampro.activitydiary.debug:id/action_filter"...[truncated]
[Fastbot][2026-06-02 15:43:35.451] <-- END HTTP (537-byte body)
[Fastbot][2026-06-02 15:43:35.495] [Proxy Server] Detected script method: click
[Fastbot][2026-06-02 15:43:35.495] [Proxy Server] Forwarding
[Fastbot][2026-06-02 15:43:35.496] --> POST http://127.0.0.1:9008/jsonrpc/0
[Fastbot][2026-06-02 15:43:35.496] Content-Type: application/json; charset=utf-8
[Fastbot][2026-06-02 15:43:35.496] Content-Length: 72
[Fastbot][2026-06-02 15:43:35.497] 
[Fastbot][2026-06-02 15:43:35.497] {"jsonrpc": "2.0", "id": 1, "method": "click", "params": [860.0, 209.0]}
[Fastbot][2026-06-02 15:43:35.497] --> END POST (72-byte body)
[Fastbot][2026-06-02 15:43:35.668] <-- 200 OK  http://127.0.0.1:9008/jsonrpc/0 (170ms)
[Fastbot][2026-06-02 15:43:35.668] Content-Type: application/json
[Fastbot][2026-06-02 15:43:35.670] Date: Tue, 2 Jun 2026 15:43:35 GMT
[Fastbot][2026-06-02 15:43:35.670] Connection: keep-alive
[Fastbot][2026-06-02 15:43:35.672] Transfer-Encoding: chunked
[Fastbot][2026-06-02 15:43:35.673] 
[Fastbot][2026-06-02 15:43:35.673] {"jsonrpc":"2.0","id":1,"result":true}

[Fastbot][2026-06-02 15:43:35.674] <-- END HTTP (39-byte body)
[Fastbot][2026-06-02 15:43:36.713] [Proxy Server] Forwarding
[Fastbot][2026-06-02 15:43:36.713] --> POST http://127.0.0.1:9008/jsonrpc/0
[Fastbot][2026-06-02 15:43:36.713] Content-Type: application/json; charset=utf-8
[Fastbot][2026-06-02 15:43:36.714] Content-Length: 210
[Fastbot][2026-06-02 15:43:36.714] 
[Fastbot][2026-06-02 15:43:36.714] {"jsonrpc": "2.0", "id": 1, "method": "waitForExists", "params": [{"mask": 2097152, "childOrSibling": [], "childOrSiblingSelector": [], "resourceId": "de.rampro.activitydiary.debug:id/search_src_text"}, 20000]}
[Fastbot][2026-06-02 15:43:36.714] --> END POST (210-byte body)
[Fastbot][2026-06-02 15:43:36.739] <-- 200 OK  http://127.0.0.1:9008/jsonrpc/0 (24ms)
[Fastbot][2026-06-02 15:43:36.739] Content-Type: application/json
[Fastbot][2026-06-02 15:43:36.739] Date: Tue, 2 Jun 2026 15:43:36 GMT
[Fastbot][2026-06-02 15:43:36.739] Connection: keep-alive
[Fastbot][2026-06-02 15:43:36.739] Transfer-Encoding: chunked
[Fastbot][2026-06-02 15:43:36.740] 
[Fastbot][2026-06-02 15:43:36.740] {"jsonrpc":"2.0","id":1,"result":true}

[Fastbot][2026-06-02 15:43:36.740] <-- END HTTP (39-byte body)
[Fastbot][2026-06-02 15:43:36.791] [Proxy Server] Detected script method: setText
[Fastbot][2026-06-02 15:43:36.792] [Proxy Server] Forwarding
[Fastbot][2026-06-02 15:43:36.792] --> POST http://127.0.0.1:9008/jsonrpc/0
[Fastbot][2026-06-02 15:43:36.793] Content-Type: application/json; charset=utf-8
[Fastbot][2026-06-02 15:43:36.793] Content-Length: 215
[Fastbot][2026-06-02 15:43:36.793] 
[Fastbot][2026-06-02 15:43:36.793] {"jsonrpc": "2.0", "id": 1, "method": "setText", "params": [{"mask": 2097152, "childOrSibling": [], "childOrSiblingSelector": [], "resourceId": "de.rampro.activitydiary.debug:id/search_src_text"}, "Cinema (14.82)"]}
[Fastbot][2026-06-02 15:43:36.793] --> END POST (215-byte body)
[Fastbot][2026-06-02 15:43:36.935] <-- 200 OK  http://127.0.0.1:9008/jsonrpc/0 (141ms)
[Fastbot][2026-06-02 15:43:36.935] Content-Type: application/json
[Fastbot][2026-06-02 15:43:36.936] Date: Tue, 2 Jun 2026 15:43:36 GMT
[Fastbot][2026-06-02 15:43:36.936] Connection: keep-alive
[Fastbot][2026-06-02 15:43:36.936] Transfer-Encoding: chunked
[Fastbot][2026-06-02 15:43:36.936] 
[Fastbot][2026-06-02 15:43:36.937] {"jsonrpc":"2.0","id":1,"result":true}

[Fastbot][2026-06-02 15:43:36.937] <-- END HTTP (39-byte body)
[Fastbot][2026-06-02 15:43:37.993] [Proxy Server] Forwarding
[Fastbot][2026-06-02 15:43:37.993] --> POST http://127.0.0.1:9008/jsonrpc/0
[Fastbot][2026-06-02 15:43:37.993] Content-Type: application/json; charset=utf-8
[Fastbot][2026-06-02 15:43:37.993] Content-Length: 224
[Fastbot][2026-06-02 15:43:37.994] 
[Fastbot][2026-06-02 15:43:37.995] {"jsonrpc": "2.0", "id": 1, "method": "waitForExists", "params": [{"mask": 18874368, "childOrSibling": [], "childOrSiblingSelector": [], "resourceId": "de.rampro.activitydiary.debug:id/activity_name", "instance": 0}, 20000]}
[Fastbot][2026-06-02 15:43:37.995] --> END POST (224-byte body)
[Fastbot][2026-06-02 15:43:38.006] <-- 200 OK  http://127.0.0.1:9008/jsonrpc/0 (11ms)
[Fastbot][2026-06-02 15:43:38.006] Content-Type: application/json
[Fastbot][2026-06-02 15:43:38.006] Date: Tue, 2 Jun 2026 15:43:38 GMT
[Fastbot][2026-06-02 15:43:38.006] Connection: keep-alive
[Fastbot][2026-06-02 15:43:38.006] Transfer-Encoding: chunked
[Fastbot][2026-06-02 15:43:38.007] 
[Fastbot][2026-06-02 15:43:38.007] {"jsonrpc":"2.0","id":1,"result":true}

[Fastbot][2026-06-02 15:43:38.007] <-- END HTTP (39-byte body)
[Fastbot][2026-06-02 15:43:38.039] [Proxy Server] Forwarding
[Fastbot][2026-06-02 15:43:38.040] --> POST http://127.0.0.1:9008/jsonrpc/0
[Fastbot][2026-06-02 15:43:38.040] Content-Type: application/json; charset=utf-8
[Fastbot][2026-06-02 15:43:38.040] Content-Length: 211
[Fastbot][2026-06-02 15:43:38.041] 
[Fastbot][2026-06-02 15:43:38.041] {"jsonrpc": "2.0", "id": 1, "method": "getText", "params": [{"mask": 18874368, "childOrSibling": [], "childOrSiblingSelector": [], "resourceId": "de.rampro.activitydiary.debug:id/activity_name", "instance": 0}]}
[Fastbot][2026-06-02 15:43:38.041] --> END POST (211-byte body)
[Fastbot][2026-06-02 15:43:38.048] <-- 200 OK  http://127.0.0.1:9008/jsonrpc/0 (6ms)
[Fastbot][2026-06-02 15:43:38.048] Content-Type: application/json
[Fastbot][2026-06-02 15:43:38.048] Date: Tue, 2 Jun 2026 15:43:38 GMT
[Fastbot][2026-06-02 15:43:38.048] Connection: keep-alive
[Fastbot][2026-06-02 15:43:38.048] Transfer-Encoding: chunked
[Fastbot][2026-06-02 15:43:38.096] 
[Fastbot][2026-06-02 15:43:38.097] {"jsonrpc":"2.0","id":1,"result":"Cinema (14.82)"}

[Fastbot][2026-06-02 15:43:38.097] <-- END HTTP (51-byte body)
[Fastbot][2026-06-02 15:43:38.134] [Proxy Server] Forwarding
[Fastbot][2026-06-02 15:43:38.134] --> POST http://127.0.0.1:9008/jsonrpc/0
[Fastbot][2026-06-02 15:43:38.134] Content-Type: application/json; charset=utf-8
[Fastbot][2026-06-02 15:43:38.135] Content-Length: 211
[Fastbot][2026-06-02 15:43:38.135] 
[Fastbot][2026-06-02 15:43:38.136] {"jsonrpc": "2.0", "id": 1, "method": "waitForExists", "params": [{"mask": 2097152, "childOrSibling": [], "childOrSiblingSelector": [], "resourceId": "de.rampro.activitydiary.debug:id/search_close_btn"}, 20000]}
[Fastbot][2026-06-02 15:43:38.136] --> END POST (211-byte body)
[Fastbot][2026-06-02 15:43:38.156] <-- 200 OK  http://127.0.0.1:9008/jsonrpc/0 (19ms)
[Fastbot][2026-06-02 15:43:38.156] Content-Type: application/json
[Fastbot][2026-06-02 15:43:38.156] Date: Tue, 2 Jun 2026 15:43:38 GMT
[Fastbot][2026-06-02 15:43:38.156] Connection: keep-alive
[Fastbot][2026-06-02 15:43:38.156] Transfer-Encoding: chunked
[Fastbot][2026-06-02 15:43:38.157] 
[Fastbot][2026-06-02 15:43:38.157] {"jsonrpc":"2.0","id":1,"result":true}

[Fastbot][2026-06-02 15:43:38.157] <-- END HTTP (39-byte body)
[Fastbot][2026-06-02 15:43:38.195] [Proxy Server] Forwarding
[Fastbot][2026-06-02 15:43:38.195] --> POST http://127.0.0.1:9008/jsonrpc/0
[Fastbot][2026-06-02 15:43:38.195] Content-Type: application/json; charset=utf-8
[Fastbot][2026-06-02 15:43:38.196] Content-Length: 198
[Fastbot][2026-06-02 15:43:38.196] 
[Fastbot][2026-06-02 15:43:38.196] {"jsonrpc": "2.0", "id": 1, "method": "objInfo", "params": [{"mask": 2097152, "childOrSibling": [], "childOrSiblingSelector": [], "resourceId": "de.rampro.activitydiary.debug:id/search_close_btn"}]}
[Fastbot][2026-06-02 15:43:38.196] --> END POST (198-byte body)
[Fastbot][2026-06-02 15:43:38.223] <-- 200 OK  http://127.0.0.1:9008/jsonrpc/0 (26ms)
[Fastbot][2026-06-02 15:43:38.223] Content-Type: application/json
[Fastbot][2026-06-02 15:43:38.224] Date: Tue, 2 Jun 2026 15:43:38 GMT
[Fastbot][2026-06-02 15:43:38.224] Connection: keep-alive
[Fastbot][2026-06-02 15:43:38.224] Transfer-Encoding: chunked
[Fastbot][2026-06-02 15:43:38.225] 
[Fastbot][2026-06-02 15:43:38.225] {"jsonrpc":"2.0","id":1,"result":{"bounds":{"bottom":275,"left":946,"right":1056,"top":143},"childCount":0,"className":"android.widget.ImageView","contentDescription":"Clear query","packageName":"de.rampro.activitydiary.debug","resourceName":"de.rampro.activitydiary.debug:id/search_close_btn","text"...[truncated]
[Fastbot][2026-06-02 15:43:38.225] <-- END HTTP (530-byte body)
[Fastbot][2026-06-02 15:43:38.257] [Proxy Server] Detected script method: click
[Fastbot][2026-06-02 15:43:38.258] [Proxy Server] Forwarding
[Fastbot][2026-06-02 15:43:38.258] --> POST http://127.0.0.1:9008/jsonrpc/0
[Fastbot][2026-06-02 15:43:38.258] Content-Type: application/json; charset=utf-8
[Fastbot][2026-06-02 15:43:38.259] Content-Length: 73
[Fastbot][2026-06-02 15:43:38.259] 
[Fastbot][2026-06-02 15:43:38.259] {"jsonrpc": "2.0", "id": 1, "method": "click", "params": [1001.0, 209.0]}
[Fastbot][2026-06-02 15:43:38.259] --> END POST (73-byte body)
[Fastbot][2026-06-02 15:43:38.397] <-- 200 OK  http://127.0.0.1:9008/jsonrpc/0 (137ms)
[Fastbot][2026-06-02 15:43:38.397] Content-Type: application/json
[Fastbot][2026-06-02 15:43:38.397] Date: Tue, 2 Jun 2026 15:43:38 GMT
[Fastbot][2026-06-02 15:43:38.397] Connection: keep-alive
[Fastbot][2026-06-02 15:43:38.397] Transfer-Encoding: chunked
[Fastbot][2026-06-02 15:43:38.399] 
[Fastbot][2026-06-02 15:43:38.399] {"jsonrpc":"2.0","id":1,"result":true}

[Fastbot][2026-06-02 15:43:38.413] <-- END HTTP (39-byte body)
[Fastbot][2026-06-02 15:43:39.432] [Proxy Server] Forwarding
[Fastbot][2026-06-02 15:43:39.433] --> POST http://127.0.0.1:9008/jsonrpc/0
[Fastbot][2026-06-02 15:43:39.433] Content-Type: application/json; charset=utf-8
[Fastbot][2026-06-02 15:43:39.434] Content-Length: 211
[Fastbot][2026-06-02 15:43:39.434] 
[Fastbot][2026-06-02 15:43:39.435] {"jsonrpc": "2.0", "id": 1, "method": "waitForExists", "params": [{"mask": 2097152, "childOrSibling": [], "childOrSiblingSelector": [], "resourceId": "de.rampro.activitydiary.debug:id/search_close_btn"}, 20000]}
[Fastbot][2026-06-02 15:43:39.435] --> END POST (211-byte body)
[Fastbot][2026-06-02 15:43:39.476] <-- 200 OK  http://127.0.0.1:9008/jsonrpc/0 (41ms)
[Fastbot][2026-06-02 15:43:39.477] Content-Type: application/json
[Fastbot][2026-06-02 15:43:39.477] Date: Tue, 2 Jun 2026 15:43:39 GMT
[Fastbot][2026-06-02 15:43:39.477] Connection: keep-alive
[Fastbot][2026-06-02 15:43:39.477] Transfer-Encoding: chunked
[Fastbot][2026-06-02 15:43:39.478] 
[Fastbot][2026-06-02 15:43:39.478] {"jsonrpc":"2.0","id":1,"result":true}

[Fastbot][2026-06-02 15:43:39.479] <-- END HTTP (39-byte body)
[Fastbot][2026-06-02 15:43:39.518] [Proxy Server] Forwarding
[Fastbot][2026-06-02 15:43:39.519] --> POST http://127.0.0.1:9008/jsonrpc/0
[Fastbot][2026-06-02 15:43:39.520] Content-Type: application/json; charset=utf-8
[Fastbot][2026-06-02 15:43:39.520] Content-Length: 198
[Fastbot][2026-06-02 15:43:39.520] 
[Fastbot][2026-06-02 15:43:39.520] {"jsonrpc": "2.0", "id": 1, "method": "objInfo", "params": [{"mask": 2097152, "childOrSibling": [], "childOrSiblingSelector": [], "resourceId": "de.rampro.activitydiary.debug:id/search_close_btn"}]}
[Fastbot][2026-06-02 15:43:39.521] --> END POST (198-byte body)
[Fastbot][2026-06-02 15:43:39.556] <-- 200 OK  http://127.0.0.1:9008/jsonrpc/0 (35ms)
[Fastbot][2026-06-02 15:43:39.556] Content-Type: application/json
[Fastbot][2026-06-02 15:43:39.556] Date: Tue, 2 Jun 2026 15:43:39 GMT
[Fastbot][2026-06-02 15:43:39.557] Connection: keep-alive
[Fastbot][2026-06-02 15:43:39.557] Transfer-Encoding: chunked
[Fastbot][2026-06-02 15:43:39.558] 
[Fastbot][2026-06-02 15:43:39.559] {"jsonrpc":"2.0","id":1,"result":{"bounds":{"bottom":275,"left":946,"right":1056,"top":143},"childCount":0,"className":"android.widget.ImageView","contentDescription":"Clear query","packageName":"de.rampro.activitydiary.debug","resourceName":"de.rampro.activitydiary.debug:id/search_close_btn","text"...[truncated]
[Fastbot][2026-06-02 15:43:39.559] <-- END HTTP (530-byte body)
[Fastbot][2026-06-02 15:43:39.598] [Proxy Server] Detected script method: click
[Fastbot][2026-06-02 15:43:39.598] [Proxy Server] Forwarding
[Fastbot][2026-06-02 15:43:39.599] --> POST http://127.0.0.1:9008/jsonrpc/0
[Fastbot][2026-06-02 15:43:39.600] Content-Type: application/json; charset=utf-8
[Fastbot][2026-06-02 15:43:39.600] Content-Length: 73
[Fastbot][2026-06-02 15:43:39.600] 
[Fastbot][2026-06-02 15:43:39.601] {"jsonrpc": "2.0", "id": 1, "method": "click", "params": [1001.0, 209.0]}
[Fastbot][2026-06-02 15:43:39.601] --> END POST (73-byte body)
[Fastbot][2026-06-02 15:43:39.752] <-- 200 OK  http://127.0.0.1:9008/jsonrpc/0 (151ms)
[Fastbot][2026-06-02 15:43:39.753] Content-Type: application/json
[Fastbot][2026-06-02 15:43:39.753] Date: Tue, 2 Jun 2026 15:43:39 GMT
[Fastbot][2026-06-02 15:43:39.753] Connection: keep-alive
[Fastbot][2026-06-02 15:43:39.754] Transfer-Encoding: chunked
[Fastbot][2026-06-02 15:43:39.760] 
[Fastbot][2026-06-02 15:43:39.761] {"jsonrpc":"2.0","id":1,"result":true}

[Fastbot][2026-06-02 15:43:39.764] <-- END HTTP (39-byte body)
[Fastbot][2026-06-02 15:43:41.029] --> POST http://127.0.0.1:9008/jsonrpc/0
[Fastbot][2026-06-02 15:43:41.029] Content-Type: application/json; charset=utf-8
[Fastbot][2026-06-02 15:43:41.030] Content-Length: 75
[Fastbot][2026-06-02 15:43:41.030] 
[Fastbot][2026-06-02 15:43:41.030] {"id":1,"jsonrpc":"2.0","method":"dumpWindowHierarchy","params":[false,50]}
[Fastbot][2026-06-02 15:43:41.030] --> END POST (75-byte body)
[Fastbot][2026-06-02 15:43:41.065] <-- 200 OK  http://127.0.0.1:9008/jsonrpc/0 (34ms)
[Fastbot][2026-06-02 15:43:41.065] Content-Type: application/json
[Fastbot][2026-06-02 15:43:41.065] Date: Tue, 2 Jun 2026 15:43:41 GMT
[Fastbot][2026-06-02 15:43:41.065] Connection: keep-alive
[Fastbot][2026-06-02 15:43:41.065] Transfer-Encoding: chunked
[Fastbot][2026-06-02 15:43:41.068] 
[Fastbot][2026-06-02 15:43:41.068] {"jsonrpc":"2.0","id":1,"result":"<?xml version='1.0' encoding='UTF-8' standalone='yes' ?>\r\n<hierarchy rotation=\"0\">\r\n  <node index=\"0\" text=\"\" resource-id=\"\" class=\"android.widget.FrameLayout\" package=\"com.android.systemui\" content-desc=\"\" checkable=\"false\" checked=\"false\" cli...[truncated]
[Fastbot][2026-06-02 15:43:41.068] <-- END HTTP (51060-byte body)
[Fastbot][2026-06-02 15:43:41.109] [ProxyServer] stepsCount: 48
[Fastbot][2026-06-02 15:43:41.109] [ProxyServer] receive request: stepMonkey
[Fastbot][2026-06-02 15:43:41.109] [MonkeySourceApeU2] stepsCount: 48
[Fastbot][2026-06-02 15:43:41.109] [MonkeySourceApeU2] Latest event is MonkeyEvent. Use the cached hierarchy.
[Fastbot][2026-06-02 15:43:41.110] [MonkeySourceApeU2] Successfully Got hierarchy
[Fastbot][2026-06-02 15:43:41.112] // Event id: 540
[Fastbot][2026-06-02 15:43:41.112] topActivity Name: ComponentInfo{de.rampro.activitydiary.debug/de.rampro.activitydiary.ui.main.MainActivity}
[Fastbot][2026-06-02 15:43:41.113] // Dumped stringOfGuiTree
[Fastbot][2026-06-02 15:43:41.113] topActivityName: de.rampro.activitydiary.ui.main.MainActivity
[Fastbot][2026-06-02 15:43:41.116] action type: SCROLL_TOP_DOWN
[Fastbot][2026-06-02 15:43:41.116] rpc cost time: 3
[Fastbot][2026-06-02 15:43:41.118] :Sending rotation degree=0, persist=false
[Fastbot][2026-06-02 15:43:41.124] :Sending Touch (ACTION_DOWN): 0:(540.0,1008.0)
[Fastbot][2026-06-02 15:43:41.128] :Sending Touch (ACTION_MOVE): 0:(540.0,1008.0)
[Fastbot][2026-06-02 15:43:41.129] Wait Event for 20 milliseconds
[Fastbot][2026-06-02 15:43:41.152] :Sending Touch (ACTION_MOVE): 0:(540.0,1108.7)
[Fastbot][2026-06-02 15:43:41.154] Wait Event for 20 milliseconds
[Fastbot][2026-06-02 15:43:41.177] :Sending Touch (ACTION_MOVE): 0:(540.0,1209.4)
[Fastbot][2026-06-02 15:43:41.179] Wait Event for 20 milliseconds
[Fastbot][2026-06-02 15:43:41.201] :Sending Touch (ACTION_MOVE): 0:(540.0,1310.1)
[Fastbot][2026-06-02 15:43:41.202]     //[calendar_time:2026-06-02 15:43:41.202  system_uptime:43692266]
[Fastbot][2026-06-02 15:43:41.202]     // Sending event #500
[Fastbot][2026-06-02 15:43:41.203] Wait Event for 20 milliseconds
[Fastbot][2026-06-02 15:43:41.226] :Sending Touch (ACTION_MOVE): 0:(540.0,1410.8)
[Fastbot][2026-06-02 15:43:41.228] Wait Event for 20 milliseconds
[Fastbot][2026-06-02 15:43:41.250] :Sending Touch (ACTION_MOVE): 0:(540.0,1511.5)
[Fastbot][2026-06-02 15:43:41.251] Wait Event for 20 milliseconds
[Fastbot][2026-06-02 15:43:41.274] :Sending Touch (ACTION_MOVE): 0:(540.0,1612.2)
[Fastbot][2026-06-02 15:43:41.275] Wait Event for 20 milliseconds
[Fastbot][2026-06-02 15:43:41.298] :Sending Touch (ACTION_MOVE): 0:(540.0,1712.8999)
[Fastbot][2026-06-02 15:43:41.299] Wait Event for 20 milliseconds
[Fastbot][2026-06-02 15:43:41.323] :Sending Touch (ACTION_MOVE): 0:(540.0,1813.6001)
[Fastbot][2026-06-02 15:43:41.325] Wait Event for 20 milliseconds
[Fastbot][2026-06-02 15:43:41.347] :Sending Touch (ACTION_MOVE): 0:(540.0,1914.3)
[Fastbot][2026-06-02 15:43:41.349] Wait Event for 20 milliseconds
[Fastbot][2026-06-02 15:43:41.371] :Sending Touch (ACTION_UP): 0:(540.0,2015.0)
[Fastbot][2026-06-02 15:43:41.372] Sleeping for 277 milliseconds
[Fastbot][2026-06-02 15:43:41.651] [ProxyServer] Finish monkey step. Dumping hierarchy
[Fastbot][2026-06-02 15:43:41.652] --> POST http://127.0.0.1:9008/jsonrpc/0
[Fastbot][2026-06-02 15:43:41.652] Content-Type: application/json; charset=utf-8
[Fastbot][2026-06-02 15:43:41.652] Content-Length: 75
[Fastbot][2026-06-02 15:43:41.652] 
[Fastbot][2026-06-02 15:43:41.652] {"id":1,"jsonrpc":"2.0","method":"dumpWindowHierarchy","params":[false,50]}
[Fastbot][2026-06-02 15:43:41.653] --> END POST (75-byte body)
[Fastbot][2026-06-02 15:43:41.967] <-- 200 OK  http://127.0.0.1:9008/jsonrpc/0 (314ms)
[Fastbot][2026-06-02 15:43:41.967] Content-Type: application/json
[Fastbot][2026-06-02 15:43:41.967] Date: Tue, 2 Jun 2026 15:43:41 GMT
[Fastbot][2026-06-02 15:43:41.967] Connection: keep-alive
[Fastbot][2026-06-02 15:43:41.968] Transfer-Encoding: chunked
[Fastbot][2026-06-02 15:43:41.968] 
[Fastbot][2026-06-02 15:43:41.968] {"jsonrpc":"2.0","id":1,"result":"<?xml version='1.0' encoding='UTF-8' standalone='yes' ?>\r\n<hierarchy rotation=\"0\">\r\n  <node index=\"0\" text=\"\" resource-id=\"\" class=\"android.widget.FrameLayout\" package=\"com.android.systemui\" content-desc=\"\" checkable=\"false\" checked=\"false\" cli...[truncated]
[Fastbot][2026-06-02 15:43:41.969] <-- END HTTP (51060-byte body)
[Fastbot][2026-06-02 15:43:42.046] [Proxy Server] Forwarding
[Fastbot][2026-06-02 15:43:42.046] --> POST http://127.0.0.1:9008/jsonrpc/0
[Fastbot][2026-06-02 15:43:42.047] Content-Type: application/json; charset=utf-8
[Fastbot][2026-06-02 15:43:42.047] Content-Length: 214
[Fastbot][2026-06-02 15:43:42.047] 
[Fastbot][2026-06-02 15:43:42.047] {"jsonrpc": "2.0", "id": 1, "method": "waitForExists", "params": [{"mask": 2097152, "childOrSibling": [], "childOrSiblingSelector": [], "resourceId": "de.rampro.activitydiary.debug:id/action_add_activity"}, 20000]}
[Fastbot][2026-06-02 15:43:42.047] --> END POST (214-byte body)
[Fastbot][2026-06-02 15:43:42.062] <-- 200 OK  http://127.0.0.1:9008/jsonrpc/0 (14ms)
[Fastbot][2026-06-02 15:43:42.062] Content-Type: application/json
[Fastbot][2026-06-02 15:43:42.062] Date: Tue, 2 Jun 2026 15:43:42 GMT
[Fastbot][2026-06-02 15:43:42.062] Connection: keep-alive
[Fastbot][2026-06-02 15:43:42.062] Transfer-Encoding: chunked
[Fastbot][2026-06-02 15:43:42.063] 
[Fastbot][2026-06-02 15:43:42.063] {"jsonrpc":"2.0","id":1,"result":true}

[Fastbot][2026-06-02 15:43:42.063] <-- END HTTP (39-byte body)
[Fastbot][2026-06-02 15:43:42.105] [Proxy Server] Forwarding
[Fastbot][2026-06-02 15:43:42.105] --> POST http://127.0.0.1:9008/jsonrpc/0
[Fastbot][2026-06-02 15:43:42.105] Content-Type: application/json; charset=utf-8
[Fastbot][2026-06-02 15:43:42.105] Content-Length: 201
[Fastbot][2026-06-02 15:43:42.105] 
[Fastbot][2026-06-02 15:43:42.106] {"jsonrpc": "2.0", "id": 1, "method": "objInfo", "params": [{"mask": 2097152, "childOrSibling": [], "childOrSiblingSelector": [], "resourceId": "de.rampro.activitydiary.debug:id/action_add_activity"}]}
[Fastbot][2026-06-02 15:43:42.106] --> END POST (201-byte body)
[Fastbot][2026-06-02 15:43:42.130] <-- 200 OK  http://127.0.0.1:9008/jsonrpc/0 (24ms)
[Fastbot][2026-06-02 15:43:42.131] Content-Type: application/json
[Fastbot][2026-06-02 15:43:42.131] Date: Tue, 2 Jun 2026 15:43:42 GMT
[Fastbot][2026-06-02 15:43:42.131] Connection: keep-alive
[Fastbot][2026-06-02 15:43:42.131] Transfer-Encoding: chunked
[Fastbot][2026-06-02 15:43:42.132] 
[Fastbot][2026-06-02 15:43:42.132] {"jsonrpc":"2.0","id":1,"result":{"bounds":{"bottom":275,"left":927,"right":1080,"top":143},"childCount":0,"className":"android.widget.TextView","contentDescription":"Add Activity","packageName":"de.rampro.activitydiary.debug","resourceName":"de.rampro.activitydiary.debug:id/action_add_activity","te...[truncated]
[Fastbot][2026-06-02 15:43:42.132] <-- END HTTP (533-byte body)
[Fastbot][2026-06-02 15:43:42.172] [Proxy Server] Detected script method: click
[Fastbot][2026-06-02 15:43:42.174] [Proxy Server] Forwarding
[Fastbot][2026-06-02 15:43:42.174] --> POST http://127.0.0.1:9008/jsonrpc/0
[Fastbot][2026-06-02 15:43:42.174] Content-Type: application/json; charset=utf-8
[Fastbot][2026-06-02 15:43:42.174] Content-Length: 73
[Fastbot][2026-06-02 15:43:42.174] 
[Fastbot][2026-06-02 15:43:42.175] {"jsonrpc": "2.0", "id": 1, "method": "click", "params": [1003.5, 209.0]}
[Fastbot][2026-06-02 15:43:42.175] --> END POST (73-byte body)
[Fastbot][2026-06-02 15:43:42.330] // the top activity is de.rampro.activitydiary.ui.generic.EditActivity, phone capture activity is com.android.camera.CaptureActivity
[Fastbot][2026-06-02 15:43:42.330]     // Allowing start of Intent { cmp=de.rampro.activitydiary.debug/de.rampro.activitydiary.ui.generic.EditActivity } in package de.rampro.activitydiary.debug
[Fastbot][2026-06-02 15:43:42.333] <-- 200 OK  http://127.0.0.1:9008/jsonrpc/0 (158ms)
[Fastbot][2026-06-02 15:43:42.334] Content-Type: application/json
[Fastbot][2026-06-02 15:43:42.334] Date: Tue, 2 Jun 2026 15:43:42 GMT
[Fastbot][2026-06-02 15:43:42.334] Connection: keep-alive
[Fastbot][2026-06-02 15:43:42.334] Transfer-Encoding: chunked
[Fastbot][2026-06-02 15:43:42.335] 
[Fastbot][2026-06-02 15:43:42.335] {"jsonrpc":"2.0","id":1,"result":true}

[Fastbot][2026-06-02 15:43:42.337] <-- END HTTP (39-byte body)
[Fastbot][2026-06-02 15:43:43.395] // [Script] current activity is de.rampro.activitydiary.ui.generic.EditActivity
[Fastbot][2026-06-02 15:43:43.396] [Proxy Server] Forwarding
[Fastbot][2026-06-02 15:43:43.396] --> POST http://127.0.0.1:9008/jsonrpc/0
[Fastbot][2026-06-02 15:43:43.397] Content-Type: application/json; charset=utf-8
[Fastbot][2026-06-02 15:43:43.398] Content-Length: 213
[Fastbot][2026-06-02 15:43:43.398] 
[Fastbot][2026-06-02 15:43:43.399] {"jsonrpc": "2.0", "id": 1, "method": "waitForExists", "params": [{"mask": 2097152, "childOrSibling": [], "childOrSiblingSelector": [], "resourceId": "de.rampro.activitydiary.debug:id/edit_activity_name"}, 20000]}
[Fastbot][2026-06-02 15:43:43.399] --> END POST (213-byte body)
[Fastbot][2026-06-02 15:43:43.585] <-- 200 OK  http://127.0.0.1:9008/jsonrpc/0 (185ms)
[Fastbot][2026-06-02 15:43:43.585] Content-Type: application/json
[Fastbot][2026-06-02 15:43:43.585] Date: Tue, 2 Jun 2026 15:43:43 GMT
[Fastbot][2026-06-02 15:43:43.586] Connection: keep-alive
[Fastbot][2026-06-02 15:43:43.586] Transfer-Encoding: chunked
[Fastbot][2026-06-02 15:43:43.587] 
[Fastbot][2026-06-02 15:43:43.587] {"jsonrpc":"2.0","id":1,"result":true}

[Fastbot][2026-06-02 15:43:43.588] <-- END HTTP (39-byte body)
[Fastbot][2026-06-02 15:43:43.622] [Proxy Server] Detected script method: setText
[Fastbot][2026-06-02 15:43:43.622] [Proxy Server] Forwarding
[Fastbot][2026-06-02 15:43:43.622] --> POST http://127.0.0.1:9008/jsonrpc/0
[Fastbot][2026-06-02 15:43:43.623] Content-Type: application/json; charset=utf-8
[Fastbot][2026-06-02 15:43:43.623] Content-Length: 214
[Fastbot][2026-06-02 15:43:43.623] 
[Fastbot][2026-06-02 15:43:43.623] {"jsonrpc": "2.0", "id": 1, "method": "setText", "params": [{"mask": 2097152, "childOrSibling": [], "childOrSiblingSelector": [], "resourceId": "de.rampro.activitydiary.debug:id/edit_activity_name"}, "AJWwVpLMWZ"]}
[Fastbot][2026-06-02 15:43:43.624] --> END POST (214-byte body)
[Fastbot][2026-06-02 15:43:43.777] <-- 200 OK  http://127.0.0.1:9008/jsonrpc/0 (152ms)
[Fastbot][2026-06-02 15:43:43.777] Content-Type: application/json
[Fastbot][2026-06-02 15:43:43.777] Date: Tue, 2 Jun 2026 15:43:43 GMT
[Fastbot][2026-06-02 15:43:43.777] Connection: keep-alive
[Fastbot][2026-06-02 15:43:43.777] Transfer-Encoding: chunked
[Fastbot][2026-06-02 15:43:43.779] 
[Fastbot][2026-06-02 15:43:43.779] {"jsonrpc":"2.0","id":1,"result":true}

[Fastbot][2026-06-02 15:43:43.779] <-- END HTTP (39-byte body)
[Fastbot][2026-06-02 15:43:44.806] [Proxy Server] Forwarding
[Fastbot][2026-06-02 15:43:44.806] --> POST http://127.0.0.1:9008/jsonrpc/0
[Fastbot][2026-06-02 15:43:44.806] Content-Type: application/json; charset=utf-8
[Fastbot][2026-06-02 15:43:44.806] Content-Length: 211
[Fastbot][2026-06-02 15:43:44.806] 
[Fastbot][2026-06-02 15:43:44.807] {"jsonrpc": "2.0", "id": 1, "method": "waitForExists", "params": [{"mask": 2097152, "childOrSibling": [], "childOrSiblingSelector": [], "resourceId": "de.rampro.activitydiary.debug:id/action_edit_done"}, 20000]}
[Fastbot][2026-06-02 15:43:44.807] --> END POST (211-byte body)
[Fastbot][2026-06-02 15:43:44.833] <-- 200 OK  http://127.0.0.1:9008/jsonrpc/0 (25ms)
[Fastbot][2026-06-02 15:43:44.833] Content-Type: application/json
[Fastbot][2026-06-02 15:43:44.833] Date: Tue, 2 Jun 2026 15:43:44 GMT
[Fastbot][2026-06-02 15:43:44.833] Connection: keep-alive
[Fastbot][2026-06-02 15:43:44.833] Transfer-Encoding: chunked
[Fastbot][2026-06-02 15:43:44.833] 
[Fastbot][2026-06-02 15:43:44.834] {"jsonrpc":"2.0","id":1,"result":true}

[Fastbot][2026-06-02 15:43:44.834] <-- END HTTP (39-byte body)
[Fastbot][2026-06-02 15:43:44.881] [Proxy Server] Forwarding
[Fastbot][2026-06-02 15:43:44.881] --> POST http://127.0.0.1:9008/jsonrpc/0
[Fastbot][2026-06-02 15:43:44.882] Content-Type: application/json; charset=utf-8
[Fastbot][2026-06-02 15:43:44.882] Content-Length: 198
[Fastbot][2026-06-02 15:43:44.882] 
[Fastbot][2026-06-02 15:43:44.882] {"jsonrpc": "2.0", "id": 1, "method": "objInfo", "params": [{"mask": 2097152, "childOrSibling": [], "childOrSiblingSelector": [], "resourceId": "de.rampro.activitydiary.debug:id/action_edit_done"}]}
[Fastbot][2026-06-02 15:43:44.882] --> END POST (198-byte body)
[Fastbot][2026-06-02 15:43:44.908] <-- 200 OK  http://127.0.0.1:9008/jsonrpc/0 (25ms)
[Fastbot][2026-06-02 15:43:44.909] Content-Type: application/json
[Fastbot][2026-06-02 15:43:44.909] Date: Tue, 2 Jun 2026 15:43:44 GMT
[Fastbot][2026-06-02 15:43:44.909] Connection: keep-alive
[Fastbot][2026-06-02 15:43:44.909] Transfer-Encoding: chunked
[Fastbot][2026-06-02 15:43:44.910] 
[Fastbot][2026-06-02 15:43:44.911] {"jsonrpc":"2.0","id":1,"result":{"bounds":{"bottom":275,"left":926,"right":1080,"top":143},"childCount":0,"className":"android.widget.TextView","contentDescription":"Save","packageName":"de.rampro.activitydiary.debug","resourceName":"de.rampro.activitydiary.debug:id/action_edit_done","text":null,"v...[truncated]
[Fastbot][2026-06-02 15:43:44.911] <-- END HTTP (522-byte body)
[Fastbot][2026-06-02 15:43:44.946] [Proxy Server] Detected script method: click
[Fastbot][2026-06-02 15:43:44.946] [Proxy Server] Forwarding
[Fastbot][2026-06-02 15:43:44.947] --> POST http://127.0.0.1:9008/jsonrpc/0
[Fastbot][2026-06-02 15:43:44.947] Content-Type: application/json; charset=utf-8
[Fastbot][2026-06-02 15:43:44.947] Content-Length: 73
[Fastbot][2026-06-02 15:43:44.947] 
[Fastbot][2026-06-02 15:43:44.947] {"jsonrpc": "2.0", "id": 1, "method": "click", "params": [1003.0, 209.0]}
[Fastbot][2026-06-02 15:43:44.947] --> END POST (73-byte body)
[Fastbot][2026-06-02 15:43:45.096]     // activityResuming(de.rampro.activitydiary.debug)
[Fastbot][2026-06-02 15:43:45.116] <-- 200 OK  http://127.0.0.1:9008/jsonrpc/0 (167ms)
[Fastbot][2026-06-02 15:43:45.116] Content-Type: application/json
[Fastbot][2026-06-02 15:43:45.116] Date: Tue, 2 Jun 2026 15:43:45 GMT
[Fastbot][2026-06-02 15:43:45.116] Connection: keep-alive
[Fastbot][2026-06-02 15:43:45.117] Transfer-Encoding: chunked
[Fastbot][2026-06-02 15:43:45.117] 
[Fastbot][2026-06-02 15:43:45.117] {"jsonrpc":"2.0","id":1,"result":true}

[Fastbot][2026-06-02 15:43:45.117] <-- END HTTP (39-byte body)
[Fastbot][2026-06-02 15:43:46.201] // [Script] current activity is de.rampro.activitydiary.ui.main.MainActivity
[Fastbot][2026-06-02 15:43:46.201] [Proxy Server] Forwarding
[Fastbot][2026-06-02 15:43:46.201] --> POST http://127.0.0.1:9008/jsonrpc/0
[Fastbot][2026-06-02 15:43:46.202] Content-Type: application/json; charset=utf-8
[Fastbot][2026-06-02 15:43:46.202] Content-Length: 215
[Fastbot][2026-06-02 15:43:46.203] 
[Fastbot][2026-06-02 15:43:46.203] {"jsonrpc": "2.0", "id": 1, "method": "exist", "params": [{"mask": 2097153, "childOrSibling": [], "childOrSiblingSelector": [], "resourceId": "de.rampro.activitydiary.debug:id/activity_name", "text": "AJWwVpLMWZ"}]}
[Fastbot][2026-06-02 15:43:46.203] --> END POST (215-byte body)
[Fastbot][2026-06-02 15:43:46.343] <-- 200 OK  http://127.0.0.1:9008/jsonrpc/0 (139ms)
[Fastbot][2026-06-02 15:43:46.343] Content-Type: application/json
[Fastbot][2026-06-02 15:43:46.344] Date: Tue, 2 Jun 2026 15:43:46 GMT
[Fastbot][2026-06-02 15:43:46.344] Connection: keep-alive
[Fastbot][2026-06-02 15:43:46.345] Transfer-Encoding: chunked
[Fastbot][2026-06-02 15:43:46.359] 
[Fastbot][2026-06-02 15:43:46.360] {"jsonrpc":"2.0","id":1,"result":true}

[Fastbot][2026-06-02 15:43:46.360] <-- END HTTP (39-byte body)
[Fastbot][2026-06-02 15:43:46.622] --> POST http://127.0.0.1:9008/jsonrpc/0
[Fastbot][2026-06-02 15:43:46.622] Content-Type: application/json; charset=utf-8
[Fastbot][2026-06-02 15:43:46.622] Content-Length: 75
[Fastbot][2026-06-02 15:43:46.622] 
[Fastbot][2026-06-02 15:43:46.622] {"id":1,"jsonrpc":"2.0","method":"dumpWindowHierarchy","params":[false,50]}
[Fastbot][2026-06-02 15:43:46.623] --> END POST (75-byte body)
[Fastbot][2026-06-02 15:43:46.660] <-- 200 OK  http://127.0.0.1:9008/jsonrpc/0 (36ms)
[Fastbot][2026-06-02 15:43:46.660] Content-Type: application/json
[Fastbot][2026-06-02 15:43:46.660] Date: Tue, 2 Jun 2026 15:43:46 GMT
[Fastbot][2026-06-02 15:43:46.660] Connection: keep-alive
[Fastbot][2026-06-02 15:43:46.660] Transfer-Encoding: chunked
[Fastbot][2026-06-02 15:43:46.662] 
[Fastbot][2026-06-02 15:43:46.662] {"jsonrpc":"2.0","id":1,"result":"<?xml version='1.0' encoding='UTF-8' standalone='yes' ?>\r\n<hierarchy rotation=\"0\">\r\n  <node index=\"0\" text=\"\" resource-id=\"\" class=\"android.widget.FrameLayout\" package=\"com.android.systemui\" content-desc=\"\" checkable=\"false\" checked=\"false\" cli...[truncated]
[Fastbot][2026-06-02 15:43:46.662] <-- END HTTP (52565-byte body)
[Fastbot][2026-06-02 15:43:46.736] [Proxy Server] Forwarding
[Fastbot][2026-06-02 15:43:46.736] --> POST http://127.0.0.1:9008/jsonrpc/0
[Fastbot][2026-06-02 15:43:46.736] Content-Type: application/json; charset=utf-8
[Fastbot][2026-06-02 15:43:46.736] Content-Length: 173
[Fastbot][2026-06-02 15:43:46.737] 
[Fastbot][2026-06-02 15:43:46.737] {"jsonrpc": "2.0", "id": 1, "method": "waitForExists", "params": [{"mask": 64, "childOrSibling": [], "childOrSiblingSelector": [], "description": "Open navigation"}, 20000]}
[Fastbot][2026-06-02 15:43:46.737] --> END POST (173-byte body)
[Fastbot][2026-06-02 15:43:46.751] <-- 200 OK  http://127.0.0.1:9008/jsonrpc/0 (13ms)
[Fastbot][2026-06-02 15:43:46.751] Content-Type: application/json
[Fastbot][2026-06-02 15:43:46.751] Date: Tue, 2 Jun 2026 15:43:46 GMT
[Fastbot][2026-06-02 15:43:46.751] Connection: keep-alive
[Fastbot][2026-06-02 15:43:46.752] Transfer-Encoding: chunked
[Fastbot][2026-06-02 15:43:46.753] 
[Fastbot][2026-06-02 15:43:46.753] {"jsonrpc":"2.0","id":1,"result":true}

[Fastbot][2026-06-02 15:43:46.753] <-- END HTTP (39-byte body)
[Fastbot][2026-06-02 15:43:46.782] [Proxy Server] Forwarding
[Fastbot][2026-06-02 15:43:46.782] --> POST http://127.0.0.1:9008/jsonrpc/0
[Fastbot][2026-06-02 15:43:46.782] Content-Type: application/json; charset=utf-8
[Fastbot][2026-06-02 15:43:46.783] Content-Length: 160
[Fastbot][2026-06-02 15:43:46.783] 
[Fastbot][2026-06-02 15:43:46.783] {"jsonrpc": "2.0", "id": 1, "method": "objInfo", "params": [{"mask": 64, "childOrSibling": [], "childOrSiblingSelector": [], "description": "Open navigation"}]}
[Fastbot][2026-06-02 15:43:46.783] --> END POST (160-byte body)
[Fastbot][2026-06-02 15:43:47.140] <-- 200 OK  http://127.0.0.1:9008/jsonrpc/0 (355ms)
[Fastbot][2026-06-02 15:43:47.140] Content-Type: application/json
[Fastbot][2026-06-02 15:43:47.140] Date: Tue, 2 Jun 2026 15:43:47 GMT
[Fastbot][2026-06-02 15:43:47.141] Connection: keep-alive
[Fastbot][2026-06-02 15:43:47.141] Transfer-Encoding: chunked
[Fastbot][2026-06-02 15:43:47.141] 
[Fastbot][2026-06-02 15:43:47.141] {"jsonrpc":"2.0","id":1,"result":{"bounds":{"bottom":286,"left":0,"right":154,"top":132},"childCount":0,"className":"android.widget.ImageButton","contentDescription":"Open navigation","packageName":"de.rampro.activitydiary.debug","resourceName":null,"text":null,"visibleBounds":{"bottom":286,"left":0...[truncated]
[Fastbot][2026-06-02 15:43:47.141] <-- END HTTP (483-byte body)
[Fastbot][2026-06-02 15:43:47.207] [Proxy Server] Detected script method: click
[Fastbot][2026-06-02 15:43:47.208] [Proxy Server] Forwarding
[Fastbot][2026-06-02 15:43:47.208] --> POST http://127.0.0.1:9008/jsonrpc/0
[Fastbot][2026-06-02 15:43:47.209] Content-Type: application/json; charset=utf-8
[Fastbot][2026-06-02 15:43:47.209] Content-Length: 71
[Fastbot][2026-06-02 15:43:47.209] 
[Fastbot][2026-06-02 15:43:47.209] {"jsonrpc": "2.0", "id": 1, "method": "click", "params": [77.0, 209.0]}
[Fastbot][2026-06-02 15:43:47.209] --> END POST (71-byte body)
[Fastbot][2026-06-02 15:43:47.347] <-- 200 OK  http://127.0.0.1:9008/jsonrpc/0 (137ms)
[Fastbot][2026-06-02 15:43:47.347] Content-Type: application/json
[Fastbot][2026-06-02 15:43:47.347] Date: Tue, 2 Jun 2026 15:43:47 GMT
[Fastbot][2026-06-02 15:43:47.347] Connection: keep-alive
[Fastbot][2026-06-02 15:43:47.347] Transfer-Encoding: chunked
[Fastbot][2026-06-02 15:43:47.363] 
[Fastbot][2026-06-02 15:43:47.363] {"jsonrpc":"2.0","id":1,"result":true}

[Fastbot][2026-06-02 15:43:47.364] <-- END HTTP (39-byte body)
[Fastbot][2026-06-02 15:43:48.379] [Proxy Server] Forwarding
[Fastbot][2026-06-02 15:43:48.380] --> POST http://127.0.0.1:9008/jsonrpc/0
[Fastbot][2026-06-02 15:43:48.380] Content-Type: application/json; charset=utf-8
[Fastbot][2026-06-02 15:43:48.380] Content-Length: 236
[Fastbot][2026-06-02 15:43:48.380] 
[Fastbot][2026-06-02 15:43:48.380] {"jsonrpc": "2.0", "id": 1, "method": "waitForExists", "params": [{"mask": 2097153, "childOrSibling": [], "childOrSiblingSelector": [], "resourceId": "de.rampro.activitydiary.debug:id/design_menu_item_text", "text": "Settings"}, 20000]}
[Fastbot][2026-06-02 15:43:48.380] --> END POST (236-byte body)
[Fastbot][2026-06-02 15:43:48.407] <-- 200 OK  http://127.0.0.1:9008/jsonrpc/0 (27ms)
[Fastbot][2026-06-02 15:43:48.407] Content-Type: application/json
[Fastbot][2026-06-02 15:43:48.407] Date: Tue, 2 Jun 2026 15:43:48 GMT
[Fastbot][2026-06-02 15:43:48.407] Connection: keep-alive
[Fastbot][2026-06-02 15:43:48.407] Transfer-Encoding: chunked
[Fastbot][2026-06-02 15:43:48.408] 
[Fastbot][2026-06-02 15:43:48.408] {"jsonrpc":"2.0","id":1,"result":true}

[Fastbot][2026-06-02 15:43:48.408] <-- END HTTP (39-byte body)
[Fastbot][2026-06-02 15:43:48.434] [Proxy Server] Forwarding
[Fastbot][2026-06-02 15:43:48.434] --> POST http://127.0.0.1:9008/jsonrpc/0
[Fastbot][2026-06-02 15:43:48.434] Content-Type: application/json; charset=utf-8
[Fastbot][2026-06-02 15:43:48.434] Content-Length: 223
[Fastbot][2026-06-02 15:43:48.434] 
[Fastbot][2026-06-02 15:43:48.435] {"jsonrpc": "2.0", "id": 1, "method": "objInfo", "params": [{"mask": 2097153, "childOrSibling": [], "childOrSiblingSelector": [], "resourceId": "de.rampro.activitydiary.debug:id/design_menu_item_text", "text": "Settings"}]}
[Fastbot][2026-06-02 15:43:48.435] --> END POST (223-byte body)
[Fastbot][2026-06-02 15:43:48.460] <-- 200 OK  http://127.0.0.1:9008/jsonrpc/0 (25ms)
[Fastbot][2026-06-02 15:43:48.460] Content-Type: application/json
[Fastbot][2026-06-02 15:43:48.460] Date: Tue, 2 Jun 2026 15:43:48 GMT
[Fastbot][2026-06-02 15:43:48.460] Connection: keep-alive
[Fastbot][2026-06-02 15:43:48.460] Transfer-Encoding: chunked
[Fastbot][2026-06-02 15:43:48.506] 
[Fastbot][2026-06-02 15:43:48.507] {"jsonrpc":"2.0","id":1,"result":{"bounds":{"bottom":1400,"left":44,"right":726,"top":1268},"childCount":0,"className":"android.widget.CheckedTextView","contentDescription":null,"packageName":"de.rampro.activitydiary.debug","resourceName":"de.rampro.activitydiary.debug:id/design_menu_item_text","tex...[truncated]
[Fastbot][2026-06-02 15:43:48.507] <-- END HTTP (539-byte body)
[Fastbot][2026-06-02 15:43:48.558] [Proxy Server] Detected script method: click
[Fastbot][2026-06-02 15:43:48.558] [Proxy Server] Forwarding
[Fastbot][2026-06-02 15:43:48.559] --> POST http://127.0.0.1:9008/jsonrpc/0
[Fastbot][2026-06-02 15:43:48.559] Content-Type: application/json; charset=utf-8
[Fastbot][2026-06-02 15:43:48.559] Content-Length: 73
[Fastbot][2026-06-02 15:43:48.560] 
[Fastbot][2026-06-02 15:43:48.560] {"jsonrpc": "2.0", "id": 1, "method": "click", "params": [385.0, 1334.0]}
[Fastbot][2026-06-02 15:43:48.560] --> END POST (73-byte body)
[Fastbot][2026-06-02 15:43:48.715] <-- 200 OK  http://127.0.0.1:9008/jsonrpc/0 (154ms)
[Fastbot][2026-06-02 15:43:48.715] Content-Type: application/json
[Fastbot][2026-06-02 15:43:48.715] Date: Tue, 2 Jun 2026 15:43:48 GMT
[Fastbot][2026-06-02 15:43:48.715] Connection: keep-alive
[Fastbot][2026-06-02 15:43:48.715] Transfer-Encoding: chunked
[Fastbot][2026-06-02 15:43:48.715] 
[Fastbot][2026-06-02 15:43:48.715] {"jsonrpc":"2.0","id":1,"result":true}

[Fastbot][2026-06-02 15:43:48.715] <-- END HTTP (39-byte body)
[Fastbot][2026-06-02 15:43:48.736] // the top activity is de.rampro.activitydiary.ui.settings.SettingsActivity, phone capture activity is com.android.camera.CaptureActivity
[Fastbot][2026-06-02 15:43:48.736]     // Allowing start of Intent { cmp=de.rampro.activitydiary.debug/de.rampro.activitydiary.ui.settings.SettingsActivity } in package de.rampro.activitydiary.debug
[Fastbot][2026-06-02 15:43:49.748] // [Script] current activity is de.rampro.activitydiary.ui.settings.SettingsActivity
[Fastbot][2026-06-02 15:43:49.748] [Proxy Server] Forwarding
[Fastbot][2026-06-02 15:43:49.748] --> POST http://127.0.0.1:9008/jsonrpc/0
[Fastbot][2026-06-02 15:43:49.749] Content-Type: application/json; charset=utf-8
[Fastbot][2026-06-02 15:43:49.750] Content-Length: 163
[Fastbot][2026-06-02 15:43:49.751] 
[Fastbot][2026-06-02 15:43:49.751] {"jsonrpc": "2.0", "id": 1, "method": "exist", "params": [{"mask": 2097152, "childOrSibling": [], "childOrSiblingSelector": [], "resourceId": "android:id/title"}]}
[Fastbot][2026-06-02 15:43:49.752] --> END POST (163-byte body)
[Fastbot][2026-06-02 15:43:49.769] <-- 200 OK  http://127.0.0.1:9008/jsonrpc/0 (16ms)
[Fastbot][2026-06-02 15:43:49.770] Content-Type: application/json
[Fastbot][2026-06-02 15:43:49.770] Date: Tue, 2 Jun 2026 15:43:49 GMT
[Fastbot][2026-06-02 15:43:49.771] Connection: keep-alive
[Fastbot][2026-06-02 15:43:49.771] Transfer-Encoding: chunked
[Fastbot][2026-06-02 15:43:49.772] 
[Fastbot][2026-06-02 15:43:49.772] {"jsonrpc":"2.0","id":1,"result":true}

[Fastbot][2026-06-02 15:43:49.773] <-- END HTTP (39-byte body)
[Fastbot][2026-06-02 15:43:49.805] [Proxy Server] Forwarding
[Fastbot][2026-06-02 15:43:49.805] --> POST http://127.0.0.1:9008/jsonrpc/0
[Fastbot][2026-06-02 15:43:49.806] Content-Type: application/json; charset=utf-8
[Fastbot][2026-06-02 15:43:49.806] Content-Length: 169
[Fastbot][2026-06-02 15:43:49.806] 
[Fastbot][2026-06-02 15:43:49.807] {"jsonrpc": "2.0", "id": 1, "method": "waitForExists", "params": [{"mask": 64, "childOrSibling": [], "childOrSiblingSelector": [], "description": "Navigate up"}, 20000]}
[Fastbot][2026-06-02 15:43:49.807] --> END POST (169-byte body)
[Fastbot][2026-06-02 15:43:49.821] <-- 200 OK  http://127.0.0.1:9008/jsonrpc/0 (13ms)
[Fastbot][2026-06-02 15:43:49.821] Content-Type: application/json
[Fastbot][2026-06-02 15:43:49.821] Date: Tue, 2 Jun 2026 15:43:49 GMT
[Fastbot][2026-06-02 15:43:49.821] Connection: keep-alive
[Fastbot][2026-06-02 15:43:49.821] Transfer-Encoding: chunked
[Fastbot][2026-06-02 15:43:49.822] 
[Fastbot][2026-06-02 15:43:49.823] {"jsonrpc":"2.0","id":1,"result":true}

[Fastbot][2026-06-02 15:43:49.823] <-- END HTTP (39-byte body)
[Fastbot][2026-06-02 15:43:49.838] [Proxy Server] Forwarding
[Fastbot][2026-06-02 15:43:49.839] --> POST http://127.0.0.1:9008/jsonrpc/0
[Fastbot][2026-06-02 15:43:49.839] Content-Type: application/json; charset=utf-8
[Fastbot][2026-06-02 15:43:49.840] Content-Length: 156
[Fastbot][2026-06-02 15:43:49.840] 
[Fastbot][2026-06-02 15:43:49.841] {"jsonrpc": "2.0", "id": 1, "method": "objInfo", "params": [{"mask": 64, "childOrSibling": [], "childOrSiblingSelector": [], "description": "Navigate up"}]}
[Fastbot][2026-06-02 15:43:49.841] --> END POST (156-byte body)
[Fastbot][2026-06-02 15:43:49.864] <-- 200 OK  http://127.0.0.1:9008/jsonrpc/0 (22ms)
[Fastbot][2026-06-02 15:43:49.865] Content-Type: application/json
[Fastbot][2026-06-02 15:43:49.865] Date: Tue, 2 Jun 2026 15:43:49 GMT
[Fastbot][2026-06-02 15:43:49.865] Connection: keep-alive
[Fastbot][2026-06-02 15:43:49.865] Transfer-Encoding: chunked
[Fastbot][2026-06-02 15:43:49.906] 
[Fastbot][2026-06-02 15:43:49.907] {"jsonrpc":"2.0","id":1,"result":{"bounds":{"bottom":286,"left":0,"right":154,"top":132},"childCount":0,"className":"android.widget.ImageButton","contentDescription":"Navigate up","packageName":"de.rampro.activitydiary.debug","resourceName":null,"text":null,"visibleBounds":{"bottom":286,"left":0,"ri...[truncated]
[Fastbot][2026-06-02 15:43:49.907] <-- END HTTP (479-byte body)
[Fastbot][2026-06-02 15:43:49.947] [Proxy Server] Detected script method: click
[Fastbot][2026-06-02 15:43:49.947] [Proxy Server] Forwarding
[Fastbot][2026-06-02 15:43:49.948] --> POST http://127.0.0.1:9008/jsonrpc/0
[Fastbot][2026-06-02 15:43:49.948] Content-Type: application/json; charset=utf-8
[Fastbot][2026-06-02 15:43:49.948] Content-Length: 71
[Fastbot][2026-06-02 15:43:49.948] 
[Fastbot][2026-06-02 15:43:49.949] {"jsonrpc": "2.0", "id": 1, "method": "click", "params": [77.0, 209.0]}
[Fastbot][2026-06-02 15:43:49.949] --> END POST (71-byte body)
[Fastbot][2026-06-02 15:43:50.093]     // activityResuming(de.rampro.activitydiary.debug)
[Fastbot][2026-06-02 15:43:50.949] <-- 200 OK  http://127.0.0.1:9008/jsonrpc/0 (999ms)
[Fastbot][2026-06-02 15:43:50.950] Content-Type: application/json
[Fastbot][2026-06-02 15:43:50.950] Date: Tue, 2 Jun 2026 15:43:50 GMT
[Fastbot][2026-06-02 15:43:50.950] Connection: keep-alive
[Fastbot][2026-06-02 15:43:50.950] Transfer-Encoding: chunked
[Fastbot][2026-06-02 15:43:50.950] 
[Fastbot][2026-06-02 15:43:50.950] {"jsonrpc":"2.0","id":1,"result":true}

[Fastbot][2026-06-02 15:43:50.950] <-- END HTTP (39-byte body)
[Fastbot][2026-06-02 15:43:52.222] --> POST http://127.0.0.1:9008/jsonrpc/0
[Fastbot][2026-06-02 15:43:52.223] Content-Type: application/json; charset=utf-8
[Fastbot][2026-06-02 15:43:52.223] Content-Length: 75
[Fastbot][2026-06-02 15:43:52.224] 
[Fastbot][2026-06-02 15:43:52.224] {"id":1,"jsonrpc":"2.0","method":"dumpWindowHierarchy","params":[false,50]}
[Fastbot][2026-06-02 15:43:52.224] --> END POST (75-byte body)
[Fastbot][2026-06-02 15:43:52.270] <-- 200 OK  http://127.0.0.1:9008/jsonrpc/0 (44ms)
[Fastbot][2026-06-02 15:43:52.270] Content-Type: application/json
[Fastbot][2026-06-02 15:43:52.271] Date: Tue, 2 Jun 2026 15:43:52 GMT
[Fastbot][2026-06-02 15:43:52.271] Connection: keep-alive
[Fastbot][2026-06-02 15:43:52.271] Transfer-Encoding: chunked
[Fastbot][2026-06-02 15:43:52.273] 
[Fastbot][2026-06-02 15:43:52.274] {"jsonrpc":"2.0","id":1,"result":"<?xml version='1.0' encoding='UTF-8' standalone='yes' ?>\r\n<hierarchy rotation=\"0\">\r\n  <node index=\"0\" text=\"\" resource-id=\"\" class=\"android.widget.FrameLayout\" package=\"com.android.systemui\" content-desc=\"\" checkable=\"false\" checked=\"false\" cli...[truncated]
[Fastbot][2026-06-02 15:43:52.274] <-- END HTTP (52571-byte body)
[Fastbot][2026-06-02 15:43:52.332] // [Script] current activity is de.rampro.activitydiary.ui.main.MainActivity
[Fastbot][2026-06-02 15:43:52.332] [Proxy Server] Forwarding
[Fastbot][2026-06-02 15:43:52.333] --> POST http://127.0.0.1:9008/jsonrpc/0
[Fastbot][2026-06-02 15:43:52.333] Content-Type: application/json; charset=utf-8
[Fastbot][2026-06-02 15:43:52.333] Content-Length: 224
[Fastbot][2026-06-02 15:43:52.333] 
[Fastbot][2026-06-02 15:43:52.334] {"jsonrpc": "2.0", "id": 1, "method": "waitForExists", "params": [{"mask": 18874368, "childOrSibling": [], "childOrSiblingSelector": [], "resourceId": "de.rampro.activitydiary.debug:id/activity_name", "instance": 1}, 20000]}
[Fastbot][2026-06-02 15:43:52.334] --> END POST (224-byte body)
[Fastbot][2026-06-02 15:43:52.341] <-- 200 OK  http://127.0.0.1:9008/jsonrpc/0 (6ms)
[Fastbot][2026-06-02 15:43:52.341] Content-Type: application/json
[Fastbot][2026-06-02 15:43:52.341] Date: Tue, 2 Jun 2026 15:43:52 GMT
[Fastbot][2026-06-02 15:43:52.342] Connection: keep-alive
[Fastbot][2026-06-02 15:43:52.342] Transfer-Encoding: chunked
[Fastbot][2026-06-02 15:43:52.343] 
[Fastbot][2026-06-02 15:43:52.343] {"jsonrpc":"2.0","id":1,"result":true}

[Fastbot][2026-06-02 15:43:52.343] <-- END HTTP (39-byte body)
[Fastbot][2026-06-02 15:43:52.378] [Proxy Server] Forwarding
[Fastbot][2026-06-02 15:43:52.378] --> POST http://127.0.0.1:9008/jsonrpc/0
[Fastbot][2026-06-02 15:43:52.379] Content-Type: application/json; charset=utf-8
[Fastbot][2026-06-02 15:43:52.379] Content-Length: 211
[Fastbot][2026-06-02 15:43:52.379] 
[Fastbot][2026-06-02 15:43:52.379] {"jsonrpc": "2.0", "id": 1, "method": "getText", "params": [{"mask": 18874368, "childOrSibling": [], "childOrSiblingSelector": [], "resourceId": "de.rampro.activitydiary.debug:id/activity_name", "instance": 1}]}
[Fastbot][2026-06-02 15:43:52.379] --> END POST (211-byte body)
[Fastbot][2026-06-02 15:43:52.387] <-- 200 OK  http://127.0.0.1:9008/jsonrpc/0 (7ms)
[Fastbot][2026-06-02 15:43:52.387] Content-Type: application/json
[Fastbot][2026-06-02 15:43:52.387] Date: Tue, 2 Jun 2026 15:43:52 GMT
[Fastbot][2026-06-02 15:43:52.387] Connection: keep-alive
[Fastbot][2026-06-02 15:43:52.387] Transfer-Encoding: chunked
[Fastbot][2026-06-02 15:43:52.388] 
[Fastbot][2026-06-02 15:43:52.388] {"jsonrpc":"2.0","id":1,"result":"AJWwVpLMWZ (11.52)"}

[Fastbot][2026-06-02 15:43:52.388] <-- END HTTP (55-byte body)
[Fastbot][2026-06-02 15:43:52.425] [Proxy Server] Forwarding
[Fastbot][2026-06-02 15:43:52.425] --> POST http://127.0.0.1:9008/jsonrpc/0
[Fastbot][2026-06-02 15:43:52.425] Content-Type: application/json; charset=utf-8
[Fastbot][2026-06-02 15:43:52.425] Content-Length: 208
[Fastbot][2026-06-02 15:43:52.426] 
[Fastbot][2026-06-02 15:43:52.426] {"jsonrpc": "2.0", "id": 1, "method": "waitForExists", "params": [{"mask": 2097152, "childOrSibling": [], "childOrSiblingSelector": [], "resourceId": "de.rampro.activitydiary.debug:id/action_filter"}, 20000]}
[Fastbot][2026-06-02 15:43:52.426] --> END POST (208-byte body)
[Fastbot][2026-06-02 15:43:52.438] <-- 200 OK  http://127.0.0.1:9008/jsonrpc/0 (11ms)
[Fastbot][2026-06-02 15:43:52.438] Content-Type: application/json
[Fastbot][2026-06-02 15:43:52.438] Date: Tue, 2 Jun 2026 15:43:52 GMT
[Fastbot][2026-06-02 15:43:52.438] Connection: keep-alive
[Fastbot][2026-06-02 15:43:52.439] Transfer-Encoding: chunked
[Fastbot][2026-06-02 15:43:52.441] 
[Fastbot][2026-06-02 15:43:52.442] {"jsonrpc":"2.0","id":1,"result":true}

[Fastbot][2026-06-02 15:43:52.442] <-- END HTTP (39-byte body)
[Fastbot][2026-06-02 15:43:52.472] [Proxy Server] Forwarding
[Fastbot][2026-06-02 15:43:52.472] --> POST http://127.0.0.1:9008/jsonrpc/0
[Fastbot][2026-06-02 15:43:52.472] Content-Type: application/json; charset=utf-8
[Fastbot][2026-06-02 15:43:52.472] Content-Length: 195
[Fastbot][2026-06-02 15:43:52.472] 
[Fastbot][2026-06-02 15:43:52.473] {"jsonrpc": "2.0", "id": 1, "method": "objInfo", "params": [{"mask": 2097152, "childOrSibling": [], "childOrSiblingSelector": [], "resourceId": "de.rampro.activitydiary.debug:id/action_filter"}]}
[Fastbot][2026-06-02 15:43:52.474] --> END POST (195-byte body)
[Fastbot][2026-06-02 15:43:52.502] <-- 200 OK  http://127.0.0.1:9008/jsonrpc/0 (28ms)
[Fastbot][2026-06-02 15:43:52.503] Content-Type: application/json
[Fastbot][2026-06-02 15:43:52.504] Date: Tue, 2 Jun 2026 15:43:52 GMT
[Fastbot][2026-06-02 15:43:52.504] Connection: keep-alive
[Fastbot][2026-06-02 15:43:52.504] Transfer-Encoding: chunked
[Fastbot][2026-06-02 15:43:52.505] 
[Fastbot][2026-06-02 15:43:52.505] {"jsonrpc":"2.0","id":1,"result":{"bounds":{"bottom":275,"left":794,"right":926,"top":143},"childCount":1,"className":"android.support.v7.widget.LinearLayoutCompat","contentDescription":null,"packageName":"de.rampro.activitydiary.debug","resourceName":"de.rampro.activitydiary.debug:id/action_filter"...[truncated]
[Fastbot][2026-06-02 15:43:52.505] <-- END HTTP (537-byte body)
[Fastbot][2026-06-02 15:43:52.535] [Proxy Server] Detected script method: click
[Fastbot][2026-06-02 15:43:52.536] [Proxy Server] Forwarding
[Fastbot][2026-06-02 15:43:52.536] --> POST http://127.0.0.1:9008/jsonrpc/0
[Fastbot][2026-06-02 15:43:52.536] Content-Type: application/json; charset=utf-8
[Fastbot][2026-06-02 15:43:52.536] Content-Length: 72
[Fastbot][2026-06-02 15:43:52.536] 
[Fastbot][2026-06-02 15:43:52.537] {"jsonrpc": "2.0", "id": 1, "method": "click", "params": [860.0, 209.0]}
[Fastbot][2026-06-02 15:43:52.537] --> END POST (72-byte body)
[Fastbot][2026-06-02 15:43:52.697] <-- 200 OK  http://127.0.0.1:9008/jsonrpc/0 (160ms)
[Fastbot][2026-06-02 15:43:52.698] Content-Type: application/json
[Fastbot][2026-06-02 15:43:52.699] Date: Tue, 2 Jun 2026 15:43:52 GMT
[Fastbot][2026-06-02 15:43:52.699] Connection: keep-alive
[Fastbot][2026-06-02 15:43:52.700] Transfer-Encoding: chunked
[Fastbot][2026-06-02 15:43:52.700] 
[Fastbot][2026-06-02 15:43:52.700] {"jsonrpc":"2.0","id":1,"result":true}

[Fastbot][2026-06-02 15:43:52.701] <-- END HTTP (39-byte body)
[Fastbot][2026-06-02 15:43:53.748] [Proxy Server] Forwarding
[Fastbot][2026-06-02 15:43:53.749] --> POST http://127.0.0.1:9008/jsonrpc/0
[Fastbot][2026-06-02 15:43:53.750] Content-Type: application/json; charset=utf-8
[Fastbot][2026-06-02 15:43:53.751] Content-Length: 210
[Fastbot][2026-06-02 15:43:53.752] 
[Fastbot][2026-06-02 15:43:53.752] {"jsonrpc": "2.0", "id": 1, "method": "waitForExists", "params": [{"mask": 2097152, "childOrSibling": [], "childOrSiblingSelector": [], "resourceId": "de.rampro.activitydiary.debug:id/search_src_text"}, 20000]}
[Fastbot][2026-06-02 15:43:53.753] --> END POST (210-byte body)
[Fastbot][2026-06-02 15:43:53.803] <-- 200 OK  http://127.0.0.1:9008/jsonrpc/0 (49ms)
[Fastbot][2026-06-02 15:43:53.803] Content-Type: application/json
[Fastbot][2026-06-02 15:43:53.804] Date: Tue, 2 Jun 2026 15:43:53 GMT
[Fastbot][2026-06-02 15:43:53.805] Connection: keep-alive
[Fastbot][2026-06-02 15:43:53.805] Transfer-Encoding: chunked
[Fastbot][2026-06-02 15:43:53.807] 
[Fastbot][2026-06-02 15:43:53.807] {"jsonrpc":"2.0","id":1,"result":true}

[Fastbot][2026-06-02 15:43:53.808] <-- END HTTP (39-byte body)
[Fastbot][2026-06-02 15:43:53.840] [Proxy Server] Detected script method: setText
[Fastbot][2026-06-02 15:43:53.841] [Proxy Server] Forwarding
[Fastbot][2026-06-02 15:43:53.841] --> POST http://127.0.0.1:9008/jsonrpc/0
[Fastbot][2026-06-02 15:43:53.843] Content-Type: application/json; charset=utf-8
[Fastbot][2026-06-02 15:43:53.843] Content-Length: 219
[Fastbot][2026-06-02 15:43:53.843] 
[Fastbot][2026-06-02 15:43:53.844] {"jsonrpc": "2.0", "id": 1, "method": "setText", "params": [{"mask": 2097152, "childOrSibling": [], "childOrSiblingSelector": [], "resourceId": "de.rampro.activitydiary.debug:id/search_src_text"}, "AJWwVpLMWZ (11.52)"]}
[Fastbot][2026-06-02 15:43:53.844] --> END POST (219-byte body)
[Fastbot][2026-06-02 15:43:53.955] <-- 200 OK  http://127.0.0.1:9008/jsonrpc/0 (110ms)
[Fastbot][2026-06-02 15:43:53.956] Content-Type: application/json
[Fastbot][2026-06-02 15:43:53.957] Date: Tue, 2 Jun 2026 15:43:53 GMT
[Fastbot][2026-06-02 15:43:53.958] Connection: keep-alive
[Fastbot][2026-06-02 15:43:53.958] Transfer-Encoding: chunked
[Fastbot][2026-06-02 15:43:53.960] 
[Fastbot][2026-06-02 15:43:53.962] {"jsonrpc":"2.0","id":1,"result":true}

[Fastbot][2026-06-02 15:43:53.962] <-- END HTTP (39-byte body)
[Fastbot][2026-06-02 15:43:54.997] [Proxy Server] Forwarding
[Fastbot][2026-06-02 15:43:54.997] --> POST http://127.0.0.1:9008/jsonrpc/0
[Fastbot][2026-06-02 15:43:54.998] Content-Type: application/json; charset=utf-8
[Fastbot][2026-06-02 15:43:54.998] Content-Length: 224
[Fastbot][2026-06-02 15:43:54.998] 
[Fastbot][2026-06-02 15:43:54.999] {"jsonrpc": "2.0", "id": 1, "method": "waitForExists", "params": [{"mask": 18874368, "childOrSibling": [], "childOrSiblingSelector": [], "resourceId": "de.rampro.activitydiary.debug:id/activity_name", "instance": 0}, 20000]}
[Fastbot][2026-06-02 15:43:54.999] --> END POST (224-byte body)
[Fastbot][2026-06-02 15:43:55.014] <-- 200 OK  http://127.0.0.1:9008/jsonrpc/0 (14ms)
[Fastbot][2026-06-02 15:43:55.014] Content-Type: application/json
[Fastbot][2026-06-02 15:43:55.014] Date: Tue, 2 Jun 2026 15:43:55 GMT
[Fastbot][2026-06-02 15:43:55.014] Connection: keep-alive
[Fastbot][2026-06-02 15:43:55.014] Transfer-Encoding: chunked
[Fastbot][2026-06-02 15:43:55.015] 
[Fastbot][2026-06-02 15:43:55.015] {"jsonrpc":"2.0","id":1,"result":true}

[Fastbot][2026-06-02 15:43:55.015] <-- END HTTP (39-byte body)
[Fastbot][2026-06-02 15:43:55.058] [Proxy Server] Forwarding
[Fastbot][2026-06-02 15:43:55.058] --> POST http://127.0.0.1:9008/jsonrpc/0
[Fastbot][2026-06-02 15:43:55.058] Content-Type: application/json; charset=utf-8
[Fastbot][2026-06-02 15:43:55.058] Content-Length: 211
[Fastbot][2026-06-02 15:43:55.058] 
[Fastbot][2026-06-02 15:43:55.058] {"jsonrpc": "2.0", "id": 1, "method": "getText", "params": [{"mask": 18874368, "childOrSibling": [], "childOrSiblingSelector": [], "resourceId": "de.rampro.activitydiary.debug:id/activity_name", "instance": 0}]}
[Fastbot][2026-06-02 15:43:55.059] --> END POST (211-byte body)
[Fastbot][2026-06-02 15:43:55.066] <-- 200 OK  http://127.0.0.1:9008/jsonrpc/0 (7ms)
[Fastbot][2026-06-02 15:43:55.067] Content-Type: application/json
[Fastbot][2026-06-02 15:43:55.067] Date: Tue, 2 Jun 2026 15:43:55 GMT
[Fastbot][2026-06-02 15:43:55.067] Connection: keep-alive
[Fastbot][2026-06-02 15:43:55.067] Transfer-Encoding: chunked
[Fastbot][2026-06-02 15:43:55.068] 
[Fastbot][2026-06-02 15:43:55.068] {"jsonrpc":"2.0","id":1,"result":"AJWwVpLMWZ (11.52)"}

[Fastbot][2026-06-02 15:43:55.068] <-- END HTTP (55-byte body)
[Fastbot][2026-06-02 15:43:55.121] [Proxy Server] Forwarding
[Fastbot][2026-06-02 15:43:55.122] --> POST http://127.0.0.1:9008/jsonrpc/0
[Fastbot][2026-06-02 15:43:55.122] Content-Type: application/json; charset=utf-8
[Fastbot][2026-06-02 15:43:55.122] Content-Length: 211
[Fastbot][2026-06-02 15:43:55.122] 
[Fastbot][2026-06-02 15:43:55.123] {"jsonrpc": "2.0", "id": 1, "method": "waitForExists", "params": [{"mask": 2097152, "childOrSibling": [], "childOrSiblingSelector": [], "resourceId": "de.rampro.activitydiary.debug:id/search_close_btn"}, 20000]}
[Fastbot][2026-06-02 15:43:55.123] --> END POST (211-byte body)
[Fastbot][2026-06-02 15:43:55.170] <-- 200 OK  http://127.0.0.1:9008/jsonrpc/0 (47ms)
[Fastbot][2026-06-02 15:43:55.171] Content-Type: application/json
[Fastbot][2026-06-02 15:43:55.171] Date: Tue, 2 Jun 2026 15:43:55 GMT
[Fastbot][2026-06-02 15:43:55.171] Connection: keep-alive
[Fastbot][2026-06-02 15:43:55.171] Transfer-Encoding: chunked
[Fastbot][2026-06-02 15:43:55.172] 
[Fastbot][2026-06-02 15:43:55.172] {"jsonrpc":"2.0","id":1,"result":true}

[Fastbot][2026-06-02 15:43:55.173] <-- END HTTP (39-byte body)
[Fastbot][2026-06-02 15:43:55.218] [Proxy Server] Forwarding
[Fastbot][2026-06-02 15:43:55.219] --> POST http://127.0.0.1:9008/jsonrpc/0
[Fastbot][2026-06-02 15:43:55.219] Content-Type: application/json; charset=utf-8
[Fastbot][2026-06-02 15:43:55.219] Content-Length: 198
[Fastbot][2026-06-02 15:43:55.219] 
[Fastbot][2026-06-02 15:43:55.220] {"jsonrpc": "2.0", "id": 1, "method": "objInfo", "params": [{"mask": 2097152, "childOrSibling": [], "childOrSiblingSelector": [], "resourceId": "de.rampro.activitydiary.debug:id/search_close_btn"}]}
[Fastbot][2026-06-02 15:43:55.220] --> END POST (198-byte body)
[Fastbot][2026-06-02 15:43:55.253] <-- 200 OK  http://127.0.0.1:9008/jsonrpc/0 (33ms)
[Fastbot][2026-06-02 15:43:55.254] Content-Type: application/json
[Fastbot][2026-06-02 15:43:55.254] Date: Tue, 2 Jun 2026 15:43:55 GMT
[Fastbot][2026-06-02 15:43:55.254] Connection: keep-alive
[Fastbot][2026-06-02 15:43:55.254] Transfer-Encoding: chunked
[Fastbot][2026-06-02 15:43:55.255] 
[Fastbot][2026-06-02 15:43:55.255] {"jsonrpc":"2.0","id":1,"result":{"bounds":{"bottom":275,"left":946,"right":1056,"top":143},"childCount":0,"className":"android.widget.ImageView","contentDescription":"Clear query","packageName":"de.rampro.activitydiary.debug","resourceName":"de.rampro.activitydiary.debug:id/search_close_btn","text"...[truncated]
[Fastbot][2026-06-02 15:43:55.255] <-- END HTTP (530-byte body)
[Fastbot][2026-06-02 15:43:55.281] [Proxy Server] Detected script method: click
[Fastbot][2026-06-02 15:43:55.282] [Proxy Server] Forwarding
[Fastbot][2026-06-02 15:43:55.282] --> POST http://127.0.0.1:9008/jsonrpc/0
[Fastbot][2026-06-02 15:43:55.282] Content-Type: application/json; charset=utf-8
[Fastbot][2026-06-02 15:43:55.283] Content-Length: 73
[Fastbot][2026-06-02 15:43:55.283] 
[Fastbot][2026-06-02 15:43:55.283] {"jsonrpc": "2.0", "id": 1, "method": "click", "params": [1001.0, 209.0]}
[Fastbot][2026-06-02 15:43:55.283] --> END POST (73-byte body)
[Fastbot][2026-06-02 15:43:55.467] <-- 200 OK  http://127.0.0.1:9008/jsonrpc/0 (182ms)
[Fastbot][2026-06-02 15:43:55.467] Content-Type: application/json
[Fastbot][2026-06-02 15:43:55.467] Date: Tue, 2 Jun 2026 15:43:55 GMT
[Fastbot][2026-06-02 15:43:55.467] Connection: keep-alive
[Fastbot][2026-06-02 15:43:55.467] Transfer-Encoding: chunked
[Fastbot][2026-06-02 15:43:55.468] 
[Fastbot][2026-06-02 15:43:55.468] {"jsonrpc":"2.0","id":1,"result":true}

[Fastbot][2026-06-02 15:43:55.468] <-- END HTTP (39-byte body)
[Fastbot][2026-06-02 15:43:56.516] [Proxy Server] Forwarding
[Fastbot][2026-06-02 15:43:56.517] --> POST http://127.0.0.1:9008/jsonrpc/0
[Fastbot][2026-06-02 15:43:56.517] Content-Type: application/json; charset=utf-8
[Fastbot][2026-06-02 15:43:56.517] Content-Length: 211
[Fastbot][2026-06-02 15:43:56.518] 
[Fastbot][2026-06-02 15:43:56.518] {"jsonrpc": "2.0", "id": 1, "method": "waitForExists", "params": [{"mask": 2097152, "childOrSibling": [], "childOrSiblingSelector": [], "resourceId": "de.rampro.activitydiary.debug:id/search_close_btn"}, 20000]}
[Fastbot][2026-06-02 15:43:56.518] --> END POST (211-byte body)
[Fastbot][2026-06-02 15:43:56.560] <-- 200 OK  http://127.0.0.1:9008/jsonrpc/0 (41ms)
[Fastbot][2026-06-02 15:43:56.561] Content-Type: application/json
[Fastbot][2026-06-02 15:43:56.561] Date: Tue, 2 Jun 2026 15:43:56 GMT
[Fastbot][2026-06-02 15:43:56.562] Connection: keep-alive
[Fastbot][2026-06-02 15:43:56.562] Transfer-Encoding: chunked
[Fastbot][2026-06-02 15:43:56.563] 
[Fastbot][2026-06-02 15:43:56.563] {"jsonrpc":"2.0","id":1,"result":true}

[Fastbot][2026-06-02 15:43:56.564] <-- END HTTP (39-byte body)
[Fastbot][2026-06-02 15:43:56.593] [Proxy Server] Forwarding
[Fastbot][2026-06-02 15:43:56.593] --> POST http://127.0.0.1:9008/jsonrpc/0
[Fastbot][2026-06-02 15:43:56.593] Content-Type: application/json; charset=utf-8
[Fastbot][2026-06-02 15:43:56.593] Content-Length: 198
[Fastbot][2026-06-02 15:43:56.593] 
[Fastbot][2026-06-02 15:43:56.594] {"jsonrpc": "2.0", "id": 1, "method": "objInfo", "params": [{"mask": 2097152, "childOrSibling": [], "childOrSiblingSelector": [], "resourceId": "de.rampro.activitydiary.debug:id/search_close_btn"}]}
[Fastbot][2026-06-02 15:43:56.594] --> END POST (198-byte body)
[Fastbot][2026-06-02 15:43:56.622] <-- 200 OK  http://127.0.0.1:9008/jsonrpc/0 (27ms)
[Fastbot][2026-06-02 15:43:56.622] Content-Type: application/json
[Fastbot][2026-06-02 15:43:56.623] Date: Tue, 2 Jun 2026 15:43:56 GMT
[Fastbot][2026-06-02 15:43:56.623] Connection: keep-alive
[Fastbot][2026-06-02 15:43:56.623] Transfer-Encoding: chunked
[Fastbot][2026-06-02 15:43:56.623] 
[Fastbot][2026-06-02 15:43:56.624] {"jsonrpc":"2.0","id":1,"result":{"bounds":{"bottom":275,"left":946,"right":1056,"top":143},"childCount":0,"className":"android.widget.ImageView","contentDescription":"Clear query","packageName":"de.rampro.activitydiary.debug","resourceName":"de.rampro.activitydiary.debug:id/search_close_btn","text"...[truncated]
[Fastbot][2026-06-02 15:43:56.624] <-- END HTTP (530-byte body)
[Fastbot][2026-06-02 15:43:56.671] [Proxy Server] Detected script method: click
[Fastbot][2026-06-02 15:43:56.672] [Proxy Server] Forwarding
[Fastbot][2026-06-02 15:43:56.672] --> POST http://127.0.0.1:9008/jsonrpc/0
[Fastbot][2026-06-02 15:43:56.672] Content-Type: application/json; charset=utf-8
[Fastbot][2026-06-02 15:43:56.672] Content-Length: 73
[Fastbot][2026-06-02 15:43:56.673] 
[Fastbot][2026-06-02 15:43:56.673] {"jsonrpc": "2.0", "id": 1, "method": "click", "params": [1001.0, 209.0]}
[Fastbot][2026-06-02 15:43:56.673] --> END POST (73-byte body)
[Fastbot][2026-06-02 15:43:56.835] <-- 200 OK  http://127.0.0.1:9008/jsonrpc/0 (161ms)
[Fastbot][2026-06-02 15:43:56.835] Content-Type: application/json
[Fastbot][2026-06-02 15:43:56.835] Date: Tue, 2 Jun 2026 15:43:56 GMT
[Fastbot][2026-06-02 15:43:56.835] Connection: keep-alive
[Fastbot][2026-06-02 15:43:56.835] Transfer-Encoding: chunked
[Fastbot][2026-06-02 15:43:56.835] 
[Fastbot][2026-06-02 15:43:56.836] {"jsonrpc":"2.0","id":1,"result":true}

[Fastbot][2026-06-02 15:43:56.836] <-- END HTTP (39-byte body)
[Fastbot][2026-06-02 15:43:58.124] --> POST http://127.0.0.1:9008/jsonrpc/0
[Fastbot][2026-06-02 15:43:58.125] Content-Type: application/json; charset=utf-8
[Fastbot][2026-06-02 15:43:58.125] Content-Length: 75
[Fastbot][2026-06-02 15:43:58.125] 
[Fastbot][2026-06-02 15:43:58.125] {"id":1,"jsonrpc":"2.0","method":"dumpWindowHierarchy","params":[false,50]}
[Fastbot][2026-06-02 15:43:58.125] --> END POST (75-byte body)
[Fastbot][2026-06-02 15:43:58.171] <-- 200 OK  http://127.0.0.1:9008/jsonrpc/0 (45ms)
[Fastbot][2026-06-02 15:43:58.172] Content-Type: application/json
[Fastbot][2026-06-02 15:43:58.172] Date: Tue, 2 Jun 2026 15:43:58 GMT
[Fastbot][2026-06-02 15:43:58.172] Connection: keep-alive
[Fastbot][2026-06-02 15:43:58.173] Transfer-Encoding: chunked
[Fastbot][2026-06-02 15:43:58.174] 
[Fastbot][2026-06-02 15:43:58.175] {"jsonrpc":"2.0","id":1,"result":"<?xml version='1.0' encoding='UTF-8' standalone='yes' ?>\r\n<hierarchy rotation=\"0\">\r\n  <node index=\"0\" text=\"\" resource-id=\"\" class=\"android.widget.FrameLayout\" package=\"com.android.systemui\" content-desc=\"\" checkable=\"false\" checked=\"false\" cli...[truncated]
[Fastbot][2026-06-02 15:43:58.175] <-- END HTTP (52571-byte body)
[Fastbot][2026-06-02 15:43:58.250] [Proxy Server] Forwarding
[Fastbot][2026-06-02 15:43:58.250] --> POST http://127.0.0.1:9008/jsonrpc/0
[Fastbot][2026-06-02 15:43:58.250] Content-Type: application/json; charset=utf-8
[Fastbot][2026-06-02 15:43:58.250] Content-Length: 173
[Fastbot][2026-06-02 15:43:58.250] 
[Fastbot][2026-06-02 15:43:58.250] {"jsonrpc": "2.0", "id": 1, "method": "waitForExists", "params": [{"mask": 64, "childOrSibling": [], "childOrSiblingSelector": [], "description": "Open navigation"}, 20000]}
[Fastbot][2026-06-02 15:43:58.250] --> END POST (173-byte body)
[Fastbot][2026-06-02 15:43:58.266] <-- 200 OK  http://127.0.0.1:9008/jsonrpc/0 (15ms)
[Fastbot][2026-06-02 15:43:58.266] Content-Type: application/json
[Fastbot][2026-06-02 15:43:58.266] Date: Tue, 2 Jun 2026 15:43:58 GMT
[Fastbot][2026-06-02 15:43:58.266] Connection: keep-alive
[Fastbot][2026-06-02 15:43:58.267] Transfer-Encoding: chunked
[Fastbot][2026-06-02 15:43:58.268] 
[Fastbot][2026-06-02 15:43:58.268] {"jsonrpc":"2.0","id":1,"result":true}

[Fastbot][2026-06-02 15:43:58.269] <-- END HTTP (39-byte body)
[Fastbot][2026-06-02 15:43:58.296] [Proxy Server] Forwarding
[Fastbot][2026-06-02 15:43:58.297] --> POST http://127.0.0.1:9008/jsonrpc/0
[Fastbot][2026-06-02 15:43:58.297] Content-Type: application/json; charset=utf-8
[Fastbot][2026-06-02 15:43:58.298] Content-Length: 160
[Fastbot][2026-06-02 15:43:58.298] 
[Fastbot][2026-06-02 15:43:58.298] {"jsonrpc": "2.0", "id": 1, "method": "objInfo", "params": [{"mask": 64, "childOrSibling": [], "childOrSiblingSelector": [], "description": "Open navigation"}]}
[Fastbot][2026-06-02 15:43:58.299] --> END POST (160-byte body)
[Fastbot][2026-06-02 15:43:58.325] <-- 200 OK  http://127.0.0.1:9008/jsonrpc/0 (26ms)
[Fastbot][2026-06-02 15:43:58.325] Content-Type: application/json
[Fastbot][2026-06-02 15:43:58.326] Date: Tue, 2 Jun 2026 15:43:58 GMT
[Fastbot][2026-06-02 15:43:58.326] Connection: keep-alive
[Fastbot][2026-06-02 15:43:58.326] Transfer-Encoding: chunked
[Fastbot][2026-06-02 15:43:58.378] 
[Fastbot][2026-06-02 15:43:58.378] {"jsonrpc":"2.0","id":1,"result":{"bounds":{"bottom":286,"left":0,"right":154,"top":132},"childCount":0,"className":"android.widget.ImageButton","contentDescription":"Open navigation","packageName":"de.rampro.activitydiary.debug","resourceName":null,"text":null,"visibleBounds":{"bottom":286,"left":0...[truncated]
[Fastbot][2026-06-02 15:43:58.378] <-- END HTTP (483-byte body)
[Fastbot][2026-06-02 15:43:58.396] [Proxy Server] Detected script method: click
[Fastbot][2026-06-02 15:43:58.396] [Proxy Server] Forwarding
[Fastbot][2026-06-02 15:43:58.397] --> POST http://127.0.0.1:9008/jsonrpc/0
[Fastbot][2026-06-02 15:43:58.397] Content-Type: application/json; charset=utf-8
[Fastbot][2026-06-02 15:43:58.397] Content-Length: 71
[Fastbot][2026-06-02 15:43:58.398] 
[Fastbot][2026-06-02 15:43:58.398] {"jsonrpc": "2.0", "id": 1, "method": "click", "params": [77.0, 209.0]}
[Fastbot][2026-06-02 15:43:58.398] --> END POST (71-byte body)
[Fastbot][2026-06-02 15:43:58.559] <-- 200 OK  http://127.0.0.1:9008/jsonrpc/0 (160ms)
[Fastbot][2026-06-02 15:43:58.559] Content-Type: application/json
[Fastbot][2026-06-02 15:43:58.559] Date: Tue, 2 Jun 2026 15:43:58 GMT
[Fastbot][2026-06-02 15:43:58.560] Connection: keep-alive
[Fastbot][2026-06-02 15:43:58.561] Transfer-Encoding: chunked
[Fastbot][2026-06-02 15:43:58.606] 
[Fastbot][2026-06-02 15:43:58.606] {"jsonrpc":"2.0","id":1,"result":true}

[Fastbot][2026-06-02 15:43:58.606] <-- END HTTP (39-byte body)
[Fastbot][2026-06-02 15:43:59.640] [Proxy Server] Forwarding
[Fastbot][2026-06-02 15:43:59.640] --> POST http://127.0.0.1:9008/jsonrpc/0
[Fastbot][2026-06-02 15:43:59.641] Content-Type: application/json; charset=utf-8
[Fastbot][2026-06-02 15:43:59.641] Content-Length: 236
[Fastbot][2026-06-02 15:43:59.641] 
[Fastbot][2026-06-02 15:43:59.641] {"jsonrpc": "2.0", "id": 1, "method": "waitForExists", "params": [{"mask": 2097153, "childOrSibling": [], "childOrSiblingSelector": [], "resourceId": "de.rampro.activitydiary.debug:id/design_menu_item_text", "text": "Settings"}, 20000]}
[Fastbot][2026-06-02 15:43:59.641] --> END POST (236-byte body)
[Fastbot][2026-06-02 15:43:59.672] <-- 200 OK  http://127.0.0.1:9008/jsonrpc/0 (30ms)
[Fastbot][2026-06-02 15:43:59.672] Content-Type: application/json
[Fastbot][2026-06-02 15:43:59.673] Date: Tue, 2 Jun 2026 15:43:59 GMT
[Fastbot][2026-06-02 15:43:59.673] Connection: keep-alive
[Fastbot][2026-06-02 15:43:59.673] Transfer-Encoding: chunked
[Fastbot][2026-06-02 15:43:59.674] 
[Fastbot][2026-06-02 15:43:59.674] {"jsonrpc":"2.0","id":1,"result":true}

[Fastbot][2026-06-02 15:43:59.674] <-- END HTTP (39-byte body)
[Fastbot][2026-06-02 15:43:59.703] [Proxy Server] Forwarding
[Fastbot][2026-06-02 15:43:59.704] --> POST http://127.0.0.1:9008/jsonrpc/0
[Fastbot][2026-06-02 15:43:59.704] Content-Type: application/json; charset=utf-8
[Fastbot][2026-06-02 15:43:59.704] Content-Length: 223
[Fastbot][2026-06-02 15:43:59.704] 
[Fastbot][2026-06-02 15:43:59.704] {"jsonrpc": "2.0", "id": 1, "method": "objInfo", "params": [{"mask": 2097153, "childOrSibling": [], "childOrSiblingSelector": [], "resourceId": "de.rampro.activitydiary.debug:id/design_menu_item_text", "text": "Settings"}]}
[Fastbot][2026-06-02 15:43:59.704] --> END POST (223-byte body)
[Fastbot][2026-06-02 15:43:59.730] <-- 200 OK  http://127.0.0.1:9008/jsonrpc/0 (25ms)
[Fastbot][2026-06-02 15:43:59.730] Content-Type: application/json
[Fastbot][2026-06-02 15:43:59.730] Date: Tue, 2 Jun 2026 15:43:59 GMT
[Fastbot][2026-06-02 15:43:59.730] Connection: keep-alive
[Fastbot][2026-06-02 15:43:59.730] Transfer-Encoding: chunked
[Fastbot][2026-06-02 15:43:59.731] 
[Fastbot][2026-06-02 15:43:59.731] {"jsonrpc":"2.0","id":1,"result":{"bounds":{"bottom":1400,"left":44,"right":726,"top":1268},"childCount":0,"className":"android.widget.CheckedTextView","contentDescription":null,"packageName":"de.rampro.activitydiary.debug","resourceName":"de.rampro.activitydiary.debug:id/design_menu_item_text","tex...[truncated]
[Fastbot][2026-06-02 15:43:59.731] <-- END HTTP (539-byte body)
[Fastbot][2026-06-02 15:43:59.764] [Proxy Server] Detected script method: click
[Fastbot][2026-06-02 15:43:59.765] [Proxy Server] Forwarding
[Fastbot][2026-06-02 15:43:59.765] --> POST http://127.0.0.1:9008/jsonrpc/0
[Fastbot][2026-06-02 15:43:59.765] Content-Type: application/json; charset=utf-8
[Fastbot][2026-06-02 15:43:59.765] Content-Length: 73
[Fastbot][2026-06-02 15:43:59.766] 
[Fastbot][2026-06-02 15:43:59.766] {"jsonrpc": "2.0", "id": 1, "method": "click", "params": [385.0, 1334.0]}
[Fastbot][2026-06-02 15:43:59.766] --> END POST (73-byte body)
[Fastbot][2026-06-02 15:43:59.910] // the top activity is de.rampro.activitydiary.ui.settings.SettingsActivity, phone capture activity is com.android.camera.CaptureActivity
[Fastbot][2026-06-02 15:43:59.910]     // Allowing start of Intent { cmp=de.rampro.activitydiary.debug/de.rampro.activitydiary.ui.settings.SettingsActivity } in package de.rampro.activitydiary.debug
[Fastbot][2026-06-02 15:43:59.940] <-- 200 OK  http://127.0.0.1:9008/jsonrpc/0 (173ms)
[Fastbot][2026-06-02 15:43:59.940] Content-Type: application/json
[Fastbot][2026-06-02 15:43:59.940] Date: Tue, 2 Jun 2026 15:43:59 GMT
[Fastbot][2026-06-02 15:43:59.941] Connection: keep-alive
[Fastbot][2026-06-02 15:43:59.941] Transfer-Encoding: chunked
[Fastbot][2026-06-02 15:43:59.941] 
[Fastbot][2026-06-02 15:43:59.941] {"jsonrpc":"2.0","id":1,"result":true}

[Fastbot][2026-06-02 15:43:59.941] <-- END HTTP (39-byte body)
[Fastbot][2026-06-02 15:44:00.988] // [Script] current activity is de.rampro.activitydiary.ui.settings.SettingsActivity
[Fastbot][2026-06-02 15:44:00.988] [Proxy Server] Forwarding
[Fastbot][2026-06-02 15:44:00.988] --> POST http://127.0.0.1:9008/jsonrpc/0
[Fastbot][2026-06-02 15:44:00.988] Content-Type: application/json; charset=utf-8
[Fastbot][2026-06-02 15:44:00.989] Content-Length: 163
[Fastbot][2026-06-02 15:44:00.989] 
[Fastbot][2026-06-02 15:44:00.989] {"jsonrpc": "2.0", "id": 1, "method": "exist", "params": [{"mask": 2097152, "childOrSibling": [], "childOrSiblingSelector": [], "resourceId": "android:id/title"}]}
[Fastbot][2026-06-02 15:44:00.989] --> END POST (163-byte body)
[Fastbot][2026-06-02 15:44:01.013] <-- 200 OK  http://127.0.0.1:9008/jsonrpc/0 (23ms)
[Fastbot][2026-06-02 15:44:01.013] Content-Type: application/json
[Fastbot][2026-06-02 15:44:01.013] Date: Tue, 2 Jun 2026 15:44:01 GMT
[Fastbot][2026-06-02 15:44:01.014] Connection: keep-alive
[Fastbot][2026-06-02 15:44:01.014] Transfer-Encoding: chunked
[Fastbot][2026-06-02 15:44:01.014] 
[Fastbot][2026-06-02 15:44:01.014] {"jsonrpc":"2.0","id":1,"result":true}

[Fastbot][2026-06-02 15:44:01.015] <-- END HTTP (39-byte body)
[Fastbot][2026-06-02 15:44:01.033] [Proxy Server] Forwarding
[Fastbot][2026-06-02 15:44:01.034] --> POST http://127.0.0.1:9008/jsonrpc/0
[Fastbot][2026-06-02 15:44:01.034] Content-Type: application/json; charset=utf-8
[Fastbot][2026-06-02 15:44:01.034] Content-Length: 169
[Fastbot][2026-06-02 15:44:01.035] 
[Fastbot][2026-06-02 15:44:01.035] {"jsonrpc": "2.0", "id": 1, "method": "waitForExists", "params": [{"mask": 64, "childOrSibling": [], "childOrSiblingSelector": [], "description": "Navigate up"}, 20000]}
[Fastbot][2026-06-02 15:44:01.035] --> END POST (169-byte body)
[Fastbot][2026-06-02 15:44:01.049] <-- 200 OK  http://127.0.0.1:9008/jsonrpc/0 (14ms)
[Fastbot][2026-06-02 15:44:01.049] Content-Type: application/json
[Fastbot][2026-06-02 15:44:01.050] Date: Tue, 2 Jun 2026 15:44:01 GMT
[Fastbot][2026-06-02 15:44:01.050] Connection: keep-alive
[Fastbot][2026-06-02 15:44:01.050] Transfer-Encoding: chunked
[Fastbot][2026-06-02 15:44:01.097] 
[Fastbot][2026-06-02 15:44:01.097] {"jsonrpc":"2.0","id":1,"result":true}

[Fastbot][2026-06-02 15:44:01.097] <-- END HTTP (39-byte body)
[Fastbot][2026-06-02 15:44:01.128] [Proxy Server] Forwarding
[Fastbot][2026-06-02 15:44:01.129] --> POST http://127.0.0.1:9008/jsonrpc/0
[Fastbot][2026-06-02 15:44:01.129] Content-Type: application/json; charset=utf-8
[Fastbot][2026-06-02 15:44:01.129] Content-Length: 156
[Fastbot][2026-06-02 15:44:01.130] 
[Fastbot][2026-06-02 15:44:01.130] {"jsonrpc": "2.0", "id": 1, "method": "objInfo", "params": [{"mask": 64, "childOrSibling": [], "childOrSiblingSelector": [], "description": "Navigate up"}]}
[Fastbot][2026-06-02 15:44:01.130] --> END POST (156-byte body)
[Fastbot][2026-06-02 15:44:01.157] <-- 200 OK  http://127.0.0.1:9008/jsonrpc/0 (26ms)
[Fastbot][2026-06-02 15:44:01.157] Content-Type: application/json
[Fastbot][2026-06-02 15:44:01.157] Date: Tue, 2 Jun 2026 15:44:01 GMT
[Fastbot][2026-06-02 15:44:01.158] Connection: keep-alive
[Fastbot][2026-06-02 15:44:01.158] Transfer-Encoding: chunked
[Fastbot][2026-06-02 15:44:01.207] 
[Fastbot][2026-06-02 15:44:01.207] {"jsonrpc":"2.0","id":1,"result":{"bounds":{"bottom":286,"left":0,"right":154,"top":132},"childCount":0,"className":"android.widget.ImageButton","contentDescription":"Navigate up","packageName":"de.rampro.activitydiary.debug","resourceName":null,"text":null,"visibleBounds":{"bottom":286,"left":0,"ri...[truncated]
[Fastbot][2026-06-02 15:44:01.207] <-- END HTTP (479-byte body)
[Fastbot][2026-06-02 15:44:01.253] [Proxy Server] Detected script method: click
[Fastbot][2026-06-02 15:44:01.254] [Proxy Server] Forwarding
[Fastbot][2026-06-02 15:44:01.254] --> POST http://127.0.0.1:9008/jsonrpc/0
[Fastbot][2026-06-02 15:44:01.254] Content-Type: application/json; charset=utf-8
[Fastbot][2026-06-02 15:44:01.254] Content-Length: 71
[Fastbot][2026-06-02 15:44:01.255] 
[Fastbot][2026-06-02 15:44:01.255] {"jsonrpc": "2.0", "id": 1, "method": "click", "params": [77.0, 209.0]}
[Fastbot][2026-06-02 15:44:01.255] --> END POST (71-byte body)
[Fastbot][2026-06-02 15:44:01.381] <-- 200 OK  http://127.0.0.1:9008/jsonrpc/0 (125ms)
[Fastbot][2026-06-02 15:44:01.381] Content-Type: application/json
[Fastbot][2026-06-02 15:44:01.381] Date: Tue, 2 Jun 2026 15:44:01 GMT
[Fastbot][2026-06-02 15:44:01.381] Connection: keep-alive
[Fastbot][2026-06-02 15:44:01.381] Transfer-Encoding: chunked
[Fastbot][2026-06-02 15:44:01.381] 
[Fastbot][2026-06-02 15:44:01.381] {"jsonrpc":"2.0","id":1,"result":true}

[Fastbot][2026-06-02 15:44:01.381] <-- END HTTP (39-byte body)
[Fastbot][2026-06-02 15:44:01.393]     // activityResuming(de.rampro.activitydiary.debug)
[Fastbot][2026-06-02 15:44:02.663] --> POST http://127.0.0.1:9008/jsonrpc/0
[Fastbot][2026-06-02 15:44:02.663] Content-Type: application/json; charset=utf-8
[Fastbot][2026-06-02 15:44:02.664] Content-Length: 75
[Fastbot][2026-06-02 15:44:02.664] 
[Fastbot][2026-06-02 15:44:02.664] {"id":1,"jsonrpc":"2.0","method":"dumpWindowHierarchy","params":[false,50]}
[Fastbot][2026-06-02 15:44:02.664] --> END POST (75-byte body)
[Fastbot][2026-06-02 15:44:02.710] <-- 200 OK  http://127.0.0.1:9008/jsonrpc/0 (45ms)
[Fastbot][2026-06-02 15:44:02.711] Content-Type: application/json
[Fastbot][2026-06-02 15:44:02.711] Date: Tue, 2 Jun 2026 15:44:02 GMT
[Fastbot][2026-06-02 15:44:02.711] Connection: keep-alive
[Fastbot][2026-06-02 15:44:02.711] Transfer-Encoding: chunked
[Fastbot][2026-06-02 15:44:02.712] 
[Fastbot][2026-06-02 15:44:02.712] {"jsonrpc":"2.0","id":1,"result":"<?xml version='1.0' encoding='UTF-8' standalone='yes' ?>\r\n<hierarchy rotation=\"0\">\r\n  <node index=\"0\" text=\"\" resource-id=\"\" class=\"android.widget.FrameLayout\" package=\"com.android.systemui\" content-desc=\"\" checkable=\"false\" checked=\"false\" cli...[truncated]
[Fastbot][2026-06-02 15:44:02.712] <-- END HTTP (52571-byte body)
[Fastbot][2026-06-02 15:44:02.775] // [Script] current activity is de.rampro.activitydiary.ui.main.MainActivity
[Fastbot][2026-06-02 15:44:02.776] [Proxy Server] Forwarding
[Fastbot][2026-06-02 15:44:02.776] --> POST http://127.0.0.1:9008/jsonrpc/0
[Fastbot][2026-06-02 15:44:02.776] Content-Type: application/json; charset=utf-8
[Fastbot][2026-06-02 15:44:02.776] Content-Length: 224
[Fastbot][2026-06-02 15:44:02.776] 
[Fastbot][2026-06-02 15:44:02.777] {"jsonrpc": "2.0", "id": 1, "method": "waitForExists", "params": [{"mask": 18874368, "childOrSibling": [], "childOrSiblingSelector": [], "resourceId": "de.rampro.activitydiary.debug:id/activity_name", "instance": 1}, 20000]}
[Fastbot][2026-06-02 15:44:02.777] --> END POST (224-byte body)
[Fastbot][2026-06-02 15:44:02.784] <-- 200 OK  http://127.0.0.1:9008/jsonrpc/0 (6ms)
[Fastbot][2026-06-02 15:44:02.784] Content-Type: application/json
[Fastbot][2026-06-02 15:44:02.784] Date: Tue, 2 Jun 2026 15:44:02 GMT
[Fastbot][2026-06-02 15:44:02.784] Connection: keep-alive
[Fastbot][2026-06-02 15:44:02.784] Transfer-Encoding: chunked
[Fastbot][2026-06-02 15:44:02.785] 
[Fastbot][2026-06-02 15:44:02.786] {"jsonrpc":"2.0","id":1,"result":true}

[Fastbot][2026-06-02 15:44:02.786] <-- END HTTP (39-byte body)
[Fastbot][2026-06-02 15:44:02.835] [Proxy Server] Forwarding
[Fastbot][2026-06-02 15:44:02.836] --> POST http://127.0.0.1:9008/jsonrpc/0
[Fastbot][2026-06-02 15:44:02.836] Content-Type: application/json; charset=utf-8
[Fastbot][2026-06-02 15:44:02.836] Content-Length: 211
[Fastbot][2026-06-02 15:44:02.837] 
[Fastbot][2026-06-02 15:44:02.837] {"jsonrpc": "2.0", "id": 1, "method": "getText", "params": [{"mask": 18874368, "childOrSibling": [], "childOrSiblingSelector": [], "resourceId": "de.rampro.activitydiary.debug:id/activity_name", "instance": 1}]}
[Fastbot][2026-06-02 15:44:02.837] --> END POST (211-byte body)
[Fastbot][2026-06-02 15:44:02.844] <-- 200 OK  http://127.0.0.1:9008/jsonrpc/0 (6ms)
[Fastbot][2026-06-02 15:44:02.844] Content-Type: application/json
[Fastbot][2026-06-02 15:44:02.844] Date: Tue, 2 Jun 2026 15:44:02 GMT
[Fastbot][2026-06-02 15:44:02.844] Connection: keep-alive
[Fastbot][2026-06-02 15:44:02.845] Transfer-Encoding: chunked
[Fastbot][2026-06-02 15:44:02.845] 
[Fastbot][2026-06-02 15:44:02.845] {"jsonrpc":"2.0","id":1,"result":"AJWwVpLMWZ (11.52)"}

[Fastbot][2026-06-02 15:44:02.846] <-- END HTTP (55-byte body)
[Fastbot][2026-06-02 15:44:02.883] [Proxy Server] Forwarding
[Fastbot][2026-06-02 15:44:02.883] --> POST http://127.0.0.1:9008/jsonrpc/0
[Fastbot][2026-06-02 15:44:02.883] Content-Type: application/json; charset=utf-8
[Fastbot][2026-06-02 15:44:02.883] Content-Length: 208
[Fastbot][2026-06-02 15:44:02.884] 
[Fastbot][2026-06-02 15:44:02.884] {"jsonrpc": "2.0", "id": 1, "method": "waitForExists", "params": [{"mask": 2097152, "childOrSibling": [], "childOrSiblingSelector": [], "resourceId": "de.rampro.activitydiary.debug:id/action_filter"}, 20000]}
[Fastbot][2026-06-02 15:44:02.884] --> END POST (208-byte body)
[Fastbot][2026-06-02 15:44:02.904] <-- 200 OK  http://127.0.0.1:9008/jsonrpc/0 (19ms)
[Fastbot][2026-06-02 15:44:02.905] Content-Type: application/json
[Fastbot][2026-06-02 15:44:02.905] Date: Tue, 2 Jun 2026 15:44:02 GMT
[Fastbot][2026-06-02 15:44:02.905] Connection: keep-alive
[Fastbot][2026-06-02 15:44:02.905] Transfer-Encoding: chunked
[Fastbot][2026-06-02 15:44:02.905] 
[Fastbot][2026-06-02 15:44:02.905] {"jsonrpc":"2.0","id":1,"result":true}

[Fastbot][2026-06-02 15:44:02.906] <-- END HTTP (39-byte body)
[Fastbot][2026-06-02 15:44:02.945] [Proxy Server] Forwarding
[Fastbot][2026-06-02 15:44:02.946] --> POST http://127.0.0.1:9008/jsonrpc/0
[Fastbot][2026-06-02 15:44:02.948] Content-Type: application/json; charset=utf-8
[Fastbot][2026-06-02 15:44:02.948] Content-Length: 195
[Fastbot][2026-06-02 15:44:02.948] 
[Fastbot][2026-06-02 15:44:02.949] {"jsonrpc": "2.0", "id": 1, "method": "objInfo", "params": [{"mask": 2097152, "childOrSibling": [], "childOrSiblingSelector": [], "resourceId": "de.rampro.activitydiary.debug:id/action_filter"}]}
[Fastbot][2026-06-02 15:44:02.949] --> END POST (195-byte body)
[Fastbot][2026-06-02 15:44:02.981] <-- 200 OK  http://127.0.0.1:9008/jsonrpc/0 (32ms)
[Fastbot][2026-06-02 15:44:02.981] Content-Type: application/json
[Fastbot][2026-06-02 15:44:02.981] Date: Tue, 2 Jun 2026 15:44:02 GMT
[Fastbot][2026-06-02 15:44:02.981] Connection: keep-alive
[Fastbot][2026-06-02 15:44:02.982] Transfer-Encoding: chunked
[Fastbot][2026-06-02 15:44:02.982] 
[Fastbot][2026-06-02 15:44:02.982] {"jsonrpc":"2.0","id":1,"result":{"bounds":{"bottom":275,"left":794,"right":926,"top":143},"childCount":1,"className":"android.support.v7.widget.LinearLayoutCompat","contentDescription":null,"packageName":"de.rampro.activitydiary.debug","resourceName":"de.rampro.activitydiary.debug:id/action_filter"...[truncated]
[Fastbot][2026-06-02 15:44:02.982] <-- END HTTP (537-byte body)
[Fastbot][2026-06-02 15:44:03.009] [Proxy Server] Detected script method: click
[Fastbot][2026-06-02 15:44:03.009] [Proxy Server] Forwarding
[Fastbot][2026-06-02 15:44:03.010] --> POST http://127.0.0.1:9008/jsonrpc/0
[Fastbot][2026-06-02 15:44:03.010] Content-Type: application/json; charset=utf-8
[Fastbot][2026-06-02 15:44:03.010] Content-Length: 72
[Fastbot][2026-06-02 15:44:03.010] 
[Fastbot][2026-06-02 15:44:03.010] {"jsonrpc": "2.0", "id": 1, "method": "click", "params": [860.0, 209.0]}
[Fastbot][2026-06-02 15:44:03.011] --> END POST (72-byte body)
[Fastbot][2026-06-02 15:44:03.175] <-- 200 OK  http://127.0.0.1:9008/jsonrpc/0 (163ms)
[Fastbot][2026-06-02 15:44:03.175] Content-Type: application/json
[Fastbot][2026-06-02 15:44:03.175] Date: Tue, 2 Jun 2026 15:44:03 GMT
[Fastbot][2026-06-02 15:44:03.175] Connection: keep-alive
[Fastbot][2026-06-02 15:44:03.175] Transfer-Encoding: chunked
[Fastbot][2026-06-02 15:44:03.206] 
[Fastbot][2026-06-02 15:44:03.207] {"jsonrpc":"2.0","id":1,"result":true}

[Fastbot][2026-06-02 15:44:03.207] <-- END HTTP (39-byte body)
[Fastbot][2026-06-02 15:44:04.255] [Proxy Server] Forwarding
[Fastbot][2026-06-02 15:44:04.256] --> POST http://127.0.0.1:9008/jsonrpc/0
[Fastbot][2026-06-02 15:44:04.256] Content-Type: application/json; charset=utf-8
[Fastbot][2026-06-02 15:44:04.256] Content-Length: 210
[Fastbot][2026-06-02 15:44:04.256] 
[Fastbot][2026-06-02 15:44:04.256] {"jsonrpc": "2.0", "id": 1, "method": "waitForExists", "params": [{"mask": 2097152, "childOrSibling": [], "childOrSiblingSelector": [], "resourceId": "de.rampro.activitydiary.debug:id/search_src_text"}, 20000]}
[Fastbot][2026-06-02 15:44:04.256] --> END POST (210-byte body)
[Fastbot][2026-06-02 15:44:04.297] <-- 200 OK  http://127.0.0.1:9008/jsonrpc/0 (40ms)
[Fastbot][2026-06-02 15:44:04.298] Content-Type: application/json
[Fastbot][2026-06-02 15:44:04.298] Date: Tue, 2 Jun 2026 15:44:04 GMT
[Fastbot][2026-06-02 15:44:04.298] Connection: keep-alive
[Fastbot][2026-06-02 15:44:04.298] Transfer-Encoding: chunked
[Fastbot][2026-06-02 15:44:04.298] 
[Fastbot][2026-06-02 15:44:04.298] {"jsonrpc":"2.0","id":1,"result":true}

[Fastbot][2026-06-02 15:44:04.299] <-- END HTTP (39-byte body)
[Fastbot][2026-06-02 15:44:04.336] [Proxy Server] Detected script method: setText
[Fastbot][2026-06-02 15:44:04.336] [Proxy Server] Forwarding
[Fastbot][2026-06-02 15:44:04.337] --> POST http://127.0.0.1:9008/jsonrpc/0
[Fastbot][2026-06-02 15:44:04.337] Content-Type: application/json; charset=utf-8
[Fastbot][2026-06-02 15:44:04.337] Content-Length: 219
[Fastbot][2026-06-02 15:44:04.337] 
[Fastbot][2026-06-02 15:44:04.337] {"jsonrpc": "2.0", "id": 1, "method": "setText", "params": [{"mask": 2097152, "childOrSibling": [], "childOrSiblingSelector": [], "resourceId": "de.rampro.activitydiary.debug:id/search_src_text"}, "AJWwVpLMWZ (11.52)"]}
[Fastbot][2026-06-02 15:44:04.337] --> END POST (219-byte body)
[Fastbot][2026-06-02 15:44:04.466] <-- 200 OK  http://127.0.0.1:9008/jsonrpc/0 (128ms)
[Fastbot][2026-06-02 15:44:04.466] Content-Type: application/json
[Fastbot][2026-06-02 15:44:04.466] Date: Tue, 2 Jun 2026 15:44:04 GMT
[Fastbot][2026-06-02 15:44:04.466] Connection: keep-alive
[Fastbot][2026-06-02 15:44:04.466] Transfer-Encoding: chunked
[Fastbot][2026-06-02 15:44:04.467] 
[Fastbot][2026-06-02 15:44:04.468] {"jsonrpc":"2.0","id":1,"result":true}

[Fastbot][2026-06-02 15:44:04.468] <-- END HTTP (39-byte body)
[Fastbot][2026-06-02 15:44:05.488] [Proxy Server] Forwarding
[Fastbot][2026-06-02 15:44:05.488] --> POST http://127.0.0.1:9008/jsonrpc/0
[Fastbot][2026-06-02 15:44:05.489] Content-Type: application/json; charset=utf-8
[Fastbot][2026-06-02 15:44:05.489] Content-Length: 224
[Fastbot][2026-06-02 15:44:05.489] 
[Fastbot][2026-06-02 15:44:05.489] {"jsonrpc": "2.0", "id": 1, "method": "waitForExists", "params": [{"mask": 18874368, "childOrSibling": [], "childOrSiblingSelector": [], "resourceId": "de.rampro.activitydiary.debug:id/activity_name", "instance": 0}, 20000]}
[Fastbot][2026-06-02 15:44:05.489] --> END POST (224-byte body)
[Fastbot][2026-06-02 15:44:05.497] <-- 200 OK  http://127.0.0.1:9008/jsonrpc/0 (8ms)
[Fastbot][2026-06-02 15:44:05.497] Content-Type: application/json
[Fastbot][2026-06-02 15:44:05.498] Date: Tue, 2 Jun 2026 15:44:05 GMT
[Fastbot][2026-06-02 15:44:05.498] Connection: keep-alive
[Fastbot][2026-06-02 15:44:05.498] Transfer-Encoding: chunked
[Fastbot][2026-06-02 15:44:05.498] 
[Fastbot][2026-06-02 15:44:05.498] {"jsonrpc":"2.0","id":1,"result":true}

[Fastbot][2026-06-02 15:44:05.498] <-- END HTTP (39-byte body)
[Fastbot][2026-06-02 15:44:05.564] [Proxy Server] Forwarding
[Fastbot][2026-06-02 15:44:05.564] --> POST http://127.0.0.1:9008/jsonrpc/0
[Fastbot][2026-06-02 15:44:05.564] Content-Type: application/json; charset=utf-8
[Fastbot][2026-06-02 15:44:05.564] Content-Length: 211
[Fastbot][2026-06-02 15:44:05.564] 
[Fastbot][2026-06-02 15:44:05.565] {"jsonrpc": "2.0", "id": 1, "method": "getText", "params": [{"mask": 18874368, "childOrSibling": [], "childOrSiblingSelector": [], "resourceId": "de.rampro.activitydiary.debug:id/activity_name", "instance": 0}]}
[Fastbot][2026-06-02 15:44:05.565] --> END POST (211-byte body)
[Fastbot][2026-06-02 15:44:05.572] <-- 200 OK  http://127.0.0.1:9008/jsonrpc/0 (6ms)
[Fastbot][2026-06-02 15:44:05.572] Content-Type: application/json
[Fastbot][2026-06-02 15:44:05.572] Date: Tue, 2 Jun 2026 15:44:05 GMT
[Fastbot][2026-06-02 15:44:05.572] Connection: keep-alive
[Fastbot][2026-06-02 15:44:05.572] Transfer-Encoding: chunked
[Fastbot][2026-06-02 15:44:05.572] 
[Fastbot][2026-06-02 15:44:05.572] {"jsonrpc":"2.0","id":1,"result":"AJWwVpLMWZ (11.52)"}

[Fastbot][2026-06-02 15:44:05.573] <-- END HTTP (55-byte body)
[Fastbot][2026-06-02 15:44:05.589] [Proxy Server] Forwarding
[Fastbot][2026-06-02 15:44:05.589] --> POST http://127.0.0.1:9008/jsonrpc/0
[Fastbot][2026-06-02 15:44:05.589] Content-Type: application/json; charset=utf-8
[Fastbot][2026-06-02 15:44:05.589] Content-Length: 211
[Fastbot][2026-06-02 15:44:05.589] 
[Fastbot][2026-06-02 15:44:05.590] {"jsonrpc": "2.0", "id": 1, "method": "waitForExists", "params": [{"mask": 2097152, "childOrSibling": [], "childOrSiblingSelector": [], "resourceId": "de.rampro.activitydiary.debug:id/search_close_btn"}, 20000]}
[Fastbot][2026-06-02 15:44:05.590] --> END POST (211-byte body)
[Fastbot][2026-06-02 15:44:05.630] <-- 200 OK  http://127.0.0.1:9008/jsonrpc/0 (40ms)
[Fastbot][2026-06-02 15:44:05.630] Content-Type: application/json
[Fastbot][2026-06-02 15:44:05.630] Date: Tue, 2 Jun 2026 15:44:05 GMT
[Fastbot][2026-06-02 15:44:05.630] Connection: keep-alive
[Fastbot][2026-06-02 15:44:05.630] Transfer-Encoding: chunked
[Fastbot][2026-06-02 15:44:05.676] 
[Fastbot][2026-06-02 15:44:05.676] {"jsonrpc":"2.0","id":1,"result":true}

[Fastbot][2026-06-02 15:44:05.677] <-- END HTTP (39-byte body)
[Fastbot][2026-06-02 15:44:05.706] [Proxy Server] Forwarding
[Fastbot][2026-06-02 15:44:05.707] --> POST http://127.0.0.1:9008/jsonrpc/0
[Fastbot][2026-06-02 15:44:05.708] Content-Type: application/json; charset=utf-8
[Fastbot][2026-06-02 15:44:05.708] Content-Length: 198
[Fastbot][2026-06-02 15:44:05.708] 
[Fastbot][2026-06-02 15:44:05.708] {"jsonrpc": "2.0", "id": 1, "method": "objInfo", "params": [{"mask": 2097152, "childOrSibling": [], "childOrSiblingSelector": [], "resourceId": "de.rampro.activitydiary.debug:id/search_close_btn"}]}
[Fastbot][2026-06-02 15:44:05.709] --> END POST (198-byte body)
[Fastbot][2026-06-02 15:44:05.744] <-- 200 OK  http://127.0.0.1:9008/jsonrpc/0 (34ms)
[Fastbot][2026-06-02 15:44:05.744] Content-Type: application/json
[Fastbot][2026-06-02 15:44:05.744] Date: Tue, 2 Jun 2026 15:44:05 GMT
[Fastbot][2026-06-02 15:44:05.744] Connection: keep-alive
[Fastbot][2026-06-02 15:44:05.744] Transfer-Encoding: chunked
[Fastbot][2026-06-02 15:44:05.787] 
[Fastbot][2026-06-02 15:44:05.787] {"jsonrpc":"2.0","id":1,"result":{"bounds":{"bottom":275,"left":946,"right":1056,"top":143},"childCount":0,"className":"android.widget.ImageView","contentDescription":"Clear query","packageName":"de.rampro.activitydiary.debug","resourceName":"de.rampro.activitydiary.debug:id/search_close_btn","text"...[truncated]
[Fastbot][2026-06-02 15:44:05.787] <-- END HTTP (530-byte body)
[Fastbot][2026-06-02 15:44:05.804] [Proxy Server] Detected script method: click
[Fastbot][2026-06-02 15:44:05.805] [Proxy Server] Forwarding
[Fastbot][2026-06-02 15:44:05.805] --> POST http://127.0.0.1:9008/jsonrpc/0
[Fastbot][2026-06-02 15:44:05.805] Content-Type: application/json; charset=utf-8
[Fastbot][2026-06-02 15:44:05.805] Content-Length: 73
[Fastbot][2026-06-02 15:44:05.806] 
[Fastbot][2026-06-02 15:44:05.806] {"jsonrpc": "2.0", "id": 1, "method": "click", "params": [1001.0, 209.0]}
[Fastbot][2026-06-02 15:44:05.806] --> END POST (73-byte body)
[Fastbot][2026-06-02 15:44:05.965] <-- 200 OK  http://127.0.0.1:9008/jsonrpc/0 (158ms)
[Fastbot][2026-06-02 15:44:05.965] Content-Type: application/json
[Fastbot][2026-06-02 15:44:05.965] Date: Tue, 2 Jun 2026 15:44:05 GMT
[Fastbot][2026-06-02 15:44:05.965] Connection: keep-alive
[Fastbot][2026-06-02 15:44:05.965] Transfer-Encoding: chunked
[Fastbot][2026-06-02 15:44:06.009] 
[Fastbot][2026-06-02 15:44:06.009] {"jsonrpc":"2.0","id":1,"result":true}

[Fastbot][2026-06-02 15:44:06.009] <-- END HTTP (39-byte body)
[Fastbot][2026-06-02 15:44:07.064] [Proxy Server] Forwarding
[Fastbot][2026-06-02 15:44:07.064] --> POST http://127.0.0.1:9008/jsonrpc/0
[Fastbot][2026-06-02 15:44:07.065] Content-Type: application/json; charset=utf-8
[Fastbot][2026-06-02 15:44:07.065] Content-Length: 211
[Fastbot][2026-06-02 15:44:07.066] 
[Fastbot][2026-06-02 15:44:07.066] {"jsonrpc": "2.0", "id": 1, "method": "waitForExists", "params": [{"mask": 2097152, "childOrSibling": [], "childOrSiblingSelector": [], "resourceId": "de.rampro.activitydiary.debug:id/search_close_btn"}, 20000]}
[Fastbot][2026-06-02 15:44:07.067] --> END POST (211-byte body)
[Fastbot][2026-06-02 15:44:07.115] <-- 200 OK  http://127.0.0.1:9008/jsonrpc/0 (48ms)
[Fastbot][2026-06-02 15:44:07.115] Content-Type: application/json
[Fastbot][2026-06-02 15:44:07.115] Date: Tue, 2 Jun 2026 15:44:07 GMT
[Fastbot][2026-06-02 15:44:07.116] Connection: keep-alive
[Fastbot][2026-06-02 15:44:07.116] Transfer-Encoding: chunked
[Fastbot][2026-06-02 15:44:07.116] 
[Fastbot][2026-06-02 15:44:07.117] {"jsonrpc":"2.0","id":1,"result":true}

[Fastbot][2026-06-02 15:44:07.118] <-- END HTTP (39-byte body)
[Fastbot][2026-06-02 15:44:07.160] [Proxy Server] Forwarding
[Fastbot][2026-06-02 15:44:07.160] --> POST http://127.0.0.1:9008/jsonrpc/0
[Fastbot][2026-06-02 15:44:07.160] Content-Type: application/json; charset=utf-8
[Fastbot][2026-06-02 15:44:07.160] Content-Length: 198
[Fastbot][2026-06-02 15:44:07.160] 
[Fastbot][2026-06-02 15:44:07.161] {"jsonrpc": "2.0", "id": 1, "method": "objInfo", "params": [{"mask": 2097152, "childOrSibling": [], "childOrSiblingSelector": [], "resourceId": "de.rampro.activitydiary.debug:id/search_close_btn"}]}
[Fastbot][2026-06-02 15:44:07.161] --> END POST (198-byte body)
[Fastbot][2026-06-02 15:44:07.197] <-- 200 OK  http://127.0.0.1:9008/jsonrpc/0 (35ms)
[Fastbot][2026-06-02 15:44:07.197] Content-Type: application/json
[Fastbot][2026-06-02 15:44:07.197] Date: Tue, 2 Jun 2026 15:44:07 GMT
[Fastbot][2026-06-02 15:44:07.197] Connection: keep-alive
[Fastbot][2026-06-02 15:44:07.197] Transfer-Encoding: chunked
[Fastbot][2026-06-02 15:44:07.198] 
[Fastbot][2026-06-02 15:44:07.198] {"jsonrpc":"2.0","id":1,"result":{"bounds":{"bottom":275,"left":946,"right":1056,"top":143},"childCount":0,"className":"android.widget.ImageView","contentDescription":"Clear query","packageName":"de.rampro.activitydiary.debug","resourceName":"de.rampro.activitydiary.debug:id/search_close_btn","text"...[truncated]
[Fastbot][2026-06-02 15:44:07.198] <-- END HTTP (530-byte body)
[Fastbot][2026-06-02 15:44:07.234] [Proxy Server] Detected script method: click
[Fastbot][2026-06-02 15:44:07.234] [Proxy Server] Forwarding
[Fastbot][2026-06-02 15:44:07.235] --> POST http://127.0.0.1:9008/jsonrpc/0
[Fastbot][2026-06-02 15:44:07.235] Content-Type: application/json; charset=utf-8
[Fastbot][2026-06-02 15:44:07.235] Content-Length: 73
[Fastbot][2026-06-02 15:44:07.235] 
[Fastbot][2026-06-02 15:44:07.235] {"jsonrpc": "2.0", "id": 1, "method": "click", "params": [1001.0, 209.0]}
[Fastbot][2026-06-02 15:44:07.235] --> END POST (73-byte body)
[Fastbot][2026-06-02 15:44:07.413] <-- 200 OK  http://127.0.0.1:9008/jsonrpc/0 (177ms)
[Fastbot][2026-06-02 15:44:07.413] Content-Type: application/json
[Fastbot][2026-06-02 15:44:07.413] Date: Tue, 2 Jun 2026 15:44:07 GMT
[Fastbot][2026-06-02 15:44:07.413] Connection: keep-alive
[Fastbot][2026-06-02 15:44:07.413] Transfer-Encoding: chunked
[Fastbot][2026-06-02 15:44:07.413] 
[Fastbot][2026-06-02 15:44:07.414] {"jsonrpc":"2.0","id":1,"result":true}

[Fastbot][2026-06-02 15:44:07.414] <-- END HTTP (39-byte body)
[Fastbot][2026-06-02 15:44:08.662] --> POST http://127.0.0.1:9008/jsonrpc/0
[Fastbot][2026-06-02 15:44:08.662] Content-Type: application/json; charset=utf-8
[Fastbot][2026-06-02 15:44:08.662] Content-Length: 75
[Fastbot][2026-06-02 15:44:08.662] 
[Fastbot][2026-06-02 15:44:08.662] {"id":1,"jsonrpc":"2.0","method":"dumpWindowHierarchy","params":[false,50]}
[Fastbot][2026-06-02 15:44:08.662] --> END POST (75-byte body)
[Fastbot][2026-06-02 15:44:08.712] <-- 200 OK  http://127.0.0.1:9008/jsonrpc/0 (50ms)
[Fastbot][2026-06-02 15:44:08.712] Content-Type: application/json
[Fastbot][2026-06-02 15:44:08.712] Date: Tue, 2 Jun 2026 15:44:08 GMT
[Fastbot][2026-06-02 15:44:08.712] Connection: keep-alive
[Fastbot][2026-06-02 15:44:08.712] Transfer-Encoding: chunked
[Fastbot][2026-06-02 15:44:08.717] 
[Fastbot][2026-06-02 15:44:08.717] {"jsonrpc":"2.0","id":1,"result":"<?xml version='1.0' encoding='UTF-8' standalone='yes' ?>\r\n<hierarchy rotation=\"0\">\r\n  <node index=\"0\" text=\"\" resource-id=\"\" class=\"android.widget.FrameLayout\" package=\"com.android.systemui\" content-desc=\"\" checkable=\"false\" checked=\"false\" cli...[truncated]
[Fastbot][2026-06-02 15:44:08.718] <-- END HTTP (52571-byte body)
[Fastbot][2026-06-02 15:44:08.785] [Proxy Server] Forwarding
[Fastbot][2026-06-02 15:44:08.785] --> POST http://127.0.0.1:9008/jsonrpc/0
[Fastbot][2026-06-02 15:44:08.785] Content-Type: application/json; charset=utf-8
[Fastbot][2026-06-02 15:44:08.785] Content-Length: 224
[Fastbot][2026-06-02 15:44:08.785] 
[Fastbot][2026-06-02 15:44:08.786] {"jsonrpc": "2.0", "id": 1, "method": "waitForExists", "params": [{"mask": 18874368, "childOrSibling": [], "childOrSiblingSelector": [], "resourceId": "de.rampro.activitydiary.debug:id/activity_name", "instance": 1}, 20000]}
[Fastbot][2026-06-02 15:44:08.786] --> END POST (224-byte body)
[Fastbot][2026-06-02 15:44:08.794] <-- 200 OK  http://127.0.0.1:9008/jsonrpc/0 (6ms)
[Fastbot][2026-06-02 15:44:08.794] Content-Type: application/json
[Fastbot][2026-06-02 15:44:08.794] Date: Tue, 2 Jun 2026 15:44:08 GMT
[Fastbot][2026-06-02 15:44:08.794] Connection: keep-alive
[Fastbot][2026-06-02 15:44:08.794] Transfer-Encoding: chunked
[Fastbot][2026-06-02 15:44:08.794] 
[Fastbot][2026-06-02 15:44:08.794] {"jsonrpc":"2.0","id":1,"result":true}

[Fastbot][2026-06-02 15:44:08.795] <-- END HTTP (39-byte body)
[Fastbot][2026-06-02 15:44:08.833] [Proxy Server] Forwarding
[Fastbot][2026-06-02 15:44:08.833] --> POST http://127.0.0.1:9008/jsonrpc/0
[Fastbot][2026-06-02 15:44:08.833] Content-Type: application/json; charset=utf-8
[Fastbot][2026-06-02 15:44:08.833] Content-Length: 211
[Fastbot][2026-06-02 15:44:08.833] 
[Fastbot][2026-06-02 15:44:08.833] {"jsonrpc": "2.0", "id": 1, "method": "objInfo", "params": [{"mask": 18874368, "childOrSibling": [], "childOrSiblingSelector": [], "resourceId": "de.rampro.activitydiary.debug:id/activity_name", "instance": 1}]}
[Fastbot][2026-06-02 15:44:08.833] --> END POST (211-byte body)
[Fastbot][2026-06-02 15:44:08.890] <-- 200 OK  http://127.0.0.1:9008/jsonrpc/0 (56ms)
[Fastbot][2026-06-02 15:44:08.890] Content-Type: application/json
[Fastbot][2026-06-02 15:44:08.890] Date: Tue, 2 Jun 2026 15:44:08 GMT
[Fastbot][2026-06-02 15:44:08.891] Connection: keep-alive
[Fastbot][2026-06-02 15:44:08.891] Transfer-Encoding: chunked
[Fastbot][2026-06-02 15:44:08.892] 
[Fastbot][2026-06-02 15:44:08.893] {"jsonrpc":"2.0","id":1,"result":{"bounds":{"bottom":938,"left":12,"right":743,"top":850},"childCount":0,"className":"android.widget.TextView","contentDescription":"","packageName":"de.rampro.activitydiary.debug","resourceName":null,"text":"AJWwVpLMWZ (11.52)","visibleBounds":{"bottom":938,"left":12...[truncated]
[Fastbot][2026-06-02 15:44:08.893] <-- END HTTP (485-byte body)
[Fastbot][2026-06-02 15:44:08.944] [Proxy Server] Detected script method: click
[Fastbot][2026-06-02 15:44:08.944] [Proxy Server] Forwarding
[Fastbot][2026-06-02 15:44:08.945] --> POST http://127.0.0.1:9008/jsonrpc/0
[Fastbot][2026-06-02 15:44:08.945] Content-Type: application/json; charset=utf-8
[Fastbot][2026-06-02 15:44:08.945] Content-Length: 72
[Fastbot][2026-06-02 15:44:08.945] 
[Fastbot][2026-06-02 15:44:08.945] {"jsonrpc": "2.0", "id": 1, "method": "click", "params": [377.5, 894.0]}
[Fastbot][2026-06-02 15:44:08.946] --> END POST (72-byte body)
[Fastbot][2026-06-02 15:44:09.112] <-- 200 OK  http://127.0.0.1:9008/jsonrpc/0 (166ms)
[Fastbot][2026-06-02 15:44:09.113] Content-Type: application/json
[Fastbot][2026-06-02 15:44:09.113] Date: Tue, 2 Jun 2026 15:44:09 GMT
[Fastbot][2026-06-02 15:44:09.113] Connection: keep-alive
[Fastbot][2026-06-02 15:44:09.113] Transfer-Encoding: chunked
[Fastbot][2026-06-02 15:44:09.113] 
[Fastbot][2026-06-02 15:44:09.113] {"jsonrpc":"2.0","id":1,"result":true}

[Fastbot][2026-06-02 15:44:09.113] <-- END HTTP (39-byte body)
[Fastbot][2026-06-02 15:44:10.174] [Proxy Server] Forwarding
[Fastbot][2026-06-02 15:44:10.175] --> POST http://127.0.0.1:9008/jsonrpc/0
[Fastbot][2026-06-02 15:44:10.175] Content-Type: application/json; charset=utf-8
[Fastbot][2026-06-02 15:44:10.175] Content-Length: 208
[Fastbot][2026-06-02 15:44:10.175] 
[Fastbot][2026-06-02 15:44:10.175] {"jsonrpc": "2.0", "id": 1, "method": "waitForExists", "params": [{"mask": 2097152, "childOrSibling": [], "childOrSiblingSelector": [], "resourceId": "de.rampro.activitydiary.debug:id/fab_edit_note"}, 20000]}
[Fastbot][2026-06-02 15:44:10.176] --> END POST (208-byte body)
[Fastbot][2026-06-02 15:44:10.201] <-- 200 OK  http://127.0.0.1:9008/jsonrpc/0 (24ms)
[Fastbot][2026-06-02 15:44:10.201] Content-Type: application/json
[Fastbot][2026-06-02 15:44:10.201] Date: Tue, 2 Jun 2026 15:44:10 GMT
[Fastbot][2026-06-02 15:44:10.201] Connection: keep-alive
[Fastbot][2026-06-02 15:44:10.201] Transfer-Encoding: chunked
[Fastbot][2026-06-02 15:44:10.202] 
[Fastbot][2026-06-02 15:44:10.202] {"jsonrpc":"2.0","id":1,"result":true}

[Fastbot][2026-06-02 15:44:10.202] <-- END HTTP (39-byte body)
[Fastbot][2026-06-02 15:44:10.237] [Proxy Server] Forwarding
[Fastbot][2026-06-02 15:44:10.238] --> POST http://127.0.0.1:9008/jsonrpc/0
[Fastbot][2026-06-02 15:44:10.238] Content-Type: application/json; charset=utf-8
[Fastbot][2026-06-02 15:44:10.238] Content-Length: 195
[Fastbot][2026-06-02 15:44:10.238] 
[Fastbot][2026-06-02 15:44:10.238] {"jsonrpc": "2.0", "id": 1, "method": "objInfo", "params": [{"mask": 2097152, "childOrSibling": [], "childOrSiblingSelector": [], "resourceId": "de.rampro.activitydiary.debug:id/fab_edit_note"}]}
[Fastbot][2026-06-02 15:44:10.238] --> END POST (195-byte body)
[Fastbot][2026-06-02 15:44:10.262] <-- 200 OK  http://127.0.0.1:9008/jsonrpc/0 (23ms)
[Fastbot][2026-06-02 15:44:10.262] Content-Type: application/json
[Fastbot][2026-06-02 15:44:10.262] Date: Tue, 2 Jun 2026 15:44:10 GMT
[Fastbot][2026-06-02 15:44:10.262] Connection: keep-alive
[Fastbot][2026-06-02 15:44:10.262] Transfer-Encoding: chunked
[Fastbot][2026-06-02 15:44:10.263] 
[Fastbot][2026-06-02 15:44:10.263] {"jsonrpc":"2.0","id":1,"result":{"bounds":{"bottom":858,"left":882,"right":1036,"top":704},"childCount":0,"className":"android.widget.ImageButton","contentDescription":null,"packageName":"de.rampro.activitydiary.debug","resourceName":"de.rampro.activitydiary.debug:id/fab_edit_note","text":null,"vis...[truncated]
[Fastbot][2026-06-02 15:44:10.263] <-- END HTTP (520-byte body)
[Fastbot][2026-06-02 15:44:10.279] [Proxy Server] Detected script method: click
[Fastbot][2026-06-02 15:44:10.280] [Proxy Server] Forwarding
[Fastbot][2026-06-02 15:44:10.280] --> POST http://127.0.0.1:9008/jsonrpc/0
[Fastbot][2026-06-02 15:44:10.280] Content-Type: application/json; charset=utf-8
[Fastbot][2026-06-02 15:44:10.281] Content-Length: 72
[Fastbot][2026-06-02 15:44:10.281] 
[Fastbot][2026-06-02 15:44:10.281] {"jsonrpc": "2.0", "id": 1, "method": "click", "params": [959.0, 781.0]}
[Fastbot][2026-06-02 15:44:10.282] --> END POST (72-byte body)
[Fastbot][2026-06-02 15:44:10.413] <-- 200 OK  http://127.0.0.1:9008/jsonrpc/0 (131ms)
[Fastbot][2026-06-02 15:44:10.413] Content-Type: application/json
[Fastbot][2026-06-02 15:44:10.413] Date: Tue, 2 Jun 2026 15:44:10 GMT
[Fastbot][2026-06-02 15:44:10.414] Connection: keep-alive
[Fastbot][2026-06-02 15:44:10.414] Transfer-Encoding: chunked
[Fastbot][2026-06-02 15:44:10.457] 
[Fastbot][2026-06-02 15:44:10.457] {"jsonrpc":"2.0","id":1,"result":true}

[Fastbot][2026-06-02 15:44:10.457] <-- END HTTP (39-byte body)
[Fastbot][2026-06-02 15:44:11.486] [Proxy Server] Forwarding
[Fastbot][2026-06-02 15:44:11.486] --> POST http://127.0.0.1:9008/jsonrpc/0
[Fastbot][2026-06-02 15:44:11.487] Content-Type: application/json; charset=utf-8
[Fastbot][2026-06-02 15:44:11.487] Content-Length: 203
[Fastbot][2026-06-02 15:44:11.487] 
[Fastbot][2026-06-02 15:44:11.487] {"jsonrpc": "2.0", "id": 1, "method": "waitForExists", "params": [{"mask": 2097152, "childOrSibling": [], "childOrSiblingSelector": [], "resourceId": "de.rampro.activitydiary.debug:id/noteText"}, 20000]}
[Fastbot][2026-06-02 15:44:11.488] --> END POST (203-byte body)
[Fastbot][2026-06-02 15:44:11.553] <-- 200 OK  http://127.0.0.1:9008/jsonrpc/0 (65ms)
[Fastbot][2026-06-02 15:44:11.553] Content-Type: application/json
[Fastbot][2026-06-02 15:44:11.553] Date: Tue, 2 Jun 2026 15:44:11 GMT
[Fastbot][2026-06-02 15:44:11.554] Connection: keep-alive
[Fastbot][2026-06-02 15:44:11.554] Transfer-Encoding: chunked
[Fastbot][2026-06-02 15:44:11.555] 
[Fastbot][2026-06-02 15:44:11.555] {"jsonrpc":"2.0","id":1,"result":true}

[Fastbot][2026-06-02 15:44:11.555] <-- END HTTP (39-byte body)
[Fastbot][2026-06-02 15:44:11.595] [Proxy Server] Detected script method: setText
[Fastbot][2026-06-02 15:44:11.595] [Proxy Server] Forwarding
[Fastbot][2026-06-02 15:44:11.595] --> POST http://127.0.0.1:9008/jsonrpc/0
[Fastbot][2026-06-02 15:44:11.595] Content-Type: application/json; charset=utf-8
[Fastbot][2026-06-02 15:44:11.595] Content-Length: 202
[Fastbot][2026-06-02 15:44:11.597] 
[Fastbot][2026-06-02 15:44:11.597] {"jsonrpc": "2.0", "id": 1, "method": "setText", "params": [{"mask": 2097152, "childOrSibling": [], "childOrSiblingSelector": [], "resourceId": "de.rampro.activitydiary.debug:id/noteText"}, "srVBjJTB"]}
[Fastbot][2026-06-02 15:44:11.597] --> END POST (202-byte body)
[Fastbot][2026-06-02 15:44:11.794] <-- 200 OK  http://127.0.0.1:9008/jsonrpc/0 (196ms)
[Fastbot][2026-06-02 15:44:11.794] Content-Type: application/json
[Fastbot][2026-06-02 15:44:11.794] Date: Tue, 2 Jun 2026 15:44:11 GMT
[Fastbot][2026-06-02 15:44:11.794] Connection: keep-alive
[Fastbot][2026-06-02 15:44:11.794] Transfer-Encoding: chunked
[Fastbot][2026-06-02 15:44:11.795] 
[Fastbot][2026-06-02 15:44:11.795] {"jsonrpc":"2.0","id":1,"result":true}

[Fastbot][2026-06-02 15:44:11.796] <-- END HTTP (39-byte body)
[Fastbot][2026-06-02 15:44:12.829] [Proxy Server] Forwarding
[Fastbot][2026-06-02 15:44:12.829] --> POST http://127.0.0.1:9008/jsonrpc/0
[Fastbot][2026-06-02 15:44:12.830] Content-Type: application/json; charset=utf-8
[Fastbot][2026-06-02 15:44:12.830] Content-Length: 194
[Fastbot][2026-06-02 15:44:12.830] 
[Fastbot][2026-06-02 15:44:12.830] {"jsonrpc": "2.0", "id": 1, "method": "waitForExists", "params": [{"mask": 2097153, "childOrSibling": [], "childOrSiblingSelector": [], "resourceId": "android:id/button1", "text": "OK"}, 20000]}
[Fastbot][2026-06-02 15:44:12.830] --> END POST (194-byte body)
[Fastbot][2026-06-02 15:44:13.035] <-- 200 OK  http://127.0.0.1:9008/jsonrpc/0 (204ms)
[Fastbot][2026-06-02 15:44:13.035] Content-Type: application/json
[Fastbot][2026-06-02 15:44:13.035] Date: Tue, 2 Jun 2026 15:44:13 GMT
[Fastbot][2026-06-02 15:44:13.035] Connection: keep-alive
[Fastbot][2026-06-02 15:44:13.036] Transfer-Encoding: chunked
[Fastbot][2026-06-02 15:44:13.036] 
[Fastbot][2026-06-02 15:44:13.037] {"jsonrpc":"2.0","id":1,"result":true}

[Fastbot][2026-06-02 15:44:13.037] <-- END HTTP (39-byte body)
[Fastbot][2026-06-02 15:44:13.079] [Proxy Server] Forwarding
[Fastbot][2026-06-02 15:44:13.080] --> POST http://127.0.0.1:9008/jsonrpc/0
[Fastbot][2026-06-02 15:44:13.080] Content-Type: application/json; charset=utf-8
[Fastbot][2026-06-02 15:44:13.080] Content-Length: 181
[Fastbot][2026-06-02 15:44:13.081] 
[Fastbot][2026-06-02 15:44:13.081] {"jsonrpc": "2.0", "id": 1, "method": "objInfo", "params": [{"mask": 2097153, "childOrSibling": [], "childOrSiblingSelector": [], "resourceId": "android:id/button1", "text": "OK"}]}
[Fastbot][2026-06-02 15:44:13.081] --> END POST (181-byte body)
[Fastbot][2026-06-02 15:44:13.218] <-- 200 OK  http://127.0.0.1:9008/jsonrpc/0 (136ms)
[Fastbot][2026-06-02 15:44:13.218] Content-Type: application/json
[Fastbot][2026-06-02 15:44:13.218] Date: Tue, 2 Jun 2026 15:44:13 GMT
[Fastbot][2026-06-02 15:44:13.218] Connection: keep-alive
[Fastbot][2026-06-02 15:44:13.218] Transfer-Encoding: chunked
[Fastbot][2026-06-02 15:44:13.219] 
[Fastbot][2026-06-02 15:44:13.219] {"jsonrpc":"2.0","id":1,"result":{"bounds":{"bottom":1050,"left":799,"right":964,"top":934},"childCount":0,"className":"android.widget.Button","contentDescription":null,"packageName":"de.rampro.activitydiary.debug","resourceName":"android:id/button1","text":"OK","visibleBounds":{"bottom":1050,"left"...[truncated]
[Fastbot][2026-06-02 15:44:13.219] <-- END HTTP (487-byte body)
[Fastbot][2026-06-02 15:44:13.281] [Proxy Server] Detected script method: click
[Fastbot][2026-06-02 15:44:13.282] [Proxy Server] Forwarding
[Fastbot][2026-06-02 15:44:13.283] --> POST http://127.0.0.1:9008/jsonrpc/0
[Fastbot][2026-06-02 15:44:13.283] Content-Type: application/json; charset=utf-8
[Fastbot][2026-06-02 15:44:13.284] Content-Length: 72
[Fastbot][2026-06-02 15:44:13.284] 
[Fastbot][2026-06-02 15:44:13.284] {"jsonrpc": "2.0", "id": 1, "method": "click", "params": [881.5, 992.0]}
[Fastbot][2026-06-02 15:44:13.284] --> END POST (72-byte body)
[Fastbot][2026-06-02 15:44:13.431] <-- 200 OK  http://127.0.0.1:9008/jsonrpc/0 (146ms)
[Fastbot][2026-06-02 15:44:13.431] Content-Type: application/json
[Fastbot][2026-06-02 15:44:13.432] Date: Tue, 2 Jun 2026 15:44:13 GMT
[Fastbot][2026-06-02 15:44:13.432] Connection: keep-alive
[Fastbot][2026-06-02 15:44:13.433] Transfer-Encoding: chunked
[Fastbot][2026-06-02 15:44:13.434] 
[Fastbot][2026-06-02 15:44:13.435] {"jsonrpc":"2.0","id":1,"result":true}

[Fastbot][2026-06-02 15:44:13.435] <-- END HTTP (39-byte body)
[Fastbot][2026-06-02 15:44:14.470] [Proxy Server] Forwarding
[Fastbot][2026-06-02 15:44:14.470] --> POST http://127.0.0.1:9008/jsonrpc/0
[Fastbot][2026-06-02 15:44:14.470] Content-Type: application/json; charset=utf-8
[Fastbot][2026-06-02 15:44:14.470] Content-Length: 204
[Fastbot][2026-06-02 15:44:14.471] 
[Fastbot][2026-06-02 15:44:14.471] {"jsonrpc": "2.0", "id": 1, "method": "exist", "params": [{"mask": 2097153, "childOrSibling": [], "childOrSiblingSelector": [], "resourceId": "de.rampro.activitydiary.debug:id/note", "text": "srVBjJTB"}]}
[Fastbot][2026-06-02 15:44:14.471] --> END POST (204-byte body)
[Fastbot][2026-06-02 15:44:14.494] <-- 200 OK  http://127.0.0.1:9008/jsonrpc/0 (23ms)
[Fastbot][2026-06-02 15:44:14.496] Content-Type: application/json
[Fastbot][2026-06-02 15:44:14.496] Date: Tue, 2 Jun 2026 15:44:14 GMT
[Fastbot][2026-06-02 15:44:14.497] Connection: keep-alive
[Fastbot][2026-06-02 15:44:14.497] Transfer-Encoding: chunked
[Fastbot][2026-06-02 15:44:14.498] 
[Fastbot][2026-06-02 15:44:14.498] {"jsonrpc":"2.0","id":1,"result":true}

[Fastbot][2026-06-02 15:44:14.498] <-- END HTTP (39-byte body)
[Fastbot][2026-06-02 15:44:14.767] --> POST http://127.0.0.1:9008/jsonrpc/0
[Fastbot][2026-06-02 15:44:14.767] Content-Type: application/json; charset=utf-8
[Fastbot][2026-06-02 15:44:14.767] Content-Length: 75
[Fastbot][2026-06-02 15:44:14.767] 
[Fastbot][2026-06-02 15:44:14.767] {"id":1,"jsonrpc":"2.0","method":"dumpWindowHierarchy","params":[false,50]}
[Fastbot][2026-06-02 15:44:14.767] --> END POST (75-byte body)
[Fastbot][2026-06-02 15:44:14.918] <-- 200 OK  http://127.0.0.1:9008/jsonrpc/0 (150ms)
[Fastbot][2026-06-02 15:44:14.918] Content-Type: application/json
[Fastbot][2026-06-02 15:44:14.918] Date: Tue, 2 Jun 2026 15:44:14 GMT
[Fastbot][2026-06-02 15:44:14.918] Connection: keep-alive
[Fastbot][2026-06-02 15:44:14.918] Transfer-Encoding: chunked
[Fastbot][2026-06-02 15:44:14.920] 
[Fastbot][2026-06-02 15:44:14.920] {"jsonrpc":"2.0","id":1,"result":"<?xml version='1.0' encoding='UTF-8' standalone='yes' ?>\r\n<hierarchy rotation=\"0\">\r\n  <node index=\"0\" text=\"\" resource-id=\"\" class=\"android.widget.FrameLayout\" package=\"com.android.systemui\" content-desc=\"\" checkable=\"false\" checked=\"false\" cli...[truncated]
[Fastbot][2026-06-02 15:44:14.920] <-- END HTTP (53040-byte body)
[Fastbot][2026-06-02 15:44:15.004] [Proxy Server] Forwarding
[Fastbot][2026-06-02 15:44:15.004] --> POST http://127.0.0.1:9008/jsonrpc/0
[Fastbot][2026-06-02 15:44:15.005] Content-Type: application/json; charset=utf-8
[Fastbot][2026-06-02 15:44:15.005] Content-Length: 224
[Fastbot][2026-06-02 15:44:15.006] 
[Fastbot][2026-06-02 15:44:15.006] {"jsonrpc": "2.0", "id": 1, "method": "waitForExists", "params": [{"mask": 18874368, "childOrSibling": [], "childOrSiblingSelector": [], "resourceId": "de.rampro.activitydiary.debug:id/activity_name", "instance": 1}, 20000]}
[Fastbot][2026-06-02 15:44:15.006] --> END POST (224-byte body)
[Fastbot][2026-06-02 15:44:15.014] <-- 200 OK  http://127.0.0.1:9008/jsonrpc/0 (7ms)
[Fastbot][2026-06-02 15:44:15.014] Content-Type: application/json
[Fastbot][2026-06-02 15:44:15.014] Date: Tue, 2 Jun 2026 15:44:15 GMT
[Fastbot][2026-06-02 15:44:15.014] Connection: keep-alive
[Fastbot][2026-06-02 15:44:15.014] Transfer-Encoding: chunked
[Fastbot][2026-06-02 15:44:15.015] 
[Fastbot][2026-06-02 15:44:15.015] {"jsonrpc":"2.0","id":1,"result":true}

[Fastbot][2026-06-02 15:44:15.015] <-- END HTTP (39-byte body)
[Fastbot][2026-06-02 15:44:15.051] [Proxy Server] Forwarding
[Fastbot][2026-06-02 15:44:15.051] --> POST http://127.0.0.1:9008/jsonrpc/0
[Fastbot][2026-06-02 15:44:15.051] Content-Type: application/json; charset=utf-8
[Fastbot][2026-06-02 15:44:15.052] Content-Length: 211
[Fastbot][2026-06-02 15:44:15.052] 
[Fastbot][2026-06-02 15:44:15.052] {"jsonrpc": "2.0", "id": 1, "method": "getText", "params": [{"mask": 18874368, "childOrSibling": [], "childOrSiblingSelector": [], "resourceId": "de.rampro.activitydiary.debug:id/activity_name", "instance": 1}]}
[Fastbot][2026-06-02 15:44:15.053] --> END POST (211-byte body)
[Fastbot][2026-06-02 15:44:15.064] <-- 200 OK  http://127.0.0.1:9008/jsonrpc/0 (11ms)
[Fastbot][2026-06-02 15:44:15.064] Content-Type: application/json
[Fastbot][2026-06-02 15:44:15.064] Date: Tue, 2 Jun 2026 15:44:15 GMT
[Fastbot][2026-06-02 15:44:15.064] Connection: keep-alive
[Fastbot][2026-06-02 15:44:15.064] Transfer-Encoding: chunked
[Fastbot][2026-06-02 15:44:15.065] 
[Fastbot][2026-06-02 15:44:15.065] {"jsonrpc":"2.0","id":1,"result":"AJWwVpLMWZ (11.52)"}

[Fastbot][2026-06-02 15:44:15.066] <-- END HTTP (55-byte body)
[Fastbot][2026-06-02 15:44:15.115] [Proxy Server] Forwarding
[Fastbot][2026-06-02 15:44:15.116] --> POST http://127.0.0.1:9008/jsonrpc/0
[Fastbot][2026-06-02 15:44:15.116] Content-Type: application/json; charset=utf-8
[Fastbot][2026-06-02 15:44:15.117] Content-Length: 208
[Fastbot][2026-06-02 15:44:15.117] 
[Fastbot][2026-06-02 15:44:15.117] {"jsonrpc": "2.0", "id": 1, "method": "waitForExists", "params": [{"mask": 2097152, "childOrSibling": [], "childOrSiblingSelector": [], "resourceId": "de.rampro.activitydiary.debug:id/action_filter"}, 20000]}
[Fastbot][2026-06-02 15:44:15.118] --> END POST (208-byte body)
[Fastbot][2026-06-02 15:44:15.132] <-- 200 OK  http://127.0.0.1:9008/jsonrpc/0 (14ms)
[Fastbot][2026-06-02 15:44:15.132] Content-Type: application/json
[Fastbot][2026-06-02 15:44:15.132] Date: Tue, 2 Jun 2026 15:44:15 GMT
[Fastbot][2026-06-02 15:44:15.132] Connection: keep-alive
[Fastbot][2026-06-02 15:44:15.132] Transfer-Encoding: chunked
[Fastbot][2026-06-02 15:44:15.134] 
[Fastbot][2026-06-02 15:44:15.135] {"jsonrpc":"2.0","id":1,"result":true}

[Fastbot][2026-06-02 15:44:15.135] <-- END HTTP (39-byte body)
[Fastbot][2026-06-02 15:44:15.177] [Proxy Server] Forwarding
[Fastbot][2026-06-02 15:44:15.177] --> POST http://127.0.0.1:9008/jsonrpc/0
[Fastbot][2026-06-02 15:44:15.177] Content-Type: application/json; charset=utf-8
[Fastbot][2026-06-02 15:44:15.179] Content-Length: 195
[Fastbot][2026-06-02 15:44:15.215] 
[Fastbot][2026-06-02 15:44:15.217] {"jsonrpc": "2.0", "id": 1, "method": "objInfo", "params": [{"mask": 2097152, "childOrSibling": [], "childOrSiblingSelector": [], "resourceId": "de.rampro.activitydiary.debug:id/action_filter"}]}
[Fastbot][2026-06-02 15:44:15.217] --> END POST (195-byte body)
[Fastbot][2026-06-02 15:44:15.496] <-- 200 OK  http://127.0.0.1:9008/jsonrpc/0 (279ms)
[Fastbot][2026-06-02 15:44:15.497] Content-Type: application/json
[Fastbot][2026-06-02 15:44:15.497] Date: Tue, 2 Jun 2026 15:44:15 GMT
[Fastbot][2026-06-02 15:44:15.497] Connection: keep-alive
[Fastbot][2026-06-02 15:44:15.497] Transfer-Encoding: chunked
[Fastbot][2026-06-02 15:44:15.498] 
[Fastbot][2026-06-02 15:44:15.498] {"jsonrpc":"2.0","id":1,"result":{"bounds":{"bottom":275,"left":795,"right":927,"top":143},"childCount":1,"className":"android.support.v7.widget.LinearLayoutCompat","contentDescription":null,"packageName":"de.rampro.activitydiary.debug","resourceName":"de.rampro.activitydiary.debug:id/action_filter"...[truncated]
[Fastbot][2026-06-02 15:44:15.498] <-- END HTTP (537-byte body)
[Fastbot][2026-06-02 15:44:15.572] [Proxy Server] Detected script method: click
[Fastbot][2026-06-02 15:44:15.572] [Proxy Server] Forwarding
[Fastbot][2026-06-02 15:44:15.573] --> POST http://127.0.0.1:9008/jsonrpc/0
[Fastbot][2026-06-02 15:44:15.573] Content-Type: application/json; charset=utf-8
[Fastbot][2026-06-02 15:44:15.573] Content-Length: 72
[Fastbot][2026-06-02 15:44:15.573] 
[Fastbot][2026-06-02 15:44:15.573] {"jsonrpc": "2.0", "id": 1, "method": "click", "params": [861.0, 209.0]}
[Fastbot][2026-06-02 15:44:15.574] --> END POST (72-byte body)
[Fastbot][2026-06-02 15:44:15.737] <-- 200 OK  http://127.0.0.1:9008/jsonrpc/0 (162ms)
[Fastbot][2026-06-02 15:44:15.737] Content-Type: application/json
[Fastbot][2026-06-02 15:44:15.737] Date: Tue, 2 Jun 2026 15:44:15 GMT
[Fastbot][2026-06-02 15:44:15.737] Connection: keep-alive
[Fastbot][2026-06-02 15:44:15.738] Transfer-Encoding: chunked
[Fastbot][2026-06-02 15:44:15.739] 
[Fastbot][2026-06-02 15:44:15.739] {"jsonrpc":"2.0","id":1,"result":true}

[Fastbot][2026-06-02 15:44:15.741] <-- END HTTP (39-byte body)
[Fastbot][2026-06-02 15:44:16.776] [Proxy Server] Forwarding
[Fastbot][2026-06-02 15:44:16.777] --> POST http://127.0.0.1:9008/jsonrpc/0
[Fastbot][2026-06-02 15:44:16.777] Content-Type: application/json; charset=utf-8
[Fastbot][2026-06-02 15:44:16.777] Content-Length: 210
[Fastbot][2026-06-02 15:44:16.777] 
[Fastbot][2026-06-02 15:44:16.777] {"jsonrpc": "2.0", "id": 1, "method": "waitForExists", "params": [{"mask": 2097152, "childOrSibling": [], "childOrSiblingSelector": [], "resourceId": "de.rampro.activitydiary.debug:id/search_src_text"}, 20000]}
[Fastbot][2026-06-02 15:44:16.777] --> END POST (210-byte body)
[Fastbot][2026-06-02 15:44:16.823] <-- 200 OK  http://127.0.0.1:9008/jsonrpc/0 (45ms)
[Fastbot][2026-06-02 15:44:16.823] Content-Type: application/json
[Fastbot][2026-06-02 15:44:16.823] Date: Tue, 2 Jun 2026 15:44:16 GMT
[Fastbot][2026-06-02 15:44:16.823] Connection: keep-alive
[Fastbot][2026-06-02 15:44:16.823] Transfer-Encoding: chunked
[Fastbot][2026-06-02 15:44:16.824] 
[Fastbot][2026-06-02 15:44:16.824] {"jsonrpc":"2.0","id":1,"result":true}

[Fastbot][2026-06-02 15:44:16.824] <-- END HTTP (39-byte body)
[Fastbot][2026-06-02 15:44:16.853] [Proxy Server] Detected script method: setText
[Fastbot][2026-06-02 15:44:16.853] [Proxy Server] Forwarding
[Fastbot][2026-06-02 15:44:16.853] --> POST http://127.0.0.1:9008/jsonrpc/0
[Fastbot][2026-06-02 15:44:16.853] Content-Type: application/json; charset=utf-8
[Fastbot][2026-06-02 15:44:16.854] Content-Length: 219
[Fastbot][2026-06-02 15:44:16.854] 
[Fastbot][2026-06-02 15:44:16.854] {"jsonrpc": "2.0", "id": 1, "method": "setText", "params": [{"mask": 2097152, "childOrSibling": [], "childOrSiblingSelector": [], "resourceId": "de.rampro.activitydiary.debug:id/search_src_text"}, "AJWwVpLMWZ (11.52)"]}
[Fastbot][2026-06-02 15:44:16.854] --> END POST (219-byte body)
[Fastbot][2026-06-02 15:44:16.951] <-- 200 OK  http://127.0.0.1:9008/jsonrpc/0 (96ms)
[Fastbot][2026-06-02 15:44:16.951] Content-Type: application/json
[Fastbot][2026-06-02 15:44:16.951] Date: Tue, 2 Jun 2026 15:44:16 GMT
[Fastbot][2026-06-02 15:44:16.951] Connection: keep-alive
[Fastbot][2026-06-02 15:44:16.951] Transfer-Encoding: chunked
[Fastbot][2026-06-02 15:44:16.952] 
[Fastbot][2026-06-02 15:44:16.952] {"jsonrpc":"2.0","id":1,"result":true}

[Fastbot][2026-06-02 15:44:16.952] <-- END HTTP (39-byte body)
[Fastbot][2026-06-02 15:44:17.995] [Proxy Server] Forwarding
[Fastbot][2026-06-02 15:44:17.996] --> POST http://127.0.0.1:9008/jsonrpc/0
[Fastbot][2026-06-02 15:44:17.996] Content-Type: application/json; charset=utf-8
[Fastbot][2026-06-02 15:44:17.996] Content-Length: 224
[Fastbot][2026-06-02 15:44:17.997] 
[Fastbot][2026-06-02 15:44:17.997] {"jsonrpc": "2.0", "id": 1, "method": "waitForExists", "params": [{"mask": 18874368, "childOrSibling": [], "childOrSiblingSelector": [], "resourceId": "de.rampro.activitydiary.debug:id/activity_name", "instance": 0}, 20000]}
[Fastbot][2026-06-02 15:44:17.997] --> END POST (224-byte body)
[Fastbot][2026-06-02 15:44:18.018] <-- 200 OK  http://127.0.0.1:9008/jsonrpc/0 (20ms)
[Fastbot][2026-06-02 15:44:18.018] Content-Type: application/json
[Fastbot][2026-06-02 15:44:18.018] Date: Tue, 2 Jun 2026 15:44:18 GMT
[Fastbot][2026-06-02 15:44:18.019] Connection: keep-alive
[Fastbot][2026-06-02 15:44:18.019] Transfer-Encoding: chunked
[Fastbot][2026-06-02 15:44:18.019] 
[Fastbot][2026-06-02 15:44:18.020] {"jsonrpc":"2.0","id":1,"result":true}

[Fastbot][2026-06-02 15:44:18.020] <-- END HTTP (39-byte body)
[Fastbot][2026-06-02 15:44:18.057] [Proxy Server] Forwarding
[Fastbot][2026-06-02 15:44:18.058] --> POST http://127.0.0.1:9008/jsonrpc/0
[Fastbot][2026-06-02 15:44:18.058] Content-Type: application/json; charset=utf-8
[Fastbot][2026-06-02 15:44:18.058] Content-Length: 211
[Fastbot][2026-06-02 15:44:18.058] 
[Fastbot][2026-06-02 15:44:18.059] {"jsonrpc": "2.0", "id": 1, "method": "getText", "params": [{"mask": 18874368, "childOrSibling": [], "childOrSiblingSelector": [], "resourceId": "de.rampro.activitydiary.debug:id/activity_name", "instance": 0}]}
[Fastbot][2026-06-02 15:44:18.059] --> END POST (211-byte body)
[Fastbot][2026-06-02 15:44:18.067] <-- 200 OK  http://127.0.0.1:9008/jsonrpc/0 (8ms)
[Fastbot][2026-06-02 15:44:18.067] Content-Type: application/json
[Fastbot][2026-06-02 15:44:18.068] Date: Tue, 2 Jun 2026 15:44:18 GMT
[Fastbot][2026-06-02 15:44:18.068] Connection: keep-alive
[Fastbot][2026-06-02 15:44:18.068] Transfer-Encoding: chunked
[Fastbot][2026-06-02 15:44:18.069] 
[Fastbot][2026-06-02 15:44:18.069] {"jsonrpc":"2.0","id":1,"result":"AJWwVpLMWZ (11.52)"}

[Fastbot][2026-06-02 15:44:18.069] <-- END HTTP (55-byte body)
[Fastbot][2026-06-02 15:44:18.084] [Proxy Server] Forwarding
[Fastbot][2026-06-02 15:44:18.084] --> POST http://127.0.0.1:9008/jsonrpc/0
[Fastbot][2026-06-02 15:44:18.085] Content-Type: application/json; charset=utf-8
[Fastbot][2026-06-02 15:44:18.085] Content-Length: 211
[Fastbot][2026-06-02 15:44:18.085] 
[Fastbot][2026-06-02 15:44:18.085] {"jsonrpc": "2.0", "id": 1, "method": "waitForExists", "params": [{"mask": 2097152, "childOrSibling": [], "childOrSiblingSelector": [], "resourceId": "de.rampro.activitydiary.debug:id/search_close_btn"}, 20000]}
[Fastbot][2026-06-02 15:44:18.085] --> END POST (211-byte body)
[Fastbot][2026-06-02 15:44:18.135] <-- 200 OK  http://127.0.0.1:9008/jsonrpc/0 (49ms)
[Fastbot][2026-06-02 15:44:18.135] Content-Type: application/json
[Fastbot][2026-06-02 15:44:18.136] Date: Tue, 2 Jun 2026 15:44:18 GMT
[Fastbot][2026-06-02 15:44:18.136] Connection: keep-alive
[Fastbot][2026-06-02 15:44:18.136] Transfer-Encoding: chunked
[Fastbot][2026-06-02 15:44:18.177] 
[Fastbot][2026-06-02 15:44:18.177] {"jsonrpc":"2.0","id":1,"result":true}

[Fastbot][2026-06-02 15:44:18.177] <-- END HTTP (39-byte body)
[Fastbot][2026-06-02 15:44:18.213] [Proxy Server] Forwarding
[Fastbot][2026-06-02 15:44:18.213] --> POST http://127.0.0.1:9008/jsonrpc/0
[Fastbot][2026-06-02 15:44:18.214] Content-Type: application/json; charset=utf-8
[Fastbot][2026-06-02 15:44:18.214] Content-Length: 198
[Fastbot][2026-06-02 15:44:18.214] 
[Fastbot][2026-06-02 15:44:18.214] {"jsonrpc": "2.0", "id": 1, "method": "objInfo", "params": [{"mask": 2097152, "childOrSibling": [], "childOrSiblingSelector": [], "resourceId": "de.rampro.activitydiary.debug:id/search_close_btn"}]}
[Fastbot][2026-06-02 15:44:18.215] --> END POST (198-byte body)
[Fastbot][2026-06-02 15:44:18.245] <-- 200 OK  http://127.0.0.1:9008/jsonrpc/0 (30ms)
[Fastbot][2026-06-02 15:44:18.245] Content-Type: application/json
[Fastbot][2026-06-02 15:44:18.245] Date: Tue, 2 Jun 2026 15:44:18 GMT
[Fastbot][2026-06-02 15:44:18.245] Connection: keep-alive
[Fastbot][2026-06-02 15:44:18.246] Transfer-Encoding: chunked
[Fastbot][2026-06-02 15:44:18.246] 
[Fastbot][2026-06-02 15:44:18.247] {"jsonrpc":"2.0","id":1,"result":{"bounds":{"bottom":275,"left":946,"right":1056,"top":143},"childCount":0,"className":"android.widget.ImageView","contentDescription":"Clear query","packageName":"de.rampro.activitydiary.debug","resourceName":"de.rampro.activitydiary.debug:id/search_close_btn","text"...[truncated]
[Fastbot][2026-06-02 15:44:18.247] <-- END HTTP (530-byte body)
[Fastbot][2026-06-02 15:44:18.292] [Proxy Server] Detected script method: click
[Fastbot][2026-06-02 15:44:18.292] [Proxy Server] Forwarding
[Fastbot][2026-06-02 15:44:18.292] --> POST http://127.0.0.1:9008/jsonrpc/0
[Fastbot][2026-06-02 15:44:18.293] Content-Type: application/json; charset=utf-8
[Fastbot][2026-06-02 15:44:18.293] Content-Length: 73
[Fastbot][2026-06-02 15:44:18.293] 
[Fastbot][2026-06-02 15:44:18.293] {"jsonrpc": "2.0", "id": 1, "method": "click", "params": [1001.0, 209.0]}
[Fastbot][2026-06-02 15:44:18.293] --> END POST (73-byte body)
[Fastbot][2026-06-02 15:44:18.449] <-- 200 OK  http://127.0.0.1:9008/jsonrpc/0 (155ms)
[Fastbot][2026-06-02 15:44:18.450] Content-Type: application/json
[Fastbot][2026-06-02 15:44:18.450] Date: Tue, 2 Jun 2026 15:44:18 GMT
[Fastbot][2026-06-02 15:44:18.450] Connection: keep-alive
[Fastbot][2026-06-02 15:44:18.450] Transfer-Encoding: chunked
[Fastbot][2026-06-02 15:44:18.451] 
[Fastbot][2026-06-02 15:44:18.451] {"jsonrpc":"2.0","id":1,"result":true}

[Fastbot][2026-06-02 15:44:18.451] <-- END HTTP (39-byte body)
[Fastbot][2026-06-02 15:44:19.468] [Proxy Server] Forwarding
[Fastbot][2026-06-02 15:44:19.469] --> POST http://127.0.0.1:9008/jsonrpc/0
[Fastbot][2026-06-02 15:44:19.469] Content-Type: application/json; charset=utf-8
[Fastbot][2026-06-02 15:44:19.469] Content-Length: 211
[Fastbot][2026-06-02 15:44:19.470] 
[Fastbot][2026-06-02 15:44:19.470] {"jsonrpc": "2.0", "id": 1, "method": "waitForExists", "params": [{"mask": 2097152, "childOrSibling": [], "childOrSiblingSelector": [], "resourceId": "de.rampro.activitydiary.debug:id/search_close_btn"}, 20000]}
[Fastbot][2026-06-02 15:44:19.470] --> END POST (211-byte body)
[Fastbot][2026-06-02 15:44:19.529] <-- 200 OK  http://127.0.0.1:9008/jsonrpc/0 (59ms)
[Fastbot][2026-06-02 15:44:19.530] Content-Type: application/json
[Fastbot][2026-06-02 15:44:19.530] Date: Tue, 2 Jun 2026 15:44:19 GMT
[Fastbot][2026-06-02 15:44:19.530] Connection: keep-alive
[Fastbot][2026-06-02 15:44:19.530] Transfer-Encoding: chunked
[Fastbot][2026-06-02 15:44:19.532] 
[Fastbot][2026-06-02 15:44:19.532] {"jsonrpc":"2.0","id":1,"result":true}

[Fastbot][2026-06-02 15:44:19.532] <-- END HTTP (39-byte body)
[Fastbot][2026-06-02 15:44:19.561] [Proxy Server] Forwarding
[Fastbot][2026-06-02 15:44:19.562] --> POST http://127.0.0.1:9008/jsonrpc/0
[Fastbot][2026-06-02 15:44:19.562] Content-Type: application/json; charset=utf-8
[Fastbot][2026-06-02 15:44:19.562] Content-Length: 198
[Fastbot][2026-06-02 15:44:19.562] 
[Fastbot][2026-06-02 15:44:19.562] {"jsonrpc": "2.0", "id": 1, "method": "objInfo", "params": [{"mask": 2097152, "childOrSibling": [], "childOrSiblingSelector": [], "resourceId": "de.rampro.activitydiary.debug:id/search_close_btn"}]}
[Fastbot][2026-06-02 15:44:19.562] --> END POST (198-byte body)
[Fastbot][2026-06-02 15:44:19.593] <-- 200 OK  http://127.0.0.1:9008/jsonrpc/0 (29ms)
[Fastbot][2026-06-02 15:44:19.593] Content-Type: application/json
[Fastbot][2026-06-02 15:44:19.594] Date: Tue, 2 Jun 2026 15:44:19 GMT
[Fastbot][2026-06-02 15:44:19.594] Connection: keep-alive
[Fastbot][2026-06-02 15:44:19.594] Transfer-Encoding: chunked
[Fastbot][2026-06-02 15:44:19.637] 
[Fastbot][2026-06-02 15:44:19.638] {"jsonrpc":"2.0","id":1,"result":{"bounds":{"bottom":275,"left":946,"right":1056,"top":143},"childCount":0,"className":"android.widget.ImageView","contentDescription":"Clear query","packageName":"de.rampro.activitydiary.debug","resourceName":"de.rampro.activitydiary.debug:id/search_close_btn","text"...[truncated]
[Fastbot][2026-06-02 15:44:19.638] <-- END HTTP (530-byte body)
[Fastbot][2026-06-02 15:44:19.671] [Proxy Server] Detected script method: click
[Fastbot][2026-06-02 15:44:19.672] [Proxy Server] Forwarding
[Fastbot][2026-06-02 15:44:19.672] --> POST http://127.0.0.1:9008/jsonrpc/0
[Fastbot][2026-06-02 15:44:19.672] Content-Type: application/json; charset=utf-8
[Fastbot][2026-06-02 15:44:19.672] Content-Length: 73
[Fastbot][2026-06-02 15:44:19.672] 
[Fastbot][2026-06-02 15:44:19.673] {"jsonrpc": "2.0", "id": 1, "method": "click", "params": [1001.0, 209.0]}
[Fastbot][2026-06-02 15:44:19.673] --> END POST (73-byte body)
[Fastbot][2026-06-02 15:44:19.813] <-- 200 OK  http://127.0.0.1:9008/jsonrpc/0 (139ms)
[Fastbot][2026-06-02 15:44:19.813] Content-Type: application/json
[Fastbot][2026-06-02 15:44:19.813] Date: Tue, 2 Jun 2026 15:44:19 GMT
[Fastbot][2026-06-02 15:44:19.813] Connection: keep-alive
[Fastbot][2026-06-02 15:44:19.813] Transfer-Encoding: chunked
[Fastbot][2026-06-02 15:44:19.813] 
[Fastbot][2026-06-02 15:44:19.814] {"jsonrpc":"2.0","id":1,"result":true}

[Fastbot][2026-06-02 15:44:19.814] <-- END HTTP (39-byte body)
[Fastbot][2026-06-02 15:44:21.074] --> POST http://127.0.0.1:9008/jsonrpc/0
[Fastbot][2026-06-02 15:44:21.074] Content-Type: application/json; charset=utf-8
[Fastbot][2026-06-02 15:44:21.074] Content-Length: 75
[Fastbot][2026-06-02 15:44:21.074] 
[Fastbot][2026-06-02 15:44:21.075] {"id":1,"jsonrpc":"2.0","method":"dumpWindowHierarchy","params":[false,50]}
[Fastbot][2026-06-02 15:44:21.075] --> END POST (75-byte body)
[Fastbot][2026-06-02 15:44:21.104] <-- 200 OK  http://127.0.0.1:9008/jsonrpc/0 (29ms)
[Fastbot][2026-06-02 15:44:21.105] Content-Type: application/json
[Fastbot][2026-06-02 15:44:21.105] Date: Tue, 2 Jun 2026 15:44:21 GMT
[Fastbot][2026-06-02 15:44:21.105] Connection: keep-alive
[Fastbot][2026-06-02 15:44:21.105] Transfer-Encoding: chunked
[Fastbot][2026-06-02 15:44:21.106] 
[Fastbot][2026-06-02 15:44:21.107] {"jsonrpc":"2.0","id":1,"result":"<?xml version='1.0' encoding='UTF-8' standalone='yes' ?>\r\n<hierarchy rotation=\"0\">\r\n  <node index=\"0\" text=\"\" resource-id=\"\" class=\"android.widget.FrameLayout\" package=\"com.android.systemui\" content-desc=\"\" checkable=\"false\" checked=\"false\" cli...[truncated]
[Fastbot][2026-06-02 15:44:21.107] <-- END HTTP (53040-byte body)
[Fastbot][2026-06-02 15:44:21.153] [Proxy Server] Forwarding
[Fastbot][2026-06-02 15:44:21.153] --> POST http://127.0.0.1:9008/jsonrpc/0
[Fastbot][2026-06-02 15:44:21.153] Content-Type: application/json; charset=utf-8
[Fastbot][2026-06-02 15:44:21.153] Content-Length: 224
[Fastbot][2026-06-02 15:44:21.154] 
[Fastbot][2026-06-02 15:44:21.154] {"jsonrpc": "2.0", "id": 1, "method": "waitForExists", "params": [{"mask": 18874368, "childOrSibling": [], "childOrSiblingSelector": [], "resourceId": "de.rampro.activitydiary.debug:id/activity_name", "instance": 1}, 20000]}
[Fastbot][2026-06-02 15:44:21.154] --> END POST (224-byte body)
[Fastbot][2026-06-02 15:44:21.162] <-- 200 OK  http://127.0.0.1:9008/jsonrpc/0 (7ms)
[Fastbot][2026-06-02 15:44:21.162] Content-Type: application/json
[Fastbot][2026-06-02 15:44:21.162] Date: Tue, 2 Jun 2026 15:44:21 GMT
[Fastbot][2026-06-02 15:44:21.163] Connection: keep-alive
[Fastbot][2026-06-02 15:44:21.163] Transfer-Encoding: chunked
[Fastbot][2026-06-02 15:44:21.164] 
[Fastbot][2026-06-02 15:44:21.164] {"jsonrpc":"2.0","id":1,"result":true}

[Fastbot][2026-06-02 15:44:21.164] <-- END HTTP (39-byte body)
[Fastbot][2026-06-02 15:44:21.215] [Proxy Server] Forwarding
[Fastbot][2026-06-02 15:44:21.216] --> POST http://127.0.0.1:9008/jsonrpc/0
[Fastbot][2026-06-02 15:44:21.216] Content-Type: application/json; charset=utf-8
[Fastbot][2026-06-02 15:44:21.217] Content-Length: 211
[Fastbot][2026-06-02 15:44:21.217] 
[Fastbot][2026-06-02 15:44:21.217] {"jsonrpc": "2.0", "id": 1, "method": "getText", "params": [{"mask": 18874368, "childOrSibling": [], "childOrSiblingSelector": [], "resourceId": "de.rampro.activitydiary.debug:id/activity_name", "instance": 1}]}
[Fastbot][2026-06-02 15:44:21.217] --> END POST (211-byte body)
[Fastbot][2026-06-02 15:44:21.224] <-- 200 OK  http://127.0.0.1:9008/jsonrpc/0 (7ms)
[Fastbot][2026-06-02 15:44:21.224] Content-Type: application/json
[Fastbot][2026-06-02 15:44:21.225] Date: Tue, 2 Jun 2026 15:44:21 GMT
[Fastbot][2026-06-02 15:44:21.225] Connection: keep-alive
[Fastbot][2026-06-02 15:44:21.225] Transfer-Encoding: chunked
[Fastbot][2026-06-02 15:44:21.226] 
[Fastbot][2026-06-02 15:44:21.226] {"jsonrpc":"2.0","id":1,"result":"AJWwVpLMWZ (11.52)"}

[Fastbot][2026-06-02 15:44:21.226] <-- END HTTP (55-byte body)
[Fastbot][2026-06-02 15:44:21.278] [Proxy Server] Forwarding
[Fastbot][2026-06-02 15:44:21.278] --> POST http://127.0.0.1:9008/jsonrpc/0
[Fastbot][2026-06-02 15:44:21.278] Content-Type: application/json; charset=utf-8
[Fastbot][2026-06-02 15:44:21.278] Content-Length: 208
[Fastbot][2026-06-02 15:44:21.279] 
[Fastbot][2026-06-02 15:44:21.279] {"jsonrpc": "2.0", "id": 1, "method": "waitForExists", "params": [{"mask": 2097152, "childOrSibling": [], "childOrSiblingSelector": [], "resourceId": "de.rampro.activitydiary.debug:id/action_filter"}, 20000]}
[Fastbot][2026-06-02 15:44:21.279] --> END POST (208-byte body)
[Fastbot][2026-06-02 15:44:21.293] <-- 200 OK  http://127.0.0.1:9008/jsonrpc/0 (13ms)
[Fastbot][2026-06-02 15:44:21.293] Content-Type: application/json
[Fastbot][2026-06-02 15:44:21.294] Date: Tue, 2 Jun 2026 15:44:21 GMT
[Fastbot][2026-06-02 15:44:21.294] Connection: keep-alive
[Fastbot][2026-06-02 15:44:21.294] Transfer-Encoding: chunked
[Fastbot][2026-06-02 15:44:21.294] 
[Fastbot][2026-06-02 15:44:21.294] {"jsonrpc":"2.0","id":1,"result":true}

[Fastbot][2026-06-02 15:44:21.294] <-- END HTTP (39-byte body)
[Fastbot][2026-06-02 15:44:21.309] [Proxy Server] Forwarding
[Fastbot][2026-06-02 15:44:21.309] --> POST http://127.0.0.1:9008/jsonrpc/0
[Fastbot][2026-06-02 15:44:21.310] Content-Type: application/json; charset=utf-8
[Fastbot][2026-06-02 15:44:21.310] Content-Length: 195
[Fastbot][2026-06-02 15:44:21.310] 
[Fastbot][2026-06-02 15:44:21.310] {"jsonrpc": "2.0", "id": 1, "method": "objInfo", "params": [{"mask": 2097152, "childOrSibling": [], "childOrSiblingSelector": [], "resourceId": "de.rampro.activitydiary.debug:id/action_filter"}]}
[Fastbot][2026-06-02 15:44:21.311] --> END POST (195-byte body)
[Fastbot][2026-06-02 15:44:21.333] <-- 200 OK  http://127.0.0.1:9008/jsonrpc/0 (21ms)
[Fastbot][2026-06-02 15:44:21.333] Content-Type: application/json
[Fastbot][2026-06-02 15:44:21.333] Date: Tue, 2 Jun 2026 15:44:21 GMT
[Fastbot][2026-06-02 15:44:21.333] Connection: keep-alive
[Fastbot][2026-06-02 15:44:21.333] Transfer-Encoding: chunked
[Fastbot][2026-06-02 15:44:21.377] 
[Fastbot][2026-06-02 15:44:21.377] {"jsonrpc":"2.0","id":1,"result":{"bounds":{"bottom":275,"left":795,"right":927,"top":143},"childCount":1,"className":"android.support.v7.widget.LinearLayoutCompat","contentDescription":null,"packageName":"de.rampro.activitydiary.debug","resourceName":"de.rampro.activitydiary.debug:id/action_filter"...[truncated]
[Fastbot][2026-06-02 15:44:21.377] <-- END HTTP (537-byte body)
[Fastbot][2026-06-02 15:44:21.403] [Proxy Server] Detected script method: click
[Fastbot][2026-06-02 15:44:21.404] [Proxy Server] Forwarding
[Fastbot][2026-06-02 15:44:21.404] --> POST http://127.0.0.1:9008/jsonrpc/0
[Fastbot][2026-06-02 15:44:21.404] Content-Type: application/json; charset=utf-8
[Fastbot][2026-06-02 15:44:21.404] Content-Length: 72
[Fastbot][2026-06-02 15:44:21.404] 
[Fastbot][2026-06-02 15:44:21.404] {"jsonrpc": "2.0", "id": 1, "method": "click", "params": [861.0, 209.0]}
[Fastbot][2026-06-02 15:44:21.405] --> END POST (72-byte body)
[Fastbot][2026-06-02 15:44:21.612] <-- 200 OK  http://127.0.0.1:9008/jsonrpc/0 (207ms)
[Fastbot][2026-06-02 15:44:21.612] Content-Type: application/json
[Fastbot][2026-06-02 15:44:21.613] Date: Tue, 2 Jun 2026 15:44:21 GMT
[Fastbot][2026-06-02 15:44:21.613] Connection: keep-alive
[Fastbot][2026-06-02 15:44:21.613] Transfer-Encoding: chunked
[Fastbot][2026-06-02 15:44:21.659] 
[Fastbot][2026-06-02 15:44:21.661] {"jsonrpc":"2.0","id":1,"result":true}

[Fastbot][2026-06-02 15:44:21.661] <-- END HTTP (39-byte body)
[Fastbot][2026-06-02 15:44:22.701] [Proxy Server] Detected script method: swipe
[Fastbot][2026-06-02 15:44:22.701] [Proxy Server] Forwarding
[Fastbot][2026-06-02 15:44:22.701] --> POST http://127.0.0.1:9008/jsonrpc/0
[Fastbot][2026-06-02 15:44:22.702] Content-Type: application/json; charset=utf-8
[Fastbot][2026-06-02 15:44:22.702] Content-Length: 84
[Fastbot][2026-06-02 15:44:22.702] 
[Fastbot][2026-06-02 15:44:22.702] {"jsonrpc": "2.0", "id": 1, "method": "swipe", "params": [990, 1440, 200, 1440, 55]}
[Fastbot][2026-06-02 15:44:22.703] --> END POST (84-byte body)
[Fastbot][2026-06-02 15:44:24.761] <-- 200 OK  http://127.0.0.1:9008/jsonrpc/0 (2058ms)
[Fastbot][2026-06-02 15:44:24.762] Content-Type: application/json
[Fastbot][2026-06-02 15:44:24.762] Date: Tue, 2 Jun 2026 15:44:24 GMT
[Fastbot][2026-06-02 15:44:24.762] Connection: keep-alive
[Fastbot][2026-06-02 15:44:24.763] Transfer-Encoding: chunked
[Fastbot][2026-06-02 15:44:24.763] 
[Fastbot][2026-06-02 15:44:24.763] {"jsonrpc":"2.0","id":1,"result":true}

[Fastbot][2026-06-02 15:44:24.763] <-- END HTTP (39-byte body)
[Fastbot][2026-06-02 15:44:24.802] [Proxy Server] Forwarding
[Fastbot][2026-06-02 15:44:24.803] --> POST http://127.0.0.1:9008/jsonrpc/0
[Fastbot][2026-06-02 15:44:24.803] Content-Type: application/json; charset=utf-8
[Fastbot][2026-06-02 15:44:24.803] Content-Length: 210
[Fastbot][2026-06-02 15:44:24.804] 
[Fastbot][2026-06-02 15:44:24.804] {"jsonrpc": "2.0", "id": 1, "method": "waitForExists", "params": [{"mask": 2097152, "childOrSibling": [], "childOrSiblingSelector": [], "resourceId": "de.rampro.activitydiary.debug:id/search_src_text"}, 20000]}
[Fastbot][2026-06-02 15:44:24.804] --> END POST (210-byte body)
[Fastbot][2026-06-02 15:44:25.018] <-- 200 OK  http://127.0.0.1:9008/jsonrpc/0 (213ms)
[Fastbot][2026-06-02 15:44:25.018] Content-Type: application/json
[Fastbot][2026-06-02 15:44:25.018] Date: Tue, 2 Jun 2026 15:44:25 GMT
[Fastbot][2026-06-02 15:44:25.018] Connection: keep-alive
[Fastbot][2026-06-02 15:44:25.018] Transfer-Encoding: chunked
[Fastbot][2026-06-02 15:44:25.018] 
[Fastbot][2026-06-02 15:44:25.018] {"jsonrpc":"2.0","id":1,"result":true}

[Fastbot][2026-06-02 15:44:25.019] <-- END HTTP (39-byte body)
[Fastbot][2026-06-02 15:44:25.068] [Proxy Server] Detected script method: setText
[Fastbot][2026-06-02 15:44:25.068] [Proxy Server] Forwarding
[Fastbot][2026-06-02 15:44:25.069] --> POST http://127.0.0.1:9008/jsonrpc/0
[Fastbot][2026-06-02 15:44:25.069] Content-Type: application/json; charset=utf-8
[Fastbot][2026-06-02 15:44:25.069] Content-Length: 219
[Fastbot][2026-06-02 15:44:25.069] 
[Fastbot][2026-06-02 15:44:25.069] {"jsonrpc": "2.0", "id": 1, "method": "setText", "params": [{"mask": 2097152, "childOrSibling": [], "childOrSiblingSelector": [], "resourceId": "de.rampro.activitydiary.debug:id/search_src_text"}, "AJWwVpLMWZ (11.52)"]}
[Fastbot][2026-06-02 15:44:25.070] --> END POST (219-byte body)
[Fastbot][2026-06-02 15:44:25.223] <-- 200 OK  http://127.0.0.1:9008/jsonrpc/0 (153ms)
[Fastbot][2026-06-02 15:44:25.223] Content-Type: application/json
[Fastbot][2026-06-02 15:44:25.223] Date: Tue, 2 Jun 2026 15:44:25 GMT
[Fastbot][2026-06-02 15:44:25.223] Connection: keep-alive
[Fastbot][2026-06-02 15:44:25.223] Transfer-Encoding: chunked
[Fastbot][2026-06-02 15:44:25.226] 
[Fastbot][2026-06-02 15:44:25.226] {"jsonrpc":"2.0","id":1,"result":true}

[Fastbot][2026-06-02 15:44:25.226] <-- END HTTP (39-byte body)
[Fastbot][2026-06-02 15:44:26.300] [Proxy Server] Forwarding
[Fastbot][2026-06-02 15:44:26.300] --> POST http://127.0.0.1:9008/jsonrpc/0
[Fastbot][2026-06-02 15:44:26.300] Content-Type: application/json; charset=utf-8
[Fastbot][2026-06-02 15:44:26.300] Content-Length: 224
[Fastbot][2026-06-02 15:44:26.300] 
[Fastbot][2026-06-02 15:44:26.301] {"jsonrpc": "2.0", "id": 1, "method": "waitForExists", "params": [{"mask": 18874368, "childOrSibling": [], "childOrSiblingSelector": [], "resourceId": "de.rampro.activitydiary.debug:id/activity_name", "instance": 0}, 20000]}
[Fastbot][2026-06-02 15:44:26.301] --> END POST (224-byte body)
[Fastbot][2026-06-02 15:44:26.308] <-- 200 OK  http://127.0.0.1:9008/jsonrpc/0 (7ms)
[Fastbot][2026-06-02 15:44:26.308] Content-Type: application/json
[Fastbot][2026-06-02 15:44:26.308] Date: Tue, 2 Jun 2026 15:44:26 GMT
[Fastbot][2026-06-02 15:44:26.309] Connection: keep-alive
[Fastbot][2026-06-02 15:44:26.309] Transfer-Encoding: chunked
[Fastbot][2026-06-02 15:44:26.309] 
[Fastbot][2026-06-02 15:44:26.309] {"jsonrpc":"2.0","id":1,"result":true}

[Fastbot][2026-06-02 15:44:26.310] <-- END HTTP (39-byte body)
[Fastbot][2026-06-02 15:44:26.363] [Proxy Server] Forwarding
[Fastbot][2026-06-02 15:44:26.364] --> POST http://127.0.0.1:9008/jsonrpc/0
[Fastbot][2026-06-02 15:44:26.364] Content-Type: application/json; charset=utf-8
[Fastbot][2026-06-02 15:44:26.364] Content-Length: 211
[Fastbot][2026-06-02 15:44:26.364] 
[Fastbot][2026-06-02 15:44:26.364] {"jsonrpc": "2.0", "id": 1, "method": "getText", "params": [{"mask": 18874368, "childOrSibling": [], "childOrSiblingSelector": [], "resourceId": "de.rampro.activitydiary.debug:id/activity_name", "instance": 0}]}
[Fastbot][2026-06-02 15:44:26.364] --> END POST (211-byte body)
[Fastbot][2026-06-02 15:44:26.374] <-- 200 OK  http://127.0.0.1:9008/jsonrpc/0 (9ms)
[Fastbot][2026-06-02 15:44:26.375] Content-Type: application/json
[Fastbot][2026-06-02 15:44:26.375] Date: Tue, 2 Jun 2026 15:44:26 GMT
[Fastbot][2026-06-02 15:44:26.375] Connection: keep-alive
[Fastbot][2026-06-02 15:44:26.375] Transfer-Encoding: chunked
[Fastbot][2026-06-02 15:44:26.376] 
[Fastbot][2026-06-02 15:44:26.376] {"jsonrpc":"2.0","id":1,"result":"OoTcglABxDVslU (9.88)"}

[Fastbot][2026-06-02 15:44:26.376] <-- END HTTP (58-byte body)
[Fastbot][2026-06-02 15:44:26.425] [Proxy Server] Forwarding
[Fastbot][2026-06-02 15:44:26.426] --> POST http://127.0.0.1:9008/jsonrpc/0
[Fastbot][2026-06-02 15:44:26.426] Content-Type: application/json; charset=utf-8
[Fastbot][2026-06-02 15:44:26.427] Content-Length: 211
[Fastbot][2026-06-02 15:44:26.428] 
[Fastbot][2026-06-02 15:44:26.428] {"jsonrpc": "2.0", "id": 1, "method": "waitForExists", "params": [{"mask": 2097152, "childOrSibling": [], "childOrSiblingSelector": [], "resourceId": "de.rampro.activitydiary.debug:id/search_close_btn"}, 20000]}
[Fastbot][2026-06-02 15:44:26.428] --> END POST (211-byte body)
[Fastbot][2026-06-02 15:44:26.469] <-- 200 OK  http://127.0.0.1:9008/jsonrpc/0 (40ms)
[Fastbot][2026-06-02 15:44:26.469] Content-Type: application/json
[Fastbot][2026-06-02 15:44:26.469] Date: Tue, 2 Jun 2026 15:44:26 GMT
[Fastbot][2026-06-02 15:44:26.470] Connection: keep-alive
[Fastbot][2026-06-02 15:44:26.470] Transfer-Encoding: chunked
[Fastbot][2026-06-02 15:44:26.470] 
[Fastbot][2026-06-02 15:44:26.470] {"jsonrpc":"2.0","id":1,"result":true}

[Fastbot][2026-06-02 15:44:26.470] <-- END HTTP (39-byte body)
[Fastbot][2026-06-02 15:44:26.505] [Proxy Server] Forwarding
[Fastbot][2026-06-02 15:44:26.505] --> POST http://127.0.0.1:9008/jsonrpc/0
[Fastbot][2026-06-02 15:44:26.505] Content-Type: application/json; charset=utf-8
[Fastbot][2026-06-02 15:44:26.506] Content-Length: 198
[Fastbot][2026-06-02 15:44:26.506] 
[Fastbot][2026-06-02 15:44:26.506] {"jsonrpc": "2.0", "id": 1, "method": "objInfo", "params": [{"mask": 2097152, "childOrSibling": [], "childOrSiblingSelector": [], "resourceId": "de.rampro.activitydiary.debug:id/search_close_btn"}]}
[Fastbot][2026-06-02 15:44:26.506] --> END POST (198-byte body)
[Fastbot][2026-06-02 15:44:26.534] <-- 200 OK  http://127.0.0.1:9008/jsonrpc/0 (27ms)
[Fastbot][2026-06-02 15:44:26.534] Content-Type: application/json
[Fastbot][2026-06-02 15:44:26.534] Date: Tue, 2 Jun 2026 15:44:26 GMT
[Fastbot][2026-06-02 15:44:26.534] Connection: keep-alive
[Fastbot][2026-06-02 15:44:26.535] Transfer-Encoding: chunked
[Fastbot][2026-06-02 15:44:26.536] 
[Fastbot][2026-06-02 15:44:26.536] {"jsonrpc":"2.0","id":1,"result":{"bounds":{"bottom":275,"left":946,"right":1056,"top":143},"childCount":0,"className":"android.widget.ImageView","contentDescription":"Clear query","packageName":"de.rampro.activitydiary.debug","resourceName":"de.rampro.activitydiary.debug:id/search_close_btn","text"...[truncated]
[Fastbot][2026-06-02 15:44:26.536] <-- END HTTP (530-byte body)
[Fastbot][2026-06-02 15:44:26.568] [Proxy Server] Detected script method: click
[Fastbot][2026-06-02 15:44:26.568] [Proxy Server] Forwarding
[Fastbot][2026-06-02 15:44:26.568] --> POST http://127.0.0.1:9008/jsonrpc/0
[Fastbot][2026-06-02 15:44:26.569] Content-Type: application/json; charset=utf-8
[Fastbot][2026-06-02 15:44:26.569] Content-Length: 73
[Fastbot][2026-06-02 15:44:26.569] 
[Fastbot][2026-06-02 15:44:26.569] {"jsonrpc": "2.0", "id": 1, "method": "click", "params": [1001.0, 209.0]}
[Fastbot][2026-06-02 15:44:26.569] --> END POST (73-byte body)
[Fastbot][2026-06-02 15:44:26.715] <-- 200 OK  http://127.0.0.1:9008/jsonrpc/0 (146ms)
[Fastbot][2026-06-02 15:44:26.716] Content-Type: application/json
[Fastbot][2026-06-02 15:44:26.716] Date: Tue, 2 Jun 2026 15:44:26 GMT
[Fastbot][2026-06-02 15:44:26.716] Connection: keep-alive
[Fastbot][2026-06-02 15:44:26.716] Transfer-Encoding: chunked
[Fastbot][2026-06-02 15:44:26.716] 
[Fastbot][2026-06-02 15:44:26.717] {"jsonrpc":"2.0","id":1,"result":true}

[Fastbot][2026-06-02 15:44:26.717] <-- END HTTP (39-byte body)
[Fastbot][2026-06-02 15:44:27.756] [Proxy Server] Forwarding
[Fastbot][2026-06-02 15:44:27.756] --> POST http://127.0.0.1:9008/jsonrpc/0
[Fastbot][2026-06-02 15:44:27.756] Content-Type: application/json; charset=utf-8
[Fastbot][2026-06-02 15:44:27.756] Content-Length: 211
[Fastbot][2026-06-02 15:44:27.757] 
[Fastbot][2026-06-02 15:44:27.757] {"jsonrpc": "2.0", "id": 1, "method": "waitForExists", "params": [{"mask": 2097152, "childOrSibling": [], "childOrSiblingSelector": [], "resourceId": "de.rampro.activitydiary.debug:id/search_close_btn"}, 20000]}
[Fastbot][2026-06-02 15:44:27.757] --> END POST (211-byte body)
[Fastbot][2026-06-02 15:44:27.821] <-- 200 OK  http://127.0.0.1:9008/jsonrpc/0 (63ms)
[Fastbot][2026-06-02 15:44:27.821] Content-Type: application/json
[Fastbot][2026-06-02 15:44:27.821] Date: Tue, 2 Jun 2026 15:44:27 GMT
[Fastbot][2026-06-02 15:44:27.821] Connection: keep-alive
[Fastbot][2026-06-02 15:44:27.821] Transfer-Encoding: chunked
[Fastbot][2026-06-02 15:44:27.822] 
[Fastbot][2026-06-02 15:44:27.823] {"jsonrpc":"2.0","id":1,"result":true}

[Fastbot][2026-06-02 15:44:27.823] <-- END HTTP (39-byte body)
[Fastbot][2026-06-02 15:44:27.866] [Proxy Server] Forwarding
[Fastbot][2026-06-02 15:44:27.867] --> POST http://127.0.0.1:9008/jsonrpc/0
[Fastbot][2026-06-02 15:44:27.867] Content-Type: application/json; charset=utf-8
[Fastbot][2026-06-02 15:44:27.867] Content-Length: 198
[Fastbot][2026-06-02 15:44:27.867] 
[Fastbot][2026-06-02 15:44:27.868] {"jsonrpc": "2.0", "id": 1, "method": "objInfo", "params": [{"mask": 2097152, "childOrSibling": [], "childOrSiblingSelector": [], "resourceId": "de.rampro.activitydiary.debug:id/search_close_btn"}]}
[Fastbot][2026-06-02 15:44:27.868] --> END POST (198-byte body)
[Fastbot][2026-06-02 15:44:27.897] <-- 200 OK  http://127.0.0.1:9008/jsonrpc/0 (29ms)
[Fastbot][2026-06-02 15:44:27.897] Content-Type: application/json
[Fastbot][2026-06-02 15:44:27.898] Date: Tue, 2 Jun 2026 15:44:27 GMT
[Fastbot][2026-06-02 15:44:27.898] Connection: keep-alive
[Fastbot][2026-06-02 15:44:27.898] Transfer-Encoding: chunked
[Fastbot][2026-06-02 15:44:27.899] 
[Fastbot][2026-06-02 15:44:27.899] {"jsonrpc":"2.0","id":1,"result":{"bounds":{"bottom":275,"left":946,"right":1056,"top":143},"childCount":0,"className":"android.widget.ImageView","contentDescription":"Clear query","packageName":"de.rampro.activitydiary.debug","resourceName":"de.rampro.activitydiary.debug:id/search_close_btn","text"...[truncated]
[Fastbot][2026-06-02 15:44:27.899] <-- END HTTP (530-byte body)
[Fastbot][2026-06-02 15:44:27.929] [Proxy Server] Detected script method: click
[Fastbot][2026-06-02 15:44:27.929] [Proxy Server] Forwarding
[Fastbot][2026-06-02 15:44:27.930] --> POST http://127.0.0.1:9008/jsonrpc/0
[Fastbot][2026-06-02 15:44:27.930] Content-Type: application/json; charset=utf-8
[Fastbot][2026-06-02 15:44:27.930] Content-Length: 73
[Fastbot][2026-06-02 15:44:27.930] 
[Fastbot][2026-06-02 15:44:27.931] {"jsonrpc": "2.0", "id": 1, "method": "click", "params": [1001.0, 209.0]}
[Fastbot][2026-06-02 15:44:27.931] --> END POST (73-byte body)
[Fastbot][2026-06-02 15:44:28.080] <-- 200 OK  http://127.0.0.1:9008/jsonrpc/0 (148ms)
[Fastbot][2026-06-02 15:44:28.080] Content-Type: application/json
[Fastbot][2026-06-02 15:44:28.080] Date: Tue, 2 Jun 2026 15:44:28 GMT
[Fastbot][2026-06-02 15:44:28.080] Connection: keep-alive
[Fastbot][2026-06-02 15:44:28.080] Transfer-Encoding: chunked
[Fastbot][2026-06-02 15:44:28.127] 
[Fastbot][2026-06-02 15:44:28.127] {"jsonrpc":"2.0","id":1,"result":true}

[Fastbot][2026-06-02 15:44:28.127] <-- END HTTP (39-byte body)
[Fastbot][2026-06-02 15:44:29.418] --> POST http://127.0.0.1:9008/jsonrpc/0
[Fastbot][2026-06-02 15:44:29.419] Content-Type: application/json; charset=utf-8
[Fastbot][2026-06-02 15:44:29.419] Content-Length: 75
[Fastbot][2026-06-02 15:44:29.419] 
[Fastbot][2026-06-02 15:44:29.419] {"id":1,"jsonrpc":"2.0","method":"dumpWindowHierarchy","params":[false,50]}
[Fastbot][2026-06-02 15:44:29.419] --> END POST (75-byte body)
[Fastbot][2026-06-02 15:44:29.446] <-- 200 OK  http://127.0.0.1:9008/jsonrpc/0 (26ms)
[Fastbot][2026-06-02 15:44:29.446] Content-Type: application/json
[Fastbot][2026-06-02 15:44:29.447] Date: Tue, 2 Jun 2026 15:44:29 GMT
[Fastbot][2026-06-02 15:44:29.447] Connection: keep-alive
[Fastbot][2026-06-02 15:44:29.447] Transfer-Encoding: chunked
[Fastbot][2026-06-02 15:44:29.448] 
[Fastbot][2026-06-02 15:44:29.448] {"jsonrpc":"2.0","id":1,"result":"<?xml version='1.0' encoding='UTF-8' standalone='yes' ?>\r\n<hierarchy rotation=\"0\">\r\n  <node index=\"0\" text=\"\" resource-id=\"\" class=\"android.widget.FrameLayout\" package=\"com.android.systemui\" content-desc=\"\" checkable=\"false\" checked=\"false\" cli...[truncated]
[Fastbot][2026-06-02 15:44:29.448] <-- END HTTP (46968-byte body)
[Fastbot][2026-06-02 15:44:29.512] [Proxy Server] Forwarding
[Fastbot][2026-06-02 15:44:29.512] --> POST http://127.0.0.1:9008/jsonrpc/0
[Fastbot][2026-06-02 15:44:29.513] Content-Type: application/json; charset=utf-8
[Fastbot][2026-06-02 15:44:29.513] Content-Length: 173
[Fastbot][2026-06-02 15:44:29.513] 
[Fastbot][2026-06-02 15:44:29.513] {"jsonrpc": "2.0", "id": 1, "method": "waitForExists", "params": [{"mask": 64, "childOrSibling": [], "childOrSiblingSelector": [], "description": "Open navigation"}, 20000]}
[Fastbot][2026-06-02 15:44:29.513] --> END POST (173-byte body)
[Fastbot][2026-06-02 15:44:29.526] <-- 200 OK  http://127.0.0.1:9008/jsonrpc/0 (11ms)
[Fastbot][2026-06-02 15:44:29.526] Content-Type: application/json
[Fastbot][2026-06-02 15:44:29.526] Date: Tue, 2 Jun 2026 15:44:29 GMT
[Fastbot][2026-06-02 15:44:29.527] Connection: keep-alive
[Fastbot][2026-06-02 15:44:29.527] Transfer-Encoding: chunked
[Fastbot][2026-06-02 15:44:29.528] 
[Fastbot][2026-06-02 15:44:29.528] {"jsonrpc":"2.0","id":1,"result":true}

[Fastbot][2026-06-02 15:44:29.528] <-- END HTTP (39-byte body)
[Fastbot][2026-06-02 15:44:29.574] [Proxy Server] Forwarding
[Fastbot][2026-06-02 15:44:29.574] --> POST http://127.0.0.1:9008/jsonrpc/0
[Fastbot][2026-06-02 15:44:29.574] Content-Type: application/json; charset=utf-8
[Fastbot][2026-06-02 15:44:29.574] Content-Length: 160
[Fastbot][2026-06-02 15:44:29.575] 
[Fastbot][2026-06-02 15:44:29.575] {"jsonrpc": "2.0", "id": 1, "method": "objInfo", "params": [{"mask": 64, "childOrSibling": [], "childOrSiblingSelector": [], "description": "Open navigation"}]}
[Fastbot][2026-06-02 15:44:29.575] --> END POST (160-byte body)
[Fastbot][2026-06-02 15:44:29.595] <-- 200 OK  http://127.0.0.1:9008/jsonrpc/0 (19ms)
[Fastbot][2026-06-02 15:44:29.596] Content-Type: application/json
[Fastbot][2026-06-02 15:44:29.596] Date: Tue, 2 Jun 2026 15:44:29 GMT
[Fastbot][2026-06-02 15:44:29.596] Connection: keep-alive
[Fastbot][2026-06-02 15:44:29.596] Transfer-Encoding: chunked
[Fastbot][2026-06-02 15:44:29.597] 
[Fastbot][2026-06-02 15:44:29.597] {"jsonrpc":"2.0","id":1,"result":{"bounds":{"bottom":286,"left":0,"right":154,"top":132},"childCount":0,"className":"android.widget.ImageButton","contentDescription":"Open navigation","packageName":"de.rampro.activitydiary.debug","resourceName":null,"text":null,"visibleBounds":{"bottom":286,"left":0...[truncated]
[Fastbot][2026-06-02 15:44:29.597] <-- END HTTP (483-byte body)
[Fastbot][2026-06-02 15:44:29.623] [Proxy Server] Detected script method: click
[Fastbot][2026-06-02 15:44:29.624] [Proxy Server] Forwarding
[Fastbot][2026-06-02 15:44:29.624] --> POST http://127.0.0.1:9008/jsonrpc/0
[Fastbot][2026-06-02 15:44:29.625] Content-Type: application/json; charset=utf-8
[Fastbot][2026-06-02 15:44:29.625] Content-Length: 71
[Fastbot][2026-06-02 15:44:29.625] 
[Fastbot][2026-06-02 15:44:29.625] {"jsonrpc": "2.0", "id": 1, "method": "click", "params": [77.0, 209.0]}
[Fastbot][2026-06-02 15:44:29.626] --> END POST (71-byte body)
[Fastbot][2026-06-02 15:44:29.805] <-- 200 OK  http://127.0.0.1:9008/jsonrpc/0 (178ms)
[Fastbot][2026-06-02 15:44:29.805] Content-Type: application/json
[Fastbot][2026-06-02 15:44:29.805] Date: Tue, 2 Jun 2026 15:44:29 GMT
[Fastbot][2026-06-02 15:44:29.805] Connection: keep-alive
[Fastbot][2026-06-02 15:44:29.805] Transfer-Encoding: chunked
[Fastbot][2026-06-02 15:44:29.847] 
[Fastbot][2026-06-02 15:44:29.848] {"jsonrpc":"2.0","id":1,"result":true}

[Fastbot][2026-06-02 15:44:29.848] <-- END HTTP (39-byte body)
[Fastbot][2026-06-02 15:44:30.896] [Proxy Server] Forwarding
[Fastbot][2026-06-02 15:44:30.897] --> POST http://127.0.0.1:9008/jsonrpc/0
[Fastbot][2026-06-02 15:44:30.897] Content-Type: application/json; charset=utf-8
[Fastbot][2026-06-02 15:44:30.898] Content-Length: 236
[Fastbot][2026-06-02 15:44:30.898] 
[Fastbot][2026-06-02 15:44:30.898] {"jsonrpc": "2.0", "id": 1, "method": "waitForExists", "params": [{"mask": 2097153, "childOrSibling": [], "childOrSiblingSelector": [], "resourceId": "de.rampro.activitydiary.debug:id/design_menu_item_text", "text": "Settings"}, 20000]}
[Fastbot][2026-06-02 15:44:30.898] --> END POST (236-byte body)
[Fastbot][2026-06-02 15:44:30.927] <-- 200 OK  http://127.0.0.1:9008/jsonrpc/0 (28ms)
[Fastbot][2026-06-02 15:44:30.927] Content-Type: application/json
[Fastbot][2026-06-02 15:44:30.927] Date: Tue, 2 Jun 2026 15:44:30 GMT
[Fastbot][2026-06-02 15:44:30.927] Connection: keep-alive
[Fastbot][2026-06-02 15:44:30.928] Transfer-Encoding: chunked
[Fastbot][2026-06-02 15:44:30.928] 
[Fastbot][2026-06-02 15:44:30.929] {"jsonrpc":"2.0","id":1,"result":true}

[Fastbot][2026-06-02 15:44:30.929] <-- END HTTP (39-byte body)
[Fastbot][2026-06-02 15:44:30.959] [Proxy Server] Forwarding
[Fastbot][2026-06-02 15:44:30.959] --> POST http://127.0.0.1:9008/jsonrpc/0
[Fastbot][2026-06-02 15:44:30.959] Content-Type: application/json; charset=utf-8
[Fastbot][2026-06-02 15:44:30.960] Content-Length: 223
[Fastbot][2026-06-02 15:44:30.960] 
[Fastbot][2026-06-02 15:44:30.961] {"jsonrpc": "2.0", "id": 1, "method": "objInfo", "params": [{"mask": 2097153, "childOrSibling": [], "childOrSiblingSelector": [], "resourceId": "de.rampro.activitydiary.debug:id/design_menu_item_text", "text": "Settings"}]}
[Fastbot][2026-06-02 15:44:30.961] --> END POST (223-byte body)
[Fastbot][2026-06-02 15:44:30.988] <-- 200 OK  http://127.0.0.1:9008/jsonrpc/0 (26ms)
[Fastbot][2026-06-02 15:44:30.988] Content-Type: application/json
[Fastbot][2026-06-02 15:44:30.988] Date: Tue, 2 Jun 2026 15:44:30 GMT
[Fastbot][2026-06-02 15:44:30.988] Connection: keep-alive
[Fastbot][2026-06-02 15:44:30.988] Transfer-Encoding: chunked
[Fastbot][2026-06-02 15:44:31.036] 
[Fastbot][2026-06-02 15:44:31.036] {"jsonrpc":"2.0","id":1,"result":{"bounds":{"bottom":1400,"left":44,"right":726,"top":1268},"childCount":0,"className":"android.widget.CheckedTextView","contentDescription":null,"packageName":"de.rampro.activitydiary.debug","resourceName":"de.rampro.activitydiary.debug:id/design_menu_item_text","tex...[truncated]
[Fastbot][2026-06-02 15:44:31.036] <-- END HTTP (539-byte body)
[Fastbot][2026-06-02 15:44:31.068] [Proxy Server] Detected script method: click
[Fastbot][2026-06-02 15:44:31.068] [Proxy Server] Forwarding
[Fastbot][2026-06-02 15:44:31.068] --> POST http://127.0.0.1:9008/jsonrpc/0
[Fastbot][2026-06-02 15:44:31.069] Content-Type: application/json; charset=utf-8
[Fastbot][2026-06-02 15:44:31.069] Content-Length: 73
[Fastbot][2026-06-02 15:44:31.069] 
[Fastbot][2026-06-02 15:44:31.069] {"jsonrpc": "2.0", "id": 1, "method": "click", "params": [385.0, 1334.0]}
[Fastbot][2026-06-02 15:44:31.069] --> END POST (73-byte body)
[Fastbot][2026-06-02 15:44:31.229] // the top activity is de.rampro.activitydiary.ui.settings.SettingsActivity, phone capture activity is com.android.camera.CaptureActivity
[Fastbot][2026-06-02 15:44:31.230]     // Allowing start of Intent { cmp=de.rampro.activitydiary.debug/de.rampro.activitydiary.ui.settings.SettingsActivity } in package de.rampro.activitydiary.debug
[Fastbot][2026-06-02 15:44:31.314] <-- 200 OK  http://127.0.0.1:9008/jsonrpc/0 (244ms)
[Fastbot][2026-06-02 15:44:31.314] Content-Type: application/json
[Fastbot][2026-06-02 15:44:31.314] Date: Tue, 2 Jun 2026 15:44:31 GMT
[Fastbot][2026-06-02 15:44:31.314] Connection: keep-alive
[Fastbot][2026-06-02 15:44:31.315] Transfer-Encoding: chunked
[Fastbot][2026-06-02 15:44:31.356] 
[Fastbot][2026-06-02 15:44:31.356] {"jsonrpc":"2.0","id":1,"result":true}

[Fastbot][2026-06-02 15:44:31.356] <-- END HTTP (39-byte body)
[Fastbot][2026-06-02 15:44:32.388] // [Script] current activity is de.rampro.activitydiary.ui.settings.SettingsActivity
[Fastbot][2026-06-02 15:44:32.389] [Proxy Server] Forwarding
[Fastbot][2026-06-02 15:44:32.389] --> POST http://127.0.0.1:9008/jsonrpc/0
[Fastbot][2026-06-02 15:44:32.389] Content-Type: application/json; charset=utf-8
[Fastbot][2026-06-02 15:44:32.389] Content-Length: 163
[Fastbot][2026-06-02 15:44:32.390] 
[Fastbot][2026-06-02 15:44:32.390] {"jsonrpc": "2.0", "id": 1, "method": "exist", "params": [{"mask": 2097152, "childOrSibling": [], "childOrSiblingSelector": [], "resourceId": "android:id/title"}]}
[Fastbot][2026-06-02 15:44:32.390] --> END POST (163-byte body)
[Fastbot][2026-06-02 15:44:32.409] <-- 200 OK  http://127.0.0.1:9008/jsonrpc/0 (18ms)
[Fastbot][2026-06-02 15:44:32.409] Content-Type: application/json
[Fastbot][2026-06-02 15:44:32.409] Date: Tue, 2 Jun 2026 15:44:32 GMT
[Fastbot][2026-06-02 15:44:32.409] Connection: keep-alive
[Fastbot][2026-06-02 15:44:32.410] Transfer-Encoding: chunked
[Fastbot][2026-06-02 15:44:32.410] 
[Fastbot][2026-06-02 15:44:32.410] {"jsonrpc":"2.0","id":1,"result":true}

[Fastbot][2026-06-02 15:44:32.411] <-- END HTTP (39-byte body)
[Fastbot][2026-06-02 15:44:32.450] [Proxy Server] Forwarding
[Fastbot][2026-06-02 15:44:32.450] --> POST http://127.0.0.1:9008/jsonrpc/0
[Fastbot][2026-06-02 15:44:32.450] Content-Type: application/json; charset=utf-8
[Fastbot][2026-06-02 15:44:32.450] Content-Length: 169
[Fastbot][2026-06-02 15:44:32.450] 
[Fastbot][2026-06-02 15:44:32.450] {"jsonrpc": "2.0", "id": 1, "method": "waitForExists", "params": [{"mask": 64, "childOrSibling": [], "childOrSiblingSelector": [], "description": "Navigate up"}, 20000]}
[Fastbot][2026-06-02 15:44:32.451] --> END POST (169-byte body)
[Fastbot][2026-06-02 15:44:32.463] <-- 200 OK  http://127.0.0.1:9008/jsonrpc/0 (11ms)
[Fastbot][2026-06-02 15:44:32.463] Content-Type: application/json
[Fastbot][2026-06-02 15:44:32.463] Date: Tue, 2 Jun 2026 15:44:32 GMT
[Fastbot][2026-06-02 15:44:32.463] Connection: keep-alive
[Fastbot][2026-06-02 15:44:32.463] Transfer-Encoding: chunked
[Fastbot][2026-06-02 15:44:32.464] 
[Fastbot][2026-06-02 15:44:32.464] {"jsonrpc":"2.0","id":1,"result":true}

[Fastbot][2026-06-02 15:44:32.464] <-- END HTTP (39-byte body)
[Fastbot][2026-06-02 15:44:32.512] [Proxy Server] Forwarding
[Fastbot][2026-06-02 15:44:32.512] --> POST http://127.0.0.1:9008/jsonrpc/0
[Fastbot][2026-06-02 15:44:32.513] Content-Type: application/json; charset=utf-8
[Fastbot][2026-06-02 15:44:32.513] Content-Length: 156
[Fastbot][2026-06-02 15:44:32.513] 
[Fastbot][2026-06-02 15:44:32.514] {"jsonrpc": "2.0", "id": 1, "method": "objInfo", "params": [{"mask": 64, "childOrSibling": [], "childOrSiblingSelector": [], "description": "Navigate up"}]}
[Fastbot][2026-06-02 15:44:32.514] --> END POST (156-byte body)
[Fastbot][2026-06-02 15:44:32.536] <-- 200 OK  http://127.0.0.1:9008/jsonrpc/0 (21ms)
[Fastbot][2026-06-02 15:44:32.536] Content-Type: application/json
[Fastbot][2026-06-02 15:44:32.536] Date: Tue, 2 Jun 2026 15:44:32 GMT
[Fastbot][2026-06-02 15:44:32.536] Connection: keep-alive
[Fastbot][2026-06-02 15:44:32.537] Transfer-Encoding: chunked
[Fastbot][2026-06-02 15:44:32.537] 
[Fastbot][2026-06-02 15:44:32.537] {"jsonrpc":"2.0","id":1,"result":{"bounds":{"bottom":286,"left":0,"right":154,"top":132},"childCount":0,"className":"android.widget.ImageButton","contentDescription":"Navigate up","packageName":"de.rampro.activitydiary.debug","resourceName":null,"text":null,"visibleBounds":{"bottom":286,"left":0,"ri...[truncated]
[Fastbot][2026-06-02 15:44:32.537] <-- END HTTP (479-byte body)
[Fastbot][2026-06-02 15:44:32.590] [Proxy Server] Detected script method: click
[Fastbot][2026-06-02 15:44:32.591] [Proxy Server] Forwarding
[Fastbot][2026-06-02 15:44:32.591] --> POST http://127.0.0.1:9008/jsonrpc/0
[Fastbot][2026-06-02 15:44:32.591] Content-Type: application/json; charset=utf-8
[Fastbot][2026-06-02 15:44:32.591] Content-Length: 71
[Fastbot][2026-06-02 15:44:32.591] 
[Fastbot][2026-06-02 15:44:32.591] {"jsonrpc": "2.0", "id": 1, "method": "click", "params": [77.0, 209.0]}
[Fastbot][2026-06-02 15:44:32.591] --> END POST (71-byte body)
[Fastbot][2026-06-02 15:44:32.725]     // activityResuming(de.rampro.activitydiary.debug)
[Fastbot][2026-06-02 15:44:33.630] <-- 200 OK  http://127.0.0.1:9008/jsonrpc/0 (1038ms)
[Fastbot][2026-06-02 15:44:33.630] Content-Type: application/json
[Fastbot][2026-06-02 15:44:33.630] Date: Tue, 2 Jun 2026 15:44:33 GMT
[Fastbot][2026-06-02 15:44:33.630] Connection: keep-alive
[Fastbot][2026-06-02 15:44:33.630] Transfer-Encoding: chunked
[Fastbot][2026-06-02 15:44:33.631] 
[Fastbot][2026-06-02 15:44:33.631] {"jsonrpc":"2.0","id":1,"result":true}

[Fastbot][2026-06-02 15:44:33.631] <-- END HTTP (39-byte body)
[Fastbot][2026-06-02 15:44:34.912] --> POST http://127.0.0.1:9008/jsonrpc/0
[Fastbot][2026-06-02 15:44:34.912] Content-Type: application/json; charset=utf-8
[Fastbot][2026-06-02 15:44:34.912] Content-Length: 75
[Fastbot][2026-06-02 15:44:34.912] 
[Fastbot][2026-06-02 15:44:34.912] {"id":1,"jsonrpc":"2.0","method":"dumpWindowHierarchy","params":[false,50]}
[Fastbot][2026-06-02 15:44:34.913] --> END POST (75-byte body)
[Fastbot][2026-06-02 15:44:35.155] <-- 200 OK  http://127.0.0.1:9008/jsonrpc/0 (242ms)
[Fastbot][2026-06-02 15:44:35.155] Content-Type: application/json
[Fastbot][2026-06-02 15:44:35.156] Date: Tue, 2 Jun 2026 15:44:35 GMT
[Fastbot][2026-06-02 15:44:35.156] Connection: keep-alive
[Fastbot][2026-06-02 15:44:35.156] Transfer-Encoding: chunked
[Fastbot][2026-06-02 15:44:35.158] 
[Fastbot][2026-06-02 15:44:35.158] {"jsonrpc":"2.0","id":1,"result":"<?xml version='1.0' encoding='UTF-8' standalone='yes' ?>\r\n<hierarchy rotation=\"0\">\r\n  <node index=\"0\" text=\"\" resource-id=\"\" class=\"android.widget.FrameLayout\" package=\"com.android.systemui\" content-desc=\"\" checkable=\"false\" checked=\"false\" cli...[truncated]
[Fastbot][2026-06-02 15:44:35.158] <-- END HTTP (46968-byte body)
[Fastbot][2026-06-02 15:44:35.238] // [Script] current activity is de.rampro.activitydiary.ui.main.MainActivity
[Fastbot][2026-06-02 15:44:35.238] [Proxy Server] Forwarding
[Fastbot][2026-06-02 15:44:35.239] --> POST http://127.0.0.1:9008/jsonrpc/0
[Fastbot][2026-06-02 15:44:35.239] Content-Type: application/json; charset=utf-8
[Fastbot][2026-06-02 15:44:35.239] Content-Length: 224
[Fastbot][2026-06-02 15:44:35.239] 
[Fastbot][2026-06-02 15:44:35.240] {"jsonrpc": "2.0", "id": 1, "method": "waitForExists", "params": [{"mask": 18874368, "childOrSibling": [], "childOrSiblingSelector": [], "resourceId": "de.rampro.activitydiary.debug:id/activity_name", "instance": 1}, 20000]}
[Fastbot][2026-06-02 15:44:35.240] --> END POST (224-byte body)
[Fastbot][2026-06-02 15:44:35.247] <-- 200 OK  http://127.0.0.1:9008/jsonrpc/0 (6ms)
[Fastbot][2026-06-02 15:44:35.247] Content-Type: application/json
[Fastbot][2026-06-02 15:44:35.247] Date: Tue, 2 Jun 2026 15:44:35 GMT
[Fastbot][2026-06-02 15:44:35.247] Connection: keep-alive
[Fastbot][2026-06-02 15:44:35.248] Transfer-Encoding: chunked
[Fastbot][2026-06-02 15:44:35.248] 
[Fastbot][2026-06-02 15:44:35.249] {"jsonrpc":"2.0","id":1,"result":true}

[Fastbot][2026-06-02 15:44:35.249] <-- END HTTP (39-byte body)
[Fastbot][2026-06-02 15:44:35.277] [Proxy Server] Forwarding
[Fastbot][2026-06-02 15:44:35.277] --> POST http://127.0.0.1:9008/jsonrpc/0
[Fastbot][2026-06-02 15:44:35.277] Content-Type: application/json; charset=utf-8
[Fastbot][2026-06-02 15:44:35.278] Content-Length: 211
[Fastbot][2026-06-02 15:44:35.278] 
[Fastbot][2026-06-02 15:44:35.278] {"jsonrpc": "2.0", "id": 1, "method": "getText", "params": [{"mask": 18874368, "childOrSibling": [], "childOrSiblingSelector": [], "resourceId": "de.rampro.activitydiary.debug:id/activity_name", "instance": 1}]}
[Fastbot][2026-06-02 15:44:35.278] --> END POST (211-byte body)
[Fastbot][2026-06-02 15:44:35.285] <-- 200 OK  http://127.0.0.1:9008/jsonrpc/0 (6ms)
[Fastbot][2026-06-02 15:44:35.285] Content-Type: application/json
[Fastbot][2026-06-02 15:44:35.285] Date: Tue, 2 Jun 2026 15:44:35 GMT
[Fastbot][2026-06-02 15:44:35.285] Connection: keep-alive
[Fastbot][2026-06-02 15:44:35.285] Transfer-Encoding: chunked
[Fastbot][2026-06-02 15:44:35.326] 
[Fastbot][2026-06-02 15:44:35.326] {"jsonrpc":"2.0","id":1,"result":"Cooking (1.91)"}

[Fastbot][2026-06-02 15:44:35.327] <-- END HTTP (51-byte body)
[Fastbot][2026-06-02 15:44:35.354] [Proxy Server] Forwarding
[Fastbot][2026-06-02 15:44:35.354] --> POST http://127.0.0.1:9008/jsonrpc/0
[Fastbot][2026-06-02 15:44:35.354] Content-Type: application/json; charset=utf-8
[Fastbot][2026-06-02 15:44:35.354] Content-Length: 208
[Fastbot][2026-06-02 15:44:35.354] 
[Fastbot][2026-06-02 15:44:35.355] {"jsonrpc": "2.0", "id": 1, "method": "waitForExists", "params": [{"mask": 2097152, "childOrSibling": [], "childOrSiblingSelector": [], "resourceId": "de.rampro.activitydiary.debug:id/action_filter"}, 20000]}
[Fastbot][2026-06-02 15:44:35.355] --> END POST (208-byte body)
[Fastbot][2026-06-02 15:44:35.369] <-- 200 OK  http://127.0.0.1:9008/jsonrpc/0 (14ms)
[Fastbot][2026-06-02 15:44:35.369] Content-Type: application/json
[Fastbot][2026-06-02 15:44:35.369] Date: Tue, 2 Jun 2026 15:44:35 GMT
[Fastbot][2026-06-02 15:44:35.369] Connection: keep-alive
[Fastbot][2026-06-02 15:44:35.369] Transfer-Encoding: chunked
[Fastbot][2026-06-02 15:44:35.416] 
[Fastbot][2026-06-02 15:44:35.416] {"jsonrpc":"2.0","id":1,"result":true}

[Fastbot][2026-06-02 15:44:35.416] <-- END HTTP (39-byte body)
[Fastbot][2026-06-02 15:44:35.448] [Proxy Server] Forwarding
[Fastbot][2026-06-02 15:44:35.448] --> POST http://127.0.0.1:9008/jsonrpc/0
[Fastbot][2026-06-02 15:44:35.448] Content-Type: application/json; charset=utf-8
[Fastbot][2026-06-02 15:44:35.449] Content-Length: 195
[Fastbot][2026-06-02 15:44:35.449] 
[Fastbot][2026-06-02 15:44:35.449] {"jsonrpc": "2.0", "id": 1, "method": "objInfo", "params": [{"mask": 2097152, "childOrSibling": [], "childOrSiblingSelector": [], "resourceId": "de.rampro.activitydiary.debug:id/action_filter"}]}
[Fastbot][2026-06-02 15:44:35.449] --> END POST (195-byte body)
[Fastbot][2026-06-02 15:44:35.478] <-- 200 OK  http://127.0.0.1:9008/jsonrpc/0 (29ms)
[Fastbot][2026-06-02 15:44:35.479] Content-Type: application/json
[Fastbot][2026-06-02 15:44:35.479] Date: Tue, 2 Jun 2026 15:44:35 GMT
[Fastbot][2026-06-02 15:44:35.479] Connection: keep-alive
[Fastbot][2026-06-02 15:44:35.479] Transfer-Encoding: chunked
[Fastbot][2026-06-02 15:44:35.526] 
[Fastbot][2026-06-02 15:44:35.526] {"jsonrpc":"2.0","id":1,"result":{"bounds":{"bottom":275,"left":794,"right":926,"top":143},"childCount":1,"className":"android.support.v7.widget.LinearLayoutCompat","contentDescription":null,"packageName":"de.rampro.activitydiary.debug","resourceName":"de.rampro.activitydiary.debug:id/action_filter"...[truncated]
[Fastbot][2026-06-02 15:44:35.527] <-- END HTTP (537-byte body)
[Fastbot][2026-06-02 15:44:35.574] [Proxy Server] Detected script method: click
[Fastbot][2026-06-02 15:44:35.574] [Proxy Server] Forwarding
[Fastbot][2026-06-02 15:44:35.575] --> POST http://127.0.0.1:9008/jsonrpc/0
[Fastbot][2026-06-02 15:44:35.575] Content-Type: application/json; charset=utf-8
[Fastbot][2026-06-02 15:44:35.575] Content-Length: 72
[Fastbot][2026-06-02 15:44:35.576] 
[Fastbot][2026-06-02 15:44:35.576] {"jsonrpc": "2.0", "id": 1, "method": "click", "params": [860.0, 209.0]}
[Fastbot][2026-06-02 15:44:35.577] --> END POST (72-byte body)
[Fastbot][2026-06-02 15:44:35.750] <-- 200 OK  http://127.0.0.1:9008/jsonrpc/0 (173ms)
[Fastbot][2026-06-02 15:44:35.750] Content-Type: application/json
[Fastbot][2026-06-02 15:44:35.750] Date: Tue, 2 Jun 2026 15:44:35 GMT
[Fastbot][2026-06-02 15:44:35.750] Connection: keep-alive
[Fastbot][2026-06-02 15:44:35.750] Transfer-Encoding: chunked
[Fastbot][2026-06-02 15:44:35.754] 
[Fastbot][2026-06-02 15:44:35.754] {"jsonrpc":"2.0","id":1,"result":true}

[Fastbot][2026-06-02 15:44:35.754] <-- END HTTP (39-byte body)
[Fastbot][2026-06-02 15:44:36.802] [Proxy Server] Forwarding
[Fastbot][2026-06-02 15:44:36.802] --> POST http://127.0.0.1:9008/jsonrpc/0
[Fastbot][2026-06-02 15:44:36.802] Content-Type: application/json; charset=utf-8
[Fastbot][2026-06-02 15:44:36.803] Content-Length: 210
[Fastbot][2026-06-02 15:44:36.803] 
[Fastbot][2026-06-02 15:44:36.803] {"jsonrpc": "2.0", "id": 1, "method": "waitForExists", "params": [{"mask": 2097152, "childOrSibling": [], "childOrSiblingSelector": [], "resourceId": "de.rampro.activitydiary.debug:id/search_src_text"}, 20000]}
[Fastbot][2026-06-02 15:44:36.803] --> END POST (210-byte body)
[Fastbot][2026-06-02 15:44:36.847] <-- 200 OK  http://127.0.0.1:9008/jsonrpc/0 (43ms)
[Fastbot][2026-06-02 15:44:36.847] Content-Type: application/json
[Fastbot][2026-06-02 15:44:36.847] Date: Tue, 2 Jun 2026 15:44:36 GMT
[Fastbot][2026-06-02 15:44:36.847] Connection: keep-alive
[Fastbot][2026-06-02 15:44:36.849] Transfer-Encoding: chunked
[Fastbot][2026-06-02 15:44:36.850] 
[Fastbot][2026-06-02 15:44:36.850] {"jsonrpc":"2.0","id":1,"result":true}

[Fastbot][2026-06-02 15:44:36.850] <-- END HTTP (39-byte body)
[Fastbot][2026-06-02 15:44:36.881] [Proxy Server] Detected script method: setText
[Fastbot][2026-06-02 15:44:36.881] [Proxy Server] Forwarding
[Fastbot][2026-06-02 15:44:36.882] --> POST http://127.0.0.1:9008/jsonrpc/0
[Fastbot][2026-06-02 15:44:36.882] Content-Type: application/json; charset=utf-8
[Fastbot][2026-06-02 15:44:36.882] Content-Length: 215
[Fastbot][2026-06-02 15:44:36.882] 
[Fastbot][2026-06-02 15:44:36.882] {"jsonrpc": "2.0", "id": 1, "method": "setText", "params": [{"mask": 2097152, "childOrSibling": [], "childOrSiblingSelector": [], "resourceId": "de.rampro.activitydiary.debug:id/search_src_text"}, "Cooking (1.91)"]}
[Fastbot][2026-06-02 15:44:36.882] --> END POST (215-byte body)
[Fastbot][2026-06-02 15:44:37.004] <-- 200 OK  http://127.0.0.1:9008/jsonrpc/0 (121ms)
[Fastbot][2026-06-02 15:44:37.005] Content-Type: application/json
[Fastbot][2026-06-02 15:44:37.005] Date: Tue, 2 Jun 2026 15:44:37 GMT
[Fastbot][2026-06-02 15:44:37.005] Connection: keep-alive
[Fastbot][2026-06-02 15:44:37.005] Transfer-Encoding: chunked
[Fastbot][2026-06-02 15:44:37.049] 
[Fastbot][2026-06-02 15:44:37.050] {"jsonrpc":"2.0","id":1,"result":true}

[Fastbot][2026-06-02 15:44:37.050] <-- END HTTP (39-byte body)
[Fastbot][2026-06-02 15:44:38.079] [Proxy Server] Forwarding
[Fastbot][2026-06-02 15:44:38.079] --> POST http://127.0.0.1:9008/jsonrpc/0
[Fastbot][2026-06-02 15:44:38.079] Content-Type: application/json; charset=utf-8
[Fastbot][2026-06-02 15:44:38.079] Content-Length: 224
[Fastbot][2026-06-02 15:44:38.079] 
[Fastbot][2026-06-02 15:44:38.079] {"jsonrpc": "2.0", "id": 1, "method": "waitForExists", "params": [{"mask": 18874368, "childOrSibling": [], "childOrSiblingSelector": [], "resourceId": "de.rampro.activitydiary.debug:id/activity_name", "instance": 0}, 20000]}
[Fastbot][2026-06-02 15:44:38.079] --> END POST (224-byte body)
[Fastbot][2026-06-02 15:44:38.088] <-- 200 OK  http://127.0.0.1:9008/jsonrpc/0 (8ms)
[Fastbot][2026-06-02 15:44:38.088] Content-Type: application/json
[Fastbot][2026-06-02 15:44:38.088] Date: Tue, 2 Jun 2026 15:44:38 GMT
[Fastbot][2026-06-02 15:44:38.088] Connection: keep-alive
[Fastbot][2026-06-02 15:44:38.088] Transfer-Encoding: chunked
[Fastbot][2026-06-02 15:44:38.090] 
[Fastbot][2026-06-02 15:44:38.090] {"jsonrpc":"2.0","id":1,"result":true}

[Fastbot][2026-06-02 15:44:38.091] <-- END HTTP (39-byte body)
[Fastbot][2026-06-02 15:44:38.127] [Proxy Server] Forwarding
[Fastbot][2026-06-02 15:44:38.128] --> POST http://127.0.0.1:9008/jsonrpc/0
[Fastbot][2026-06-02 15:44:38.128] Content-Type: application/json; charset=utf-8
[Fastbot][2026-06-02 15:44:38.128] Content-Length: 211
[Fastbot][2026-06-02 15:44:38.129] 
[Fastbot][2026-06-02 15:44:38.129] {"jsonrpc": "2.0", "id": 1, "method": "getText", "params": [{"mask": 18874368, "childOrSibling": [], "childOrSiblingSelector": [], "resourceId": "de.rampro.activitydiary.debug:id/activity_name", "instance": 0}]}
[Fastbot][2026-06-02 15:44:38.129] --> END POST (211-byte body)
[Fastbot][2026-06-02 15:44:38.136] <-- 200 OK  http://127.0.0.1:9008/jsonrpc/0 (7ms)
[Fastbot][2026-06-02 15:44:38.137] Content-Type: application/json
[Fastbot][2026-06-02 15:44:38.137] Date: Tue, 2 Jun 2026 15:44:38 GMT
[Fastbot][2026-06-02 15:44:38.137] Connection: keep-alive
[Fastbot][2026-06-02 15:44:38.137] Transfer-Encoding: chunked
[Fastbot][2026-06-02 15:44:38.138] 
[Fastbot][2026-06-02 15:44:38.138] {"jsonrpc":"2.0","id":1,"result":"Cinema (11.24)"}

[Fastbot][2026-06-02 15:44:38.139] <-- END HTTP (51-byte body)
[Fastbot][2026-06-02 15:44:38.174] [Proxy Server] Forwarding
[Fastbot][2026-06-02 15:44:38.174] --> POST http://127.0.0.1:9008/jsonrpc/0
[Fastbot][2026-06-02 15:44:38.174] Content-Type: application/json; charset=utf-8
[Fastbot][2026-06-02 15:44:38.174] Content-Length: 211
[Fastbot][2026-06-02 15:44:38.174] 
[Fastbot][2026-06-02 15:44:38.175] {"jsonrpc": "2.0", "id": 1, "method": "waitForExists", "params": [{"mask": 2097152, "childOrSibling": [], "childOrSiblingSelector": [], "resourceId": "de.rampro.activitydiary.debug:id/search_close_btn"}, 20000]}
[Fastbot][2026-06-02 15:44:38.175] --> END POST (211-byte body)
[Fastbot][2026-06-02 15:44:38.227] <-- 200 OK  http://127.0.0.1:9008/jsonrpc/0 (51ms)
[Fastbot][2026-06-02 15:44:38.227] Content-Type: application/json
[Fastbot][2026-06-02 15:44:38.227] Date: Tue, 2 Jun 2026 15:44:38 GMT
[Fastbot][2026-06-02 15:44:38.227] Connection: keep-alive
[Fastbot][2026-06-02 15:44:38.228] Transfer-Encoding: chunked
[Fastbot][2026-06-02 15:44:38.229] 
[Fastbot][2026-06-02 15:44:38.230] {"jsonrpc":"2.0","id":1,"result":true}

[Fastbot][2026-06-02 15:44:38.230] <-- END HTTP (39-byte body)
[Fastbot][2026-06-02 15:44:38.267] [Proxy Server] Forwarding
[Fastbot][2026-06-02 15:44:38.268] --> POST http://127.0.0.1:9008/jsonrpc/0
[Fastbot][2026-06-02 15:44:38.268] Content-Type: application/json; charset=utf-8
[Fastbot][2026-06-02 15:44:38.269] Content-Length: 198
[Fastbot][2026-06-02 15:44:38.269] 
[Fastbot][2026-06-02 15:44:38.269] {"jsonrpc": "2.0", "id": 1, "method": "objInfo", "params": [{"mask": 2097152, "childOrSibling": [], "childOrSiblingSelector": [], "resourceId": "de.rampro.activitydiary.debug:id/search_close_btn"}]}
[Fastbot][2026-06-02 15:44:38.269] --> END POST (198-byte body)
[Fastbot][2026-06-02 15:44:38.299] <-- 200 OK  http://127.0.0.1:9008/jsonrpc/0 (29ms)
[Fastbot][2026-06-02 15:44:38.299] Content-Type: application/json
[Fastbot][2026-06-02 15:44:38.300] Date: Tue, 2 Jun 2026 15:44:38 GMT
[Fastbot][2026-06-02 15:44:38.300] Connection: keep-alive
[Fastbot][2026-06-02 15:44:38.300] Transfer-Encoding: chunked
[Fastbot][2026-06-02 15:44:38.301] 
[Fastbot][2026-06-02 15:44:38.301] {"jsonrpc":"2.0","id":1,"result":{"bounds":{"bottom":275,"left":946,"right":1056,"top":143},"childCount":0,"className":"android.widget.ImageView","contentDescription":"Clear query","packageName":"de.rampro.activitydiary.debug","resourceName":"de.rampro.activitydiary.debug:id/search_close_btn","text"...[truncated]
[Fastbot][2026-06-02 15:44:38.302] <-- END HTTP (530-byte body)
[Fastbot][2026-06-02 15:44:38.331] [Proxy Server] Detected script method: click
[Fastbot][2026-06-02 15:44:38.331] [Proxy Server] Forwarding
[Fastbot][2026-06-02 15:44:38.331] --> POST http://127.0.0.1:9008/jsonrpc/0
[Fastbot][2026-06-02 15:44:38.332] Content-Type: application/json; charset=utf-8
[Fastbot][2026-06-02 15:44:38.332] Content-Length: 73
[Fastbot][2026-06-02 15:44:38.332] 
[Fastbot][2026-06-02 15:44:38.332] {"jsonrpc": "2.0", "id": 1, "method": "click", "params": [1001.0, 209.0]}
[Fastbot][2026-06-02 15:44:38.332] --> END POST (73-byte body)
[Fastbot][2026-06-02 15:44:38.501] <-- 200 OK  http://127.0.0.1:9008/jsonrpc/0 (168ms)
[Fastbot][2026-06-02 15:44:38.505] Content-Type: application/json
[Fastbot][2026-06-02 15:44:38.505] Date: Tue, 2 Jun 2026 15:44:38 GMT
[Fastbot][2026-06-02 15:44:38.506] Connection: keep-alive
[Fastbot][2026-06-02 15:44:38.506] Transfer-Encoding: chunked
[Fastbot][2026-06-02 15:44:38.578] 
[Fastbot][2026-06-02 15:44:38.578] {"jsonrpc":"2.0","id":1,"result":true}

[Fastbot][2026-06-02 15:44:38.581] <-- END HTTP (39-byte body)
[Fastbot][2026-06-02 15:44:39.638] [Proxy Server] Forwarding
[Fastbot][2026-06-02 15:44:39.638] --> POST http://127.0.0.1:9008/jsonrpc/0
[Fastbot][2026-06-02 15:44:39.638] Content-Type: application/json; charset=utf-8
[Fastbot][2026-06-02 15:44:39.639] Content-Length: 211
[Fastbot][2026-06-02 15:44:39.639] 
[Fastbot][2026-06-02 15:44:39.639] {"jsonrpc": "2.0", "id": 1, "method": "waitForExists", "params": [{"mask": 2097152, "childOrSibling": [], "childOrSiblingSelector": [], "resourceId": "de.rampro.activitydiary.debug:id/search_close_btn"}, 20000]}
[Fastbot][2026-06-02 15:44:39.640] --> END POST (211-byte body)
[Fastbot][2026-06-02 15:44:39.684] <-- 200 OK  http://127.0.0.1:9008/jsonrpc/0 (43ms)
[Fastbot][2026-06-02 15:44:39.684] Content-Type: application/json
[Fastbot][2026-06-02 15:44:39.684] Date: Tue, 2 Jun 2026 15:44:39 GMT
[Fastbot][2026-06-02 15:44:39.684] Connection: keep-alive
[Fastbot][2026-06-02 15:44:39.684] Transfer-Encoding: chunked
[Fastbot][2026-06-02 15:44:39.686] 
[Fastbot][2026-06-02 15:44:39.686] {"jsonrpc":"2.0","id":1,"result":true}

[Fastbot][2026-06-02 15:44:39.687] <-- END HTTP (39-byte body)
[Fastbot][2026-06-02 15:44:39.730] [Proxy Server] Forwarding
[Fastbot][2026-06-02 15:44:39.731] --> POST http://127.0.0.1:9008/jsonrpc/0
[Fastbot][2026-06-02 15:44:39.731] Content-Type: application/json; charset=utf-8
[Fastbot][2026-06-02 15:44:39.731] Content-Length: 198
[Fastbot][2026-06-02 15:44:39.731] 
[Fastbot][2026-06-02 15:44:39.731] {"jsonrpc": "2.0", "id": 1, "method": "objInfo", "params": [{"mask": 2097152, "childOrSibling": [], "childOrSiblingSelector": [], "resourceId": "de.rampro.activitydiary.debug:id/search_close_btn"}]}
[Fastbot][2026-06-02 15:44:39.732] --> END POST (198-byte body)
[Fastbot][2026-06-02 15:44:39.758] <-- 200 OK  http://127.0.0.1:9008/jsonrpc/0 (25ms)
[Fastbot][2026-06-02 15:44:39.758] Content-Type: application/json
[Fastbot][2026-06-02 15:44:39.758] Date: Tue, 2 Jun 2026 15:44:39 GMT
[Fastbot][2026-06-02 15:44:39.758] Connection: keep-alive
[Fastbot][2026-06-02 15:44:39.758] Transfer-Encoding: chunked
[Fastbot][2026-06-02 15:44:39.759] 
[Fastbot][2026-06-02 15:44:39.759] {"jsonrpc":"2.0","id":1,"result":{"bounds":{"bottom":275,"left":946,"right":1056,"top":143},"childCount":0,"className":"android.widget.ImageView","contentDescription":"Clear query","packageName":"de.rampro.activitydiary.debug","resourceName":"de.rampro.activitydiary.debug:id/search_close_btn","text"...[truncated]
[Fastbot][2026-06-02 15:44:39.759] <-- END HTTP (530-byte body)
[Fastbot][2026-06-02 15:44:39.809] [Proxy Server] Detected script method: click
[Fastbot][2026-06-02 15:44:39.809] [Proxy Server] Forwarding
[Fastbot][2026-06-02 15:44:39.809] --> POST http://127.0.0.1:9008/jsonrpc/0
[Fastbot][2026-06-02 15:44:39.810] Content-Type: application/json; charset=utf-8
[Fastbot][2026-06-02 15:44:39.810] Content-Length: 73
[Fastbot][2026-06-02 15:44:39.810] 
[Fastbot][2026-06-02 15:44:39.810] {"jsonrpc": "2.0", "id": 1, "method": "click", "params": [1001.0, 209.0]}
[Fastbot][2026-06-02 15:44:39.810] --> END POST (73-byte body)
[Fastbot][2026-06-02 15:44:39.985] <-- 200 OK  http://127.0.0.1:9008/jsonrpc/0 (174ms)
[Fastbot][2026-06-02 15:44:39.985] Content-Type: application/json
[Fastbot][2026-06-02 15:44:39.985] Date: Tue, 2 Jun 2026 15:44:39 GMT
[Fastbot][2026-06-02 15:44:39.985] Connection: keep-alive
[Fastbot][2026-06-02 15:44:39.985] Transfer-Encoding: chunked
[Fastbot][2026-06-02 15:44:39.986] 
[Fastbot][2026-06-02 15:44:39.986] {"jsonrpc":"2.0","id":1,"result":true}

[Fastbot][2026-06-02 15:44:39.986] <-- END HTTP (39-byte body)
[Fastbot][2026-06-02 15:44:41.257] --> POST http://127.0.0.1:9008/jsonrpc/0
[Fastbot][2026-06-02 15:44:41.257] Content-Type: application/json; charset=utf-8
[Fastbot][2026-06-02 15:44:41.257] Content-Length: 75
[Fastbot][2026-06-02 15:44:41.258] 
[Fastbot][2026-06-02 15:44:41.258] {"id":1,"jsonrpc":"2.0","method":"dumpWindowHierarchy","params":[false,50]}
[Fastbot][2026-06-02 15:44:41.258] --> END POST (75-byte body)
[Fastbot][2026-06-02 15:44:41.295] <-- 200 OK  http://127.0.0.1:9008/jsonrpc/0 (36ms)
[Fastbot][2026-06-02 15:44:41.295] Content-Type: application/json
[Fastbot][2026-06-02 15:44:41.295] Date: Tue, 2 Jun 2026 15:44:41 GMT
[Fastbot][2026-06-02 15:44:41.295] Connection: keep-alive
[Fastbot][2026-06-02 15:44:41.295] Transfer-Encoding: chunked
[Fastbot][2026-06-02 15:44:41.297] 
[Fastbot][2026-06-02 15:44:41.297] {"jsonrpc":"2.0","id":1,"result":"<?xml version='1.0' encoding='UTF-8' standalone='yes' ?>\r\n<hierarchy rotation=\"0\">\r\n  <node index=\"0\" text=\"\" resource-id=\"\" class=\"android.widget.FrameLayout\" package=\"com.android.systemui\" content-desc=\"\" checkable=\"false\" checked=\"false\" cli...[truncated]
[Fastbot][2026-06-02 15:44:41.297] <-- END HTTP (46968-byte body)
[Fastbot][2026-06-02 15:44:41.382] [Proxy Server] Forwarding
[Fastbot][2026-06-02 15:44:41.382] --> POST http://127.0.0.1:9008/jsonrpc/0
[Fastbot][2026-06-02 15:44:41.382] Content-Type: application/json; charset=utf-8
[Fastbot][2026-06-02 15:44:41.382] Content-Length: 224
[Fastbot][2026-06-02 15:44:41.383] 
[Fastbot][2026-06-02 15:44:41.383] {"jsonrpc": "2.0", "id": 1, "method": "waitForExists", "params": [{"mask": 18874368, "childOrSibling": [], "childOrSiblingSelector": [], "resourceId": "de.rampro.activitydiary.debug:id/activity_name", "instance": 1}, 20000]}
[Fastbot][2026-06-02 15:44:41.383] --> END POST (224-byte body)
[Fastbot][2026-06-02 15:44:41.391] <-- 200 OK  http://127.0.0.1:9008/jsonrpc/0 (7ms)
[Fastbot][2026-06-02 15:44:41.391] Content-Type: application/json
[Fastbot][2026-06-02 15:44:41.391] Date: Tue, 2 Jun 2026 15:44:41 GMT
[Fastbot][2026-06-02 15:44:41.392] Connection: keep-alive
[Fastbot][2026-06-02 15:44:41.392] Transfer-Encoding: chunked
[Fastbot][2026-06-02 15:44:41.392] 
[Fastbot][2026-06-02 15:44:41.393] {"jsonrpc":"2.0","id":1,"result":true}

[Fastbot][2026-06-02 15:44:41.393] <-- END HTTP (39-byte body)
[Fastbot][2026-06-02 15:44:41.408] [Proxy Server] Forwarding
[Fastbot][2026-06-02 15:44:41.409] --> POST http://127.0.0.1:9008/jsonrpc/0
[Fastbot][2026-06-02 15:44:41.409] Content-Type: application/json; charset=utf-8
[Fastbot][2026-06-02 15:44:41.409] Content-Length: 211
[Fastbot][2026-06-02 15:44:41.411] 
[Fastbot][2026-06-02 15:44:41.411] {"jsonrpc": "2.0", "id": 1, "method": "getText", "params": [{"mask": 18874368, "childOrSibling": [], "childOrSiblingSelector": [], "resourceId": "de.rampro.activitydiary.debug:id/activity_name", "instance": 1}]}
[Fastbot][2026-06-02 15:44:41.411] --> END POST (211-byte body)
[Fastbot][2026-06-02 15:44:41.419] <-- 200 OK  http://127.0.0.1:9008/jsonrpc/0 (7ms)
[Fastbot][2026-06-02 15:44:41.419] Content-Type: application/json
[Fastbot][2026-06-02 15:44:41.419] Date: Tue, 2 Jun 2026 15:44:41 GMT
[Fastbot][2026-06-02 15:44:41.419] Connection: keep-alive
[Fastbot][2026-06-02 15:44:41.420] Transfer-Encoding: chunked
[Fastbot][2026-06-02 15:44:41.467] 
[Fastbot][2026-06-02 15:44:41.468] {"jsonrpc":"2.0","id":1,"result":"Cooking (1.91)"}

[Fastbot][2026-06-02 15:44:41.468] <-- END HTTP (51-byte body)
[Fastbot][2026-06-02 15:44:41.483] [Proxy Server] Forwarding
[Fastbot][2026-06-02 15:44:41.484] --> POST http://127.0.0.1:9008/jsonrpc/0
[Fastbot][2026-06-02 15:44:41.484] Content-Type: application/json; charset=utf-8
[Fastbot][2026-06-02 15:44:41.484] Content-Length: 208
[Fastbot][2026-06-02 15:44:41.485] 
[Fastbot][2026-06-02 15:44:41.485] {"jsonrpc": "2.0", "id": 1, "method": "waitForExists", "params": [{"mask": 2097152, "childOrSibling": [], "childOrSiblingSelector": [], "resourceId": "de.rampro.activitydiary.debug:id/action_filter"}, 20000]}
[Fastbot][2026-06-02 15:44:41.485] --> END POST (208-byte body)
[Fastbot][2026-06-02 15:44:41.501] <-- 200 OK  http://127.0.0.1:9008/jsonrpc/0 (15ms)
[Fastbot][2026-06-02 15:44:41.501] Content-Type: application/json
[Fastbot][2026-06-02 15:44:41.501] Date: Tue, 2 Jun 2026 15:44:41 GMT
[Fastbot][2026-06-02 15:44:41.501] Connection: keep-alive
[Fastbot][2026-06-02 15:44:41.502] Transfer-Encoding: chunked
[Fastbot][2026-06-02 15:44:41.546] 
[Fastbot][2026-06-02 15:44:41.546] {"jsonrpc":"2.0","id":1,"result":true}

[Fastbot][2026-06-02 15:44:41.547] <-- END HTTP (39-byte body)
[Fastbot][2026-06-02 15:44:41.585] [Proxy Server] Forwarding
[Fastbot][2026-06-02 15:44:41.586] --> POST http://127.0.0.1:9008/jsonrpc/0
[Fastbot][2026-06-02 15:44:41.586] Content-Type: application/json; charset=utf-8
[Fastbot][2026-06-02 15:44:41.586] Content-Length: 195
[Fastbot][2026-06-02 15:44:41.586] 
[Fastbot][2026-06-02 15:44:41.586] {"jsonrpc": "2.0", "id": 1, "method": "objInfo", "params": [{"mask": 2097152, "childOrSibling": [], "childOrSiblingSelector": [], "resourceId": "de.rampro.activitydiary.debug:id/action_filter"}]}
[Fastbot][2026-06-02 15:44:41.587] --> END POST (195-byte body)
[Fastbot][2026-06-02 15:44:42.194] <-- 200 OK  http://127.0.0.1:9008/jsonrpc/0 (607ms)
[Fastbot][2026-06-02 15:44:42.194] Content-Type: application/json
[Fastbot][2026-06-02 15:44:42.194] Date: Tue, 2 Jun 2026 15:44:42 GMT
[Fastbot][2026-06-02 15:44:42.194] Connection: keep-alive
[Fastbot][2026-06-02 15:44:42.194] Transfer-Encoding: chunked
[Fastbot][2026-06-02 15:44:42.195] 
[Fastbot][2026-06-02 15:44:42.195] {"jsonrpc":"2.0","id":1,"result":{"bounds":{"bottom":275,"left":795,"right":927,"top":143},"childCount":1,"className":"android.support.v7.widget.LinearLayoutCompat","contentDescription":null,"packageName":"de.rampro.activitydiary.debug","resourceName":"de.rampro.activitydiary.debug:id/action_filter"...[truncated]
[Fastbot][2026-06-02 15:44:42.195] <-- END HTTP (537-byte body)
[Fastbot][2026-06-02 15:44:42.248] [Proxy Server] Detected script method: click
[Fastbot][2026-06-02 15:44:42.248] [Proxy Server] Forwarding
[Fastbot][2026-06-02 15:44:42.248] --> POST http://127.0.0.1:9008/jsonrpc/0
[Fastbot][2026-06-02 15:44:42.249] Content-Type: application/json; charset=utf-8
[Fastbot][2026-06-02 15:44:42.249] Content-Length: 72
[Fastbot][2026-06-02 15:44:42.249] 
[Fastbot][2026-06-02 15:44:42.249] {"jsonrpc": "2.0", "id": 1, "method": "click", "params": [861.0, 209.0]}
[Fastbot][2026-06-02 15:44:42.250] --> END POST (72-byte body)
[Fastbot][2026-06-02 15:44:42.380] <-- 200 OK  http://127.0.0.1:9008/jsonrpc/0 (129ms)
[Fastbot][2026-06-02 15:44:42.380] Content-Type: application/json
[Fastbot][2026-06-02 15:44:42.380] Date: Tue, 2 Jun 2026 15:44:42 GMT
[Fastbot][2026-06-02 15:44:42.380] Connection: keep-alive
[Fastbot][2026-06-02 15:44:42.380] Transfer-Encoding: chunked
[Fastbot][2026-06-02 15:44:42.380] 
[Fastbot][2026-06-02 15:44:42.380] {"jsonrpc":"2.0","id":1,"result":true}

[Fastbot][2026-06-02 15:44:42.380] <-- END HTTP (39-byte body)
[Fastbot][2026-06-02 15:44:43.409] [Proxy Server] Forwarding
[Fastbot][2026-06-02 15:44:43.410] --> POST http://127.0.0.1:9008/jsonrpc/0
[Fastbot][2026-06-02 15:44:43.410] Content-Type: application/json; charset=utf-8
[Fastbot][2026-06-02 15:44:43.410] Content-Length: 210
[Fastbot][2026-06-02 15:44:43.410] 
[Fastbot][2026-06-02 15:44:43.410] {"jsonrpc": "2.0", "id": 1, "method": "waitForExists", "params": [{"mask": 2097152, "childOrSibling": [], "childOrSiblingSelector": [], "resourceId": "de.rampro.activitydiary.debug:id/search_src_text"}, 20000]}
[Fastbot][2026-06-02 15:44:43.411] --> END POST (210-byte body)
[Fastbot][2026-06-02 15:44:43.671] <-- 200 OK  http://127.0.0.1:9008/jsonrpc/0 (260ms)
[Fastbot][2026-06-02 15:44:43.671] Content-Type: application/json
[Fastbot][2026-06-02 15:44:43.671] Date: Tue, 2 Jun 2026 15:44:43 GMT
[Fastbot][2026-06-02 15:44:43.671] Connection: keep-alive
[Fastbot][2026-06-02 15:44:43.671] Transfer-Encoding: chunked
[Fastbot][2026-06-02 15:44:43.671] 
[Fastbot][2026-06-02 15:44:43.672] {"jsonrpc":"2.0","id":1,"result":true}

[Fastbot][2026-06-02 15:44:43.672] <-- END HTTP (39-byte body)
[Fastbot][2026-06-02 15:44:43.704] [Proxy Server] Detected script method: setText
[Fastbot][2026-06-02 15:44:43.704] [Proxy Server] Forwarding
[Fastbot][2026-06-02 15:44:43.705] --> POST http://127.0.0.1:9008/jsonrpc/0
[Fastbot][2026-06-02 15:44:43.705] Content-Type: application/json; charset=utf-8
[Fastbot][2026-06-02 15:44:43.705] Content-Length: 215
[Fastbot][2026-06-02 15:44:43.705] 
[Fastbot][2026-06-02 15:44:43.705] {"jsonrpc": "2.0", "id": 1, "method": "setText", "params": [{"mask": 2097152, "childOrSibling": [], "childOrSiblingSelector": [], "resourceId": "de.rampro.activitydiary.debug:id/search_src_text"}, "Cooking (1.91)"]}
[Fastbot][2026-06-02 15:44:43.706] --> END POST (215-byte body)
[Fastbot][2026-06-02 15:44:43.837] <-- 200 OK  http://127.0.0.1:9008/jsonrpc/0 (130ms)
[Fastbot][2026-06-02 15:44:43.837] Content-Type: application/json
[Fastbot][2026-06-02 15:44:43.837] Date: Tue, 2 Jun 2026 15:44:43 GMT
[Fastbot][2026-06-02 15:44:43.837] Connection: keep-alive
[Fastbot][2026-06-02 15:44:43.837] Transfer-Encoding: chunked
[Fastbot][2026-06-02 15:44:43.837] 
[Fastbot][2026-06-02 15:44:43.838] {"jsonrpc":"2.0","id":1,"result":true}

[Fastbot][2026-06-02 15:44:43.838] <-- END HTTP (39-byte body)
[Fastbot][2026-06-02 15:44:44.854] [Proxy Server] Forwarding
[Fastbot][2026-06-02 15:44:44.855] --> POST http://127.0.0.1:9008/jsonrpc/0
[Fastbot][2026-06-02 15:44:44.855] Content-Type: application/json; charset=utf-8
[Fastbot][2026-06-02 15:44:44.855] Content-Length: 224
[Fastbot][2026-06-02 15:44:44.855] 
[Fastbot][2026-06-02 15:44:44.856] {"jsonrpc": "2.0", "id": 1, "method": "waitForExists", "params": [{"mask": 18874368, "childOrSibling": [], "childOrSiblingSelector": [], "resourceId": "de.rampro.activitydiary.debug:id/activity_name", "instance": 0}, 20000]}
[Fastbot][2026-06-02 15:44:44.856] --> END POST (224-byte body)
[Fastbot][2026-06-02 15:44:44.921] <-- 200 OK  http://127.0.0.1:9008/jsonrpc/0 (65ms)
[Fastbot][2026-06-02 15:44:44.922] Content-Type: application/json
[Fastbot][2026-06-02 15:44:44.922] Date: Tue, 2 Jun 2026 15:44:44 GMT
[Fastbot][2026-06-02 15:44:44.922] Connection: keep-alive
[Fastbot][2026-06-02 15:44:44.922] Transfer-Encoding: chunked
[Fastbot][2026-06-02 15:44:44.922] 
[Fastbot][2026-06-02 15:44:44.922] {"jsonrpc":"2.0","id":1,"result":true}

[Fastbot][2026-06-02 15:44:44.922] <-- END HTTP (39-byte body)
[Fastbot][2026-06-02 15:44:44.968] [Proxy Server] Forwarding
[Fastbot][2026-06-02 15:44:44.969] --> POST http://127.0.0.1:9008/jsonrpc/0
[Fastbot][2026-06-02 15:44:44.969] Content-Type: application/json; charset=utf-8
[Fastbot][2026-06-02 15:44:44.970] Content-Length: 211
[Fastbot][2026-06-02 15:44:44.970] 
[Fastbot][2026-06-02 15:44:44.970] {"jsonrpc": "2.0", "id": 1, "method": "getText", "params": [{"mask": 18874368, "childOrSibling": [], "childOrSiblingSelector": [], "resourceId": "de.rampro.activitydiary.debug:id/activity_name", "instance": 0}]}
[Fastbot][2026-06-02 15:44:44.971] --> END POST (211-byte body)
[Fastbot][2026-06-02 15:44:44.979] <-- 200 OK  http://127.0.0.1:9008/jsonrpc/0 (8ms)
[Fastbot][2026-06-02 15:44:44.979] Content-Type: application/json
[Fastbot][2026-06-02 15:44:44.979] Date: Tue, 2 Jun 2026 15:44:44 GMT
[Fastbot][2026-06-02 15:44:44.979] Connection: keep-alive
[Fastbot][2026-06-02 15:44:44.979] Transfer-Encoding: chunked
[Fastbot][2026-06-02 15:44:45.002] 
[Fastbot][2026-06-02 15:44:45.002] {"jsonrpc":"2.0","id":1,"result":"Cinema (11.24)"}

[Fastbot][2026-06-02 15:44:45.002] <-- END HTTP (51-byte body)
[Fastbot][2026-06-02 15:44:45.019] [Proxy Server] Forwarding
[Fastbot][2026-06-02 15:44:45.019] --> POST http://127.0.0.1:9008/jsonrpc/0
[Fastbot][2026-06-02 15:44:45.019] Content-Type: application/json; charset=utf-8
[Fastbot][2026-06-02 15:44:45.019] Content-Length: 211
[Fastbot][2026-06-02 15:44:45.020] 
[Fastbot][2026-06-02 15:44:45.020] {"jsonrpc": "2.0", "id": 1, "method": "waitForExists", "params": [{"mask": 2097152, "childOrSibling": [], "childOrSiblingSelector": [], "resourceId": "de.rampro.activitydiary.debug:id/search_close_btn"}, 20000]}
[Fastbot][2026-06-02 15:44:45.020] --> END POST (211-byte body)
[Fastbot][2026-06-02 15:44:45.088] <-- 200 OK  http://127.0.0.1:9008/jsonrpc/0 (67ms)
[Fastbot][2026-06-02 15:44:45.088] Content-Type: application/json
[Fastbot][2026-06-02 15:44:45.089] Date: Tue, 2 Jun 2026 15:44:45 GMT
[Fastbot][2026-06-02 15:44:45.089] Connection: keep-alive
[Fastbot][2026-06-02 15:44:45.089] Transfer-Encoding: chunked
[Fastbot][2026-06-02 15:44:45.137] 
[Fastbot][2026-06-02 15:44:45.137] {"jsonrpc":"2.0","id":1,"result":true}

[Fastbot][2026-06-02 15:44:45.137] <-- END HTTP (39-byte body)
[Fastbot][2026-06-02 15:44:45.187] [Proxy Server] Forwarding
[Fastbot][2026-06-02 15:44:45.188] --> POST http://127.0.0.1:9008/jsonrpc/0
[Fastbot][2026-06-02 15:44:45.188] Content-Type: application/json; charset=utf-8
[Fastbot][2026-06-02 15:44:45.188] Content-Length: 198
[Fastbot][2026-06-02 15:44:45.188] 
[Fastbot][2026-06-02 15:44:45.188] {"jsonrpc": "2.0", "id": 1, "method": "objInfo", "params": [{"mask": 2097152, "childOrSibling": [], "childOrSiblingSelector": [], "resourceId": "de.rampro.activitydiary.debug:id/search_close_btn"}]}
[Fastbot][2026-06-02 15:44:45.188] --> END POST (198-byte body)
[Fastbot][2026-06-02 15:44:45.223] <-- 200 OK  http://127.0.0.1:9008/jsonrpc/0 (34ms)
[Fastbot][2026-06-02 15:44:45.223] Content-Type: application/json
[Fastbot][2026-06-02 15:44:45.223] Date: Tue, 2 Jun 2026 15:44:45 GMT
[Fastbot][2026-06-02 15:44:45.224] Connection: keep-alive
[Fastbot][2026-06-02 15:44:45.225] Transfer-Encoding: chunked
[Fastbot][2026-06-02 15:44:45.227] 
[Fastbot][2026-06-02 15:44:45.227] {"jsonrpc":"2.0","id":1,"result":{"bounds":{"bottom":275,"left":946,"right":1056,"top":143},"childCount":0,"className":"android.widget.ImageView","contentDescription":"Clear query","packageName":"de.rampro.activitydiary.debug","resourceName":"de.rampro.activitydiary.debug:id/search_close_btn","text"...[truncated]
[Fastbot][2026-06-02 15:44:45.227] <-- END HTTP (530-byte body)
[Fastbot][2026-06-02 15:44:45.265] [Proxy Server] Detected script method: click
[Fastbot][2026-06-02 15:44:45.265] [Proxy Server] Forwarding
[Fastbot][2026-06-02 15:44:45.265] --> POST http://127.0.0.1:9008/jsonrpc/0
[Fastbot][2026-06-02 15:44:45.265] Content-Type: application/json; charset=utf-8
[Fastbot][2026-06-02 15:44:45.266] Content-Length: 73
[Fastbot][2026-06-02 15:44:45.266] 
[Fastbot][2026-06-02 15:44:45.266] {"jsonrpc": "2.0", "id": 1, "method": "click", "params": [1001.0, 209.0]}
[Fastbot][2026-06-02 15:44:45.266] --> END POST (73-byte body)
[Fastbot][2026-06-02 15:44:45.472] <-- 200 OK  http://127.0.0.1:9008/jsonrpc/0 (205ms)
[Fastbot][2026-06-02 15:44:45.473] Content-Type: application/json
[Fastbot][2026-06-02 15:44:45.473] Date: Tue, 2 Jun 2026 15:44:45 GMT
[Fastbot][2026-06-02 15:44:45.473] Connection: keep-alive
[Fastbot][2026-06-02 15:44:45.473] Transfer-Encoding: chunked
[Fastbot][2026-06-02 15:44:45.474] 
[Fastbot][2026-06-02 15:44:45.474] {"jsonrpc":"2.0","id":1,"result":true}

[Fastbot][2026-06-02 15:44:45.475] <-- END HTTP (39-byte body)
[Fastbot][2026-06-02 15:44:46.510] [Proxy Server] Forwarding
[Fastbot][2026-06-02 15:44:46.510] --> POST http://127.0.0.1:9008/jsonrpc/0
[Fastbot][2026-06-02 15:44:46.511] Content-Type: application/json; charset=utf-8
[Fastbot][2026-06-02 15:44:46.511] Content-Length: 211
[Fastbot][2026-06-02 15:44:46.512] 
[Fastbot][2026-06-02 15:44:46.512] {"jsonrpc": "2.0", "id": 1, "method": "waitForExists", "params": [{"mask": 2097152, "childOrSibling": [], "childOrSiblingSelector": [], "resourceId": "de.rampro.activitydiary.debug:id/search_close_btn"}, 20000]}
[Fastbot][2026-06-02 15:44:46.512] --> END POST (211-byte body)
[Fastbot][2026-06-02 15:44:46.612] <-- 200 OK  http://127.0.0.1:9008/jsonrpc/0 (98ms)
[Fastbot][2026-06-02 15:44:46.612] Content-Type: application/json
[Fastbot][2026-06-02 15:44:46.612] Date: Tue, 2 Jun 2026 15:44:46 GMT
[Fastbot][2026-06-02 15:44:46.613] Connection: keep-alive
[Fastbot][2026-06-02 15:44:46.613] Transfer-Encoding: chunked
[Fastbot][2026-06-02 15:44:46.614] 
[Fastbot][2026-06-02 15:44:46.614] {"jsonrpc":"2.0","id":1,"result":true}

[Fastbot][2026-06-02 15:44:46.615] <-- END HTTP (39-byte body)
[Fastbot][2026-06-02 15:44:46.647] [Proxy Server] Forwarding
[Fastbot][2026-06-02 15:44:46.649] --> POST http://127.0.0.1:9008/jsonrpc/0
[Fastbot][2026-06-02 15:44:46.649] Content-Type: application/json; charset=utf-8
[Fastbot][2026-06-02 15:44:46.650] Content-Length: 198
[Fastbot][2026-06-02 15:44:46.650] 
[Fastbot][2026-06-02 15:44:46.650] {"jsonrpc": "2.0", "id": 1, "method": "objInfo", "params": [{"mask": 2097152, "childOrSibling": [], "childOrSiblingSelector": [], "resourceId": "de.rampro.activitydiary.debug:id/search_close_btn"}]}
[Fastbot][2026-06-02 15:44:46.651] --> END POST (198-byte body)
[Fastbot][2026-06-02 15:44:46.685] <-- 200 OK  http://127.0.0.1:9008/jsonrpc/0 (33ms)
[Fastbot][2026-06-02 15:44:46.686] Content-Type: application/json
[Fastbot][2026-06-02 15:44:46.686] Date: Tue, 2 Jun 2026 15:44:46 GMT
[Fastbot][2026-06-02 15:44:46.687] Connection: keep-alive
[Fastbot][2026-06-02 15:44:46.687] Transfer-Encoding: chunked
[Fastbot][2026-06-02 15:44:46.688] 
[Fastbot][2026-06-02 15:44:46.688] {"jsonrpc":"2.0","id":1,"result":{"bounds":{"bottom":275,"left":946,"right":1056,"top":143},"childCount":0,"className":"android.widget.ImageView","contentDescription":"Clear query","packageName":"de.rampro.activitydiary.debug","resourceName":"de.rampro.activitydiary.debug:id/search_close_btn","text"...[truncated]
[Fastbot][2026-06-02 15:44:46.688] <-- END HTTP (530-byte body)
[Fastbot][2026-06-02 15:44:46.738] [Proxy Server] Detected script method: click
[Fastbot][2026-06-02 15:44:46.740] [Proxy Server] Forwarding
[Fastbot][2026-06-02 15:44:46.740] --> POST http://127.0.0.1:9008/jsonrpc/0
[Fastbot][2026-06-02 15:44:46.741] Content-Type: application/json; charset=utf-8
[Fastbot][2026-06-02 15:44:46.741] Content-Length: 73
[Fastbot][2026-06-02 15:44:46.742] 
[Fastbot][2026-06-02 15:44:46.743] {"jsonrpc": "2.0", "id": 1, "method": "click", "params": [1001.0, 209.0]}
[Fastbot][2026-06-02 15:44:46.743] --> END POST (73-byte body)
[Fastbot][2026-06-02 15:44:46.893] <-- 200 OK  http://127.0.0.1:9008/jsonrpc/0 (149ms)
[Fastbot][2026-06-02 15:44:46.893] Content-Type: application/json
[Fastbot][2026-06-02 15:44:46.893] Date: Tue, 2 Jun 2026 15:44:46 GMT
[Fastbot][2026-06-02 15:44:46.893] Connection: keep-alive
[Fastbot][2026-06-02 15:44:46.893] Transfer-Encoding: chunked
[Fastbot][2026-06-02 15:44:46.894] 
[Fastbot][2026-06-02 15:44:46.894] {"jsonrpc":"2.0","id":1,"result":true}

[Fastbot][2026-06-02 15:44:46.894] <-- END HTTP (39-byte body)
[Fastbot][2026-06-02 15:44:48.168] --> POST http://127.0.0.1:9008/jsonrpc/0
[Fastbot][2026-06-02 15:44:48.168] Content-Type: application/json; charset=utf-8
[Fastbot][2026-06-02 15:44:48.168] Content-Length: 75
[Fastbot][2026-06-02 15:44:48.168] 
[Fastbot][2026-06-02 15:44:48.168] {"id":1,"jsonrpc":"2.0","method":"dumpWindowHierarchy","params":[false,50]}
[Fastbot][2026-06-02 15:44:48.169] --> END POST (75-byte body)
[Fastbot][2026-06-02 15:44:48.201] <-- 200 OK  http://127.0.0.1:9008/jsonrpc/0 (31ms)
[Fastbot][2026-06-02 15:44:48.201] Content-Type: application/json
[Fastbot][2026-06-02 15:44:48.202] Date: Tue, 2 Jun 2026 15:44:48 GMT
[Fastbot][2026-06-02 15:44:48.202] Connection: keep-alive
[Fastbot][2026-06-02 15:44:48.203] Transfer-Encoding: chunked
[Fastbot][2026-06-02 15:44:48.204] 
[Fastbot][2026-06-02 15:44:48.205] {"jsonrpc":"2.0","id":1,"result":"<?xml version='1.0' encoding='UTF-8' standalone='yes' ?>\r\n<hierarchy rotation=\"0\">\r\n  <node index=\"0\" text=\"\" resource-id=\"\" class=\"android.widget.FrameLayout\" package=\"com.android.systemui\" content-desc=\"\" checkable=\"false\" checked=\"false\" cli...[truncated]
[Fastbot][2026-06-02 15:44:48.205] <-- END HTTP (46968-byte body)
[Fastbot][2026-06-02 15:44:48.292] [Proxy Server] Forwarding
[Fastbot][2026-06-02 15:44:48.292] --> POST http://127.0.0.1:9008/jsonrpc/0
[Fastbot][2026-06-02 15:44:48.293] Content-Type: application/json; charset=utf-8
[Fastbot][2026-06-02 15:44:48.293] Content-Length: 224
[Fastbot][2026-06-02 15:44:48.293] 
[Fastbot][2026-06-02 15:44:48.293] {"jsonrpc": "2.0", "id": 1, "method": "waitForExists", "params": [{"mask": 18874368, "childOrSibling": [], "childOrSiblingSelector": [], "resourceId": "de.rampro.activitydiary.debug:id/activity_name", "instance": 1}, 20000]}
[Fastbot][2026-06-02 15:44:48.293] --> END POST (224-byte body)
[Fastbot][2026-06-02 15:44:48.302] <-- 200 OK  http://127.0.0.1:9008/jsonrpc/0 (8ms)
[Fastbot][2026-06-02 15:44:48.302] Content-Type: application/json
[Fastbot][2026-06-02 15:44:48.302] Date: Tue, 2 Jun 2026 15:44:48 GMT
[Fastbot][2026-06-02 15:44:48.302] Connection: keep-alive
[Fastbot][2026-06-02 15:44:48.302] Transfer-Encoding: chunked
[Fastbot][2026-06-02 15:44:48.303] 
[Fastbot][2026-06-02 15:44:48.304] {"jsonrpc":"2.0","id":1,"result":true}

[Fastbot][2026-06-02 15:44:48.304] <-- END HTTP (39-byte body)
[Fastbot][2026-06-02 15:44:48.320] [Proxy Server] Forwarding
[Fastbot][2026-06-02 15:44:48.320] --> POST http://127.0.0.1:9008/jsonrpc/0
[Fastbot][2026-06-02 15:44:48.320] Content-Type: application/json; charset=utf-8
[Fastbot][2026-06-02 15:44:48.320] Content-Length: 211
[Fastbot][2026-06-02 15:44:48.320] 
[Fastbot][2026-06-02 15:44:48.320] {"jsonrpc": "2.0", "id": 1, "method": "getText", "params": [{"mask": 18874368, "childOrSibling": [], "childOrSiblingSelector": [], "resourceId": "de.rampro.activitydiary.debug:id/activity_name", "instance": 1}]}
[Fastbot][2026-06-02 15:44:48.320] --> END POST (211-byte body)
[Fastbot][2026-06-02 15:44:48.327] <-- 200 OK  http://127.0.0.1:9008/jsonrpc/0 (6ms)
[Fastbot][2026-06-02 15:44:48.328] Content-Type: application/json
[Fastbot][2026-06-02 15:44:48.328] Date: Tue, 2 Jun 2026 15:44:48 GMT
[Fastbot][2026-06-02 15:44:48.328] Connection: keep-alive
[Fastbot][2026-06-02 15:44:48.328] Transfer-Encoding: chunked
[Fastbot][2026-06-02 15:44:48.377] 
[Fastbot][2026-06-02 15:44:48.378] {"jsonrpc":"2.0","id":1,"result":"Cooking (1.91)"}

[Fastbot][2026-06-02 15:44:48.378] <-- END HTTP (51-byte body)
[Fastbot][2026-06-02 15:44:48.416] [Proxy Server] Forwarding
[Fastbot][2026-06-02 15:44:48.416] --> POST http://127.0.0.1:9008/jsonrpc/0
[Fastbot][2026-06-02 15:44:48.416] Content-Type: application/json; charset=utf-8
[Fastbot][2026-06-02 15:44:48.417] Content-Length: 208
[Fastbot][2026-06-02 15:44:48.417] 
[Fastbot][2026-06-02 15:44:48.417] {"jsonrpc": "2.0", "id": 1, "method": "waitForExists", "params": [{"mask": 2097152, "childOrSibling": [], "childOrSiblingSelector": [], "resourceId": "de.rampro.activitydiary.debug:id/action_filter"}, 20000]}
[Fastbot][2026-06-02 15:44:48.417] --> END POST (208-byte body)
[Fastbot][2026-06-02 15:44:48.431] <-- 200 OK  http://127.0.0.1:9008/jsonrpc/0 (13ms)
[Fastbot][2026-06-02 15:44:48.432] Content-Type: application/json
[Fastbot][2026-06-02 15:44:48.432] Date: Tue, 2 Jun 2026 15:44:48 GMT
[Fastbot][2026-06-02 15:44:48.432] Connection: keep-alive
[Fastbot][2026-06-02 15:44:48.432] Transfer-Encoding: chunked
[Fastbot][2026-06-02 15:44:48.433] 
[Fastbot][2026-06-02 15:44:48.433] {"jsonrpc":"2.0","id":1,"result":true}

[Fastbot][2026-06-02 15:44:48.433] <-- END HTTP (39-byte body)
[Fastbot][2026-06-02 15:44:48.462] [Proxy Server] Forwarding
[Fastbot][2026-06-02 15:44:48.462] --> POST http://127.0.0.1:9008/jsonrpc/0
[Fastbot][2026-06-02 15:44:48.463] Content-Type: application/json; charset=utf-8
[Fastbot][2026-06-02 15:44:48.463] Content-Length: 195
[Fastbot][2026-06-02 15:44:48.463] 
[Fastbot][2026-06-02 15:44:48.463] {"jsonrpc": "2.0", "id": 1, "method": "objInfo", "params": [{"mask": 2097152, "childOrSibling": [], "childOrSiblingSelector": [], "resourceId": "de.rampro.activitydiary.debug:id/action_filter"}]}
[Fastbot][2026-06-02 15:44:48.463] --> END POST (195-byte body)
[Fastbot][2026-06-02 15:44:49.292] <-- 200 OK  http://127.0.0.1:9008/jsonrpc/0 (827ms)
[Fastbot][2026-06-02 15:44:49.292] Content-Type: application/json
[Fastbot][2026-06-02 15:44:49.292] Date: Tue, 2 Jun 2026 15:44:49 GMT
[Fastbot][2026-06-02 15:44:49.292] Connection: keep-alive
[Fastbot][2026-06-02 15:44:49.292] Transfer-Encoding: chunked
[Fastbot][2026-06-02 15:44:49.293] 
[Fastbot][2026-06-02 15:44:49.293] {"jsonrpc":"2.0","id":1,"result":{"bounds":{"bottom":275,"left":795,"right":927,"top":143},"childCount":1,"className":"android.support.v7.widget.LinearLayoutCompat","contentDescription":null,"packageName":"de.rampro.activitydiary.debug","resourceName":"de.rampro.activitydiary.debug:id/action_filter"...[truncated]
[Fastbot][2026-06-02 15:44:49.293] <-- END HTTP (537-byte body)
[Fastbot][2026-06-02 15:44:49.338] [Proxy Server] Detected script method: click
[Fastbot][2026-06-02 15:44:49.338] [Proxy Server] Forwarding
[Fastbot][2026-06-02 15:44:49.339] --> POST http://127.0.0.1:9008/jsonrpc/0
[Fastbot][2026-06-02 15:44:49.339] Content-Type: application/json; charset=utf-8
[Fastbot][2026-06-02 15:44:49.339] Content-Length: 72
[Fastbot][2026-06-02 15:44:49.339] 
[Fastbot][2026-06-02 15:44:49.339] {"jsonrpc": "2.0", "id": 1, "method": "click", "params": [861.0, 209.0]}
[Fastbot][2026-06-02 15:44:49.339] --> END POST (72-byte body)
[Fastbot][2026-06-02 15:44:49.472] <-- 200 OK  http://127.0.0.1:9008/jsonrpc/0 (132ms)
[Fastbot][2026-06-02 15:44:49.472] Content-Type: application/json
[Fastbot][2026-06-02 15:44:49.472] Date: Tue, 2 Jun 2026 15:44:49 GMT
[Fastbot][2026-06-02 15:44:49.473] Connection: keep-alive
[Fastbot][2026-06-02 15:44:49.473] Transfer-Encoding: chunked
[Fastbot][2026-06-02 15:44:49.473] 
[Fastbot][2026-06-02 15:44:49.473] {"jsonrpc":"2.0","id":1,"result":true}

[Fastbot][2026-06-02 15:44:49.473] <-- END HTTP (39-byte body)
[Fastbot][2026-06-02 15:44:50.511] [Proxy Server] Forwarding
[Fastbot][2026-06-02 15:44:50.511] --> POST http://127.0.0.1:9008/jsonrpc/0
[Fastbot][2026-06-02 15:44:50.511] Content-Type: application/json; charset=utf-8
[Fastbot][2026-06-02 15:44:50.512] Content-Length: 210
[Fastbot][2026-06-02 15:44:50.512] 
[Fastbot][2026-06-02 15:44:50.512] {"jsonrpc": "2.0", "id": 1, "method": "waitForExists", "params": [{"mask": 2097152, "childOrSibling": [], "childOrSiblingSelector": [], "resourceId": "de.rampro.activitydiary.debug:id/search_src_text"}, 20000]}
[Fastbot][2026-06-02 15:44:50.512] --> END POST (210-byte body)
[Fastbot][2026-06-02 15:44:50.575] <-- 200 OK  http://127.0.0.1:9008/jsonrpc/0 (62ms)
[Fastbot][2026-06-02 15:44:50.575] Content-Type: application/json
[Fastbot][2026-06-02 15:44:50.576] Date: Tue, 2 Jun 2026 15:44:50 GMT
[Fastbot][2026-06-02 15:44:50.576] Connection: keep-alive
[Fastbot][2026-06-02 15:44:50.576] Transfer-Encoding: chunked
[Fastbot][2026-06-02 15:44:50.576] 
[Fastbot][2026-06-02 15:44:50.576] {"jsonrpc":"2.0","id":1,"result":true}

[Fastbot][2026-06-02 15:44:50.576] <-- END HTTP (39-byte body)
[Fastbot][2026-06-02 15:44:50.627] [Proxy Server] Detected script method: setText
[Fastbot][2026-06-02 15:44:50.628] [Proxy Server] Forwarding
[Fastbot][2026-06-02 15:44:50.628] --> POST http://127.0.0.1:9008/jsonrpc/0
[Fastbot][2026-06-02 15:44:50.628] Content-Type: application/json; charset=utf-8
[Fastbot][2026-06-02 15:44:50.629] Content-Length: 215
[Fastbot][2026-06-02 15:44:50.629] 
[Fastbot][2026-06-02 15:44:50.629] {"jsonrpc": "2.0", "id": 1, "method": "setText", "params": [{"mask": 2097152, "childOrSibling": [], "childOrSiblingSelector": [], "resourceId": "de.rampro.activitydiary.debug:id/search_src_text"}, "Cooking (1.91)"]}
[Fastbot][2026-06-02 15:44:50.629] --> END POST (215-byte body)
[Fastbot][2026-06-02 15:44:50.768] <-- 200 OK  http://127.0.0.1:9008/jsonrpc/0 (138ms)
[Fastbot][2026-06-02 15:44:50.768] Content-Type: application/json
[Fastbot][2026-06-02 15:44:50.768] Date: Tue, 2 Jun 2026 15:44:50 GMT
[Fastbot][2026-06-02 15:44:50.768] Connection: keep-alive
[Fastbot][2026-06-02 15:44:50.768] Transfer-Encoding: chunked
[Fastbot][2026-06-02 15:44:50.769] 
[Fastbot][2026-06-02 15:44:50.769] {"jsonrpc":"2.0","id":1,"result":true}

[Fastbot][2026-06-02 15:44:50.769] <-- END HTTP (39-byte body)
[Fastbot][2026-06-02 15:44:51.798] [Proxy Server] Forwarding
[Fastbot][2026-06-02 15:44:51.798] --> POST http://127.0.0.1:9008/jsonrpc/0
[Fastbot][2026-06-02 15:44:51.798] Content-Type: application/json; charset=utf-8
[Fastbot][2026-06-02 15:44:51.798] Content-Length: 224
[Fastbot][2026-06-02 15:44:51.798] 
[Fastbot][2026-06-02 15:44:51.799] {"jsonrpc": "2.0", "id": 1, "method": "waitForExists", "params": [{"mask": 18874368, "childOrSibling": [], "childOrSiblingSelector": [], "resourceId": "de.rampro.activitydiary.debug:id/activity_name", "instance": 0}, 20000]}
[Fastbot][2026-06-02 15:44:51.799] --> END POST (224-byte body)
[Fastbot][2026-06-02 15:44:51.806] <-- 200 OK  http://127.0.0.1:9008/jsonrpc/0 (7ms)
[Fastbot][2026-06-02 15:44:51.807] Content-Type: application/json
[Fastbot][2026-06-02 15:44:51.807] Date: Tue, 2 Jun 2026 15:44:51 GMT
[Fastbot][2026-06-02 15:44:51.807] Connection: keep-alive
[Fastbot][2026-06-02 15:44:51.807] Transfer-Encoding: chunked
[Fastbot][2026-06-02 15:44:51.807] 
[Fastbot][2026-06-02 15:44:51.807] {"jsonrpc":"2.0","id":1,"result":true}

[Fastbot][2026-06-02 15:44:51.807] <-- END HTTP (39-byte body)
[Fastbot][2026-06-02 15:44:51.844] [Proxy Server] Forwarding
[Fastbot][2026-06-02 15:44:51.845] --> POST http://127.0.0.1:9008/jsonrpc/0
[Fastbot][2026-06-02 15:44:51.845] Content-Type: application/json; charset=utf-8
[Fastbot][2026-06-02 15:44:51.845] Content-Length: 211
[Fastbot][2026-06-02 15:44:51.845] 
[Fastbot][2026-06-02 15:44:51.845] {"jsonrpc": "2.0", "id": 1, "method": "getText", "params": [{"mask": 18874368, "childOrSibling": [], "childOrSiblingSelector": [], "resourceId": "de.rampro.activitydiary.debug:id/activity_name", "instance": 0}]}
[Fastbot][2026-06-02 15:44:51.845] --> END POST (211-byte body)
[Fastbot][2026-06-02 15:44:51.865] <-- 200 OK  http://127.0.0.1:9008/jsonrpc/0 (19ms)
[Fastbot][2026-06-02 15:44:51.865] Content-Type: application/json
[Fastbot][2026-06-02 15:44:51.865] Date: Tue, 2 Jun 2026 15:44:51 GMT
[Fastbot][2026-06-02 15:44:51.865] Connection: keep-alive
[Fastbot][2026-06-02 15:44:51.865] Transfer-Encoding: chunked
[Fastbot][2026-06-02 15:44:51.866] 
[Fastbot][2026-06-02 15:44:51.866] {"jsonrpc":"2.0","id":1,"result":"Cinema (11.24)"}

[Fastbot][2026-06-02 15:44:51.866] <-- END HTTP (51-byte body)
[Fastbot][2026-06-02 15:44:51.908] [Proxy Server] Forwarding
[Fastbot][2026-06-02 15:44:51.908] --> POST http://127.0.0.1:9008/jsonrpc/0
[Fastbot][2026-06-02 15:44:51.908] Content-Type: application/json; charset=utf-8
[Fastbot][2026-06-02 15:44:51.908] Content-Length: 211
[Fastbot][2026-06-02 15:44:51.908] 
[Fastbot][2026-06-02 15:44:51.908] {"jsonrpc": "2.0", "id": 1, "method": "waitForExists", "params": [{"mask": 2097152, "childOrSibling": [], "childOrSiblingSelector": [], "resourceId": "de.rampro.activitydiary.debug:id/search_close_btn"}, 20000]}
[Fastbot][2026-06-02 15:44:51.909] --> END POST (211-byte body)
[Fastbot][2026-06-02 15:44:51.953] <-- 200 OK  http://127.0.0.1:9008/jsonrpc/0 (44ms)
[Fastbot][2026-06-02 15:44:51.953] Content-Type: application/json
[Fastbot][2026-06-02 15:44:51.953] Date: Tue, 2 Jun 2026 15:44:51 GMT
[Fastbot][2026-06-02 15:44:51.953] Connection: keep-alive
[Fastbot][2026-06-02 15:44:51.953] Transfer-Encoding: chunked
[Fastbot][2026-06-02 15:44:51.954] 
[Fastbot][2026-06-02 15:44:51.954] {"jsonrpc":"2.0","id":1,"result":true}

[Fastbot][2026-06-02 15:44:51.954] <-- END HTTP (39-byte body)
[Fastbot][2026-06-02 15:44:51.986] [Proxy Server] Forwarding
[Fastbot][2026-06-02 15:44:51.987] --> POST http://127.0.0.1:9008/jsonrpc/0
[Fastbot][2026-06-02 15:44:51.987] Content-Type: application/json; charset=utf-8
[Fastbot][2026-06-02 15:44:51.987] Content-Length: 198
[Fastbot][2026-06-02 15:44:51.987] 
[Fastbot][2026-06-02 15:44:51.987] {"jsonrpc": "2.0", "id": 1, "method": "objInfo", "params": [{"mask": 2097152, "childOrSibling": [], "childOrSiblingSelector": [], "resourceId": "de.rampro.activitydiary.debug:id/search_close_btn"}]}
[Fastbot][2026-06-02 15:44:51.987] --> END POST (198-byte body)
[Fastbot][2026-06-02 15:44:52.019] <-- 200 OK  http://127.0.0.1:9008/jsonrpc/0 (31ms)
[Fastbot][2026-06-02 15:44:52.019] Content-Type: application/json
[Fastbot][2026-06-02 15:44:52.020] Date: Tue, 2 Jun 2026 15:44:52 GMT
[Fastbot][2026-06-02 15:44:52.020] Connection: keep-alive
[Fastbot][2026-06-02 15:44:52.020] Transfer-Encoding: chunked
[Fastbot][2026-06-02 15:44:52.021] 
[Fastbot][2026-06-02 15:44:52.021] {"jsonrpc":"2.0","id":1,"result":{"bounds":{"bottom":275,"left":946,"right":1056,"top":143},"childCount":0,"className":"android.widget.ImageView","contentDescription":"Clear query","packageName":"de.rampro.activitydiary.debug","resourceName":"de.rampro.activitydiary.debug:id/search_close_btn","text"...[truncated]
[Fastbot][2026-06-02 15:44:52.021] <-- END HTTP (530-byte body)
[Fastbot][2026-06-02 15:44:52.048] [Proxy Server] Detected script method: click
[Fastbot][2026-06-02 15:44:52.049] [Proxy Server] Forwarding
[Fastbot][2026-06-02 15:44:52.049] --> POST http://127.0.0.1:9008/jsonrpc/0
[Fastbot][2026-06-02 15:44:52.050] Content-Type: application/json; charset=utf-8
[Fastbot][2026-06-02 15:44:52.050] Content-Length: 73
[Fastbot][2026-06-02 15:44:52.050] 
[Fastbot][2026-06-02 15:44:52.050] {"jsonrpc": "2.0", "id": 1, "method": "click", "params": [1001.0, 209.0]}
[Fastbot][2026-06-02 15:44:52.051] --> END POST (73-byte body)
[Fastbot][2026-06-02 15:44:52.215] <-- 200 OK  http://127.0.0.1:9008/jsonrpc/0 (163ms)
[Fastbot][2026-06-02 15:44:52.216] Content-Type: application/json
[Fastbot][2026-06-02 15:44:52.217] Date: Tue, 2 Jun 2026 15:44:52 GMT
[Fastbot][2026-06-02 15:44:52.217] Connection: keep-alive
[Fastbot][2026-06-02 15:44:52.217] Transfer-Encoding: chunked
[Fastbot][2026-06-02 15:44:52.271] 
[Fastbot][2026-06-02 15:44:52.277] {"jsonrpc":"2.0","id":1,"result":true}

[Fastbot][2026-06-02 15:44:52.278] <-- END HTTP (39-byte body)
[Fastbot][2026-06-02 15:44:53.318] [Proxy Server] Forwarding
[Fastbot][2026-06-02 15:44:53.318] --> POST http://127.0.0.1:9008/jsonrpc/0
[Fastbot][2026-06-02 15:44:53.318] Content-Type: application/json; charset=utf-8
[Fastbot][2026-06-02 15:44:53.318] Content-Length: 211
[Fastbot][2026-06-02 15:44:53.319] 
[Fastbot][2026-06-02 15:44:53.319] {"jsonrpc": "2.0", "id": 1, "method": "waitForExists", "params": [{"mask": 2097152, "childOrSibling": [], "childOrSiblingSelector": [], "resourceId": "de.rampro.activitydiary.debug:id/search_close_btn"}, 20000]}
[Fastbot][2026-06-02 15:44:53.319] --> END POST (211-byte body)
[Fastbot][2026-06-02 15:44:53.408] <-- 200 OK  http://127.0.0.1:9008/jsonrpc/0 (88ms)
[Fastbot][2026-06-02 15:44:53.408] Content-Type: application/json
[Fastbot][2026-06-02 15:44:53.408] Date: Tue, 2 Jun 2026 15:44:53 GMT
[Fastbot][2026-06-02 15:44:53.409] Connection: keep-alive
[Fastbot][2026-06-02 15:44:53.409] Transfer-Encoding: chunked
[Fastbot][2026-06-02 15:44:53.409] 
[Fastbot][2026-06-02 15:44:53.409] {"jsonrpc":"2.0","id":1,"result":true}

[Fastbot][2026-06-02 15:44:53.410] <-- END HTTP (39-byte body)
[Fastbot][2026-06-02 15:44:53.426] [Proxy Server] Forwarding
[Fastbot][2026-06-02 15:44:53.427] --> POST http://127.0.0.1:9008/jsonrpc/0
[Fastbot][2026-06-02 15:44:53.427] Content-Type: application/json; charset=utf-8
[Fastbot][2026-06-02 15:44:53.428] Content-Length: 198
[Fastbot][2026-06-02 15:44:53.428] 
[Fastbot][2026-06-02 15:44:53.428] {"jsonrpc": "2.0", "id": 1, "method": "objInfo", "params": [{"mask": 2097152, "childOrSibling": [], "childOrSiblingSelector": [], "resourceId": "de.rampro.activitydiary.debug:id/search_close_btn"}]}
[Fastbot][2026-06-02 15:44:53.429] --> END POST (198-byte body)
[Fastbot][2026-06-02 15:44:53.471] <-- 200 OK  http://127.0.0.1:9008/jsonrpc/0 (42ms)
[Fastbot][2026-06-02 15:44:53.472] Content-Type: application/json
[Fastbot][2026-06-02 15:44:53.472] Date: Tue, 2 Jun 2026 15:44:53 GMT
[Fastbot][2026-06-02 15:44:53.472] Connection: keep-alive
[Fastbot][2026-06-02 15:44:53.472] Transfer-Encoding: chunked
[Fastbot][2026-06-02 15:44:53.516] 
[Fastbot][2026-06-02 15:44:53.517] {"jsonrpc":"2.0","id":1,"result":{"bounds":{"bottom":275,"left":946,"right":1056,"top":143},"childCount":0,"className":"android.widget.ImageView","contentDescription":"Clear query","packageName":"de.rampro.activitydiary.debug","resourceName":"de.rampro.activitydiary.debug:id/search_close_btn","text"...[truncated]
[Fastbot][2026-06-02 15:44:53.517] <-- END HTTP (530-byte body)
[Fastbot][2026-06-02 15:44:53.552] [Proxy Server] Detected script method: click
[Fastbot][2026-06-02 15:44:53.552] [Proxy Server] Forwarding
[Fastbot][2026-06-02 15:44:53.553] --> POST http://127.0.0.1:9008/jsonrpc/0
[Fastbot][2026-06-02 15:44:53.553] Content-Type: application/json; charset=utf-8
[Fastbot][2026-06-02 15:44:53.553] Content-Length: 73
[Fastbot][2026-06-02 15:44:53.553] 
[Fastbot][2026-06-02 15:44:53.553] {"jsonrpc": "2.0", "id": 1, "method": "click", "params": [1001.0, 209.0]}
[Fastbot][2026-06-02 15:44:53.554] --> END POST (73-byte body)
[Fastbot][2026-06-02 15:44:53.703] <-- 200 OK  http://127.0.0.1:9008/jsonrpc/0 (148ms)
[Fastbot][2026-06-02 15:44:53.703] Content-Type: application/json
[Fastbot][2026-06-02 15:44:53.703] Date: Tue, 2 Jun 2026 15:44:53 GMT
[Fastbot][2026-06-02 15:44:53.703] Connection: keep-alive
[Fastbot][2026-06-02 15:44:53.703] Transfer-Encoding: chunked
[Fastbot][2026-06-02 15:44:53.703] 
[Fastbot][2026-06-02 15:44:53.703] {"jsonrpc":"2.0","id":1,"result":true}

[Fastbot][2026-06-02 15:44:53.703] <-- END HTTP (39-byte body)
[Fastbot][2026-06-02 15:44:54.986] --> POST http://127.0.0.1:9008/jsonrpc/0
[Fastbot][2026-06-02 15:44:54.987] Content-Type: application/json; charset=utf-8
[Fastbot][2026-06-02 15:44:54.987] Content-Length: 75
[Fastbot][2026-06-02 15:44:54.987] 
[Fastbot][2026-06-02 15:44:54.987] {"id":1,"jsonrpc":"2.0","method":"dumpWindowHierarchy","params":[false,50]}
[Fastbot][2026-06-02 15:44:54.987] --> END POST (75-byte body)
[Fastbot][2026-06-02 15:44:55.057] <-- 200 OK  http://127.0.0.1:9008/jsonrpc/0 (69ms)
[Fastbot][2026-06-02 15:44:55.057] Content-Type: application/json
[Fastbot][2026-06-02 15:44:55.057] Date: Tue, 2 Jun 2026 15:44:55 GMT
[Fastbot][2026-06-02 15:44:55.057] Connection: keep-alive
[Fastbot][2026-06-02 15:44:55.057] Transfer-Encoding: chunked
[Fastbot][2026-06-02 15:44:55.059] 
[Fastbot][2026-06-02 15:44:55.060] {"jsonrpc":"2.0","id":1,"result":"<?xml version='1.0' encoding='UTF-8' standalone='yes' ?>\r\n<hierarchy rotation=\"0\">\r\n  <node index=\"0\" text=\"\" resource-id=\"\" class=\"android.widget.FrameLayout\" package=\"com.android.systemui\" content-desc=\"\" checkable=\"false\" checked=\"false\" cli...[truncated]
[Fastbot][2026-06-02 15:44:55.060] <-- END HTTP (46968-byte body)
[Fastbot][2026-06-02 15:44:55.081] [ProxyServer] stepsCount: 49
[Fastbot][2026-06-02 15:44:55.081] [ProxyServer] receive request: stepMonkey
[Fastbot][2026-06-02 15:44:55.082] [MonkeySourceApeU2] stepsCount: 49
[Fastbot][2026-06-02 15:44:55.082] [MonkeySourceApeU2] Latest event is MonkeyEvent. Use the cached hierarchy.
[Fastbot][2026-06-02 15:44:55.082] [MonkeySourceApeU2] Successfully Got hierarchy
[Fastbot][2026-06-02 15:44:55.085] // Event id: 564
[Fastbot][2026-06-02 15:44:55.085] topActivity Name: ComponentInfo{de.rampro.activitydiary.debug/de.rampro.activitydiary.ui.main.MainActivity}
[Fastbot][2026-06-02 15:44:55.085] // Dumped stringOfGuiTree
[Fastbot][2026-06-02 15:44:55.085] topActivityName: de.rampro.activitydiary.ui.main.MainActivity
[Fastbot][2026-06-02 15:44:55.088] action type: CLICK
[Fastbot][2026-06-02 15:44:55.089] rpc cost time: 4
[Fastbot][2026-06-02 15:44:55.146]   mshowrequested=false mshowexplicitlyrequested=false mshowforced=false minputshown=false
[Fastbot][2026-06-02 15:44:55.147] mInputShown not found, getInputMethodWindowVisibleHeight is used.
[Fastbot][2026-06-02 15:44:55.149] :Sending rotation degree=0, persist=false
[Fastbot][2026-06-02 15:44:55.154] :Sending Touch (ACTION_DOWN): 0:(141.0,529.0)
[Fastbot][2026-06-02 15:44:55.157] :Sending Touch (ACTION_UP): 0:(141.0,529.0)
[Fastbot][2026-06-02 15:44:55.161] // the top activity is de.rampro.activitydiary.ui.history.HistoryDetailActivity, phone capture activity is com.android.camera.CaptureActivity
[Fastbot][2026-06-02 15:44:55.161]     // Allowing start of Intent { cmp=de.rampro.activitydiary.debug/de.rampro.activitydiary.ui.history.HistoryDetailActivity } in package de.rampro.activitydiary.debug
[Fastbot][2026-06-02 15:44:55.200] Sleeping for 288 milliseconds
[Fastbot][2026-06-02 15:44:55.502] // [Monkey] current activity is de.rampro.activitydiary.ui.history.HistoryDetailActivity
[Fastbot][2026-06-02 15:44:55.502] [ProxyServer] Finish monkey step. Dumping hierarchy
[Fastbot][2026-06-02 15:44:55.502] --> POST http://127.0.0.1:9008/jsonrpc/0
[Fastbot][2026-06-02 15:44:55.502] Content-Type: application/json; charset=utf-8
[Fastbot][2026-06-02 15:44:55.503] Content-Length: 75
[Fastbot][2026-06-02 15:44:55.503] 
[Fastbot][2026-06-02 15:44:55.503] {"id":1,"jsonrpc":"2.0","method":"dumpWindowHierarchy","params":[false,50]}
[Fastbot][2026-06-02 15:44:55.503] --> END POST (75-byte body)
[Fastbot][2026-06-02 15:44:55.706] <-- 200 OK  http://127.0.0.1:9008/jsonrpc/0 (202ms)
[Fastbot][2026-06-02 15:44:55.706] Content-Type: application/json
[Fastbot][2026-06-02 15:44:55.706] Date: Tue, 2 Jun 2026 15:44:55 GMT
[Fastbot][2026-06-02 15:44:55.706] Connection: keep-alive
[Fastbot][2026-06-02 15:44:55.706] Transfer-Encoding: chunked
[Fastbot][2026-06-02 15:44:55.707] 
[Fastbot][2026-06-02 15:44:55.707] {"jsonrpc":"2.0","id":1,"result":"<?xml version='1.0' encoding='UTF-8' standalone='yes' ?>\r\n<hierarchy rotation=\"0\">\r\n  <node index=\"0\" text=\"\" resource-id=\"\" class=\"android.widget.FrameLayout\" package=\"com.android.systemui\" content-desc=\"\" checkable=\"false\" checked=\"false\" cli...[truncated]
[Fastbot][2026-06-02 15:44:55.707] <-- END HTTP (35339-byte body)
[Fastbot][2026-06-02 15:44:55.729] [ProxyServer] stepsCount: 50
[Fastbot][2026-06-02 15:44:55.729] [ProxyServer] receive request: stepMonkey
[Fastbot][2026-06-02 15:44:55.729] [MonkeySourceApeU2] stepsCount: 50
[Fastbot][2026-06-02 15:44:55.729] [MonkeySourceApeU2] Latest event is MonkeyEvent. Use the cached hierarchy.
[Fastbot][2026-06-02 15:44:55.729] [MonkeySourceApeU2] Successfully Got hierarchy
[Fastbot][2026-06-02 15:44:55.732] // Event id: 568
[Fastbot][2026-06-02 15:44:55.732] topActivity Name: ComponentInfo{de.rampro.activitydiary.debug/de.rampro.activitydiary.ui.history.HistoryDetailActivity}
[Fastbot][2026-06-02 15:44:55.732] // Dumped stringOfGuiTree
[Fastbot][2026-06-02 15:44:55.732] topActivityName: de.rampro.activitydiary.ui.history.HistoryDetailActivity
[Fastbot][2026-06-02 15:44:55.734] action type: CLICK
[Fastbot][2026-06-02 15:44:55.734] rpc cost time: 2
[Fastbot][2026-06-02 15:44:55.857]   mshowrequested=false mshowexplicitlyrequested=false mshowforced=false minputshown=false
[Fastbot][2026-06-02 15:44:55.858] mInputShown not found, getInputMethodWindowVisibleHeight is used.
[Fastbot][2026-06-02 15:44:55.861] :Sending rotation degree=0, persist=false
[Fastbot][2026-06-02 15:44:55.871] :Sending Touch (ACTION_DOWN): 0:(247.0,910.0)
[Fastbot][2026-06-02 15:44:55.874] :Sending Touch (ACTION_UP): 0:(247.0,910.0)
[Fastbot][2026-06-02 15:44:55.877] Sleeping for 288 milliseconds
[Fastbot][2026-06-02 15:44:56.168] [MonkeySourceApeU2] Profiling coverage...
[Fastbot][2026-06-02 15:44:56.168] [ProxyServer] Finish monkey step. Dumping hierarchy
[Fastbot][2026-06-02 15:44:56.169] --> POST http://127.0.0.1:9008/jsonrpc/0
[Fastbot][2026-06-02 15:44:56.169] Content-Type: application/json; charset=utf-8
[Fastbot][2026-06-02 15:44:56.169] Content-Length: 75
[Fastbot][2026-06-02 15:44:56.169] 
[Fastbot][2026-06-02 15:44:56.170] {"id":1,"jsonrpc":"2.0","method":"dumpWindowHierarchy","params":[false,50]}
[Fastbot][2026-06-02 15:44:56.170] --> END POST (75-byte body)
[Fastbot][2026-06-02 15:44:56.702] <-- 200 OK  http://127.0.0.1:9008/jsonrpc/0 (532ms)
[Fastbot][2026-06-02 15:44:56.702] Content-Type: application/json
[Fastbot][2026-06-02 15:44:56.702] Date: Tue, 2 Jun 2026 15:44:56 GMT
[Fastbot][2026-06-02 15:44:56.703] Connection: keep-alive
[Fastbot][2026-06-02 15:44:56.703] Transfer-Encoding: chunked
[Fastbot][2026-06-02 15:44:56.708] 
[Fastbot][2026-06-02 15:44:56.708] {"jsonrpc":"2.0","id":1,"result":"<?xml version='1.0' encoding='UTF-8' standalone='yes' ?>\r\n<hierarchy rotation=\"0\">\r\n  <node index=\"0\" text=\"\" resource-id=\"\" class=\"android.widget.FrameLayout\" package=\"com.android.systemui\" content-desc=\"\" checkable=\"false\" checked=\"false\" cli...[truncated]
[Fastbot][2026-06-02 15:44:56.708] <-- END HTTP (35340-byte body)
[Fastbot][2026-06-02 15:44:56.762] [ProxyServer] stepsCount: 51
[Fastbot][2026-06-02 15:44:56.763] [ProxyServer] receive request: stepMonkey
[Fastbot][2026-06-02 15:44:56.763] [MonkeySourceApeU2] stepsCount: 51
[Fastbot][2026-06-02 15:44:56.763] [MonkeySourceApeU2] Latest event is MonkeyEvent. Use the cached hierarchy.
[Fastbot][2026-06-02 15:44:56.764] [MonkeySourceApeU2] Successfully Got hierarchy
[Fastbot][2026-06-02 15:44:56.766] // Event id: 572
[Fastbot][2026-06-02 15:44:56.766] topActivity Name: ComponentInfo{de.rampro.activitydiary.debug/de.rampro.activitydiary.ui.history.HistoryDetailActivity}
[Fastbot][2026-06-02 15:44:56.766] // Dumped stringOfGuiTree
[Fastbot][2026-06-02 15:44:56.766] topActivityName: de.rampro.activitydiary.ui.history.HistoryDetailActivity
[Fastbot][2026-06-02 15:44:56.769] action type: SCROLL_BOTTOM_UP
[Fastbot][2026-06-02 15:44:56.769] rpc cost time: 3
[Fastbot][2026-06-02 15:44:56.772] :Sending rotation degree=0, persist=false
[Fastbot][2026-06-02 15:44:56.782] :Sending Touch (ACTION_DOWN): 0:(540.0,1008.0)
[Fastbot][2026-06-02 15:44:56.784] :Sending Touch (ACTION_MOVE): 0:(540.0,1008.0)
[Fastbot][2026-06-02 15:44:56.786] Wait Event for 20 milliseconds
[Fastbot][2026-06-02 15:44:56.822] :Sending Touch (ACTION_MOVE): 0:(540.0,913.8)
[Fastbot][2026-06-02 15:44:56.823] Wait Event for 20 milliseconds
[Fastbot][2026-06-02 15:44:56.858] :Sending Touch (ACTION_MOVE): 0:(540.0,819.6)
[Fastbot][2026-06-02 15:44:56.862] Wait Event for 20 milliseconds
[Fastbot][2026-06-02 15:44:56.885] :Sending Touch (ACTION_MOVE): 0:(540.0,725.4)
[Fastbot][2026-06-02 15:44:56.904] Wait Event for 20 milliseconds
[Fastbot][2026-06-02 15:44:56.930] :Sending Touch (ACTION_MOVE): 0:(540.0,631.19995)
[Fastbot][2026-06-02 15:44:56.932] Wait Event for 20 milliseconds
[Fastbot][2026-06-02 15:44:56.956] :Sending Touch (ACTION_MOVE): 0:(540.0,537.0)
[Fastbot][2026-06-02 15:44:56.958] Wait Event for 20 milliseconds
[Fastbot][2026-06-02 15:44:56.981] :Sending Touch (ACTION_MOVE): 0:(540.0,442.8)
[Fastbot][2026-06-02 15:44:56.983] Wait Event for 20 milliseconds
[Fastbot][2026-06-02 15:44:57.005] :Sending Touch (ACTION_MOVE): 0:(540.0,348.60004)
[Fastbot][2026-06-02 15:44:57.009] Wait Event for 20 milliseconds
[Fastbot][2026-06-02 15:44:57.031] :Sending Touch (ACTION_MOVE): 0:(540.0,254.39996)
[Fastbot][2026-06-02 15:44:57.033] Wait Event for 20 milliseconds
[Fastbot][2026-06-02 15:44:57.055] :Sending Touch (ACTION_MOVE): 0:(540.0,160.20001)
[Fastbot][2026-06-02 15:44:57.056] Wait Event for 20 milliseconds
[Fastbot][2026-06-02 15:44:57.078] :Sending Touch (ACTION_UP): 0:(540.0,82.0)
[Fastbot][2026-06-02 15:44:57.082] Sleeping for 289 milliseconds
[Fastbot][2026-06-02 15:44:57.378] [ProxyServer] Finish monkey step. Dumping hierarchy
[Fastbot][2026-06-02 15:44:57.379] --> POST http://127.0.0.1:9008/jsonrpc/0
[Fastbot][2026-06-02 15:44:57.379] Content-Type: application/json; charset=utf-8
[Fastbot][2026-06-02 15:44:57.379] Content-Length: 75
[Fastbot][2026-06-02 15:44:57.379] 
[Fastbot][2026-06-02 15:44:57.379] {"id":1,"jsonrpc":"2.0","method":"dumpWindowHierarchy","params":[false,50]}
[Fastbot][2026-06-02 15:44:57.379] --> END POST (75-byte body)
[Fastbot][2026-06-02 15:44:57.738] <-- 200 OK  http://127.0.0.1:9008/jsonrpc/0 (358ms)
[Fastbot][2026-06-02 15:44:57.738] Content-Type: application/json
[Fastbot][2026-06-02 15:44:57.738] Date: Tue, 2 Jun 2026 15:44:57 GMT
[Fastbot][2026-06-02 15:44:57.738] Connection: keep-alive
[Fastbot][2026-06-02 15:44:57.738] Transfer-Encoding: chunked
[Fastbot][2026-06-02 15:44:57.739] 
[Fastbot][2026-06-02 15:44:57.739] {"jsonrpc":"2.0","id":1,"result":"<?xml version='1.0' encoding='UTF-8' standalone='yes' ?>\r\n<hierarchy rotation=\"0\">\r\n  <node index=\"0\" text=\"\" resource-id=\"\" class=\"android.widget.FrameLayout\" package=\"com.android.systemui\" content-desc=\"\" checkable=\"false\" checked=\"false\" cli...[truncated]
[Fastbot][2026-06-02 15:44:57.740] <-- END HTTP (37134-byte body)
[Fastbot][2026-06-02 15:44:57.805] [ProxyServer] stepsCount: 52
[Fastbot][2026-06-02 15:44:57.807] [ProxyServer] receive request: stepMonkey
[Fastbot][2026-06-02 15:44:57.808] [MonkeySourceApeU2] stepsCount: 52
[Fastbot][2026-06-02 15:44:57.808] [MonkeySourceApeU2] Latest event is MonkeyEvent. Use the cached hierarchy.
[Fastbot][2026-06-02 15:44:57.808] [MonkeySourceApeU2] Successfully Got hierarchy
[Fastbot][2026-06-02 15:44:57.809] // Event id: 596
[Fastbot][2026-06-02 15:44:57.809] topActivity Name: ComponentInfo{de.rampro.activitydiary.debug/de.rampro.activitydiary.ui.history.HistoryDetailActivity}
[Fastbot][2026-06-02 15:44:57.809] // Dumped stringOfGuiTree
[Fastbot][2026-06-02 15:44:57.809] topActivityName: de.rampro.activitydiary.ui.history.HistoryDetailActivity
[Fastbot][2026-06-02 15:44:57.810] action type: SCROLL_RIGHT_LEFT
[Fastbot][2026-06-02 15:44:57.810] rpc cost time: 1
[Fastbot][2026-06-02 15:44:57.811] :Sending rotation degree=0, persist=false
[Fastbot][2026-06-02 15:44:57.817] :Sending Touch (ACTION_DOWN): 0:(243.0,1238.0)
[Fastbot][2026-06-02 15:44:57.819] :Sending Touch (ACTION_MOVE): 0:(243.0,1238.0)
[Fastbot][2026-06-02 15:44:57.820] Wait Event for 20 milliseconds
[Fastbot][2026-06-02 15:44:57.843] :Sending Touch (ACTION_MOVE): 0:(218.7,1238.0)
[Fastbot][2026-06-02 15:44:57.844] Wait Event for 20 milliseconds
[Fastbot][2026-06-02 15:44:57.867] :Sending Touch (ACTION_MOVE): 0:(194.4,1238.0)
[Fastbot][2026-06-02 15:44:57.871] Wait Event for 20 milliseconds
[Fastbot][2026-06-02 15:44:57.922] :Sending Touch (ACTION_MOVE): 0:(170.1,1238.0)
[Fastbot][2026-06-02 15:44:57.923] Wait Event for 20 milliseconds
[Fastbot][2026-06-02 15:44:57.945] :Sending Touch (ACTION_MOVE): 0:(145.79999,1238.0)
[Fastbot][2026-06-02 15:44:57.947] Wait Event for 20 milliseconds
[Fastbot][2026-06-02 15:44:57.968] :Sending Touch (ACTION_MOVE): 0:(121.5,1238.0)
[Fastbot][2026-06-02 15:44:57.971] Wait Event for 20 milliseconds
[Fastbot][2026-06-02 15:44:57.993] :Sending Touch (ACTION_MOVE): 0:(97.2,1238.0)
[Fastbot][2026-06-02 15:44:57.997] Wait Event for 20 milliseconds
[Fastbot][2026-06-02 15:44:58.020] :Sending Touch (ACTION_MOVE): 0:(72.90001,1238.0)
[Fastbot][2026-06-02 15:44:58.021] Wait Event for 20 milliseconds
[Fastbot][2026-06-02 15:44:58.043] :Sending Touch (ACTION_MOVE): 0:(48.59999,1238.0)
[Fastbot][2026-06-02 15:44:58.045] Wait Event for 20 milliseconds
[Fastbot][2026-06-02 15:44:58.067] :Sending Touch (ACTION_MOVE): 0:(24.300003,1238.0)
[Fastbot][2026-06-02 15:44:58.069] Wait Event for 20 milliseconds
[Fastbot][2026-06-02 15:44:58.091] :Sending Touch (ACTION_UP): 0:(0.0,1238.0)
[Fastbot][2026-06-02 15:44:58.094] Sleeping for 289 milliseconds
[Fastbot][2026-06-02 15:44:58.387] [ProxyServer] Finish monkey step. Dumping hierarchy
[Fastbot][2026-06-02 15:44:58.388] --> POST http://127.0.0.1:9008/jsonrpc/0
[Fastbot][2026-06-02 15:44:58.388] Content-Type: application/json; charset=utf-8
[Fastbot][2026-06-02 15:44:58.388] Content-Length: 75
[Fastbot][2026-06-02 15:44:58.388] 
[Fastbot][2026-06-02 15:44:58.388] {"id":1,"jsonrpc":"2.0","method":"dumpWindowHierarchy","params":[false,50]}
[Fastbot][2026-06-02 15:44:58.388] --> END POST (75-byte body)
[Fastbot][2026-06-02 15:44:58.559] <-- 200 OK  http://127.0.0.1:9008/jsonrpc/0 (170ms)
[Fastbot][2026-06-02 15:44:58.559] Content-Type: application/json
[Fastbot][2026-06-02 15:44:58.559] Date: Tue, 2 Jun 2026 15:44:58 GMT
[Fastbot][2026-06-02 15:44:58.559] Connection: keep-alive
[Fastbot][2026-06-02 15:44:58.559] Transfer-Encoding: chunked
[Fastbot][2026-06-02 15:44:58.562] 
[Fastbot][2026-06-02 15:44:58.562] {"jsonrpc":"2.0","id":1,"result":"<?xml version='1.0' encoding='UTF-8' standalone='yes' ?>\r\n<hierarchy rotation=\"0\">\r\n  <node index=\"0\" text=\"\" resource-id=\"\" class=\"android.widget.FrameLayout\" package=\"com.android.systemui\" content-desc=\"\" checkable=\"false\" checked=\"false\" cli...[truncated]
[Fastbot][2026-06-02 15:44:58.562] <-- END HTTP (100900-byte body)
[Fastbot][2026-06-02 15:44:58.623] [ProxyServer] stepsCount: 53
[Fastbot][2026-06-02 15:44:58.624] [ProxyServer] receive request: stepMonkey
[Fastbot][2026-06-02 15:44:58.624] [MonkeySourceApeU2] stepsCount: 53
[Fastbot][2026-06-02 15:44:58.624] [MonkeySourceApeU2] Latest event is MonkeyEvent. Use the cached hierarchy.
[Fastbot][2026-06-02 15:44:58.625] [MonkeySourceApeU2] Successfully Got hierarchy
[Fastbot][2026-06-02 15:44:58.628] // Event id: 620
[Fastbot][2026-06-02 15:44:58.628] topActivity Name: ComponentInfo{de.rampro.activitydiary.debug/de.rampro.activitydiary.ui.history.HistoryDetailActivity}
[Fastbot][2026-06-02 15:44:58.628] // Dumped stringOfGuiTree
[Fastbot][2026-06-02 15:44:58.628] topActivityName: de.rampro.activitydiary.ui.history.HistoryDetailActivity
[Fastbot][2026-06-02 15:44:58.630] action type: SCROLL_BOTTOM_UP
[Fastbot][2026-06-02 15:44:58.630] rpc cost time: 2
[Fastbot][2026-06-02 15:44:58.633] :Sending rotation degree=0, persist=false
[Fastbot][2026-06-02 15:44:58.642] :Sending Touch (ACTION_DOWN): 0:(46.0,1238.0)
[Fastbot][2026-06-02 15:44:58.657] :Sending Touch (ACTION_MOVE): 0:(46.0,1238.0)
[Fastbot][2026-06-02 15:44:58.658] Wait Event for 20 milliseconds
[Fastbot][2026-06-02 15:44:58.714] :Sending Touch (ACTION_MOVE): 0:(46.0,1120.8)
[Fastbot][2026-06-02 15:44:58.716] Wait Event for 20 milliseconds
[Fastbot][2026-06-02 15:44:58.740] :Sending Touch (ACTION_MOVE): 0:(46.0,1003.6)
[Fastbot][2026-06-02 15:44:58.741] Wait Event for 20 milliseconds
[Fastbot][2026-06-02 15:44:58.797] :Sending Touch (ACTION_MOVE): 0:(46.0,886.4)
[Fastbot][2026-06-02 15:44:58.799] Wait Event for 20 milliseconds
[Fastbot][2026-06-02 15:44:58.822] :Sending Touch (ACTION_MOVE): 0:(46.0,769.19995)
[Fastbot][2026-06-02 15:44:58.824] Wait Event for 20 milliseconds
[Fastbot][2026-06-02 15:44:58.848] :Sending Touch (ACTION_MOVE): 0:(46.0,652.0)
[Fastbot][2026-06-02 15:44:58.879] Wait Event for 20 milliseconds
[Fastbot][2026-06-02 15:44:58.902] :Sending Touch (ACTION_MOVE): 0:(46.0,534.8)
[Fastbot][2026-06-02 15:44:58.904] Wait Event for 20 milliseconds
[Fastbot][2026-06-02 15:44:58.935] :Sending Touch (ACTION_MOVE): 0:(46.0,417.60004)
[Fastbot][2026-06-02 15:44:58.937] Wait Event for 20 milliseconds
[Fastbot][2026-06-02 15:44:58.960] :Sending Touch (ACTION_MOVE): 0:(46.0,300.39996)
[Fastbot][2026-06-02 15:44:58.963] Wait Event for 20 milliseconds
[Fastbot][2026-06-02 15:44:59.015] :Sending Touch (ACTION_MOVE): 0:(46.0,183.20007)
[Fastbot][2026-06-02 15:44:59.017] Wait Event for 20 milliseconds
[Fastbot][2026-06-02 15:44:59.039] :Sending Touch (ACTION_UP): 0:(46.0,82.0)
[Fastbot][2026-06-02 15:44:59.042] Sleeping for 210 milliseconds
[Fastbot][2026-06-02 15:44:59.255] [ProxyServer] Finish monkey step. Dumping hierarchy
[Fastbot][2026-06-02 15:44:59.256] --> POST http://127.0.0.1:9008/jsonrpc/0
[Fastbot][2026-06-02 15:44:59.256] Content-Type: application/json; charset=utf-8
[Fastbot][2026-06-02 15:44:59.256] Content-Length: 75
[Fastbot][2026-06-02 15:44:59.256] 
[Fastbot][2026-06-02 15:44:59.257] {"id":1,"jsonrpc":"2.0","method":"dumpWindowHierarchy","params":[false,50]}
[Fastbot][2026-06-02 15:44:59.257] --> END POST (75-byte body)
[Fastbot][2026-06-02 15:44:59.392] <-- 200 OK  http://127.0.0.1:9008/jsonrpc/0 (134ms)
[Fastbot][2026-06-02 15:44:59.392] Content-Type: application/json
[Fastbot][2026-06-02 15:44:59.392] Date: Tue, 2 Jun 2026 15:44:59 GMT
[Fastbot][2026-06-02 15:44:59.392] Connection: keep-alive
[Fastbot][2026-06-02 15:44:59.392] Transfer-Encoding: chunked
[Fastbot][2026-06-02 15:44:59.395] 
[Fastbot][2026-06-02 15:44:59.397] {"jsonrpc":"2.0","id":1,"result":"<?xml version='1.0' encoding='UTF-8' standalone='yes' ?>\r\n<hierarchy rotation=\"0\">\r\n  <node index=\"0\" text=\"\" resource-id=\"\" class=\"android.widget.FrameLayout\" package=\"com.android.systemui\" content-desc=\"\" checkable=\"false\" checked=\"false\" cli...[truncated]
[Fastbot][2026-06-02 15:44:59.397] <-- END HTTP (100900-byte body)
[Fastbot][2026-06-02 15:44:59.444] [ProxyServer] stepsCount: 54
[Fastbot][2026-06-02 15:44:59.446] [ProxyServer] receive request: stepMonkey
[Fastbot][2026-06-02 15:44:59.447] [MonkeySourceApeU2] stepsCount: 54
[Fastbot][2026-06-02 15:44:59.447] [MonkeySourceApeU2] Latest event is MonkeyEvent. Use the cached hierarchy.
[Fastbot][2026-06-02 15:44:59.451] [MonkeySourceApeU2] Successfully Got hierarchy
[Fastbot][2026-06-02 15:44:59.453] // Event id: 644
[Fastbot][2026-06-02 15:44:59.453] topActivity Name: ComponentInfo{de.rampro.activitydiary.debug/de.rampro.activitydiary.ui.history.HistoryDetailActivity}
[Fastbot][2026-06-02 15:44:59.453] // Dumped stringOfGuiTree
[Fastbot][2026-06-02 15:44:59.453] topActivityName: de.rampro.activitydiary.ui.history.HistoryDetailActivity
[Fastbot][2026-06-02 15:44:59.455] action type: SCROLL_LEFT_RIGHT
[Fastbot][2026-06-02 15:44:59.455] rpc cost time: 2
[Fastbot][2026-06-02 15:44:59.457] :Sending rotation degree=0, persist=false
[Fastbot][2026-06-02 15:44:59.464] :Sending Touch (ACTION_DOWN): 0:(46.0,1238.0)
[Fastbot][2026-06-02 15:44:59.465] :Sending Touch (ACTION_MOVE): 0:(46.0,1238.0)
[Fastbot][2026-06-02 15:44:59.466] Wait Event for 20 milliseconds
[Fastbot][2026-06-02 15:44:59.487] :Sending Touch (ACTION_MOVE): 0:(149.3,1238.0)
[Fastbot][2026-06-02 15:44:59.498] Wait Event for 20 milliseconds
[Fastbot][2026-06-02 15:44:59.520] :Sending Touch (ACTION_MOVE): 0:(252.6,1238.0)
[Fastbot][2026-06-02 15:44:59.521] Wait Event for 20 milliseconds
[Fastbot][2026-06-02 15:44:59.543] :Sending Touch (ACTION_MOVE): 0:(355.90002,1238.0)
[Fastbot][2026-06-02 15:44:59.545] Wait Event for 20 milliseconds
[Fastbot][2026-06-02 15:44:59.617] :Sending Touch (ACTION_MOVE): 0:(459.2,1238.0)
[Fastbot][2026-06-02 15:44:59.626]     //[calendar_time:2026-06-02 15:44:59.626  system_uptime:43770691]
[Fastbot][2026-06-02 15:44:59.627]     // Sending event #600
[Fastbot][2026-06-02 15:44:59.628] Wait Event for 20 milliseconds
[Fastbot][2026-06-02 15:44:59.658] :Sending Touch (ACTION_MOVE): 0:(562.5,1238.0)
[Fastbot][2026-06-02 15:44:59.660] Wait Event for 20 milliseconds
[Fastbot][2026-06-02 15:44:59.681] :Sending Touch (ACTION_MOVE): 0:(665.80005,1238.0)
[Fastbot][2026-06-02 15:44:59.682] Wait Event for 20 milliseconds
[Fastbot][2026-06-02 15:44:59.705] :Sending Touch (ACTION_MOVE): 0:(769.1,1238.0)
[Fastbot][2026-06-02 15:44:59.707] Wait Event for 20 milliseconds
[Fastbot][2026-06-02 15:44:59.749] :Sending Touch (ACTION_MOVE): 0:(872.4,1238.0)
[Fastbot][2026-06-02 15:44:59.751] Wait Event for 20 milliseconds
[Fastbot][2026-06-02 15:44:59.774] :Sending Touch (ACTION_MOVE): 0:(975.69995,1238.0)
[Fastbot][2026-06-02 15:44:59.776] Wait Event for 20 milliseconds
[Fastbot][2026-06-02 15:44:59.798] :Sending Touch (ACTION_UP): 0:(1079.0,1238.0)
[Fastbot][2026-06-02 15:44:59.801] Sleeping for 273 milliseconds
[Fastbot][2026-06-02 15:45:00.078] [ProxyServer] Finish monkey step. Dumping hierarchy
[Fastbot][2026-06-02 15:45:00.078] --> POST http://127.0.0.1:9008/jsonrpc/0
[Fastbot][2026-06-02 15:45:00.078] Content-Type: application/json; charset=utf-8
[Fastbot][2026-06-02 15:45:00.079] Content-Length: 75
[Fastbot][2026-06-02 15:45:00.079] 
[Fastbot][2026-06-02 15:45:00.079] {"id":1,"jsonrpc":"2.0","method":"dumpWindowHierarchy","params":[false,50]}
[Fastbot][2026-06-02 15:45:00.079] --> END POST (75-byte body)
[Fastbot][2026-06-02 15:45:00.169] <-- 200 OK  http://127.0.0.1:9008/jsonrpc/0 (90ms)
[Fastbot][2026-06-02 15:45:00.169] Content-Type: application/json
[Fastbot][2026-06-02 15:45:00.169] Date: Tue, 2 Jun 2026 15:45:00 GMT
[Fastbot][2026-06-02 15:45:00.169] Connection: keep-alive
[Fastbot][2026-06-02 15:45:00.169] Transfer-Encoding: chunked
[Fastbot][2026-06-02 15:45:00.171] 
[Fastbot][2026-06-02 15:45:00.172] {"jsonrpc":"2.0","id":1,"result":"<?xml version='1.0' encoding='UTF-8' standalone='yes' ?>\r\n<hierarchy rotation=\"0\">\r\n  <node index=\"0\" text=\"\" resource-id=\"\" class=\"android.widget.FrameLayout\" package=\"com.android.systemui\" content-desc=\"\" checkable=\"false\" checked=\"false\" cli...[truncated]
[Fastbot][2026-06-02 15:45:00.172] <-- END HTTP (100906-byte body)
[Fastbot][2026-06-02 15:45:00.222] [ProxyServer] stepsCount: 55
[Fastbot][2026-06-02 15:45:00.222] [ProxyServer] receive request: stepMonkey
[Fastbot][2026-06-02 15:45:00.222] [MonkeySourceApeU2] stepsCount: 55
[Fastbot][2026-06-02 15:45:00.222] [MonkeySourceApeU2] Latest event is MonkeyEvent. Use the cached hierarchy.
[Fastbot][2026-06-02 15:45:00.223] [MonkeySourceApeU2] Successfully Got hierarchy
[Fastbot][2026-06-02 15:45:00.225] // Event id: 668
[Fastbot][2026-06-02 15:45:00.226] topActivity Name: ComponentInfo{de.rampro.activitydiary.debug/de.rampro.activitydiary.ui.history.HistoryDetailActivity}
[Fastbot][2026-06-02 15:45:00.226] // Dumped stringOfGuiTree
[Fastbot][2026-06-02 15:45:00.226] topActivityName: de.rampro.activitydiary.ui.history.HistoryDetailActivity
[Fastbot][2026-06-02 15:45:00.227] action type: CLICK
[Fastbot][2026-06-02 15:45:00.227] rpc cost time: 1
[Fastbot]*** WARNING *** checkVirtualKeyboard: Input only once.
[Fastbot][2026-06-02 15:45:00.229] :Sending rotation degree=0, persist=false
[Fastbot][2026-06-02 15:45:00.235] :Sending Touch (ACTION_DOWN): 0:(272.0,1290.0)
[Fastbot][2026-06-02 15:45:00.238] :Sending Touch (ACTION_UP): 0:(272.0,1290.0)
[Fastbot][2026-06-02 15:45:00.248] Sleeping for 232 milliseconds
[Fastbot][2026-06-02 15:45:00.557] [ProxyServer] Finish monkey step. Dumping hierarchy
[Fastbot][2026-06-02 15:45:00.558] --> POST http://127.0.0.1:9008/jsonrpc/0
[Fastbot][2026-06-02 15:45:00.558] Content-Type: application/json; charset=utf-8
[Fastbot][2026-06-02 15:45:00.558] Content-Length: 75
[Fastbot][2026-06-02 15:45:00.558] 
[Fastbot][2026-06-02 15:45:00.559] {"id":1,"jsonrpc":"2.0","method":"dumpWindowHierarchy","params":[false,50]}
[Fastbot][2026-06-02 15:45:00.559] --> END POST (75-byte body)
[Fastbot][2026-06-02 15:45:01.084] <-- 200 OK  http://127.0.0.1:9008/jsonrpc/0 (524ms)
[Fastbot][2026-06-02 15:45:01.084] Content-Type: application/json
[Fastbot][2026-06-02 15:45:01.084] Date: Tue, 2 Jun 2026 15:45:01 GMT
[Fastbot][2026-06-02 15:45:01.084] Connection: keep-alive
[Fastbot][2026-06-02 15:45:01.084] Transfer-Encoding: chunked
[Fastbot][2026-06-02 15:45:01.088] 
[Fastbot][2026-06-02 15:45:01.088] {"jsonrpc":"2.0","id":1,"result":"<?xml version='1.0' encoding='UTF-8' standalone='yes' ?>\r\n<hierarchy rotation=\"0\">\r\n  <node index=\"0\" text=\"\" resource-id=\"\" class=\"android.widget.FrameLayout\" package=\"com.android.systemui\" content-desc=\"\" checkable=\"false\" checked=\"false\" cli...[truncated]
[Fastbot][2026-06-02 15:45:01.088] <-- END HTTP (100906-byte body)
[Fastbot][2026-06-02 15:45:01.140] [ProxyServer] stepsCount: 56
[Fastbot][2026-06-02 15:45:01.140] [ProxyServer] receive request: stepMonkey
[Fastbot][2026-06-02 15:45:01.141] [MonkeySourceApeU2] stepsCount: 56
[Fastbot][2026-06-02 15:45:01.141] [MonkeySourceApeU2] Latest event is MonkeyEvent. Use the cached hierarchy.
[Fastbot][2026-06-02 15:45:01.141] [MonkeySourceApeU2] Successfully Got hierarchy
[Fastbot][2026-06-02 15:45:01.143] // Event id: 672
[Fastbot][2026-06-02 15:45:01.143] topActivity Name: ComponentInfo{de.rampro.activitydiary.debug/de.rampro.activitydiary.ui.history.HistoryDetailActivity}
[Fastbot][2026-06-02 15:45:01.143] // Dumped stringOfGuiTree
[Fastbot][2026-06-02 15:45:01.143] topActivityName: de.rampro.activitydiary.ui.history.HistoryDetailActivity
[Fastbot][2026-06-02 15:45:01.145] action type: SCROLL_TOP_DOWN
[Fastbot][2026-06-02 15:45:01.145] rpc cost time: 2
[Fastbot][2026-06-02 15:45:01.147] :Sending rotation degree=0, persist=false
[Fastbot][2026-06-02 15:45:01.150] :Sending Touch (ACTION_DOWN): 0:(243.0,1238.0)
[Fastbot][2026-06-02 15:45:01.152] :Sending Touch (ACTION_MOVE): 0:(243.0,1238.0)
[Fastbot][2026-06-02 15:45:01.153] Wait Event for 20 milliseconds
[Fastbot][2026-06-02 15:45:01.175] :Sending Touch (ACTION_MOVE): 0:(243.0,1315.7)
[Fastbot][2026-06-02 15:45:01.177] Wait Event for 20 milliseconds
[Fastbot][2026-06-02 15:45:01.218] :Sending Touch (ACTION_MOVE): 0:(243.0,1393.4)
[Fastbot][2026-06-02 15:45:01.220] Wait Event for 20 milliseconds
[Fastbot][2026-06-02 15:45:01.241] :Sending Touch (ACTION_MOVE): 0:(243.0,1471.1)
[Fastbot][2026-06-02 15:45:01.243] Wait Event for 20 milliseconds
[Fastbot][2026-06-02 15:45:01.265] :Sending Touch (ACTION_MOVE): 0:(243.0,1548.8)
[Fastbot][2026-06-02 15:45:01.267] Wait Event for 20 milliseconds
[Fastbot][2026-06-02 15:45:01.288] :Sending Touch (ACTION_MOVE): 0:(243.0,1626.5)
[Fastbot][2026-06-02 15:45:01.289] Wait Event for 20 milliseconds
[Fastbot][2026-06-02 15:45:01.314] :Sending Touch (ACTION_MOVE): 0:(243.0,1704.2)
[Fastbot][2026-06-02 15:45:01.316] Wait Event for 20 milliseconds
[Fastbot][2026-06-02 15:45:01.362] :Sending Touch (ACTION_MOVE): 0:(243.0,1781.8999)
[Fastbot][2026-06-02 15:45:01.363] Wait Event for 20 milliseconds
[Fastbot][2026-06-02 15:45:01.385] :Sending Touch (ACTION_MOVE): 0:(243.0,1859.6001)
[Fastbot][2026-06-02 15:45:01.388] Wait Event for 20 milliseconds
[Fastbot][2026-06-02 15:45:01.410] :Sending Touch (ACTION_MOVE): 0:(243.0,1937.3)
[Fastbot][2026-06-02 15:45:01.412] Wait Event for 20 milliseconds
[Fastbot][2026-06-02 15:45:01.435] :Sending Touch (ACTION_UP): 0:(243.0,2015.0)
[Fastbot][2026-06-02 15:45:01.437] Sleeping for 266 milliseconds
[Fastbot][2026-06-02 15:45:01.705] [ProxyServer] Finish monkey step. Dumping hierarchy
[Fastbot][2026-06-02 15:45:01.706] --> POST http://127.0.0.1:9008/jsonrpc/0
[Fastbot][2026-06-02 15:45:01.706] Content-Type: application/json; charset=utf-8
[Fastbot][2026-06-02 15:45:01.706] Content-Length: 75
[Fastbot][2026-06-02 15:45:01.707] 
[Fastbot][2026-06-02 15:45:01.707] {"id":1,"jsonrpc":"2.0","method":"dumpWindowHierarchy","params":[false,50]}
[Fastbot][2026-06-02 15:45:01.707] --> END POST (75-byte body)
[Fastbot][2026-06-02 15:45:02.317] <-- 200 OK  http://127.0.0.1:9008/jsonrpc/0 (609ms)
[Fastbot][2026-06-02 15:45:02.318] Content-Type: application/json
[Fastbot][2026-06-02 15:45:02.318] Date: Tue, 2 Jun 2026 15:45:02 GMT
[Fastbot][2026-06-02 15:45:02.318] Connection: keep-alive
[Fastbot][2026-06-02 15:45:02.318] Transfer-Encoding: chunked
[Fastbot][2026-06-02 15:45:02.321] 
[Fastbot][2026-06-02 15:45:02.321] {"jsonrpc":"2.0","id":1,"result":"<?xml version='1.0' encoding='UTF-8' standalone='yes' ?>\r\n<hierarchy rotation=\"0\">\r\n  <node index=\"0\" text=\"\" resource-id=\"\" class=\"android.widget.FrameLayout\" package=\"com.android.systemui\" content-desc=\"\" checkable=\"false\" checked=\"false\" cli...[truncated]
[Fastbot][2026-06-02 15:45:02.322] <-- END HTTP (100906-byte body)
[Fastbot][2026-06-02 15:45:02.370] [ProxyServer] stepsCount: 57
[Fastbot][2026-06-02 15:45:02.371] [ProxyServer] receive request: stepMonkey
[Fastbot][2026-06-02 15:45:02.371] [MonkeySourceApeU2] stepsCount: 57
[Fastbot][2026-06-02 15:45:02.371] [MonkeySourceApeU2] Latest event is MonkeyEvent. Use the cached hierarchy.
[Fastbot][2026-06-02 15:45:02.372] [MonkeySourceApeU2] Successfully Got hierarchy
[Fastbot][2026-06-02 15:45:02.376] // Event id: 696
[Fastbot][2026-06-02 15:45:02.377] topActivity Name: ComponentInfo{de.rampro.activitydiary.debug/de.rampro.activitydiary.ui.history.HistoryDetailActivity}
[Fastbot][2026-06-02 15:45:02.377] // Dumped stringOfGuiTree
[Fastbot][2026-06-02 15:45:02.377] topActivityName: de.rampro.activitydiary.ui.history.HistoryDetailActivity
[Fastbot][2026-06-02 15:45:02.378] action type: BACK
[Fastbot][2026-06-02 15:45:02.379] rpc cost time: 2
[Fastbot][2026-06-02 15:45:02.422] :Sending rotation degree=0, persist=false
[Fastbot][2026-06-02 15:45:02.451] :Sending Key (ACTION_DOWN): 4    // KEYCODE_BACK
[Fastbot][2026-06-02 15:45:02.452] :Sending Key (ACTION_UP): 4    // KEYCODE_BACK
[Fastbot][2026-06-02 15:45:02.455] Sleeping for 296 milliseconds
[Fastbot][2026-06-02 15:45:02.758] [ProxyServer] Finish monkey step. Dumping hierarchy
[Fastbot][2026-06-02 15:45:02.759] --> POST http://127.0.0.1:9008/jsonrpc/0
[Fastbot][2026-06-02 15:45:02.759] Content-Type: application/json; charset=utf-8
[Fastbot][2026-06-02 15:45:02.759] Content-Length: 75
[Fastbot][2026-06-02 15:45:02.759] 
[Fastbot][2026-06-02 15:45:02.759] {"id":1,"jsonrpc":"2.0","method":"dumpWindowHierarchy","params":[false,50]}
[Fastbot][2026-06-02 15:45:02.759] --> END POST (75-byte body)
[Fastbot][2026-06-02 15:45:02.944] <-- 200 OK  http://127.0.0.1:9008/jsonrpc/0 (184ms)
[Fastbot][2026-06-02 15:45:02.944] Content-Type: application/json
[Fastbot][2026-06-02 15:45:02.944] Date: Tue, 2 Jun 2026 15:45:02 GMT
[Fastbot][2026-06-02 15:45:02.944] Connection: keep-alive
[Fastbot][2026-06-02 15:45:02.944] Transfer-Encoding: chunked
[Fastbot][2026-06-02 15:45:02.947] 
[Fastbot][2026-06-02 15:45:02.948] {"jsonrpc":"2.0","id":1,"result":"<?xml version='1.0' encoding='UTF-8' standalone='yes' ?>\r\n<hierarchy rotation=\"0\">\r\n  <node index=\"0\" text=\"\" resource-id=\"\" class=\"android.widget.FrameLayout\" package=\"com.android.systemui\" content-desc=\"\" checkable=\"false\" checked=\"false\" cli...[truncated]
[Fastbot][2026-06-02 15:45:02.948] <-- END HTTP (100906-byte body)
[Fastbot][2026-06-02 15:45:02.983] [ProxyServer] stepsCount: 58
[Fastbot][2026-06-02 15:45:02.983] [ProxyServer] receive request: stepMonkey
[Fastbot][2026-06-02 15:45:02.983] [MonkeySourceApeU2] stepsCount: 58
[Fastbot][2026-06-02 15:45:02.983] [MonkeySourceApeU2] Latest event is MonkeyEvent. Use the cached hierarchy.
[Fastbot][2026-06-02 15:45:02.984] [MonkeySourceApeU2] Successfully Got hierarchy
[Fastbot][2026-06-02 15:45:02.986] // Event id: 700
[Fastbot][2026-06-02 15:45:02.986] topActivity Name: ComponentInfo{de.rampro.activitydiary.debug/de.rampro.activitydiary.ui.history.HistoryDetailActivity}
[Fastbot][2026-06-02 15:45:02.986] // Dumped stringOfGuiTree
[Fastbot][2026-06-02 15:45:02.986] topActivityName: de.rampro.activitydiary.ui.history.HistoryDetailActivity
[Fastbot][2026-06-02 15:45:02.987] action type: SCROLL_RIGHT_LEFT
[Fastbot][2026-06-02 15:45:02.987] rpc cost time: 1
[Fastbot][2026-06-02 15:45:02.989] :Sending rotation degree=0, persist=false
[Fastbot][2026-06-02 15:45:03.018] :Sending Touch (ACTION_DOWN): 0:(243.0,1238.0)
[Fastbot][2026-06-02 15:45:03.020] :Sending Touch (ACTION_MOVE): 0:(243.0,1238.0)
[Fastbot][2026-06-02 15:45:03.022] Wait Event for 20 milliseconds
[Fastbot][2026-06-02 15:45:03.092] :Sending Touch (ACTION_MOVE): 0:(218.7,1238.0)
[Fastbot][2026-06-02 15:45:03.094] Wait Event for 20 milliseconds
[Fastbot][2026-06-02 15:45:03.118] :Sending Touch (ACTION_MOVE): 0:(194.4,1238.0)
[Fastbot][2026-06-02 15:45:03.120] Wait Event for 20 milliseconds
[Fastbot][2026-06-02 15:45:03.142] :Sending Touch (ACTION_MOVE): 0:(170.1,1238.0)
[Fastbot][2026-06-02 15:45:03.143] Wait Event for 20 milliseconds
[Fastbot][2026-06-02 15:45:03.165] :Sending Touch (ACTION_MOVE): 0:(145.79999,1238.0)
[Fastbot][2026-06-02 15:45:03.166] Wait Event for 20 milliseconds
[Fastbot][2026-06-02 15:45:03.229] :Sending Touch (ACTION_MOVE): 0:(121.5,1238.0)
[Fastbot][2026-06-02 15:45:03.231] Wait Event for 20 milliseconds
[Fastbot][2026-06-02 15:45:03.254] :Sending Touch (ACTION_MOVE): 0:(97.2,1238.0)
[Fastbot][2026-06-02 15:45:03.256] Wait Event for 20 milliseconds
[Fastbot][2026-06-02 15:45:03.278] :Sending Touch (ACTION_MOVE): 0:(72.90001,1238.0)
[Fastbot][2026-06-02 15:45:03.299] Wait Event for 20 milliseconds
[Fastbot][2026-06-02 15:45:03.320] :Sending Touch (ACTION_MOVE): 0:(48.59999,1238.0)
[Fastbot][2026-06-02 15:45:03.321] Wait Event for 20 milliseconds
[Fastbot][2026-06-02 15:45:03.349] :Sending Touch (ACTION_MOVE): 0:(24.300003,1238.0)
[Fastbot][2026-06-02 15:45:03.350] Wait Event for 20 milliseconds
[Fastbot][2026-06-02 15:45:03.373] :Sending Touch (ACTION_UP): 0:(0.0,1238.0)
[Fastbot][2026-06-02 15:45:03.375] Sleeping for 200 milliseconds
[Fastbot][2026-06-02 15:45:03.576] [ProxyServer] Finish monkey step. Dumping hierarchy
[Fastbot][2026-06-02 15:45:03.577] --> POST http://127.0.0.1:9008/jsonrpc/0
[Fastbot][2026-06-02 15:45:03.577] Content-Type: application/json; charset=utf-8
[Fastbot][2026-06-02 15:45:03.578] Content-Length: 75
[Fastbot][2026-06-02 15:45:03.578] 
[Fastbot][2026-06-02 15:45:03.578] {"id":1,"jsonrpc":"2.0","method":"dumpWindowHierarchy","params":[false,50]}
[Fastbot][2026-06-02 15:45:03.578] --> END POST (75-byte body)
[Fastbot][2026-06-02 15:45:03.700] <-- 200 OK  http://127.0.0.1:9008/jsonrpc/0 (121ms)
[Fastbot][2026-06-02 15:45:03.700] Content-Type: application/json
[Fastbot][2026-06-02 15:45:03.700] Date: Tue, 2 Jun 2026 15:45:03 GMT
[Fastbot][2026-06-02 15:45:03.701] Connection: keep-alive
[Fastbot][2026-06-02 15:45:03.701] Transfer-Encoding: chunked
[Fastbot][2026-06-02 15:45:03.703] 
[Fastbot][2026-06-02 15:45:03.703] {"jsonrpc":"2.0","id":1,"result":"<?xml version='1.0' encoding='UTF-8' standalone='yes' ?>\r\n<hierarchy rotation=\"0\">\r\n  <node index=\"0\" text=\"\" resource-id=\"\" class=\"android.widget.FrameLayout\" package=\"com.android.systemui\" content-desc=\"\" checkable=\"false\" checked=\"false\" cli...[truncated]
[Fastbot][2026-06-02 15:45:03.704] <-- END HTTP (97948-byte body)
[Fastbot][2026-06-02 15:45:03.759] [ProxyServer] stepsCount: 59
[Fastbot][2026-06-02 15:45:03.759] [ProxyServer] receive request: stepMonkey
[Fastbot][2026-06-02 15:45:03.761] [MonkeySourceApeU2] stepsCount: 59
[Fastbot][2026-06-02 15:45:03.762] [MonkeySourceApeU2] Latest event is MonkeyEvent. Use the cached hierarchy.
[Fastbot][2026-06-02 15:45:03.762] [MonkeySourceApeU2] Successfully Got hierarchy
[Fastbot][2026-06-02 15:45:03.764] // Event id: 724
[Fastbot][2026-06-02 15:45:03.765] topActivity Name: ComponentInfo{de.rampro.activitydiary.debug/de.rampro.activitydiary.ui.history.HistoryDetailActivity}
[Fastbot][2026-06-02 15:45:03.765] // Dumped stringOfGuiTree
[Fastbot][2026-06-02 15:45:03.765] topActivityName: de.rampro.activitydiary.ui.history.HistoryDetailActivity
[Fastbot][2026-06-02 15:45:03.766] action type: SCROLL_BOTTOM_UP
[Fastbot][2026-06-02 15:45:03.767] rpc cost time: 2
[Fastbot][2026-06-02 15:45:03.768] :Sending rotation degree=0, persist=false
[Fastbot][2026-06-02 15:45:03.775] :Sending Touch (ACTION_DOWN): 0:(46.0,1238.0)
[Fastbot][2026-06-02 15:45:03.778] :Sending Touch (ACTION_MOVE): 0:(46.0,1238.0)
[Fastbot][2026-06-02 15:45:03.819] Wait Event for 20 milliseconds
[Fastbot][2026-06-02 15:45:03.841] :Sending Touch (ACTION_MOVE): 0:(46.0,1120.8)
[Fastbot][2026-06-02 15:45:03.875] Wait Event for 20 milliseconds
[Fastbot][2026-06-02 15:45:03.898] :Sending Touch (ACTION_MOVE): 0:(46.0,1003.6)
[Fastbot][2026-06-02 15:45:03.899] Wait Event for 20 milliseconds
[Fastbot][2026-06-02 15:45:03.921] :Sending Touch (ACTION_MOVE): 0:(46.0,886.4)
[Fastbot][2026-06-02 15:45:03.922] Wait Event for 20 milliseconds
[Fastbot][2026-06-02 15:45:03.944] :Sending Touch (ACTION_MOVE): 0:(46.0,769.19995)
[Fastbot][2026-06-02 15:45:03.945] Wait Event for 20 milliseconds
[Fastbot][2026-06-02 15:45:03.967] :Sending Touch (ACTION_MOVE): 0:(46.0,652.0)
[Fastbot][2026-06-02 15:45:03.977] Wait Event for 20 milliseconds
[Fastbot][2026-06-02 15:45:04.001] :Sending Touch (ACTION_MOVE): 0:(46.0,534.8)
[Fastbot][2026-06-02 15:45:04.002] Wait Event for 20 milliseconds
[Fastbot][2026-06-02 15:45:04.028] :Sending Touch (ACTION_MOVE): 0:(46.0,417.60004)
[Fastbot][2026-06-02 15:45:04.040] Wait Event for 20 milliseconds
[Fastbot][2026-06-02 15:45:04.063] :Sending Touch (ACTION_MOVE): 0:(46.0,300.39996)
[Fastbot][2026-06-02 15:45:04.064] Wait Event for 20 milliseconds
[Fastbot][2026-06-02 15:45:04.129] :Sending Touch (ACTION_MOVE): 0:(46.0,183.20007)
[Fastbot][2026-06-02 15:45:04.131] Wait Event for 20 milliseconds
[Fastbot][2026-06-02 15:45:04.153] :Sending Touch (ACTION_UP): 0:(46.0,82.0)
[Fastbot][2026-06-02 15:45:04.156] Sleeping for 200 milliseconds
[Fastbot][2026-06-02 15:45:04.358] [ProxyServer] Finish monkey step. Dumping hierarchy
[Fastbot][2026-06-02 15:45:04.359] --> POST http://127.0.0.1:9008/jsonrpc/0
[Fastbot][2026-06-02 15:45:04.359] Content-Type: application/json; charset=utf-8
[Fastbot][2026-06-02 15:45:04.359] Content-Length: 75
[Fastbot][2026-06-02 15:45:04.359] 
[Fastbot][2026-06-02 15:45:04.359] {"id":1,"jsonrpc":"2.0","method":"dumpWindowHierarchy","params":[false,50]}
[Fastbot][2026-06-02 15:45:04.359] --> END POST (75-byte body)
[Fastbot][2026-06-02 15:45:04.443] <-- 200 OK  http://127.0.0.1:9008/jsonrpc/0 (84ms)
[Fastbot][2026-06-02 15:45:04.446] Content-Type: application/json
[Fastbot][2026-06-02 15:45:04.446] Date: Tue, 2 Jun 2026 15:45:04 GMT
[Fastbot][2026-06-02 15:45:04.446] Connection: keep-alive
[Fastbot][2026-06-02 15:45:04.447] Transfer-Encoding: chunked
[Fastbot][2026-06-02 15:45:04.448] 
[Fastbot][2026-06-02 15:45:04.449] {"jsonrpc":"2.0","id":1,"result":"<?xml version='1.0' encoding='UTF-8' standalone='yes' ?>\r\n<hierarchy rotation=\"0\">\r\n  <node index=\"0\" text=\"\" resource-id=\"\" class=\"android.widget.FrameLayout\" package=\"com.android.systemui\" content-desc=\"\" checkable=\"false\" checked=\"false\" cli...[truncated]
[Fastbot][2026-06-02 15:45:04.449] <-- END HTTP (97943-byte body)
[Fastbot][2026-06-02 15:45:04.497] [ProxyServer] stepsCount: 60
[Fastbot][2026-06-02 15:45:04.497] [ProxyServer] receive request: stepMonkey
[Fastbot][2026-06-02 15:45:04.497] [MonkeySourceApeU2] stepsCount: 60
[Fastbot][2026-06-02 15:45:04.498] [MonkeySourceApeU2] Latest event is MonkeyEvent. Use the cached hierarchy.
[Fastbot][2026-06-02 15:45:04.499] [MonkeySourceApeU2] Successfully Got hierarchy
[Fastbot][2026-06-02 15:45:04.503] // Event id: 748
[Fastbot][2026-06-02 15:45:04.503] topActivity Name: ComponentInfo{de.rampro.activitydiary.debug/de.rampro.activitydiary.ui.history.HistoryDetailActivity}
[Fastbot][2026-06-02 15:45:04.503] // Dumped stringOfGuiTree
[Fastbot][2026-06-02 15:45:04.503] topActivityName: de.rampro.activitydiary.ui.history.HistoryDetailActivity
[Fastbot][2026-06-02 15:45:04.504] action type: SCROLL_LEFT_RIGHT
[Fastbot][2026-06-02 15:45:04.504] rpc cost time: 1
[Fastbot][2026-06-02 15:45:04.505] :Sending rotation degree=0, persist=false
[Fastbot][2026-06-02 15:45:04.509] :Sending Touch (ACTION_DOWN): 0:(46.0,1238.0)
[Fastbot][2026-06-02 15:45:04.510] :Sending Touch (ACTION_MOVE): 0:(46.0,1238.0)
[Fastbot][2026-06-02 15:45:04.547] Wait Event for 20 milliseconds
[Fastbot][2026-06-02 15:45:04.621] :Sending Touch (ACTION_MOVE): 0:(149.3,1238.0)
[Fastbot][2026-06-02 15:45:04.623] Wait Event for 20 milliseconds
[Fastbot][2026-06-02 15:45:04.689] :Sending Touch (ACTION_MOVE): 0:(252.6,1238.0)
[Fastbot][2026-06-02 15:45:04.691] Wait Event for 20 milliseconds
[Fastbot][2026-06-02 15:45:04.714] :Sending Touch (ACTION_MOVE): 0:(355.90002,1238.0)
[Fastbot][2026-06-02 15:45:04.716] Wait Event for 20 milliseconds
[Fastbot][2026-06-02 15:45:04.739] :Sending Touch (ACTION_MOVE): 0:(459.2,1238.0)
[Fastbot][2026-06-02 15:45:04.740] Wait Event for 20 milliseconds
[Fastbot][2026-06-02 15:45:04.763] :Sending Touch (ACTION_MOVE): 0:(562.5,1238.0)
[Fastbot][2026-06-02 15:45:04.764]     //[calendar_time:2026-06-02 15:45:04.764  system_uptime:43775829]
[Fastbot][2026-06-02 15:45:04.765]     // Sending event #700
[Fastbot][2026-06-02 15:45:04.766] Wait Event for 20 milliseconds
[Fastbot][2026-06-02 15:45:04.795] :Sending Touch (ACTION_MOVE): 0:(665.80005,1238.0)
[Fastbot][2026-06-02 15:45:04.822] Wait Event for 20 milliseconds
[Fastbot][2026-06-02 15:45:04.846] :Sending Touch (ACTION_MOVE): 0:(769.1,1238.0)
[Fastbot][2026-06-02 15:45:04.848] Wait Event for 20 milliseconds
[Fastbot][2026-06-02 15:45:04.870] :Sending Touch (ACTION_MOVE): 0:(872.4,1238.0)
[Fastbot][2026-06-02 15:45:04.873] Wait Event for 20 milliseconds
[Fastbot][2026-06-02 15:45:04.898] :Sending Touch (ACTION_MOVE): 0:(975.69995,1238.0)
[Fastbot][2026-06-02 15:45:04.902] Wait Event for 20 milliseconds
[Fastbot][2026-06-02 15:45:04.942] :Sending Touch (ACTION_UP): 0:(1079.0,1238.0)
[Fastbot][2026-06-02 15:45:04.946] Sleeping for 200 milliseconds
[Fastbot][2026-06-02 15:45:05.148] [ProxyServer] Finish monkey step. Dumping hierarchy
[Fastbot][2026-06-02 15:45:05.148] --> POST http://127.0.0.1:9008/jsonrpc/0
[Fastbot][2026-06-02 15:45:05.148] Content-Type: application/json; charset=utf-8
[Fastbot][2026-06-02 15:45:05.148] Content-Length: 75
[Fastbot][2026-06-02 15:45:05.148] 
[Fastbot][2026-06-02 15:45:05.148] {"id":1,"jsonrpc":"2.0","method":"dumpWindowHierarchy","params":[false,50]}
[Fastbot][2026-06-02 15:45:05.148] --> END POST (75-byte body)
[Fastbot][2026-06-02 15:45:05.271] <-- 200 OK  http://127.0.0.1:9008/jsonrpc/0 (122ms)
[Fastbot][2026-06-02 15:45:05.271] Content-Type: application/json
[Fastbot][2026-06-02 15:45:05.271] Date: Tue, 2 Jun 2026 15:45:05 GMT
[Fastbot][2026-06-02 15:45:05.271] Connection: keep-alive
[Fastbot][2026-06-02 15:45:05.271] Transfer-Encoding: chunked
[Fastbot][2026-06-02 15:45:05.274] 
[Fastbot][2026-06-02 15:45:05.275] {"jsonrpc":"2.0","id":1,"result":"<?xml version='1.0' encoding='UTF-8' standalone='yes' ?>\r\n<hierarchy rotation=\"0\">\r\n  <node index=\"0\" text=\"\" resource-id=\"\" class=\"android.widget.FrameLayout\" package=\"com.android.systemui\" content-desc=\"\" checkable=\"false\" checked=\"false\" cli...[truncated]
[Fastbot][2026-06-02 15:45:05.276] <-- END HTTP (97949-byte body)
[Fastbot][2026-06-02 15:45:05.324] [ProxyServer] stepsCount: 61
[Fastbot][2026-06-02 15:45:05.324] [ProxyServer] receive request: stepMonkey
[Fastbot][2026-06-02 15:45:05.324] [MonkeySourceApeU2] stepsCount: 61
[Fastbot][2026-06-02 15:45:05.324] [MonkeySourceApeU2] Latest event is MonkeyEvent. Use the cached hierarchy.
[Fastbot][2026-06-02 15:45:05.325] [MonkeySourceApeU2] Successfully Got hierarchy
[Fastbot][2026-06-02 15:45:05.327] // Event id: 772
[Fastbot][2026-06-02 15:45:05.328] topActivity Name: ComponentInfo{de.rampro.activitydiary.debug/de.rampro.activitydiary.ui.history.HistoryDetailActivity}
[Fastbot][2026-06-02 15:45:05.328] // Dumped stringOfGuiTree
[Fastbot][2026-06-02 15:45:05.328] topActivityName: de.rampro.activitydiary.ui.history.HistoryDetailActivity
[Fastbot][2026-06-02 15:45:05.330] action type: CLICK
[Fastbot][2026-06-02 15:45:05.330] rpc cost time: 2
[Fastbot]*** WARNING *** checkVirtualKeyboard: Input only once.
[Fastbot][2026-06-02 15:45:05.333] :Sending rotation degree=0, persist=false
[Fastbot][2026-06-02 15:45:05.341] :Sending Touch (ACTION_DOWN): 0:(195.0,1271.0)
[Fastbot][2026-06-02 15:45:05.343] :Sending Touch (ACTION_UP): 0:(195.0,1271.0)
[Fastbot][2026-06-02 15:45:05.373] Sleeping for 200 milliseconds
[Fastbot][2026-06-02 15:45:05.575] [ProxyServer] Finish monkey step. Dumping hierarchy
[Fastbot][2026-06-02 15:45:05.576] --> POST http://127.0.0.1:9008/jsonrpc/0
[Fastbot][2026-06-02 15:45:05.576] Content-Type: application/json; charset=utf-8
[Fastbot][2026-06-02 15:45:05.576] Content-Length: 75
[Fastbot][2026-06-02 15:45:05.576] 
[Fastbot][2026-06-02 15:45:05.576] {"id":1,"jsonrpc":"2.0","method":"dumpWindowHierarchy","params":[false,50]}
[Fastbot][2026-06-02 15:45:05.576] --> END POST (75-byte body)
[Fastbot][2026-06-02 15:45:05.907] <-- 200 OK  http://127.0.0.1:9008/jsonrpc/0 (330ms)
[Fastbot][2026-06-02 15:45:05.907] Content-Type: application/json
[Fastbot][2026-06-02 15:45:05.907] Date: Tue, 2 Jun 2026 15:45:05 GMT
[Fastbot][2026-06-02 15:45:05.907] Connection: keep-alive
[Fastbot][2026-06-02 15:45:05.907] Transfer-Encoding: chunked
[Fastbot][2026-06-02 15:45:05.911] 
[Fastbot][2026-06-02 15:45:05.911] {"jsonrpc":"2.0","id":1,"result":"<?xml version='1.0' encoding='UTF-8' standalone='yes' ?>\r\n<hierarchy rotation=\"0\">\r\n  <node index=\"0\" text=\"\" resource-id=\"\" class=\"android.widget.FrameLayout\" package=\"com.android.systemui\" content-desc=\"\" checkable=\"false\" checked=\"false\" cli...[truncated]
[Fastbot][2026-06-02 15:45:05.911] <-- END HTTP (102299-byte body)
[Fastbot][2026-06-02 15:45:05.940] [ProxyServer] stepsCount: 62
[Fastbot][2026-06-02 15:45:05.940] [ProxyServer] receive request: stepMonkey
[Fastbot][2026-06-02 15:45:05.941] [MonkeySourceApeU2] stepsCount: 62
[Fastbot][2026-06-02 15:45:05.941] [MonkeySourceApeU2] Latest event is MonkeyEvent. Use the cached hierarchy.
[Fastbot][2026-06-02 15:45:05.942] [MonkeySourceApeU2] Successfully Got hierarchy
[Fastbot][2026-06-02 15:45:05.945] // Event id: 776
[Fastbot][2026-06-02 15:45:05.946] topActivity Name: ComponentInfo{de.rampro.activitydiary.debug/de.rampro.activitydiary.ui.history.HistoryDetailActivity}
[Fastbot][2026-06-02 15:45:05.946] // Dumped stringOfGuiTree
[Fastbot][2026-06-02 15:45:05.947] topActivityName: de.rampro.activitydiary.ui.history.HistoryDetailActivity
[Fastbot][2026-06-02 15:45:05.948] action type: CLICK
[Fastbot][2026-06-02 15:45:05.949] rpc cost time: 3
[Fastbot]*** WARNING *** checkVirtualKeyboard: Input only once.
[Fastbot][2026-06-02 15:45:05.951] :Sending rotation degree=0, persist=false
[Fastbot][2026-06-02 15:45:05.957] :Sending Touch (ACTION_DOWN): 0:(467.0,1031.0)
[Fastbot][2026-06-02 15:45:05.959] :Sending Touch (ACTION_UP): 0:(467.0,1031.0)
[Fastbot][2026-06-02 15:45:05.982] Sleeping for 264 milliseconds
[Fastbot][2026-06-02 15:45:06.249] [ProxyServer] Finish monkey step. Dumping hierarchy
[Fastbot][2026-06-02 15:45:06.250] --> POST http://127.0.0.1:9008/jsonrpc/0
[Fastbot][2026-06-02 15:45:06.250] Content-Type: application/json; charset=utf-8
[Fastbot][2026-06-02 15:45:06.250] Content-Length: 75
[Fastbot][2026-06-02 15:45:06.250] 
[Fastbot][2026-06-02 15:45:06.252] {"id":1,"jsonrpc":"2.0","method":"dumpWindowHierarchy","params":[false,50]}
[Fastbot][2026-06-02 15:45:06.252] --> END POST (75-byte body)
[Fastbot][2026-06-02 15:45:06.454] <-- 200 OK  http://127.0.0.1:9008/jsonrpc/0 (200ms)
[Fastbot][2026-06-02 15:45:06.454] Content-Type: application/json
[Fastbot][2026-06-02 15:45:06.454] Date: Tue, 2 Jun 2026 15:45:06 GMT
[Fastbot][2026-06-02 15:45:06.454] Connection: keep-alive
[Fastbot][2026-06-02 15:45:06.454] Transfer-Encoding: chunked
[Fastbot][2026-06-02 15:45:06.456] 
[Fastbot][2026-06-02 15:45:06.456] {"jsonrpc":"2.0","id":1,"result":"<?xml version='1.0' encoding='UTF-8' standalone='yes' ?>\r\n<hierarchy rotation=\"0\">\r\n  <node index=\"0\" text=\"\" resource-id=\"\" class=\"android.widget.FrameLayout\" package=\"com.android.systemui\" content-desc=\"\" checkable=\"false\" checked=\"false\" cli...[truncated]
[Fastbot][2026-06-02 15:45:06.457] <-- END HTTP (101400-byte body)
[Fastbot][2026-06-02 15:45:06.509] [ProxyServer] stepsCount: 63
[Fastbot][2026-06-02 15:45:06.509] [ProxyServer] receive request: stepMonkey
[Fastbot][2026-06-02 15:45:06.511] [MonkeySourceApeU2] stepsCount: 63
[Fastbot][2026-06-02 15:45:06.511] [MonkeySourceApeU2] Latest event is MonkeyEvent. Use the cached hierarchy.
[Fastbot][2026-06-02 15:45:06.512] [MonkeySourceApeU2] Successfully Got hierarchy
[Fastbot][2026-06-02 15:45:06.514] // Event id: 780
[Fastbot][2026-06-02 15:45:06.515] topActivity Name: ComponentInfo{de.rampro.activitydiary.debug/de.rampro.activitydiary.ui.history.HistoryDetailActivity}
[Fastbot][2026-06-02 15:45:06.519] // Dumped stringOfGuiTree
[Fastbot][2026-06-02 15:45:06.520] topActivityName: de.rampro.activitydiary.ui.history.HistoryDetailActivity
[Fastbot][2026-06-02 15:45:06.522] action type: SCROLL_LEFT_RIGHT
[Fastbot][2026-06-02 15:45:06.522] rpc cost time: 3
[Fastbot][2026-06-02 15:45:06.524] :Sending rotation degree=0, persist=false
[Fastbot][2026-06-02 15:45:06.531] :Sending Touch (ACTION_DOWN): 0:(452.5,962.0)
[Fastbot][2026-06-02 15:45:06.533] :Sending Touch (ACTION_MOVE): 0:(452.5,962.0)
[Fastbot][2026-06-02 15:45:06.536] Wait Event for 20 milliseconds
[Fastbot][2026-06-02 15:45:06.558] :Sending Touch (ACTION_MOVE): 0:(515.15,962.0)
[Fastbot][2026-06-02 15:45:06.559] Wait Event for 20 milliseconds
[Fastbot][2026-06-02 15:45:06.582] :Sending Touch (ACTION_MOVE): 0:(577.8,962.0)
[Fastbot][2026-06-02 15:45:06.588] Wait Event for 20 milliseconds
[Fastbot][2026-06-02 15:45:06.610] :Sending Touch (ACTION_MOVE): 0:(640.45,962.0)
[Fastbot][2026-06-02 15:45:06.612] Wait Event for 20 milliseconds
[Fastbot][2026-06-02 15:45:06.636] :Sending Touch (ACTION_MOVE): 0:(703.1,962.0)
[Fastbot][2026-06-02 15:45:06.638] Wait Event for 20 milliseconds
[Fastbot][2026-06-02 15:45:06.663] :Sending Touch (ACTION_MOVE): 0:(765.75,962.0)
[Fastbot][2026-06-02 15:45:06.665] Wait Event for 20 milliseconds
[Fastbot][2026-06-02 15:45:06.688] :Sending Touch (ACTION_MOVE): 0:(828.4,962.0)
[Fastbot][2026-06-02 15:45:06.690] Wait Event for 20 milliseconds
[Fastbot][2026-06-02 15:45:06.715] :Sending Touch (ACTION_MOVE): 0:(891.05,962.0)
[Fastbot][2026-06-02 15:45:06.717] Wait Event for 20 milliseconds
[Fastbot][2026-06-02 15:45:06.739] :Sending Touch (ACTION_MOVE): 0:(953.7,962.0)
[Fastbot][2026-06-02 15:45:06.742] Wait Event for 20 milliseconds
[Fastbot][2026-06-02 15:45:06.771] :Sending Touch (ACTION_MOVE): 0:(1016.35,962.0)
[Fastbot][2026-06-02 15:45:06.772] Wait Event for 20 milliseconds
[Fastbot][2026-06-02 15:45:06.797] :Sending Touch (ACTION_UP): 0:(1079.0,962.0)
[Fastbot][2026-06-02 15:45:06.799] Sleeping for 211 milliseconds
[Fastbot][2026-06-02 15:45:07.021] [ProxyServer] Finish monkey step. Dumping hierarchy
[Fastbot][2026-06-02 15:45:07.021] --> POST http://127.0.0.1:9008/jsonrpc/0
[Fastbot][2026-06-02 15:45:07.021] Content-Type: application/json; charset=utf-8
[Fastbot][2026-06-02 15:45:07.021] Content-Length: 75
[Fastbot][2026-06-02 15:45:07.022] 
[Fastbot][2026-06-02 15:45:07.022] {"id":1,"jsonrpc":"2.0","method":"dumpWindowHierarchy","params":[false,50]}
[Fastbot][2026-06-02 15:45:07.022] --> END POST (75-byte body)
[Fastbot][2026-06-02 15:45:07.144] <-- 200 OK  http://127.0.0.1:9008/jsonrpc/0 (122ms)
[Fastbot][2026-06-02 15:45:07.144] Content-Type: application/json
[Fastbot][2026-06-02 15:45:07.144] Date: Tue, 2 Jun 2026 15:45:07 GMT
[Fastbot][2026-06-02 15:45:07.144] Connection: keep-alive
[Fastbot][2026-06-02 15:45:07.145] Transfer-Encoding: chunked
[Fastbot][2026-06-02 15:45:07.187] 
[Fastbot][2026-06-02 15:45:07.188] {"jsonrpc":"2.0","id":1,"result":"<?xml version='1.0' encoding='UTF-8' standalone='yes' ?>\r\n<hierarchy rotation=\"0\">\r\n  <node index=\"0\" text=\"\" resource-id=\"\" class=\"android.widget.FrameLayout\" package=\"com.android.systemui\" content-desc=\"\" checkable=\"false\" checked=\"false\" cli...[truncated]
[Fastbot][2026-06-02 15:45:07.188] <-- END HTTP (101400-byte body)
[Fastbot][2026-06-02 15:45:07.246] [ProxyServer] stepsCount: 64
[Fastbot][2026-06-02 15:45:07.246] [ProxyServer] receive request: stepMonkey
[Fastbot][2026-06-02 15:45:07.247] [MonkeySourceApeU2] stepsCount: 64
[Fastbot][2026-06-02 15:45:07.247] [MonkeySourceApeU2] Latest event is MonkeyEvent. Use the cached hierarchy.
[Fastbot][2026-06-02 15:45:07.248] [MonkeySourceApeU2] Successfully Got hierarchy
[Fastbot][2026-06-02 15:45:07.250] // Event id: 804
[Fastbot][2026-06-02 15:45:07.250] topActivity Name: ComponentInfo{de.rampro.activitydiary.debug/de.rampro.activitydiary.ui.history.HistoryDetailActivity}
[Fastbot][2026-06-02 15:45:07.250] // Dumped stringOfGuiTree
[Fastbot][2026-06-02 15:45:07.250] topActivityName: de.rampro.activitydiary.ui.history.HistoryDetailActivity
[Fastbot][2026-06-02 15:45:07.252] action type: CLICK
[Fastbot][2026-06-02 15:45:07.252] rpc cost time: 2
[Fastbot]*** WARNING *** checkVirtualKeyboard: Input only once.
[Fastbot][2026-06-02 15:45:07.254] :Sending rotation degree=0, persist=false
[Fastbot][2026-06-02 15:45:07.262] :Sending Touch (ACTION_DOWN): 0:(541.0,889.0)
[Fastbot][2026-06-02 15:45:07.263] :Sending Touch (ACTION_UP): 0:(541.0,889.0)
[Fastbot][2026-06-02 15:45:07.275] Sleeping for 222 milliseconds
[Fastbot][2026-06-02 15:45:07.512] [ProxyServer] Finish monkey step. Dumping hierarchy
[Fastbot][2026-06-02 15:45:07.513] --> POST http://127.0.0.1:9008/jsonrpc/0
[Fastbot][2026-06-02 15:45:07.513] Content-Type: application/json; charset=utf-8
[Fastbot][2026-06-02 15:45:07.513] Content-Length: 75
[Fastbot][2026-06-02 15:45:07.516] 
[Fastbot][2026-06-02 15:45:07.516] {"id":1,"jsonrpc":"2.0","method":"dumpWindowHierarchy","params":[false,50]}
[Fastbot][2026-06-02 15:45:07.516] --> END POST (75-byte body)
[Fastbot][2026-06-02 15:45:07.803] <-- 200 OK  http://127.0.0.1:9008/jsonrpc/0 (286ms)
[Fastbot][2026-06-02 15:45:07.804] Content-Type: application/json
[Fastbot][2026-06-02 15:45:07.804] Date: Tue, 2 Jun 2026 15:45:07 GMT
[Fastbot][2026-06-02 15:45:07.804] Connection: keep-alive
[Fastbot][2026-06-02 15:45:07.804] Transfer-Encoding: chunked
[Fastbot][2026-06-02 15:45:07.805] 
[Fastbot][2026-06-02 15:45:07.806] {"jsonrpc":"2.0","id":1,"result":"<?xml version='1.0' encoding='UTF-8' standalone='yes' ?>\r\n<hierarchy rotation=\"0\">\r\n  <node index=\"0\" text=\"\" resource-id=\"\" class=\"android.widget.FrameLayout\" package=\"com.android.systemui\" content-desc=\"\" checkable=\"false\" checked=\"false\" cli...[truncated]
[Fastbot][2026-06-02 15:45:07.806] <-- END HTTP (97110-byte body)
[Fastbot][2026-06-02 15:45:07.872] [ProxyServer] stepsCount: 65
[Fastbot][2026-06-02 15:45:07.873] [ProxyServer] receive request: stepMonkey
[Fastbot][2026-06-02 15:45:07.875] [MonkeySourceApeU2] stepsCount: 65
[Fastbot][2026-06-02 15:45:07.875] [MonkeySourceApeU2] Latest event is MonkeyEvent. Use the cached hierarchy.
[Fastbot][2026-06-02 15:45:07.875] [MonkeySourceApeU2] Successfully Got hierarchy
[Fastbot][2026-06-02 15:45:07.878] // Event id: 808
[Fastbot][2026-06-02 15:45:07.878] topActivity Name: ComponentInfo{de.rampro.activitydiary.debug/de.rampro.activitydiary.ui.history.HistoryDetailActivity}
[Fastbot][2026-06-02 15:45:07.878] // Dumped stringOfGuiTree
[Fastbot][2026-06-02 15:45:07.878] topActivityName: de.rampro.activitydiary.ui.history.HistoryDetailActivity
[Fastbot][2026-06-02 15:45:07.881] action type: BACK
[Fastbot][2026-06-02 15:45:07.881] rpc cost time: 3
[Fastbot][2026-06-02 15:45:07.928] :Sending rotation degree=0, persist=false
[Fastbot][2026-06-02 15:45:07.935] :Sending Key (ACTION_DOWN): 4    // KEYCODE_BACK
[Fastbot][2026-06-02 15:45:07.939] :Sending Key (ACTION_UP): 4    // KEYCODE_BACK
[Fastbot][2026-06-02 15:45:07.944] Sleeping for 236 milliseconds
[Fastbot][2026-06-02 15:45:08.182] [ProxyServer] Finish monkey step. Dumping hierarchy
[Fastbot][2026-06-02 15:45:08.183] --> POST http://127.0.0.1:9008/jsonrpc/0
[Fastbot][2026-06-02 15:45:08.183] Content-Type: application/json; charset=utf-8
[Fastbot][2026-06-02 15:45:08.183] Content-Length: 75
[Fastbot][2026-06-02 15:45:08.183] 
[Fastbot][2026-06-02 15:45:08.183] {"id":1,"jsonrpc":"2.0","method":"dumpWindowHierarchy","params":[false,50]}
[Fastbot][2026-06-02 15:45:08.183] --> END POST (75-byte body)
[Fastbot][2026-06-02 15:45:08.245] <-- 200 OK  http://127.0.0.1:9008/jsonrpc/0 (61ms)
[Fastbot][2026-06-02 15:45:08.245] Content-Type: application/json
[Fastbot][2026-06-02 15:45:08.246] Date: Tue, 2 Jun 2026 15:45:08 GMT
[Fastbot][2026-06-02 15:45:08.246] Connection: keep-alive
[Fastbot][2026-06-02 15:45:08.246] Transfer-Encoding: chunked
[Fastbot][2026-06-02 15:45:08.249] 
[Fastbot][2026-06-02 15:45:08.250] {"jsonrpc":"2.0","id":1,"result":"<?xml version='1.0' encoding='UTF-8' standalone='yes' ?>\r\n<hierarchy rotation=\"0\">\r\n  <node index=\"0\" text=\"\" resource-id=\"\" class=\"android.widget.FrameLayout\" package=\"com.android.systemui\" content-desc=\"\" checkable=\"false\" checked=\"false\" cli...[truncated]
[Fastbot][2026-06-02 15:45:08.250] <-- END HTTP (35340-byte body)
[Fastbot][2026-06-02 15:45:08.271] [ProxyServer] stepsCount: 66
[Fastbot][2026-06-02 15:45:08.271] [ProxyServer] receive request: stepMonkey
[Fastbot][2026-06-02 15:45:08.271] [MonkeySourceApeU2] stepsCount: 66
[Fastbot][2026-06-02 15:45:08.271] [MonkeySourceApeU2] Latest event is MonkeyEvent. Use the cached hierarchy.
[Fastbot][2026-06-02 15:45:08.271] [MonkeySourceApeU2] Successfully Got hierarchy
[Fastbot][2026-06-02 15:45:08.273] // Event id: 812
[Fastbot][2026-06-02 15:45:08.273] topActivity Name: ComponentInfo{de.rampro.activitydiary.debug/de.rampro.activitydiary.ui.history.HistoryDetailActivity}
[Fastbot][2026-06-02 15:45:08.273] // Dumped stringOfGuiTree
[Fastbot][2026-06-02 15:45:08.273] topActivityName: de.rampro.activitydiary.ui.history.HistoryDetailActivity
[Fastbot][2026-06-02 15:45:08.275] action type: SCROLL_TOP_DOWN
[Fastbot][2026-06-02 15:45:08.275] rpc cost time: 2
[Fastbot][2026-06-02 15:45:08.277] :Sending rotation degree=0, persist=false
[Fastbot][2026-06-02 15:45:08.304] :Sending Touch (ACTION_DOWN): 0:(540.0,1008.0)
[Fastbot][2026-06-02 15:45:08.306] :Sending Touch (ACTION_MOVE): 0:(540.0,1008.0)
[Fastbot][2026-06-02 15:45:08.307] Wait Event for 20 milliseconds
[Fastbot][2026-06-02 15:45:08.339] :Sending Touch (ACTION_MOVE): 0:(540.0,1108.7)
[Fastbot][2026-06-02 15:45:08.341] Wait Event for 20 milliseconds
[Fastbot][2026-06-02 15:45:08.371] :Sending Touch (ACTION_MOVE): 0:(540.0,1209.4)
[Fastbot][2026-06-02 15:45:08.374] Wait Event for 20 milliseconds
[Fastbot][2026-06-02 15:45:08.396] :Sending Touch (ACTION_MOVE): 0:(540.0,1310.1)
[Fastbot][2026-06-02 15:45:08.399] Wait Event for 20 milliseconds
[Fastbot][2026-06-02 15:45:08.421] :Sending Touch (ACTION_MOVE): 0:(540.0,1410.8)
[Fastbot][2026-06-02 15:45:08.423] Wait Event for 20 milliseconds
[Fastbot][2026-06-02 15:45:08.447] :Sending Touch (ACTION_MOVE): 0:(540.0,1511.5)
[Fastbot][2026-06-02 15:45:08.449] Wait Event for 20 milliseconds
[Fastbot][2026-06-02 15:45:08.471] :Sending Touch (ACTION_MOVE): 0:(540.0,1612.2)
[Fastbot][2026-06-02 15:45:08.472] Wait Event for 20 milliseconds
[Fastbot][2026-06-02 15:45:08.494] :Sending Touch (ACTION_MOVE): 0:(540.0,1712.8999)
[Fastbot][2026-06-02 15:45:08.499] Wait Event for 20 milliseconds
[Fastbot][2026-06-02 15:45:08.536] :Sending Touch (ACTION_MOVE): 0:(540.0,1813.6001)
[Fastbot][2026-06-02 15:45:08.539] Wait Event for 20 milliseconds
[Fastbot][2026-06-02 15:45:08.562] :Sending Touch (ACTION_MOVE): 0:(540.0,1914.3)
[Fastbot][2026-06-02 15:45:08.565] Wait Event for 20 milliseconds
[Fastbot][2026-06-02 15:45:08.587] :Sending Touch (ACTION_UP): 0:(540.0,2015.0)
[Fastbot][2026-06-02 15:45:08.590] Sleeping for 200 milliseconds
[Fastbot][2026-06-02 15:45:08.794] [ProxyServer] Finish monkey step. Dumping hierarchy
[Fastbot][2026-06-02 15:45:08.795] --> POST http://127.0.0.1:9008/jsonrpc/0
[Fastbot][2026-06-02 15:45:08.796] Content-Type: application/json; charset=utf-8
[Fastbot][2026-06-02 15:45:08.796] Content-Length: 75
[Fastbot][2026-06-02 15:45:08.796] 
[Fastbot][2026-06-02 15:45:08.797] {"id":1,"jsonrpc":"2.0","method":"dumpWindowHierarchy","params":[false,50]}
[Fastbot][2026-06-02 15:45:08.797] --> END POST (75-byte body)
[Fastbot][2026-06-02 15:45:09.118] <-- 200 OK  http://127.0.0.1:9008/jsonrpc/0 (320ms)
[Fastbot][2026-06-02 15:45:09.118] Content-Type: application/json
[Fastbot][2026-06-02 15:45:09.118] Date: Tue, 2 Jun 2026 15:45:09 GMT
[Fastbot][2026-06-02 15:45:09.118] Connection: keep-alive
[Fastbot][2026-06-02 15:45:09.118] Transfer-Encoding: chunked
[Fastbot][2026-06-02 15:45:09.120] 
[Fastbot][2026-06-02 15:45:09.121] {"jsonrpc":"2.0","id":1,"result":"<?xml version='1.0' encoding='UTF-8' standalone='yes' ?>\r\n<hierarchy rotation=\"0\">\r\n  <node index=\"0\" text=\"\" resource-id=\"\" class=\"android.widget.FrameLayout\" package=\"com.android.systemui\" content-desc=\"\" checkable=\"false\" checked=\"false\" cli...[truncated]
[Fastbot][2026-06-02 15:45:09.122] <-- END HTTP (97949-byte body)
[Fastbot][2026-06-02 15:45:09.165] [ProxyServer] stepsCount: 67
[Fastbot][2026-06-02 15:45:09.165] [ProxyServer] receive request: stepMonkey
[Fastbot][2026-06-02 15:45:09.166] [MonkeySourceApeU2] stepsCount: 67
[Fastbot][2026-06-02 15:45:09.166] [MonkeySourceApeU2] Latest event is MonkeyEvent. Use the cached hierarchy.
[Fastbot][2026-06-02 15:45:09.167] [MonkeySourceApeU2] Successfully Got hierarchy
[Fastbot][2026-06-02 15:45:09.170] // Event id: 836
[Fastbot][2026-06-02 15:45:09.170] topActivity Name: ComponentInfo{de.rampro.activitydiary.debug/de.rampro.activitydiary.ui.history.HistoryDetailActivity}
[Fastbot][2026-06-02 15:45:09.170] // Dumped stringOfGuiTree
[Fastbot][2026-06-02 15:45:09.171] topActivityName: de.rampro.activitydiary.ui.history.HistoryDetailActivity
[Fastbot][2026-06-02 15:45:09.172] action type: CLICK
[Fastbot][2026-06-02 15:45:09.172] rpc cost time: 2
[Fastbot]*** WARNING *** checkVirtualKeyboard: Input only once.
[Fastbot][2026-06-02 15:45:09.174] :Sending rotation degree=0, persist=false
[Fastbot][2026-06-02 15:45:09.209] :Sending Touch (ACTION_DOWN): 0:(297.0,1244.0)
[Fastbot][2026-06-02 15:45:09.212] :Sending Touch (ACTION_UP): 0:(297.0,1244.0)
[Fastbot][2026-06-02 15:45:09.276] Sleeping for 200 milliseconds
[Fastbot][2026-06-02 15:45:09.481] [ProxyServer] Finish monkey step. Dumping hierarchy
[Fastbot][2026-06-02 15:45:09.481] --> POST http://127.0.0.1:9008/jsonrpc/0
[Fastbot][2026-06-02 15:45:09.481] Content-Type: application/json; charset=utf-8
[Fastbot][2026-06-02 15:45:09.482] Content-Length: 75
[Fastbot][2026-06-02 15:45:09.482] 
[Fastbot][2026-06-02 15:45:09.482] {"id":1,"jsonrpc":"2.0","method":"dumpWindowHierarchy","params":[false,50]}
[Fastbot][2026-06-02 15:45:09.482] --> END POST (75-byte body)
[Fastbot][2026-06-02 15:45:09.712] <-- 200 OK  http://127.0.0.1:9008/jsonrpc/0 (229ms)
[Fastbot][2026-06-02 15:45:09.712] Content-Type: application/json
[Fastbot][2026-06-02 15:45:09.712] Date: Tue, 2 Jun 2026 15:45:09 GMT
[Fastbot][2026-06-02 15:45:09.712] Connection: keep-alive
[Fastbot][2026-06-02 15:45:09.712] Transfer-Encoding: chunked
[Fastbot][2026-06-02 15:45:09.715] 
[Fastbot][2026-06-02 15:45:09.716] {"jsonrpc":"2.0","id":1,"result":"<?xml version='1.0' encoding='UTF-8' standalone='yes' ?>\r\n<hierarchy rotation=\"0\">\r\n  <node index=\"0\" text=\"\" resource-id=\"\" class=\"android.widget.FrameLayout\" package=\"de.rampro.activitydiary.debug\" content-desc=\"\" checkable=\"false\" checked=\"fa...[truncated]
[Fastbot][2026-06-02 15:45:09.716] <-- END HTTP (102299-byte body)
[Fastbot][2026-06-02 15:45:09.787] [ProxyServer] stepsCount: 68
[Fastbot][2026-06-02 15:45:09.787] [ProxyServer] receive request: stepMonkey
[Fastbot][2026-06-02 15:45:09.788] [MonkeySourceApeU2] stepsCount: 68
[Fastbot][2026-06-02 15:45:09.788] [MonkeySourceApeU2] Latest event is MonkeyEvent. Use the cached hierarchy.
[Fastbot][2026-06-02 15:45:09.789] [MonkeySourceApeU2] Successfully Got hierarchy
[Fastbot][2026-06-02 15:45:09.791] // Event id: 840
[Fastbot][2026-06-02 15:45:09.791] topActivity Name: ComponentInfo{de.rampro.activitydiary.debug/de.rampro.activitydiary.ui.history.HistoryDetailActivity}
[Fastbot][2026-06-02 15:45:09.792] // Dumped stringOfGuiTree
[Fastbot][2026-06-02 15:45:09.792] topActivityName: de.rampro.activitydiary.ui.history.HistoryDetailActivity
[Fastbot][2026-06-02 15:45:09.795] action type: SCROLL_RIGHT_LEFT
[Fastbot][2026-06-02 15:45:09.795] rpc cost time: 4
[Fastbot][2026-06-02 15:45:09.797] :Sending rotation degree=0, persist=false
[Fastbot][2026-06-02 15:45:09.803] :Sending Touch (ACTION_DOWN): 0:(304.5,1028.0)
[Fastbot][2026-06-02 15:45:09.804] :Sending Touch (ACTION_MOVE): 0:(304.5,1028.0)
[Fastbot][2026-06-02 15:45:09.806] Wait Event for 20 milliseconds
[Fastbot][2026-06-02 15:45:09.828] :Sending Touch (ACTION_MOVE): 0:(274.05,1028.0)
[Fastbot][2026-06-02 15:45:09.830] Wait Event for 20 milliseconds
[Fastbot][2026-06-02 15:45:09.854] :Sending Touch (ACTION_MOVE): 0:(243.6,1028.0)
[Fastbot][2026-06-02 15:45:09.854] Wait Event for 20 milliseconds
[Fastbot][2026-06-02 15:45:09.876] :Sending Touch (ACTION_MOVE): 0:(213.15,1028.0)
[Fastbot][2026-06-02 15:45:09.882] Wait Event for 20 milliseconds
[Fastbot][2026-06-02 15:45:09.904] :Sending Touch (ACTION_MOVE): 0:(182.7,1028.0)
[Fastbot][2026-06-02 15:45:09.905] Wait Event for 20 milliseconds
[Fastbot][2026-06-02 15:45:09.929] :Sending Touch (ACTION_MOVE): 0:(152.25,1028.0)
[Fastbot][2026-06-02 15:45:09.930] Wait Event for 20 milliseconds
[Fastbot][2026-06-02 15:45:09.952] :Sending Touch (ACTION_MOVE): 0:(121.79999,1028.0)
[Fastbot][2026-06-02 15:45:09.953] Wait Event for 20 milliseconds
[Fastbot][2026-06-02 15:45:09.974] :Sending Touch (ACTION_MOVE): 0:(91.350006,1028.0)
[Fastbot][2026-06-02 15:45:09.976] Wait Event for 20 milliseconds
[Fastbot][2026-06-02 15:45:09.997] :Sending Touch (ACTION_MOVE): 0:(60.899994,1028.0)
[Fastbot][2026-06-02 15:45:09.999] Wait Event for 20 milliseconds
[Fastbot][2026-06-02 15:45:10.021] :Sending Touch (ACTION_MOVE): 0:(30.450012,1028.0)
[Fastbot][2026-06-02 15:45:10.023] Wait Event for 20 milliseconds
[Fastbot][2026-06-02 15:45:10.045] :Sending Touch (ACTION_UP): 0:(0.0,1028.0)
[Fastbot][2026-06-02 15:45:10.047] Sleeping for 276 milliseconds
[Fastbot][2026-06-02 15:45:10.326] [ProxyServer] Finish monkey step. Dumping hierarchy
[Fastbot][2026-06-02 15:45:10.327] --> POST http://127.0.0.1:9008/jsonrpc/0
[Fastbot][2026-06-02 15:45:10.327] Content-Type: application/json; charset=utf-8
[Fastbot][2026-06-02 15:45:10.327] Content-Length: 75
[Fastbot][2026-06-02 15:45:10.328] 
[Fastbot][2026-06-02 15:45:10.328] {"id":1,"jsonrpc":"2.0","method":"dumpWindowHierarchy","params":[false,50]}
[Fastbot][2026-06-02 15:45:10.328] --> END POST (75-byte body)
[Fastbot][2026-06-02 15:45:10.414] <-- 200 OK  http://127.0.0.1:9008/jsonrpc/0 (86ms)
[Fastbot][2026-06-02 15:45:10.415] Content-Type: application/json
[Fastbot][2026-06-02 15:45:10.415] Date: Tue, 2 Jun 2026 15:45:10 GMT
[Fastbot][2026-06-02 15:45:10.415] Connection: keep-alive
[Fastbot][2026-06-02 15:45:10.415] Transfer-Encoding: chunked
[Fastbot][2026-06-02 15:45:10.418] 
[Fastbot][2026-06-02 15:45:10.418] {"jsonrpc":"2.0","id":1,"result":"<?xml version='1.0' encoding='UTF-8' standalone='yes' ?>\r\n<hierarchy rotation=\"0\">\r\n  <node index=\"0\" text=\"\" resource-id=\"\" class=\"android.widget.FrameLayout\" package=\"de.rampro.activitydiary.debug\" content-desc=\"\" checkable=\"false\" checked=\"fa...[truncated]
[Fastbot][2026-06-02 15:45:10.418] <-- END HTTP (102299-byte body)
[Fastbot][2026-06-02 15:45:10.459] [ProxyServer] stepsCount: 69
[Fastbot][2026-06-02 15:45:10.459] [ProxyServer] receive request: stepMonkey
[Fastbot][2026-06-02 15:45:10.460] [MonkeySourceApeU2] stepsCount: 69
[Fastbot][2026-06-02 15:45:10.460] [MonkeySourceApeU2] Latest event is MonkeyEvent. Use the cached hierarchy.
[Fastbot][2026-06-02 15:45:10.461] [MonkeySourceApeU2] Successfully Got hierarchy
[Fastbot][2026-06-02 15:45:10.464] // Event id: 864
[Fastbot][2026-06-02 15:45:10.464] topActivity Name: ComponentInfo{de.rampro.activitydiary.debug/de.rampro.activitydiary.ui.history.HistoryDetailActivity}
[Fastbot][2026-06-02 15:45:10.464] // Dumped stringOfGuiTree
[Fastbot][2026-06-02 15:45:10.464] topActivityName: de.rampro.activitydiary.ui.history.HistoryDetailActivity
[Fastbot][2026-06-02 15:45:10.466] action type: SCROLL_TOP_DOWN
[Fastbot][2026-06-02 15:45:10.466] rpc cost time: 2
[Fastbot][2026-06-02 15:45:10.468] :Sending rotation degree=0, persist=false
[Fastbot][2026-06-02 15:45:10.475] :Sending Touch (ACTION_DOWN): 0:(304.5,1028.0)
[Fastbot][2026-06-02 15:45:10.476] :Sending Touch (ACTION_MOVE): 0:(304.5,1028.0)
[Fastbot][2026-06-02 15:45:10.506] Wait Event for 20 milliseconds
[Fastbot][2026-06-02 15:45:10.528] :Sending Touch (ACTION_MOVE): 0:(304.5,1126.7)
[Fastbot][2026-06-02 15:45:10.530] Wait Event for 20 milliseconds
[Fastbot][2026-06-02 15:45:10.552]     //[calendar_time:2026-06-02 15:45:10.551  system_uptime:43781616]
[Fastbot][2026-06-02 15:45:10.552]     // Sending event #800
[Fastbot][2026-06-02 15:45:10.553]     //[calendar_time:2026-06-02 15:45:10.553  system_uptime:43781618]
[Fastbot][2026-06-02 15:45:10.554]     // Sending event #800
[Fastbot][2026-06-02 15:45:10.555] :Sending Touch (ACTION_MOVE): 0:(304.5,1225.4)
[Fastbot][2026-06-02 15:45:10.557] Wait Event for 20 milliseconds
[Fastbot][2026-06-02 15:45:10.582] :Sending Touch (ACTION_MOVE): 0:(304.5,1324.1)
[Fastbot][2026-06-02 15:45:10.620] Wait Event for 20 milliseconds
[Fastbot][2026-06-02 15:45:10.641] :Sending Touch (ACTION_MOVE): 0:(304.5,1422.8)
[Fastbot][2026-06-02 15:45:10.643] Wait Event for 20 milliseconds
[Fastbot][2026-06-02 15:45:10.666] :Sending Touch (ACTION_MOVE): 0:(304.5,1521.5)
[Fastbot][2026-06-02 15:45:10.701] Wait Event for 20 milliseconds
[Fastbot][2026-06-02 15:45:10.724] :Sending Touch (ACTION_MOVE): 0:(304.5,1620.2)
[Fastbot][2026-06-02 15:45:10.726] Wait Event for 20 milliseconds
[Fastbot][2026-06-02 15:45:10.750] :Sending Touch (ACTION_MOVE): 0:(304.5,1718.8999)
[Fastbot][2026-06-02 15:45:10.792] Wait Event for 20 milliseconds
[Fastbot][2026-06-02 15:45:10.835] :Sending Touch (ACTION_MOVE): 0:(304.5,1817.6001)
[Fastbot][2026-06-02 15:45:10.837] Wait Event for 20 milliseconds
[Fastbot][2026-06-02 15:45:10.860] :Sending Touch (ACTION_MOVE): 0:(304.5,1916.3)
[Fastbot][2026-06-02 15:45:10.882] Wait Event for 20 milliseconds
[Fastbot][2026-06-02 15:45:10.920] :Sending Touch (ACTION_UP): 0:(304.5,2015.0)
[Fastbot][2026-06-02 15:45:10.922] Sleeping for 257 milliseconds
[Fastbot][2026-06-02 15:45:11.204] [ProxyServer] Finish monkey step. Dumping hierarchy
[Fastbot][2026-06-02 15:45:11.205] --> POST http://127.0.0.1:9008/jsonrpc/0
[Fastbot][2026-06-02 15:45:11.205] Content-Type: application/json; charset=utf-8
[Fastbot][2026-06-02 15:45:11.205] Content-Length: 75
[Fastbot][2026-06-02 15:45:11.205] 
[Fastbot][2026-06-02 15:45:11.205] {"id":1,"jsonrpc":"2.0","method":"dumpWindowHierarchy","params":[false,50]}
[Fastbot][2026-06-02 15:45:11.205] --> END POST (75-byte body)
[Fastbot][2026-06-02 15:45:11.364] <-- 200 OK  http://127.0.0.1:9008/jsonrpc/0 (158ms)
[Fastbot][2026-06-02 15:45:11.364] Content-Type: application/json
[Fastbot][2026-06-02 15:45:11.365] Date: Tue, 2 Jun 2026 15:45:11 GMT
[Fastbot][2026-06-02 15:45:11.365] Connection: keep-alive
[Fastbot][2026-06-02 15:45:11.365] Transfer-Encoding: chunked
[Fastbot][2026-06-02 15:45:11.367] 
[Fastbot][2026-06-02 15:45:11.368] {"jsonrpc":"2.0","id":1,"result":"<?xml version='1.0' encoding='UTF-8' standalone='yes' ?>\r\n<hierarchy rotation=\"0\">\r\n  <node index=\"0\" text=\"\" resource-id=\"\" class=\"android.widget.FrameLayout\" package=\"de.rampro.activitydiary.debug\" content-desc=\"\" checkable=\"false\" checked=\"fa...[truncated]
[Fastbot][2026-06-02 15:45:11.369] <-- END HTTP (102299-byte body)
[Fastbot][2026-06-02 15:45:11.435] [ProxyServer] stepsCount: 70
[Fastbot][2026-06-02 15:45:11.436] [ProxyServer] receive request: stepMonkey
[Fastbot][2026-06-02 15:45:11.436] [MonkeySourceApeU2] stepsCount: 70
[Fastbot][2026-06-02 15:45:11.436] [MonkeySourceApeU2] Latest event is MonkeyEvent. Use the cached hierarchy.
[Fastbot][2026-06-02 15:45:11.437] [MonkeySourceApeU2] Successfully Got hierarchy
[Fastbot][2026-06-02 15:45:11.444] // Event id: 888
[Fastbot][2026-06-02 15:45:11.444] topActivity Name: ComponentInfo{de.rampro.activitydiary.debug/de.rampro.activitydiary.ui.history.HistoryDetailActivity}
[Fastbot][2026-06-02 15:45:11.444] // Dumped stringOfGuiTree
[Fastbot][2026-06-02 15:45:11.446] topActivityName: de.rampro.activitydiary.ui.history.HistoryDetailActivity
[Fastbot][2026-06-02 15:45:11.448] action type: SCROLL_BOTTOM_UP
[Fastbot][2026-06-02 15:45:11.448] rpc cost time: 4
[Fastbot][2026-06-02 15:45:11.471] :Sending rotation degree=0, persist=false
[Fastbot][2026-06-02 15:45:11.480] :Sending Touch (ACTION_DOWN): 0:(304.5,1028.0)
[Fastbot][2026-06-02 15:45:11.482] :Sending Touch (ACTION_MOVE): 0:(304.5,1028.0)
[Fastbot][2026-06-02 15:45:11.483] Wait Event for 20 milliseconds
[Fastbot][2026-06-02 15:45:11.516] :Sending Touch (ACTION_MOVE): 0:(304.5,931.8)
[Fastbot][2026-06-02 15:45:11.518] Wait Event for 20 milliseconds
[Fastbot][2026-06-02 15:45:11.551] :Sending Touch (ACTION_MOVE): 0:(304.5,835.6)
[Fastbot][2026-06-02 15:45:11.553] Wait Event for 20 milliseconds
[Fastbot][2026-06-02 15:45:11.587] :Sending Touch (ACTION_MOVE): 0:(304.5,739.4)
[Fastbot][2026-06-02 15:45:11.590] Wait Event for 20 milliseconds
[Fastbot][2026-06-02 15:45:11.628] :Sending Touch (ACTION_MOVE): 0:(304.5,643.19995)
[Fastbot][2026-06-02 15:45:11.630] Wait Event for 20 milliseconds
[Fastbot][2026-06-02 15:45:11.653] :Sending Touch (ACTION_MOVE): 0:(304.5,547.0)
[Fastbot][2026-06-02 15:45:11.655] Wait Event for 20 milliseconds
[Fastbot][2026-06-02 15:45:11.677] :Sending Touch (ACTION_MOVE): 0:(304.5,450.8)
[Fastbot][2026-06-02 15:45:11.680] Wait Event for 20 milliseconds
[Fastbot][2026-06-02 15:45:11.702] :Sending Touch (ACTION_MOVE): 0:(304.5,354.60004)
[Fastbot][2026-06-02 15:45:11.704] Wait Event for 20 milliseconds
[Fastbot][2026-06-02 15:45:11.726] :Sending Touch (ACTION_MOVE): 0:(304.5,258.39996)
[Fastbot][2026-06-02 15:45:11.728] Wait Event for 20 milliseconds
[Fastbot][2026-06-02 15:45:11.751] :Sending Touch (ACTION_MOVE): 0:(304.5,162.20001)
[Fastbot][2026-06-02 15:45:11.751] Wait Event for 20 milliseconds
[Fastbot][2026-06-02 15:45:11.773] :Sending Touch (ACTION_UP): 0:(304.5,82.0)
[Fastbot][2026-06-02 15:45:11.775] Sleeping for 217 milliseconds
[Fastbot][2026-06-02 15:45:11.994] [ProxyServer] Finish monkey step. Dumping hierarchy
[Fastbot][2026-06-02 15:45:11.995] --> POST http://127.0.0.1:9008/jsonrpc/0
[Fastbot][2026-06-02 15:45:11.995] Content-Type: application/json; charset=utf-8
[Fastbot][2026-06-02 15:45:11.996] Content-Length: 75
[Fastbot][2026-06-02 15:45:11.996] 
[Fastbot][2026-06-02 15:45:11.996] {"id":1,"jsonrpc":"2.0","method":"dumpWindowHierarchy","params":[false,50]}
[Fastbot][2026-06-02 15:45:11.996] --> END POST (75-byte body)
[Fastbot][2026-06-02 15:45:12.079] <-- 200 OK  http://127.0.0.1:9008/jsonrpc/0 (83ms)
[Fastbot][2026-06-02 15:45:12.079] Content-Type: application/json
[Fastbot][2026-06-02 15:45:12.079] Date: Tue, 2 Jun 2026 15:45:12 GMT
[Fastbot][2026-06-02 15:45:12.079] Connection: keep-alive
[Fastbot][2026-06-02 15:45:12.079] Transfer-Encoding: chunked
[Fastbot][2026-06-02 15:45:12.126] 
[Fastbot][2026-06-02 15:45:12.126] {"jsonrpc":"2.0","id":1,"result":"<?xml version='1.0' encoding='UTF-8' standalone='yes' ?>\r\n<hierarchy rotation=\"0\">\r\n  <node index=\"0\" text=\"\" resource-id=\"\" class=\"android.widget.FrameLayout\" package=\"de.rampro.activitydiary.debug\" content-desc=\"\" checkable=\"false\" checked=\"fa...[truncated]
[Fastbot][2026-06-02 15:45:12.127] <-- END HTTP (102299-byte body)
[Fastbot][2026-06-02 15:45:12.150] [ProxyServer] stepsCount: 71
[Fastbot][2026-06-02 15:45:12.150] [ProxyServer] receive request: stepMonkey
[Fastbot][2026-06-02 15:45:12.150] [MonkeySourceApeU2] stepsCount: 71
[Fastbot][2026-06-02 15:45:12.151] [MonkeySourceApeU2] Latest event is MonkeyEvent. Use the cached hierarchy.
[Fastbot][2026-06-02 15:45:12.152] [MonkeySourceApeU2] Successfully Got hierarchy
[Fastbot][2026-06-02 15:45:12.154] // Event id: 912
[Fastbot][2026-06-02 15:45:12.154] topActivity Name: ComponentInfo{de.rampro.activitydiary.debug/de.rampro.activitydiary.ui.history.HistoryDetailActivity}
[Fastbot][2026-06-02 15:45:12.154] // Dumped stringOfGuiTree
[Fastbot][2026-06-02 15:45:12.154] topActivityName: de.rampro.activitydiary.ui.history.HistoryDetailActivity
[Fastbot][2026-06-02 15:45:12.156] action type: BACK
[Fastbot][2026-06-02 15:45:12.156] rpc cost time: 2
[Fastbot][2026-06-02 15:45:12.198] :Sending rotation degree=0, persist=false
[Fastbot][2026-06-02 15:45:12.203] :Sending Key (ACTION_DOWN): 4    // KEYCODE_BACK
[Fastbot][2026-06-02 15:45:12.205] :Sending Key (ACTION_UP): 4    // KEYCODE_BACK
[Fastbot][2026-06-02 15:45:12.206] Sleeping for 249 milliseconds
[Fastbot][2026-06-02 15:45:12.457] [ProxyServer] Finish monkey step. Dumping hierarchy
[Fastbot][2026-06-02 15:45:12.457] --> POST http://127.0.0.1:9008/jsonrpc/0
[Fastbot][2026-06-02 15:45:12.457] Content-Type: application/json; charset=utf-8
[Fastbot][2026-06-02 15:45:12.458] Content-Length: 75
[Fastbot][2026-06-02 15:45:12.458] 
[Fastbot][2026-06-02 15:45:12.458] {"id":1,"jsonrpc":"2.0","method":"dumpWindowHierarchy","params":[false,50]}
[Fastbot][2026-06-02 15:45:12.458] --> END POST (75-byte body)
[Fastbot][2026-06-02 15:45:12.607] <-- 200 OK  http://127.0.0.1:9008/jsonrpc/0 (149ms)
[Fastbot][2026-06-02 15:45:12.607] Content-Type: application/json
[Fastbot][2026-06-02 15:45:12.607] Date: Tue, 2 Jun 2026 15:45:12 GMT
[Fastbot][2026-06-02 15:45:12.608] Connection: keep-alive
[Fastbot][2026-06-02 15:45:12.608] Transfer-Encoding: chunked
[Fastbot][2026-06-02 15:45:12.610] 
[Fastbot][2026-06-02 15:45:12.611] {"jsonrpc":"2.0","id":1,"result":"<?xml version='1.0' encoding='UTF-8' standalone='yes' ?>\r\n<hierarchy rotation=\"0\">\r\n  <node index=\"0\" text=\"\" resource-id=\"\" class=\"android.widget.FrameLayout\" package=\"com.android.systemui\" content-desc=\"\" checkable=\"false\" checked=\"false\" cli...[truncated]
[Fastbot][2026-06-02 15:45:12.611] <-- END HTTP (97949-byte body)
[Fastbot][2026-06-02 15:45:12.635] [ProxyServer] stepsCount: 72
[Fastbot][2026-06-02 15:45:12.635] [ProxyServer] receive request: stepMonkey
[Fastbot][2026-06-02 15:45:12.635] [MonkeySourceApeU2] stepsCount: 72
[Fastbot][2026-06-02 15:45:12.636] [MonkeySourceApeU2] Latest event is MonkeyEvent. Use the cached hierarchy.
[Fastbot][2026-06-02 15:45:12.636] [MonkeySourceApeU2] Successfully Got hierarchy
[Fastbot][2026-06-02 15:45:12.638] // Event id: 916
[Fastbot][2026-06-02 15:45:12.638] topActivity Name: ComponentInfo{de.rampro.activitydiary.debug/de.rampro.activitydiary.ui.history.HistoryDetailActivity}
[Fastbot][2026-06-02 15:45:12.638] // Dumped stringOfGuiTree
[Fastbot][2026-06-02 15:45:12.639] topActivityName: de.rampro.activitydiary.ui.history.HistoryDetailActivity
[Fastbot][2026-06-02 15:45:12.640] action type: CLICK
[Fastbot][2026-06-02 15:45:12.641] rpc cost time: 2
[Fastbot]*** WARNING *** checkVirtualKeyboard: Input only once.
[Fastbot][2026-06-02 15:45:12.642] :Sending rotation degree=0, persist=false
[Fastbot][2026-06-02 15:45:12.651] :Sending Touch (ACTION_DOWN): 0:(255.0,1289.0)
[Fastbot][2026-06-02 15:45:12.653] :Sending Touch (ACTION_UP): 0:(255.0,1289.0)
[Fastbot][2026-06-02 15:45:12.654] Sleeping for 200 milliseconds
[Fastbot][2026-06-02 15:45:12.860] [ProxyServer] Finish monkey step. Dumping hierarchy
[Fastbot][2026-06-02 15:45:12.860] --> POST http://127.0.0.1:9008/jsonrpc/0
[Fastbot][2026-06-02 15:45:12.861] Content-Type: application/json; charset=utf-8
[Fastbot][2026-06-02 15:45:12.861] Content-Length: 75
[Fastbot][2026-06-02 15:45:12.861] 
[Fastbot][2026-06-02 15:45:12.861] {"id":1,"jsonrpc":"2.0","method":"dumpWindowHierarchy","params":[false,50]}
[Fastbot][2026-06-02 15:45:12.861] --> END POST (75-byte body)
[Fastbot][2026-06-02 15:45:13.142] <-- 200 OK  http://127.0.0.1:9008/jsonrpc/0 (280ms)
[Fastbot][2026-06-02 15:45:13.142] Content-Type: application/json
[Fastbot][2026-06-02 15:45:13.147] Date: Tue, 2 Jun 2026 15:45:13 GMT
[Fastbot][2026-06-02 15:45:13.147] Connection: keep-alive
[Fastbot][2026-06-02 15:45:13.147] Transfer-Encoding: chunked
[Fastbot][2026-06-02 15:45:13.148] 
[Fastbot][2026-06-02 15:45:13.149] {"jsonrpc":"2.0","id":1,"result":"<?xml version='1.0' encoding='UTF-8' standalone='yes' ?>\r\n<hierarchy rotation=\"0\">\r\n  <node index=\"0\" text=\"\" resource-id=\"\" class=\"android.widget.FrameLayout\" package=\"com.android.systemui\" content-desc=\"\" checkable=\"false\" checked=\"false\" cli...[truncated]
[Fastbot][2026-06-02 15:45:13.149] <-- END HTTP (102299-byte body)
[Fastbot][2026-06-02 15:45:13.197] [ProxyServer] stepsCount: 73
[Fastbot][2026-06-02 15:45:13.197] [ProxyServer] receive request: stepMonkey
[Fastbot][2026-06-02 15:45:13.197] [MonkeySourceApeU2] stepsCount: 73
[Fastbot][2026-06-02 15:45:13.198] [MonkeySourceApeU2] Latest event is MonkeyEvent. Use the cached hierarchy.
[Fastbot][2026-06-02 15:45:13.198] [MonkeySourceApeU2] Successfully Got hierarchy
[Fastbot][2026-06-02 15:45:13.201] // Event id: 920
[Fastbot][2026-06-02 15:45:13.201] topActivity Name: ComponentInfo{de.rampro.activitydiary.debug/de.rampro.activitydiary.ui.history.HistoryDetailActivity}
[Fastbot][2026-06-02 15:45:13.201] // Dumped stringOfGuiTree
[Fastbot][2026-06-02 15:45:13.201] topActivityName: de.rampro.activitydiary.ui.history.HistoryDetailActivity
[Fastbot][2026-06-02 15:45:13.202] action type: CLICK
[Fastbot][2026-06-02 15:45:13.203] rpc cost time: 1
[Fastbot]*** WARNING *** checkVirtualKeyboard: Input only once.
[Fastbot][2026-06-02 15:45:13.204] :Sending rotation degree=0, persist=false
[Fastbot][2026-06-02 15:45:13.210] :Sending Touch (ACTION_DOWN): 0:(478.0,1009.0)
[Fastbot][2026-06-02 15:45:13.212] :Sending Touch (ACTION_UP): 0:(478.0,1009.0)
[Fastbot][2026-06-02 15:45:13.215] Sleeping for 200 milliseconds
[Fastbot][2026-06-02 15:45:13.429] [ProxyServer] Finish monkey step. Dumping hierarchy
[Fastbot][2026-06-02 15:45:13.430] --> POST http://127.0.0.1:9008/jsonrpc/0
[Fastbot][2026-06-02 15:45:13.430] Content-Type: application/json; charset=utf-8
[Fastbot][2026-06-02 15:45:13.430] Content-Length: 75
[Fastbot][2026-06-02 15:45:13.430] 
[Fastbot][2026-06-02 15:45:13.430] {"id":1,"jsonrpc":"2.0","method":"dumpWindowHierarchy","params":[false,50]}
[Fastbot][2026-06-02 15:45:13.430] --> END POST (75-byte body)
[Fastbot][2026-06-02 15:45:13.730] <-- 200 OK  http://127.0.0.1:9008/jsonrpc/0 (299ms)
[Fastbot][2026-06-02 15:45:13.730] Content-Type: application/json
[Fastbot][2026-06-02 15:45:13.730] Date: Tue, 2 Jun 2026 15:45:13 GMT
[Fastbot][2026-06-02 15:45:13.730] Connection: keep-alive
[Fastbot][2026-06-02 15:45:13.730] Transfer-Encoding: chunked
[Fastbot][2026-06-02 15:45:13.732] 
[Fastbot][2026-06-02 15:45:13.732] {"jsonrpc":"2.0","id":1,"result":"<?xml version='1.0' encoding='UTF-8' standalone='yes' ?>\r\n<hierarchy rotation=\"0\">\r\n  <node index=\"0\" text=\"\" resource-id=\"\" class=\"android.widget.FrameLayout\" package=\"com.android.systemui\" content-desc=\"\" checkable=\"false\" checked=\"false\" cli...[truncated]
[Fastbot][2026-06-02 15:45:13.733] <-- END HTTP (101400-byte body)
[Fastbot][2026-06-02 15:45:13.772] [ProxyServer] stepsCount: 74
[Fastbot][2026-06-02 15:45:13.772] [ProxyServer] receive request: stepMonkey
[Fastbot][2026-06-02 15:45:13.772] [MonkeySourceApeU2] stepsCount: 74
[Fastbot][2026-06-02 15:45:13.773] [MonkeySourceApeU2] Latest event is MonkeyEvent. Use the cached hierarchy.
[Fastbot][2026-06-02 15:45:13.773] [MonkeySourceApeU2] Successfully Got hierarchy
[Fastbot][2026-06-02 15:45:13.776] // Event id: 924
[Fastbot][2026-06-02 15:45:13.776] topActivity Name: ComponentInfo{de.rampro.activitydiary.debug/de.rampro.activitydiary.ui.history.HistoryDetailActivity}
[Fastbot][2026-06-02 15:45:13.777] // Dumped stringOfGuiTree
[Fastbot][2026-06-02 15:45:13.777] topActivityName: de.rampro.activitydiary.ui.history.HistoryDetailActivity
[Fastbot][2026-06-02 15:45:13.778] action type: SCROLL_RIGHT_LEFT
[Fastbot][2026-06-02 15:45:13.778] rpc cost time: 2
[Fastbot][2026-06-02 15:45:13.781] :Sending rotation degree=0, persist=false
[Fastbot][2026-06-02 15:45:13.789] :Sending Touch (ACTION_DOWN): 0:(452.5,962.0)
[Fastbot][2026-06-02 15:45:13.791] :Sending Touch (ACTION_MOVE): 0:(452.5,962.0)
[Fastbot][2026-06-02 15:45:13.792] Wait Event for 20 milliseconds
[Fastbot][2026-06-02 15:45:13.817] :Sending Touch (ACTION_MOVE): 0:(407.25,962.0)
[Fastbot][2026-06-02 15:45:13.819] Wait Event for 20 milliseconds
[Fastbot][2026-06-02 15:45:13.863] :Sending Touch (ACTION_MOVE): 0:(362.0,962.0)
[Fastbot][2026-06-02 15:45:13.878] Wait Event for 20 milliseconds
[Fastbot][2026-06-02 15:45:13.912] :Sending Touch (ACTION_MOVE): 0:(316.75,962.0)
[Fastbot][2026-06-02 15:45:13.918] Wait Event for 20 milliseconds
[Fastbot][2026-06-02 15:45:13.940] :Sending Touch (ACTION_MOVE): 0:(271.5,962.0)
[Fastbot][2026-06-02 15:45:13.942] Wait Event for 20 milliseconds
[Fastbot][2026-06-02 15:45:13.965] :Sending Touch (ACTION_MOVE): 0:(226.25,962.0)
[Fastbot][2026-06-02 15:45:13.972] Wait Event for 20 milliseconds
[Fastbot][2026-06-02 15:45:14.002] :Sending Touch (ACTION_MOVE): 0:(181.0,962.0)
[Fastbot][2026-06-02 15:45:14.004] Wait Event for 20 milliseconds
[Fastbot][2026-06-02 15:45:14.026] :Sending Touch (ACTION_MOVE): 0:(135.75,962.0)
[Fastbot][2026-06-02 15:45:14.037] Wait Event for 20 milliseconds
[Fastbot][2026-06-02 15:45:14.059] :Sending Touch (ACTION_MOVE): 0:(90.5,962.0)
[Fastbot][2026-06-02 15:45:14.060] Wait Event for 20 milliseconds
[Fastbot][2026-06-02 15:45:14.082] :Sending Touch (ACTION_MOVE): 0:(45.25,962.0)
[Fastbot][2026-06-02 15:45:14.084] Wait Event for 20 milliseconds
[Fastbot][2026-06-02 15:45:14.106] :Sending Touch (ACTION_UP): 0:(0.0,962.0)
[Fastbot][2026-06-02 15:45:14.115] Sleeping for 200 milliseconds
[Fastbot][2026-06-02 15:45:14.319] [ProxyServer] Finish monkey step. Dumping hierarchy
[Fastbot][2026-06-02 15:45:14.319] --> POST http://127.0.0.1:9008/jsonrpc/0
[Fastbot][2026-06-02 15:45:14.319] Content-Type: application/json; charset=utf-8
[Fastbot][2026-06-02 15:45:14.320] Content-Length: 75
[Fastbot][2026-06-02 15:45:14.320] 
[Fastbot][2026-06-02 15:45:14.320] {"id":1,"jsonrpc":"2.0","method":"dumpWindowHierarchy","params":[false,50]}
[Fastbot][2026-06-02 15:45:14.320] --> END POST (75-byte body)
[Fastbot][2026-06-02 15:45:14.406] <-- 200 OK  http://127.0.0.1:9008/jsonrpc/0 (85ms)
[Fastbot][2026-06-02 15:45:14.406] Content-Type: application/json
[Fastbot][2026-06-02 15:45:14.406] Date: Tue, 2 Jun 2026 15:45:14 GMT
[Fastbot][2026-06-02 15:45:14.406] Connection: keep-alive
[Fastbot][2026-06-02 15:45:14.406] Transfer-Encoding: chunked
[Fastbot][2026-06-02 15:45:14.411] 
[Fastbot][2026-06-02 15:45:14.411] {"jsonrpc":"2.0","id":1,"result":"<?xml version='1.0' encoding='UTF-8' standalone='yes' ?>\r\n<hierarchy rotation=\"0\">\r\n  <node index=\"0\" text=\"\" resource-id=\"\" class=\"android.widget.FrameLayout\" package=\"com.android.systemui\" content-desc=\"\" checkable=\"false\" checked=\"false\" cli...[truncated]
[Fastbot][2026-06-02 15:45:14.411] <-- END HTTP (101400-byte body)
[Fastbot][2026-06-02 15:45:14.452] [ProxyServer] stepsCount: 75
[Fastbot][2026-06-02 15:45:14.452] [ProxyServer] receive request: stepMonkey
[Fastbot][2026-06-02 15:45:14.452] [MonkeySourceApeU2] stepsCount: 75
[Fastbot][2026-06-02 15:45:14.452] [MonkeySourceApeU2] Latest event is MonkeyEvent. Use the cached hierarchy.
[Fastbot][2026-06-02 15:45:14.453] [MonkeySourceApeU2] Successfully Got hierarchy
[Fastbot][2026-06-02 15:45:14.455] // Event id: 948
[Fastbot][2026-06-02 15:45:14.455] topActivity Name: ComponentInfo{de.rampro.activitydiary.debug/de.rampro.activitydiary.ui.history.HistoryDetailActivity}
[Fastbot][2026-06-02 15:45:14.455] // Dumped stringOfGuiTree
[Fastbot][2026-06-02 15:45:14.455] topActivityName: de.rampro.activitydiary.ui.history.HistoryDetailActivity
[Fastbot][2026-06-02 15:45:14.456] action type: SCROLL_RIGHT_LEFT
[Fastbot][2026-06-02 15:45:14.456] rpc cost time: 1
[Fastbot][2026-06-02 15:45:14.457] :Sending rotation degree=0, persist=false
[Fastbot][2026-06-02 15:45:14.482] :Sending Touch (ACTION_DOWN): 0:(452.5,962.0)
[Fastbot][2026-06-02 15:45:14.485] :Sending Touch (ACTION_MOVE): 0:(452.5,962.0)
[Fastbot][2026-06-02 15:45:14.486] Wait Event for 20 milliseconds
[Fastbot][2026-06-02 15:45:14.519] :Sending Touch (ACTION_MOVE): 0:(407.25,962.0)
[Fastbot][2026-06-02 15:45:14.521] Wait Event for 20 milliseconds
[Fastbot][2026-06-02 15:45:14.557] :Sending Touch (ACTION_MOVE): 0:(362.0,962.0)
[Fastbot][2026-06-02 15:45:14.559] Wait Event for 20 milliseconds
[Fastbot][2026-06-02 15:45:14.583] :Sending Touch (ACTION_MOVE): 0:(316.75,962.0)
[Fastbot][2026-06-02 15:45:14.585] Wait Event for 20 milliseconds
[Fastbot][2026-06-02 15:45:14.628] :Sending Touch (ACTION_MOVE): 0:(271.5,962.0)
[Fastbot][2026-06-02 15:45:14.638] Wait Event for 20 milliseconds
[Fastbot][2026-06-02 15:45:14.660] :Sending Touch (ACTION_MOVE): 0:(226.25,962.0)
[Fastbot][2026-06-02 15:45:14.667] Wait Event for 20 milliseconds
[Fastbot][2026-06-02 15:45:14.691] :Sending Touch (ACTION_MOVE): 0:(181.0,962.0)
[Fastbot][2026-06-02 15:45:14.692] Wait Event for 20 milliseconds
[Fastbot][2026-06-02 15:45:14.715] :Sending Touch (ACTION_MOVE): 0:(135.75,962.0)
[Fastbot][2026-06-02 15:45:14.716] Wait Event for 20 milliseconds
[Fastbot][2026-06-02 15:45:14.741] :Sending Touch (ACTION_MOVE): 0:(90.5,962.0)
[Fastbot][2026-06-02 15:45:14.743] Wait Event for 20 milliseconds
[Fastbot][2026-06-02 15:45:14.770] :Sending Touch (ACTION_MOVE): 0:(45.25,962.0)
[Fastbot][2026-06-02 15:45:14.774] Wait Event for 20 milliseconds
[Fastbot][2026-06-02 15:45:14.803] :Sending Touch (ACTION_UP): 0:(0.0,962.0)
[Fastbot][2026-06-02 15:45:14.806] Sleeping for 200 milliseconds
[Fastbot][2026-06-02 15:45:15.009] [MonkeySourceApeU2] Profiling coverage...
[Fastbot][2026-06-02 15:45:15.009] [ProxyServer] Finish monkey step. Dumping hierarchy
[Fastbot][2026-06-02 15:45:15.010] --> POST http://127.0.0.1:9008/jsonrpc/0
[Fastbot][2026-06-02 15:45:15.010] Content-Type: application/json; charset=utf-8
[Fastbot][2026-06-02 15:45:15.010] Content-Length: 75
[Fastbot][2026-06-02 15:45:15.010] 
[Fastbot][2026-06-02 15:45:15.010] {"id":1,"jsonrpc":"2.0","method":"dumpWindowHierarchy","params":[false,50]}
[Fastbot][2026-06-02 15:45:15.010] --> END POST (75-byte body)
[Fastbot][2026-06-02 15:45:15.103] <-- 200 OK  http://127.0.0.1:9008/jsonrpc/0 (92ms)
[Fastbot][2026-06-02 15:45:15.104] Content-Type: application/json
[Fastbot][2026-06-02 15:45:15.104] Date: Tue, 2 Jun 2026 15:45:15 GMT
[Fastbot][2026-06-02 15:45:15.104] Connection: keep-alive
[Fastbot][2026-06-02 15:45:15.104] Transfer-Encoding: chunked
[Fastbot][2026-06-02 15:45:15.107] 
[Fastbot][2026-06-02 15:45:15.108] {"jsonrpc":"2.0","id":1,"result":"<?xml version='1.0' encoding='UTF-8' standalone='yes' ?>\r\n<hierarchy rotation=\"0\">\r\n  <node index=\"0\" text=\"\" resource-id=\"\" class=\"android.widget.FrameLayout\" package=\"com.android.systemui\" content-desc=\"\" checkable=\"false\" checked=\"false\" cli...[truncated]
[Fastbot][2026-06-02 15:45:15.108] <-- END HTTP (101400-byte body)
[Fastbot][2026-06-02 15:45:15.169] [ProxyServer] stepsCount: 76
[Fastbot][2026-06-02 15:45:15.169] [ProxyServer] receive request: stepMonkey
[Fastbot][2026-06-02 15:45:15.170] [MonkeySourceApeU2] stepsCount: 76
[Fastbot][2026-06-02 15:45:15.170] [MonkeySourceApeU2] Latest event is MonkeyEvent. Use the cached hierarchy.
[Fastbot][2026-06-02 15:45:15.170] [MonkeySourceApeU2] Successfully Got hierarchy
[Fastbot][2026-06-02 15:45:15.173] // Event id: 972
[Fastbot][2026-06-02 15:45:15.173] topActivity Name: ComponentInfo{de.rampro.activitydiary.debug/de.rampro.activitydiary.ui.history.HistoryDetailActivity}
[Fastbot][2026-06-02 15:45:15.173] // Dumped stringOfGuiTree
[Fastbot][2026-06-02 15:45:15.173] topActivityName: de.rampro.activitydiary.ui.history.HistoryDetailActivity
[Fastbot][2026-06-02 15:45:15.174] action type: CLICK
[Fastbot][2026-06-02 15:45:15.174] rpc cost time: 1
[Fastbot]*** WARNING *** checkVirtualKeyboard: Input only once.
[Fastbot][2026-06-02 15:45:15.176] :Sending rotation degree=0, persist=false
[Fastbot][2026-06-02 15:45:15.183] :Sending Touch (ACTION_DOWN): 0:(382.0,1013.0)
[Fastbot][2026-06-02 15:45:15.185] :Sending Touch (ACTION_UP): 0:(382.0,1013.0)
[Fastbot][2026-06-02 15:45:15.187] Sleeping for 200 milliseconds
[Fastbot][2026-06-02 15:45:15.391] [ProxyServer] Finish monkey step. Dumping hierarchy
[Fastbot][2026-06-02 15:45:15.392] --> POST http://127.0.0.1:9008/jsonrpc/0
[Fastbot][2026-06-02 15:45:15.392] Content-Type: application/json; charset=utf-8
[Fastbot][2026-06-02 15:45:15.392] Content-Length: 75
[Fastbot][2026-06-02 15:45:15.393] 
[Fastbot][2026-06-02 15:45:15.393] {"id":1,"jsonrpc":"2.0","method":"dumpWindowHierarchy","params":[false,50]}
[Fastbot][2026-06-02 15:45:15.393] --> END POST (75-byte body)
[Fastbot][2026-06-02 15:45:15.665] <-- 200 OK  http://127.0.0.1:9008/jsonrpc/0 (271ms)
[Fastbot][2026-06-02 15:45:15.665] Content-Type: application/json
[Fastbot][2026-06-02 15:45:15.665] Date: Tue, 2 Jun 2026 15:45:15 GMT
[Fastbot][2026-06-02 15:45:15.665] Connection: keep-alive
[Fastbot][2026-06-02 15:45:15.665] Transfer-Encoding: chunked
[Fastbot][2026-06-02 15:45:15.673] 
[Fastbot][2026-06-02 15:45:15.673] {"jsonrpc":"2.0","id":1,"result":"<?xml version='1.0' encoding='UTF-8' standalone='yes' ?>\r\n<hierarchy rotation=\"0\">\r\n  <node index=\"0\" text=\"\" resource-id=\"\" class=\"android.widget.FrameLayout\" package=\"com.android.systemui\" content-desc=\"\" checkable=\"false\" checked=\"false\" cli...[truncated]
[Fastbot][2026-06-02 15:45:15.673] <-- END HTTP (101409-byte body)
[Fastbot][2026-06-02 15:45:15.701] [ProxyServer] stepsCount: 77
[Fastbot][2026-06-02 15:45:15.701] [ProxyServer] receive request: stepMonkey
[Fastbot][2026-06-02 15:45:15.701] [MonkeySourceApeU2] stepsCount: 77
[Fastbot][2026-06-02 15:45:15.701] [MonkeySourceApeU2] Latest event is MonkeyEvent. Use the cached hierarchy.
[Fastbot][2026-06-02 15:45:15.702] [MonkeySourceApeU2] Successfully Got hierarchy
[Fastbot][2026-06-02 15:45:15.705] // Event id: 976
[Fastbot][2026-06-02 15:45:15.705] topActivity Name: ComponentInfo{de.rampro.activitydiary.debug/de.rampro.activitydiary.ui.history.HistoryDetailActivity}
[Fastbot][2026-06-02 15:45:15.705] // Dumped stringOfGuiTree
[Fastbot][2026-06-02 15:45:15.706] topActivityName: de.rampro.activitydiary.ui.history.HistoryDetailActivity
[Fastbot][2026-06-02 15:45:15.708] action type: SCROLL_TOP_DOWN
[Fastbot][2026-06-02 15:45:15.708] rpc cost time: 3
[Fastbot][2026-06-02 15:45:15.711] :Sending rotation degree=0, persist=false
[Fastbot][2026-06-02 15:45:15.716] :Sending Touch (ACTION_DOWN): 0:(452.5,962.0)
[Fastbot][2026-06-02 15:45:15.717]     //[calendar_time:2026-06-02 15:45:15.717  system_uptime:43786781]
[Fastbot][2026-06-02 15:45:15.717]     // Sending event #900
[Fastbot][2026-06-02 15:45:15.718] :Sending Touch (ACTION_MOVE): 0:(452.5,962.0)
[Fastbot][2026-06-02 15:45:15.720] Wait Event for 20 milliseconds
[Fastbot][2026-06-02 15:45:15.742] :Sending Touch (ACTION_MOVE): 0:(452.5,1067.3)
[Fastbot][2026-06-02 15:45:15.743] Wait Event for 20 milliseconds
[Fastbot][2026-06-02 15:45:15.775] :Sending Touch (ACTION_MOVE): 0:(452.5,1172.6)
[Fastbot][2026-06-02 15:45:15.776] Wait Event for 20 milliseconds
[Fastbot][2026-06-02 15:45:15.823] :Sending Touch (ACTION_MOVE): 0:(452.5,1277.9)
[Fastbot][2026-06-02 15:45:15.825] Wait Event for 20 milliseconds
[Fastbot][2026-06-02 15:45:15.848] :Sending Touch (ACTION_MOVE): 0:(452.5,1383.2)
[Fastbot][2026-06-02 15:45:15.850] Wait Event for 20 milliseconds
[Fastbot][2026-06-02 15:45:15.872] :Sending Touch (ACTION_MOVE): 0:(452.5,1488.5)
[Fastbot][2026-06-02 15:45:15.874] Wait Event for 20 milliseconds
[Fastbot][2026-06-02 15:45:15.897] :Sending Touch (ACTION_MOVE): 0:(452.5,1593.8)
[Fastbot][2026-06-02 15:45:15.899] Wait Event for 20 milliseconds
[Fastbot][2026-06-02 15:45:15.930] :Sending Touch (ACTION_MOVE): 0:(452.5,1699.1)
[Fastbot][2026-06-02 15:45:15.942] Wait Event for 20 milliseconds
[Fastbot][2026-06-02 15:45:15.965] :Sending Touch (ACTION_MOVE): 0:(452.5,1804.4)
[Fastbot][2026-06-02 15:45:15.967] Wait Event for 20 milliseconds
[Fastbot][2026-06-02 15:45:15.990] :Sending Touch (ACTION_MOVE): 0:(452.5,1909.7)
[Fastbot][2026-06-02 15:45:15.991] Wait Event for 20 milliseconds
[Fastbot][2026-06-02 15:45:16.013] :Sending Touch (ACTION_UP): 0:(452.5,2015.0)
[Fastbot][2026-06-02 15:45:16.019] Sleeping for 200 milliseconds
[Fastbot][2026-06-02 15:45:16.222] [ProxyServer] Finish monkey step. Dumping hierarchy
[Fastbot][2026-06-02 15:45:16.222] --> POST http://127.0.0.1:9008/jsonrpc/0
[Fastbot][2026-06-02 15:45:16.222] Content-Type: application/json; charset=utf-8
[Fastbot][2026-06-02 15:45:16.222] Content-Length: 75
[Fastbot][2026-06-02 15:45:16.222] 
[Fastbot][2026-06-02 15:45:16.222] {"id":1,"jsonrpc":"2.0","method":"dumpWindowHierarchy","params":[false,50]}
[Fastbot][2026-06-02 15:45:16.222] --> END POST (75-byte body)
[Fastbot][2026-06-02 15:45:16.319] <-- 200 OK  http://127.0.0.1:9008/jsonrpc/0 (96ms)
[Fastbot][2026-06-02 15:45:16.319] Content-Type: application/json
[Fastbot][2026-06-02 15:45:16.319] Date: Tue, 2 Jun 2026 15:45:16 GMT
[Fastbot][2026-06-02 15:45:16.319] Connection: keep-alive
[Fastbot][2026-06-02 15:45:16.319] Transfer-Encoding: chunked
[Fastbot][2026-06-02 15:45:16.327] 
[Fastbot][2026-06-02 15:45:16.328] {"jsonrpc":"2.0","id":1,"result":"<?xml version='1.0' encoding='UTF-8' standalone='yes' ?>\r\n<hierarchy rotation=\"0\">\r\n  <node index=\"0\" text=\"\" resource-id=\"\" class=\"android.widget.FrameLayout\" package=\"com.android.systemui\" content-desc=\"\" checkable=\"false\" checked=\"false\" cli...[truncated]
[Fastbot][2026-06-02 15:45:16.328] <-- END HTTP (102299-byte body)
[Fastbot][2026-06-02 15:45:16.371] [ProxyServer] stepsCount: 78
[Fastbot][2026-06-02 15:45:16.371] [ProxyServer] receive request: stepMonkey
[Fastbot][2026-06-02 15:45:16.371] [MonkeySourceApeU2] stepsCount: 78
[Fastbot][2026-06-02 15:45:16.371] [MonkeySourceApeU2] Latest event is MonkeyEvent. Use the cached hierarchy.
[Fastbot][2026-06-02 15:45:16.372] [MonkeySourceApeU2] Successfully Got hierarchy
[Fastbot][2026-06-02 15:45:16.375] // Event id: 1000
[Fastbot][2026-06-02 15:45:16.375] topActivity Name: ComponentInfo{de.rampro.activitydiary.debug/de.rampro.activitydiary.ui.history.HistoryDetailActivity}
[Fastbot][2026-06-02 15:45:16.375] // Dumped stringOfGuiTree
[Fastbot][2026-06-02 15:45:16.376] topActivityName: de.rampro.activitydiary.ui.history.HistoryDetailActivity
[Fastbot][2026-06-02 15:45:16.377] action type: SCROLL_TOP_DOWN
[Fastbot][2026-06-02 15:45:16.377] rpc cost time: 2
[Fastbot][2026-06-02 15:45:16.380] :Sending rotation degree=0, persist=false
[Fastbot][2026-06-02 15:45:16.387] :Sending Touch (ACTION_DOWN): 0:(304.5,1028.0)
[Fastbot][2026-06-02 15:45:16.388] :Sending Touch (ACTION_MOVE): 0:(304.5,1028.0)
[Fastbot][2026-06-02 15:45:16.389] Wait Event for 20 milliseconds
[Fastbot][2026-06-02 15:45:16.412] :Sending Touch (ACTION_MOVE): 0:(304.5,1126.7)
[Fastbot][2026-06-02 15:45:16.414] Wait Event for 20 milliseconds
[Fastbot][2026-06-02 15:45:16.437] :Sending Touch (ACTION_MOVE): 0:(304.5,1225.4)
[Fastbot][2026-06-02 15:45:16.443] Wait Event for 20 milliseconds
[Fastbot][2026-06-02 15:45:16.466] :Sending Touch (ACTION_MOVE): 0:(304.5,1324.1)
[Fastbot][2026-06-02 15:45:16.468] Wait Event for 20 milliseconds
[Fastbot][2026-06-02 15:45:16.490] :Sending Touch (ACTION_MOVE): 0:(304.5,1422.8)
[Fastbot][2026-06-02 15:45:16.507] Wait Event for 20 milliseconds
[Fastbot][2026-06-02 15:45:16.548] :Sending Touch (ACTION_MOVE): 0:(304.5,1521.5)
[Fastbot][2026-06-02 15:45:16.550] Wait Event for 20 milliseconds
[Fastbot][2026-06-02 15:45:16.572] :Sending Touch (ACTION_MOVE): 0:(304.5,1620.2)
[Fastbot][2026-06-02 15:45:16.579] Wait Event for 20 milliseconds
[Fastbot][2026-06-02 15:45:16.602] :Sending Touch (ACTION_MOVE): 0:(304.5,1718.8999)
[Fastbot][2026-06-02 15:45:16.603] Wait Event for 20 milliseconds
[Fastbot][2026-06-02 15:45:16.626] :Sending Touch (ACTION_MOVE): 0:(304.5,1817.6001)
[Fastbot][2026-06-02 15:45:16.628] Wait Event for 20 milliseconds
[Fastbot][2026-06-02 15:45:16.652] :Sending Touch (ACTION_MOVE): 0:(304.5,1916.3)
[Fastbot][2026-06-02 15:45:16.654] Wait Event for 20 milliseconds
[Fastbot][2026-06-02 15:45:16.677] :Sending Touch (ACTION_UP): 0:(304.5,2015.0)
[Fastbot][2026-06-02 15:45:16.698] Sleeping for 200 milliseconds
[Fastbot][2026-06-02 15:45:16.900] [ProxyServer] Finish monkey step. Dumping hierarchy
[Fastbot][2026-06-02 15:45:16.900] --> POST http://127.0.0.1:9008/jsonrpc/0
[Fastbot][2026-06-02 15:45:16.901] Content-Type: application/json; charset=utf-8
[Fastbot][2026-06-02 15:45:16.901] Content-Length: 75
[Fastbot][2026-06-02 15:45:16.901] 
[Fastbot][2026-06-02 15:45:16.901] {"id":1,"jsonrpc":"2.0","method":"dumpWindowHierarchy","params":[false,50]}
[Fastbot][2026-06-02 15:45:16.901] --> END POST (75-byte body)
[Fastbot][2026-06-02 15:45:17.074] <-- 200 OK  http://127.0.0.1:9008/jsonrpc/0 (173ms)
[Fastbot][2026-06-02 15:45:17.075] Content-Type: application/json
[Fastbot][2026-06-02 15:45:17.075] Date: Tue, 2 Jun 2026 15:45:17 GMT
[Fastbot][2026-06-02 15:45:17.075] Connection: keep-alive
[Fastbot][2026-06-02 15:45:17.075] Transfer-Encoding: chunked
[Fastbot][2026-06-02 15:45:17.085] 
[Fastbot][2026-06-02 15:45:17.087] {"jsonrpc":"2.0","id":1,"result":"<?xml version='1.0' encoding='UTF-8' standalone='yes' ?>\r\n<hierarchy rotation=\"0\">\r\n  <node index=\"0\" text=\"\" resource-id=\"\" class=\"android.widget.FrameLayout\" package=\"com.android.systemui\" content-desc=\"\" checkable=\"false\" checked=\"false\" cli...[truncated]
[Fastbot][2026-06-02 15:45:17.087] <-- END HTTP (101460-byte body)
[Fastbot][2026-06-02 15:45:17.118] [ProxyServer] stepsCount: 79
[Fastbot][2026-06-02 15:45:17.118] [ProxyServer] receive request: stepMonkey
[Fastbot][2026-06-02 15:45:17.118] [MonkeySourceApeU2] stepsCount: 79
[Fastbot][2026-06-02 15:45:17.118] [MonkeySourceApeU2] Latest event is MonkeyEvent. Use the cached hierarchy.
[Fastbot][2026-06-02 15:45:17.120] [MonkeySourceApeU2] Successfully Got hierarchy
[Fastbot][2026-06-02 15:45:17.122] // Event id: 1024
[Fastbot][2026-06-02 15:45:17.123] topActivity Name: ComponentInfo{de.rampro.activitydiary.debug/de.rampro.activitydiary.ui.history.HistoryDetailActivity}
[Fastbot][2026-06-02 15:45:17.123] // Dumped stringOfGuiTree
[Fastbot][2026-06-02 15:45:17.123] topActivityName: de.rampro.activitydiary.ui.history.HistoryDetailActivity
[Fastbot][2026-06-02 15:45:17.126] action type: CLICK
[Fastbot][2026-06-02 15:45:17.126] rpc cost time: 3
[Fastbot]*** WARNING *** checkVirtualKeyboard: Input only once.
[Fastbot][2026-06-02 15:45:17.129] :Sending rotation degree=0, persist=false
[Fastbot][2026-06-02 15:45:17.137] :Sending Touch (ACTION_DOWN): 0:(553.0,962.0)
[Fastbot][2026-06-02 15:45:17.139] :Sending Touch (ACTION_UP): 0:(553.0,962.0)
[Fastbot][2026-06-02 15:45:17.141] Sleeping for 200 milliseconds
[Fastbot][2026-06-02 15:45:17.344] [ProxyServer] Finish monkey step. Dumping hierarchy
[Fastbot][2026-06-02 15:45:17.345] --> POST http://127.0.0.1:9008/jsonrpc/0
[Fastbot][2026-06-02 15:45:17.346] Content-Type: application/json; charset=utf-8
[Fastbot][2026-06-02 15:45:17.346] Content-Length: 75
[Fastbot][2026-06-02 15:45:17.347] 
[Fastbot][2026-06-02 15:45:17.347] {"id":1,"jsonrpc":"2.0","method":"dumpWindowHierarchy","params":[false,50]}
[Fastbot][2026-06-02 15:45:17.347] --> END POST (75-byte body)
[Fastbot][2026-06-02 15:45:17.692] <-- 200 OK  http://127.0.0.1:9008/jsonrpc/0 (345ms)
[Fastbot][2026-06-02 15:45:17.692] Content-Type: application/json
[Fastbot][2026-06-02 15:45:17.693] Date: Tue, 2 Jun 2026 15:45:17 GMT
[Fastbot][2026-06-02 15:45:17.693] Connection: keep-alive
[Fastbot][2026-06-02 15:45:17.693] Transfer-Encoding: chunked
[Fastbot][2026-06-02 15:45:17.697] 
[Fastbot][2026-06-02 15:45:17.697] {"jsonrpc":"2.0","id":1,"result":"<?xml version='1.0' encoding='UTF-8' standalone='yes' ?>\r\n<hierarchy rotation=\"0\">\r\n  <node index=\"0\" text=\"\" resource-id=\"\" class=\"android.widget.FrameLayout\" package=\"com.android.systemui\" content-desc=\"\" checkable=\"false\" checked=\"false\" cli...[truncated]
[Fastbot][2026-06-02 15:45:17.697] <-- END HTTP (100561-byte body)
[Fastbot][2026-06-02 15:45:17.721] [ProxyServer] stepsCount: 80
[Fastbot][2026-06-02 15:45:17.721] [ProxyServer] receive request: stepMonkey
[Fastbot][2026-06-02 15:45:17.722] [MonkeySourceApeU2] stepsCount: 80
[Fastbot][2026-06-02 15:45:17.722] [MonkeySourceApeU2] Latest event is MonkeyEvent. Use the cached hierarchy.
[Fastbot][2026-06-02 15:45:17.723] [MonkeySourceApeU2] Successfully Got hierarchy
[Fastbot][2026-06-02 15:45:17.727] // Event id: 1028
[Fastbot][2026-06-02 15:45:17.727] topActivity Name: ComponentInfo{de.rampro.activitydiary.debug/de.rampro.activitydiary.ui.history.HistoryDetailActivity}
[Fastbot][2026-06-02 15:45:17.728] // Dumped stringOfGuiTree
[Fastbot][2026-06-02 15:45:17.728] topActivityName: de.rampro.activitydiary.ui.history.HistoryDetailActivity
[Fastbot][2026-06-02 15:45:17.731] action type: CLICK
[Fastbot][2026-06-02 15:45:17.736] rpc cost time: 8
[Fastbot]*** WARNING *** checkVirtualKeyboard: Input only once.
[Fastbot][2026-06-02 15:45:17.738] :Sending rotation degree=0, persist=false
[Fastbot][2026-06-02 15:45:17.764] :Sending Touch (ACTION_DOWN): 0:(429.0,1022.0)
[Fastbot][2026-06-02 15:45:17.767] :Sending Touch (ACTION_UP): 0:(429.0,1022.0)
[Fastbot][2026-06-02 15:45:17.769] Sleeping for 200 milliseconds
[Fastbot][2026-06-02 15:45:17.971] [ProxyServer] Finish monkey step. Dumping hierarchy
[Fastbot][2026-06-02 15:45:17.972] --> POST http://127.0.0.1:9008/jsonrpc/0
[Fastbot][2026-06-02 15:45:17.972] Content-Type: application/json; charset=utf-8
[Fastbot][2026-06-02 15:45:17.972] Content-Length: 75
[Fastbot][2026-06-02 15:45:17.972] 
[Fastbot][2026-06-02 15:45:17.973] {"id":1,"jsonrpc":"2.0","method":"dumpWindowHierarchy","params":[false,50]}
[Fastbot][2026-06-02 15:45:17.973] --> END POST (75-byte body)
[Fastbot][2026-06-02 15:45:18.254] <-- 200 OK  http://127.0.0.1:9008/jsonrpc/0 (281ms)
[Fastbot][2026-06-02 15:45:18.255] Content-Type: application/json
[Fastbot][2026-06-02 15:45:18.255] Date: Tue, 2 Jun 2026 15:45:18 GMT
[Fastbot][2026-06-02 15:45:18.255] Connection: keep-alive
[Fastbot][2026-06-02 15:45:18.255] Transfer-Encoding: chunked
[Fastbot][2026-06-02 15:45:18.258] 
[Fastbot][2026-06-02 15:45:18.258] {"jsonrpc":"2.0","id":1,"result":"<?xml version='1.0' encoding='UTF-8' standalone='yes' ?>\r\n<hierarchy rotation=\"0\">\r\n  <node index=\"0\" text=\"\" resource-id=\"\" class=\"android.widget.FrameLayout\" package=\"com.android.systemui\" content-desc=\"\" checkable=\"false\" checked=\"false\" cli...[truncated]
[Fastbot][2026-06-02 15:45:18.258] <-- END HTTP (100570-byte body)
[Fastbot][2026-06-02 15:45:18.302] [ProxyServer] stepsCount: 81
[Fastbot][2026-06-02 15:45:18.302] [ProxyServer] receive request: stepMonkey
[Fastbot][2026-06-02 15:45:18.302] [MonkeySourceApeU2] stepsCount: 81
[Fastbot][2026-06-02 15:45:18.302] [MonkeySourceApeU2] Latest event is MonkeyEvent. Use the cached hierarchy.
[Fastbot][2026-06-02 15:45:18.303] [MonkeySourceApeU2] Successfully Got hierarchy
[Fastbot][2026-06-02 15:45:18.305] // Event id: 1032
[Fastbot][2026-06-02 15:45:18.306] topActivity Name: ComponentInfo{de.rampro.activitydiary.debug/de.rampro.activitydiary.ui.history.HistoryDetailActivity}
[Fastbot][2026-06-02 15:45:18.306] // Dumped stringOfGuiTree
[Fastbot][2026-06-02 15:45:18.306] topActivityName: de.rampro.activitydiary.ui.history.HistoryDetailActivity
[Fastbot][2026-06-02 15:45:18.307] action type: SCROLL_RIGHT_LEFT
[Fastbot][2026-06-02 15:45:18.308] rpc cost time: 2
[Fastbot][2026-06-02 15:45:18.311] :Sending rotation degree=0, persist=false
[Fastbot][2026-06-02 15:45:18.319] :Sending Touch (ACTION_DOWN): 0:(452.5,962.0)
[Fastbot][2026-06-02 15:45:18.322] :Sending Touch (ACTION_MOVE): 0:(452.5,962.0)
[Fastbot][2026-06-02 15:45:18.324] Wait Event for 20 milliseconds
[Fastbot][2026-06-02 15:45:18.350] :Sending Touch (ACTION_MOVE): 0:(407.25,962.0)
[Fastbot][2026-06-02 15:45:18.352] Wait Event for 20 milliseconds
[Fastbot][2026-06-02 15:45:18.380] :Sending Touch (ACTION_MOVE): 0:(362.0,962.0)
[Fastbot][2026-06-02 15:45:18.382] Wait Event for 20 milliseconds
[Fastbot][2026-06-02 15:45:18.405] :Sending Touch (ACTION_MOVE): 0:(316.75,962.0)
[Fastbot][2026-06-02 15:45:18.408] Wait Event for 20 milliseconds
[Fastbot][2026-06-02 15:45:18.432] :Sending Touch (ACTION_MOVE): 0:(271.5,962.0)
[Fastbot][2026-06-02 15:45:18.435] Wait Event for 20 milliseconds
[Fastbot][2026-06-02 15:45:18.457] :Sending Touch (ACTION_MOVE): 0:(226.25,962.0)
[Fastbot][2026-06-02 15:45:18.470] Wait Event for 20 milliseconds
[Fastbot][2026-06-02 15:45:18.494] :Sending Touch (ACTION_MOVE): 0:(181.0,962.0)
[Fastbot][2026-06-02 15:45:18.512] Wait Event for 20 milliseconds
[Fastbot][2026-06-02 15:45:18.534] :Sending Touch (ACTION_MOVE): 0:(135.75,962.0)
[Fastbot][2026-06-02 15:45:18.546] Wait Event for 20 milliseconds
[Fastbot][2026-06-02 15:45:18.568] :Sending Touch (ACTION_MOVE): 0:(90.5,962.0)
[Fastbot][2026-06-02 15:45:18.570] Wait Event for 20 milliseconds
[Fastbot][2026-06-02 15:45:18.591] :Sending Touch (ACTION_MOVE): 0:(45.25,962.0)
[Fastbot][2026-06-02 15:45:18.593] Wait Event for 20 milliseconds
[Fastbot][2026-06-02 15:45:18.617] :Sending Touch (ACTION_UP): 0:(0.0,962.0)
[Fastbot][2026-06-02 15:45:18.630] Sleeping for 200 milliseconds
[Fastbot][2026-06-02 15:45:18.833] [ProxyServer] Finish monkey step. Dumping hierarchy
[Fastbot][2026-06-02 15:45:18.833] --> POST http://127.0.0.1:9008/jsonrpc/0
[Fastbot][2026-06-02 15:45:18.833] Content-Type: application/json; charset=utf-8
[Fastbot][2026-06-02 15:45:18.834] Content-Length: 75
[Fastbot][2026-06-02 15:45:18.834] 
[Fastbot][2026-06-02 15:45:18.834] {"id":1,"jsonrpc":"2.0","method":"dumpWindowHierarchy","params":[false,50]}
[Fastbot][2026-06-02 15:45:18.834] --> END POST (75-byte body)
[Fastbot][2026-06-02 15:45:18.940] <-- 200 OK  http://127.0.0.1:9008/jsonrpc/0 (104ms)
[Fastbot][2026-06-02 15:45:18.940] Content-Type: application/json
[Fastbot][2026-06-02 15:45:18.940] Date: Tue, 2 Jun 2026 15:45:18 GMT
[Fastbot][2026-06-02 15:45:18.940] Connection: keep-alive
[Fastbot][2026-06-02 15:45:18.940] Transfer-Encoding: chunked
[Fastbot][2026-06-02 15:45:18.951] 
[Fastbot][2026-06-02 15:45:18.951] {"jsonrpc":"2.0","id":1,"result":"<?xml version='1.0' encoding='UTF-8' standalone='yes' ?>\r\n<hierarchy rotation=\"0\">\r\n  <node index=\"0\" text=\"\" resource-id=\"\" class=\"android.widget.FrameLayout\" package=\"com.android.systemui\" content-desc=\"\" checkable=\"false\" checked=\"false\" cli...[truncated]
[Fastbot][2026-06-02 15:45:18.951] <-- END HTTP (101460-byte body)
[Fastbot][2026-06-02 15:45:18.991] [ProxyServer] stepsCount: 82
[Fastbot][2026-06-02 15:45:18.991] [ProxyServer] receive request: stepMonkey
[Fastbot][2026-06-02 15:45:18.991] [MonkeySourceApeU2] stepsCount: 82
[Fastbot][2026-06-02 15:45:18.992] [MonkeySourceApeU2] Latest event is MonkeyEvent. Use the cached hierarchy.
[Fastbot][2026-06-02 15:45:18.992] [MonkeySourceApeU2] Successfully Got hierarchy
[Fastbot][2026-06-02 15:45:18.995] // Event id: 1056
[Fastbot][2026-06-02 15:45:18.995] topActivity Name: ComponentInfo{de.rampro.activitydiary.debug/de.rampro.activitydiary.ui.history.HistoryDetailActivity}
[Fastbot][2026-06-02 15:45:18.995] // Dumped stringOfGuiTree
[Fastbot][2026-06-02 15:45:18.995] topActivityName: de.rampro.activitydiary.ui.history.HistoryDetailActivity
[Fastbot][2026-06-02 15:45:18.997] action type: SCROLL_RIGHT_LEFT
[Fastbot][2026-06-02 15:45:18.997] rpc cost time: 2
[Fastbot][2026-06-02 15:45:18.998] :Sending rotation degree=0, persist=false
[Fastbot][2026-06-02 15:45:19.005] :Sending Touch (ACTION_DOWN): 0:(304.5,1028.0)
[Fastbot][2026-06-02 15:45:19.007] :Sending Touch (ACTION_MOVE): 0:(304.5,1028.0)
[Fastbot][2026-06-02 15:45:19.010] Wait Event for 20 milliseconds
[Fastbot][2026-06-02 15:45:19.032] :Sending Touch (ACTION_MOVE): 0:(274.05,1028.0)
[Fastbot][2026-06-02 15:45:19.033] Wait Event for 20 milliseconds
[Fastbot][2026-06-02 15:45:19.070] :Sending Touch (ACTION_MOVE): 0:(243.6,1028.0)
[Fastbot][2026-06-02 15:45:19.072] Wait Event for 20 milliseconds
[Fastbot][2026-06-02 15:45:19.110] :Sending Touch (ACTION_MOVE): 0:(213.15,1028.0)
[Fastbot][2026-06-02 15:45:19.113] Wait Event for 20 milliseconds
[Fastbot][2026-06-02 15:45:19.135] :Sending Touch (ACTION_MOVE): 0:(182.7,1028.0)
[Fastbot][2026-06-02 15:45:19.137] Wait Event for 20 milliseconds
[Fastbot][2026-06-02 15:45:19.160] :Sending Touch (ACTION_MOVE): 0:(152.25,1028.0)
[Fastbot][2026-06-02 15:45:19.162] Wait Event for 20 milliseconds
[Fastbot][2026-06-02 15:45:19.185] :Sending Touch (ACTION_MOVE): 0:(121.79999,1028.0)
[Fastbot][2026-06-02 15:45:19.186] Wait Event for 20 milliseconds
[Fastbot][2026-06-02 15:45:19.208] :Sending Touch (ACTION_MOVE): 0:(91.350006,1028.0)
[Fastbot][2026-06-02 15:45:19.210] Wait Event for 20 milliseconds
[Fastbot][2026-06-02 15:45:19.236] :Sending Touch (ACTION_MOVE): 0:(60.899994,1028.0)
[Fastbot][2026-06-02 15:45:19.237] Wait Event for 20 milliseconds
[Fastbot][2026-06-02 15:45:19.260] :Sending Touch (ACTION_MOVE): 0:(30.450012,1028.0)
[Fastbot][2026-06-02 15:45:19.261] Wait Event for 20 milliseconds
[Fastbot][2026-06-02 15:45:19.309] :Sending Touch (ACTION_UP): 0:(0.0,1028.0)
[Fastbot][2026-06-02 15:45:19.312] Sleeping for 200 milliseconds
[Fastbot][2026-06-02 15:45:19.514] [ProxyServer] Finish monkey step. Dumping hierarchy
[Fastbot][2026-06-02 15:45:19.515] --> POST http://127.0.0.1:9008/jsonrpc/0
[Fastbot][2026-06-02 15:45:19.516] Content-Type: application/json; charset=utf-8
[Fastbot][2026-06-02 15:45:19.516] Content-Length: 75
[Fastbot][2026-06-02 15:45:19.516] 
[Fastbot][2026-06-02 15:45:19.516] {"id":1,"jsonrpc":"2.0","method":"dumpWindowHierarchy","params":[false,50]}
[Fastbot][2026-06-02 15:45:19.516] --> END POST (75-byte body)
[Fastbot][2026-06-02 15:45:19.632] <-- 200 OK  http://127.0.0.1:9008/jsonrpc/0 (116ms)
[Fastbot][2026-06-02 15:45:19.632] Content-Type: application/json
[Fastbot][2026-06-02 15:45:19.632] Date: Tue, 2 Jun 2026 15:45:19 GMT
[Fastbot][2026-06-02 15:45:19.632] Connection: keep-alive
[Fastbot][2026-06-02 15:45:19.632] Transfer-Encoding: chunked
[Fastbot][2026-06-02 15:45:19.635] 
[Fastbot][2026-06-02 15:45:19.636] {"jsonrpc":"2.0","id":1,"result":"<?xml version='1.0' encoding='UTF-8' standalone='yes' ?>\r\n<hierarchy rotation=\"0\">\r\n  <node index=\"0\" text=\"\" resource-id=\"\" class=\"android.widget.FrameLayout\" package=\"com.android.systemui\" content-desc=\"\" checkable=\"false\" checked=\"false\" cli...[truncated]
[Fastbot][2026-06-02 15:45:19.636] <-- END HTTP (101460-byte body)
[Fastbot][2026-06-02 15:45:19.683] [ProxyServer] stepsCount: 83
[Fastbot][2026-06-02 15:45:19.684] [ProxyServer] receive request: stepMonkey
[Fastbot][2026-06-02 15:45:19.684] [MonkeySourceApeU2] stepsCount: 83
[Fastbot][2026-06-02 15:45:19.684] [MonkeySourceApeU2] Latest event is MonkeyEvent. Use the cached hierarchy.
[Fastbot][2026-06-02 15:45:19.684] [MonkeySourceApeU2] Successfully Got hierarchy
[Fastbot][2026-06-02 15:45:19.686] // Event id: 1080
[Fastbot][2026-06-02 15:45:19.686] topActivity Name: ComponentInfo{de.rampro.activitydiary.debug/de.rampro.activitydiary.ui.history.HistoryDetailActivity}
[Fastbot][2026-06-02 15:45:19.686] // Dumped stringOfGuiTree
[Fastbot][2026-06-02 15:45:19.687] topActivityName: de.rampro.activitydiary.ui.history.HistoryDetailActivity
[Fastbot][2026-06-02 15:45:19.687] action type: SCROLL_RIGHT_LEFT
[Fastbot][2026-06-02 15:45:19.687] rpc cost time: 1
[Fastbot][2026-06-02 15:45:19.689] :Sending rotation degree=0, persist=false
[Fastbot][2026-06-02 15:45:19.695] :Sending Touch (ACTION_DOWN): 0:(304.5,1028.0)
[Fastbot][2026-06-02 15:45:19.724] :Sending Touch (ACTION_MOVE): 0:(304.5,1028.0)
[Fastbot][2026-06-02 15:45:19.725] Wait Event for 20 milliseconds
[Fastbot][2026-06-02 15:45:19.747]     //[calendar_time:2026-06-02 15:45:19.747  system_uptime:43790812]
[Fastbot][2026-06-02 15:45:19.748]     // Sending event #1000
[Fastbot][2026-06-02 15:45:19.748]     //[calendar_time:2026-06-02 15:45:19.748  system_uptime:43790813]
[Fastbot][2026-06-02 15:45:19.748]     // Sending event #1000
[Fastbot][2026-06-02 15:45:19.749] :Sending Touch (ACTION_MOVE): 0:(274.05,1028.0)
[Fastbot][2026-06-02 15:45:19.749] Wait Event for 20 milliseconds
[Fastbot][2026-06-02 15:45:19.771] :Sending Touch (ACTION_MOVE): 0:(243.6,1028.0)
[Fastbot][2026-06-02 15:45:19.772] Wait Event for 20 milliseconds
[Fastbot][2026-06-02 15:45:19.797] :Sending Touch (ACTION_MOVE): 0:(213.15,1028.0)
[Fastbot][2026-06-02 15:45:19.798] Wait Event for 20 milliseconds
[Fastbot][2026-06-02 15:45:19.820] :Sending Touch (ACTION_MOVE): 0:(182.7,1028.0)
[Fastbot][2026-06-02 15:45:19.821] Wait Event for 20 milliseconds
[Fastbot][2026-06-02 15:45:19.851] :Sending Touch (ACTION_MOVE): 0:(152.25,1028.0)
[Fastbot][2026-06-02 15:45:19.852] Wait Event for 20 milliseconds
[Fastbot][2026-06-02 15:45:19.888] :Sending Touch (ACTION_MOVE): 0:(121.79999,1028.0)
[Fastbot][2026-06-02 15:45:19.891] Wait Event for 20 milliseconds
[Fastbot][2026-06-02 15:45:19.914] :Sending Touch (ACTION_MOVE): 0:(91.350006,1028.0)
[Fastbot][2026-06-02 15:45:19.916] Wait Event for 20 milliseconds
[Fastbot][2026-06-02 15:45:19.938] :Sending Touch (ACTION_MOVE): 0:(60.899994,1028.0)
[Fastbot][2026-06-02 15:45:19.940] Wait Event for 20 milliseconds
[Fastbot][2026-06-02 15:45:19.970] :Sending Touch (ACTION_MOVE): 0:(30.450012,1028.0)
[Fastbot][2026-06-02 15:45:19.972] Wait Event for 20 milliseconds
[Fastbot][2026-06-02 15:45:20.008] :Sending Touch (ACTION_UP): 0:(0.0,1028.0)
[Fastbot][2026-06-02 15:45:20.010] Sleeping for 200 milliseconds
[Fastbot][2026-06-02 15:45:20.212] [ProxyServer] Finish monkey step. Dumping hierarchy
[Fastbot][2026-06-02 15:45:20.213] --> POST http://127.0.0.1:9008/jsonrpc/0
[Fastbot][2026-06-02 15:45:20.213] Content-Type: application/json; charset=utf-8
[Fastbot][2026-06-02 15:45:20.213] Content-Length: 75
[Fastbot][2026-06-02 15:45:20.213] 
[Fastbot][2026-06-02 15:45:20.213] {"id":1,"jsonrpc":"2.0","method":"dumpWindowHierarchy","params":[false,50]}
[Fastbot][2026-06-02 15:45:20.214] --> END POST (75-byte body)
[Fastbot][2026-06-02 15:45:20.284] <-- 200 OK  http://127.0.0.1:9008/jsonrpc/0 (70ms)
[Fastbot][2026-06-02 15:45:20.284] Content-Type: application/json
[Fastbot][2026-06-02 15:45:20.284] Date: Tue, 2 Jun 2026 15:45:20 GMT
[Fastbot][2026-06-02 15:45:20.284] Connection: keep-alive
[Fastbot][2026-06-02 15:45:20.284] Transfer-Encoding: chunked
[Fastbot][2026-06-02 15:45:20.287] 
[Fastbot][2026-06-02 15:45:20.288] {"jsonrpc":"2.0","id":1,"result":"<?xml version='1.0' encoding='UTF-8' standalone='yes' ?>\r\n<hierarchy rotation=\"0\">\r\n  <node index=\"0\" text=\"\" resource-id=\"\" class=\"android.widget.FrameLayout\" package=\"com.android.systemui\" content-desc=\"\" checkable=\"false\" checked=\"false\" cli...[truncated]
[Fastbot][2026-06-02 15:45:20.288] <-- END HTTP (101460-byte body)
[Fastbot][2026-06-02 15:45:20.344] [ProxyServer] stepsCount: 84
[Fastbot][2026-06-02 15:45:20.344] [ProxyServer] receive request: stepMonkey
[Fastbot][2026-06-02 15:45:20.344] [MonkeySourceApeU2] stepsCount: 84
[Fastbot][2026-06-02 15:45:20.344] [MonkeySourceApeU2] Latest event is MonkeyEvent. Use the cached hierarchy.
[Fastbot][2026-06-02 15:45:20.345] [MonkeySourceApeU2] Successfully Got hierarchy
[Fastbot][2026-06-02 15:45:20.347] // Event id: 1104
[Fastbot][2026-06-02 15:45:20.347] topActivity Name: ComponentInfo{de.rampro.activitydiary.debug/de.rampro.activitydiary.ui.history.HistoryDetailActivity}
[Fastbot][2026-06-02 15:45:20.347] // Dumped stringOfGuiTree
[Fastbot][2026-06-02 15:45:20.347] topActivityName: de.rampro.activitydiary.ui.history.HistoryDetailActivity
[Fastbot][2026-06-02 15:45:20.349] action type: CLICK
[Fastbot][2026-06-02 15:45:20.349] rpc cost time: 2
[Fastbot]*** WARNING *** checkVirtualKeyboard: Input only once.
[Fastbot][2026-06-02 15:45:20.351] :Sending rotation degree=0, persist=false
[Fastbot][2026-06-02 15:45:20.358] :Sending Touch (ACTION_DOWN): 0:(450.0,973.0)
[Fastbot][2026-06-02 15:45:20.360] :Sending Touch (ACTION_UP): 0:(450.0,973.0)
[Fastbot][2026-06-02 15:45:20.362] Sleeping for 200 milliseconds
[Fastbot][2026-06-02 15:45:20.565] [ProxyServer] Finish monkey step. Dumping hierarchy
[Fastbot][2026-06-02 15:45:20.565] --> POST http://127.0.0.1:9008/jsonrpc/0
[Fastbot][2026-06-02 15:45:20.565] Content-Type: application/json; charset=utf-8
[Fastbot][2026-06-02 15:45:20.565] Content-Length: 75
[Fastbot][2026-06-02 15:45:20.565] 
[Fastbot][2026-06-02 15:45:20.565] {"id":1,"jsonrpc":"2.0","method":"dumpWindowHierarchy","params":[false,50]}
[Fastbot][2026-06-02 15:45:20.565] --> END POST (75-byte body)
[Fastbot][2026-06-02 15:45:20.848] <-- 200 OK  http://127.0.0.1:9008/jsonrpc/0 (282ms)
[Fastbot][2026-06-02 15:45:20.848] Content-Type: application/json
[Fastbot][2026-06-02 15:45:20.848] Date: Tue, 2 Jun 2026 15:45:20 GMT
[Fastbot][2026-06-02 15:45:20.848] Connection: keep-alive
[Fastbot][2026-06-02 15:45:20.848] Transfer-Encoding: chunked
[Fastbot][2026-06-02 15:45:20.851] 
[Fastbot][2026-06-02 15:45:20.851] {"jsonrpc":"2.0","id":1,"result":"<?xml version='1.0' encoding='UTF-8' standalone='yes' ?>\r\n<hierarchy rotation=\"0\">\r\n  <node index=\"0\" text=\"\" resource-id=\"\" class=\"android.widget.FrameLayout\" package=\"com.android.systemui\" content-desc=\"\" checkable=\"false\" checked=\"false\" cli...[truncated]
[Fastbot][2026-06-02 15:45:20.852] <-- END HTTP (99231-byte body)
[Fastbot][2026-06-02 15:45:20.895] [ProxyServer] stepsCount: 85
[Fastbot][2026-06-02 15:45:20.895] [ProxyServer] receive request: stepMonkey
[Fastbot][2026-06-02 15:45:20.896] [MonkeySourceApeU2] stepsCount: 85
[Fastbot][2026-06-02 15:45:20.896] [MonkeySourceApeU2] Latest event is MonkeyEvent. Use the cached hierarchy.
[Fastbot][2026-06-02 15:45:20.897] [MonkeySourceApeU2] Successfully Got hierarchy
[Fastbot][2026-06-02 15:45:20.898] // Event id: 1108
[Fastbot][2026-06-02 15:45:20.899] topActivity Name: ComponentInfo{de.rampro.activitydiary.debug/de.rampro.activitydiary.ui.history.HistoryDetailActivity}
[Fastbot][2026-06-02 15:45:20.899] // Dumped stringOfGuiTree
[Fastbot][2026-06-02 15:45:20.899] topActivityName: de.rampro.activitydiary.ui.history.HistoryDetailActivity
[Fastbot][2026-06-02 15:45:20.900] action type: SCROLL_TOP_DOWN
[Fastbot][2026-06-02 15:45:20.900] rpc cost time: 1
[Fastbot][2026-06-02 15:45:20.901] :Sending rotation degree=0, persist=false
[Fastbot][2026-06-02 15:45:20.907] :Sending Touch (ACTION_DOWN): 0:(304.5,1028.0)
[Fastbot][2026-06-02 15:45:20.909] :Sending Touch (ACTION_MOVE): 0:(304.5,1028.0)
[Fastbot][2026-06-02 15:45:20.909] Wait Event for 20 milliseconds
[Fastbot][2026-06-02 15:45:20.931] :Sending Touch (ACTION_MOVE): 0:(304.5,1126.7)
[Fastbot][2026-06-02 15:45:20.932] Wait Event for 20 milliseconds
[Fastbot][2026-06-02 15:45:20.954] :Sending Touch (ACTION_MOVE): 0:(304.5,1225.4)
[Fastbot][2026-06-02 15:45:20.955] Wait Event for 20 milliseconds
[Fastbot][2026-06-02 15:45:20.977] :Sending Touch (ACTION_MOVE): 0:(304.5,1324.1)
[Fastbot][2026-06-02 15:45:20.979] Wait Event for 20 milliseconds
[Fastbot][2026-06-02 15:45:21.001] :Sending Touch (ACTION_MOVE): 0:(304.5,1422.8)
[Fastbot][2026-06-02 15:45:21.002] Wait Event for 20 milliseconds
[Fastbot][2026-06-02 15:45:21.026] :Sending Touch (ACTION_MOVE): 0:(304.5,1521.5)
[Fastbot][2026-06-02 15:45:21.028] Wait Event for 20 milliseconds
[Fastbot][2026-06-02 15:45:21.050] :Sending Touch (ACTION_MOVE): 0:(304.5,1620.2)
[Fastbot][2026-06-02 15:45:21.052] Wait Event for 20 milliseconds
[Fastbot][2026-06-02 15:45:21.076] :Sending Touch (ACTION_MOVE): 0:(304.5,1718.8999)
[Fastbot][2026-06-02 15:45:21.086] Wait Event for 20 milliseconds
[Fastbot][2026-06-02 15:45:21.113] :Sending Touch (ACTION_MOVE): 0:(304.5,1817.6001)
[Fastbot][2026-06-02 15:45:21.116] Wait Event for 20 milliseconds
[Fastbot][2026-06-02 15:45:21.140] :Sending Touch (ACTION_MOVE): 0:(304.5,1916.3)
[Fastbot][2026-06-02 15:45:21.143] Wait Event for 20 milliseconds
[Fastbot][2026-06-02 15:45:21.170] :Sending Touch (ACTION_UP): 0:(304.5,2015.0)
[Fastbot][2026-06-02 15:45:21.172] Sleeping for 268 milliseconds
[Fastbot][2026-06-02 15:45:21.443] [ProxyServer] Finish monkey step. Dumping hierarchy
[Fastbot][2026-06-02 15:45:21.443] --> POST http://127.0.0.1:9008/jsonrpc/0
[Fastbot][2026-06-02 15:45:21.443] Content-Type: application/json; charset=utf-8
[Fastbot][2026-06-02 15:45:21.443] Content-Length: 75
[Fastbot][2026-06-02 15:45:21.443] 
[Fastbot][2026-06-02 15:45:21.443] {"id":1,"jsonrpc":"2.0","method":"dumpWindowHierarchy","params":[false,50]}
[Fastbot][2026-06-02 15:45:21.443] --> END POST (75-byte body)
[Fastbot][2026-06-02 15:45:21.620] <-- 200 OK  http://127.0.0.1:9008/jsonrpc/0 (176ms)
[Fastbot][2026-06-02 15:45:21.620] Content-Type: application/json
[Fastbot][2026-06-02 15:45:21.620] Date: Tue, 2 Jun 2026 15:45:21 GMT
[Fastbot][2026-06-02 15:45:21.620] Connection: keep-alive
[Fastbot][2026-06-02 15:45:21.620] Transfer-Encoding: chunked
[Fastbot][2026-06-02 15:45:21.622] 
[Fastbot][2026-06-02 15:45:21.622] {"jsonrpc":"2.0","id":1,"result":"<?xml version='1.0' encoding='UTF-8' standalone='yes' ?>\r\n<hierarchy rotation=\"0\">\r\n  <node index=\"0\" text=\"\" resource-id=\"\" class=\"android.widget.FrameLayout\" package=\"com.android.systemui\" content-desc=\"\" checkable=\"false\" checked=\"false\" cli...[truncated]
[Fastbot][2026-06-02 15:45:21.622] <-- END HTTP (97110-byte body)
[Fastbot][2026-06-02 15:45:21.676] [ProxyServer] stepsCount: 86
[Fastbot][2026-06-02 15:45:21.676] [ProxyServer] receive request: stepMonkey
[Fastbot][2026-06-02 15:45:21.676] [MonkeySourceApeU2] stepsCount: 86
[Fastbot][2026-06-02 15:45:21.676] [MonkeySourceApeU2] Latest event is MonkeyEvent. Use the cached hierarchy.
[Fastbot][2026-06-02 15:45:21.677] [MonkeySourceApeU2] Successfully Got hierarchy
[Fastbot][2026-06-02 15:45:21.680] // Event id: 1132
[Fastbot][2026-06-02 15:45:21.680] topActivity Name: ComponentInfo{de.rampro.activitydiary.debug/de.rampro.activitydiary.ui.history.HistoryDetailActivity}
[Fastbot][2026-06-02 15:45:21.680] // Dumped stringOfGuiTree
[Fastbot][2026-06-02 15:45:21.680] topActivityName: de.rampro.activitydiary.ui.history.HistoryDetailActivity
[Fastbot][2026-06-02 15:45:21.682] action type: SCROLL_TOP_DOWN
[Fastbot][2026-06-02 15:45:21.682] rpc cost time: 2
[Fastbot][2026-06-02 15:45:21.684] :Sending rotation degree=0, persist=false
[Fastbot][2026-06-02 15:45:21.688] :Sending Touch (ACTION_DOWN): 0:(540.0,1008.0)
[Fastbot][2026-06-02 15:45:21.689] :Sending Touch (ACTION_MOVE): 0:(540.0,1008.0)
[Fastbot][2026-06-02 15:45:21.690] Wait Event for 20 milliseconds
[Fastbot][2026-06-02 15:45:21.713] :Sending Touch (ACTION_MOVE): 0:(540.0,1108.7)
[Fastbot][2026-06-02 15:45:21.714] Wait Event for 20 milliseconds
[Fastbot][2026-06-02 15:45:21.736] :Sending Touch (ACTION_MOVE): 0:(540.0,1209.4)
[Fastbot][2026-06-02 15:45:21.738] Wait Event for 20 milliseconds
[Fastbot][2026-06-02 15:45:21.760] :Sending Touch (ACTION_MOVE): 0:(540.0,1310.1)
[Fastbot][2026-06-02 15:45:21.761] Wait Event for 20 milliseconds
[Fastbot][2026-06-02 15:45:21.783] :Sending Touch (ACTION_MOVE): 0:(540.0,1410.8)
[Fastbot][2026-06-02 15:45:21.784] Wait Event for 20 milliseconds
[Fastbot][2026-06-02 15:45:21.805] :Sending Touch (ACTION_MOVE): 0:(540.0,1511.5)
[Fastbot][2026-06-02 15:45:21.807] Wait Event for 20 milliseconds
[Fastbot][2026-06-02 15:45:21.828] :Sending Touch (ACTION_MOVE): 0:(540.0,1612.2)
[Fastbot][2026-06-02 15:45:21.829] Wait Event for 20 milliseconds
[Fastbot][2026-06-02 15:45:21.851] :Sending Touch (ACTION_MOVE): 0:(540.0,1712.8999)
[Fastbot][2026-06-02 15:45:21.852] Wait Event for 20 milliseconds
[Fastbot][2026-06-02 15:45:21.874] :Sending Touch (ACTION_MOVE): 0:(540.0,1813.6001)
[Fastbot][2026-06-02 15:45:21.876] Wait Event for 20 milliseconds
[Fastbot][2026-06-02 15:45:21.897] :Sending Touch (ACTION_MOVE): 0:(540.0,1914.3)
[Fastbot][2026-06-02 15:45:21.898] Wait Event for 20 milliseconds
[Fastbot][2026-06-02 15:45:21.920] :Sending Touch (ACTION_UP): 0:(540.0,2015.0)
[Fastbot][2026-06-02 15:45:21.922] Sleeping for 200 milliseconds
[Fastbot][2026-06-02 15:45:22.136] [ProxyServer] Finish monkey step. Dumping hierarchy
[Fastbot][2026-06-02 15:45:22.136] --> POST http://127.0.0.1:9008/jsonrpc/0
[Fastbot][2026-06-02 15:45:22.136] Content-Type: application/json; charset=utf-8
[Fastbot][2026-06-02 15:45:22.137] Content-Length: 75
[Fastbot][2026-06-02 15:45:22.137] 
[Fastbot][2026-06-02 15:45:22.137] {"id":1,"jsonrpc":"2.0","method":"dumpWindowHierarchy","params":[false,50]}
[Fastbot][2026-06-02 15:45:22.137] --> END POST (75-byte body)
[Fastbot][2026-06-02 15:45:22.505] <-- 200 OK  http://127.0.0.1:9008/jsonrpc/0 (367ms)
[Fastbot][2026-06-02 15:45:22.505] Content-Type: application/json
[Fastbot][2026-06-02 15:45:22.505] Date: Tue, 2 Jun 2026 15:45:22 GMT
[Fastbot][2026-06-02 15:45:22.505] Connection: keep-alive
[Fastbot][2026-06-02 15:45:22.505] Transfer-Encoding: chunked
[Fastbot][2026-06-02 15:45:22.507] 
[Fastbot][2026-06-02 15:45:22.507] {"jsonrpc":"2.0","id":1,"result":"<?xml version='1.0' encoding='UTF-8' standalone='yes' ?>\r\n<hierarchy rotation=\"0\">\r\n  <node index=\"0\" text=\"\" resource-id=\"\" class=\"android.widget.FrameLayout\" package=\"com.android.systemui\" content-desc=\"\" checkable=\"false\" checked=\"false\" cli...[truncated]
[Fastbot][2026-06-02 15:45:22.507] <-- END HTTP (97110-byte body)
[Fastbot][2026-06-02 15:45:22.531] [ProxyServer] stepsCount: 87
[Fastbot][2026-06-02 15:45:22.531] [ProxyServer] receive request: stepMonkey
[Fastbot][2026-06-02 15:45:22.532] [MonkeySourceApeU2] stepsCount: 87
[Fastbot][2026-06-02 15:45:22.532] [MonkeySourceApeU2] Latest event is MonkeyEvent. Use the cached hierarchy.
[Fastbot][2026-06-02 15:45:22.532] [MonkeySourceApeU2] Successfully Got hierarchy
[Fastbot][2026-06-02 15:45:22.535] // Event id: 1156
[Fastbot][2026-06-02 15:45:22.535] topActivity Name: ComponentInfo{de.rampro.activitydiary.debug/de.rampro.activitydiary.ui.history.HistoryDetailActivity}
[Fastbot][2026-06-02 15:45:22.535] // Dumped stringOfGuiTree
[Fastbot][2026-06-02 15:45:22.536] topActivityName: de.rampro.activitydiary.ui.history.HistoryDetailActivity
[Fastbot][2026-06-02 15:45:22.538] action type: SCROLL_TOP_DOWN
[Fastbot][2026-06-02 15:45:22.538] rpc cost time: 3
[Fastbot][2026-06-02 15:45:22.541] :Sending rotation degree=0, persist=false
[Fastbot][2026-06-02 15:45:22.552] :Sending Touch (ACTION_DOWN): 0:(540.0,1008.0)
[Fastbot][2026-06-02 15:45:22.554] :Sending Touch (ACTION_MOVE): 0:(540.0,1008.0)
[Fastbot][2026-06-02 15:45:22.556] Wait Event for 20 milliseconds
[Fastbot][2026-06-02 15:45:22.586] :Sending Touch (ACTION_MOVE): 0:(540.0,1108.7)
[Fastbot][2026-06-02 15:45:22.588] Wait Event for 20 milliseconds
[Fastbot][2026-06-02 15:45:22.611] :Sending Touch (ACTION_MOVE): 0:(540.0,1209.4)
[Fastbot][2026-06-02 15:45:22.613] Wait Event for 20 milliseconds
[Fastbot][2026-06-02 15:45:22.635] :Sending Touch (ACTION_MOVE): 0:(540.0,1310.1)
[Fastbot][2026-06-02 15:45:22.636] Wait Event for 20 milliseconds
[Fastbot][2026-06-02 15:45:22.659] :Sending Touch (ACTION_MOVE): 0:(540.0,1410.8)
[Fastbot][2026-06-02 15:45:22.662] Wait Event for 20 milliseconds
[Fastbot][2026-06-02 15:45:22.685] :Sending Touch (ACTION_MOVE): 0:(540.0,1511.5)
[Fastbot][2026-06-02 15:45:22.687] Wait Event for 20 milliseconds
[Fastbot][2026-06-02 15:45:22.709] :Sending Touch (ACTION_MOVE): 0:(540.0,1612.2)
[Fastbot][2026-06-02 15:45:22.712] Wait Event for 20 milliseconds
[Fastbot][2026-06-02 15:45:22.735] :Sending Touch (ACTION_MOVE): 0:(540.0,1712.8999)
[Fastbot][2026-06-02 15:45:22.737] Wait Event for 20 milliseconds
[Fastbot][2026-06-02 15:45:22.759] :Sending Touch (ACTION_MOVE): 0:(540.0,1813.6001)
[Fastbot][2026-06-02 15:45:22.762] Wait Event for 20 milliseconds
[Fastbot][2026-06-02 15:45:22.785] :Sending Touch (ACTION_MOVE): 0:(540.0,1914.3)
[Fastbot][2026-06-02 15:45:22.787] Wait Event for 20 milliseconds
[Fastbot][2026-06-02 15:45:22.810] :Sending Touch (ACTION_UP): 0:(540.0,2015.0)
[Fastbot][2026-06-02 15:45:22.815] Sleeping for 200 milliseconds
[Fastbot][2026-06-02 15:45:23.020] [ProxyServer] Finish monkey step. Dumping hierarchy
[Fastbot][2026-06-02 15:45:23.020] --> POST http://127.0.0.1:9008/jsonrpc/0
[Fastbot][2026-06-02 15:45:23.020] Content-Type: application/json; charset=utf-8
[Fastbot][2026-06-02 15:45:23.020] Content-Length: 75
[Fastbot][2026-06-02 15:45:23.021] 
[Fastbot][2026-06-02 15:45:23.021] {"id":1,"jsonrpc":"2.0","method":"dumpWindowHierarchy","params":[false,50]}
[Fastbot][2026-06-02 15:45:23.021] --> END POST (75-byte body)
[Fastbot][2026-06-02 15:45:23.351] <-- 200 OK  http://127.0.0.1:9008/jsonrpc/0 (329ms)
[Fastbot][2026-06-02 15:45:23.351] Content-Type: application/json
[Fastbot][2026-06-02 15:45:23.351] Date: Tue, 2 Jun 2026 15:45:23 GMT
[Fastbot][2026-06-02 15:45:23.352] Connection: keep-alive
[Fastbot][2026-06-02 15:45:23.352] Transfer-Encoding: chunked
[Fastbot][2026-06-02 15:45:23.354] 
[Fastbot][2026-06-02 15:45:23.355] {"jsonrpc":"2.0","id":1,"result":"<?xml version='1.0' encoding='UTF-8' standalone='yes' ?>\r\n<hierarchy rotation=\"0\">\r\n  <node index=\"0\" text=\"\" resource-id=\"\" class=\"android.widget.FrameLayout\" package=\"com.android.systemui\" content-desc=\"\" checkable=\"false\" checked=\"false\" cli...[truncated]
[Fastbot][2026-06-02 15:45:23.355] <-- END HTTP (97110-byte body)
[Fastbot][2026-06-02 15:45:23.396] [ProxyServer] stepsCount: 88
[Fastbot][2026-06-02 15:45:23.396] [ProxyServer] receive request: stepMonkey
[Fastbot][2026-06-02 15:45:23.397] [MonkeySourceApeU2] stepsCount: 88
[Fastbot][2026-06-02 15:45:23.397] [MonkeySourceApeU2] Latest event is MonkeyEvent. Use the cached hierarchy.
[Fastbot][2026-06-02 15:45:23.397] [MonkeySourceApeU2] Successfully Got hierarchy
[Fastbot][2026-06-02 15:45:23.400] // Event id: 1180
[Fastbot][2026-06-02 15:45:23.400] topActivity Name: ComponentInfo{de.rampro.activitydiary.debug/de.rampro.activitydiary.ui.history.HistoryDetailActivity}
[Fastbot][2026-06-02 15:45:23.400] // Dumped stringOfGuiTree
[Fastbot][2026-06-02 15:45:23.401] topActivityName: de.rampro.activitydiary.ui.history.HistoryDetailActivity
[Fastbot][2026-06-02 15:45:23.404] action type: SCROLL_TOP_DOWN
[Fastbot][2026-06-02 15:45:23.404] rpc cost time: 4
[Fastbot][2026-06-02 15:45:23.407] :Sending rotation degree=0, persist=false
[Fastbot][2026-06-02 15:45:23.415] :Sending Touch (ACTION_DOWN): 0:(540.0,1008.0)
[Fastbot][2026-06-02 15:45:23.418] :Sending Touch (ACTION_MOVE): 0:(540.0,1008.0)
[Fastbot][2026-06-02 15:45:23.419] Wait Event for 20 milliseconds
[Fastbot][2026-06-02 15:45:23.441] :Sending Touch (ACTION_MOVE): 0:(540.0,1108.7)
[Fastbot][2026-06-02 15:45:23.442] Wait Event for 20 milliseconds
[Fastbot][2026-06-02 15:45:23.464] :Sending Touch (ACTION_MOVE): 0:(540.0,1209.4)
[Fastbot][2026-06-02 15:45:23.464] Wait Event for 20 milliseconds
[Fastbot][2026-06-02 15:45:23.487] :Sending Touch (ACTION_MOVE): 0:(540.0,1310.1)
[Fastbot][2026-06-02 15:45:23.488]     //[calendar_time:2026-06-02 15:45:23.488  system_uptime:43794552]
[Fastbot][2026-06-02 15:45:23.488]     // Sending event #1100
[Fastbot][2026-06-02 15:45:23.489] Wait Event for 20 milliseconds
[Fastbot][2026-06-02 15:45:23.510] :Sending Touch (ACTION_MOVE): 0:(540.0,1410.8)
[Fastbot][2026-06-02 15:45:23.512] Wait Event for 20 milliseconds
[Fastbot][2026-06-02 15:45:23.551] :Sending Touch (ACTION_MOVE): 0:(540.0,1511.5)
[Fastbot][2026-06-02 15:45:23.553] Wait Event for 20 milliseconds
[Fastbot][2026-06-02 15:45:23.574] :Sending Touch (ACTION_MOVE): 0:(540.0,1612.2)
[Fastbot][2026-06-02 15:45:23.576] Wait Event for 20 milliseconds
[Fastbot][2026-06-02 15:45:23.598] :Sending Touch (ACTION_MOVE): 0:(540.0,1712.8999)
[Fastbot][2026-06-02 15:45:23.600] Wait Event for 20 milliseconds
[Fastbot][2026-06-02 15:45:23.622] :Sending Touch (ACTION_MOVE): 0:(540.0,1813.6001)
[Fastbot][2026-06-02 15:45:23.623] Wait Event for 20 milliseconds
[Fastbot][2026-06-02 15:45:23.647] :Sending Touch (ACTION_MOVE): 0:(540.0,1914.3)
[Fastbot][2026-06-02 15:45:23.649] Wait Event for 20 milliseconds
[Fastbot][2026-06-02 15:45:23.671] :Sending Touch (ACTION_UP): 0:(540.0,2015.0)
[Fastbot][2026-06-02 15:45:23.674] Sleeping for 200 milliseconds
[Fastbot][2026-06-02 15:45:23.876] [ProxyServer] Finish monkey step. Dumping hierarchy
[Fastbot][2026-06-02 15:45:23.876] --> POST http://127.0.0.1:9008/jsonrpc/0
[Fastbot][2026-06-02 15:45:23.876] Content-Type: application/json; charset=utf-8
[Fastbot][2026-06-02 15:45:23.877] Content-Length: 75
[Fastbot][2026-06-02 15:45:23.877] 
[Fastbot][2026-06-02 15:45:23.877] {"id":1,"jsonrpc":"2.0","method":"dumpWindowHierarchy","params":[false,50]}
[Fastbot][2026-06-02 15:45:23.877] --> END POST (75-byte body)
[Fastbot][2026-06-02 15:45:24.019] <-- 200 OK  http://127.0.0.1:9008/jsonrpc/0 (142ms)
[Fastbot][2026-06-02 15:45:24.020] Content-Type: application/json
[Fastbot][2026-06-02 15:45:24.020] Date: Tue, 2 Jun 2026 15:45:24 GMT
[Fastbot][2026-06-02 15:45:24.020] Connection: keep-alive
[Fastbot][2026-06-02 15:45:24.020] Transfer-Encoding: chunked
[Fastbot][2026-06-02 15:45:24.020] 
[Fastbot][2026-06-02 15:45:24.021] {"jsonrpc":"2.0","id":1,"result":"<?xml version='1.0' encoding='UTF-8' standalone='yes' ?>\r\n<hierarchy rotation=\"0\">\r\n  <node index=\"0\" text=\"\" resource-id=\"\" class=\"android.widget.FrameLayout\" package=\"com.android.systemui\" content-desc=\"\" checkable=\"false\" checked=\"false\" cli...[truncated]
[Fastbot][2026-06-02 15:45:24.021] <-- END HTTP (97110-byte body)
[Fastbot][2026-06-02 15:45:24.063] [ProxyServer] stepsCount: 89
[Fastbot][2026-06-02 15:45:24.063] [ProxyServer] receive request: stepMonkey
[Fastbot][2026-06-02 15:45:24.064] [MonkeySourceApeU2] stepsCount: 89
[Fastbot][2026-06-02 15:45:24.064] [MonkeySourceApeU2] Latest event is MonkeyEvent. Use the cached hierarchy.
[Fastbot][2026-06-02 15:45:24.065] [MonkeySourceApeU2] Successfully Got hierarchy
[Fastbot][2026-06-02 15:45:24.067] // Event id: 1204
[Fastbot][2026-06-02 15:45:24.067] topActivity Name: ComponentInfo{de.rampro.activitydiary.debug/de.rampro.activitydiary.ui.history.HistoryDetailActivity}
[Fastbot][2026-06-02 15:45:24.067] // Dumped stringOfGuiTree
[Fastbot][2026-06-02 15:45:24.067] topActivityName: de.rampro.activitydiary.ui.history.HistoryDetailActivity
[Fastbot][2026-06-02 15:45:24.070] action type: SCROLL_TOP_DOWN
[Fastbot][2026-06-02 15:45:24.070] rpc cost time: 3
[Fastbot][2026-06-02 15:45:24.072] :Sending rotation degree=0, persist=false
[Fastbot][2026-06-02 15:45:24.079] :Sending Touch (ACTION_DOWN): 0:(540.0,1008.0)
[Fastbot][2026-06-02 15:45:24.080] :Sending Touch (ACTION_MOVE): 0:(540.0,1008.0)
[Fastbot][2026-06-02 15:45:24.081] Wait Event for 20 milliseconds
[Fastbot][2026-06-02 15:45:24.104] :Sending Touch (ACTION_MOVE): 0:(540.0,1108.7)
[Fastbot][2026-06-02 15:45:24.105] Wait Event for 20 milliseconds
[Fastbot][2026-06-02 15:45:24.127] :Sending Touch (ACTION_MOVE): 0:(540.0,1209.4)
[Fastbot][2026-06-02 15:45:24.129] Wait Event for 20 milliseconds
[Fastbot][2026-06-02 15:45:24.188] :Sending Touch (ACTION_MOVE): 0:(540.0,1310.1)
[Fastbot][2026-06-02 15:45:24.191] Wait Event for 20 milliseconds
[Fastbot][2026-06-02 15:45:24.267] :Sending Touch (ACTION_MOVE): 0:(540.0,1410.8)
[Fastbot][2026-06-02 15:45:24.272] Wait Event for 20 milliseconds
[Fastbot][2026-06-02 15:45:24.317] :Sending Touch (ACTION_MOVE): 0:(540.0,1511.5)
[Fastbot][2026-06-02 15:45:24.318] Wait Event for 20 milliseconds
[Fastbot][2026-06-02 15:45:24.341] :Sending Touch (ACTION_MOVE): 0:(540.0,1612.2)
[Fastbot][2026-06-02 15:45:24.343] Wait Event for 20 milliseconds
[Fastbot][2026-06-02 15:45:24.378] :Sending Touch (ACTION_MOVE): 0:(540.0,1712.8999)
[Fastbot][2026-06-02 15:45:24.412] Wait Event for 20 milliseconds
[Fastbot][2026-06-02 15:45:24.435] :Sending Touch (ACTION_MOVE): 0:(540.0,1813.6001)
[Fastbot][2026-06-02 15:45:24.448] Wait Event for 20 milliseconds
[Fastbot][2026-06-02 15:45:24.470] :Sending Touch (ACTION_MOVE): 0:(540.0,1914.3)
[Fastbot][2026-06-02 15:45:24.483] Wait Event for 20 milliseconds
[Fastbot][2026-06-02 15:45:24.505] :Sending Touch (ACTION_UP): 0:(540.0,2015.0)
[Fastbot][2026-06-02 15:45:24.519] Sleeping for 200 milliseconds
[Fastbot][2026-06-02 15:45:24.773] [ProxyServer] Finish monkey step. Dumping hierarchy
[Fastbot][2026-06-02 15:45:24.773] --> POST http://127.0.0.1:9008/jsonrpc/0
[Fastbot][2026-06-02 15:45:24.773] Content-Type: application/json; charset=utf-8
[Fastbot][2026-06-02 15:45:24.773] Content-Length: 75
[Fastbot][2026-06-02 15:45:24.773] 
[Fastbot][2026-06-02 15:45:24.773] {"id":1,"jsonrpc":"2.0","method":"dumpWindowHierarchy","params":[false,50]}
[Fastbot][2026-06-02 15:45:24.773] --> END POST (75-byte body)
[Fastbot][2026-06-02 15:45:25.043] <-- 200 OK  http://127.0.0.1:9008/jsonrpc/0 (270ms)
[Fastbot][2026-06-02 15:45:25.044] Content-Type: application/json
[Fastbot][2026-06-02 15:45:25.044] Date: Tue, 2 Jun 2026 15:45:25 GMT
[Fastbot][2026-06-02 15:45:25.044] Connection: keep-alive
[Fastbot][2026-06-02 15:45:25.044] Transfer-Encoding: chunked
[Fastbot][2026-06-02 15:45:25.046] 
[Fastbot][2026-06-02 15:45:25.047] {"jsonrpc":"2.0","id":1,"result":"<?xml version='1.0' encoding='UTF-8' standalone='yes' ?>\r\n<hierarchy rotation=\"0\">\r\n  <node index=\"0\" text=\"\" resource-id=\"\" class=\"android.widget.FrameLayout\" package=\"com.android.systemui\" content-desc=\"\" checkable=\"false\" checked=\"false\" cli...[truncated]
[Fastbot][2026-06-02 15:45:25.047] <-- END HTTP (97949-byte body)
[Fastbot][2026-06-02 15:45:25.103] [ProxyServer] stepsCount: 90
[Fastbot][2026-06-02 15:45:25.103] [ProxyServer] receive request: stepMonkey
[Fastbot][2026-06-02 15:45:25.103] [MonkeySourceApeU2] stepsCount: 90
[Fastbot][2026-06-02 15:45:25.103] [MonkeySourceApeU2] Latest event is MonkeyEvent. Use the cached hierarchy.
[Fastbot][2026-06-02 15:45:25.104] [MonkeySourceApeU2] Successfully Got hierarchy
[Fastbot][2026-06-02 15:45:25.106] // Event id: 1228
[Fastbot][2026-06-02 15:45:25.106] topActivity Name: ComponentInfo{de.rampro.activitydiary.debug/de.rampro.activitydiary.ui.history.HistoryDetailActivity}
[Fastbot][2026-06-02 15:45:25.107] // Dumped stringOfGuiTree
[Fastbot][2026-06-02 15:45:25.107] topActivityName: de.rampro.activitydiary.ui.history.HistoryDetailActivity
[Fastbot][2026-06-02 15:45:25.109] action type: CLICK
[Fastbot][2026-06-02 15:45:25.109] rpc cost time: 3
[Fastbot]*** WARNING *** checkVirtualKeyboard: Input only once.
[Fastbot][2026-06-02 15:45:25.111] :Sending rotation degree=0, persist=false
[Fastbot][2026-06-02 15:45:25.118] :Sending Touch (ACTION_DOWN): 0:(216.0,1275.0)
[Fastbot][2026-06-02 15:45:25.120] :Sending Touch (ACTION_UP): 0:(216.0,1275.0)
[Fastbot][2026-06-02 15:45:25.121] Sleeping for 200 milliseconds
[Fastbot][2026-06-02 15:45:25.328] [ProxyServer] Finish monkey step. Dumping hierarchy
[Fastbot][2026-06-02 15:45:25.328] --> POST http://127.0.0.1:9008/jsonrpc/0
[Fastbot][2026-06-02 15:45:25.328] Content-Type: application/json; charset=utf-8
[Fastbot][2026-06-02 15:45:25.328] Content-Length: 75
[Fastbot][2026-06-02 15:45:25.329] 
[Fastbot][2026-06-02 15:45:25.329] {"id":1,"jsonrpc":"2.0","method":"dumpWindowHierarchy","params":[false,50]}
[Fastbot][2026-06-02 15:45:25.329] --> END POST (75-byte body)
[Fastbot][2026-06-02 15:45:25.585] <-- 200 OK  http://127.0.0.1:9008/jsonrpc/0 (255ms)
[Fastbot][2026-06-02 15:45:25.585] Content-Type: application/json
[Fastbot][2026-06-02 15:45:25.585] Date: Tue, 2 Jun 2026 15:45:25 GMT
[Fastbot][2026-06-02 15:45:25.585] Connection: keep-alive
[Fastbot][2026-06-02 15:45:25.585] Transfer-Encoding: chunked
[Fastbot][2026-06-02 15:45:25.587] 
[Fastbot][2026-06-02 15:45:25.587] {"jsonrpc":"2.0","id":1,"result":"<?xml version='1.0' encoding='UTF-8' standalone='yes' ?>\r\n<hierarchy rotation=\"0\">\r\n  <node index=\"0\" text=\"\" resource-id=\"\" class=\"android.widget.FrameLayout\" package=\"com.android.systemui\" content-desc=\"\" checkable=\"false\" checked=\"false\" cli...[truncated]
[Fastbot][2026-06-02 15:45:25.588] <-- END HTTP (102299-byte body)
[Fastbot][2026-06-02 15:45:25.645] [ProxyServer] stepsCount: 91
[Fastbot][2026-06-02 15:45:25.645] [ProxyServer] receive request: stepMonkey
[Fastbot][2026-06-02 15:45:25.647] [MonkeySourceApeU2] stepsCount: 91
[Fastbot][2026-06-02 15:45:25.647] [MonkeySourceApeU2] Latest event is MonkeyEvent. Use the cached hierarchy.
[Fastbot][2026-06-02 15:45:25.677] [MonkeySourceApeU2] Successfully Got hierarchy
[Fastbot][2026-06-02 15:45:25.706] // Event id: 1232
[Fastbot][2026-06-02 15:45:25.706] topActivity Name: ComponentInfo{de.rampro.activitydiary.debug/de.rampro.activitydiary.ui.history.HistoryDetailActivity}
[Fastbot][2026-06-02 15:45:25.707] // Dumped stringOfGuiTree
[Fastbot][2026-06-02 15:45:25.707] topActivityName: de.rampro.activitydiary.ui.history.HistoryDetailActivity
[Fastbot][2026-06-02 15:45:25.711] action type: SCROLL_RIGHT_LEFT
[Fastbot][2026-06-02 15:45:25.712] rpc cost time: 5
[Fastbot][2026-06-02 15:45:25.714] :Sending rotation degree=0, persist=false
[Fastbot][2026-06-02 15:45:25.721] :Sending Touch (ACTION_DOWN): 0:(304.5,1028.0)
[Fastbot][2026-06-02 15:45:25.723] :Sending Touch (ACTION_MOVE): 0:(304.5,1028.0)
[Fastbot][2026-06-02 15:45:25.725] Wait Event for 20 milliseconds
[Fastbot][2026-06-02 15:45:25.789] :Sending Touch (ACTION_MOVE): 0:(274.05,1028.0)
[Fastbot][2026-06-02 15:45:25.792] Wait Event for 20 milliseconds
[Fastbot][2026-06-02 15:45:25.831] :Sending Touch (ACTION_MOVE): 0:(243.6,1028.0)
[Fastbot][2026-06-02 15:45:25.834] Wait Event for 20 milliseconds
[Fastbot][2026-06-02 15:45:25.869] :Sending Touch (ACTION_MOVE): 0:(213.15,1028.0)
[Fastbot][2026-06-02 15:45:25.871] Wait Event for 20 milliseconds
[Fastbot][2026-06-02 15:45:25.908] :Sending Touch (ACTION_MOVE): 0:(182.7,1028.0)
[Fastbot][2026-06-02 15:45:25.910] Wait Event for 20 milliseconds
[Fastbot][2026-06-02 15:45:25.952] :Sending Touch (ACTION_MOVE): 0:(152.25,1028.0)
[Fastbot][2026-06-02 15:45:25.954] Wait Event for 20 milliseconds
[Fastbot][2026-06-02 15:45:25.988] :Sending Touch (ACTION_MOVE): 0:(121.79999,1028.0)
[Fastbot][2026-06-02 15:45:25.990] Wait Event for 20 milliseconds
[Fastbot][2026-06-02 15:45:26.025] :Sending Touch (ACTION_MOVE): 0:(91.350006,1028.0)
[Fastbot][2026-06-02 15:45:26.029] Wait Event for 20 milliseconds
[Fastbot][2026-06-02 15:45:26.051] :Sending Touch (ACTION_MOVE): 0:(60.899994,1028.0)
[Fastbot][2026-06-02 15:45:26.053] Wait Event for 20 milliseconds
[Fastbot][2026-06-02 15:45:26.074] :Sending Touch (ACTION_MOVE): 0:(30.450012,1028.0)
[Fastbot][2026-06-02 15:45:26.076] Wait Event for 20 milliseconds
[Fastbot][2026-06-02 15:45:26.101] :Sending Touch (ACTION_UP): 0:(0.0,1028.0)
[Fastbot][2026-06-02 15:45:26.104] Sleeping for 200 milliseconds
[Fastbot][2026-06-02 15:45:26.307] [ProxyServer] Finish monkey step. Dumping hierarchy
[Fastbot][2026-06-02 15:45:26.308] --> POST http://127.0.0.1:9008/jsonrpc/0
[Fastbot][2026-06-02 15:45:26.308] Content-Type: application/json; charset=utf-8
[Fastbot][2026-06-02 15:45:26.308] Content-Length: 75
[Fastbot][2026-06-02 15:45:26.308] 
[Fastbot][2026-06-02 15:45:26.308] {"id":1,"jsonrpc":"2.0","method":"dumpWindowHierarchy","params":[false,50]}
[Fastbot][2026-06-02 15:45:26.308] --> END POST (75-byte body)
[Fastbot][2026-06-02 15:45:26.402] <-- 200 OK  http://127.0.0.1:9008/jsonrpc/0 (93ms)
[Fastbot][2026-06-02 15:45:26.402] Content-Type: application/json
[Fastbot][2026-06-02 15:45:26.402] Date: Tue, 2 Jun 2026 15:45:26 GMT
[Fastbot][2026-06-02 15:45:26.402] Connection: keep-alive
[Fastbot][2026-06-02 15:45:26.402] Transfer-Encoding: chunked
[Fastbot][2026-06-02 15:45:26.404] 
[Fastbot][2026-06-02 15:45:26.405] {"jsonrpc":"2.0","id":1,"result":"<?xml version='1.0' encoding='UTF-8' standalone='yes' ?>\r\n<hierarchy rotation=\"0\">\r\n  <node index=\"0\" text=\"\" resource-id=\"\" class=\"android.widget.FrameLayout\" package=\"com.android.systemui\" content-desc=\"\" checkable=\"false\" checked=\"false\" cli...[truncated]
[Fastbot][2026-06-02 15:45:26.406] <-- END HTTP (102299-byte body)
[Fastbot][2026-06-02 15:45:26.454] [ProxyServer] stepsCount: 92
[Fastbot][2026-06-02 15:45:26.454] [ProxyServer] receive request: stepMonkey
[Fastbot][2026-06-02 15:45:26.454] [MonkeySourceApeU2] stepsCount: 92
[Fastbot][2026-06-02 15:45:26.454] [MonkeySourceApeU2] Latest event is MonkeyEvent. Use the cached hierarchy.
[Fastbot][2026-06-02 15:45:26.455] [MonkeySourceApeU2] Successfully Got hierarchy
[Fastbot][2026-06-02 15:45:26.457] // Event id: 1256
[Fastbot][2026-06-02 15:45:26.458] topActivity Name: ComponentInfo{de.rampro.activitydiary.debug/de.rampro.activitydiary.ui.history.HistoryDetailActivity}
[Fastbot][2026-06-02 15:45:26.458] // Dumped stringOfGuiTree
[Fastbot][2026-06-02 15:45:26.458] topActivityName: de.rampro.activitydiary.ui.history.HistoryDetailActivity
[Fastbot][2026-06-02 15:45:26.459] action type: SCROLL_RIGHT_LEFT
[Fastbot][2026-06-02 15:45:26.459] rpc cost time: 1
[Fastbot][2026-06-02 15:45:26.462] :Sending rotation degree=0, persist=false
[Fastbot][2026-06-02 15:45:26.467] :Sending Touch (ACTION_DOWN): 0:(304.5,1028.0)
[Fastbot][2026-06-02 15:45:26.470] :Sending Touch (ACTION_MOVE): 0:(304.5,1028.0)
[Fastbot][2026-06-02 15:45:26.471] Wait Event for 20 milliseconds
[Fastbot][2026-06-02 15:45:26.499] :Sending Touch (ACTION_MOVE): 0:(274.05,1028.0)
[Fastbot][2026-06-02 15:45:26.500] Wait Event for 20 milliseconds
[Fastbot][2026-06-02 15:45:26.524] :Sending Touch (ACTION_MOVE): 0:(243.6,1028.0)
[Fastbot][2026-06-02 15:45:26.539] Wait Event for 20 milliseconds
[Fastbot][2026-06-02 15:45:26.580] :Sending Touch (ACTION_MOVE): 0:(213.15,1028.0)
[Fastbot][2026-06-02 15:45:26.582] Wait Event for 20 milliseconds
[Fastbot][2026-06-02 15:45:26.618] :Sending Touch (ACTION_MOVE): 0:(182.7,1028.0)
[Fastbot][2026-06-02 15:45:26.620] Wait Event for 20 milliseconds
[Fastbot][2026-06-02 15:45:26.654] :Sending Touch (ACTION_MOVE): 0:(152.25,1028.0)
[Fastbot][2026-06-02 15:45:26.656] Wait Event for 20 milliseconds
[Fastbot][2026-06-02 15:45:26.678] :Sending Touch (ACTION_MOVE): 0:(121.79999,1028.0)
[Fastbot][2026-06-02 15:45:26.680] Wait Event for 20 milliseconds
[Fastbot][2026-06-02 15:45:26.703] :Sending Touch (ACTION_MOVE): 0:(91.350006,1028.0)
[Fastbot][2026-06-02 15:45:26.712] Wait Event for 20 milliseconds
[Fastbot][2026-06-02 15:45:26.747] :Sending Touch (ACTION_MOVE): 0:(60.899994,1028.0)
[Fastbot][2026-06-02 15:45:26.749] Wait Event for 20 milliseconds
[Fastbot][2026-06-02 15:45:26.773] :Sending Touch (ACTION_MOVE): 0:(30.450012,1028.0)
[Fastbot][2026-06-02 15:45:26.784] Wait Event for 20 milliseconds
[Fastbot][2026-06-02 15:45:26.807] :Sending Touch (ACTION_UP): 0:(0.0,1028.0)
[Fastbot][2026-06-02 15:45:26.822] Sleeping for 200 milliseconds
[Fastbot][2026-06-02 15:45:27.025] [ProxyServer] Finish monkey step. Dumping hierarchy
[Fastbot][2026-06-02 15:45:27.025] --> POST http://127.0.0.1:9008/jsonrpc/0
[Fastbot][2026-06-02 15:45:27.025] Content-Type: application/json; charset=utf-8
[Fastbot][2026-06-02 15:45:27.025] Content-Length: 75
[Fastbot][2026-06-02 15:45:27.026] 
[Fastbot][2026-06-02 15:45:27.026] {"id":1,"jsonrpc":"2.0","method":"dumpWindowHierarchy","params":[false,50]}
[Fastbot][2026-06-02 15:45:27.026] --> END POST (75-byte body)
[Fastbot][2026-06-02 15:45:27.119] <-- 200 OK  http://127.0.0.1:9008/jsonrpc/0 (93ms)
[Fastbot][2026-06-02 15:45:27.120] Content-Type: application/json
[Fastbot][2026-06-02 15:45:27.120] Date: Tue, 2 Jun 2026 15:45:27 GMT
[Fastbot][2026-06-02 15:45:27.120] Connection: keep-alive
[Fastbot][2026-06-02 15:45:27.120] Transfer-Encoding: chunked
[Fastbot][2026-06-02 15:45:27.122] 
[Fastbot][2026-06-02 15:45:27.122] {"jsonrpc":"2.0","id":1,"result":"<?xml version='1.0' encoding='UTF-8' standalone='yes' ?>\r\n<hierarchy rotation=\"0\">\r\n  <node index=\"0\" text=\"\" resource-id=\"\" class=\"android.widget.FrameLayout\" package=\"com.android.systemui\" content-desc=\"\" checkable=\"false\" checked=\"false\" cli...[truncated]
[Fastbot][2026-06-02 15:45:27.123] <-- END HTTP (102299-byte body)
[Fastbot][2026-06-02 15:45:27.160] [ProxyServer] stepsCount: 93
[Fastbot][2026-06-02 15:45:27.160] [ProxyServer] receive request: stepMonkey
[Fastbot][2026-06-02 15:45:27.160] [MonkeySourceApeU2] stepsCount: 93
[Fastbot][2026-06-02 15:45:27.161] [MonkeySourceApeU2] Latest event is MonkeyEvent. Use the cached hierarchy.
[Fastbot][2026-06-02 15:45:27.162] [MonkeySourceApeU2] Successfully Got hierarchy
[Fastbot][2026-06-02 15:45:27.165] // Event id: 1280
[Fastbot][2026-06-02 15:45:27.165] topActivity Name: ComponentInfo{de.rampro.activitydiary.debug/de.rampro.activitydiary.ui.history.HistoryDetailActivity}
[Fastbot][2026-06-02 15:45:27.166] // Dumped stringOfGuiTree
[Fastbot][2026-06-02 15:45:27.166] topActivityName: de.rampro.activitydiary.ui.history.HistoryDetailActivity
[Fastbot][2026-06-02 15:45:27.170] action type: SCROLL_TOP_DOWN
[Fastbot][2026-06-02 15:45:27.171] rpc cost time: 4
[Fastbot][2026-06-02 15:45:27.173] :Sending rotation degree=0, persist=false
[Fastbot][2026-06-02 15:45:27.198] :Sending Touch (ACTION_DOWN): 0:(304.5,1028.0)
[Fastbot][2026-06-02 15:45:27.201] :Sending Touch (ACTION_MOVE): 0:(304.5,1028.0)
[Fastbot][2026-06-02 15:45:27.203] Wait Event for 20 milliseconds
[Fastbot][2026-06-02 15:45:27.230] :Sending Touch (ACTION_MOVE): 0:(304.5,1126.7)
[Fastbot][2026-06-02 15:45:27.239] Wait Event for 20 milliseconds
[Fastbot][2026-06-02 15:45:27.263] :Sending Touch (ACTION_MOVE): 0:(304.5,1225.4)
[Fastbot][2026-06-02 15:45:27.280] Wait Event for 20 milliseconds
[Fastbot][2026-06-02 15:45:27.314] :Sending Touch (ACTION_MOVE): 0:(304.5,1324.1)
[Fastbot][2026-06-02 15:45:27.320] Wait Event for 20 milliseconds
[Fastbot][2026-06-02 15:45:27.356] :Sending Touch (ACTION_MOVE): 0:(304.5,1422.8)
[Fastbot][2026-06-02 15:45:27.358] Wait Event for 20 milliseconds
[Fastbot][2026-06-02 15:45:27.435] :Sending Touch (ACTION_MOVE): 0:(304.5,1521.5)
[Fastbot][2026-06-02 15:45:27.437] Wait Event for 20 milliseconds
[Fastbot][2026-06-02 15:45:27.457]     //[calendar_time:2026-06-02 15:45:27.457  system_uptime:43798522]
[Fastbot][2026-06-02 15:45:27.458]     // Sending event #1200
[Fastbot][2026-06-02 15:45:27.459]     //[calendar_time:2026-06-02 15:45:27.459  system_uptime:43798523]
[Fastbot][2026-06-02 15:45:27.459]     // Sending event #1200
[Fastbot][2026-06-02 15:45:27.461] :Sending Touch (ACTION_MOVE): 0:(304.5,1620.2)
[Fastbot][2026-06-02 15:45:27.471] Wait Event for 20 milliseconds
[Fastbot][2026-06-02 15:45:27.495] :Sending Touch (ACTION_MOVE): 0:(304.5,1718.8999)
[Fastbot][2026-06-02 15:45:27.516] Wait Event for 20 milliseconds
[Fastbot][2026-06-02 15:45:27.538] :Sending Touch (ACTION_MOVE): 0:(304.5,1817.6001)
[Fastbot][2026-06-02 15:45:27.551] Wait Event for 20 milliseconds
[Fastbot][2026-06-02 15:45:27.572] :Sending Touch (ACTION_MOVE): 0:(304.5,1916.3)
[Fastbot][2026-06-02 15:45:27.574] Wait Event for 20 milliseconds
[Fastbot][2026-06-02 15:45:27.597] :Sending Touch (ACTION_UP): 0:(304.5,2015.0)
[Fastbot][2026-06-02 15:45:27.599] Sleeping for 200 milliseconds
[Fastbot][2026-06-02 15:45:27.802] [ProxyServer] Finish monkey step. Dumping hierarchy
[Fastbot][2026-06-02 15:45:27.803] --> POST http://127.0.0.1:9008/jsonrpc/0
[Fastbot][2026-06-02 15:45:27.803] Content-Type: application/json; charset=utf-8
[Fastbot][2026-06-02 15:45:27.803] Content-Length: 75
[Fastbot][2026-06-02 15:45:27.803] 
[Fastbot][2026-06-02 15:45:27.803] {"id":1,"jsonrpc":"2.0","method":"dumpWindowHierarchy","params":[false,50]}
[Fastbot][2026-06-02 15:45:27.803] --> END POST (75-byte body)
[Fastbot][2026-06-02 15:45:27.872] <-- 200 OK  http://127.0.0.1:9008/jsonrpc/0 (68ms)
[Fastbot][2026-06-02 15:45:27.872] Content-Type: application/json
[Fastbot][2026-06-02 15:45:27.872] Date: Tue, 2 Jun 2026 15:45:27 GMT
[Fastbot][2026-06-02 15:45:27.872] Connection: keep-alive
[Fastbot][2026-06-02 15:45:27.872] Transfer-Encoding: chunked
[Fastbot][2026-06-02 15:45:27.875] 
[Fastbot][2026-06-02 15:45:27.876] {"jsonrpc":"2.0","id":1,"result":"<?xml version='1.0' encoding='UTF-8' standalone='yes' ?>\r\n<hierarchy rotation=\"0\">\r\n  <node index=\"0\" text=\"\" resource-id=\"\" class=\"android.widget.FrameLayout\" package=\"com.android.systemui\" content-desc=\"\" checkable=\"false\" checked=\"false\" cli...[truncated]
[Fastbot][2026-06-02 15:45:27.876] <-- END HTTP (102299-byte body)
[Fastbot][2026-06-02 15:45:27.925] [ProxyServer] stepsCount: 94
[Fastbot][2026-06-02 15:45:27.925] [ProxyServer] receive request: stepMonkey
[Fastbot][2026-06-02 15:45:27.926] [MonkeySourceApeU2] stepsCount: 94
[Fastbot][2026-06-02 15:45:27.926] [MonkeySourceApeU2] Latest event is MonkeyEvent. Use the cached hierarchy.
[Fastbot][2026-06-02 15:45:27.929] [MonkeySourceApeU2] Successfully Got hierarchy
[Fastbot][2026-06-02 15:45:27.931] // Event id: 1304
[Fastbot][2026-06-02 15:45:27.931] topActivity Name: ComponentInfo{de.rampro.activitydiary.debug/de.rampro.activitydiary.ui.history.HistoryDetailActivity}
[Fastbot][2026-06-02 15:45:27.931] // Dumped stringOfGuiTree
[Fastbot][2026-06-02 15:45:27.932] topActivityName: de.rampro.activitydiary.ui.history.HistoryDetailActivity
[Fastbot][2026-06-02 15:45:27.934] action type: SCROLL_RIGHT_LEFT
[Fastbot][2026-06-02 15:45:27.934] rpc cost time: 3
[Fastbot][2026-06-02 15:45:27.936] :Sending rotation degree=0, persist=false
[Fastbot][2026-06-02 15:45:27.941] :Sending Touch (ACTION_DOWN): 0:(304.5,1028.0)
[Fastbot][2026-06-02 15:45:27.943] :Sending Touch (ACTION_MOVE): 0:(304.5,1028.0)
[Fastbot][2026-06-02 15:45:27.944] Wait Event for 20 milliseconds
[Fastbot][2026-06-02 15:45:27.975] :Sending Touch (ACTION_MOVE): 0:(274.05,1028.0)
[Fastbot][2026-06-02 15:45:27.975] Wait Event for 20 milliseconds
[Fastbot][2026-06-02 15:45:27.997] :Sending Touch (ACTION_MOVE): 0:(243.6,1028.0)
[Fastbot][2026-06-02 15:45:28.002] Wait Event for 20 milliseconds
[Fastbot][2026-06-02 15:45:28.024] :Sending Touch (ACTION_MOVE): 0:(213.15,1028.0)
[Fastbot][2026-06-02 15:45:28.025] Wait Event for 20 milliseconds
[Fastbot][2026-06-02 15:45:28.046] :Sending Touch (ACTION_MOVE): 0:(182.7,1028.0)
[Fastbot][2026-06-02 15:45:28.048] Wait Event for 20 milliseconds
[Fastbot][2026-06-02 15:45:28.070] :Sending Touch (ACTION_MOVE): 0:(152.25,1028.0)
[Fastbot][2026-06-02 15:45:28.072] Wait Event for 20 milliseconds
[Fastbot][2026-06-02 15:45:28.095] :Sending Touch (ACTION_MOVE): 0:(121.79999,1028.0)
[Fastbot][2026-06-02 15:45:28.116] Wait Event for 20 milliseconds
[Fastbot][2026-06-02 15:45:28.139] :Sending Touch (ACTION_MOVE): 0:(91.350006,1028.0)
[Fastbot][2026-06-02 15:45:28.158] Wait Event for 20 milliseconds
[Fastbot][2026-06-02 15:45:28.182] :Sending Touch (ACTION_MOVE): 0:(60.899994,1028.0)
[Fastbot][2026-06-02 15:45:28.183] Wait Event for 20 milliseconds
[Fastbot][2026-06-02 15:45:28.206] :Sending Touch (ACTION_MOVE): 0:(30.450012,1028.0)
[Fastbot][2026-06-02 15:45:28.216] Wait Event for 20 milliseconds
[Fastbot][2026-06-02 15:45:28.237] :Sending Touch (ACTION_UP): 0:(0.0,1028.0)
[Fastbot][2026-06-02 15:45:28.238] Sleeping for 200 milliseconds
[Fastbot][2026-06-02 15:45:28.441] [ProxyServer] Finish monkey step. Dumping hierarchy
[Fastbot][2026-06-02 15:45:28.441] --> POST http://127.0.0.1:9008/jsonrpc/0
[Fastbot][2026-06-02 15:45:28.441] Content-Type: application/json; charset=utf-8
[Fastbot][2026-06-02 15:45:28.441] Content-Length: 75
[Fastbot][2026-06-02 15:45:28.442] 
[Fastbot][2026-06-02 15:45:28.442] {"id":1,"jsonrpc":"2.0","method":"dumpWindowHierarchy","params":[false,50]}
[Fastbot][2026-06-02 15:45:28.443] --> END POST (75-byte body)
[Fastbot][2026-06-02 15:45:28.534] <-- 200 OK  http://127.0.0.1:9008/jsonrpc/0 (91ms)
[Fastbot][2026-06-02 15:45:28.534] Content-Type: application/json
[Fastbot][2026-06-02 15:45:28.534] Date: Tue, 2 Jun 2026 15:45:28 GMT
[Fastbot][2026-06-02 15:45:28.534] Connection: keep-alive
[Fastbot][2026-06-02 15:45:28.534] Transfer-Encoding: chunked
[Fastbot][2026-06-02 15:45:28.537] 
[Fastbot][2026-06-02 15:45:28.537] {"jsonrpc":"2.0","id":1,"result":"<?xml version='1.0' encoding='UTF-8' standalone='yes' ?>\r\n<hierarchy rotation=\"0\">\r\n  <node index=\"0\" text=\"\" resource-id=\"\" class=\"android.widget.FrameLayout\" package=\"com.android.systemui\" content-desc=\"\" checkable=\"false\" checked=\"false\" cli...[truncated]
[Fastbot][2026-06-02 15:45:28.537] <-- END HTTP (102299-byte body)
[Fastbot][2026-06-02 15:45:28.580] [ProxyServer] stepsCount: 95
[Fastbot][2026-06-02 15:45:28.580] [ProxyServer] receive request: stepMonkey
[Fastbot][2026-06-02 15:45:28.581] [MonkeySourceApeU2] stepsCount: 95
[Fastbot][2026-06-02 15:45:28.581] [MonkeySourceApeU2] Latest event is MonkeyEvent. Use the cached hierarchy.
[Fastbot][2026-06-02 15:45:28.582] [MonkeySourceApeU2] Successfully Got hierarchy
[Fastbot][2026-06-02 15:45:28.584] // Event id: 1328
[Fastbot][2026-06-02 15:45:28.584] topActivity Name: ComponentInfo{de.rampro.activitydiary.debug/de.rampro.activitydiary.ui.history.HistoryDetailActivity}
[Fastbot][2026-06-02 15:45:28.584] // Dumped stringOfGuiTree
[Fastbot][2026-06-02 15:45:28.584] topActivityName: de.rampro.activitydiary.ui.history.HistoryDetailActivity
[Fastbot][2026-06-02 15:45:28.586] action type: SCROLL_RIGHT_LEFT
[Fastbot][2026-06-02 15:45:28.587] rpc cost time: 2
[Fastbot][2026-06-02 15:45:28.588] :Sending rotation degree=0, persist=false
[Fastbot][2026-06-02 15:45:28.593] :Sending Touch (ACTION_DOWN): 0:(304.5,1028.0)
[Fastbot][2026-06-02 15:45:28.595] :Sending Touch (ACTION_MOVE): 0:(304.5,1028.0)
[Fastbot][2026-06-02 15:45:28.596] Wait Event for 20 milliseconds
[Fastbot][2026-06-02 15:45:28.619] :Sending Touch (ACTION_MOVE): 0:(274.05,1028.0)
[Fastbot][2026-06-02 15:45:28.620] Wait Event for 20 milliseconds
[Fastbot][2026-06-02 15:45:28.651] :Sending Touch (ACTION_MOVE): 0:(243.6,1028.0)
[Fastbot][2026-06-02 15:45:28.652] Wait Event for 20 milliseconds
[Fastbot][2026-06-02 15:45:28.707] :Sending Touch (ACTION_MOVE): 0:(213.15,1028.0)
[Fastbot][2026-06-02 15:45:28.708] Wait Event for 20 milliseconds
[Fastbot][2026-06-02 15:45:28.730] :Sending Touch (ACTION_MOVE): 0:(182.7,1028.0)
[Fastbot][2026-06-02 15:45:28.732] Wait Event for 20 milliseconds
[Fastbot][2026-06-02 15:45:28.753] :Sending Touch (ACTION_MOVE): 0:(152.25,1028.0)
[Fastbot][2026-06-02 15:45:28.754] Wait Event for 20 milliseconds
[Fastbot][2026-06-02 15:45:28.776] :Sending Touch (ACTION_MOVE): 0:(121.79999,1028.0)
[Fastbot][2026-06-02 15:45:28.778] Wait Event for 20 milliseconds
[Fastbot][2026-06-02 15:45:28.800] :Sending Touch (ACTION_MOVE): 0:(91.350006,1028.0)
[Fastbot][2026-06-02 15:45:28.802] Wait Event for 20 milliseconds
[Fastbot][2026-06-02 15:45:28.824] :Sending Touch (ACTION_MOVE): 0:(60.899994,1028.0)
[Fastbot][2026-06-02 15:45:28.825] Wait Event for 20 milliseconds
[Fastbot][2026-06-02 15:45:28.848] :Sending Touch (ACTION_MOVE): 0:(30.450012,1028.0)
[Fastbot][2026-06-02 15:45:28.849] Wait Event for 20 milliseconds
[Fastbot][2026-06-02 15:45:28.871] :Sending Touch (ACTION_UP): 0:(0.0,1028.0)
[Fastbot][2026-06-02 15:45:28.874] Sleeping for 200 milliseconds
[Fastbot][2026-06-02 15:45:29.078] [ProxyServer] Finish monkey step. Dumping hierarchy
[Fastbot][2026-06-02 15:45:29.079] --> POST http://127.0.0.1:9008/jsonrpc/0
[Fastbot][2026-06-02 15:45:29.079] Content-Type: application/json; charset=utf-8
[Fastbot][2026-06-02 15:45:29.079] Content-Length: 75
[Fastbot][2026-06-02 15:45:29.079] 
[Fastbot][2026-06-02 15:45:29.079] {"id":1,"jsonrpc":"2.0","method":"dumpWindowHierarchy","params":[false,50]}
[Fastbot][2026-06-02 15:45:29.079] --> END POST (75-byte body)
[Fastbot][2026-06-02 15:45:29.175] <-- 200 OK  http://127.0.0.1:9008/jsonrpc/0 (96ms)
[Fastbot][2026-06-02 15:45:29.175] Content-Type: application/json
[Fastbot][2026-06-02 15:45:29.175] Date: Tue, 2 Jun 2026 15:45:29 GMT
[Fastbot][2026-06-02 15:45:29.175] Connection: keep-alive
[Fastbot][2026-06-02 15:45:29.175] Transfer-Encoding: chunked
[Fastbot][2026-06-02 15:45:29.178] 
[Fastbot][2026-06-02 15:45:29.179] {"jsonrpc":"2.0","id":1,"result":"<?xml version='1.0' encoding='UTF-8' standalone='yes' ?>\r\n<hierarchy rotation=\"0\">\r\n  <node index=\"0\" text=\"\" resource-id=\"\" class=\"android.widget.FrameLayout\" package=\"com.android.systemui\" content-desc=\"\" checkable=\"false\" checked=\"false\" cli...[truncated]
[Fastbot][2026-06-02 15:45:29.179] <-- END HTTP (102299-byte body)
[Fastbot][2026-06-02 15:45:29.223] [ProxyServer] stepsCount: 96
[Fastbot][2026-06-02 15:45:29.223] [ProxyServer] receive request: stepMonkey
[Fastbot][2026-06-02 15:45:29.223] [MonkeySourceApeU2] stepsCount: 96
[Fastbot][2026-06-02 15:45:29.223] [MonkeySourceApeU2] Latest event is MonkeyEvent. Use the cached hierarchy.
[Fastbot][2026-06-02 15:45:29.224] [MonkeySourceApeU2] Successfully Got hierarchy
[Fastbot][2026-06-02 15:45:29.226] // Event id: 1352
[Fastbot][2026-06-02 15:45:29.226] topActivity Name: ComponentInfo{de.rampro.activitydiary.debug/de.rampro.activitydiary.ui.history.HistoryDetailActivity}
[Fastbot][2026-06-02 15:45:29.226] // Dumped stringOfGuiTree
[Fastbot][2026-06-02 15:45:29.226] topActivityName: de.rampro.activitydiary.ui.history.HistoryDetailActivity
[Fastbot][2026-06-02 15:45:29.258] action type: SCROLL_RIGHT_LEFT
[Fastbot][2026-06-02 15:45:29.258] rpc cost time: 32
[Fastbot][2026-06-02 15:45:29.260] :Sending rotation degree=0, persist=false
[Fastbot][2026-06-02 15:45:29.264] :Sending Touch (ACTION_DOWN): 0:(304.5,1028.0)
[Fastbot][2026-06-02 15:45:29.267] :Sending Touch (ACTION_MOVE): 0:(304.5,1028.0)
[Fastbot][2026-06-02 15:45:29.269] Wait Event for 20 milliseconds
[Fastbot][2026-06-02 15:45:29.299] :Sending Touch (ACTION_MOVE): 0:(274.05,1028.0)
[Fastbot][2026-06-02 15:45:29.301] Wait Event for 20 milliseconds
[Fastbot][2026-06-02 15:45:29.337] :Sending Touch (ACTION_MOVE): 0:(243.6,1028.0)
[Fastbot][2026-06-02 15:45:29.341] Wait Event for 20 milliseconds
[Fastbot][2026-06-02 15:45:29.364] :Sending Touch (ACTION_MOVE): 0:(213.15,1028.0)
[Fastbot][2026-06-02 15:45:29.366] Wait Event for 20 milliseconds
[Fastbot][2026-06-02 15:45:29.395] :Sending Touch (ACTION_MOVE): 0:(182.7,1028.0)
[Fastbot][2026-06-02 15:45:29.414] Wait Event for 20 milliseconds
[Fastbot][2026-06-02 15:45:29.435] :Sending Touch (ACTION_MOVE): 0:(152.25,1028.0)
[Fastbot][2026-06-02 15:45:29.437] Wait Event for 20 milliseconds
[Fastbot][2026-06-02 15:45:29.459] :Sending Touch (ACTION_MOVE): 0:(121.79999,1028.0)
[Fastbot][2026-06-02 15:45:29.460] Wait Event for 20 milliseconds
[Fastbot][2026-06-02 15:45:29.482] :Sending Touch (ACTION_MOVE): 0:(91.350006,1028.0)
[Fastbot][2026-06-02 15:45:29.484] Wait Event for 20 milliseconds
[Fastbot][2026-06-02 15:45:29.507] :Sending Touch (ACTION_MOVE): 0:(60.899994,1028.0)
[Fastbot][2026-06-02 15:45:29.509] Wait Event for 20 milliseconds
[Fastbot][2026-06-02 15:45:29.532] :Sending Touch (ACTION_MOVE): 0:(30.450012,1028.0)
[Fastbot][2026-06-02 15:45:29.533] Wait Event for 20 milliseconds
[Fastbot][2026-06-02 15:45:29.556] :Sending Touch (ACTION_UP): 0:(0.0,1028.0)
[Fastbot][2026-06-02 15:45:29.559] Sleeping for 200 milliseconds
[Fastbot][2026-06-02 15:45:29.762] [ProxyServer] Finish monkey step. Dumping hierarchy
[Fastbot][2026-06-02 15:45:29.763] --> POST http://127.0.0.1:9008/jsonrpc/0
[Fastbot][2026-06-02 15:45:29.763] Content-Type: application/json; charset=utf-8
[Fastbot][2026-06-02 15:45:29.763] Content-Length: 75
[Fastbot][2026-06-02 15:45:29.764] 
[Fastbot][2026-06-02 15:45:29.764] {"id":1,"jsonrpc":"2.0","method":"dumpWindowHierarchy","params":[false,50]}
[Fastbot][2026-06-02 15:45:29.764] --> END POST (75-byte body)
[Fastbot][2026-06-02 15:45:29.864] <-- 200 OK  http://127.0.0.1:9008/jsonrpc/0 (99ms)
[Fastbot][2026-06-02 15:45:29.864] Content-Type: application/json
[Fastbot][2026-06-02 15:45:29.864] Date: Tue, 2 Jun 2026 15:45:29 GMT
[Fastbot][2026-06-02 15:45:29.864] Connection: keep-alive
[Fastbot][2026-06-02 15:45:29.864] Transfer-Encoding: chunked
[Fastbot][2026-06-02 15:45:29.868] 
[Fastbot][2026-06-02 15:45:29.869] {"jsonrpc":"2.0","id":1,"result":"<?xml version='1.0' encoding='UTF-8' standalone='yes' ?>\r\n<hierarchy rotation=\"0\">\r\n  <node index=\"0\" text=\"\" resource-id=\"\" class=\"android.widget.FrameLayout\" package=\"com.android.systemui\" content-desc=\"\" checkable=\"false\" checked=\"false\" cli...[truncated]
[Fastbot][2026-06-02 15:45:29.869] <-- END HTTP (101460-byte body)
[Fastbot][2026-06-02 15:45:29.893] [ProxyServer] stepsCount: 97
[Fastbot][2026-06-02 15:45:29.893] [ProxyServer] receive request: stepMonkey
[Fastbot][2026-06-02 15:45:29.893] [MonkeySourceApeU2] stepsCount: 97
[Fastbot][2026-06-02 15:45:29.893] [MonkeySourceApeU2] Latest event is MonkeyEvent. Use the cached hierarchy.
[Fastbot][2026-06-02 15:45:29.894] [MonkeySourceApeU2] Successfully Got hierarchy
[Fastbot][2026-06-02 15:45:29.896] // Event id: 1376
[Fastbot][2026-06-02 15:45:29.896] topActivity Name: ComponentInfo{de.rampro.activitydiary.debug/de.rampro.activitydiary.ui.history.HistoryDetailActivity}
[Fastbot][2026-06-02 15:45:29.896] // Dumped stringOfGuiTree
[Fastbot][2026-06-02 15:45:29.897] topActivityName: de.rampro.activitydiary.ui.history.HistoryDetailActivity
[Fastbot][2026-06-02 15:45:29.897] action type: SCROLL_RIGHT_LEFT
[Fastbot][2026-06-02 15:45:29.898] rpc cost time: 2
[Fastbot][2026-06-02 15:45:29.899] :Sending rotation degree=0, persist=false
[Fastbot][2026-06-02 15:45:29.906] :Sending Touch (ACTION_DOWN): 0:(304.5,1028.0)
[Fastbot][2026-06-02 15:45:29.908] :Sending Touch (ACTION_MOVE): 0:(304.5,1028.0)
[Fastbot][2026-06-02 15:45:29.909] Wait Event for 20 milliseconds
[Fastbot][2026-06-02 15:45:29.949] :Sending Touch (ACTION_MOVE): 0:(274.05,1028.0)
[Fastbot][2026-06-02 15:45:29.951] Wait Event for 20 milliseconds
[Fastbot][2026-06-02 15:45:29.974] :Sending Touch (ACTION_MOVE): 0:(243.6,1028.0)
[Fastbot][2026-06-02 15:45:29.978] Wait Event for 20 milliseconds
[Fastbot][2026-06-02 15:45:30.001] :Sending Touch (ACTION_MOVE): 0:(213.15,1028.0)
[Fastbot][2026-06-02 15:45:30.003] Wait Event for 20 milliseconds
[Fastbot][2026-06-02 15:45:30.040] :Sending Touch (ACTION_MOVE): 0:(182.7,1028.0)
[Fastbot][2026-06-02 15:45:30.042] Wait Event for 20 milliseconds
[Fastbot][2026-06-02 15:45:30.066] :Sending Touch (ACTION_MOVE): 0:(152.25,1028.0)
[Fastbot][2026-06-02 15:45:30.068] Wait Event for 20 milliseconds
[Fastbot][2026-06-02 15:45:30.090] :Sending Touch (ACTION_MOVE): 0:(121.79999,1028.0)
[Fastbot][2026-06-02 15:45:30.092] Wait Event for 20 milliseconds
[Fastbot][2026-06-02 15:45:30.115] :Sending Touch (ACTION_MOVE): 0:(91.350006,1028.0)
[Fastbot][2026-06-02 15:45:30.117] Wait Event for 20 milliseconds
[Fastbot][2026-06-02 15:45:30.159] :Sending Touch (ACTION_MOVE): 0:(60.899994,1028.0)
[Fastbot][2026-06-02 15:45:30.160] Wait Event for 20 milliseconds
[Fastbot][2026-06-02 15:45:30.182] :Sending Touch (ACTION_MOVE): 0:(30.450012,1028.0)
[Fastbot][2026-06-02 15:45:30.184] Wait Event for 20 milliseconds
[Fastbot][2026-06-02 15:45:30.206]     //[calendar_time:2026-06-02 15:45:30.206  system_uptime:43801270]
[Fastbot][2026-06-02 15:45:30.206]     // Sending event #1300
[Fastbot][2026-06-02 15:45:30.207]     //[calendar_time:2026-06-02 15:45:30.207  system_uptime:43801271]
[Fastbot][2026-06-02 15:45:30.207]     // Sending event #1300
[Fastbot][2026-06-02 15:45:30.208] :Sending Touch (ACTION_UP): 0:(0.0,1028.0)
[Fastbot][2026-06-02 15:45:30.210] Sleeping for 200 milliseconds
[Fastbot][2026-06-02 15:45:30.412] [ProxyServer] Finish monkey step. Dumping hierarchy
[Fastbot][2026-06-02 15:45:30.413] --> POST http://127.0.0.1:9008/jsonrpc/0
[Fastbot][2026-06-02 15:45:30.413] Content-Type: application/json; charset=utf-8
[Fastbot][2026-06-02 15:45:30.413] Content-Length: 75
[Fastbot][2026-06-02 15:45:30.413] 
[Fastbot][2026-06-02 15:45:30.413] {"id":1,"jsonrpc":"2.0","method":"dumpWindowHierarchy","params":[false,50]}
[Fastbot][2026-06-02 15:45:30.413] --> END POST (75-byte body)
[Fastbot][2026-06-02 15:45:30.489] <-- 200 OK  http://127.0.0.1:9008/jsonrpc/0 (75ms)
[Fastbot][2026-06-02 15:45:30.489] Content-Type: application/json
[Fastbot][2026-06-02 15:45:30.490] Date: Tue, 2 Jun 2026 15:45:30 GMT
[Fastbot][2026-06-02 15:45:30.490] Connection: keep-alive
[Fastbot][2026-06-02 15:45:30.490] Transfer-Encoding: chunked
[Fastbot][2026-06-02 15:45:30.495] 
[Fastbot][2026-06-02 15:45:30.496] {"jsonrpc":"2.0","id":1,"result":"<?xml version='1.0' encoding='UTF-8' standalone='yes' ?>\r\n<hierarchy rotation=\"0\">\r\n  <node index=\"0\" text=\"\" resource-id=\"\" class=\"android.widget.FrameLayout\" package=\"com.android.systemui\" content-desc=\"\" checkable=\"false\" checked=\"false\" cli...[truncated]
[Fastbot][2026-06-02 15:45:30.496] <-- END HTTP (101460-byte body)
[Fastbot][2026-06-02 15:45:30.533] [ProxyServer] stepsCount: 98
[Fastbot][2026-06-02 15:45:30.534] [ProxyServer] receive request: stepMonkey
[Fastbot][2026-06-02 15:45:30.534] [MonkeySourceApeU2] stepsCount: 98
[Fastbot][2026-06-02 15:45:30.534] [MonkeySourceApeU2] Latest event is MonkeyEvent. Use the cached hierarchy.
[Fastbot][2026-06-02 15:45:30.535] [MonkeySourceApeU2] Successfully Got hierarchy
[Fastbot][2026-06-02 15:45:30.537] // Event id: 1400
[Fastbot][2026-06-02 15:45:30.537] topActivity Name: ComponentInfo{de.rampro.activitydiary.debug/de.rampro.activitydiary.ui.history.HistoryDetailActivity}
[Fastbot][2026-06-02 15:45:30.537] // Dumped stringOfGuiTree
[Fastbot][2026-06-02 15:45:30.538] topActivityName: de.rampro.activitydiary.ui.history.HistoryDetailActivity
[Fastbot][2026-06-02 15:45:30.539] action type: SCROLL_RIGHT_LEFT
[Fastbot][2026-06-02 15:45:30.539] rpc cost time: 2
[Fastbot][2026-06-02 15:45:30.541] :Sending rotation degree=0, persist=false
[Fastbot][2026-06-02 15:45:30.547] :Sending Touch (ACTION_DOWN): 0:(304.5,1028.0)
[Fastbot][2026-06-02 15:45:30.550] :Sending Touch (ACTION_MOVE): 0:(304.5,1028.0)
[Fastbot][2026-06-02 15:45:30.551] Wait Event for 20 milliseconds
[Fastbot][2026-06-02 15:45:30.580] :Sending Touch (ACTION_MOVE): 0:(274.05,1028.0)
[Fastbot][2026-06-02 15:45:30.581] Wait Event for 20 milliseconds
[Fastbot][2026-06-02 15:45:30.611] :Sending Touch (ACTION_MOVE): 0:(243.6,1028.0)
[Fastbot][2026-06-02 15:45:30.619] Wait Event for 20 milliseconds
[Fastbot][2026-06-02 15:45:30.641] :Sending Touch (ACTION_MOVE): 0:(213.15,1028.0)
[Fastbot][2026-06-02 15:45:30.642] Wait Event for 20 milliseconds
[Fastbot][2026-06-02 15:45:30.664] :Sending Touch (ACTION_MOVE): 0:(182.7,1028.0)
[Fastbot][2026-06-02 15:45:30.666] Wait Event for 20 milliseconds
[Fastbot][2026-06-02 15:45:30.688] :Sending Touch (ACTION_MOVE): 0:(152.25,1028.0)
[Fastbot][2026-06-02 15:45:30.689] Wait Event for 20 milliseconds
[Fastbot][2026-06-02 15:45:30.712] :Sending Touch (ACTION_MOVE): 0:(121.79999,1028.0)
[Fastbot][2026-06-02 15:45:30.713] Wait Event for 20 milliseconds
[Fastbot][2026-06-02 15:45:30.734] :Sending Touch (ACTION_MOVE): 0:(91.350006,1028.0)
[Fastbot][2026-06-02 15:45:30.736] Wait Event for 20 milliseconds
[Fastbot][2026-06-02 15:45:30.758] :Sending Touch (ACTION_MOVE): 0:(60.899994,1028.0)
[Fastbot][2026-06-02 15:45:30.759] Wait Event for 20 milliseconds
[Fastbot][2026-06-02 15:45:30.781] :Sending Touch (ACTION_MOVE): 0:(30.450012,1028.0)
[Fastbot][2026-06-02 15:45:30.783] Wait Event for 20 milliseconds
[Fastbot][2026-06-02 15:45:30.804] :Sending Touch (ACTION_UP): 0:(0.0,1028.0)
[Fastbot][2026-06-02 15:45:30.805] Sleeping for 200 milliseconds
[Fastbot][2026-06-02 15:45:31.007] [ProxyServer] Finish monkey step. Dumping hierarchy
[Fastbot][2026-06-02 15:45:31.008] --> POST http://127.0.0.1:9008/jsonrpc/0
[Fastbot][2026-06-02 15:45:31.008] Content-Type: application/json; charset=utf-8
[Fastbot][2026-06-02 15:45:31.008] Content-Length: 75
[Fastbot][2026-06-02 15:45:31.008] 
[Fastbot][2026-06-02 15:45:31.008] {"id":1,"jsonrpc":"2.0","method":"dumpWindowHierarchy","params":[false,50]}
[Fastbot][2026-06-02 15:45:31.008] --> END POST (75-byte body)
[Fastbot][2026-06-02 15:45:31.115] <-- 200 OK  http://127.0.0.1:9008/jsonrpc/0 (106ms)
[Fastbot][2026-06-02 15:45:31.115] Content-Type: application/json
[Fastbot][2026-06-02 15:45:31.115] Date: Tue, 2 Jun 2026 15:45:31 GMT
[Fastbot][2026-06-02 15:45:31.115] Connection: keep-alive
[Fastbot][2026-06-02 15:45:31.115] Transfer-Encoding: chunked
[Fastbot][2026-06-02 15:45:31.116] 
[Fastbot][2026-06-02 15:45:31.117] {"jsonrpc":"2.0","id":1,"result":"<?xml version='1.0' encoding='UTF-8' standalone='yes' ?>\r\n<hierarchy rotation=\"0\">\r\n  <node index=\"0\" text=\"\" resource-id=\"\" class=\"android.widget.FrameLayout\" package=\"com.android.systemui\" content-desc=\"\" checkable=\"false\" checked=\"false\" cli...[truncated]
[Fastbot][2026-06-02 15:45:31.117] <-- END HTTP (101460-byte body)
[Fastbot][2026-06-02 15:45:31.156] [ProxyServer] stepsCount: 99
[Fastbot][2026-06-02 15:45:31.156] [ProxyServer] receive request: stepMonkey
[Fastbot][2026-06-02 15:45:31.157] [MonkeySourceApeU2] stepsCount: 99
[Fastbot][2026-06-02 15:45:31.157] [MonkeySourceApeU2] Latest event is MonkeyEvent. Use the cached hierarchy.
[Fastbot][2026-06-02 15:45:31.157] [MonkeySourceApeU2] Successfully Got hierarchy
[Fastbot][2026-06-02 15:45:31.160] // Event id: 1424
[Fastbot][2026-06-02 15:45:31.160] topActivity Name: ComponentInfo{de.rampro.activitydiary.debug/de.rampro.activitydiary.ui.history.HistoryDetailActivity}
[Fastbot][2026-06-02 15:45:31.161] // Dumped stringOfGuiTree
[Fastbot][2026-06-02 15:45:31.161] topActivityName: de.rampro.activitydiary.ui.history.HistoryDetailActivity
[Fastbot][2026-06-02 15:45:31.163] action type: CLICK
[Fastbot][2026-06-02 15:45:31.164] rpc cost time: 4
[Fastbot]*** WARNING *** checkVirtualKeyboard: Input only once.
[Fastbot][2026-06-02 15:45:31.165] :Sending rotation degree=0, persist=false
[Fastbot][2026-06-02 15:45:31.171] :Sending Touch (ACTION_DOWN): 0:(527.0,994.0)
[Fastbot][2026-06-02 15:45:31.173] :Sending Touch (ACTION_UP): 0:(527.0,994.0)
[Fastbot][2026-06-02 15:45:31.175] Sleeping for 200 milliseconds
[Fastbot][2026-06-02 15:45:31.378] [ProxyServer] Finish monkey step. Dumping hierarchy
[Fastbot][2026-06-02 15:45:31.383] --> POST http://127.0.0.1:9008/jsonrpc/0
[Fastbot][2026-06-02 15:45:31.383] Content-Type: application/json; charset=utf-8
[Fastbot][2026-06-02 15:45:31.383] Content-Length: 75
[Fastbot][2026-06-02 15:45:31.383] 
[Fastbot][2026-06-02 15:45:31.384] {"id":1,"jsonrpc":"2.0","method":"dumpWindowHierarchy","params":[false,50]}
[Fastbot][2026-06-02 15:45:31.384] --> END POST (75-byte body)
[Fastbot][2026-06-02 15:45:31.689] <-- 200 OK  http://127.0.0.1:9008/jsonrpc/0 (304ms)
[Fastbot][2026-06-02 15:45:31.689] Content-Type: application/json
[Fastbot][2026-06-02 15:45:31.689] Date: Tue, 2 Jun 2026 15:45:31 GMT
[Fastbot][2026-06-02 15:45:31.690] Connection: keep-alive
[Fastbot][2026-06-02 15:45:31.690] Transfer-Encoding: chunked
[Fastbot][2026-06-02 15:45:31.695] 
[Fastbot][2026-06-02 15:45:31.696] {"jsonrpc":"2.0","id":1,"result":"<?xml version='1.0' encoding='UTF-8' standalone='yes' ?>\r\n<hierarchy rotation=\"0\">\r\n  <node index=\"0\" text=\"\" resource-id=\"\" class=\"android.widget.FrameLayout\" package=\"com.android.systemui\" content-desc=\"\" checkable=\"false\" checked=\"false\" cli...[truncated]
[Fastbot][2026-06-02 15:45:31.696] <-- END HTTP (100561-byte body)
[Fastbot][2026-06-02 15:45:31.721] [ProxyServer] stepsCount: 100
[Fastbot][2026-06-02 15:45:31.721] [ProxyServer] receive request: stepMonkey
[Fastbot][2026-06-02 15:45:31.721] [MonkeySourceApeU2] stepsCount: 100
[Fastbot][2026-06-02 15:45:31.722] [MonkeySourceApeU2] Latest event is MonkeyEvent. Use the cached hierarchy.
[Fastbot][2026-06-02 15:45:31.722] [MonkeySourceApeU2] Successfully Got hierarchy
[Fastbot][2026-06-02 15:45:31.724] // Event id: 1428
[Fastbot][2026-06-02 15:45:31.725] topActivity Name: ComponentInfo{de.rampro.activitydiary.debug/de.rampro.activitydiary.ui.history.HistoryDetailActivity}
[Fastbot][2026-06-02 15:45:31.725] // Dumped stringOfGuiTree
[Fastbot][2026-06-02 15:45:31.726] topActivityName: de.rampro.activitydiary.ui.history.HistoryDetailActivity
[Fastbot][2026-06-02 15:45:31.728] action type: CLICK
[Fastbot][2026-06-02 15:45:31.729] rpc cost time: 3
[Fastbot]*** WARNING *** checkVirtualKeyboard: Input only once.
[Fastbot][2026-06-02 15:45:31.731] :Sending rotation degree=0, persist=false
[Fastbot][2026-06-02 15:45:31.737] :Sending Touch (ACTION_DOWN): 0:(461.0,970.0)
[Fastbot][2026-06-02 15:45:31.739] :Sending Touch (ACTION_UP): 0:(461.0,970.0)
[Fastbot][2026-06-02 15:45:31.741] Sleeping for 200 milliseconds
[Fastbot][2026-06-02 15:45:31.943] [MonkeySourceApeU2] Profiling coverage...
[Fastbot][2026-06-02 15:45:31.944] [ProxyServer] Finish monkey step. Dumping hierarchy
[Fastbot][2026-06-02 15:45:31.944] --> POST http://127.0.0.1:9008/jsonrpc/0
[Fastbot][2026-06-02 15:45:31.944] Content-Type: application/json; charset=utf-8
[Fastbot][2026-06-02 15:45:31.945] Content-Length: 75
[Fastbot][2026-06-02 15:45:31.945] 
[Fastbot][2026-06-02 15:45:31.946] {"id":1,"jsonrpc":"2.0","method":"dumpWindowHierarchy","params":[false,50]}
[Fastbot][2026-06-02 15:45:31.946] --> END POST (75-byte body)
[Fastbot][2026-06-02 15:45:32.122] <-- 200 OK  http://127.0.0.1:9008/jsonrpc/0 (175ms)
[Fastbot][2026-06-02 15:45:32.122] Content-Type: application/json
[Fastbot][2026-06-02 15:45:32.122] Date: Tue, 2 Jun 2026 15:45:32 GMT
[Fastbot][2026-06-02 15:45:32.122] Connection: keep-alive
[Fastbot][2026-06-02 15:45:32.122] Transfer-Encoding: chunked
[Fastbot][2026-06-02 15:45:32.124] 
[Fastbot][2026-06-02 15:45:32.125] {"jsonrpc":"2.0","id":1,"result":"<?xml version='1.0' encoding='UTF-8' standalone='yes' ?>\r\n<hierarchy rotation=\"0\">\r\n  <node index=\"0\" text=\"\" resource-id=\"\" class=\"android.widget.FrameLayout\" package=\"com.android.systemui\" content-desc=\"\" checkable=\"false\" checked=\"false\" cli...[truncated]
[Fastbot][2026-06-02 15:45:32.125] <-- END HTTP (100570-byte body)
[Fastbot][2026-06-02 15:45:32.202] [ProxyServer] stepsCount: 101
[Fastbot][2026-06-02 15:45:32.202] [ProxyServer] receive request: stepMonkey
[Fastbot][2026-06-02 15:45:32.203] [MonkeySourceApeU2] stepsCount: 101
[Fastbot][2026-06-02 15:45:32.203] [MonkeySourceApeU2] Latest event is MonkeyEvent. Use the cached hierarchy.
[Fastbot][2026-06-02 15:45:32.203] [MonkeySourceApeU2] Successfully Got hierarchy
[Fastbot][2026-06-02 15:45:32.206] // Event id: 1432
[Fastbot][2026-06-02 15:45:32.207] topActivity Name: ComponentInfo{de.rampro.activitydiary.debug/de.rampro.activitydiary.ui.history.HistoryDetailActivity}
[Fastbot][2026-06-02 15:45:32.207] // Dumped stringOfGuiTree
[Fastbot][2026-06-02 15:45:32.207] topActivityName: de.rampro.activitydiary.ui.history.HistoryDetailActivity
[Fastbot][2026-06-02 15:45:32.209] action type: CLICK
[Fastbot][2026-06-02 15:45:32.210] rpc cost time: 3
[Fastbot]*** WARNING *** checkVirtualKeyboard: Input only once.
[Fastbot][2026-06-02 15:45:32.212] :Sending rotation degree=0, persist=false
[Fastbot][2026-06-02 15:45:32.221] :Sending Touch (ACTION_DOWN): 0:(472.0,1047.0)
[Fastbot][2026-06-02 15:45:32.223] :Sending Touch (ACTION_UP): 0:(472.0,1047.0)
[Fastbot][2026-06-02 15:45:32.225] Sleeping for 200 milliseconds
[Fastbot][2026-06-02 15:45:32.427] [ProxyServer] Finish monkey step. Dumping hierarchy
[Fastbot][2026-06-02 15:45:32.427] --> POST http://127.0.0.1:9008/jsonrpc/0
[Fastbot][2026-06-02 15:45:32.427] Content-Type: application/json; charset=utf-8
[Fastbot][2026-06-02 15:45:32.427] Content-Length: 75
[Fastbot][2026-06-02 15:45:32.427] 
[Fastbot][2026-06-02 15:45:32.428] {"id":1,"jsonrpc":"2.0","method":"dumpWindowHierarchy","params":[false,50]}
[Fastbot][2026-06-02 15:45:32.428] --> END POST (75-byte body)
[Fastbot][2026-06-02 15:45:32.680] <-- 200 OK  http://127.0.0.1:9008/jsonrpc/0 (251ms)
[Fastbot][2026-06-02 15:45:32.680] Content-Type: application/json
[Fastbot][2026-06-02 15:45:32.680] Date: Tue, 2 Jun 2026 15:45:32 GMT
[Fastbot][2026-06-02 15:45:32.680] Connection: keep-alive
[Fastbot][2026-06-02 15:45:32.680] Transfer-Encoding: chunked
[Fastbot][2026-06-02 15:45:32.682] 
[Fastbot][2026-06-02 15:45:32.683] {"jsonrpc":"2.0","id":1,"result":"<?xml version='1.0' encoding='UTF-8' standalone='yes' ?>\r\n<hierarchy rotation=\"0\">\r\n  <node index=\"0\" text=\"\" resource-id=\"\" class=\"android.widget.FrameLayout\" package=\"com.android.systemui\" content-desc=\"\" checkable=\"false\" checked=\"false\" cli...[truncated]
[Fastbot][2026-06-02 15:45:32.683] <-- END HTTP (99231-byte body)
[Fastbot][2026-06-02 15:45:32.712] [ProxyServer] stepsCount: 102
[Fastbot][2026-06-02 15:45:32.712] [ProxyServer] receive request: stepMonkey
[Fastbot][2026-06-02 15:45:32.712] [MonkeySourceApeU2] stepsCount: 102
[Fastbot][2026-06-02 15:45:32.713] [MonkeySourceApeU2] Latest event is MonkeyEvent. Use the cached hierarchy.
[Fastbot][2026-06-02 15:45:32.713] [MonkeySourceApeU2] Successfully Got hierarchy
[Fastbot][2026-06-02 15:45:32.715] // Event id: 1436
[Fastbot][2026-06-02 15:45:32.715] topActivity Name: ComponentInfo{de.rampro.activitydiary.debug/de.rampro.activitydiary.ui.history.HistoryDetailActivity}
[Fastbot][2026-06-02 15:45:32.715] // Dumped stringOfGuiTree
[Fastbot][2026-06-02 15:45:32.715] topActivityName: de.rampro.activitydiary.ui.history.HistoryDetailActivity
[Fastbot][2026-06-02 15:45:32.716] action type: CLICK
[Fastbot][2026-06-02 15:45:32.716] rpc cost time: 1
[Fastbot]*** WARNING *** checkVirtualKeyboard: Input only once.
[Fastbot][2026-06-02 15:45:32.718] :Sending rotation degree=0, persist=false
[Fastbot][2026-06-02 15:45:32.723] :Sending Touch (ACTION_DOWN): 0:(462.0,1075.0)
[Fastbot][2026-06-02 15:45:32.726] :Sending Touch (ACTION_UP): 0:(462.0,1075.0)
[Fastbot][2026-06-02 15:45:32.746] Sleeping for 214 milliseconds
[Fastbot][2026-06-02 15:45:32.963] [ProxyServer] Finish monkey step. Dumping hierarchy
[Fastbot][2026-06-02 15:45:32.964] --> POST http://127.0.0.1:9008/jsonrpc/0
[Fastbot][2026-06-02 15:45:32.964] Content-Type: application/json; charset=utf-8
[Fastbot][2026-06-02 15:45:32.964] Content-Length: 75
[Fastbot][2026-06-02 15:45:32.964] 
[Fastbot][2026-06-02 15:45:32.964] {"id":1,"jsonrpc":"2.0","method":"dumpWindowHierarchy","params":[false,50]}
[Fastbot][2026-06-02 15:45:32.964] --> END POST (75-byte body)
[Fastbot][2026-06-02 15:45:33.246] <-- 200 OK  http://127.0.0.1:9008/jsonrpc/0 (281ms)
[Fastbot][2026-06-02 15:45:33.246] Content-Type: application/json
[Fastbot][2026-06-02 15:45:33.246] Date: Tue, 2 Jun 2026 15:45:33 GMT
[Fastbot][2026-06-02 15:45:33.246] Connection: keep-alive
[Fastbot][2026-06-02 15:45:33.246] Transfer-Encoding: chunked
[Fastbot][2026-06-02 15:45:33.250] 
[Fastbot][2026-06-02 15:45:33.251] {"jsonrpc":"2.0","id":1,"result":"<?xml version='1.0' encoding='UTF-8' standalone='yes' ?>\r\n<hierarchy rotation=\"0\">\r\n  <node index=\"0\" text=\"\" resource-id=\"\" class=\"android.widget.FrameLayout\" package=\"com.android.systemui\" content-desc=\"\" checkable=\"false\" checked=\"false\" cli...[truncated]
[Fastbot][2026-06-02 15:45:33.251] <-- END HTTP (100570-byte body)
[Fastbot][2026-06-02 15:45:33.296] [ProxyServer] stepsCount: 103
[Fastbot][2026-06-02 15:45:33.296] [ProxyServer] receive request: stepMonkey
[Fastbot][2026-06-02 15:45:33.296] [MonkeySourceApeU2] stepsCount: 103
[Fastbot][2026-06-02 15:45:33.296] [MonkeySourceApeU2] Latest event is MonkeyEvent. Use the cached hierarchy.
[Fastbot][2026-06-02 15:45:33.297] [MonkeySourceApeU2] Successfully Got hierarchy
[Fastbot][2026-06-02 15:45:33.299] // Event id: 1440
[Fastbot][2026-06-02 15:45:33.299] topActivity Name: ComponentInfo{de.rampro.activitydiary.debug/de.rampro.activitydiary.ui.history.HistoryDetailActivity}
[Fastbot][2026-06-02 15:45:33.299] // Dumped stringOfGuiTree
[Fastbot][2026-06-02 15:45:33.300] topActivityName: de.rampro.activitydiary.ui.history.HistoryDetailActivity
[Fastbot][2026-06-02 15:45:33.301] action type: CLICK
[Fastbot][2026-06-02 15:45:33.301] rpc cost time: 2
[Fastbot]*** WARNING *** checkVirtualKeyboard: Input only once.
[Fastbot][2026-06-02 15:45:33.302] :Sending rotation degree=0, persist=false
[Fastbot][2026-06-02 15:45:33.309] :Sending Touch (ACTION_DOWN): 0:(480.0,992.0)
[Fastbot][2026-06-02 15:45:33.330] :Sending Touch (ACTION_UP): 0:(480.0,992.0)
[Fastbot][2026-06-02 15:45:33.346] Sleeping for 200 milliseconds
[Fastbot][2026-06-02 15:45:33.549] [ProxyServer] Finish monkey step. Dumping hierarchy
[Fastbot][2026-06-02 15:45:33.549] --> POST http://127.0.0.1:9008/jsonrpc/0
[Fastbot][2026-06-02 15:45:33.549] Content-Type: application/json; charset=utf-8
[Fastbot][2026-06-02 15:45:33.549] Content-Length: 75
[Fastbot][2026-06-02 15:45:33.549] 
[Fastbot][2026-06-02 15:45:33.549] {"id":1,"jsonrpc":"2.0","method":"dumpWindowHierarchy","params":[false,50]}
[Fastbot][2026-06-02 15:45:33.549] --> END POST (75-byte body)
[Fastbot][2026-06-02 15:45:33.799] <-- 200 OK  http://127.0.0.1:9008/jsonrpc/0 (249ms)
[Fastbot][2026-06-02 15:45:33.799] Content-Type: application/json
[Fastbot][2026-06-02 15:45:33.799] Date: Tue, 2 Jun 2026 15:45:33 GMT
[Fastbot][2026-06-02 15:45:33.799] Connection: keep-alive
[Fastbot][2026-06-02 15:45:33.799] Transfer-Encoding: chunked
[Fastbot][2026-06-02 15:45:33.801] 
[Fastbot][2026-06-02 15:45:33.802] {"jsonrpc":"2.0","id":1,"result":"<?xml version='1.0' encoding='UTF-8' standalone='yes' ?>\r\n<hierarchy rotation=\"0\">\r\n  <node index=\"0\" text=\"\" resource-id=\"\" class=\"android.widget.FrameLayout\" package=\"com.android.systemui\" content-desc=\"\" checkable=\"false\" checked=\"false\" cli...[truncated]
[Fastbot][2026-06-02 15:45:33.802] <-- END HTTP (99231-byte body)
[Fastbot][2026-06-02 15:45:33.843] [ProxyServer] stepsCount: 104
[Fastbot][2026-06-02 15:45:33.845] [ProxyServer] receive request: stepMonkey
[Fastbot][2026-06-02 15:45:33.845] [MonkeySourceApeU2] stepsCount: 104
[Fastbot][2026-06-02 15:45:33.845] [MonkeySourceApeU2] Latest event is MonkeyEvent. Use the cached hierarchy.
[Fastbot][2026-06-02 15:45:33.846] [MonkeySourceApeU2] Successfully Got hierarchy
[Fastbot][2026-06-02 15:45:33.849] // Event id: 1444
[Fastbot][2026-06-02 15:45:33.850] topActivity Name: ComponentInfo{de.rampro.activitydiary.debug/de.rampro.activitydiary.ui.history.HistoryDetailActivity}
[Fastbot][2026-06-02 15:45:33.850] // Dumped stringOfGuiTree
[Fastbot][2026-06-02 15:45:33.850] topActivityName: de.rampro.activitydiary.ui.history.HistoryDetailActivity
[Fastbot][2026-06-02 15:45:33.851] action type: SCROLL_RIGHT_LEFT
[Fastbot][2026-06-02 15:45:33.852] rpc cost time: 1
[Fastbot][2026-06-02 15:45:33.853] :Sending rotation degree=0, persist=false
[Fastbot][2026-06-02 15:45:33.858] :Sending Touch (ACTION_DOWN): 0:(304.5,1028.0)
[Fastbot][2026-06-02 15:45:33.859] :Sending Touch (ACTION_MOVE): 0:(304.5,1028.0)
[Fastbot][2026-06-02 15:45:33.860] Wait Event for 20 milliseconds
[Fastbot][2026-06-02 15:45:33.883] :Sending Touch (ACTION_MOVE): 0:(274.05,1028.0)
[Fastbot][2026-06-02 15:45:33.884] Wait Event for 20 milliseconds
[Fastbot][2026-06-02 15:45:33.919] :Sending Touch (ACTION_MOVE): 0:(243.6,1028.0)
[Fastbot][2026-06-02 15:45:33.921] Wait Event for 20 milliseconds
[Fastbot][2026-06-02 15:45:33.943] :Sending Touch (ACTION_MOVE): 0:(213.15,1028.0)
[Fastbot][2026-06-02 15:45:33.946] Wait Event for 20 milliseconds
[Fastbot][2026-06-02 15:45:33.969] :Sending Touch (ACTION_MOVE): 0:(182.7,1028.0)
[Fastbot][2026-06-02 15:45:33.970] Wait Event for 20 milliseconds
[Fastbot][2026-06-02 15:45:34.002] :Sending Touch (ACTION_MOVE): 0:(152.25,1028.0)
[Fastbot][2026-06-02 15:45:34.004] Wait Event for 20 milliseconds
[Fastbot][2026-06-02 15:45:34.046] :Sending Touch (ACTION_MOVE): 0:(121.79999,1028.0)
[Fastbot][2026-06-02 15:45:34.048] Wait Event for 20 milliseconds
[Fastbot][2026-06-02 15:45:34.070] :Sending Touch (ACTION_MOVE): 0:(91.350006,1028.0)
[Fastbot][2026-06-02 15:45:34.073] Wait Event for 20 milliseconds
[Fastbot][2026-06-02 15:45:34.112] :Sending Touch (ACTION_MOVE): 0:(60.899994,1028.0)
[Fastbot][2026-06-02 15:45:34.115] Wait Event for 20 milliseconds
[Fastbot][2026-06-02 15:45:34.137] :Sending Touch (ACTION_MOVE): 0:(30.450012,1028.0)
[Fastbot][2026-06-02 15:45:34.140] Wait Event for 20 milliseconds
[Fastbot][2026-06-02 15:45:34.164] :Sending Touch (ACTION_UP): 0:(0.0,1028.0)
[Fastbot][2026-06-02 15:45:34.167] Sleeping for 261 milliseconds
[Fastbot][2026-06-02 15:45:34.452] [ProxyServer] Finish monkey step. Dumping hierarchy
[Fastbot][2026-06-02 15:45:34.453] --> POST http://127.0.0.1:9008/jsonrpc/0
[Fastbot][2026-06-02 15:45:34.453] Content-Type: application/json; charset=utf-8
[Fastbot][2026-06-02 15:45:34.453] Content-Length: 75
[Fastbot][2026-06-02 15:45:34.454] 
[Fastbot][2026-06-02 15:45:34.454] {"id":1,"jsonrpc":"2.0","method":"dumpWindowHierarchy","params":[false,50]}
[Fastbot][2026-06-02 15:45:34.454] --> END POST (75-byte body)
[Fastbot][2026-06-02 15:45:34.620] <-- 200 OK  http://127.0.0.1:9008/jsonrpc/0 (165ms)
[Fastbot][2026-06-02 15:45:34.620] Content-Type: application/json
[Fastbot][2026-06-02 15:45:34.621] Date: Tue, 2 Jun 2026 15:45:34 GMT
[Fastbot][2026-06-02 15:45:34.621] Connection: keep-alive
[Fastbot][2026-06-02 15:45:34.621] Transfer-Encoding: chunked
[Fastbot][2026-06-02 15:45:34.625] 
[Fastbot][2026-06-02 15:45:34.626] {"jsonrpc":"2.0","id":1,"result":"<?xml version='1.0' encoding='UTF-8' standalone='yes' ?>\r\n<hierarchy rotation=\"0\">\r\n  <node index=\"0\" text=\"\" resource-id=\"\" class=\"android.widget.FrameLayout\" package=\"com.android.systemui\" content-desc=\"\" checkable=\"false\" checked=\"false\" cli...[truncated]
[Fastbot][2026-06-02 15:45:34.626] <-- END HTTP (97110-byte body)
[Fastbot][2026-06-02 15:45:34.667] [ProxyServer] stepsCount: 105
[Fastbot][2026-06-02 15:45:34.667] [ProxyServer] receive request: stepMonkey
[Fastbot][2026-06-02 15:45:34.668] [MonkeySourceApeU2] stepsCount: 105
[Fastbot][2026-06-02 15:45:34.668] [MonkeySourceApeU2] Latest event is MonkeyEvent. Use the cached hierarchy.
[Fastbot][2026-06-02 15:45:34.668] [MonkeySourceApeU2] Successfully Got hierarchy
[Fastbot][2026-06-02 15:45:34.671] // Event id: 1468
[Fastbot][2026-06-02 15:45:34.672] topActivity Name: ComponentInfo{de.rampro.activitydiary.debug/de.rampro.activitydiary.ui.history.HistoryDetailActivity}
[Fastbot][2026-06-02 15:45:34.672] // Dumped stringOfGuiTree
[Fastbot][2026-06-02 15:45:34.672] topActivityName: de.rampro.activitydiary.ui.history.HistoryDetailActivity
[Fastbot][2026-06-02 15:45:34.675] action type: SCROLL_TOP_DOWN
[Fastbot][2026-06-02 15:45:34.675] rpc cost time: 3
[Fastbot][2026-06-02 15:45:34.677] :Sending rotation degree=0, persist=false
[Fastbot][2026-06-02 15:45:34.686] :Sending Touch (ACTION_DOWN): 0:(540.0,1008.0)
[Fastbot][2026-06-02 15:45:34.689] :Sending Touch (ACTION_MOVE): 0:(540.0,1008.0)
[Fastbot][2026-06-02 15:45:34.691] Wait Event for 20 milliseconds
[Fastbot][2026-06-02 15:45:34.713] :Sending Touch (ACTION_MOVE): 0:(540.0,1108.7)
[Fastbot][2026-06-02 15:45:34.716] Wait Event for 20 milliseconds
[Fastbot][2026-06-02 15:45:34.739] :Sending Touch (ACTION_MOVE): 0:(540.0,1209.4)
[Fastbot][2026-06-02 15:45:34.742] Wait Event for 20 milliseconds
[Fastbot][2026-06-02 15:45:34.765] :Sending Touch (ACTION_MOVE): 0:(540.0,1310.1)
[Fastbot][2026-06-02 15:45:34.768] Wait Event for 20 milliseconds
[Fastbot][2026-06-02 15:45:34.792] :Sending Touch (ACTION_MOVE): 0:(540.0,1410.8)
[Fastbot][2026-06-02 15:45:34.795] Wait Event for 20 milliseconds
[Fastbot][2026-06-02 15:45:34.828] :Sending Touch (ACTION_MOVE): 0:(540.0,1511.5)
[Fastbot][2026-06-02 15:45:34.830] Wait Event for 20 milliseconds
[Fastbot][2026-06-02 15:45:34.862] :Sending Touch (ACTION_MOVE): 0:(540.0,1612.2)
[Fastbot][2026-06-02 15:45:34.864] Wait Event for 20 milliseconds
[Fastbot][2026-06-02 15:45:34.885] :Sending Touch (ACTION_MOVE): 0:(540.0,1712.8999)
[Fastbot][2026-06-02 15:45:34.888] Wait Event for 20 milliseconds
[Fastbot][2026-06-02 15:45:34.910] :Sending Touch (ACTION_MOVE): 0:(540.0,1813.6001)
[Fastbot][2026-06-02 15:45:34.912] Wait Event for 20 milliseconds
[Fastbot][2026-06-02 15:45:34.935] :Sending Touch (ACTION_MOVE): 0:(540.0,1914.3)
[Fastbot][2026-06-02 15:45:34.938] Wait Event for 20 milliseconds
[Fastbot][2026-06-02 15:45:34.966] :Sending Touch (ACTION_UP): 0:(540.0,2015.0)
[Fastbot][2026-06-02 15:45:34.970] Sleeping for 200 milliseconds
[Fastbot][2026-06-02 15:45:35.174] [ProxyServer] Finish monkey step. Dumping hierarchy
[Fastbot][2026-06-02 15:45:35.175] --> POST http://127.0.0.1:9008/jsonrpc/0
[Fastbot][2026-06-02 15:45:35.175] Content-Type: application/json; charset=utf-8
[Fastbot][2026-06-02 15:45:35.175] Content-Length: 75
[Fastbot][2026-06-02 15:45:35.175] 
[Fastbot][2026-06-02 15:45:35.175] {"id":1,"jsonrpc":"2.0","method":"dumpWindowHierarchy","params":[false,50]}
[Fastbot][2026-06-02 15:45:35.175] --> END POST (75-byte body)
[Fastbot][2026-06-02 15:45:35.446] <-- 200 OK  http://127.0.0.1:9008/jsonrpc/0 (270ms)
[Fastbot][2026-06-02 15:45:35.446] Content-Type: application/json
[Fastbot][2026-06-02 15:45:35.446] Date: Tue, 2 Jun 2026 15:45:35 GMT
[Fastbot][2026-06-02 15:45:35.446] Connection: keep-alive
[Fastbot][2026-06-02 15:45:35.446] Transfer-Encoding: chunked
[Fastbot][2026-06-02 15:45:35.448] 
[Fastbot][2026-06-02 15:45:35.448] {"jsonrpc":"2.0","id":1,"result":"<?xml version='1.0' encoding='UTF-8' standalone='yes' ?>\r\n<hierarchy rotation=\"0\">\r\n  <node index=\"0\" text=\"\" resource-id=\"\" class=\"android.widget.FrameLayout\" package=\"com.android.systemui\" content-desc=\"\" checkable=\"false\" checked=\"false\" cli...[truncated]
[Fastbot][2026-06-02 15:45:35.448] <-- END HTTP (97110-byte body)
[Fastbot][2026-06-02 15:45:35.506] [ProxyServer] stepsCount: 106
[Fastbot][2026-06-02 15:45:35.506] [ProxyServer] receive request: stepMonkey
[Fastbot][2026-06-02 15:45:35.506] [MonkeySourceApeU2] stepsCount: 106
[Fastbot][2026-06-02 15:45:35.506] [MonkeySourceApeU2] Latest event is MonkeyEvent. Use the cached hierarchy.
[Fastbot][2026-06-02 15:45:35.508] [MonkeySourceApeU2] Successfully Got hierarchy
[Fastbot][2026-06-02 15:45:35.509] // Event id: 1492
[Fastbot][2026-06-02 15:45:35.509] topActivity Name: ComponentInfo{de.rampro.activitydiary.debug/de.rampro.activitydiary.ui.history.HistoryDetailActivity}
[Fastbot][2026-06-02 15:45:35.509] // Dumped stringOfGuiTree
[Fastbot][2026-06-02 15:45:35.510] topActivityName: de.rampro.activitydiary.ui.history.HistoryDetailActivity
[Fastbot][2026-06-02 15:45:35.512] action type: SCROLL_TOP_DOWN
[Fastbot][2026-06-02 15:45:35.512] rpc cost time: 3
[Fastbot][2026-06-02 15:45:35.514] :Sending rotation degree=0, persist=false
[Fastbot][2026-06-02 15:45:35.521] :Sending Touch (ACTION_DOWN): 0:(540.0,1008.0)
[Fastbot][2026-06-02 15:45:35.522] :Sending Touch (ACTION_MOVE): 0:(540.0,1008.0)
[Fastbot][2026-06-02 15:45:35.523] Wait Event for 20 milliseconds
[Fastbot][2026-06-02 15:45:35.546] :Sending Touch (ACTION_MOVE): 0:(540.0,1108.7)
[Fastbot][2026-06-02 15:45:35.548] Wait Event for 20 milliseconds
[Fastbot][2026-06-02 15:45:35.569] :Sending Touch (ACTION_MOVE): 0:(540.0,1209.4)
[Fastbot][2026-06-02 15:45:35.570] Wait Event for 20 milliseconds
[Fastbot][2026-06-02 15:45:35.591] :Sending Touch (ACTION_MOVE): 0:(540.0,1310.1)
[Fastbot][2026-06-02 15:45:35.592] Wait Event for 20 milliseconds
[Fastbot][2026-06-02 15:45:35.614] :Sending Touch (ACTION_MOVE): 0:(540.0,1410.8)
[Fastbot][2026-06-02 15:45:35.615] Wait Event for 20 milliseconds
[Fastbot][2026-06-02 15:45:35.637] :Sending Touch (ACTION_MOVE): 0:(540.0,1511.5)
[Fastbot][2026-06-02 15:45:35.639] Wait Event for 20 milliseconds
[Fastbot][2026-06-02 15:45:35.660] :Sending Touch (ACTION_MOVE): 0:(540.0,1612.2)
[Fastbot][2026-06-02 15:45:35.661]     //[calendar_time:2026-06-02 15:45:35.661  system_uptime:43806725]
[Fastbot][2026-06-02 15:45:35.661]     // Sending event #1400
[Fastbot][2026-06-02 15:45:35.661] Wait Event for 20 milliseconds
[Fastbot][2026-06-02 15:45:35.684] :Sending Touch (ACTION_MOVE): 0:(540.0,1712.8999)
[Fastbot][2026-06-02 15:45:35.685] Wait Event for 20 milliseconds
[Fastbot][2026-06-02 15:45:35.706] :Sending Touch (ACTION_MOVE): 0:(540.0,1813.6001)
[Fastbot][2026-06-02 15:45:35.708] Wait Event for 20 milliseconds
[Fastbot][2026-06-02 15:45:35.730] :Sending Touch (ACTION_MOVE): 0:(540.0,1914.3)
[Fastbot][2026-06-02 15:45:35.731] Wait Event for 20 milliseconds
[Fastbot][2026-06-02 15:45:35.752] :Sending Touch (ACTION_UP): 0:(540.0,2015.0)
[Fastbot][2026-06-02 15:45:35.755] Sleeping for 200 milliseconds
[Fastbot][2026-06-02 15:45:35.963] [ProxyServer] Finish monkey step. Dumping hierarchy
[Fastbot][2026-06-02 15:45:35.963] --> POST http://127.0.0.1:9008/jsonrpc/0
[Fastbot][2026-06-02 15:45:35.963] Content-Type: application/json; charset=utf-8
[Fastbot][2026-06-02 15:45:35.963] Content-Length: 75
[Fastbot][2026-06-02 15:45:35.963] 
[Fastbot][2026-06-02 15:45:35.964] {"id":1,"jsonrpc":"2.0","method":"dumpWindowHierarchy","params":[false,50]}
[Fastbot][2026-06-02 15:45:35.964] --> END POST (75-byte body)
[Fastbot][2026-06-02 15:45:36.207] <-- 200 OK  http://127.0.0.1:9008/jsonrpc/0 (243ms)
[Fastbot][2026-06-02 15:45:36.207] Content-Type: application/json
[Fastbot][2026-06-02 15:45:36.207] Date: Tue, 2 Jun 2026 15:45:36 GMT
[Fastbot][2026-06-02 15:45:36.207] Connection: keep-alive
[Fastbot][2026-06-02 15:45:36.208] Transfer-Encoding: chunked
[Fastbot][2026-06-02 15:45:36.208] 
[Fastbot][2026-06-02 15:45:36.209] {"jsonrpc":"2.0","id":1,"result":"<?xml version='1.0' encoding='UTF-8' standalone='yes' ?>\r\n<hierarchy rotation=\"0\">\r\n  <node index=\"0\" text=\"\" resource-id=\"\" class=\"android.widget.FrameLayout\" package=\"com.android.systemui\" content-desc=\"\" checkable=\"false\" checked=\"false\" cli...[truncated]
[Fastbot][2026-06-02 15:45:36.209] <-- END HTTP (97110-byte body)
[Fastbot][2026-06-02 15:45:36.253] [ProxyServer] stepsCount: 107
[Fastbot][2026-06-02 15:45:36.253] [ProxyServer] receive request: stepMonkey
[Fastbot][2026-06-02 15:45:36.254] [MonkeySourceApeU2] stepsCount: 107
[Fastbot][2026-06-02 15:45:36.254] [MonkeySourceApeU2] Latest event is MonkeyEvent. Use the cached hierarchy.
[Fastbot][2026-06-02 15:45:36.256] [MonkeySourceApeU2] Successfully Got hierarchy
[Fastbot][2026-06-02 15:45:36.259] // Event id: 1516
[Fastbot][2026-06-02 15:45:36.260] topActivity Name: ComponentInfo{de.rampro.activitydiary.debug/de.rampro.activitydiary.ui.history.HistoryDetailActivity}
[Fastbot][2026-06-02 15:45:36.260] // Dumped stringOfGuiTree
[Fastbot][2026-06-02 15:45:36.260] topActivityName: de.rampro.activitydiary.ui.history.HistoryDetailActivity
[Fastbot][2026-06-02 15:45:36.262] action type: SCROLL_TOP_DOWN
[Fastbot][2026-06-02 15:45:36.262] rpc cost time: 2
[Fastbot][2026-06-02 15:45:36.265] :Sending rotation degree=0, persist=false
[Fastbot][2026-06-02 15:45:36.273] :Sending Touch (ACTION_DOWN): 0:(540.0,1008.0)
[Fastbot][2026-06-02 15:45:36.275] :Sending Touch (ACTION_MOVE): 0:(540.0,1008.0)
[Fastbot][2026-06-02 15:45:36.277] Wait Event for 20 milliseconds
[Fastbot][2026-06-02 15:45:36.300] :Sending Touch (ACTION_MOVE): 0:(540.0,1108.7)
[Fastbot][2026-06-02 15:45:36.302] Wait Event for 20 milliseconds
[Fastbot][2026-06-02 15:45:36.341] :Sending Touch (ACTION_MOVE): 0:(540.0,1209.4)
[Fastbot][2026-06-02 15:45:36.342] Wait Event for 20 milliseconds
[Fastbot][2026-06-02 15:45:36.365] :Sending Touch (ACTION_MOVE): 0:(540.0,1310.1)
[Fastbot][2026-06-02 15:45:36.367] Wait Event for 20 milliseconds
[Fastbot][2026-06-02 15:45:36.402] :Sending Touch (ACTION_MOVE): 0:(540.0,1410.8)
[Fastbot][2026-06-02 15:45:36.405] Wait Event for 20 milliseconds
[Fastbot][2026-06-02 15:45:36.432] :Sending Touch (ACTION_MOVE): 0:(540.0,1511.5)
[Fastbot][2026-06-02 15:45:36.434] Wait Event for 20 milliseconds
[Fastbot][2026-06-02 15:45:36.467] :Sending Touch (ACTION_MOVE): 0:(540.0,1612.2)
[Fastbot][2026-06-02 15:45:36.469] Wait Event for 20 milliseconds
[Fastbot][2026-06-02 15:45:36.491] :Sending Touch (ACTION_MOVE): 0:(540.0,1712.8999)
[Fastbot][2026-06-02 15:45:36.493] Wait Event for 20 milliseconds
[Fastbot][2026-06-02 15:45:36.515] :Sending Touch (ACTION_MOVE): 0:(540.0,1813.6001)
[Fastbot][2026-06-02 15:45:36.517] Wait Event for 20 milliseconds
[Fastbot][2026-06-02 15:45:36.540] :Sending Touch (ACTION_MOVE): 0:(540.0,1914.3)
[Fastbot][2026-06-02 15:45:36.541] Wait Event for 20 milliseconds
[Fastbot][2026-06-02 15:45:36.564] :Sending Touch (ACTION_UP): 0:(540.0,2015.0)
[Fastbot][2026-06-02 15:45:36.567] Sleeping for 200 milliseconds
[Fastbot][2026-06-02 15:45:36.777] [ProxyServer] Finish monkey step. Dumping hierarchy
[Fastbot][2026-06-02 15:45:36.778] --> POST http://127.0.0.1:9008/jsonrpc/0
[Fastbot][2026-06-02 15:45:36.778] Content-Type: application/json; charset=utf-8
[Fastbot][2026-06-02 15:45:36.778] Content-Length: 75
[Fastbot][2026-06-02 15:45:36.778] 
[Fastbot][2026-06-02 15:45:36.778] {"id":1,"jsonrpc":"2.0","method":"dumpWindowHierarchy","params":[false,50]}
[Fastbot][2026-06-02 15:45:36.778] --> END POST (75-byte body)
[Fastbot][2026-06-02 15:45:37.136] <-- 200 OK  http://127.0.0.1:9008/jsonrpc/0 (357ms)
[Fastbot][2026-06-02 15:45:37.136] Content-Type: application/json
[Fastbot][2026-06-02 15:45:37.136] Date: Tue, 2 Jun 2026 15:45:37 GMT
[Fastbot][2026-06-02 15:45:37.136] Connection: keep-alive
[Fastbot][2026-06-02 15:45:37.136] Transfer-Encoding: chunked
[Fastbot][2026-06-02 15:45:37.138] 
[Fastbot][2026-06-02 15:45:37.138] {"jsonrpc":"2.0","id":1,"result":"<?xml version='1.0' encoding='UTF-8' standalone='yes' ?>\r\n<hierarchy rotation=\"0\">\r\n  <node index=\"0\" text=\"\" resource-id=\"\" class=\"android.widget.FrameLayout\" package=\"com.android.systemui\" content-desc=\"\" checkable=\"false\" checked=\"false\" cli...[truncated]
[Fastbot][2026-06-02 15:45:37.138] <-- END HTTP (97110-byte body)
[Fastbot][2026-06-02 15:45:37.186] [ProxyServer] stepsCount: 108
[Fastbot][2026-06-02 15:45:37.186] [ProxyServer] receive request: stepMonkey
[Fastbot][2026-06-02 15:45:37.186] [MonkeySourceApeU2] stepsCount: 108
[Fastbot][2026-06-02 15:45:37.187] [MonkeySourceApeU2] Latest event is MonkeyEvent. Use the cached hierarchy.
[Fastbot][2026-06-02 15:45:37.187] [MonkeySourceApeU2] Successfully Got hierarchy
[Fastbot][2026-06-02 15:45:37.189] // Event id: 1540
[Fastbot][2026-06-02 15:45:37.189] topActivity Name: ComponentInfo{de.rampro.activitydiary.debug/de.rampro.activitydiary.ui.history.HistoryDetailActivity}
[Fastbot][2026-06-02 15:45:37.189] // Dumped stringOfGuiTree
[Fastbot][2026-06-02 15:45:37.189] topActivityName: de.rampro.activitydiary.ui.history.HistoryDetailActivity
[Fastbot][2026-06-02 15:45:37.191] action type: SCROLL_TOP_DOWN
[Fastbot][2026-06-02 15:45:37.191] rpc cost time: 2
[Fastbot][2026-06-02 15:45:37.193] :Sending rotation degree=0, persist=false
[Fastbot][2026-06-02 15:45:37.199] :Sending Touch (ACTION_DOWN): 0:(540.0,1008.0)
[Fastbot][2026-06-02 15:45:37.201] :Sending Touch (ACTION_MOVE): 0:(540.0,1008.0)
[Fastbot][2026-06-02 15:45:37.203] Wait Event for 20 milliseconds
[Fastbot][2026-06-02 15:45:37.235] :Sending Touch (ACTION_MOVE): 0:(540.0,1108.7)
[Fastbot][2026-06-02 15:45:37.237] Wait Event for 20 milliseconds
[Fastbot][2026-06-02 15:45:37.269] :Sending Touch (ACTION_MOVE): 0:(540.0,1209.4)
[Fastbot][2026-06-02 15:45:37.271] Wait Event for 20 milliseconds
[Fastbot][2026-06-02 15:45:37.308] :Sending Touch (ACTION_MOVE): 0:(540.0,1310.1)
[Fastbot][2026-06-02 15:45:37.310] Wait Event for 20 milliseconds
[Fastbot][2026-06-02 15:45:37.332] :Sending Touch (ACTION_MOVE): 0:(540.0,1410.8)
[Fastbot][2026-06-02 15:45:37.334] Wait Event for 20 milliseconds
[Fastbot][2026-06-02 15:45:37.414] :Sending Touch (ACTION_MOVE): 0:(540.0,1511.5)
[Fastbot][2026-06-02 15:45:37.416] Wait Event for 20 milliseconds
[Fastbot][2026-06-02 15:45:37.439] :Sending Touch (ACTION_MOVE): 0:(540.0,1612.2)
[Fastbot][2026-06-02 15:45:37.441] Wait Event for 20 milliseconds
[Fastbot][2026-06-02 15:45:37.463] :Sending Touch (ACTION_MOVE): 0:(540.0,1712.8999)
[Fastbot][2026-06-02 15:45:37.464] Wait Event for 20 milliseconds
[Fastbot][2026-06-02 15:45:37.487] :Sending Touch (ACTION_MOVE): 0:(540.0,1813.6001)
[Fastbot][2026-06-02 15:45:37.489] Wait Event for 20 milliseconds
[Fastbot][2026-06-02 15:45:37.512] :Sending Touch (ACTION_MOVE): 0:(540.0,1914.3)
[Fastbot][2026-06-02 15:45:37.514] Wait Event for 20 milliseconds
[Fastbot][2026-06-02 15:45:37.536] :Sending Touch (ACTION_UP): 0:(540.0,2015.0)
[Fastbot][2026-06-02 15:45:37.539] Sleeping for 200 milliseconds
[Fastbot][2026-06-02 15:45:37.759] [ProxyServer] Finish monkey step. Dumping hierarchy
[Fastbot][2026-06-02 15:45:37.759] --> POST http://127.0.0.1:9008/jsonrpc/0
[Fastbot][2026-06-02 15:45:37.760] Content-Type: application/json; charset=utf-8
[Fastbot][2026-06-02 15:45:37.760] Content-Length: 75
[Fastbot][2026-06-02 15:45:37.760] 
[Fastbot][2026-06-02 15:45:37.760] {"id":1,"jsonrpc":"2.0","method":"dumpWindowHierarchy","params":[false,50]}
[Fastbot][2026-06-02 15:45:37.760] --> END POST (75-byte body)
[Fastbot][2026-06-02 15:45:38.081] <-- 200 OK  http://127.0.0.1:9008/jsonrpc/0 (320ms)
[Fastbot][2026-06-02 15:45:38.081] Content-Type: application/json
[Fastbot][2026-06-02 15:45:38.081] Date: Tue, 2 Jun 2026 15:45:38 GMT
[Fastbot][2026-06-02 15:45:38.082] Connection: keep-alive
[Fastbot][2026-06-02 15:45:38.082] Transfer-Encoding: chunked
[Fastbot][2026-06-02 15:45:38.084] 
[Fastbot][2026-06-02 15:45:38.085] {"jsonrpc":"2.0","id":1,"result":"<?xml version='1.0' encoding='UTF-8' standalone='yes' ?>\r\n<hierarchy rotation=\"0\">\r\n  <node index=\"0\" text=\"\" resource-id=\"\" class=\"android.widget.FrameLayout\" package=\"com.android.systemui\" content-desc=\"\" checkable=\"false\" checked=\"false\" cli...[truncated]
[Fastbot][2026-06-02 15:45:38.086] <-- END HTTP (97110-byte body)
[Fastbot][2026-06-02 15:45:38.161] [ProxyServer] stepsCount: 109
[Fastbot][2026-06-02 15:45:38.161] [ProxyServer] receive request: stepMonkey
[Fastbot][2026-06-02 15:45:38.162] [MonkeySourceApeU2] stepsCount: 109
[Fastbot][2026-06-02 15:45:38.162] [MonkeySourceApeU2] Latest event is MonkeyEvent. Use the cached hierarchy.
[Fastbot][2026-06-02 15:45:38.164] [MonkeySourceApeU2] Successfully Got hierarchy
[Fastbot][2026-06-02 15:45:38.167] // Event id: 1564
[Fastbot][2026-06-02 15:45:38.167] topActivity Name: ComponentInfo{de.rampro.activitydiary.debug/de.rampro.activitydiary.ui.history.HistoryDetailActivity}
[Fastbot][2026-06-02 15:45:38.167] // Dumped stringOfGuiTree
[Fastbot][2026-06-02 15:45:38.167] topActivityName: de.rampro.activitydiary.ui.history.HistoryDetailActivity
[Fastbot][2026-06-02 15:45:38.169] action type: SCROLL_TOP_DOWN
[Fastbot][2026-06-02 15:45:38.169] rpc cost time: 2
[Fastbot][2026-06-02 15:45:38.172] :Sending rotation degree=0, persist=false
[Fastbot][2026-06-02 15:45:38.195] :Sending Touch (ACTION_DOWN): 0:(540.0,1008.0)
[Fastbot][2026-06-02 15:45:38.200] :Sending Touch (ACTION_MOVE): 0:(540.0,1008.0)
[Fastbot][2026-06-02 15:45:38.202] Wait Event for 20 milliseconds
[Fastbot][2026-06-02 15:45:38.225] :Sending Touch (ACTION_MOVE): 0:(540.0,1108.7)
[Fastbot][2026-06-02 15:45:38.227] Wait Event for 20 milliseconds
[Fastbot][2026-06-02 15:45:38.249] :Sending Touch (ACTION_MOVE): 0:(540.0,1209.4)
[Fastbot][2026-06-02 15:45:38.251] Wait Event for 20 milliseconds
[Fastbot][2026-06-02 15:45:38.273] :Sending Touch (ACTION_MOVE): 0:(540.0,1310.1)
[Fastbot][2026-06-02 15:45:38.275] Wait Event for 20 milliseconds
[Fastbot][2026-06-02 15:45:38.297] :Sending Touch (ACTION_MOVE): 0:(540.0,1410.8)
[Fastbot][2026-06-02 15:45:38.299] Wait Event for 20 milliseconds
[Fastbot][2026-06-02 15:45:38.322] :Sending Touch (ACTION_MOVE): 0:(540.0,1511.5)
[Fastbot][2026-06-02 15:45:38.323] Wait Event for 20 milliseconds
[Fastbot][2026-06-02 15:45:38.348] :Sending Touch (ACTION_MOVE): 0:(540.0,1612.2)
[Fastbot][2026-06-02 15:45:38.350] Wait Event for 20 milliseconds
[Fastbot][2026-06-02 15:45:38.383] :Sending Touch (ACTION_MOVE): 0:(540.0,1712.8999)
[Fastbot][2026-06-02 15:45:38.386] Wait Event for 20 milliseconds
[Fastbot][2026-06-02 15:45:38.408] :Sending Touch (ACTION_MOVE): 0:(540.0,1813.6001)
[Fastbot][2026-06-02 15:45:38.410] Wait Event for 20 milliseconds
[Fastbot][2026-06-02 15:45:38.432] :Sending Touch (ACTION_MOVE): 0:(540.0,1914.3)
[Fastbot][2026-06-02 15:45:38.434] Wait Event for 20 milliseconds
[Fastbot][2026-06-02 15:45:38.456] :Sending Touch (ACTION_UP): 0:(540.0,2015.0)
[Fastbot][2026-06-02 15:45:38.462] Sleeping for 200 milliseconds
[Fastbot][2026-06-02 15:45:38.664] [ProxyServer] Finish monkey step. Dumping hierarchy
[Fastbot][2026-06-02 15:45:38.664] --> POST http://127.0.0.1:9008/jsonrpc/0
[Fastbot][2026-06-02 15:45:38.665] Content-Type: application/json; charset=utf-8
[Fastbot][2026-06-02 15:45:38.665] Content-Length: 75
[Fastbot][2026-06-02 15:45:38.665] 
[Fastbot][2026-06-02 15:45:38.665] {"id":1,"jsonrpc":"2.0","method":"dumpWindowHierarchy","params":[false,50]}
[Fastbot][2026-06-02 15:45:38.665] --> END POST (75-byte body)
[Fastbot][2026-06-02 15:45:38.789] <-- 200 OK  http://127.0.0.1:9008/jsonrpc/0 (123ms)
[Fastbot][2026-06-02 15:45:38.789] Content-Type: application/json
[Fastbot][2026-06-02 15:45:38.789] Date: Tue, 2 Jun 2026 15:45:38 GMT
[Fastbot][2026-06-02 15:45:38.790] Connection: keep-alive
[Fastbot][2026-06-02 15:45:38.790] Transfer-Encoding: chunked
[Fastbot][2026-06-02 15:45:38.793] 
[Fastbot][2026-06-02 15:45:38.793] {"jsonrpc":"2.0","id":1,"result":"<?xml version='1.0' encoding='UTF-8' standalone='yes' ?>\r\n<hierarchy rotation=\"0\">\r\n  <node index=\"0\" text=\"\" resource-id=\"\" class=\"android.widget.FrameLayout\" package=\"com.android.systemui\" content-desc=\"\" checkable=\"false\" checked=\"false\" cli...[truncated]
[Fastbot][2026-06-02 15:45:38.793] <-- END HTTP (97110-byte body)
[Fastbot][2026-06-02 15:45:38.877] [ProxyServer] stepsCount: 110
[Fastbot][2026-06-02 15:45:38.877] [ProxyServer] receive request: stepMonkey
[Fastbot][2026-06-02 15:45:38.877] [MonkeySourceApeU2] stepsCount: 110
[Fastbot][2026-06-02 15:45:38.877] [MonkeySourceApeU2] Latest event is MonkeyEvent. Use the cached hierarchy.
[Fastbot][2026-06-02 15:45:38.879] [MonkeySourceApeU2] Successfully Got hierarchy
[Fastbot][2026-06-02 15:45:38.914] // Event id: 1588
[Fastbot][2026-06-02 15:45:38.914] topActivity Name: ComponentInfo{de.rampro.activitydiary.debug/de.rampro.activitydiary.ui.history.HistoryDetailActivity}
[Fastbot][2026-06-02 15:45:38.915] // Dumped stringOfGuiTree
[Fastbot][2026-06-02 15:45:38.915] topActivityName: de.rampro.activitydiary.ui.history.HistoryDetailActivity
[Fastbot][2026-06-02 15:45:38.916] action type: SCROLL_TOP_DOWN
[Fastbot][2026-06-02 15:45:38.916] rpc cost time: 2
[Fastbot][2026-06-02 15:45:38.917] :Sending rotation degree=0, persist=false
[Fastbot][2026-06-02 15:45:38.921] :Sending Touch (ACTION_DOWN): 0:(540.0,1008.0)
[Fastbot][2026-06-02 15:45:38.922] :Sending Touch (ACTION_MOVE): 0:(540.0,1008.0)
[Fastbot][2026-06-02 15:45:38.923] Wait Event for 20 milliseconds
[Fastbot][2026-06-02 15:45:38.945] :Sending Touch (ACTION_MOVE): 0:(540.0,1108.7)
[Fastbot][2026-06-02 15:45:38.946] Wait Event for 20 milliseconds
[Fastbot][2026-06-02 15:45:38.967] :Sending Touch (ACTION_MOVE): 0:(540.0,1209.4)
[Fastbot][2026-06-02 15:45:38.968] Wait Event for 20 milliseconds
[Fastbot][2026-06-02 15:45:38.990] :Sending Touch (ACTION_MOVE): 0:(540.0,1310.1)
[Fastbot][2026-06-02 15:45:38.991] Wait Event for 20 milliseconds
[Fastbot][2026-06-02 15:45:39.013] :Sending Touch (ACTION_MOVE): 0:(540.0,1410.8)
[Fastbot][2026-06-02 15:45:39.014] Wait Event for 20 milliseconds
[Fastbot][2026-06-02 15:45:39.035] :Sending Touch (ACTION_MOVE): 0:(540.0,1511.5)
[Fastbot][2026-06-02 15:45:39.037] Wait Event for 20 milliseconds
[Fastbot][2026-06-02 15:45:39.060] :Sending Touch (ACTION_MOVE): 0:(540.0,1612.2)
[Fastbot][2026-06-02 15:45:39.062] Wait Event for 20 milliseconds
[Fastbot][2026-06-02 15:45:39.084] :Sending Touch (ACTION_MOVE): 0:(540.0,1712.8999)
[Fastbot][2026-06-02 15:45:39.086] Wait Event for 20 milliseconds
[Fastbot][2026-06-02 15:45:39.108] :Sending Touch (ACTION_MOVE): 0:(540.0,1813.6001)
[Fastbot][2026-06-02 15:45:39.110] Wait Event for 20 milliseconds
[Fastbot][2026-06-02 15:45:39.132] :Sending Touch (ACTION_MOVE): 0:(540.0,1914.3)
[Fastbot][2026-06-02 15:45:39.134] Wait Event for 20 milliseconds
[Fastbot][2026-06-02 15:45:39.156] :Sending Touch (ACTION_UP): 0:(540.0,2015.0)
[Fastbot][2026-06-02 15:45:39.165]     //[calendar_time:2026-06-02 15:45:39.165  system_uptime:43810229]
[Fastbot][2026-06-02 15:45:39.165]     // Sending event #1500
[Fastbot][2026-06-02 15:45:39.167]     //[calendar_time:2026-06-02 15:45:39.167  system_uptime:43810231]
[Fastbot][2026-06-02 15:45:39.167]     // Sending event #1500
[Fastbot][2026-06-02 15:45:39.169] Sleeping for 200 milliseconds
[Fastbot][2026-06-02 15:45:39.370]     //[calendar_time:2026-06-02 15:45:39.370  system_uptime:43810434]
[Fastbot][2026-06-02 15:45:39.370]     // Sending event #1500
[Fastbot][2026-06-02 15:45:39.371]     //[calendar_time:2026-06-02 15:45:39.371  system_uptime:43810436]
[Fastbot][2026-06-02 15:45:39.371]     // Sending event #1500
[Fastbot][2026-06-02 15:45:39.373] [ProxyServer] Finish monkey step. Dumping hierarchy
[Fastbot][2026-06-02 15:45:39.374] --> POST http://127.0.0.1:9008/jsonrpc/0
[Fastbot][2026-06-02 15:45:39.374] Content-Type: application/json; charset=utf-8
[Fastbot][2026-06-02 15:45:39.374] Content-Length: 75
[Fastbot][2026-06-02 15:45:39.374] 
[Fastbot][2026-06-02 15:45:39.374] {"id":1,"jsonrpc":"2.0","method":"dumpWindowHierarchy","params":[false,50]}
[Fastbot][2026-06-02 15:45:39.374] --> END POST (75-byte body)
[Fastbot][2026-06-02 15:45:39.656] <-- 200 OK  http://127.0.0.1:9008/jsonrpc/0 (281ms)
[Fastbot][2026-06-02 15:45:39.656] Content-Type: application/json
[Fastbot][2026-06-02 15:45:39.656] Date: Tue, 2 Jun 2026 15:45:39 GMT
[Fastbot][2026-06-02 15:45:39.657] Connection: keep-alive
[Fastbot][2026-06-02 15:45:39.657] Transfer-Encoding: chunked
[Fastbot][2026-06-02 15:45:39.666] 
[Fastbot][2026-06-02 15:45:39.666] {"jsonrpc":"2.0","id":1,"result":"<?xml version='1.0' encoding='UTF-8' standalone='yes' ?>\r\n<hierarchy rotation=\"0\">\r\n  <node index=\"0\" text=\"\" resource-id=\"\" class=\"android.widget.FrameLayout\" package=\"com.android.systemui\" content-desc=\"\" checkable=\"false\" checked=\"false\" cli...[truncated]
[Fastbot][2026-06-02 15:45:39.667] <-- END HTTP (97949-byte body)
[Fastbot][2026-06-02 15:45:39.726] [ProxyServer] stepsCount: 111
[Fastbot][2026-06-02 15:45:39.726] [ProxyServer] receive request: stepMonkey
[Fastbot][2026-06-02 15:45:39.727] [MonkeySourceApeU2] stepsCount: 111
[Fastbot][2026-06-02 15:45:39.727] [MonkeySourceApeU2] Latest event is MonkeyEvent. Use the cached hierarchy.
[Fastbot][2026-06-02 15:45:39.727] [MonkeySourceApeU2] Successfully Got hierarchy
[Fastbot][2026-06-02 15:45:39.731] // Event id: 1612
[Fastbot][2026-06-02 15:45:39.731] topActivity Name: ComponentInfo{de.rampro.activitydiary.debug/de.rampro.activitydiary.ui.history.HistoryDetailActivity}
[Fastbot][2026-06-02 15:45:39.731] // Dumped stringOfGuiTree
[Fastbot][2026-06-02 15:45:39.731] topActivityName: de.rampro.activitydiary.ui.history.HistoryDetailActivity
[Fastbot][2026-06-02 15:45:39.733] action type: CLICK
[Fastbot][2026-06-02 15:45:39.734] rpc cost time: 3
[Fastbot]*** WARNING *** checkVirtualKeyboard: Input only once.
[Fastbot][2026-06-02 15:45:39.736] :Sending rotation degree=0, persist=false
[Fastbot][2026-06-02 15:45:39.742] :Sending Touch (ACTION_DOWN): 0:(190.0,1241.0)
[Fastbot][2026-06-02 15:45:39.745] :Sending Touch (ACTION_UP): 0:(190.0,1241.0)
[Fastbot][2026-06-02 15:45:39.773] Sleeping for 200 milliseconds
[Fastbot][2026-06-02 15:45:40.013] [ProxyServer] Finish monkey step. Dumping hierarchy
[Fastbot][2026-06-02 15:45:40.014] --> POST http://127.0.0.1:9008/jsonrpc/0
[Fastbot][2026-06-02 15:45:40.014] Content-Type: application/json; charset=utf-8
[Fastbot][2026-06-02 15:45:40.014] Content-Length: 75
[Fastbot][2026-06-02 15:45:40.014] 
[Fastbot][2026-06-02 15:45:40.014] {"id":1,"jsonrpc":"2.0","method":"dumpWindowHierarchy","params":[false,50]}
[Fastbot][2026-06-02 15:45:40.014] --> END POST (75-byte body)
[Fastbot][2026-06-02 15:45:40.176] <-- 200 OK  http://127.0.0.1:9008/jsonrpc/0 (161ms)
[Fastbot][2026-06-02 15:45:40.176] Content-Type: application/json
[Fastbot][2026-06-02 15:45:40.176] Date: Tue, 2 Jun 2026 15:45:40 GMT
[Fastbot][2026-06-02 15:45:40.176] Connection: keep-alive
[Fastbot][2026-06-02 15:45:40.176] Transfer-Encoding: chunked
[Fastbot][2026-06-02 15:45:40.177] 
[Fastbot][2026-06-02 15:45:40.178] {"jsonrpc":"2.0","id":1,"result":"<?xml version='1.0' encoding='UTF-8' standalone='yes' ?>\r\n<hierarchy rotation=\"0\">\r\n  <node index=\"0\" text=\"\" resource-id=\"\" class=\"android.widget.FrameLayout\" package=\"com.android.systemui\" content-desc=\"\" checkable=\"false\" checked=\"false\" cli...[truncated]
[Fastbot][2026-06-02 15:45:40.178] <-- END HTTP (102299-byte body)
[Fastbot][2026-06-02 15:45:40.219] [ProxyServer] stepsCount: 112
[Fastbot][2026-06-02 15:45:40.220] [ProxyServer] receive request: stepMonkey
[Fastbot][2026-06-02 15:45:40.220] [MonkeySourceApeU2] stepsCount: 112
[Fastbot][2026-06-02 15:45:40.220] [MonkeySourceApeU2] Latest event is MonkeyEvent. Use the cached hierarchy.
[Fastbot][2026-06-02 15:45:40.221] [MonkeySourceApeU2] Successfully Got hierarchy
[Fastbot][2026-06-02 15:45:40.223] // Event id: 1616
[Fastbot][2026-06-02 15:45:40.224] topActivity Name: ComponentInfo{de.rampro.activitydiary.debug/de.rampro.activitydiary.ui.history.HistoryDetailActivity}
[Fastbot][2026-06-02 15:45:40.224] // Dumped stringOfGuiTree
[Fastbot][2026-06-02 15:45:40.224] topActivityName: de.rampro.activitydiary.ui.history.HistoryDetailActivity
[Fastbot][2026-06-02 15:45:40.225] action type: CLICK
[Fastbot][2026-06-02 15:45:40.226] rpc cost time: 2
[Fastbot]*** WARNING *** checkVirtualKeyboard: Input only once.
[Fastbot][2026-06-02 15:45:40.228] :Sending rotation degree=0, persist=false
[Fastbot][2026-06-02 15:45:40.236] :Sending Touch (ACTION_DOWN): 0:(543.0,1072.0)
[Fastbot][2026-06-02 15:45:40.238] :Sending Touch (ACTION_UP): 0:(543.0,1072.0)
[Fastbot][2026-06-02 15:45:40.239] Sleeping for 200 milliseconds
[Fastbot][2026-06-02 15:45:40.449] [ProxyServer] Finish monkey step. Dumping hierarchy
[Fastbot][2026-06-02 15:45:40.449] --> POST http://127.0.0.1:9008/jsonrpc/0
[Fastbot][2026-06-02 15:45:40.450] Content-Type: application/json; charset=utf-8
[Fastbot][2026-06-02 15:45:40.450] Content-Length: 75
[Fastbot][2026-06-02 15:45:40.450] 
[Fastbot][2026-06-02 15:45:40.451] {"id":1,"jsonrpc":"2.0","method":"dumpWindowHierarchy","params":[false,50]}
[Fastbot][2026-06-02 15:45:40.451] --> END POST (75-byte body)
[Fastbot][2026-06-02 15:45:40.741] <-- 200 OK  http://127.0.0.1:9008/jsonrpc/0 (289ms)
[Fastbot][2026-06-02 15:45:40.741] Content-Type: application/json
[Fastbot][2026-06-02 15:45:40.741] Date: Tue, 2 Jun 2026 15:45:40 GMT
[Fastbot][2026-06-02 15:45:40.741] Connection: keep-alive
[Fastbot][2026-06-02 15:45:40.741] Transfer-Encoding: chunked
[Fastbot][2026-06-02 15:45:40.743] 
[Fastbot][2026-06-02 15:45:40.743] {"jsonrpc":"2.0","id":1,"result":"<?xml version='1.0' encoding='UTF-8' standalone='yes' ?>\r\n<hierarchy rotation=\"0\">\r\n  <node index=\"0\" text=\"\" resource-id=\"\" class=\"android.widget.FrameLayout\" package=\"com.android.systemui\" content-desc=\"\" checkable=\"false\" checked=\"false\" cli...[truncated]
[Fastbot][2026-06-02 15:45:40.743] <-- END HTTP (100070-byte body)
[Fastbot][2026-06-02 15:45:40.784] [ProxyServer] stepsCount: 113
[Fastbot][2026-06-02 15:45:40.785] [ProxyServer] receive request: stepMonkey
[Fastbot][2026-06-02 15:45:40.785] [MonkeySourceApeU2] stepsCount: 113
[Fastbot][2026-06-02 15:45:40.785] [MonkeySourceApeU2] Latest event is MonkeyEvent. Use the cached hierarchy.
[Fastbot][2026-06-02 15:45:40.786] [MonkeySourceApeU2] Successfully Got hierarchy
[Fastbot][2026-06-02 15:45:40.788] // Event id: 1620
[Fastbot][2026-06-02 15:45:40.788] topActivity Name: ComponentInfo{de.rampro.activitydiary.debug/de.rampro.activitydiary.ui.history.HistoryDetailActivity}
[Fastbot][2026-06-02 15:45:40.788] // Dumped stringOfGuiTree
[Fastbot][2026-06-02 15:45:40.788] topActivityName: de.rampro.activitydiary.ui.history.HistoryDetailActivity
[Fastbot][2026-06-02 15:45:40.789] action type: SCROLL_BOTTOM_UP
[Fastbot][2026-06-02 15:45:40.789] rpc cost time: 1
[Fastbot][2026-06-02 15:45:40.791] :Sending rotation degree=0, persist=false
[Fastbot][2026-06-02 15:45:40.814] :Sending Touch (ACTION_DOWN): 0:(304.5,1028.0)
[Fastbot][2026-06-02 15:45:40.815] :Sending Touch (ACTION_MOVE): 0:(304.5,1028.0)
[Fastbot][2026-06-02 15:45:40.817] Wait Event for 20 milliseconds
[Fastbot][2026-06-02 15:45:40.840] :Sending Touch (ACTION_MOVE): 0:(304.5,931.8)
[Fastbot][2026-06-02 15:45:40.842] Wait Event for 20 milliseconds
[Fastbot][2026-06-02 15:45:40.866] :Sending Touch (ACTION_MOVE): 0:(304.5,835.6)
[Fastbot][2026-06-02 15:45:40.868] Wait Event for 20 milliseconds
[Fastbot][2026-06-02 15:45:40.896] :Sending Touch (ACTION_MOVE): 0:(304.5,739.4)
[Fastbot][2026-06-02 15:45:40.899] Wait Event for 20 milliseconds
[Fastbot][2026-06-02 15:45:40.922] :Sending Touch (ACTION_MOVE): 0:(304.5,643.19995)
[Fastbot][2026-06-02 15:45:40.924] Wait Event for 20 milliseconds
[Fastbot][2026-06-02 15:45:40.947] :Sending Touch (ACTION_MOVE): 0:(304.5,547.0)
[Fastbot][2026-06-02 15:45:40.949] Wait Event for 20 milliseconds
[Fastbot][2026-06-02 15:45:40.981] :Sending Touch (ACTION_MOVE): 0:(304.5,450.8)
[Fastbot][2026-06-02 15:45:40.983] Wait Event for 20 milliseconds
[Fastbot][2026-06-02 15:45:41.021] :Sending Touch (ACTION_MOVE): 0:(304.5,354.60004)
[Fastbot][2026-06-02 15:45:41.023] Wait Event for 20 milliseconds
[Fastbot][2026-06-02 15:45:41.106] :Sending Touch (ACTION_MOVE): 0:(304.5,258.39996)
[Fastbot][2026-06-02 15:45:41.109] Wait Event for 20 milliseconds
[Fastbot][2026-06-02 15:45:41.130] :Sending Touch (ACTION_MOVE): 0:(304.5,162.20001)
[Fastbot][2026-06-02 15:45:41.133] Wait Event for 20 milliseconds
[Fastbot][2026-06-02 15:45:41.156] :Sending Touch (ACTION_UP): 0:(304.5,82.0)
[Fastbot][2026-06-02 15:45:41.159] Sleeping for 286 milliseconds
[Fastbot][2026-06-02 15:45:41.447] [ProxyServer] Finish monkey step. Dumping hierarchy
[Fastbot][2026-06-02 15:45:41.448] --> POST http://127.0.0.1:9008/jsonrpc/0
[Fastbot][2026-06-02 15:45:41.448] Content-Type: application/json; charset=utf-8
[Fastbot][2026-06-02 15:45:41.448] Content-Length: 75
[Fastbot][2026-06-02 15:45:41.448] 
[Fastbot][2026-06-02 15:45:41.449] {"id":1,"jsonrpc":"2.0","method":"dumpWindowHierarchy","params":[false,50]}
[Fastbot][2026-06-02 15:45:41.468] --> END POST (75-byte body)
[Fastbot][2026-06-02 15:45:41.599] <-- 200 OK  http://127.0.0.1:9008/jsonrpc/0 (130ms)
[Fastbot][2026-06-02 15:45:41.599] Content-Type: application/json
[Fastbot][2026-06-02 15:45:41.599] Date: Tue, 2 Jun 2026 15:45:41 GMT
[Fastbot][2026-06-02 15:45:41.599] Connection: keep-alive
[Fastbot][2026-06-02 15:45:41.599] Transfer-Encoding: chunked
[Fastbot][2026-06-02 15:45:41.601] 
[Fastbot][2026-06-02 15:45:41.603] {"jsonrpc":"2.0","id":1,"result":"<?xml version='1.0' encoding='UTF-8' standalone='yes' ?>\r\n<hierarchy rotation=\"0\">\r\n  <node index=\"0\" text=\"\" resource-id=\"\" class=\"android.widget.FrameLayout\" package=\"com.android.systemui\" content-desc=\"\" checkable=\"false\" checked=\"false\" cli...[truncated]
[Fastbot][2026-06-02 15:45:41.603] <-- END HTTP (97949-byte body)
[Fastbot][2026-06-02 15:45:41.630] [ProxyServer] stepsCount: 114
[Fastbot][2026-06-02 15:45:41.630] [ProxyServer] receive request: stepMonkey
[Fastbot][2026-06-02 15:45:41.630] [MonkeySourceApeU2] stepsCount: 114
[Fastbot][2026-06-02 15:45:41.630] [MonkeySourceApeU2] Latest event is MonkeyEvent. Use the cached hierarchy.
[Fastbot][2026-06-02 15:45:41.631] [MonkeySourceApeU2] Successfully Got hierarchy
[Fastbot][2026-06-02 15:45:41.632] // Event id: 1644
[Fastbot][2026-06-02 15:45:41.633] topActivity Name: ComponentInfo{de.rampro.activitydiary.debug/de.rampro.activitydiary.ui.history.HistoryDetailActivity}
[Fastbot][2026-06-02 15:45:41.633] // Dumped stringOfGuiTree
[Fastbot][2026-06-02 15:45:41.633] topActivityName: de.rampro.activitydiary.ui.history.HistoryDetailActivity
[Fastbot][2026-06-02 15:45:41.634] action type: CLICK
[Fastbot][2026-06-02 15:45:41.634] rpc cost time: 1
[Fastbot]*** WARNING *** checkVirtualKeyboard: Input only once.
[Fastbot][2026-06-02 15:45:41.636] :Sending rotation degree=0, persist=false
[Fastbot][2026-06-02 15:45:41.640] :Sending Touch (ACTION_DOWN): 0:(212.0,1282.0)
[Fastbot][2026-06-02 15:45:41.643] :Sending Touch (ACTION_UP): 0:(212.0,1282.0)
[Fastbot][2026-06-02 15:45:41.658] Sleeping for 200 milliseconds
[Fastbot][2026-06-02 15:45:41.875] [ProxyServer] Finish monkey step. Dumping hierarchy
[Fastbot][2026-06-02 15:45:41.876] --> POST http://127.0.0.1:9008/jsonrpc/0
[Fastbot][2026-06-02 15:45:41.876] Content-Type: application/json; charset=utf-8
[Fastbot][2026-06-02 15:45:41.876] Content-Length: 75
[Fastbot][2026-06-02 15:45:41.876] 
[Fastbot][2026-06-02 15:45:41.877] {"id":1,"jsonrpc":"2.0","method":"dumpWindowHierarchy","params":[false,50]}
[Fastbot][2026-06-02 15:45:41.877] --> END POST (75-byte body)
[Fastbot][2026-06-02 15:45:42.142] <-- 200 OK  http://127.0.0.1:9008/jsonrpc/0 (264ms)
[Fastbot][2026-06-02 15:45:42.142] Content-Type: application/json
[Fastbot][2026-06-02 15:45:42.142] Date: Tue, 2 Jun 2026 15:45:42 GMT
[Fastbot][2026-06-02 15:45:42.142] Connection: keep-alive
[Fastbot][2026-06-02 15:45:42.142] Transfer-Encoding: chunked
[Fastbot][2026-06-02 15:45:42.148] 
[Fastbot][2026-06-02 15:45:42.148] {"jsonrpc":"2.0","id":1,"result":"<?xml version='1.0' encoding='UTF-8' standalone='yes' ?>\r\n<hierarchy rotation=\"0\">\r\n  <node index=\"0\" text=\"\" resource-id=\"\" class=\"android.widget.FrameLayout\" package=\"com.android.systemui\" content-desc=\"\" checkable=\"false\" checked=\"false\" cli...[truncated]
[Fastbot][2026-06-02 15:45:42.148] <-- END HTTP (102299-byte body)
[Fastbot][2026-06-02 15:45:42.172] [ProxyServer] stepsCount: 115
[Fastbot][2026-06-02 15:45:42.172] [ProxyServer] receive request: stepMonkey
[Fastbot][2026-06-02 15:45:42.172] [MonkeySourceApeU2] stepsCount: 115
[Fastbot][2026-06-02 15:45:42.172] [MonkeySourceApeU2] Latest event is MonkeyEvent. Use the cached hierarchy.
[Fastbot][2026-06-02 15:45:42.173] [MonkeySourceApeU2] Successfully Got hierarchy
[Fastbot][2026-06-02 15:45:42.175] // Event id: 1648
[Fastbot][2026-06-02 15:45:42.175] topActivity Name: ComponentInfo{de.rampro.activitydiary.debug/de.rampro.activitydiary.ui.history.HistoryDetailActivity}
[Fastbot][2026-06-02 15:45:42.175] // Dumped stringOfGuiTree
[Fastbot][2026-06-02 15:45:42.175] topActivityName: de.rampro.activitydiary.ui.history.HistoryDetailActivity
[Fastbot][2026-06-02 15:45:42.177] action type: CLICK
[Fastbot][2026-06-02 15:45:42.177] rpc cost time: 2
[Fastbot]*** WARNING *** checkVirtualKeyboard: Input only once.
[Fastbot][2026-06-02 15:45:42.179] :Sending rotation degree=0, persist=false
[Fastbot][2026-06-02 15:45:42.183] :Sending Touch (ACTION_DOWN): 0:(487.0,1048.0)
[Fastbot][2026-06-02 15:45:42.185] :Sending Touch (ACTION_UP): 0:(487.0,1048.0)
[Fastbot][2026-06-02 15:45:42.188] Sleeping for 200 milliseconds
[Fastbot][2026-06-02 15:45:42.391] [ProxyServer] Finish monkey step. Dumping hierarchy
[Fastbot][2026-06-02 15:45:42.391] --> POST http://127.0.0.1:9008/jsonrpc/0
[Fastbot][2026-06-02 15:45:42.391] Content-Type: application/json; charset=utf-8
[Fastbot][2026-06-02 15:45:42.391] Content-Length: 75
[Fastbot][2026-06-02 15:45:42.391] 
[Fastbot][2026-06-02 15:45:42.391] {"id":1,"jsonrpc":"2.0","method":"dumpWindowHierarchy","params":[false,50]}
[Fastbot][2026-06-02 15:45:42.391] --> END POST (75-byte body)
[Fastbot][2026-06-02 15:45:42.643] <-- 200 OK  http://127.0.0.1:9008/jsonrpc/0 (251ms)
[Fastbot][2026-06-02 15:45:42.644] Content-Type: application/json
[Fastbot][2026-06-02 15:45:42.644] Date: Tue, 2 Jun 2026 15:45:42 GMT
[Fastbot][2026-06-02 15:45:42.644] Connection: keep-alive
[Fastbot][2026-06-02 15:45:42.645] Transfer-Encoding: chunked
[Fastbot][2026-06-02 15:45:42.647] 
[Fastbot][2026-06-02 15:45:42.647] {"jsonrpc":"2.0","id":1,"result":"<?xml version='1.0' encoding='UTF-8' standalone='yes' ?>\r\n<hierarchy rotation=\"0\">\r\n  <node index=\"0\" text=\"\" resource-id=\"\" class=\"android.widget.FrameLayout\" package=\"com.android.systemui\" content-desc=\"\" checkable=\"false\" checked=\"false\" cli...[truncated]
[Fastbot][2026-06-02 15:45:42.647] <-- END HTTP (100070-byte body)
[Fastbot][2026-06-02 15:45:42.687] [ProxyServer] stepsCount: 116
[Fastbot][2026-06-02 15:45:42.688] [ProxyServer] receive request: stepMonkey
[Fastbot][2026-06-02 15:45:42.688] [MonkeySourceApeU2] stepsCount: 116
[Fastbot][2026-06-02 15:45:42.688] [MonkeySourceApeU2] Latest event is MonkeyEvent. Use the cached hierarchy.
[Fastbot][2026-06-02 15:45:42.689] [MonkeySourceApeU2] Successfully Got hierarchy
[Fastbot][2026-06-02 15:45:42.691] // Event id: 1652
[Fastbot][2026-06-02 15:45:42.691] topActivity Name: ComponentInfo{de.rampro.activitydiary.debug/de.rampro.activitydiary.ui.history.HistoryDetailActivity}
[Fastbot][2026-06-02 15:45:42.691] // Dumped stringOfGuiTree
[Fastbot][2026-06-02 15:45:42.691] topActivityName: de.rampro.activitydiary.ui.history.HistoryDetailActivity
[Fastbot][2026-06-02 15:45:42.693] action type: SCROLL_LEFT_RIGHT
[Fastbot][2026-06-02 15:45:42.693] rpc cost time: 2
[Fastbot][2026-06-02 15:45:42.696] :Sending rotation degree=0, persist=false
[Fastbot][2026-06-02 15:45:42.704] :Sending Touch (ACTION_DOWN): 0:(304.5,1028.0)
[Fastbot][2026-06-02 15:45:42.707] :Sending Touch (ACTION_MOVE): 0:(304.5,1028.0)
[Fastbot][2026-06-02 15:45:42.708] Wait Event for 20 milliseconds
[Fastbot][2026-06-02 15:45:42.729] :Sending Touch (ACTION_MOVE): 0:(381.95,1028.0)
[Fastbot][2026-06-02 15:45:42.731] Wait Event for 20 milliseconds
[Fastbot][2026-06-02 15:45:42.753] :Sending Touch (ACTION_MOVE): 0:(459.40002,1028.0)
[Fastbot][2026-06-02 15:45:42.766] Wait Event for 20 milliseconds
[Fastbot][2026-06-02 15:45:42.787] :Sending Touch (ACTION_MOVE): 0:(536.85,1028.0)
[Fastbot][2026-06-02 15:45:42.795] Wait Event for 20 milliseconds
[Fastbot][2026-06-02 15:45:42.818] :Sending Touch (ACTION_MOVE): 0:(614.30005,1028.0)
[Fastbot][2026-06-02 15:45:42.820] Wait Event for 20 milliseconds
[Fastbot][2026-06-02 15:45:42.842] :Sending Touch (ACTION_MOVE): 0:(691.75,1028.0)
[Fastbot][2026-06-02 15:45:42.843] Wait Event for 20 milliseconds
[Fastbot][2026-06-02 15:45:42.866] :Sending Touch (ACTION_MOVE): 0:(769.2,1028.0)
[Fastbot][2026-06-02 15:45:42.868] Wait Event for 20 milliseconds
[Fastbot][2026-06-02 15:45:42.889] :Sending Touch (ACTION_MOVE): 0:(846.64996,1028.0)
[Fastbot][2026-06-02 15:45:42.891] Wait Event for 20 milliseconds
[Fastbot][2026-06-02 15:45:42.913] :Sending Touch (ACTION_MOVE): 0:(924.10004,1028.0)
[Fastbot][2026-06-02 15:45:42.914] Wait Event for 20 milliseconds
[Fastbot][2026-06-02 15:45:42.938] :Sending Touch (ACTION_MOVE): 0:(1001.55,1028.0)
[Fastbot][2026-06-02 15:45:42.947] Wait Event for 20 milliseconds
[Fastbot][2026-06-02 15:45:42.970] :Sending Touch (ACTION_UP): 0:(1079.0,1028.0)
[Fastbot][2026-06-02 15:45:42.972] Sleeping for 220 milliseconds
[Fastbot][2026-06-02 15:45:43.241] [ProxyServer] Finish monkey step. Dumping hierarchy
[Fastbot][2026-06-02 15:45:43.242] --> POST http://127.0.0.1:9008/jsonrpc/0
[Fastbot][2026-06-02 15:45:43.242] Content-Type: application/json; charset=utf-8
[Fastbot][2026-06-02 15:45:43.242] Content-Length: 75
[Fastbot][2026-06-02 15:45:43.242] 
[Fastbot][2026-06-02 15:45:43.242] {"id":1,"jsonrpc":"2.0","method":"dumpWindowHierarchy","params":[false,50]}
[Fastbot][2026-06-02 15:45:43.243] --> END POST (75-byte body)
[Fastbot][2026-06-02 15:45:43.399] <-- 200 OK  http://127.0.0.1:9008/jsonrpc/0 (156ms)
[Fastbot][2026-06-02 15:45:43.399] Content-Type: application/json
[Fastbot][2026-06-02 15:45:43.399] Date: Tue, 2 Jun 2026 15:45:43 GMT
[Fastbot][2026-06-02 15:45:43.399] Connection: keep-alive
[Fastbot][2026-06-02 15:45:43.399] Transfer-Encoding: chunked
[Fastbot][2026-06-02 15:45:43.402] 
[Fastbot][2026-06-02 15:45:43.403] {"jsonrpc":"2.0","id":1,"result":"<?xml version='1.0' encoding='UTF-8' standalone='yes' ?>\r\n<hierarchy rotation=\"0\">\r\n  <node index=\"0\" text=\"\" resource-id=\"\" class=\"android.widget.FrameLayout\" package=\"com.android.systemui\" content-desc=\"\" checkable=\"false\" checked=\"false\" cli...[truncated]
[Fastbot][2026-06-02 15:45:43.403] <-- END HTTP (97949-byte body)
[Fastbot][2026-06-02 15:45:43.452] [ProxyServer] stepsCount: 117
[Fastbot][2026-06-02 15:45:43.452] [ProxyServer] receive request: stepMonkey
[Fastbot][2026-06-02 15:45:43.452] [MonkeySourceApeU2] stepsCount: 117
[Fastbot][2026-06-02 15:45:43.452] [MonkeySourceApeU2] Latest event is MonkeyEvent. Use the cached hierarchy.
[Fastbot][2026-06-02 15:45:43.453] [MonkeySourceApeU2] Successfully Got hierarchy
[Fastbot][2026-06-02 15:45:43.456] // Event id: 1676
[Fastbot][2026-06-02 15:45:43.456] topActivity Name: ComponentInfo{de.rampro.activitydiary.debug/de.rampro.activitydiary.ui.history.HistoryDetailActivity}
[Fastbot][2026-06-02 15:45:43.456] // Dumped stringOfGuiTree
[Fastbot][2026-06-02 15:45:43.456] topActivityName: de.rampro.activitydiary.ui.history.HistoryDetailActivity
[Fastbot][2026-06-02 15:45:43.457] action type: CLICK
[Fastbot][2026-06-02 15:45:43.458] rpc cost time: 2
[Fastbot]*** WARNING *** checkVirtualKeyboard: Input only once.
[Fastbot][2026-06-02 15:45:43.459] :Sending rotation degree=0, persist=false
[Fastbot][2026-06-02 15:45:43.467] :Sending Touch (ACTION_DOWN): 0:(281.0,1196.0)
[Fastbot][2026-06-02 15:45:43.469] :Sending Touch (ACTION_UP): 0:(281.0,1196.0)
[Fastbot][2026-06-02 15:45:43.471] Sleeping for 200 milliseconds
[Fastbot][2026-06-02 15:45:43.674] [ProxyServer] Finish monkey step. Dumping hierarchy
[Fastbot][2026-06-02 15:45:43.674] --> POST http://127.0.0.1:9008/jsonrpc/0
[Fastbot][2026-06-02 15:45:43.674] Content-Type: application/json; charset=utf-8
[Fastbot][2026-06-02 15:45:43.674] Content-Length: 75
[Fastbot][2026-06-02 15:45:43.675] 
[Fastbot][2026-06-02 15:45:43.675] {"id":1,"jsonrpc":"2.0","method":"dumpWindowHierarchy","params":[false,50]}
[Fastbot][2026-06-02 15:45:43.675] --> END POST (75-byte body)
[Fastbot][2026-06-02 15:45:43.981] <-- 200 OK  http://127.0.0.1:9008/jsonrpc/0 (305ms)
[Fastbot][2026-06-02 15:45:43.981] Content-Type: application/json
[Fastbot][2026-06-02 15:45:43.981] Date: Tue, 2 Jun 2026 15:45:43 GMT
[Fastbot][2026-06-02 15:45:43.981] Connection: keep-alive
[Fastbot][2026-06-02 15:45:43.981] Transfer-Encoding: chunked
[Fastbot][2026-06-02 15:45:43.990] 
[Fastbot][2026-06-02 15:45:43.990] {"jsonrpc":"2.0","id":1,"result":"<?xml version='1.0' encoding='UTF-8' standalone='yes' ?>\r\n<hierarchy rotation=\"0\">\r\n  <node index=\"0\" text=\"\" resource-id=\"\" class=\"android.widget.FrameLayout\" package=\"de.rampro.activitydiary.debug\" content-desc=\"\" checkable=\"false\" checked=\"fa...[truncated]
[Fastbot][2026-06-02 15:45:43.990] <-- END HTTP (102299-byte body)
[Fastbot][2026-06-02 15:45:44.031] [ProxyServer] stepsCount: 118
[Fastbot][2026-06-02 15:45:44.031] [ProxyServer] receive request: stepMonkey
[Fastbot][2026-06-02 15:45:44.031] [MonkeySourceApeU2] stepsCount: 118
[Fastbot][2026-06-02 15:45:44.031] [MonkeySourceApeU2] Latest event is MonkeyEvent. Use the cached hierarchy.
[Fastbot][2026-06-02 15:45:44.032] [MonkeySourceApeU2] Successfully Got hierarchy
[Fastbot][2026-06-02 15:45:44.035] // Event id: 1680
[Fastbot][2026-06-02 15:45:44.036] topActivity Name: ComponentInfo{de.rampro.activitydiary.debug/de.rampro.activitydiary.ui.history.HistoryDetailActivity}
[Fastbot][2026-06-02 15:45:44.037] // Dumped stringOfGuiTree
[Fastbot][2026-06-02 15:45:44.037] topActivityName: de.rampro.activitydiary.ui.history.HistoryDetailActivity
[Fastbot][2026-06-02 15:45:44.038] action type: CLICK
[Fastbot][2026-06-02 15:45:44.038] rpc cost time: 1
[Fastbot]*** WARNING *** checkVirtualKeyboard: Input only once.
[Fastbot][2026-06-02 15:45:44.040] :Sending rotation degree=0, persist=false
[Fastbot][2026-06-02 15:45:44.049] :Sending Touch (ACTION_DOWN): 0:(547.0,988.0)
[Fastbot][2026-06-02 15:45:44.050] :Sending Touch (ACTION_UP): 0:(547.0,988.0)
[Fastbot][2026-06-02 15:45:44.052] Sleeping for 200 milliseconds
[Fastbot][2026-06-02 15:45:44.255] [ProxyServer] Finish monkey step. Dumping hierarchy
[Fastbot][2026-06-02 15:45:44.256] --> POST http://127.0.0.1:9008/jsonrpc/0
[Fastbot][2026-06-02 15:45:44.256] Content-Type: application/json; charset=utf-8
[Fastbot][2026-06-02 15:45:44.256] Content-Length: 75
[Fastbot][2026-06-02 15:45:44.256] 
[Fastbot][2026-06-02 15:45:44.256] {"id":1,"jsonrpc":"2.0","method":"dumpWindowHierarchy","params":[false,50]}
[Fastbot][2026-06-02 15:45:44.257] --> END POST (75-byte body)
[Fastbot][2026-06-02 15:45:44.580] <-- 200 OK  http://127.0.0.1:9008/jsonrpc/0 (323ms)
[Fastbot][2026-06-02 15:45:44.580] Content-Type: application/json
[Fastbot][2026-06-02 15:45:44.580] Date: Tue, 2 Jun 2026 15:45:44 GMT
[Fastbot][2026-06-02 15:45:44.580] Connection: keep-alive
[Fastbot][2026-06-02 15:45:44.581] Transfer-Encoding: chunked
[Fastbot][2026-06-02 15:45:44.584] 
[Fastbot][2026-06-02 15:45:44.584] {"jsonrpc":"2.0","id":1,"result":"<?xml version='1.0' encoding='UTF-8' standalone='yes' ?>\r\n<hierarchy rotation=\"0\">\r\n  <node index=\"0\" text=\"\" resource-id=\"\" class=\"android.widget.FrameLayout\" package=\"de.rampro.activitydiary.debug\" content-desc=\"\" checkable=\"false\" checked=\"fa...[truncated]
[Fastbot][2026-06-02 15:45:44.584] <-- END HTTP (100070-byte body)
[Fastbot][2026-06-02 15:45:44.609] [ProxyServer] stepsCount: 119
[Fastbot][2026-06-02 15:45:44.609] [ProxyServer] receive request: stepMonkey
[Fastbot][2026-06-02 15:45:44.609] [MonkeySourceApeU2] stepsCount: 119
[Fastbot][2026-06-02 15:45:44.609] [MonkeySourceApeU2] Latest event is MonkeyEvent. Use the cached hierarchy.
[Fastbot][2026-06-02 15:45:44.610] [MonkeySourceApeU2] Successfully Got hierarchy
[Fastbot][2026-06-02 15:45:44.613] // Event id: 1684
[Fastbot][2026-06-02 15:45:44.613] topActivity Name: ComponentInfo{de.rampro.activitydiary.debug/de.rampro.activitydiary.ui.history.HistoryDetailActivity}
[Fastbot][2026-06-02 15:45:44.613] // Dumped stringOfGuiTree
[Fastbot][2026-06-02 15:45:44.613] topActivityName: de.rampro.activitydiary.ui.history.HistoryDetailActivity
[Fastbot][2026-06-02 15:45:44.615] action type: BACK
[Fastbot][2026-06-02 15:45:44.615] rpc cost time: 2
[Fastbot][2026-06-02 15:45:44.661] :Sending rotation degree=0, persist=false
[Fastbot][2026-06-02 15:45:44.670] :Sending Key (ACTION_DOWN): 4    // KEYCODE_BACK
[Fastbot][2026-06-02 15:45:44.673] :Sending Key (ACTION_UP): 4    // KEYCODE_BACK
[Fastbot][2026-06-02 15:45:44.675] Sleeping for 260 milliseconds
[Fastbot][2026-06-02 15:45:44.944] [ProxyServer] Finish monkey step. Dumping hierarchy
[Fastbot][2026-06-02 15:45:44.944] --> POST http://127.0.0.1:9008/jsonrpc/0
[Fastbot][2026-06-02 15:45:44.944] Content-Type: application/json; charset=utf-8
[Fastbot][2026-06-02 15:45:44.945] Content-Length: 75
[Fastbot][2026-06-02 15:45:44.945] 
[Fastbot][2026-06-02 15:45:44.945] {"id":1,"jsonrpc":"2.0","method":"dumpWindowHierarchy","params":[false,50]}
[Fastbot][2026-06-02 15:45:44.945] --> END POST (75-byte body)
[Fastbot][2026-06-02 15:45:45.109] <-- 200 OK  http://127.0.0.1:9008/jsonrpc/0 (163ms)
[Fastbot][2026-06-02 15:45:45.109] Content-Type: application/json
[Fastbot][2026-06-02 15:45:45.109] Date: Tue, 2 Jun 2026 15:45:45 GMT
[Fastbot][2026-06-02 15:45:45.109] Connection: keep-alive
[Fastbot][2026-06-02 15:45:45.109] Transfer-Encoding: chunked
[Fastbot][2026-06-02 15:45:45.112] 
[Fastbot][2026-06-02 15:45:45.113] {"jsonrpc":"2.0","id":1,"result":"<?xml version='1.0' encoding='UTF-8' standalone='yes' ?>\r\n<hierarchy rotation=\"0\">\r\n  <node index=\"0\" text=\"\" resource-id=\"\" class=\"android.widget.FrameLayout\" package=\"com.android.systemui\" content-desc=\"\" checkable=\"false\" checked=\"false\" cli...[truncated]
[Fastbot][2026-06-02 15:45:45.113] <-- END HTTP (97949-byte body)
[Fastbot][2026-06-02 15:45:45.152] [ProxyServer] stepsCount: 120
[Fastbot][2026-06-02 15:45:45.152] [ProxyServer] receive request: stepMonkey
[Fastbot][2026-06-02 15:45:45.152] [MonkeySourceApeU2] stepsCount: 120
[Fastbot][2026-06-02 15:45:45.152] [MonkeySourceApeU2] Latest event is MonkeyEvent. Use the cached hierarchy.
[Fastbot][2026-06-02 15:45:45.153] [MonkeySourceApeU2] Successfully Got hierarchy
[Fastbot][2026-06-02 15:45:45.156] // Event id: 1688
[Fastbot][2026-06-02 15:45:45.156] topActivity Name: ComponentInfo{de.rampro.activitydiary.debug/de.rampro.activitydiary.ui.history.HistoryDetailActivity}
[Fastbot][2026-06-02 15:45:45.156] // Dumped stringOfGuiTree
[Fastbot][2026-06-02 15:45:45.156] topActivityName: de.rampro.activitydiary.ui.history.HistoryDetailActivity
[Fastbot][2026-06-02 15:45:45.157] action type: CLICK
[Fastbot][2026-06-02 15:45:45.158] rpc cost time: 2
[Fastbot]*** WARNING *** checkVirtualKeyboard: Input only once.
[Fastbot][2026-06-02 15:45:45.160] :Sending rotation degree=0, persist=false
[Fastbot][2026-06-02 15:45:45.169] :Sending Touch (ACTION_DOWN): 0:(206.0,1183.0)
[Fastbot][2026-06-02 15:45:45.171] :Sending Touch (ACTION_UP): 0:(206.0,1183.0)
[Fastbot][2026-06-02 15:45:45.174] Sleeping for 200 milliseconds
[Fastbot][2026-06-02 15:45:45.377] [ProxyServer] Finish monkey step. Dumping hierarchy
[Fastbot][2026-06-02 15:45:45.377] --> POST http://127.0.0.1:9008/jsonrpc/0
[Fastbot][2026-06-02 15:45:45.378] Content-Type: application/json; charset=utf-8
[Fastbot][2026-06-02 15:45:45.378] Content-Length: 75
[Fastbot][2026-06-02 15:45:45.378] 
[Fastbot][2026-06-02 15:45:45.378] {"id":1,"jsonrpc":"2.0","method":"dumpWindowHierarchy","params":[false,50]}
[Fastbot][2026-06-02 15:45:45.378] --> END POST (75-byte body)
[Fastbot][2026-06-02 15:45:45.719] <-- 200 OK  http://127.0.0.1:9008/jsonrpc/0 (340ms)
[Fastbot][2026-06-02 15:45:45.719] Content-Type: application/json
[Fastbot][2026-06-02 15:45:45.720] Date: Tue, 2 Jun 2026 15:45:45 GMT
[Fastbot][2026-06-02 15:45:45.720] Connection: keep-alive
[Fastbot][2026-06-02 15:45:45.720] Transfer-Encoding: chunked
[Fastbot][2026-06-02 15:45:45.723] 
[Fastbot][2026-06-02 15:45:45.723] {"jsonrpc":"2.0","id":1,"result":"<?xml version='1.0' encoding='UTF-8' standalone='yes' ?>\r\n<hierarchy rotation=\"0\">\r\n  <node index=\"0\" text=\"\" resource-id=\"\" class=\"android.widget.FrameLayout\" package=\"com.android.systemui\" content-desc=\"\" checkable=\"false\" checked=\"false\" cli...[truncated]
[Fastbot][2026-06-02 15:45:45.723] <-- END HTTP (102299-byte body)
[Fastbot][2026-06-02 15:45:45.760] [ProxyServer] stepsCount: 121
[Fastbot][2026-06-02 15:45:45.760] [ProxyServer] receive request: stepMonkey
[Fastbot][2026-06-02 15:45:45.761] [MonkeySourceApeU2] stepsCount: 121
[Fastbot][2026-06-02 15:45:45.761] [MonkeySourceApeU2] Latest event is MonkeyEvent. Use the cached hierarchy.
[Fastbot][2026-06-02 15:45:45.762] [MonkeySourceApeU2] Successfully Got hierarchy
[Fastbot][2026-06-02 15:45:45.764] // Event id: 1692
[Fastbot][2026-06-02 15:45:45.764] topActivity Name: ComponentInfo{de.rampro.activitydiary.debug/de.rampro.activitydiary.ui.history.HistoryDetailActivity}
[Fastbot][2026-06-02 15:45:45.765] // Dumped stringOfGuiTree
[Fastbot][2026-06-02 15:45:45.765] topActivityName: de.rampro.activitydiary.ui.history.HistoryDetailActivity
[Fastbot][2026-06-02 15:45:45.767] action type: CLICK
[Fastbot][2026-06-02 15:45:45.768] rpc cost time: 3
[Fastbot]*** WARNING *** checkVirtualKeyboard: Input only once.
[Fastbot][2026-06-02 15:45:45.769] :Sending rotation degree=0, persist=false
[Fastbot][2026-06-02 15:45:45.776] :Sending Touch (ACTION_DOWN): 0:(511.0,976.0)
[Fastbot][2026-06-02 15:45:45.779] :Sending Touch (ACTION_UP): 0:(511.0,976.0)
[Fastbot][2026-06-02 15:45:45.781] Sleeping for 200 milliseconds
[Fastbot][2026-06-02 15:45:45.985] [ProxyServer] Finish monkey step. Dumping hierarchy
[Fastbot][2026-06-02 15:45:45.986] --> POST http://127.0.0.1:9008/jsonrpc/0
[Fastbot][2026-06-02 15:45:45.986] Content-Type: application/json; charset=utf-8
[Fastbot][2026-06-02 15:45:45.986] Content-Length: 75
[Fastbot][2026-06-02 15:45:45.986] 
[Fastbot][2026-06-02 15:45:45.986] {"id":1,"jsonrpc":"2.0","method":"dumpWindowHierarchy","params":[false,50]}
[Fastbot][2026-06-02 15:45:45.986] --> END POST (75-byte body)
[Fastbot][2026-06-02 15:45:46.350] <-- 200 OK  http://127.0.0.1:9008/jsonrpc/0 (363ms)
[Fastbot][2026-06-02 15:45:46.351] Content-Type: application/json
[Fastbot][2026-06-02 15:45:46.351] Date: Tue, 2 Jun 2026 15:45:46 GMT
[Fastbot][2026-06-02 15:45:46.351] Connection: keep-alive
[Fastbot][2026-06-02 15:45:46.351] Transfer-Encoding: chunked
[Fastbot][2026-06-02 15:45:46.353] 
[Fastbot][2026-06-02 15:45:46.354] {"jsonrpc":"2.0","id":1,"result":"<?xml version='1.0' encoding='UTF-8' standalone='yes' ?>\r\n<hierarchy rotation=\"0\">\r\n  <node index=\"0\" text=\"\" resource-id=\"\" class=\"android.widget.FrameLayout\" package=\"com.android.systemui\" content-desc=\"\" checkable=\"false\" checked=\"false\" cli...[truncated]
[Fastbot][2026-06-02 15:45:46.354] <-- END HTTP (101400-byte body)
[Fastbot][2026-06-02 15:45:46.401] [ProxyServer] stepsCount: 122
[Fastbot][2026-06-02 15:45:46.402] [ProxyServer] receive request: stepMonkey
[Fastbot][2026-06-02 15:45:46.402] [MonkeySourceApeU2] stepsCount: 122
[Fastbot][2026-06-02 15:45:46.402] [MonkeySourceApeU2] Latest event is MonkeyEvent. Use the cached hierarchy.
[Fastbot][2026-06-02 15:45:46.403] [MonkeySourceApeU2] Successfully Got hierarchy
[Fastbot][2026-06-02 15:45:46.405] // Event id: 1696
[Fastbot][2026-06-02 15:45:46.405] topActivity Name: ComponentInfo{de.rampro.activitydiary.debug/de.rampro.activitydiary.ui.history.HistoryDetailActivity}
[Fastbot][2026-06-02 15:45:46.406] // Dumped stringOfGuiTree
[Fastbot][2026-06-02 15:45:46.406] topActivityName: de.rampro.activitydiary.ui.history.HistoryDetailActivity
[Fastbot][2026-06-02 15:45:46.409] action type: CLICK
[Fastbot][2026-06-02 15:45:46.409] rpc cost time: 4
[Fastbot]*** WARNING *** checkVirtualKeyboard: Input only once.
[Fastbot][2026-06-02 15:45:46.412] :Sending rotation degree=0, persist=false
[Fastbot][2026-06-02 15:45:46.419] :Sending Touch (ACTION_DOWN): 0:(453.0,1025.0)
[Fastbot][2026-06-02 15:45:46.421] :Sending Touch (ACTION_UP): 0:(453.0,1025.0)
[Fastbot][2026-06-02 15:45:46.423] Sleeping for 200 milliseconds
[Fastbot][2026-06-02 15:45:46.626] [ProxyServer] Finish monkey step. Dumping hierarchy
[Fastbot][2026-06-02 15:45:46.627] --> POST http://127.0.0.1:9008/jsonrpc/0
[Fastbot][2026-06-02 15:45:46.627] Content-Type: application/json; charset=utf-8
[Fastbot][2026-06-02 15:45:46.627] Content-Length: 75
[Fastbot][2026-06-02 15:45:46.627] 
[Fastbot][2026-06-02 15:45:46.627] {"id":1,"jsonrpc":"2.0","method":"dumpWindowHierarchy","params":[false,50]}
[Fastbot][2026-06-02 15:45:46.628] --> END POST (75-byte body)
[Fastbot][2026-06-02 15:45:46.927] <-- 200 OK  http://127.0.0.1:9008/jsonrpc/0 (298ms)
[Fastbot][2026-06-02 15:45:46.927] Content-Type: application/json
[Fastbot][2026-06-02 15:45:46.927] Date: Tue, 2 Jun 2026 15:45:46 GMT
[Fastbot][2026-06-02 15:45:46.927] Connection: keep-alive
[Fastbot][2026-06-02 15:45:46.927] Transfer-Encoding: chunked
[Fastbot][2026-06-02 15:45:46.929] 
[Fastbot][2026-06-02 15:45:46.930] {"jsonrpc":"2.0","id":1,"result":"<?xml version='1.0' encoding='UTF-8' standalone='yes' ?>\r\n<hierarchy rotation=\"0\">\r\n  <node index=\"0\" text=\"\" resource-id=\"\" class=\"android.widget.FrameLayout\" package=\"com.android.systemui\" content-desc=\"\" checkable=\"false\" checked=\"false\" cli...[truncated]
[Fastbot][2026-06-02 15:45:46.930] <-- END HTTP (101409-byte body)
[Fastbot][2026-06-02 15:45:46.957] [ProxyServer] stepsCount: 123
[Fastbot][2026-06-02 15:45:46.957] [ProxyServer] receive request: stepMonkey
[Fastbot][2026-06-02 15:45:46.957] [MonkeySourceApeU2] stepsCount: 123
[Fastbot][2026-06-02 15:45:46.958] [MonkeySourceApeU2] Latest event is MonkeyEvent. Use the cached hierarchy.
[Fastbot][2026-06-02 15:45:46.958] [MonkeySourceApeU2] Successfully Got hierarchy
[Fastbot][2026-06-02 15:45:46.961] // Event id: 1700
[Fastbot][2026-06-02 15:45:46.961] topActivity Name: ComponentInfo{de.rampro.activitydiary.debug/de.rampro.activitydiary.ui.history.HistoryDetailActivity}
[Fastbot][2026-06-02 15:45:46.961] // Dumped stringOfGuiTree
[Fastbot][2026-06-02 15:45:46.962] topActivityName: de.rampro.activitydiary.ui.history.HistoryDetailActivity
[Fastbot][2026-06-02 15:45:46.964] action type: CLICK
[Fastbot][2026-06-02 15:45:46.964] rpc cost time: 3
[Fastbot]*** WARNING *** checkVirtualKeyboard: Input only once.
[Fastbot][2026-06-02 15:45:46.966] :Sending rotation degree=0, persist=false
[Fastbot][2026-06-02 15:45:46.973] :Sending Touch (ACTION_DOWN): 0:(458.0,998.0)
[Fastbot][2026-06-02 15:45:46.975] :Sending Touch (ACTION_UP): 0:(458.0,998.0)
[Fastbot][2026-06-02 15:45:46.995] Sleeping for 200 milliseconds
[Fastbot][2026-06-02 15:45:47.197] [ProxyServer] Finish monkey step. Dumping hierarchy
[Fastbot][2026-06-02 15:45:47.198] --> POST http://127.0.0.1:9008/jsonrpc/0
[Fastbot][2026-06-02 15:45:47.198] Content-Type: application/json; charset=utf-8
[Fastbot][2026-06-02 15:45:47.198] Content-Length: 75
[Fastbot][2026-06-02 15:45:47.198] 
[Fastbot][2026-06-02 15:45:47.199] {"id":1,"jsonrpc":"2.0","method":"dumpWindowHierarchy","params":[false,50]}
[Fastbot][2026-06-02 15:45:47.199] --> END POST (75-byte body)
[Fastbot][2026-06-02 15:45:47.542] <-- 200 OK  http://127.0.0.1:9008/jsonrpc/0 (343ms)
[Fastbot][2026-06-02 15:45:47.543] Content-Type: application/json
[Fastbot][2026-06-02 15:45:47.543] Date: Tue, 2 Jun 2026 15:45:47 GMT
[Fastbot][2026-06-02 15:45:47.543] Connection: keep-alive
[Fastbot][2026-06-02 15:45:47.543] Transfer-Encoding: chunked
[Fastbot][2026-06-02 15:45:47.545] 
[Fastbot][2026-06-02 15:45:47.545] {"jsonrpc":"2.0","id":1,"result":"<?xml version='1.0' encoding='UTF-8' standalone='yes' ?>\r\n<hierarchy rotation=\"0\">\r\n  <node index=\"0\" text=\"\" resource-id=\"\" class=\"android.widget.FrameLayout\" package=\"com.android.systemui\" content-desc=\"\" checkable=\"false\" checked=\"false\" cli...[truncated]
[Fastbot][2026-06-02 15:45:47.546] <-- END HTTP (101400-byte body)
[Fastbot][2026-06-02 15:45:47.568] [ProxyServer] stepsCount: 124
[Fastbot][2026-06-02 15:45:47.568] [ProxyServer] receive request: stepMonkey
[Fastbot][2026-06-02 15:45:47.568] [MonkeySourceApeU2] stepsCount: 124
[Fastbot][2026-06-02 15:45:47.568] [MonkeySourceApeU2] Latest event is MonkeyEvent. Use the cached hierarchy.
[Fastbot][2026-06-02 15:45:47.569] [MonkeySourceApeU2] Successfully Got hierarchy
[Fastbot][2026-06-02 15:45:47.572] // Event id: 1704
[Fastbot][2026-06-02 15:45:47.573] topActivity Name: ComponentInfo{de.rampro.activitydiary.debug/de.rampro.activitydiary.ui.history.HistoryDetailActivity}
[Fastbot][2026-06-02 15:45:47.573] // Dumped stringOfGuiTree
[Fastbot][2026-06-02 15:45:47.573] topActivityName: de.rampro.activitydiary.ui.history.HistoryDetailActivity
[Fastbot][2026-06-02 15:45:47.575] action type: CLICK
[Fastbot][2026-06-02 15:45:47.575] rpc cost time: 2
[Fastbot]*** WARNING *** checkVirtualKeyboard: Input only once.
[Fastbot][2026-06-02 15:45:47.578] :Sending rotation degree=0, persist=false
[Fastbot][2026-06-02 15:45:47.585] :Sending Touch (ACTION_DOWN): 0:(429.0,1004.0)
[Fastbot][2026-06-02 15:45:47.586] :Sending Touch (ACTION_UP): 0:(429.0,1004.0)
[Fastbot][2026-06-02 15:45:47.589] Sleeping for 200 milliseconds
[Fastbot][2026-06-02 15:45:47.803] [ProxyServer] Finish monkey step. Dumping hierarchy
[Fastbot][2026-06-02 15:45:47.803] --> POST http://127.0.0.1:9008/jsonrpc/0
[Fastbot][2026-06-02 15:45:47.804] Content-Type: application/json; charset=utf-8
[Fastbot][2026-06-02 15:45:47.805] Content-Length: 75
[Fastbot][2026-06-02 15:45:47.805] 
[Fastbot][2026-06-02 15:45:47.805] {"id":1,"jsonrpc":"2.0","method":"dumpWindowHierarchy","params":[false,50]}
[Fastbot][2026-06-02 15:45:47.805] --> END POST (75-byte body)
[Fastbot][2026-06-02 15:45:48.130] <-- 200 OK  http://127.0.0.1:9008/jsonrpc/0 (324ms)
[Fastbot][2026-06-02 15:45:48.130] Content-Type: application/json
[Fastbot][2026-06-02 15:45:48.131] Date: Tue, 2 Jun 2026 15:45:48 GMT
[Fastbot][2026-06-02 15:45:48.131] Connection: keep-alive
[Fastbot][2026-06-02 15:45:48.131] Transfer-Encoding: chunked
[Fastbot][2026-06-02 15:45:48.137] 
[Fastbot][2026-06-02 15:45:48.137] {"jsonrpc":"2.0","id":1,"result":"<?xml version='1.0' encoding='UTF-8' standalone='yes' ?>\r\n<hierarchy rotation=\"0\">\r\n  <node index=\"0\" text=\"\" resource-id=\"\" class=\"android.widget.FrameLayout\" package=\"com.android.systemui\" content-desc=\"\" checkable=\"false\" checked=\"false\" cli...[truncated]
[Fastbot][2026-06-02 15:45:48.137] <-- END HTTP (101405-byte body)
[Fastbot][2026-06-02 15:45:48.181] [ProxyServer] stepsCount: 125
[Fastbot][2026-06-02 15:45:48.181] [ProxyServer] receive request: stepMonkey
[Fastbot][2026-06-02 15:45:48.181] [MonkeySourceApeU2] stepsCount: 125
[Fastbot][2026-06-02 15:45:48.181] [MonkeySourceApeU2] Latest event is MonkeyEvent. Use the cached hierarchy.
[Fastbot][2026-06-02 15:45:48.182] [MonkeySourceApeU2] Successfully Got hierarchy
[Fastbot][2026-06-02 15:45:48.184] // Event id: 1708
[Fastbot][2026-06-02 15:45:48.184] topActivity Name: ComponentInfo{de.rampro.activitydiary.debug/de.rampro.activitydiary.ui.history.HistoryDetailActivity}
[Fastbot][2026-06-02 15:45:48.184] // Dumped stringOfGuiTree
[Fastbot][2026-06-02 15:45:48.184] topActivityName: de.rampro.activitydiary.ui.history.HistoryDetailActivity
[Fastbot][2026-06-02 15:45:48.185] action type: SCROLL_TOP_DOWN
[Fastbot][2026-06-02 15:45:48.185] rpc cost time: 1
[Fastbot][2026-06-02 15:45:48.188] :Sending rotation degree=0, persist=false
[Fastbot][2026-06-02 15:45:48.194] :Sending Touch (ACTION_DOWN): 0:(452.5,962.0)
[Fastbot][2026-06-02 15:45:48.212] :Sending Touch (ACTION_MOVE): 0:(452.5,962.0)
[Fastbot][2026-06-02 15:45:48.234] Wait Event for 20 milliseconds
[Fastbot][2026-06-02 15:45:48.256] :Sending Touch (ACTION_MOVE): 0:(452.5,1067.3)
[Fastbot][2026-06-02 15:45:48.257] Wait Event for 20 milliseconds
[Fastbot][2026-06-02 15:45:48.306] :Sending Touch (ACTION_MOVE): 0:(452.5,1172.6)
[Fastbot][2026-06-02 15:45:48.309] Wait Event for 20 milliseconds
[Fastbot][2026-06-02 15:45:48.363] :Sending Touch (ACTION_MOVE): 0:(452.5,1277.9)
[Fastbot][2026-06-02 15:45:48.368] Wait Event for 20 milliseconds
[Fastbot][2026-06-02 15:45:48.392] :Sending Touch (ACTION_MOVE): 0:(452.5,1383.2)
[Fastbot][2026-06-02 15:45:48.406] Wait Event for 20 milliseconds
[Fastbot][2026-06-02 15:45:48.429] :Sending Touch (ACTION_MOVE): 0:(452.5,1488.5)
[Fastbot][2026-06-02 15:45:48.436] Wait Event for 20 milliseconds
[Fastbot][2026-06-02 15:45:48.459] :Sending Touch (ACTION_MOVE): 0:(452.5,1593.8)
[Fastbot][2026-06-02 15:45:48.461] Wait Event for 20 milliseconds
[Fastbot][2026-06-02 15:45:48.483] :Sending Touch (ACTION_MOVE): 0:(452.5,1699.1)
[Fastbot][2026-06-02 15:45:48.484] Wait Event for 20 milliseconds
[Fastbot][2026-06-02 15:45:48.506]     //[calendar_time:2026-06-02 15:45:48.506  system_uptime:43819570]
[Fastbot][2026-06-02 15:45:48.506]     // Sending event #1600
[Fastbot][2026-06-02 15:45:48.508]     //[calendar_time:2026-06-02 15:45:48.508  system_uptime:43819572]
[Fastbot][2026-06-02 15:45:48.508]     // Sending event #1600
[Fastbot][2026-06-02 15:45:48.510] :Sending Touch (ACTION_MOVE): 0:(452.5,1804.4)
[Fastbot][2026-06-02 15:45:48.512] Wait Event for 20 milliseconds
[Fastbot][2026-06-02 15:45:48.535] :Sending Touch (ACTION_MOVE): 0:(452.5,1909.7)
[Fastbot][2026-06-02 15:45:48.537] Wait Event for 20 milliseconds
[Fastbot][2026-06-02 15:45:48.559] :Sending Touch (ACTION_UP): 0:(452.5,2015.0)
[Fastbot][2026-06-02 15:45:48.562] Sleeping for 200 milliseconds
[Fastbot][2026-06-02 15:45:48.764] [MonkeySourceApeU2] Profiling coverage...
[Fastbot][2026-06-02 15:45:48.765] [ProxyServer] Finish monkey step. Dumping hierarchy
[Fastbot][2026-06-02 15:45:48.766] --> POST http://127.0.0.1:9008/jsonrpc/0
[Fastbot][2026-06-02 15:45:48.766] Content-Type: application/json; charset=utf-8
[Fastbot][2026-06-02 15:45:48.766] Content-Length: 75
[Fastbot][2026-06-02 15:45:48.766] 
[Fastbot][2026-06-02 15:45:48.766] {"id":1,"jsonrpc":"2.0","method":"dumpWindowHierarchy","params":[false,50]}
[Fastbot][2026-06-02 15:45:48.766] --> END POST (75-byte body)
[Fastbot][2026-06-02 15:45:48.849] <-- 200 OK  http://127.0.0.1:9008/jsonrpc/0 (82ms)
[Fastbot][2026-06-02 15:45:48.849] Content-Type: application/json
[Fastbot][2026-06-02 15:45:48.849] Date: Tue, 2 Jun 2026 15:45:48 GMT
[Fastbot][2026-06-02 15:45:48.849] Connection: keep-alive
[Fastbot][2026-06-02 15:45:48.850] Transfer-Encoding: chunked
[Fastbot][2026-06-02 15:45:48.856] 
[Fastbot][2026-06-02 15:45:48.856] {"jsonrpc":"2.0","id":1,"result":"<?xml version='1.0' encoding='UTF-8' standalone='yes' ?>\r\n<hierarchy rotation=\"0\">\r\n  <node index=\"0\" text=\"\" resource-id=\"\" class=\"android.widget.FrameLayout\" package=\"com.android.systemui\" content-desc=\"\" checkable=\"false\" checked=\"false\" cli...[truncated]
[Fastbot][2026-06-02 15:45:48.856] <-- END HTTP (102299-byte body)
[Fastbot][2026-06-02 15:45:48.899] [ProxyServer] stepsCount: 126
[Fastbot][2026-06-02 15:45:48.899] [ProxyServer] receive request: stepMonkey
[Fastbot][2026-06-02 15:45:48.899] [MonkeySourceApeU2] stepsCount: 126
[Fastbot][2026-06-02 15:45:48.899] [MonkeySourceApeU2] Latest event is MonkeyEvent. Use the cached hierarchy.
[Fastbot][2026-06-02 15:45:48.900] [MonkeySourceApeU2] Successfully Got hierarchy
[Fastbot][2026-06-02 15:45:48.902] // Event id: 1732
[Fastbot][2026-06-02 15:45:48.902] topActivity Name: ComponentInfo{de.rampro.activitydiary.debug/de.rampro.activitydiary.ui.history.HistoryDetailActivity}
[Fastbot][2026-06-02 15:45:48.902] // Dumped stringOfGuiTree
[Fastbot][2026-06-02 15:45:48.903] topActivityName: de.rampro.activitydiary.ui.history.HistoryDetailActivity
[Fastbot][2026-06-02 15:45:48.904] action type: SCROLL_TOP_DOWN
[Fastbot][2026-06-02 15:45:48.904] rpc cost time: 2
[Fastbot][2026-06-02 15:45:48.907] :Sending rotation degree=0, persist=false
[Fastbot][2026-06-02 15:45:48.914] :Sending Touch (ACTION_DOWN): 0:(304.5,1028.0)
[Fastbot][2026-06-02 15:45:48.931] :Sending Touch (ACTION_MOVE): 0:(304.5,1028.0)
[Fastbot][2026-06-02 15:45:48.948] Wait Event for 20 milliseconds
[Fastbot][2026-06-02 15:45:48.987] :Sending Touch (ACTION_MOVE): 0:(304.5,1126.7)
[Fastbot][2026-06-02 15:45:48.996] Wait Event for 20 milliseconds
[Fastbot][2026-06-02 15:45:49.038] :Sending Touch (ACTION_MOVE): 0:(304.5,1225.4)
[Fastbot][2026-06-02 15:45:49.044] Wait Event for 20 milliseconds
[Fastbot][2026-06-02 15:45:49.067] :Sending Touch (ACTION_MOVE): 0:(304.5,1324.1)
[Fastbot][2026-06-02 15:45:49.069] Wait Event for 20 milliseconds
[Fastbot][2026-06-02 15:45:49.104] :Sending Touch (ACTION_MOVE): 0:(304.5,1422.8)
[Fastbot][2026-06-02 15:45:49.107] Wait Event for 20 milliseconds
[Fastbot][2026-06-02 15:45:49.149] :Sending Touch (ACTION_MOVE): 0:(304.5,1521.5)
[Fastbot][2026-06-02 15:45:49.154] Wait Event for 20 milliseconds
[Fastbot][2026-06-02 15:45:49.184] :Sending Touch (ACTION_MOVE): 0:(304.5,1620.2)
[Fastbot][2026-06-02 15:45:49.187] Wait Event for 20 milliseconds
[Fastbot][2026-06-02 15:45:49.210] :Sending Touch (ACTION_MOVE): 0:(304.5,1718.8999)
[Fastbot][2026-06-02 15:45:49.212] Wait Event for 20 milliseconds
[Fastbot][2026-06-02 15:45:49.246] :Sending Touch (ACTION_MOVE): 0:(304.5,1817.6001)
[Fastbot][2026-06-02 15:45:49.247] Wait Event for 20 milliseconds
[Fastbot][2026-06-02 15:45:49.280] :Sending Touch (ACTION_MOVE): 0:(304.5,1916.3)
[Fastbot][2026-06-02 15:45:49.281] Wait Event for 20 milliseconds
[Fastbot][2026-06-02 15:45:49.308] :Sending Touch (ACTION_UP): 0:(304.5,2015.0)
[Fastbot][2026-06-02 15:45:49.310] Sleeping for 200 milliseconds
[Fastbot][2026-06-02 15:45:49.530] [ProxyServer] Finish monkey step. Dumping hierarchy
[Fastbot][2026-06-02 15:45:49.531] --> POST http://127.0.0.1:9008/jsonrpc/0
[Fastbot][2026-06-02 15:45:49.531] Content-Type: application/json; charset=utf-8
[Fastbot][2026-06-02 15:45:49.531] Content-Length: 75
[Fastbot][2026-06-02 15:45:49.531] 
[Fastbot][2026-06-02 15:45:49.531] {"id":1,"jsonrpc":"2.0","method":"dumpWindowHierarchy","params":[false,50]}
[Fastbot][2026-06-02 15:45:49.531] --> END POST (75-byte body)
[Fastbot][2026-06-02 15:45:49.663] <-- 200 OK  http://127.0.0.1:9008/jsonrpc/0 (131ms)
[Fastbot][2026-06-02 15:45:49.663] Content-Type: application/json
[Fastbot][2026-06-02 15:45:49.663] Date: Tue, 2 Jun 2026 15:45:49 GMT
[Fastbot][2026-06-02 15:45:49.663] Connection: keep-alive
[Fastbot][2026-06-02 15:45:49.663] Transfer-Encoding: chunked
[Fastbot][2026-06-02 15:45:49.666] 
[Fastbot][2026-06-02 15:45:49.666] {"jsonrpc":"2.0","id":1,"result":"<?xml version='1.0' encoding='UTF-8' standalone='yes' ?>\r\n<hierarchy rotation=\"0\">\r\n  <node index=\"0\" text=\"\" resource-id=\"\" class=\"android.widget.FrameLayout\" package=\"com.android.systemui\" content-desc=\"\" checkable=\"false\" checked=\"false\" cli...[truncated]
[Fastbot][2026-06-02 15:45:49.666] <-- END HTTP (101460-byte body)
[Fastbot][2026-06-02 15:45:49.710] [ProxyServer] stepsCount: 127
[Fastbot][2026-06-02 15:45:49.710] [ProxyServer] receive request: stepMonkey
[Fastbot][2026-06-02 15:45:49.710] [MonkeySourceApeU2] stepsCount: 127
[Fastbot][2026-06-02 15:45:49.711] [MonkeySourceApeU2] Latest event is MonkeyEvent. Use the cached hierarchy.
[Fastbot][2026-06-02 15:45:49.713] [MonkeySourceApeU2] Successfully Got hierarchy
[Fastbot][2026-06-02 15:45:49.716] // Event id: 1756
[Fastbot][2026-06-02 15:45:49.716] topActivity Name: ComponentInfo{de.rampro.activitydiary.debug/de.rampro.activitydiary.ui.history.HistoryDetailActivity}
[Fastbot][2026-06-02 15:45:49.716] // Dumped stringOfGuiTree
[Fastbot][2026-06-02 15:45:49.716] topActivityName: de.rampro.activitydiary.ui.history.HistoryDetailActivity
[Fastbot][2026-06-02 15:45:49.718] action type: SCROLL_TOP_DOWN
[Fastbot][2026-06-02 15:45:49.719] rpc cost time: 3
[Fastbot][2026-06-02 15:45:49.720] :Sending rotation degree=0, persist=false
[Fastbot][2026-06-02 15:45:49.726] :Sending Touch (ACTION_DOWN): 0:(304.5,1028.0)
[Fastbot][2026-06-02 15:45:49.729] :Sending Touch (ACTION_MOVE): 0:(304.5,1028.0)
[Fastbot][2026-06-02 15:45:49.730] Wait Event for 20 milliseconds
[Fastbot][2026-06-02 15:45:49.752] :Sending Touch (ACTION_MOVE): 0:(304.5,1126.7)
[Fastbot][2026-06-02 15:45:49.754] Wait Event for 20 milliseconds
[Fastbot][2026-06-02 15:45:49.776] :Sending Touch (ACTION_MOVE): 0:(304.5,1225.4)
[Fastbot][2026-06-02 15:45:49.777] Wait Event for 20 milliseconds
[Fastbot][2026-06-02 15:45:49.799] :Sending Touch (ACTION_MOVE): 0:(304.5,1324.1)
[Fastbot][2026-06-02 15:45:49.800] Wait Event for 20 milliseconds
[Fastbot][2026-06-02 15:45:49.822] :Sending Touch (ACTION_MOVE): 0:(304.5,1422.8)
[Fastbot][2026-06-02 15:45:49.824] Wait Event for 20 milliseconds
[Fastbot][2026-06-02 15:45:49.846] :Sending Touch (ACTION_MOVE): 0:(304.5,1521.5)
[Fastbot][2026-06-02 15:45:49.848] Wait Event for 20 milliseconds
[Fastbot][2026-06-02 15:45:49.870] :Sending Touch (ACTION_MOVE): 0:(304.5,1620.2)
[Fastbot][2026-06-02 15:45:49.872] Wait Event for 20 milliseconds
[Fastbot][2026-06-02 15:45:49.895] :Sending Touch (ACTION_MOVE): 0:(304.5,1718.8999)
[Fastbot][2026-06-02 15:45:49.896] Wait Event for 20 milliseconds
[Fastbot][2026-06-02 15:45:49.918] :Sending Touch (ACTION_MOVE): 0:(304.5,1817.6001)
[Fastbot][2026-06-02 15:45:49.920] Wait Event for 20 milliseconds
[Fastbot][2026-06-02 15:45:49.942] :Sending Touch (ACTION_MOVE): 0:(304.5,1916.3)
[Fastbot][2026-06-02 15:45:49.945] Wait Event for 20 milliseconds
[Fastbot][2026-06-02 15:45:49.967] :Sending Touch (ACTION_UP): 0:(304.5,2015.0)
[Fastbot][2026-06-02 15:45:49.968] Sleeping for 200 milliseconds
[Fastbot][2026-06-02 15:45:50.172] [ProxyServer] Finish monkey step. Dumping hierarchy
[Fastbot][2026-06-02 15:45:50.172] --> POST http://127.0.0.1:9008/jsonrpc/0
[Fastbot][2026-06-02 15:45:50.173] Content-Type: application/json; charset=utf-8
[Fastbot][2026-06-02 15:45:50.173] Content-Length: 75
[Fastbot][2026-06-02 15:45:50.173] 
[Fastbot][2026-06-02 15:45:50.174] {"id":1,"jsonrpc":"2.0","method":"dumpWindowHierarchy","params":[false,50]}
[Fastbot][2026-06-02 15:45:50.174] --> END POST (75-byte body)
[Fastbot][2026-06-02 15:45:50.289] <-- 200 OK  http://127.0.0.1:9008/jsonrpc/0 (115ms)
[Fastbot][2026-06-02 15:45:50.289] Content-Type: application/json
[Fastbot][2026-06-02 15:45:50.289] Date: Tue, 2 Jun 2026 15:45:50 GMT
[Fastbot][2026-06-02 15:45:50.289] Connection: keep-alive
[Fastbot][2026-06-02 15:45:50.289] Transfer-Encoding: chunked
[Fastbot][2026-06-02 15:45:50.298] 
[Fastbot][2026-06-02 15:45:50.298] {"jsonrpc":"2.0","id":1,"result":"<?xml version='1.0' encoding='UTF-8' standalone='yes' ?>\r\n<hierarchy rotation=\"0\">\r\n  <node index=\"0\" text=\"\" resource-id=\"\" class=\"android.widget.FrameLayout\" package=\"com.android.systemui\" content-desc=\"\" checkable=\"false\" checked=\"false\" cli...[truncated]
[Fastbot][2026-06-02 15:45:50.298] <-- END HTTP (101460-byte body)
[Fastbot][2026-06-02 15:45:50.321] [ProxyServer] stepsCount: 128
[Fastbot][2026-06-02 15:45:50.321] [ProxyServer] receive request: stepMonkey
[Fastbot][2026-06-02 15:45:50.321] [MonkeySourceApeU2] stepsCount: 128
[Fastbot][2026-06-02 15:45:50.321] [MonkeySourceApeU2] Latest event is MonkeyEvent. Use the cached hierarchy.
[Fastbot][2026-06-02 15:45:50.322] [MonkeySourceApeU2] Successfully Got hierarchy
[Fastbot][2026-06-02 15:45:50.325] // Event id: 1780
[Fastbot][2026-06-02 15:45:50.325] topActivity Name: ComponentInfo{de.rampro.activitydiary.debug/de.rampro.activitydiary.ui.history.HistoryDetailActivity}
[Fastbot][2026-06-02 15:45:50.325] // Dumped stringOfGuiTree
[Fastbot][2026-06-02 15:45:50.325] topActivityName: de.rampro.activitydiary.ui.history.HistoryDetailActivity
[Fastbot][2026-06-02 15:45:50.326] action type: SCROLL_TOP_DOWN
[Fastbot][2026-06-02 15:45:50.326] rpc cost time: 1
[Fastbot][2026-06-02 15:45:50.328] :Sending rotation degree=0, persist=false
[Fastbot][2026-06-02 15:45:50.335] :Sending Touch (ACTION_DOWN): 0:(304.5,1028.0)
[Fastbot][2026-06-02 15:45:50.337] :Sending Touch (ACTION_MOVE): 0:(304.5,1028.0)
[Fastbot][2026-06-02 15:45:50.338] Wait Event for 20 milliseconds
[Fastbot][2026-06-02 15:45:50.359] :Sending Touch (ACTION_MOVE): 0:(304.5,1126.7)
[Fastbot][2026-06-02 15:45:50.360] Wait Event for 20 milliseconds
[Fastbot][2026-06-02 15:45:50.383] :Sending Touch (ACTION_MOVE): 0:(304.5,1225.4)
[Fastbot][2026-06-02 15:45:50.384] Wait Event for 20 milliseconds
[Fastbot][2026-06-02 15:45:50.407] :Sending Touch (ACTION_MOVE): 0:(304.5,1324.1)
[Fastbot][2026-06-02 15:45:50.409] Wait Event for 20 milliseconds
[Fastbot][2026-06-02 15:45:50.430] :Sending Touch (ACTION_MOVE): 0:(304.5,1422.8)
[Fastbot][2026-06-02 15:45:50.431] Wait Event for 20 milliseconds
[Fastbot][2026-06-02 15:45:50.454] :Sending Touch (ACTION_MOVE): 0:(304.5,1521.5)
[Fastbot][2026-06-02 15:45:50.456] Wait Event for 20 milliseconds
[Fastbot][2026-06-02 15:45:50.479] :Sending Touch (ACTION_MOVE): 0:(304.5,1620.2)
[Fastbot][2026-06-02 15:45:50.480] Wait Event for 20 milliseconds
[Fastbot][2026-06-02 15:45:50.502] :Sending Touch (ACTION_MOVE): 0:(304.5,1718.8999)
[Fastbot][2026-06-02 15:45:50.504] Wait Event for 20 milliseconds
[Fastbot][2026-06-02 15:45:50.526] :Sending Touch (ACTION_MOVE): 0:(304.5,1817.6001)
[Fastbot][2026-06-02 15:45:50.528] Wait Event for 20 milliseconds
[Fastbot][2026-06-02 15:45:50.551] :Sending Touch (ACTION_MOVE): 0:(304.5,1916.3)
[Fastbot][2026-06-02 15:45:50.553] Wait Event for 20 milliseconds
[Fastbot][2026-06-02 15:45:50.575] :Sending Touch (ACTION_UP): 0:(304.5,2015.0)
[Fastbot][2026-06-02 15:45:50.578] Sleeping for 200 milliseconds
[Fastbot][2026-06-02 15:45:50.795] [ProxyServer] Finish monkey step. Dumping hierarchy
[Fastbot][2026-06-02 15:45:50.796] --> POST http://127.0.0.1:9008/jsonrpc/0
[Fastbot][2026-06-02 15:45:50.796] Content-Type: application/json; charset=utf-8
[Fastbot][2026-06-02 15:45:50.796] Content-Length: 75
[Fastbot][2026-06-02 15:45:50.796] 
[Fastbot][2026-06-02 15:45:50.796] {"id":1,"jsonrpc":"2.0","method":"dumpWindowHierarchy","params":[false,50]}
[Fastbot][2026-06-02 15:45:50.796] --> END POST (75-byte body)
[Fastbot][2026-06-02 15:45:50.910] <-- 200 OK  http://127.0.0.1:9008/jsonrpc/0 (113ms)
[Fastbot][2026-06-02 15:45:50.910] Content-Type: application/json
[Fastbot][2026-06-02 15:45:50.910] Date: Tue, 2 Jun 2026 15:45:50 GMT
[Fastbot][2026-06-02 15:45:50.910] Connection: keep-alive
[Fastbot][2026-06-02 15:45:50.910] Transfer-Encoding: chunked
[Fastbot][2026-06-02 15:45:50.918] 
[Fastbot][2026-06-02 15:45:50.919] {"jsonrpc":"2.0","id":1,"result":"<?xml version='1.0' encoding='UTF-8' standalone='yes' ?>\r\n<hierarchy rotation=\"0\">\r\n  <node index=\"0\" text=\"\" resource-id=\"\" class=\"android.widget.FrameLayout\" package=\"com.android.systemui\" content-desc=\"\" checkable=\"false\" checked=\"false\" cli...[truncated]
[Fastbot][2026-06-02 15:45:50.919] <-- END HTTP (101460-byte body)
[Fastbot][2026-06-02 15:45:50.964] [ProxyServer] stepsCount: 129
[Fastbot][2026-06-02 15:45:50.964] [ProxyServer] receive request: stepMonkey
[Fastbot][2026-06-02 15:45:50.964] [MonkeySourceApeU2] stepsCount: 129
[Fastbot][2026-06-02 15:45:50.964] [MonkeySourceApeU2] Latest event is MonkeyEvent. Use the cached hierarchy.
[Fastbot][2026-06-02 15:45:50.965] [MonkeySourceApeU2] Successfully Got hierarchy
[Fastbot][2026-06-02 15:45:50.968] // Event id: 1804
[Fastbot][2026-06-02 15:45:50.969] topActivity Name: ComponentInfo{de.rampro.activitydiary.debug/de.rampro.activitydiary.ui.history.HistoryDetailActivity}
[Fastbot][2026-06-02 15:45:50.969] // Dumped stringOfGuiTree
[Fastbot][2026-06-02 15:45:50.969] topActivityName: de.rampro.activitydiary.ui.history.HistoryDetailActivity
[Fastbot][2026-06-02 15:45:50.972] action type: SCROLL_TOP_DOWN
[Fastbot][2026-06-02 15:45:50.972] rpc cost time: 3
[Fastbot][2026-06-02 15:45:50.973] :Sending rotation degree=0, persist=false
[Fastbot][2026-06-02 15:45:50.982] :Sending Touch (ACTION_DOWN): 0:(304.5,1028.0)
[Fastbot][2026-06-02 15:45:50.988] :Sending Touch (ACTION_MOVE): 0:(304.5,1028.0)
[Fastbot][2026-06-02 15:45:50.989] Wait Event for 20 milliseconds
[Fastbot][2026-06-02 15:45:51.041] :Sending Touch (ACTION_MOVE): 0:(304.5,1126.7)
[Fastbot][2026-06-02 15:45:51.043] Wait Event for 20 milliseconds
[Fastbot][2026-06-02 15:45:51.079] :Sending Touch (ACTION_MOVE): 0:(304.5,1225.4)
[Fastbot][2026-06-02 15:45:51.081] Wait Event for 20 milliseconds
[Fastbot][2026-06-02 15:45:51.104] :Sending Touch (ACTION_MOVE): 0:(304.5,1324.1)
[Fastbot][2026-06-02 15:45:51.106] Wait Event for 20 milliseconds
[Fastbot][2026-06-02 15:45:51.153] :Sending Touch (ACTION_MOVE): 0:(304.5,1422.8)
[Fastbot][2026-06-02 15:45:51.156] Wait Event for 20 milliseconds
[Fastbot][2026-06-02 15:45:51.180] :Sending Touch (ACTION_MOVE): 0:(304.5,1521.5)
[Fastbot][2026-06-02 15:45:51.182] Wait Event for 20 milliseconds
[Fastbot][2026-06-02 15:45:51.209] :Sending Touch (ACTION_MOVE): 0:(304.5,1620.2)
[Fastbot][2026-06-02 15:45:51.212] Wait Event for 20 milliseconds
[Fastbot][2026-06-02 15:45:51.234] :Sending Touch (ACTION_MOVE): 0:(304.5,1718.8999)
[Fastbot][2026-06-02 15:45:51.245] Wait Event for 20 milliseconds
[Fastbot][2026-06-02 15:45:51.268] :Sending Touch (ACTION_MOVE): 0:(304.5,1817.6001)
[Fastbot][2026-06-02 15:45:51.271] Wait Event for 20 milliseconds
[Fastbot][2026-06-02 15:45:51.293] :Sending Touch (ACTION_MOVE): 0:(304.5,1916.3)
[Fastbot][2026-06-02 15:45:51.294] Wait Event for 20 milliseconds
[Fastbot][2026-06-02 15:45:51.317] :Sending Touch (ACTION_UP): 0:(304.5,2015.0)
[Fastbot][2026-06-02 15:45:51.320] Sleeping for 200 milliseconds
[Fastbot][2026-06-02 15:45:51.523] [ProxyServer] Finish monkey step. Dumping hierarchy
[Fastbot][2026-06-02 15:45:51.523] --> POST http://127.0.0.1:9008/jsonrpc/0
[Fastbot][2026-06-02 15:45:51.523] Content-Type: application/json; charset=utf-8
[Fastbot][2026-06-02 15:45:51.524] Content-Length: 75
[Fastbot][2026-06-02 15:45:51.524] 
[Fastbot][2026-06-02 15:45:51.524] {"id":1,"jsonrpc":"2.0","method":"dumpWindowHierarchy","params":[false,50]}
[Fastbot][2026-06-02 15:45:51.524] --> END POST (75-byte body)
[Fastbot][2026-06-02 15:45:51.621] <-- 200 OK  http://127.0.0.1:9008/jsonrpc/0 (97ms)
[Fastbot][2026-06-02 15:45:51.621] Content-Type: application/json
[Fastbot][2026-06-02 15:45:51.621] Date: Tue, 2 Jun 2026 15:45:51 GMT
[Fastbot][2026-06-02 15:45:51.621] Connection: keep-alive
[Fastbot][2026-06-02 15:45:51.622] Transfer-Encoding: chunked
[Fastbot][2026-06-02 15:45:51.630] 
[Fastbot][2026-06-02 15:45:51.631] {"jsonrpc":"2.0","id":1,"result":"<?xml version='1.0' encoding='UTF-8' standalone='yes' ?>\r\n<hierarchy rotation=\"0\">\r\n  <node index=\"0\" text=\"\" resource-id=\"\" class=\"android.widget.FrameLayout\" package=\"com.android.systemui\" content-desc=\"\" checkable=\"false\" checked=\"false\" cli...[truncated]
[Fastbot][2026-06-02 15:45:51.631] <-- END HTTP (101460-byte body)
[Fastbot][2026-06-02 15:45:51.679] [ProxyServer] stepsCount: 130
[Fastbot][2026-06-02 15:45:51.679] [ProxyServer] receive request: stepMonkey
[Fastbot][2026-06-02 15:45:51.679] [MonkeySourceApeU2] stepsCount: 130
[Fastbot][2026-06-02 15:45:51.679] [MonkeySourceApeU2] Latest event is MonkeyEvent. Use the cached hierarchy.
[Fastbot][2026-06-02 15:45:51.681] [MonkeySourceApeU2] Successfully Got hierarchy
[Fastbot][2026-06-02 15:45:51.685] // Event id: 1828
[Fastbot][2026-06-02 15:45:51.685] topActivity Name: ComponentInfo{de.rampro.activitydiary.debug/de.rampro.activitydiary.ui.history.HistoryDetailActivity}
[Fastbot][2026-06-02 15:45:51.685] // Dumped stringOfGuiTree
[Fastbot][2026-06-02 15:45:51.687] topActivityName: de.rampro.activitydiary.ui.history.HistoryDetailActivity
[Fastbot][2026-06-02 15:45:51.689] action type: SCROLL_TOP_DOWN
[Fastbot][2026-06-02 15:45:51.689] rpc cost time: 4
[Fastbot][2026-06-02 15:45:51.691] :Sending rotation degree=0, persist=false
[Fastbot][2026-06-02 15:45:51.701] :Sending Touch (ACTION_DOWN): 0:(304.5,1028.0)
[Fastbot][2026-06-02 15:45:51.703] :Sending Touch (ACTION_MOVE): 0:(304.5,1028.0)
[Fastbot][2026-06-02 15:45:51.704]     //[calendar_time:2026-06-02 15:45:51.704  system_uptime:43822768]
[Fastbot][2026-06-02 15:45:51.704]     // Sending event #1700
[Fastbot][2026-06-02 15:45:51.706] Wait Event for 20 milliseconds
[Fastbot][2026-06-02 15:45:51.728] :Sending Touch (ACTION_MOVE): 0:(304.5,1126.7)
[Fastbot][2026-06-02 15:45:51.732] Wait Event for 20 milliseconds
[Fastbot][2026-06-02 15:45:51.754] :Sending Touch (ACTION_MOVE): 0:(304.5,1225.4)
[Fastbot][2026-06-02 15:45:51.770] Wait Event for 20 milliseconds
[Fastbot][2026-06-02 15:45:51.793] :Sending Touch (ACTION_MOVE): 0:(304.5,1324.1)
[Fastbot][2026-06-02 15:45:51.812] Wait Event for 20 milliseconds
[Fastbot][2026-06-02 15:45:51.835] :Sending Touch (ACTION_MOVE): 0:(304.5,1422.8)
[Fastbot][2026-06-02 15:45:51.849] Wait Event for 20 milliseconds
[Fastbot][2026-06-02 15:45:51.880] :Sending Touch (ACTION_MOVE): 0:(304.5,1521.5)
[Fastbot][2026-06-02 15:45:51.887] Wait Event for 20 milliseconds
[Fastbot][2026-06-02 15:45:51.911] :Sending Touch (ACTION_MOVE): 0:(304.5,1620.2)
[Fastbot][2026-06-02 15:45:51.925] Wait Event for 20 milliseconds
[Fastbot][2026-06-02 15:45:51.947] :Sending Touch (ACTION_MOVE): 0:(304.5,1718.8999)
[Fastbot][2026-06-02 15:45:51.950] Wait Event for 20 milliseconds
[Fastbot][2026-06-02 15:45:51.972] :Sending Touch (ACTION_MOVE): 0:(304.5,1817.6001)
[Fastbot][2026-06-02 15:45:51.976] Wait Event for 20 milliseconds
[Fastbot][2026-06-02 15:45:51.999] :Sending Touch (ACTION_MOVE): 0:(304.5,1916.3)
[Fastbot][2026-06-02 15:45:52.001] Wait Event for 20 milliseconds
[Fastbot][2026-06-02 15:45:52.024] :Sending Touch (ACTION_UP): 0:(304.5,2015.0)
[Fastbot][2026-06-02 15:45:52.029] Sleeping for 200 milliseconds
[Fastbot][2026-06-02 15:45:52.232] [ProxyServer] Finish monkey step. Dumping hierarchy
[Fastbot][2026-06-02 15:45:52.232] --> POST http://127.0.0.1:9008/jsonrpc/0
[Fastbot][2026-06-02 15:45:52.233] Content-Type: application/json; charset=utf-8
[Fastbot][2026-06-02 15:45:52.233] Content-Length: 75
[Fastbot][2026-06-02 15:45:52.233] 
[Fastbot][2026-06-02 15:45:52.233] {"id":1,"jsonrpc":"2.0","method":"dumpWindowHierarchy","params":[false,50]}
[Fastbot][2026-06-02 15:45:52.233] --> END POST (75-byte body)
[Fastbot][2026-06-02 15:45:52.313] <-- 200 OK  http://127.0.0.1:9008/jsonrpc/0 (79ms)
[Fastbot][2026-06-02 15:45:52.313] Content-Type: application/json
[Fastbot][2026-06-02 15:45:52.313] Date: Tue, 2 Jun 2026 15:45:52 GMT
[Fastbot][2026-06-02 15:45:52.313] Connection: keep-alive
[Fastbot][2026-06-02 15:45:52.313] Transfer-Encoding: chunked
[Fastbot][2026-06-02 15:45:52.315] 
[Fastbot][2026-06-02 15:45:52.316] {"jsonrpc":"2.0","id":1,"result":"<?xml version='1.0' encoding='UTF-8' standalone='yes' ?>\r\n<hierarchy rotation=\"0\">\r\n  <node index=\"0\" text=\"\" resource-id=\"\" class=\"android.widget.FrameLayout\" package=\"com.android.systemui\" content-desc=\"\" checkable=\"false\" checked=\"false\" cli...[truncated]
[Fastbot][2026-06-02 15:45:52.316] <-- END HTTP (101460-byte body)
[Fastbot][2026-06-02 15:45:52.365] [ProxyServer] stepsCount: 131
[Fastbot][2026-06-02 15:45:52.365] [ProxyServer] receive request: stepMonkey
[Fastbot][2026-06-02 15:45:52.365] [MonkeySourceApeU2] stepsCount: 131
[Fastbot][2026-06-02 15:45:52.366] [MonkeySourceApeU2] Latest event is MonkeyEvent. Use the cached hierarchy.
[Fastbot][2026-06-02 15:45:52.367] [MonkeySourceApeU2] Successfully Got hierarchy
[Fastbot][2026-06-02 15:45:52.369] // Event id: 1852
[Fastbot][2026-06-02 15:45:52.369] topActivity Name: ComponentInfo{de.rampro.activitydiary.debug/de.rampro.activitydiary.ui.history.HistoryDetailActivity}
[Fastbot][2026-06-02 15:45:52.369] // Dumped stringOfGuiTree
[Fastbot][2026-06-02 15:45:52.369] topActivityName: de.rampro.activitydiary.ui.history.HistoryDetailActivity
[Fastbot][2026-06-02 15:45:52.370] action type: SCROLL_TOP_DOWN
[Fastbot][2026-06-02 15:45:52.371] rpc cost time: 1
[Fastbot][2026-06-02 15:45:52.373] :Sending rotation degree=0, persist=false
[Fastbot][2026-06-02 15:45:52.379] :Sending Touch (ACTION_DOWN): 0:(304.5,1028.0)
[Fastbot][2026-06-02 15:45:52.380] :Sending Touch (ACTION_MOVE): 0:(304.5,1028.0)
[Fastbot][2026-06-02 15:45:52.381] Wait Event for 20 milliseconds
[Fastbot][2026-06-02 15:45:52.404] :Sending Touch (ACTION_MOVE): 0:(304.5,1126.7)
[Fastbot][2026-06-02 15:45:52.406] Wait Event for 20 milliseconds
[Fastbot][2026-06-02 15:45:52.429] :Sending Touch (ACTION_MOVE): 0:(304.5,1225.4)
[Fastbot][2026-06-02 15:45:52.429] Wait Event for 20 milliseconds
[Fastbot][2026-06-02 15:45:52.452] :Sending Touch (ACTION_MOVE): 0:(304.5,1324.1)
[Fastbot][2026-06-02 15:45:52.454] Wait Event for 20 milliseconds
[Fastbot][2026-06-02 15:45:52.483] :Sending Touch (ACTION_MOVE): 0:(304.5,1422.8)
[Fastbot][2026-06-02 15:45:52.484] Wait Event for 20 milliseconds
[Fastbot][2026-06-02 15:45:52.519] :Sending Touch (ACTION_MOVE): 0:(304.5,1521.5)
[Fastbot][2026-06-02 15:45:52.521] Wait Event for 20 milliseconds
[Fastbot][2026-06-02 15:45:52.560] :Sending Touch (ACTION_MOVE): 0:(304.5,1620.2)
[Fastbot][2026-06-02 15:45:52.563] Wait Event for 20 milliseconds
[Fastbot][2026-06-02 15:45:52.586] :Sending Touch (ACTION_MOVE): 0:(304.5,1718.8999)
[Fastbot][2026-06-02 15:45:52.587] Wait Event for 20 milliseconds
[Fastbot][2026-06-02 15:45:52.608] :Sending Touch (ACTION_MOVE): 0:(304.5,1817.6001)
[Fastbot][2026-06-02 15:45:52.610] Wait Event for 20 milliseconds
[Fastbot][2026-06-02 15:45:52.631] :Sending Touch (ACTION_MOVE): 0:(304.5,1916.3)
[Fastbot][2026-06-02 15:45:52.633] Wait Event for 20 milliseconds
[Fastbot][2026-06-02 15:45:52.654] :Sending Touch (ACTION_UP): 0:(304.5,2015.0)
[Fastbot][2026-06-02 15:45:52.656] Sleeping for 200 milliseconds
[Fastbot][2026-06-02 15:45:52.858] [ProxyServer] Finish monkey step. Dumping hierarchy
[Fastbot][2026-06-02 15:45:52.858] --> POST http://127.0.0.1:9008/jsonrpc/0
[Fastbot][2026-06-02 15:45:52.859] Content-Type: application/json; charset=utf-8
[Fastbot][2026-06-02 15:45:52.859] Content-Length: 75
[Fastbot][2026-06-02 15:45:52.859] 
[Fastbot][2026-06-02 15:45:52.859] {"id":1,"jsonrpc":"2.0","method":"dumpWindowHierarchy","params":[false,50]}
[Fastbot][2026-06-02 15:45:52.860] --> END POST (75-byte body)
[Fastbot][2026-06-02 15:45:52.947] <-- 200 OK  http://127.0.0.1:9008/jsonrpc/0 (87ms)
[Fastbot][2026-06-02 15:45:52.947] Content-Type: application/json
[Fastbot][2026-06-02 15:45:52.947] Date: Tue, 2 Jun 2026 15:45:52 GMT
[Fastbot][2026-06-02 15:45:52.947] Connection: keep-alive
[Fastbot][2026-06-02 15:45:52.947] Transfer-Encoding: chunked
[Fastbot][2026-06-02 15:45:52.950] 
[Fastbot][2026-06-02 15:45:52.951] {"jsonrpc":"2.0","id":1,"result":"<?xml version='1.0' encoding='UTF-8' standalone='yes' ?>\r\n<hierarchy rotation=\"0\">\r\n  <node index=\"0\" text=\"\" resource-id=\"\" class=\"android.widget.FrameLayout\" package=\"com.android.systemui\" content-desc=\"\" checkable=\"false\" checked=\"false\" cli...[truncated]
[Fastbot][2026-06-02 15:45:52.951] <-- END HTTP (101460-byte body)
[Fastbot][2026-06-02 15:45:53.018] [ProxyServer] stepsCount: 132
[Fastbot][2026-06-02 15:45:53.018] [ProxyServer] receive request: stepMonkey
[Fastbot][2026-06-02 15:45:53.018] [MonkeySourceApeU2] stepsCount: 132
[Fastbot][2026-06-02 15:45:53.018] [MonkeySourceApeU2] Latest event is MonkeyEvent. Use the cached hierarchy.
[Fastbot][2026-06-02 15:45:53.019] [MonkeySourceApeU2] Successfully Got hierarchy
[Fastbot][2026-06-02 15:45:53.021] // Event id: 1876
[Fastbot][2026-06-02 15:45:53.021] topActivity Name: ComponentInfo{de.rampro.activitydiary.debug/de.rampro.activitydiary.ui.history.HistoryDetailActivity}
[Fastbot][2026-06-02 15:45:53.021] // Dumped stringOfGuiTree
[Fastbot][2026-06-02 15:45:53.022] topActivityName: de.rampro.activitydiary.ui.history.HistoryDetailActivity
[Fastbot][2026-06-02 15:45:53.027] action type: SCROLL_TOP_DOWN
[Fastbot][2026-06-02 15:45:53.027] rpc cost time: 6
[Fastbot][2026-06-02 15:45:53.029] :Sending rotation degree=0, persist=false
[Fastbot][2026-06-02 15:45:53.036] :Sending Touch (ACTION_DOWN): 0:(304.5,1028.0)
[Fastbot][2026-06-02 15:45:53.039] :Sending Touch (ACTION_MOVE): 0:(304.5,1028.0)
[Fastbot][2026-06-02 15:45:53.040] Wait Event for 20 milliseconds
[Fastbot][2026-06-02 15:45:53.062] :Sending Touch (ACTION_MOVE): 0:(304.5,1126.7)
[Fastbot][2026-06-02 15:45:53.063] Wait Event for 20 milliseconds
[Fastbot][2026-06-02 15:45:53.085] :Sending Touch (ACTION_MOVE): 0:(304.5,1225.4)
[Fastbot][2026-06-02 15:45:53.086] Wait Event for 20 milliseconds
[Fastbot][2026-06-02 15:45:53.107] :Sending Touch (ACTION_MOVE): 0:(304.5,1324.1)
[Fastbot][2026-06-02 15:45:53.109] Wait Event for 20 milliseconds
[Fastbot][2026-06-02 15:45:53.131] :Sending Touch (ACTION_MOVE): 0:(304.5,1422.8)
[Fastbot][2026-06-02 15:45:53.132] Wait Event for 20 milliseconds
[Fastbot][2026-06-02 15:45:53.153] :Sending Touch (ACTION_MOVE): 0:(304.5,1521.5)
[Fastbot][2026-06-02 15:45:53.155] Wait Event for 20 milliseconds
[Fastbot][2026-06-02 15:45:53.177] :Sending Touch (ACTION_MOVE): 0:(304.5,1620.2)
[Fastbot][2026-06-02 15:45:53.178] Wait Event for 20 milliseconds
[Fastbot][2026-06-02 15:45:53.199] :Sending Touch (ACTION_MOVE): 0:(304.5,1718.8999)
[Fastbot][2026-06-02 15:45:53.201] Wait Event for 20 milliseconds
[Fastbot][2026-06-02 15:45:53.223] :Sending Touch (ACTION_MOVE): 0:(304.5,1817.6001)
[Fastbot][2026-06-02 15:45:53.224] Wait Event for 20 milliseconds
[Fastbot][2026-06-02 15:45:53.248] :Sending Touch (ACTION_MOVE): 0:(304.5,1916.3)
[Fastbot][2026-06-02 15:45:53.249] Wait Event for 20 milliseconds
[Fastbot][2026-06-02 15:45:53.272] :Sending Touch (ACTION_UP): 0:(304.5,2015.0)
[Fastbot][2026-06-02 15:45:53.274] Sleeping for 200 milliseconds
[Fastbot][2026-06-02 15:45:53.477] [ProxyServer] Finish monkey step. Dumping hierarchy
[Fastbot][2026-06-02 15:45:53.477] --> POST http://127.0.0.1:9008/jsonrpc/0
[Fastbot][2026-06-02 15:45:53.478] Content-Type: application/json; charset=utf-8
[Fastbot][2026-06-02 15:45:53.478] Content-Length: 75
[Fastbot][2026-06-02 15:45:53.478] 
[Fastbot][2026-06-02 15:45:53.478] {"id":1,"jsonrpc":"2.0","method":"dumpWindowHierarchy","params":[false,50]}
[Fastbot][2026-06-02 15:45:53.478] --> END POST (75-byte body)
[Fastbot][2026-06-02 15:45:53.625] <-- 200 OK  http://127.0.0.1:9008/jsonrpc/0 (120ms)
[Fastbot][2026-06-02 15:45:53.626] Content-Type: application/json
[Fastbot][2026-06-02 15:45:53.626] Date: Tue, 2 Jun 2026 15:45:53 GMT
[Fastbot][2026-06-02 15:45:53.626] Connection: keep-alive
[Fastbot][2026-06-02 15:45:53.626] Transfer-Encoding: chunked
[Fastbot][2026-06-02 15:45:53.628] 
[Fastbot][2026-06-02 15:45:53.629] {"jsonrpc":"2.0","id":1,"result":"<?xml version='1.0' encoding='UTF-8' standalone='yes' ?>\r\n<hierarchy rotation=\"0\">\r\n  <node index=\"0\" text=\"\" resource-id=\"\" class=\"android.widget.FrameLayout\" package=\"com.android.systemui\" content-desc=\"\" checkable=\"false\" checked=\"false\" cli...[truncated]
[Fastbot][2026-06-02 15:45:53.629] <-- END HTTP (101460-byte body)
[Fastbot][2026-06-02 15:45:53.678] [ProxyServer] stepsCount: 133
[Fastbot][2026-06-02 15:45:53.679] [ProxyServer] receive request: stepMonkey
[Fastbot][2026-06-02 15:45:53.679] [MonkeySourceApeU2] stepsCount: 133
[Fastbot][2026-06-02 15:45:53.679] [MonkeySourceApeU2] Latest event is MonkeyEvent. Use the cached hierarchy.
[Fastbot][2026-06-02 15:45:53.680] [MonkeySourceApeU2] Successfully Got hierarchy
[Fastbot][2026-06-02 15:45:53.684] // Event id: 1900
[Fastbot][2026-06-02 15:45:53.684] topActivity Name: ComponentInfo{de.rampro.activitydiary.debug/de.rampro.activitydiary.ui.history.HistoryDetailActivity}
[Fastbot][2026-06-02 15:45:53.685] // Dumped stringOfGuiTree
[Fastbot][2026-06-02 15:45:53.685] topActivityName: de.rampro.activitydiary.ui.history.HistoryDetailActivity
[Fastbot][2026-06-02 15:45:53.686] action type: CLICK
[Fastbot][2026-06-02 15:45:53.687] rpc cost time: 2
[Fastbot]*** WARNING *** checkVirtualKeyboard: Input only once.
[Fastbot][2026-06-02 15:45:53.688] :Sending rotation degree=0, persist=false
[Fastbot][2026-06-02 15:45:53.691] :Sending Touch (ACTION_DOWN): 0:(442.0,1070.0)
[Fastbot][2026-06-02 15:45:53.697] :Sending Touch (ACTION_UP): 0:(442.0,1070.0)
[Fastbot][2026-06-02 15:45:53.699] Sleeping for 200 milliseconds
[Fastbot][2026-06-02 15:45:53.908] [ProxyServer] Finish monkey step. Dumping hierarchy
[Fastbot][2026-06-02 15:45:53.909] --> POST http://127.0.0.1:9008/jsonrpc/0
[Fastbot][2026-06-02 15:45:53.909] Content-Type: application/json; charset=utf-8
[Fastbot][2026-06-02 15:45:53.909] Content-Length: 75
[Fastbot][2026-06-02 15:45:53.909] 
[Fastbot][2026-06-02 15:45:53.910] {"id":1,"jsonrpc":"2.0","method":"dumpWindowHierarchy","params":[false,50]}
[Fastbot][2026-06-02 15:45:53.910] --> END POST (75-byte body)
[Fastbot][2026-06-02 15:45:54.216] <-- 200 OK  http://127.0.0.1:9008/jsonrpc/0 (306ms)
[Fastbot][2026-06-02 15:45:54.217] Content-Type: application/json
[Fastbot][2026-06-02 15:45:54.217] Date: Tue, 2 Jun 2026 15:45:54 GMT
[Fastbot][2026-06-02 15:45:54.217] Connection: keep-alive
[Fastbot][2026-06-02 15:45:54.217] Transfer-Encoding: chunked
[Fastbot][2026-06-02 15:45:54.220] 
[Fastbot][2026-06-02 15:45:54.220] {"jsonrpc":"2.0","id":1,"result":"<?xml version='1.0' encoding='UTF-8' standalone='yes' ?>\r\n<hierarchy rotation=\"0\">\r\n  <node index=\"0\" text=\"\" resource-id=\"\" class=\"android.widget.FrameLayout\" package=\"com.android.systemui\" content-desc=\"\" checkable=\"false\" checked=\"false\" cli...[truncated]
[Fastbot][2026-06-02 15:45:54.221] <-- END HTTP (100561-byte body)
[Fastbot][2026-06-02 15:45:54.243] [ProxyServer] stepsCount: 134
[Fastbot][2026-06-02 15:45:54.244] [ProxyServer] receive request: stepMonkey
[Fastbot][2026-06-02 15:45:54.244] [MonkeySourceApeU2] stepsCount: 134
[Fastbot][2026-06-02 15:45:54.244] [MonkeySourceApeU2] Latest event is MonkeyEvent. Use the cached hierarchy.
[Fastbot][2026-06-02 15:45:54.245] [MonkeySourceApeU2] Successfully Got hierarchy
[Fastbot][2026-06-02 15:45:54.247] // Event id: 1904
[Fastbot][2026-06-02 15:45:54.247] topActivity Name: ComponentInfo{de.rampro.activitydiary.debug/de.rampro.activitydiary.ui.history.HistoryDetailActivity}
[Fastbot][2026-06-02 15:45:54.247] // Dumped stringOfGuiTree
[Fastbot][2026-06-02 15:45:54.248] topActivityName: de.rampro.activitydiary.ui.history.HistoryDetailActivity
[Fastbot][2026-06-02 15:45:54.249] action type: CLICK
[Fastbot][2026-06-02 15:45:54.250] rpc cost time: 2
[Fastbot]*** WARNING *** checkVirtualKeyboard: Input only once.
[Fastbot][2026-06-02 15:45:54.251] :Sending rotation degree=0, persist=false
[Fastbot][2026-06-02 15:45:54.258] :Sending Touch (ACTION_DOWN): 0:(449.0,989.0)
[Fastbot][2026-06-02 15:45:54.260] :Sending Touch (ACTION_UP): 0:(449.0,989.0)
[Fastbot][2026-06-02 15:45:54.263] Sleeping for 200 milliseconds
[Fastbot][2026-06-02 15:45:54.465] Events injected: 1772
[Fastbot][2026-06-02 15:45:54.466] // Monkey is over!
[Fastbot][2026-06-02 15:45:54.466] :Sending rotation degree=0, persist=false
[Fastbot][2026-06-02 15:45:54.517] Total app activities:
[Fastbot][2026-06-02 15:45:54.517]    1 de.rampro.activitydiary.ui.generic.EditActivity
[Fastbot][2026-06-02 15:45:54.517]    2 de.rampro.activitydiary.ui.generic.ManageActivity
[Fastbot][2026-06-02 15:45:54.517]    3 de.rampro.activitydiary.ui.history.HistoryActivity
[Fastbot][2026-06-02 15:45:54.518]    4 de.rampro.activitydiary.ui.settings.SettingsActivity
[Fastbot][2026-06-02 15:45:54.518]    5 de.rampro.activitydiary.ui.generic.AboutActivity
[Fastbot][2026-06-02 15:45:54.518]    6 org.acra.dialog.CrashReportDialog
[Fastbot][2026-06-02 15:45:54.518]    7 de.rampro.activitydiary.ui.history.HistoryDetailActivity
[Fastbot][2026-06-02 15:45:54.518]    8 de.rampro.activitydiary.ui.main.MainActivity
[Fastbot][2026-06-02 15:45:54.518] Explored app activities:
[Fastbot][2026-06-02 15:45:54.518]    1 de.rampro.activitydiary.ui.generic.EditActivity
[Fastbot][2026-06-02 15:45:54.518]    2 de.rampro.activitydiary.ui.history.HistoryDetailActivity
[Fastbot][2026-06-02 15:45:54.518]    3 de.rampro.activitydiary.ui.main.MainActivity
[Fastbot][2026-06-02 15:45:54.518]    4 de.rampro.activitydiary.ui.settings.SettingsActivity
[Fastbot][2026-06-02 15:45:54.518] Activity of Coverage: 50.0%
[Fastbot]*** ERROR *** findMethod() error, NoSuchMethodException happened, there is no such method: setActivityController
:Dropped: keys=0 pointers=2 trackballs=0 flips=0 rotations=0
[Fastbot][2026-06-02 15:45:54.519] // Monkey finished
