▄▄▄▄▄▄▄▄▄▄▄  ▄▄▄▄▄▄▄▄▄▄▄  ▄▄▄▄▄▄▄▄▄▄▄  ▄▄▄▄▄▄▄▄▄▄▄  ▄▄▄▄▄▄▄▄▄▄   ▄▄▄▄▄▄▄▄▄▄▄  ▄▄▄▄▄▄▄▄▄▄▄ 
▐░░░░░░░░░░░▌▐░░░░░░░░░░░▌▐░░░░░░░░░░░▌▐░░░░░░░░░░░▌▐░░░░░░░░░░▌ ▐░░░░░░░░░░░▌▐░░░░░░░░░░░▌
▐░█▀▀▀▀▀▀▀▀▀ ▐░█▀▀▀▀▀▀▀█░▌▐░█▀▀▀▀▀▀▀▀▀  ▀▀▀▀█░█▀▀▀▀ ▐░█▀▀▀▀▀▀▀█░▌▐░█▀▀▀▀▀▀▀█░▌ ▀▀▀▀█░█▀▀▀▀ 
▐░▌          ▐░▌       ▐░▌▐░▌               ▐░▌     ▐░▌       ▐░▌▐░▌       ▐░▌     ▐░▌     
▐░█▄▄▄▄▄▄▄▄▄ ▐░█▄▄▄▄▄▄▄█░▌▐░█▄▄▄▄▄▄▄▄▄      ▐░▌     ▐░█▄▄▄▄▄▄▄█░▌▐░▌       ▐░▌     ▐░▌     
▐░░░░░░░░░░░▌▐░░░░░░░░░░░▌▐░░░░░░░░░░░▌     ▐░▌     ▐░░░░░░░░░░▌ ▐░▌       ▐░▌     ▐░▌     
▐░█▀▀▀▀▀▀▀▀▀ ▐░█▀▀▀▀▀▀▀█░▌ ▀▀▀▀▀▀▀▀▀█░▌     ▐░▌     ▐░█▀▀▀▀▀▀▀█░▌▐░▌       ▐░▌     ▐░▌     
▐░▌          ▐░▌       ▐░▌          ▐░▌     ▐░▌     ▐░▌       ▐░▌▐░▌       ▐░▌     ▐░▌     
▐░▌          ▐░▌       ▐░▌ ▄▄▄▄▄▄▄▄▄█░▌     ▐░▌     ▐░█▄▄▄▄▄▄▄█░▌▐░█▄▄▄▄▄▄▄█░▌     ▐░▌     
▐░▌          ▐░▌       ▐░▌▐░░░░░░░░░░░▌     ▐░▌     ▐░░░░░░░░░░▌ ▐░░░░░░░░░░░▌     ▐░▌     
 ▀            ▀         ▀  ▀▀▀▀▀▀▀▀▀▀▀       ▀       ▀▀▀▀▀▀▀▀▀▀   ▀▀▀▀▀▀▀▀▀▀▀       ▀
[Fastbot][2026-04-09 09:19:56.167]  @Version: 2.3.23.0810.1705-git
[Fastbot][2026-04-09 09:19:56.171] // Monkey: seed=1775940744569 count=1000


[Fastbot][2026-04-09 09:19:56.172] // AllowPackage: com.amaze.filemanager.debug
[Fastbot][2026-04-09 09:19:56.172] // IncludeCategory: android.intent.category.LAUNCHER
[Fastbot][2026-04-09 09:19:56.172] // IncludeCategory: android.intent.category.MONKEY
[Fastbot]*** ERROR *** findMethod() error, NoSuchMethodException happened, there is no such method: setActivityController
[Fastbot][2026-04-09 09:19:56.217] // Selecting main activities from category android.intent.category.LAUNCHER
[Fastbot][2026-04-09 09:19:56.217] //   - NOT USING main activity com.android.camera.CameraLauncher (from package com.android.camera2)
[Fastbot][2026-04-09 09:19:56.218] //   - NOT USING main activity com.google.android.apps.chrome.Main (from package com.android.chrome)
[Fastbot][2026-04-09 09:19:56.218] //   - NOT USING main activity com.android.contacts.activities.PeopleActivity (from package com.android.contacts)
[Fastbot][2026-04-09 09:19:56.218] //   - NOT USING main activity com.android.dialer.main.impl.MainActivity (from package com.android.dialer)
[Fastbot][2026-04-09 09:19:56.218] //   - NOT USING main activity com.android.settings.Settings (from package com.android.settings)
[Fastbot][2026-04-09 09:19:56.218] //   - NOT USING main activity com.android.vending.AssetBrowserActivity (from package com.android.vending)
[Fastbot][2026-04-09 09:19:56.218] //   - NOT USING main activity com.google.android.apps.docs.app.NewMainProxyActivity (from package com.google.android.apps.docs)
[Fastbot][2026-04-09 09:19:56.218] //   - NOT USING main activity com.google.android.maps.MapsActivity (from package com.google.android.apps.maps)
[Fastbot][2026-04-09 09:19:56.218] //   - NOT USING main activity com.google.android.apps.messaging.ui.ConversationListActivity (from package com.google.android.apps.messaging)
[Fastbot][2026-04-09 09:19:56.218] //   - NOT USING main activity com.google.android.apps.photos.home.HomeActivity (from package com.google.android.apps.photos)
[Fastbot][2026-04-09 09:19:56.218] //   - NOT USING main activity com.google.android.apps.tachyon.MainActivity (from package com.google.android.apps.tachyon)
[Fastbot][2026-04-09 09:19:56.218] //   - NOT USING main activity com.android.calendar.AllInOneActivity (from package com.google.android.calendar)
[Fastbot][2026-04-09 09:19:56.218] //   - NOT USING main activity com.android.deskclock.DeskClock (from package com.google.android.deskclock)
[Fastbot][2026-04-09 09:19:56.218] //   - NOT USING main activity com.google.android.gm.ConversationListActivityGmail (from package com.google.android.gm)
[Fastbot][2026-04-09 09:19:56.218] //   - NOT USING main activity com.android.music.activitymanagement.TopLevelActivity (from package com.google.android.music)
[Fastbot][2026-04-09 09:19:56.218] //   - NOT USING main activity com.google.android.youtube.videos.EntryPoint (from package com.google.android.videos)
[Fastbot][2026-04-09 09:19:56.218] //   - NOT USING main activity com.google.android.youtube.app.honeycomb.Shell$HomeActivity (from package com.google.android.youtube)
[Fastbot][2026-04-09 09:19:56.218] //   - NOT USING main activity com.android.documentsui.LauncherActivity (from package com.android.documentsui)
[Fastbot][2026-04-09 09:19:56.218] //   - NOT USING main activity com.google.android.apps.wallpaper.picker.CategoryPickerActivity (from package com.google.android.apps.wallpaper)
[Fastbot][2026-04-09 09:19:56.218] //   - NOT USING main activity com.google.android.googlequicksearchbox.VoiceSearchActivity (from package com.google.android.googlequicksearchbox)
[Fastbot][2026-04-09 09:19:56.219] //   - NOT USING main activity com.google.android.googlequicksearchbox.SearchActivity (from package com.google.android.googlequicksearchbox)
[Fastbot][2026-04-09 09:19:56.219] //   + Using main activity com.amaze.filemanager.ui.activities.MainActivity (from package com.amaze.filemanager.debug)
[Fastbot][2026-04-09 09:19:56.219] //   - NOT USING main activity net.gsantner.markor.activity.MainActivity (from package net.gsantner.markor_test)
[Fastbot][2026-04-09 09:19:56.220] // Selecting main activities from category android.intent.category.MONKEY
[Fastbot][2026-04-09 09:19:56.220] //   - NOT USING main activity com.android.settings.Settings$RunningServicesActivity (from package com.android.settings)
[Fastbot][2026-04-09 09:19:56.220] //   - NOT USING main activity com.android.settings.Settings$StorageUseActivity (from package com.android.settings)
[Fastbot][2026-04-09 09:19:56.220] //   - NOT USING main activity com.google.android.apps.nexuslauncher.NexusLauncherActivity (from package com.google.android.apps.nexuslauncher)
[Fastbot][2026-04-09 09:19:56.220] //   - NOT USING main activity com.google.android.googlequicksearchbox.SearchActivity (from package com.google.android.googlequicksearchbox)
[Fastbot][2026-04-09 09:19:59.230] // phone info： Google_Android SDK built for x86_10
[Fastbot][2026-04-09 09:19:59.232] // runing fastbot-U2
[Fastbot][2026-04-09 09:19:59.237] InputMethod ID: com.google.android.inputmethod.latin/com.android.inputmethod.latin.LatinIME
[Fastbot][2026-04-09 09:19:59.238] InputMethod ID: com.google.android.googlequicksearchbox/com.google.android.voicesearch.ime.VoiceInputMethodService
[Fastbot][2026-04-09 09:19:59.275] // device serial number is EMULATOR36X3X10X0
[Fastbot][2026-04-09 09:19:59.277] [MonkeySourceApeU2] ProfilePeriod: 25
[Fastbot][2026-04-09 09:19:59.361] --> GET http://127.0.0.1:9008/ping
[Fastbot][2026-04-09 09:19:59.361] --> END GET
[Fastbot][2026-04-09 09:19:59.379] <-- 200 OK  http://127.0.0.1:9008/ping (17ms)
[Fastbot][2026-04-09 09:19:59.379] Content-Type: text/html
[Fastbot][2026-04-09 09:19:59.379] Date: Thu, 9 Apr 2026 09:19:59 GMT
[Fastbot][2026-04-09 09:19:59.380] Connection: keep-alive
[Fastbot][2026-04-09 09:19:59.381] Transfer-Encoding: chunked
[Fastbot][2026-04-09 09:19:59.383] 
[Fastbot][2026-04-09 09:19:59.383] pong
[Fastbot][2026-04-09 09:19:59.384] <-- END HTTP (4-byte body)
[Fastbot][2026-04-09 09:20:01.386] --> GET http://127.0.0.1:9008/ping
[Fastbot][2026-04-09 09:20:01.386] --> END GET
[Fastbot][2026-04-09 09:20:01.388] <-- 200 OK  http://127.0.0.1:9008/ping (1ms)
[Fastbot][2026-04-09 09:20:01.388] Content-Type: text/html
[Fastbot][2026-04-09 09:20:01.389] Date: Thu, 9 Apr 2026 09:20:01 GMT
[Fastbot][2026-04-09 09:20:01.389] Connection: keep-alive
[Fastbot][2026-04-09 09:20:01.389] Transfer-Encoding: chunked
[Fastbot][2026-04-09 09:20:01.391] 
[Fastbot][2026-04-09 09:20:01.391] pong
[Fastbot][2026-04-09 09:20:01.391] <-- END HTTP (4-byte body)
[Fastbot][2026-04-09 09:20:01.392] // device uuid is bfcc207e-88e3-4899-826e-342cd998a52c
[Fastbot][2026-04-09 09:20:01.409] [MonkeySourceApeU2] proxyServer started. Listening tcp:8090
[Fastbot][2026-04-09 09:20:01.684] [Proxy Server] Forwarding
[Fastbot][2026-04-09 09:20:01.685] --> GET http://127.0.0.1:9008/ping
[Fastbot][2026-04-09 09:20:01.685] --> END GET
[Fastbot][2026-04-09 09:20:01.687] <-- 200 OK  http://127.0.0.1:9008/ping (1ms)
[Fastbot][2026-04-09 09:20:01.687] Content-Type: text/html
[Fastbot][2026-04-09 09:20:01.688] Date: Thu, 9 Apr 2026 09:20:01 GMT
[Fastbot][2026-04-09 09:20:01.688] Connection: keep-alive
[Fastbot][2026-04-09 09:20:01.688] Transfer-Encoding: chunked
[Fastbot][2026-04-09 09:20:01.688] 
[Fastbot][2026-04-09 09:20:01.689] pong
[Fastbot][2026-04-09 09:20:01.689] <-- END HTTP (4-byte body)
[Fastbot][2026-04-09 09:20:01.730] Init: 
[Fastbot][2026-04-09 09:20:01.730]     takeScreenshots: false
[Fastbot][2026-04-09 09:20:01.731]     preFailureScreenshots: 0
[Fastbot][2026-04-09 09:20:01.731]     postFailureScreenshots: 0
[Fastbot][2026-04-09 09:20:01.732]     logStamp: 2026040917_1955562784
[Fastbot][2026-04-09 09:20:01.732]     outputDir: /sdcard/output_2026040917_1955562784
[Fastbot][2026-04-09 09:20:01.734] take all screenshots.
[Fastbot][2026-04-09 09:20:01.756] [ProxyServer] stepsCount: 1
[Fastbot][2026-04-09 09:20:01.757] [ProxyServer] receive request: stepMonkey
[Fastbot][2026-04-09 09:20:01.799] // init with reuse agent
[Fastbot][2026-04-09 09:20:01.801] fastbot native : library load!
[Fastbot][2026-04-09 09:20:01.801] fastbot native path is : /data/local/tmp/x86/libfastbot_native.so
[Fastbot][2026-04-09 09:20:01.807] --> GET http://127.0.0.1:9008/ping
[Fastbot][2026-04-09 09:20:01.807] --> END GET
[Fastbot][2026-04-09 09:20:01.810] <-- 200 OK  http://127.0.0.1:9008/ping (2ms)
[Fastbot][2026-04-09 09:20:01.810] Content-Type: text/html
[Fastbot][2026-04-09 09:20:01.810] Date: Thu, 9 Apr 2026 09:20:01 GMT
[Fastbot][2026-04-09 09:20:01.811] Connection: keep-alive
[Fastbot][2026-04-09 09:20:01.811] Transfer-Encoding: chunked
[Fastbot][2026-04-09 09:20:01.811] 
[Fastbot][2026-04-09 09:20:01.812] pong
[Fastbot][2026-04-09 09:20:01.812] <-- END HTTP (4-byte body)
[Fastbot][2026-04-09 09:20:01.813] Server validated
[Fastbot][2026-04-09 09:20:01.813] 

[Fastbot]*** ERROR *** findMethod() error, NoSuchMethodException happened, there is no such method: getTasks
[Fastbot][2026-04-09 09:20:01.816] // [Monkey] current activity is com.amaze.filemanager.ui.activities.MainActivity
[Fastbot][2026-04-09 09:20:01.816] [MonkeySourceApeU2] stepsCount: 1
[Fastbot][2026-04-09 09:20:01.820] --> POST http://127.0.0.1:9008/jsonrpc/0
[Fastbot][2026-04-09 09:20:01.821] Content-Type: application/json; charset=utf-8
[Fastbot][2026-04-09 09:20:01.822] Content-Length: 75
[Fastbot][2026-04-09 09:20:01.823] 
[Fastbot][2026-04-09 09:20:01.823] {"id":1,"jsonrpc":"2.0","method":"dumpWindowHierarchy","params":[false,50]}
[Fastbot][2026-04-09 09:20:01.824] --> END POST (75-byte body)
[Fastbot][2026-04-09 09:20:02.997] <-- 200 OK  http://127.0.0.1:9008/jsonrpc/0 (1173ms)
[Fastbot][2026-04-09 09:20:02.997] Content-Type: application/json
[Fastbot][2026-04-09 09:20:02.997] Date: Thu, 9 Apr 2026 09:20:02 GMT
[Fastbot][2026-04-09 09:20:02.997] Connection: keep-alive
[Fastbot][2026-04-09 09:20:02.997] Transfer-Encoding: chunked
[Fastbot][2026-04-09 09:20:03.047] 
[Fastbot][2026-04-09 09:20:03.048] {"jsonrpc":"2.0","id":1,"result":"<?xml version='1.0' encoding='UTF-8' standalone='yes' ?>\r\n<hierarchy rotation=\"0\">\r\n  <node index=\"0\" text=\"\" resource-id=\"\" class=\"android.widget.FrameLayout\" package=\"com.amaze.filemanager.debug\" content-desc=\"\" checkable=\"false\" checked=\"fals...[truncated]
[Fastbot][2026-04-09 09:20:03.048] <-- END HTTP (81769-byte body)
[Fastbot][2026-04-09 09:20:03.091] [MonkeySourceApeU2] Successfully Got hierarchy
[Fastbot][2026-04-09 09:20:03.126] // Event id: 1
[Fastbot][2026-04-09 09:20:03.126] topActivity Name: ComponentInfo{com.amaze.filemanager.debug/com.amaze.filemanager.ui.activities.MainActivity}
[Fastbot][2026-04-09 09:20:03.127] // Dumped stringOfGuiTree
[Fastbot][2026-04-09 09:20:03.127] topActivityName: com.amaze.filemanager.ui.activities.MainActivity
[Fastbot][2026-04-09 09:20:03.132] action type: SCROLL_RIGHT_LEFT
[Fastbot][2026-04-09 09:20:03.132] rpc cost time: 5
[Fastbot][2026-04-09 09:20:03.137] :Sending rotation degree=0, persist=false
[Fastbot][2026-04-09 09:20:03.144] :Sending Touch (ACTION_DOWN): 0:(540.0,1291.5)
[Fastbot][2026-04-09 09:20:03.146] :Sending Touch (ACTION_MOVE): 0:(540.0,1291.5)
[Fastbot][2026-04-09 09:20:03.154] Wait Event for 20 milliseconds
[Fastbot][2026-04-09 09:20:03.177] :Sending Touch (ACTION_MOVE): 0:(486.0,1291.5)
[Fastbot][2026-04-09 09:20:03.178] Wait Event for 20 milliseconds
[Fastbot][2026-04-09 09:20:03.201] :Sending Touch (ACTION_MOVE): 0:(432.0,1291.5)
[Fastbot][2026-04-09 09:20:03.203] Wait Event for 20 milliseconds
[Fastbot][2026-04-09 09:20:03.225] :Sending Touch (ACTION_MOVE): 0:(378.0,1291.5)
[Fastbot][2026-04-09 09:20:03.227] Wait Event for 20 milliseconds
[Fastbot][2026-04-09 09:20:03.265] :Sending Touch (ACTION_MOVE): 0:(324.0,1291.5)
[Fastbot][2026-04-09 09:20:03.267] Wait Event for 20 milliseconds
[Fastbot][2026-04-09 09:20:03.298] :Sending Touch (ACTION_MOVE): 0:(270.0,1291.5)
[Fastbot][2026-04-09 09:20:03.301] Wait Event for 20 milliseconds
[Fastbot][2026-04-09 09:20:03.332] :Sending Touch (ACTION_MOVE): 0:(216.0,1291.5)
[Fastbot][2026-04-09 09:20:03.336] Wait Event for 20 milliseconds
[Fastbot][2026-04-09 09:20:03.370] :Sending Touch (ACTION_MOVE): 0:(162.0,1291.5)
[Fastbot][2026-04-09 09:20:03.371] Wait Event for 20 milliseconds
[Fastbot][2026-04-09 09:20:03.394] :Sending Touch (ACTION_MOVE): 0:(108.0,1291.5)
[Fastbot][2026-04-09 09:20:03.396] Wait Event for 20 milliseconds
[Fastbot][2026-04-09 09:20:03.418] :Sending Touch (ACTION_MOVE): 0:(54.0,1291.5)
[Fastbot][2026-04-09 09:20:03.421] Wait Event for 20 milliseconds
[Fastbot][2026-04-09 09:20:03.446] :Sending Touch (ACTION_UP): 0:(0.0,1291.5)
[Fastbot][2026-04-09 09:20:03.448] Sleeping for 226 milliseconds
[Fastbot][2026-04-09 09:20:03.684] [ProxyServer] Finish monkey step. Dumping hierarchy
[Fastbot][2026-04-09 09:20:03.685] --> POST http://127.0.0.1:9008/jsonrpc/0
[Fastbot][2026-04-09 09:20:03.685] Content-Type: application/json; charset=utf-8
[Fastbot][2026-04-09 09:20:03.685] Content-Length: 75
[Fastbot][2026-04-09 09:20:03.685] 
[Fastbot][2026-04-09 09:20:03.686] {"id":1,"jsonrpc":"2.0","method":"dumpWindowHierarchy","params":[false,50]}
[Fastbot][2026-04-09 09:20:03.686] --> END POST (75-byte body)
[Fastbot][2026-04-09 09:20:04.806] <-- 200 OK  http://127.0.0.1:9008/jsonrpc/0 (1120ms)
[Fastbot][2026-04-09 09:20:04.806] Content-Type: application/json
[Fastbot][2026-04-09 09:20:04.806] Date: Thu, 9 Apr 2026 09:20:04 GMT
[Fastbot][2026-04-09 09:20:04.806] Connection: keep-alive
[Fastbot][2026-04-09 09:20:04.806] Transfer-Encoding: chunked
[Fastbot][2026-04-09 09:20:04.807] 
[Fastbot][2026-04-09 09:20:04.807] {"jsonrpc":"2.0","id":1,"result":"<?xml version='1.0' encoding='UTF-8' standalone='yes' ?>\r\n<hierarchy rotation=\"0\">\r\n  <node index=\"0\" text=\"\" resource-id=\"\" class=\"android.widget.FrameLayout\" package=\"com.amaze.filemanager.debug\" content-desc=\"\" checkable=\"false\" checked=\"fals...[truncated]
[Fastbot][2026-04-09 09:20:04.808] <-- END HTTP (81769-byte body)
[Fastbot][2026-04-09 09:20:04.853] [ProxyServer] stepsCount: 2
[Fastbot][2026-04-09 09:20:04.854] [ProxyServer] receive request: stepMonkey
[Fastbot][2026-04-09 09:20:04.854] [MonkeySourceApeU2] stepsCount: 2
[Fastbot][2026-04-09 09:20:04.854] [MonkeySourceApeU2] Latest event is MonkeyEvent. Use the cached hierarchy.
[Fastbot][2026-04-09 09:20:04.855] [MonkeySourceApeU2] Successfully Got hierarchy
[Fastbot][2026-04-09 09:20:04.859] // Event id: 25
[Fastbot][2026-04-09 09:20:04.860] topActivity Name: ComponentInfo{com.amaze.filemanager.debug/com.amaze.filemanager.ui.activities.MainActivity}
[Fastbot][2026-04-09 09:20:04.861] // Dumped stringOfGuiTree
[Fastbot][2026-04-09 09:20:04.861] topActivityName: com.amaze.filemanager.ui.activities.MainActivity
[Fastbot][2026-04-09 09:20:04.867] action type: CLICK
[Fastbot][2026-04-09 09:20:04.867] rpc cost time: 7
[Fastbot][2026-04-09 09:20:04.931]   mshowrequested=false mshowexplicitlyrequested=false mshowforced=false minputshown=false
[Fastbot][2026-04-09 09:20:04.932] mInputShown not found, getInputMethodWindowVisibleHeight is used.
[Fastbot][2026-04-09 09:20:04.933] :Sending rotation degree=0, persist=false
java.lang.NullPointerException: Attempt to read from field 'com.android.server.wm.DisplayFrames com.android.server.wm.DisplayContent.mDisplayFrames' on a null object reference
	at android.os.Parcel.createException(Parcel.java:2077)
	at android.os.Parcel.readException(Parcel.java:2039)
	at android.os.Parcel.readException(Parcel.java:1987)
	at com.android.internal.view.IInputMethodManager$Stub$Proxy.getInputMethodWindowVisibleHeight(IInputMethodManager.java:809)
	at android.view.inputmethod.InputMethodManager.getInputMethodWindowVisibleHeight(InputMethodManager.java:2844)
	at com.android.commands.monkey.framework.AndroidDevice.isVirtualKeyboardOpened(AndroidDevice.java:217)
	at com.android.commands.monkey.source.MonkeySourceApeU2.doInput(MonkeySourceApeU2.java:1018)
	at com.android.commands.monkey.source.MonkeySourceApeU2.generateEventsForActionInternal(MonkeySourceApeU2.java:945)
	at com.android.commands.monkey.source.MonkeySourceApeU2.generateEventsForAction(MonkeySourceApeU2.java:907)
	at com.android.commands.monkey.source.MonkeySourceApeU2.generateEvents(MonkeySourceApeU2.java:827)
	at com.android.commands.monkey.source.MonkeySourceApeU2.getNextEvent(MonkeySourceApeU2.java:422)
	at com.android.commands.monkey.Monkey.runMonkeyCycles(Monkey.java:1576)
	at com.android.commands.monkey.Monkey.run(Monkey.java:874)
	at com.android.commands.monkey.Monkey.main(Monkey.java:473)
	at com.android.internal.os.RuntimeInit.nativeFinishInit(Native Method)
	at com.android.internal.os.RuntimeInit.main(RuntimeInit.java:338)
Caused by: android.os.RemoteException: Remote stack trace:
	at com.android.server.wm.WindowManagerService$LocalService.getInputMethodWindowVisibleHeight(WindowManagerService.java:7310)
	at com.android.server.inputmethod.InputMethodManagerService.getInputMethodWindowVisibleHeight(InputMethodManagerService.java:3467)
	at com.android.internal.view.IInputMethodManager$Stub.onTransact(IInputMethodManager.java:413)
	at com.android.server.inputmethod.InputMethodManagerService.onTransact(InputMethodManagerService.java:1592)
	at android.os.Binder.execTransactInternal(Binder.java:1021)

[Fastbot][2026-04-09 09:20:04.965] :Sending Touch (ACTION_DOWN): 0:(51.0,225.0)
[Fastbot][2026-04-09 09:20:04.967] :Sending Touch (ACTION_UP): 0:(51.0,225.0)
[Fastbot][2026-04-09 09:20:04.970] Sleeping for 200 milliseconds
[Fastbot][2026-04-09 09:20:05.172] [ProxyServer] Finish monkey step. Dumping hierarchy
[Fastbot][2026-04-09 09:20:05.173] --> POST http://127.0.0.1:9008/jsonrpc/0
[Fastbot][2026-04-09 09:20:05.173] Content-Type: application/json; charset=utf-8
[Fastbot][2026-04-09 09:20:05.173] Content-Length: 75
[Fastbot][2026-04-09 09:20:05.173] 
[Fastbot][2026-04-09 09:20:05.173] {"id":1,"jsonrpc":"2.0","method":"dumpWindowHierarchy","params":[false,50]}
[Fastbot][2026-04-09 09:20:05.174] --> END POST (75-byte body)
[Fastbot][2026-04-09 09:20:06.666] <-- 200 OK  http://127.0.0.1:9008/jsonrpc/0 (1491ms)
[Fastbot][2026-04-09 09:20:06.666] Content-Type: application/json
[Fastbot][2026-04-09 09:20:06.666] Date: Thu, 9 Apr 2026 09:20:06 GMT
[Fastbot][2026-04-09 09:20:06.666] Connection: keep-alive
[Fastbot][2026-04-09 09:20:06.666] Transfer-Encoding: chunked
[Fastbot][2026-04-09 09:20:06.667] 
[Fastbot][2026-04-09 09:20:06.668] {"jsonrpc":"2.0","id":1,"result":"<?xml version='1.0' encoding='UTF-8' standalone='yes' ?>\r\n<hierarchy rotation=\"0\">\r\n  <node index=\"0\" text=\"\" resource-id=\"\" class=\"android.widget.FrameLayout\" package=\"com.amaze.filemanager.debug\" content-desc=\"\" checkable=\"false\" checked=\"fals...[truncated]
[Fastbot][2026-04-09 09:20:06.668] <-- END HTTP (107484-byte body)
[Fastbot][2026-04-09 09:20:06.782] [Proxy Server] Forwarding
[Fastbot][2026-04-09 09:20:06.782] --> POST http://127.0.0.1:9008/jsonrpc/0
[Fastbot][2026-04-09 09:20:06.782] Content-Type: application/json; charset=utf-8
[Fastbot][2026-04-09 09:20:06.782] Content-Length: 197
[Fastbot][2026-04-09 09:20:06.783] 
[Fastbot][2026-04-09 09:20:06.783] {"jsonrpc": "2.0", "id": 1, "method": "waitForExists", "params": [{"mask": 2097152, "childOrSibling": [], "childOrSiblingSelector": [], "resourceId": "com.amaze.filemanager.debug:id/home"}, 20000]}
[Fastbot][2026-04-09 09:20:06.783] --> END POST (197-byte body)
[Fastbot][2026-04-09 09:20:07.047] <-- 200 OK  http://127.0.0.1:9008/jsonrpc/0 (263ms)
[Fastbot][2026-04-09 09:20:07.047] Content-Type: application/json
[Fastbot][2026-04-09 09:20:07.048] Date: Thu, 9 Apr 2026 09:20:07 GMT
[Fastbot][2026-04-09 09:20:07.048] Connection: keep-alive
[Fastbot][2026-04-09 09:20:07.048] Transfer-Encoding: chunked
[Fastbot][2026-04-09 09:20:07.049] 
[Fastbot][2026-04-09 09:20:07.050] {"jsonrpc":"2.0","id":1,"result":true}

[Fastbot][2026-04-09 09:20:07.050] <-- END HTTP (39-byte body)
[Fastbot][2026-04-09 09:20:07.097] [Proxy Server] Forwarding
[Fastbot][2026-04-09 09:20:07.098] --> POST http://127.0.0.1:9008/jsonrpc/0
[Fastbot][2026-04-09 09:20:07.098] Content-Type: application/json; charset=utf-8
[Fastbot][2026-04-09 09:20:07.098] Content-Length: 184
[Fastbot][2026-04-09 09:20:07.098] 
[Fastbot][2026-04-09 09:20:07.098] {"jsonrpc": "2.0", "id": 1, "method": "objInfo", "params": [{"mask": 2097152, "childOrSibling": [], "childOrSiblingSelector": [], "resourceId": "com.amaze.filemanager.debug:id/home"}]}
[Fastbot][2026-04-09 09:20:07.098] --> END POST (184-byte body)
[Fastbot][2026-04-09 09:20:07.161] <-- 200 OK  http://127.0.0.1:9008/jsonrpc/0 (62ms)
[Fastbot][2026-04-09 09:20:07.161] Content-Type: application/json
[Fastbot][2026-04-09 09:20:07.161] Date: Thu, 9 Apr 2026 09:20:07 GMT
[Fastbot][2026-04-09 09:20:07.161] Connection: keep-alive
[Fastbot][2026-04-09 09:20:07.161] Transfer-Encoding: chunked
[Fastbot][2026-04-09 09:20:07.162] 
[Fastbot][2026-04-09 09:20:07.162] {"jsonrpc":"2.0","id":1,"result":{"bounds":{"bottom":226,"left":837,"right":969,"top":94},"childCount":0,"className":"android.widget.Button","contentDescription":"Home","packageName":"com.amaze.filemanager.debug","resourceName":"com.amaze.filemanager.debug:id/home","text":null,"visibleBounds":{"bott...[truncated]
[Fastbot][2026-04-09 09:20:07.162] <-- END HTTP (500-byte body)
[Fastbot][2026-04-09 09:20:07.178] [Proxy Server] Detected script method: click
[Fastbot][2026-04-09 09:20:07.178] [Proxy Server] Forwarding
[Fastbot][2026-04-09 09:20:07.179] --> POST http://127.0.0.1:9008/jsonrpc/0
[Fastbot][2026-04-09 09:20:07.179] Content-Type: application/json; charset=utf-8
[Fastbot][2026-04-09 09:20:07.179] Content-Length: 72
[Fastbot][2026-04-09 09:20:07.179] 
[Fastbot][2026-04-09 09:20:07.179] {"jsonrpc": "2.0", "id": 1, "method": "click", "params": [903.0, 160.0]}
[Fastbot][2026-04-09 09:20:07.180] --> END POST (72-byte body)
[Fastbot][2026-04-09 09:20:07.346] <-- 200 OK  http://127.0.0.1:9008/jsonrpc/0 (165ms)
[Fastbot][2026-04-09 09:20:07.347] Content-Type: application/json
[Fastbot][2026-04-09 09:20:07.347] Date: Thu, 9 Apr 2026 09:20:07 GMT
[Fastbot][2026-04-09 09:20:07.347] Connection: keep-alive
[Fastbot][2026-04-09 09:20:07.347] Transfer-Encoding: chunked
[Fastbot][2026-04-09 09:20:07.391] 
[Fastbot][2026-04-09 09:20:07.391] {"jsonrpc":"2.0","id":1,"result":true}

[Fastbot][2026-04-09 09:20:07.391] <-- END HTTP (39-byte body)
[Fastbot][2026-04-09 09:20:07.431] [Proxy Server] Forwarding
[Fastbot][2026-04-09 09:20:07.431] --> POST http://127.0.0.1:9008/jsonrpc/0
[Fastbot][2026-04-09 09:20:07.432] Content-Type: application/json; charset=utf-8
[Fastbot][2026-04-09 09:20:07.433] Content-Length: 212
[Fastbot][2026-04-09 09:20:07.433] 
[Fastbot][2026-04-09 09:20:07.434] {"jsonrpc": "2.0", "id": 1, "method": "waitForExists", "params": [{"mask": 10485760, "childOrSibling": [], "childOrSiblingSelector": [], "resourceId": "com.amaze.filemanager.debug:id/search", "index": 0}, 20000]}
[Fastbot][2026-04-09 09:20:07.434] --> END POST (212-byte body)
[Fastbot][2026-04-09 09:20:08.257] <-- 200 OK  http://127.0.0.1:9008/jsonrpc/0 (822ms)
[Fastbot][2026-04-09 09:20:08.257] Content-Type: application/json
[Fastbot][2026-04-09 09:20:08.257] Date: Thu, 9 Apr 2026 09:20:08 GMT
[Fastbot][2026-04-09 09:20:08.257] Connection: keep-alive
[Fastbot][2026-04-09 09:20:08.257] Transfer-Encoding: chunked
[Fastbot][2026-04-09 09:20:08.258] 
[Fastbot][2026-04-09 09:20:08.258] {"jsonrpc":"2.0","id":1,"result":true}

[Fastbot][2026-04-09 09:20:08.258] <-- END HTTP (39-byte body)
[Fastbot][2026-04-09 09:20:08.331] [Proxy Server] Forwarding
[Fastbot][2026-04-09 09:20:08.332] --> POST http://127.0.0.1:9008/jsonrpc/0
[Fastbot][2026-04-09 09:20:08.332] Content-Type: application/json; charset=utf-8
[Fastbot][2026-04-09 09:20:08.333] Content-Length: 199
[Fastbot][2026-04-09 09:20:08.334] 
[Fastbot][2026-04-09 09:20:08.335] {"jsonrpc": "2.0", "id": 1, "method": "objInfo", "params": [{"mask": 10485760, "childOrSibling": [], "childOrSiblingSelector": [], "resourceId": "com.amaze.filemanager.debug:id/search", "index": 0}]}
[Fastbot][2026-04-09 09:20:08.335] --> END POST (199-byte body)
[Fastbot][2026-04-09 09:20:08.970] <-- 200 OK  http://127.0.0.1:9008/jsonrpc/0 (634ms)
[Fastbot][2026-04-09 09:20:08.971] Content-Type: application/json
[Fastbot][2026-04-09 09:20:08.971] Date: Thu, 9 Apr 2026 09:20:08 GMT
[Fastbot][2026-04-09 09:20:08.971] Connection: keep-alive
[Fastbot][2026-04-09 09:20:08.972] Transfer-Encoding: chunked
[Fastbot][2026-04-09 09:20:08.972] 
[Fastbot][2026-04-09 09:20:08.972] {"jsonrpc":"2.0","id":1,"result":{"bounds":{"bottom":226,"left":705,"right":837,"top":94},"childCount":0,"className":"android.widget.Button","contentDescription":"Search","packageName":"com.amaze.filemanager.debug","resourceName":null,"text":"","visibleBounds":{"bottom":226,"left":705,"right":837,"t...[truncated]
[Fastbot][2026-04-09 09:20:08.972] <-- END HTTP (467-byte body)
[Fastbot][2026-04-09 09:20:09.012] [Proxy Server] Detected script method: click
[Fastbot][2026-04-09 09:20:09.013] [Proxy Server] Forwarding
[Fastbot][2026-04-09 09:20:09.014] --> POST http://127.0.0.1:9008/jsonrpc/0
[Fastbot][2026-04-09 09:20:09.014] Content-Type: application/json; charset=utf-8
[Fastbot][2026-04-09 09:20:09.014] Content-Length: 72
[Fastbot][2026-04-09 09:20:09.015] 
[Fastbot][2026-04-09 09:20:09.015] {"jsonrpc": "2.0", "id": 1, "method": "click", "params": [771.0, 160.0]}
[Fastbot][2026-04-09 09:20:09.016] --> END POST (72-byte body)
[Fastbot][2026-04-09 09:20:09.211] <-- 200 OK  http://127.0.0.1:9008/jsonrpc/0 (195ms)
[Fastbot][2026-04-09 09:20:09.212] Content-Type: application/json
[Fastbot][2026-04-09 09:20:09.212] Date: Thu, 9 Apr 2026 09:20:09 GMT
[Fastbot][2026-04-09 09:20:09.213] Connection: keep-alive
[Fastbot][2026-04-09 09:20:09.214] Transfer-Encoding: chunked
[Fastbot][2026-04-09 09:20:09.216] 
[Fastbot][2026-04-09 09:20:09.216] {"jsonrpc":"2.0","id":1,"result":true}

[Fastbot][2026-04-09 09:20:09.217] <-- END HTTP (39-byte body)
[Fastbot][2026-04-09 09:20:09.749] [Proxy Server] Forwarding
[Fastbot][2026-04-09 09:20:09.749] --> POST http://127.0.0.1:9008/jsonrpc/0
[Fastbot][2026-04-09 09:20:09.749] Content-Type: application/json; charset=utf-8
[Fastbot][2026-04-09 09:20:09.749] Content-Length: 209
[Fastbot][2026-04-09 09:20:09.750] 
[Fastbot][2026-04-09 09:20:09.750] {"jsonrpc": "2.0", "id": 1, "method": "waitForExists", "params": [{"mask": 2097152, "childOrSibling": [], "childOrSiblingSelector": [], "resourceId": "com.amaze.filemanager.debug:id/search_edit_text"}, 20000]}
[Fastbot][2026-04-09 09:20:09.750] --> END POST (209-byte body)
[Fastbot][2026-04-09 09:20:09.897] <-- 200 OK  http://127.0.0.1:9008/jsonrpc/0 (146ms)
[Fastbot][2026-04-09 09:20:09.897] Content-Type: application/json
[Fastbot][2026-04-09 09:20:09.897] Date: Thu, 9 Apr 2026 09:20:09 GMT
[Fastbot][2026-04-09 09:20:09.898] Connection: keep-alive
[Fastbot][2026-04-09 09:20:09.898] Transfer-Encoding: chunked
[Fastbot][2026-04-09 09:20:09.899] 
[Fastbot][2026-04-09 09:20:09.899] {"jsonrpc":"2.0","id":1,"result":true}

[Fastbot][2026-04-09 09:20:09.899] <-- END HTTP (39-byte body)
[Fastbot][2026-04-09 09:20:09.933] [Proxy Server] Detected script method: setText
[Fastbot][2026-04-09 09:20:09.936] [Proxy Server] Forwarding
[Fastbot][2026-04-09 09:20:09.936] --> POST http://127.0.0.1:9008/jsonrpc/0
[Fastbot][2026-04-09 09:20:09.937] Content-Type: application/json; charset=utf-8
[Fastbot][2026-04-09 09:20:09.937] Content-Length: 205
[Fastbot][2026-04-09 09:20:09.937] 
[Fastbot][2026-04-09 09:20:09.937] {"jsonrpc": "2.0", "id": 1, "method": "setText", "params": [{"mask": 2097152, "childOrSibling": [], "childOrSiblingSelector": [], "resourceId": "com.amaze.filemanager.debug:id/search_edit_text"}, "A.txt"]}
[Fastbot][2026-04-09 09:20:09.939] --> END POST (205-byte body)
[Fastbot][2026-04-09 09:20:10.398] <-- 200 OK  http://127.0.0.1:9008/jsonrpc/0 (458ms)
[Fastbot][2026-04-09 09:20:10.398] Content-Type: application/json
[Fastbot][2026-04-09 09:20:10.399] Date: Thu, 9 Apr 2026 09:20:10 GMT
[Fastbot][2026-04-09 09:20:10.399] Connection: keep-alive
[Fastbot][2026-04-09 09:20:10.399] Transfer-Encoding: chunked
[Fastbot][2026-04-09 09:20:10.399] 
[Fastbot][2026-04-09 09:20:10.400] {"jsonrpc":"2.0","id":1,"result":true}

[Fastbot][2026-04-09 09:20:10.400] <-- END HTTP (39-byte body)
[Fastbot][2026-04-09 09:20:10.918] [Proxy Server] Forwarding
[Fastbot][2026-04-09 09:20:10.918] --> POST http://127.0.0.1:9008/jsonrpc/0
[Fastbot][2026-04-09 09:20:10.919] Content-Type: application/json; charset=utf-8
[Fastbot][2026-04-09 09:20:10.920] Content-Length: 211
[Fastbot][2026-04-09 09:20:10.920] 
[Fastbot][2026-04-09 09:20:10.921] {"jsonrpc": "2.0", "id": 1, "method": "waitForExists", "params": [{"mask": 2097152, "childOrSibling": [], "childOrSiblingSelector": [], "resourceId": "com.amaze.filemanager.debug:id/searchDeepSearchTV"}, 20000]}
[Fastbot][2026-04-09 09:20:10.922] --> END POST (211-byte body)
[Fastbot][2026-04-09 09:20:11.984] <-- 200 OK  http://127.0.0.1:9008/jsonrpc/0 (1061ms)
[Fastbot][2026-04-09 09:20:11.984] Content-Type: application/json
[Fastbot][2026-04-09 09:20:11.985] Date: Thu, 9 Apr 2026 09:20:11 GMT
[Fastbot][2026-04-09 09:20:11.985] Connection: keep-alive
[Fastbot][2026-04-09 09:20:11.985] Transfer-Encoding: chunked
[Fastbot][2026-04-09 09:20:11.986] 
[Fastbot][2026-04-09 09:20:11.986] {"jsonrpc":"2.0","id":1,"result":true}

[Fastbot][2026-04-09 09:20:11.986] <-- END HTTP (39-byte body)
[Fastbot][2026-04-09 09:20:12.001] [Proxy Server] Forwarding
[Fastbot][2026-04-09 09:20:12.002] --> POST http://127.0.0.1:9008/jsonrpc/0
[Fastbot][2026-04-09 09:20:12.003] Content-Type: application/json; charset=utf-8
[Fastbot][2026-04-09 09:20:12.003] Content-Length: 198
[Fastbot][2026-04-09 09:20:12.003] 
[Fastbot][2026-04-09 09:20:12.003] {"jsonrpc": "2.0", "id": 1, "method": "objInfo", "params": [{"mask": 2097152, "childOrSibling": [], "childOrSiblingSelector": [], "resourceId": "com.amaze.filemanager.debug:id/searchDeepSearchTV"}]}
[Fastbot][2026-04-09 09:20:12.003] --> END POST (198-byte body)
[Fastbot][2026-04-09 09:20:12.790] <-- 200 OK  http://127.0.0.1:9008/jsonrpc/0 (785ms)
[Fastbot][2026-04-09 09:20:12.790] Content-Type: application/json
[Fastbot][2026-04-09 09:20:12.790] Date: Thu, 9 Apr 2026 09:20:12 GMT
[Fastbot][2026-04-09 09:20:12.790] Connection: keep-alive
[Fastbot][2026-04-09 09:20:12.790] Transfer-Encoding: chunked
[Fastbot][2026-04-09 09:20:12.831] 
[Fastbot][2026-04-09 09:20:12.831] {"jsonrpc":"2.0","id":1,"result":{"bounds":{"bottom":442,"left":28,"right":1052,"top":287},"childCount":0,"className":"android.widget.TextView","contentDescription":null,"packageName":"com.amaze.filemanager.debug","resourceName":"com.amaze.filemanager.debug:id/searchDeepSearchTV","text":"Not finding...[truncated]
[Fastbot][2026-04-09 09:20:12.831] <-- END HTTP (570-byte body)
[Fastbot][2026-04-09 09:20:12.873] [Proxy Server] Detected script method: click
[Fastbot][2026-04-09 09:20:12.874] [Proxy Server] Forwarding
[Fastbot][2026-04-09 09:20:12.874] --> POST http://127.0.0.1:9008/jsonrpc/0
[Fastbot][2026-04-09 09:20:12.874] Content-Type: application/json; charset=utf-8
[Fastbot][2026-04-09 09:20:12.874] Content-Length: 72
[Fastbot][2026-04-09 09:20:12.875] 
[Fastbot][2026-04-09 09:20:12.875] {"jsonrpc": "2.0", "id": 1, "method": "click", "params": [540.0, 364.5]}
[Fastbot][2026-04-09 09:20:12.875] --> END POST (72-byte body)
[Fastbot][2026-04-09 09:20:13.080] <-- 200 OK  http://127.0.0.1:9008/jsonrpc/0 (204ms)
[Fastbot][2026-04-09 09:20:13.081] Content-Type: application/json
[Fastbot][2026-04-09 09:20:13.081] Date: Thu, 9 Apr 2026 09:20:13 GMT
[Fastbot][2026-04-09 09:20:13.081] Connection: keep-alive
[Fastbot][2026-04-09 09:20:13.081] Transfer-Encoding: chunked
[Fastbot][2026-04-09 09:20:13.082] 
[Fastbot][2026-04-09 09:20:13.082] {"jsonrpc":"2.0","id":1,"result":true}

[Fastbot][2026-04-09 09:20:13.082] <-- END HTTP (39-byte body)
[Fastbot][2026-04-09 09:20:13.608] [Proxy Server] Forwarding
[Fastbot][2026-04-09 09:20:13.609] --> POST http://127.0.0.1:9008/jsonrpc/0
[Fastbot][2026-04-09 09:20:13.609] Content-Type: application/json; charset=utf-8
[Fastbot][2026-04-09 09:20:13.609] Content-Length: 198
[Fastbot][2026-04-09 09:20:13.610] 
[Fastbot][2026-04-09 09:20:13.610] {"jsonrpc": "2.0", "id": 1, "method": "exist", "params": [{"mask": 2097152, "childOrSibling": [], "childOrSiblingSelector": [], "resourceId": "com.amaze.filemanager.debug:id/searchItemFileNameTV"}]}
[Fastbot][2026-04-09 09:20:13.611] --> END POST (198-byte body)
[Fastbot][2026-04-09 09:20:14.618] <-- 200 OK  http://127.0.0.1:9008/jsonrpc/0 (1007ms)
[Fastbot][2026-04-09 09:20:14.618] Content-Type: application/json
[Fastbot][2026-04-09 09:20:14.618] Date: Thu, 9 Apr 2026 09:20:14 GMT
[Fastbot][2026-04-09 09:20:14.618] Connection: keep-alive
[Fastbot][2026-04-09 09:20:14.619] Transfer-Encoding: chunked
[Fastbot][2026-04-09 09:20:14.619] 
[Fastbot][2026-04-09 09:20:14.620] {"jsonrpc":"2.0","id":1,"result":true}

[Fastbot][2026-04-09 09:20:14.621] <-- END HTTP (39-byte body)
[Fastbot][2026-04-09 09:20:14.637] [Proxy Server] Forwarding
[Fastbot][2026-04-09 09:20:14.637] --> POST http://127.0.0.1:9008/jsonrpc/0
[Fastbot][2026-04-09 09:20:14.637] Content-Type: application/json; charset=utf-8
[Fastbot][2026-04-09 09:20:14.637] Content-Length: 213
[Fastbot][2026-04-09 09:20:14.638] 
[Fastbot][2026-04-09 09:20:14.638] {"jsonrpc": "2.0", "id": 1, "method": "waitForExists", "params": [{"mask": 2097152, "childOrSibling": [], "childOrSiblingSelector": [], "resourceId": "com.amaze.filemanager.debug:id/searchItemFileNameTV"}, 20000]}
[Fastbot][2026-04-09 09:20:14.638] --> END POST (213-byte body)
[Fastbot][2026-04-09 09:20:14.737] <-- 200 OK  http://127.0.0.1:9008/jsonrpc/0 (99ms)
[Fastbot][2026-04-09 09:20:14.737] Content-Type: application/json
[Fastbot][2026-04-09 09:20:14.737] Date: Thu, 9 Apr 2026 09:20:14 GMT
[Fastbot][2026-04-09 09:20:14.737] Connection: keep-alive
[Fastbot][2026-04-09 09:20:14.738] Transfer-Encoding: chunked
[Fastbot][2026-04-09 09:20:14.793] 
[Fastbot][2026-04-09 09:20:14.793] {"jsonrpc":"2.0","id":1,"result":true}

[Fastbot][2026-04-09 09:20:14.793] <-- END HTTP (39-byte body)
[Fastbot][2026-04-09 09:20:14.837] [Proxy Server] Forwarding
[Fastbot][2026-04-09 09:20:14.838] --> POST http://127.0.0.1:9008/jsonrpc/0
[Fastbot][2026-04-09 09:20:14.839] Content-Type: application/json; charset=utf-8
[Fastbot][2026-04-09 09:20:14.839] Content-Length: 200
[Fastbot][2026-04-09 09:20:14.839] 
[Fastbot][2026-04-09 09:20:14.840] {"jsonrpc": "2.0", "id": 1, "method": "getText", "params": [{"mask": 2097152, "childOrSibling": [], "childOrSiblingSelector": [], "resourceId": "com.amaze.filemanager.debug:id/searchItemFileNameTV"}]}
[Fastbot][2026-04-09 09:20:14.840] --> END POST (200-byte body)
[Fastbot][2026-04-09 09:20:15.067] <-- 200 OK  http://127.0.0.1:9008/jsonrpc/0 (226ms)
[Fastbot][2026-04-09 09:20:15.068] Content-Type: application/json
[Fastbot][2026-04-09 09:20:15.068] Date: Thu, 9 Apr 2026 09:20:15 GMT
[Fastbot][2026-04-09 09:20:15.068] Connection: keep-alive
[Fastbot][2026-04-09 09:20:15.069] Transfer-Encoding: chunked
[Fastbot][2026-04-09 09:20:15.069] 
[Fastbot][2026-04-09 09:20:15.070] {"jsonrpc":"2.0","id":1,"result":"A.txt"}

[Fastbot][2026-04-09 09:20:15.070] <-- END HTTP (42-byte body)
[Fastbot][2026-04-09 09:20:15.602] [Proxy Server] Forwarding
[Fastbot][2026-04-09 09:20:15.602] --> POST http://127.0.0.1:9008/jsonrpc/0
[Fastbot][2026-04-09 09:20:15.603] Content-Type: application/json; charset=utf-8
[Fastbot][2026-04-09 09:20:15.604] Content-Length: 230
[Fastbot][2026-04-09 09:20:15.604] 
[Fastbot][2026-04-09 09:20:15.604] {"jsonrpc": "2.0", "id": 1, "method": "waitForExists", "params": [{"mask": 2097153, "childOrSibling": [], "childOrSiblingSelector": [], "resourceId": "com.amaze.filemanager.debug:id/searchItemFileNameTV", "text": "A.txt"}, 20000]}
[Fastbot][2026-04-09 09:20:15.604] --> END POST (230-byte body)
[Fastbot][2026-04-09 09:20:15.706] <-- 200 OK  http://127.0.0.1:9008/jsonrpc/0 (101ms)
[Fastbot][2026-04-09 09:20:15.706] Content-Type: application/json
[Fastbot][2026-04-09 09:20:15.706] Date: Thu, 9 Apr 2026 09:20:15 GMT
[Fastbot][2026-04-09 09:20:15.706] Connection: keep-alive
[Fastbot][2026-04-09 09:20:15.706] Transfer-Encoding: chunked
[Fastbot][2026-04-09 09:20:15.707] 
[Fastbot][2026-04-09 09:20:15.708] {"jsonrpc":"2.0","id":1,"result":true}

[Fastbot][2026-04-09 09:20:15.709] <-- END HTTP (39-byte body)
[Fastbot][2026-04-09 09:20:15.739] [Proxy Server] Forwarding
[Fastbot][2026-04-09 09:20:15.740] --> POST http://127.0.0.1:9008/jsonrpc/0
[Fastbot][2026-04-09 09:20:15.740] Content-Type: application/json; charset=utf-8
[Fastbot][2026-04-09 09:20:15.740] Content-Length: 217
[Fastbot][2026-04-09 09:20:15.741] 
[Fastbot][2026-04-09 09:20:15.741] {"jsonrpc": "2.0", "id": 1, "method": "objInfo", "params": [{"mask": 2097153, "childOrSibling": [], "childOrSiblingSelector": [], "resourceId": "com.amaze.filemanager.debug:id/searchItemFileNameTV", "text": "A.txt"}]}
[Fastbot][2026-04-09 09:20:15.741] --> END POST (217-byte body)
[Fastbot][2026-04-09 09:20:16.459] <-- 200 OK  http://127.0.0.1:9008/jsonrpc/0 (717ms)
[Fastbot][2026-04-09 09:20:16.459] Content-Type: application/json
[Fastbot][2026-04-09 09:20:16.459] Date: Thu, 9 Apr 2026 09:20:16 GMT
[Fastbot][2026-04-09 09:20:16.460] Connection: keep-alive
[Fastbot][2026-04-09 09:20:16.460] Transfer-Encoding: chunked
[Fastbot][2026-04-09 09:20:16.462] 
[Fastbot][2026-04-09 09:20:16.462] {"jsonrpc":"2.0","id":1,"result":{"bounds":{"bottom":851,"left":76,"right":1015,"top":792},"childCount":0,"className":"android.widget.TextView","contentDescription":null,"packageName":"com.amaze.filemanager.debug","resourceName":"com.amaze.filemanager.debug:id/searchItemFileNameTV","text":"A.txt","v...[truncated]
[Fastbot][2026-04-09 09:20:16.462] <-- END HTTP (523-byte body)
[Fastbot][2026-04-09 09:20:16.498] [Proxy Server] Detected script method: click
[Fastbot][2026-04-09 09:20:16.499] [Proxy Server] Forwarding
[Fastbot][2026-04-09 09:20:16.499] --> POST http://127.0.0.1:9008/jsonrpc/0
[Fastbot][2026-04-09 09:20:16.499] Content-Type: application/json; charset=utf-8
[Fastbot][2026-04-09 09:20:16.500] Content-Length: 72
[Fastbot][2026-04-09 09:20:16.500] 
[Fastbot][2026-04-09 09:20:16.500] {"jsonrpc": "2.0", "id": 1, "method": "click", "params": [545.5, 821.5]}
[Fastbot][2026-04-09 09:20:16.501] --> END POST (72-byte body)
[Fastbot][2026-04-09 09:20:16.674] <-- 200 OK  http://127.0.0.1:9008/jsonrpc/0 (172ms)
[Fastbot][2026-04-09 09:20:16.674] Content-Type: application/json
[Fastbot][2026-04-09 09:20:16.675] Date: Thu, 9 Apr 2026 09:20:16 GMT
[Fastbot][2026-04-09 09:20:16.675] Connection: keep-alive
[Fastbot][2026-04-09 09:20:16.675] Transfer-Encoding: chunked
[Fastbot][2026-04-09 09:20:16.677] 
[Fastbot][2026-04-09 09:20:16.677] {"jsonrpc":"2.0","id":1,"result":true}

[Fastbot][2026-04-09 09:20:16.677] <-- END HTTP (39-byte body)
[Fastbot][2026-04-09 09:20:17.220] [Proxy Server] Forwarding
[Fastbot][2026-04-09 09:20:17.221] --> POST http://127.0.0.1:9008/jsonrpc/0
[Fastbot][2026-04-09 09:20:17.222] Content-Type: application/json; charset=utf-8
[Fastbot][2026-04-09 09:20:17.222] Content-Length: 209
[Fastbot][2026-04-09 09:20:17.222] 
[Fastbot][2026-04-09 09:20:17.222] {"jsonrpc": "2.0", "id": 1, "method": "exist", "params": [{"mask": 2097153, "childOrSibling": [], "childOrSiblingSelector": [], "resourceId": "com.amaze.filemanager.debug:id/always_button", "text": "Always"}]}
[Fastbot][2026-04-09 09:20:17.223] --> END POST (209-byte body)
[Fastbot][2026-04-09 09:20:17.537] <-- 200 OK  http://127.0.0.1:9008/jsonrpc/0 (313ms)
[Fastbot][2026-04-09 09:20:17.537] Content-Type: application/json
[Fastbot][2026-04-09 09:20:17.537] Date: Thu, 9 Apr 2026 09:20:17 GMT
[Fastbot][2026-04-09 09:20:17.537] Connection: keep-alive
[Fastbot][2026-04-09 09:20:17.537] Transfer-Encoding: chunked
[Fastbot][2026-04-09 09:20:17.538] 
[Fastbot][2026-04-09 09:20:17.538] {"jsonrpc":"2.0","id":1,"result":true}

[Fastbot][2026-04-09 09:20:17.538] <-- END HTTP (39-byte body)
[Fastbot][2026-04-09 09:20:17.580] [Proxy Server] Forwarding
[Fastbot][2026-04-09 09:20:17.580] --> POST http://127.0.0.1:9008/jsonrpc/0
[Fastbot][2026-04-09 09:20:17.582] Content-Type: application/json; charset=utf-8
[Fastbot][2026-04-09 09:20:17.582] Content-Length: 216
[Fastbot][2026-04-09 09:20:17.582] 
[Fastbot][2026-04-09 09:20:17.582] {"jsonrpc": "2.0", "id": 1, "method": "exist", "params": [{"mask": 2097153, "childOrSibling": [], "childOrSiblingSelector": [], "resourceId": "com.amaze.filemanager.debug:id/firstline", "text": "Amaze Text Editor"}]}
[Fastbot][2026-04-09 09:20:17.582] --> END POST (216-byte body)
[Fastbot][2026-04-09 09:20:17.637] <-- 200 OK  http://127.0.0.1:9008/jsonrpc/0 (54ms)
[Fastbot][2026-04-09 09:20:17.637] Content-Type: application/json
[Fastbot][2026-04-09 09:20:17.638] Date: Thu, 9 Apr 2026 09:20:17 GMT
[Fastbot][2026-04-09 09:20:17.638] Connection: keep-alive
[Fastbot][2026-04-09 09:20:17.639] Transfer-Encoding: chunked
[Fastbot][2026-04-09 09:20:17.641] 
[Fastbot][2026-04-09 09:20:17.641] {"jsonrpc":"2.0","id":1,"result":true}

[Fastbot][2026-04-09 09:20:17.641] <-- END HTTP (39-byte body)
[Fastbot][2026-04-09 09:20:17.675] [Proxy Server] Forwarding
[Fastbot][2026-04-09 09:20:17.675] --> POST http://127.0.0.1:9008/jsonrpc/0
[Fastbot][2026-04-09 09:20:17.676] Content-Type: application/json; charset=utf-8
[Fastbot][2026-04-09 09:20:17.676] Content-Length: 231
[Fastbot][2026-04-09 09:20:17.676] 
[Fastbot][2026-04-09 09:20:17.677] {"jsonrpc": "2.0", "id": 1, "method": "waitForExists", "params": [{"mask": 2097153, "childOrSibling": [], "childOrSiblingSelector": [], "resourceId": "com.amaze.filemanager.debug:id/firstline", "text": "Amaze Text Editor"}, 20000]}
[Fastbot][2026-04-09 09:20:17.677] --> END POST (231-byte body)
[Fastbot][2026-04-09 09:20:17.783] <-- 200 OK  http://127.0.0.1:9008/jsonrpc/0 (106ms)
[Fastbot][2026-04-09 09:20:17.783] Content-Type: application/json
[Fastbot][2026-04-09 09:20:17.783] Date: Thu, 9 Apr 2026 09:20:17 GMT
[Fastbot][2026-04-09 09:20:17.784] Connection: keep-alive
[Fastbot][2026-04-09 09:20:17.784] Transfer-Encoding: chunked
[Fastbot][2026-04-09 09:20:17.786] 
[Fastbot][2026-04-09 09:20:17.786] {"jsonrpc":"2.0","id":1,"result":true}

[Fastbot][2026-04-09 09:20:17.786] <-- END HTTP (39-byte body)
[Fastbot][2026-04-09 09:20:17.846] [Proxy Server] Forwarding
[Fastbot][2026-04-09 09:20:17.846] --> POST http://127.0.0.1:9008/jsonrpc/0
[Fastbot][2026-04-09 09:20:17.847] Content-Type: application/json; charset=utf-8
[Fastbot][2026-04-09 09:20:17.847] Content-Length: 218
[Fastbot][2026-04-09 09:20:17.847] 
[Fastbot][2026-04-09 09:20:17.847] {"jsonrpc": "2.0", "id": 1, "method": "objInfo", "params": [{"mask": 2097153, "childOrSibling": [], "childOrSiblingSelector": [], "resourceId": "com.amaze.filemanager.debug:id/firstline", "text": "Amaze Text Editor"}]}
[Fastbot][2026-04-09 09:20:17.848] --> END POST (218-byte body)
[Fastbot][2026-04-09 09:20:18.616] <-- 200 OK  http://127.0.0.1:9008/jsonrpc/0 (768ms)
[Fastbot][2026-04-09 09:20:18.616] Content-Type: application/json
[Fastbot][2026-04-09 09:20:18.616] Date: Thu, 9 Apr 2026 09:20:18 GMT
[Fastbot][2026-04-09 09:20:18.616] Connection: keep-alive
[Fastbot][2026-04-09 09:20:18.617] Transfer-Encoding: chunked
[Fastbot][2026-04-09 09:20:18.617] 
[Fastbot][2026-04-09 09:20:18.617] {"jsonrpc":"2.0","id":1,"result":{"bounds":{"bottom":1870,"left":198,"right":580,"top":1807},"childCount":0,"className":"android.widget.TextView","contentDescription":null,"packageName":"com.amaze.filemanager.debug","resourceName":"com.amaze.filemanager.debug:id/firstline","text":"Amaze Text Editor"...[truncated]
[Fastbot][2026-04-09 09:20:18.617] <-- END HTTP (528-byte body)
[Fastbot][2026-04-09 09:20:18.656] [Proxy Server] Detected script method: click
[Fastbot][2026-04-09 09:20:18.657] [Proxy Server] Forwarding
[Fastbot][2026-04-09 09:20:18.657] --> POST http://127.0.0.1:9008/jsonrpc/0
[Fastbot][2026-04-09 09:20:18.658] Content-Type: application/json; charset=utf-8
[Fastbot][2026-04-09 09:20:18.658] Content-Length: 73
[Fastbot][2026-04-09 09:20:18.659] 
[Fastbot][2026-04-09 09:20:18.659] {"jsonrpc": "2.0", "id": 1, "method": "click", "params": [389.0, 1838.5]}
[Fastbot][2026-04-09 09:20:18.659] --> END POST (73-byte body)
[Fastbot][2026-04-09 09:20:18.880] <-- 200 OK  http://127.0.0.1:9008/jsonrpc/0 (220ms)
[Fastbot][2026-04-09 09:20:18.880] Content-Type: application/json
[Fastbot][2026-04-09 09:20:18.880] Date: Thu, 9 Apr 2026 09:20:18 GMT
[Fastbot][2026-04-09 09:20:18.880] Connection: keep-alive
[Fastbot][2026-04-09 09:20:18.880] Transfer-Encoding: chunked
[Fastbot][2026-04-09 09:20:18.881] 
[Fastbot][2026-04-09 09:20:18.882] {"jsonrpc":"2.0","id":1,"result":true}

[Fastbot][2026-04-09 09:20:18.882] <-- END HTTP (39-byte body)
[Fastbot][2026-04-09 09:20:18.908] // the top activity is com.amaze.filemanager.ui.activities.texteditor.TextEditorActivity, phone capture activity is com.android.camera.CaptureActivity
[Fastbot][2026-04-09 09:20:18.908]     // Allowing start of Intent { act=android.intent.action.VIEW dat=content://com.amaze.filemanager.debug/storage_root/storage/emulated/0/Documents/mordor/A.txt typ=text/plain cmp=com.amaze.filemanager.debug/com.amaze.filemanager.ui.activities.texteditor.TextEditorActivity } in package com.amaze.filemanager.debug
[Fastbot][2026-04-09 09:20:19.456] // [Script] current activity is com.amaze.filemanager.ui.activities.texteditor.TextEditorActivity
[Fastbot][2026-04-09 09:20:19.457] [Proxy Server] Forwarding
[Fastbot][2026-04-09 09:20:19.458] --> POST http://127.0.0.1:9008/jsonrpc/0
[Fastbot][2026-04-09 09:20:19.459] Content-Type: application/json; charset=utf-8
[Fastbot][2026-04-09 09:20:19.459] Content-Length: 209
[Fastbot][2026-04-09 09:20:19.461] 
[Fastbot][2026-04-09 09:20:19.461] {"jsonrpc": "2.0", "id": 1, "method": "exist", "params": [{"mask": 2097153, "childOrSibling": [], "childOrSiblingSelector": [], "resourceId": "com.amaze.filemanager.debug:id/always_button", "text": "Always"}]}
[Fastbot][2026-04-09 09:20:19.462] --> END POST (209-byte body)
[Fastbot][2026-04-09 09:20:19.918] <-- 200 OK  http://127.0.0.1:9008/jsonrpc/0 (455ms)
[Fastbot][2026-04-09 09:20:19.919] Content-Type: application/json
[Fastbot][2026-04-09 09:20:19.919] Date: Thu, 9 Apr 2026 09:20:19 GMT
[Fastbot][2026-04-09 09:20:19.921] Connection: keep-alive
[Fastbot][2026-04-09 09:20:19.921] Transfer-Encoding: chunked
[Fastbot][2026-04-09 09:20:19.922] 
[Fastbot][2026-04-09 09:20:19.923] {"jsonrpc":"2.0","id":1,"result":false}

[Fastbot][2026-04-09 09:20:19.930] <-- END HTTP (40-byte body)
[Fastbot][2026-04-09 09:20:19.991] [Proxy Server] Forwarding
[Fastbot][2026-04-09 09:20:19.992] --> POST http://127.0.0.1:9008/jsonrpc/0
[Fastbot][2026-04-09 09:20:19.992] Content-Type: application/json; charset=utf-8
[Fastbot][2026-04-09 09:20:19.992] Content-Length: 196
[Fastbot][2026-04-09 09:20:19.992] 
[Fastbot][2026-04-09 09:20:19.992] {"jsonrpc": "2.0", "id": 1, "method": "waitForExists", "params": [{"mask": 8388624, "childOrSibling": [], "childOrSiblingSelector": [], "className": "android.widget.TextView", "index": 1}, 20000]}
[Fastbot][2026-04-09 09:20:19.992] --> END POST (196-byte body)
[Fastbot][2026-04-09 09:20:20.004] <-- 200 OK  http://127.0.0.1:9008/jsonrpc/0 (12ms)
[Fastbot][2026-04-09 09:20:20.005] Content-Type: application/json
[Fastbot][2026-04-09 09:20:20.005] Date: Thu, 9 Apr 2026 09:20:20 GMT
[Fastbot][2026-04-09 09:20:20.005] Connection: keep-alive
[Fastbot][2026-04-09 09:20:20.005] Transfer-Encoding: chunked
[Fastbot][2026-04-09 09:20:20.007] 
[Fastbot][2026-04-09 09:20:20.007] {"jsonrpc":"2.0","id":1,"result":true}

[Fastbot][2026-04-09 09:20:20.007] <-- END HTTP (39-byte body)
[Fastbot][2026-04-09 09:20:20.065] [Proxy Server] Forwarding
[Fastbot][2026-04-09 09:20:20.067] --> POST http://127.0.0.1:9008/jsonrpc/0
[Fastbot][2026-04-09 09:20:20.067] Content-Type: application/json; charset=utf-8
[Fastbot][2026-04-09 09:20:20.068] Content-Length: 183
[Fastbot][2026-04-09 09:20:20.068] 
[Fastbot][2026-04-09 09:20:20.068] {"jsonrpc": "2.0", "id": 1, "method": "getText", "params": [{"mask": 8388624, "childOrSibling": [], "childOrSiblingSelector": [], "className": "android.widget.TextView", "index": 1}]}
[Fastbot][2026-04-09 09:20:20.068] --> END POST (183-byte body)
[Fastbot][2026-04-09 09:20:20.075] <-- 200 OK  http://127.0.0.1:9008/jsonrpc/0 (6ms)
[Fastbot][2026-04-09 09:20:20.075] Content-Type: application/json
[Fastbot][2026-04-09 09:20:20.076] Date: Thu, 9 Apr 2026 09:20:20 GMT
[Fastbot][2026-04-09 09:20:20.076] Connection: keep-alive
[Fastbot][2026-04-09 09:20:20.076] Transfer-Encoding: chunked
[Fastbot][2026-04-09 09:20:20.077] 
[Fastbot][2026-04-09 09:20:20.077] {"jsonrpc":"2.0","id":1,"result":"A.txt"}

[Fastbot][2026-04-09 09:20:20.077] <-- END HTTP (42-byte body)
[Fastbot][2026-04-09 09:20:20.094] [Proxy Server] Forwarding
[Fastbot][2026-04-09 09:20:20.095] --> POST http://127.0.0.1:9008/jsonrpc/0
[Fastbot][2026-04-09 09:20:20.095] Content-Type: application/json; charset=utf-8
[Fastbot][2026-04-09 09:20:20.095] Content-Length: 215
[Fastbot][2026-04-09 09:20:20.096] 
[Fastbot][2026-04-09 09:20:20.096] {"jsonrpc": "2.0", "id": 1, "method": "waitForExists", "params": [{"mask": 2097152, "childOrSibling": [], "childOrSiblingSelector": [], "resourceId": "com.amaze.filemanager.debug:id/textEditorMainEditText"}, 20000]}
[Fastbot][2026-04-09 09:20:20.096] --> END POST (215-byte body)
[Fastbot][2026-04-09 09:20:20.106] <-- 200 OK  http://127.0.0.1:9008/jsonrpc/0 (9ms)
[Fastbot][2026-04-09 09:20:20.106] Content-Type: application/json
[Fastbot][2026-04-09 09:20:20.106] Date: Thu, 9 Apr 2026 09:20:20 GMT
[Fastbot][2026-04-09 09:20:20.106] Connection: keep-alive
[Fastbot][2026-04-09 09:20:20.107] Transfer-Encoding: chunked
[Fastbot][2026-04-09 09:20:20.162] 
[Fastbot][2026-04-09 09:20:20.162] {"jsonrpc":"2.0","id":1,"result":true}

[Fastbot][2026-04-09 09:20:20.162] <-- END HTTP (39-byte body)
[Fastbot][2026-04-09 09:20:20.204] [Proxy Server] Detected script method: setText
[Fastbot][2026-04-09 09:20:20.204] [Proxy Server] Forwarding
[Fastbot][2026-04-09 09:20:20.204] --> POST http://127.0.0.1:9008/jsonrpc/0
[Fastbot][2026-04-09 09:20:20.205] Content-Type: application/json; charset=utf-8
[Fastbot][2026-04-09 09:20:20.205] Content-Length: 276
[Fastbot][2026-04-09 09:20:20.205] 
[Fastbot][2026-04-09 09:20:20.205] {"jsonrpc": "2.0", "id": 1, "method": "setText", "params": [{"mask": 2097152, "childOrSibling": [], "childOrSiblingSelector": [], "resourceId": "com.amaze.filemanager.debug:id/textEditorMainEditText"}, "Sojdwf6ondER4aP_uEdYKaDkxkEmtGHSjZu7v76poeuptwaPc6ol87lcUiQJA1VP6zZrtf"]}
[Fastbot][2026-04-09 09:20:20.205] --> END POST (276-byte body)
[Fastbot][2026-04-09 09:20:20.523] <-- 200 OK  http://127.0.0.1:9008/jsonrpc/0 (318ms)
[Fastbot][2026-04-09 09:20:20.524] Content-Type: application/json
[Fastbot][2026-04-09 09:20:20.524] Date: Thu, 9 Apr 2026 09:20:20 GMT
[Fastbot][2026-04-09 09:20:20.525] Connection: keep-alive
[Fastbot][2026-04-09 09:20:20.525] Transfer-Encoding: chunked
[Fastbot][2026-04-09 09:20:20.527] 
[Fastbot][2026-04-09 09:20:20.527] {"jsonrpc":"2.0","id":1,"result":true}

[Fastbot][2026-04-09 09:20:20.529] <-- END HTTP (39-byte body)
[Fastbot][2026-04-09 09:20:21.053] [Proxy Server] Detected script method: pressKey
[Fastbot][2026-04-09 09:20:21.054] [Proxy Server] Forwarding
[Fastbot][2026-04-09 09:20:21.055] --> POST http://127.0.0.1:9008/jsonrpc/0
[Fastbot][2026-04-09 09:20:21.055] Content-Type: application/json; charset=utf-8
[Fastbot][2026-04-09 09:20:21.056] Content-Length: 69
[Fastbot][2026-04-09 09:20:21.056] 
[Fastbot][2026-04-09 09:20:21.056] {"jsonrpc": "2.0", "id": 1, "method": "pressKey", "params": ["back"]}
[Fastbot][2026-04-09 09:20:21.057] --> END POST (69-byte body)
[Fastbot][2026-04-09 09:20:21.416] <-- 200 OK  http://127.0.0.1:9008/jsonrpc/0 (359ms)
[Fastbot][2026-04-09 09:20:21.416] Content-Type: application/json
[Fastbot][2026-04-09 09:20:21.416] Date: Thu, 9 Apr 2026 09:20:21 GMT
[Fastbot][2026-04-09 09:20:21.416] Connection: keep-alive
[Fastbot][2026-04-09 09:20:21.416] Transfer-Encoding: chunked
[Fastbot][2026-04-09 09:20:21.416] 
[Fastbot][2026-04-09 09:20:21.417] {"jsonrpc":"2.0","id":1,"result":true}

[Fastbot][2026-04-09 09:20:21.417] <-- END HTTP (39-byte body)
[Fastbot][2026-04-09 09:20:21.934] [Proxy Server] Forwarding
[Fastbot][2026-04-09 09:20:21.935] --> POST http://127.0.0.1:9008/jsonrpc/0
[Fastbot][2026-04-09 09:20:21.935] Content-Type: application/json; charset=utf-8
[Fastbot][2026-04-09 09:20:21.935] Content-Length: 232
[Fastbot][2026-04-09 09:20:21.935] 
[Fastbot][2026-04-09 09:20:21.935] {"jsonrpc": "2.0", "id": 1, "method": "waitForExists", "params": [{"mask": 2097153, "childOrSibling": [], "childOrSiblingSelector": [], "resourceId": "com.amaze.filemanager.debug:id/md_buttonDefaultPositive", "text": "YES"}, 20000]}
[Fastbot][2026-04-09 09:20:21.936] --> END POST (232-byte body)
[Fastbot][2026-04-09 09:20:21.947] <-- 200 OK  http://127.0.0.1:9008/jsonrpc/0 (10ms)
[Fastbot][2026-04-09 09:20:21.947] Content-Type: application/json
[Fastbot][2026-04-09 09:20:21.947] Date: Thu, 9 Apr 2026 09:20:21 GMT
[Fastbot][2026-04-09 09:20:21.947] Connection: keep-alive
[Fastbot][2026-04-09 09:20:21.947] Transfer-Encoding: chunked
[Fastbot][2026-04-09 09:20:21.948] 
[Fastbot][2026-04-09 09:20:21.949] {"jsonrpc":"2.0","id":1,"result":true}

[Fastbot][2026-04-09 09:20:21.949] <-- END HTTP (39-byte body)
[Fastbot][2026-04-09 09:20:21.975] [Proxy Server] Forwarding
[Fastbot][2026-04-09 09:20:21.975] --> POST http://127.0.0.1:9008/jsonrpc/0
[Fastbot][2026-04-09 09:20:21.976] Content-Type: application/json; charset=utf-8
[Fastbot][2026-04-09 09:20:21.976] Content-Length: 219
[Fastbot][2026-04-09 09:20:21.976] 
[Fastbot][2026-04-09 09:20:21.976] {"jsonrpc": "2.0", "id": 1, "method": "objInfo", "params": [{"mask": 2097153, "childOrSibling": [], "childOrSiblingSelector": [], "resourceId": "com.amaze.filemanager.debug:id/md_buttonDefaultPositive", "text": "YES"}]}
[Fastbot][2026-04-09 09:20:21.977] --> END POST (219-byte body)
[Fastbot][2026-04-09 09:20:21.998] <-- 200 OK  http://127.0.0.1:9008/jsonrpc/0 (20ms)
[Fastbot][2026-04-09 09:20:21.998] Content-Type: application/json
[Fastbot][2026-04-09 09:20:21.998] Date: Thu, 9 Apr 2026 09:20:21 GMT
[Fastbot][2026-04-09 09:20:21.998] Connection: keep-alive
[Fastbot][2026-04-09 09:20:21.998] Transfer-Encoding: chunked
[Fastbot][2026-04-09 09:20:22.042] 
[Fastbot][2026-04-09 09:20:22.042] {"jsonrpc":"2.0","id":1,"result":{"bounds":{"bottom":1284,"left":772,"right":915,"top":1218},"childCount":0,"className":"android.widget.TextView","contentDescription":null,"packageName":"com.amaze.filemanager.debug","resourceName":"com.amaze.filemanager.debug:id/md_buttonDefaultPositive","text":"YES...[truncated]
[Fastbot][2026-04-09 09:20:22.042] <-- END HTTP (527-byte body)
[Fastbot][2026-04-09 09:20:22.083] [Proxy Server] Detected script method: click
[Fastbot][2026-04-09 09:20:22.083] [Proxy Server] Forwarding
[Fastbot][2026-04-09 09:20:22.083] --> POST http://127.0.0.1:9008/jsonrpc/0
[Fastbot][2026-04-09 09:20:22.084] Content-Type: application/json; charset=utf-8
[Fastbot][2026-04-09 09:20:22.084] Content-Length: 73
[Fastbot][2026-04-09 09:20:22.084] 
[Fastbot][2026-04-09 09:20:22.084] {"jsonrpc": "2.0", "id": 1, "method": "click", "params": [843.5, 1251.0]}
[Fastbot][2026-04-09 09:20:22.085] --> END POST (73-byte body)
[Fastbot][2026-04-09 09:20:22.212] <-- 200 OK  http://127.0.0.1:9008/jsonrpc/0 (127ms)
[Fastbot][2026-04-09 09:20:22.212] Content-Type: application/json
[Fastbot][2026-04-09 09:20:22.212] Date: Thu, 9 Apr 2026 09:20:22 GMT
[Fastbot][2026-04-09 09:20:22.213] Connection: keep-alive
[Fastbot][2026-04-09 09:20:22.213] Transfer-Encoding: chunked
[Fastbot][2026-04-09 09:20:22.213] 
[Fastbot][2026-04-09 09:20:22.213] {"jsonrpc":"2.0","id":1,"result":true}

[Fastbot][2026-04-09 09:20:22.214] <-- END HTTP (39-byte body)
[Fastbot][2026-04-09 09:20:22.744] // [Script] current activity is com.amaze.filemanager.ui.activities.MainActivity
[Fastbot][2026-04-09 09:20:22.744] [Proxy Server] Forwarding
[Fastbot][2026-04-09 09:20:22.745] --> POST http://127.0.0.1:9008/jsonrpc/0
[Fastbot][2026-04-09 09:20:22.745] Content-Type: application/json; charset=utf-8
[Fastbot][2026-04-09 09:20:22.745] Content-Length: 212
[Fastbot][2026-04-09 09:20:22.746] 
[Fastbot][2026-04-09 09:20:22.746] {"jsonrpc": "2.0", "id": 1, "method": "waitForExists", "params": [{"mask": 10485760, "childOrSibling": [], "childOrSiblingSelector": [], "resourceId": "com.amaze.filemanager.debug:id/search", "index": 0}, 20000]}
[Fastbot][2026-04-09 09:20:22.747] --> END POST (212-byte body)
[Fastbot][2026-04-09 09:20:22.956] <-- 200 OK  http://127.0.0.1:9008/jsonrpc/0 (208ms)
[Fastbot][2026-04-09 09:20:22.956] Content-Type: application/json
[Fastbot][2026-04-09 09:20:22.956] Date: Thu, 9 Apr 2026 09:20:22 GMT
[Fastbot][2026-04-09 09:20:22.956] Connection: keep-alive
[Fastbot][2026-04-09 09:20:22.957] Transfer-Encoding: chunked
[Fastbot][2026-04-09 09:20:22.957] 
[Fastbot][2026-04-09 09:20:22.958] {"jsonrpc":"2.0","id":1,"result":true}

[Fastbot][2026-04-09 09:20:22.958] <-- END HTTP (39-byte body)
[Fastbot][2026-04-09 09:20:22.996] [Proxy Server] Forwarding
[Fastbot][2026-04-09 09:20:22.996] --> POST http://127.0.0.1:9008/jsonrpc/0
[Fastbot][2026-04-09 09:20:22.996] Content-Type: application/json; charset=utf-8
[Fastbot][2026-04-09 09:20:22.997] Content-Length: 199
[Fastbot][2026-04-09 09:20:22.997] 
[Fastbot][2026-04-09 09:20:22.997] {"jsonrpc": "2.0", "id": 1, "method": "objInfo", "params": [{"mask": 10485760, "childOrSibling": [], "childOrSiblingSelector": [], "resourceId": "com.amaze.filemanager.debug:id/search", "index": 0}]}
[Fastbot][2026-04-09 09:20:22.997] --> END POST (199-byte body)
[Fastbot][2026-04-09 09:20:23.774] <-- 200 OK  http://127.0.0.1:9008/jsonrpc/0 (776ms)
[Fastbot][2026-04-09 09:20:23.774] Content-Type: application/json
[Fastbot][2026-04-09 09:20:23.774] Date: Thu, 9 Apr 2026 09:20:23 GMT
[Fastbot][2026-04-09 09:20:23.775] Connection: keep-alive
[Fastbot][2026-04-09 09:20:23.775] Transfer-Encoding: chunked
[Fastbot][2026-04-09 09:20:23.777] 
[Fastbot][2026-04-09 09:20:23.777] {"jsonrpc":"2.0","id":1,"result":{"bounds":{"bottom":226,"left":705,"right":837,"top":94},"childCount":0,"className":"android.widget.Button","contentDescription":"Search","packageName":"com.amaze.filemanager.debug","resourceName":null,"text":"","visibleBounds":{"bottom":226,"left":705,"right":837,"t...[truncated]
[Fastbot][2026-04-09 09:20:23.777] <-- END HTTP (467-byte body)
[Fastbot][2026-04-09 09:20:23.825] [Proxy Server] Detected script method: click
[Fastbot][2026-04-09 09:20:23.826] [Proxy Server] Forwarding
[Fastbot][2026-04-09 09:20:23.828] --> POST http://127.0.0.1:9008/jsonrpc/0
[Fastbot][2026-04-09 09:20:23.828] Content-Type: application/json; charset=utf-8
[Fastbot][2026-04-09 09:20:23.828] Content-Length: 72
[Fastbot][2026-04-09 09:20:23.828] 
[Fastbot][2026-04-09 09:20:23.828] {"jsonrpc": "2.0", "id": 1, "method": "click", "params": [771.0, 160.0]}
[Fastbot][2026-04-09 09:20:23.829] --> END POST (72-byte body)
[Fastbot][2026-04-09 09:20:24.012] <-- 200 OK  http://127.0.0.1:9008/jsonrpc/0 (183ms)
[Fastbot][2026-04-09 09:20:24.013] Content-Type: application/json
[Fastbot][2026-04-09 09:20:24.013] Date: Thu, 9 Apr 2026 09:20:24 GMT
[Fastbot][2026-04-09 09:20:24.013] Connection: keep-alive
[Fastbot][2026-04-09 09:20:24.013] Transfer-Encoding: chunked
[Fastbot][2026-04-09 09:20:24.013] 
[Fastbot][2026-04-09 09:20:24.013] {"jsonrpc":"2.0","id":1,"result":true}

[Fastbot][2026-04-09 09:20:24.013] <-- END HTTP (39-byte body)
[Fastbot][2026-04-09 09:20:24.547] [Proxy Server] Forwarding
[Fastbot][2026-04-09 09:20:24.547] --> POST http://127.0.0.1:9008/jsonrpc/0
[Fastbot][2026-04-09 09:20:24.548] Content-Type: application/json; charset=utf-8
[Fastbot][2026-04-09 09:20:24.548] Content-Length: 209
[Fastbot][2026-04-09 09:20:24.548] 
[Fastbot][2026-04-09 09:20:24.548] {"jsonrpc": "2.0", "id": 1, "method": "waitForExists", "params": [{"mask": 2097152, "childOrSibling": [], "childOrSiblingSelector": [], "resourceId": "com.amaze.filemanager.debug:id/search_edit_text"}, 20000]}
[Fastbot][2026-04-09 09:20:24.549] --> END POST (209-byte body)
[Fastbot][2026-04-09 09:20:25.659] <-- 200 OK  http://127.0.0.1:9008/jsonrpc/0 (1109ms)
[Fastbot][2026-04-09 09:20:25.659] Content-Type: application/json
[Fastbot][2026-04-09 09:20:25.659] Date: Thu, 9 Apr 2026 09:20:25 GMT
[Fastbot][2026-04-09 09:20:25.659] Connection: keep-alive
[Fastbot][2026-04-09 09:20:25.659] Transfer-Encoding: chunked
[Fastbot][2026-04-09 09:20:25.661] 
[Fastbot][2026-04-09 09:20:25.662] {"jsonrpc":"2.0","id":1,"result":true}

[Fastbot][2026-04-09 09:20:25.663] <-- END HTTP (39-byte body)
[Fastbot][2026-04-09 09:20:25.703] [Proxy Server] Detected script method: setText
[Fastbot][2026-04-09 09:20:25.704] [Proxy Server] Forwarding
[Fastbot][2026-04-09 09:20:25.704] --> POST http://127.0.0.1:9008/jsonrpc/0
[Fastbot][2026-04-09 09:20:25.705] Content-Type: application/json; charset=utf-8
[Fastbot][2026-04-09 09:20:25.707] Content-Length: 205
[Fastbot][2026-04-09 09:20:25.707] 
[Fastbot][2026-04-09 09:20:25.707] {"jsonrpc": "2.0", "id": 1, "method": "setText", "params": [{"mask": 2097152, "childOrSibling": [], "childOrSiblingSelector": [], "resourceId": "com.amaze.filemanager.debug:id/search_edit_text"}, "A.txt"]}
[Fastbot][2026-04-09 09:20:25.707] --> END POST (205-byte body)
[Fastbot][2026-04-09 09:20:26.124] <-- 200 OK  http://127.0.0.1:9008/jsonrpc/0 (417ms)
[Fastbot][2026-04-09 09:20:26.125] Content-Type: application/json
[Fastbot][2026-04-09 09:20:26.125] Date: Thu, 9 Apr 2026 09:20:26 GMT
[Fastbot][2026-04-09 09:20:26.125] Connection: keep-alive
[Fastbot][2026-04-09 09:20:26.125] Transfer-Encoding: chunked
[Fastbot][2026-04-09 09:20:26.127] 
[Fastbot][2026-04-09 09:20:26.128] {"jsonrpc":"2.0","id":1,"result":true}

[Fastbot][2026-04-09 09:20:26.128] <-- END HTTP (39-byte body)
[Fastbot][2026-04-09 09:20:26.649] [Proxy Server] Forwarding
[Fastbot][2026-04-09 09:20:26.650] --> POST http://127.0.0.1:9008/jsonrpc/0
[Fastbot][2026-04-09 09:20:26.650] Content-Type: application/json; charset=utf-8
[Fastbot][2026-04-09 09:20:26.650] Content-Length: 211
[Fastbot][2026-04-09 09:20:26.652] 
[Fastbot][2026-04-09 09:20:26.652] {"jsonrpc": "2.0", "id": 1, "method": "waitForExists", "params": [{"mask": 2097152, "childOrSibling": [], "childOrSiblingSelector": [], "resourceId": "com.amaze.filemanager.debug:id/searchDeepSearchTV"}, 20000]}
[Fastbot][2026-04-09 09:20:26.653] --> END POST (211-byte body)
[Fastbot][2026-04-09 09:20:27.620] <-- 200 OK  http://127.0.0.1:9008/jsonrpc/0 (966ms)
[Fastbot][2026-04-09 09:20:27.620] Content-Type: application/json
[Fastbot][2026-04-09 09:20:27.620] Date: Thu, 9 Apr 2026 09:20:27 GMT
[Fastbot][2026-04-09 09:20:27.621] Connection: keep-alive
[Fastbot][2026-04-09 09:20:27.621] Transfer-Encoding: chunked
[Fastbot][2026-04-09 09:20:27.622] 
[Fastbot][2026-04-09 09:20:27.622] {"jsonrpc":"2.0","id":1,"result":true}

[Fastbot][2026-04-09 09:20:27.623] <-- END HTTP (39-byte body)
[Fastbot][2026-04-09 09:20:27.689] [Proxy Server] Forwarding
[Fastbot][2026-04-09 09:20:27.689] --> POST http://127.0.0.1:9008/jsonrpc/0
[Fastbot][2026-04-09 09:20:27.690] Content-Type: application/json; charset=utf-8
[Fastbot][2026-04-09 09:20:27.690] Content-Length: 198
[Fastbot][2026-04-09 09:20:27.691] 
[Fastbot][2026-04-09 09:20:27.691] {"jsonrpc": "2.0", "id": 1, "method": "objInfo", "params": [{"mask": 2097152, "childOrSibling": [], "childOrSiblingSelector": [], "resourceId": "com.amaze.filemanager.debug:id/searchDeepSearchTV"}]}
[Fastbot][2026-04-09 09:20:27.691] --> END POST (198-byte body)
[Fastbot][2026-04-09 09:20:28.512] <-- 200 OK  http://127.0.0.1:9008/jsonrpc/0 (820ms)
[Fastbot][2026-04-09 09:20:28.512] Content-Type: application/json
[Fastbot][2026-04-09 09:20:28.513] Date: Thu, 9 Apr 2026 09:20:28 GMT
[Fastbot][2026-04-09 09:20:28.513] Connection: keep-alive
[Fastbot][2026-04-09 09:20:28.513] Transfer-Encoding: chunked
[Fastbot][2026-04-09 09:20:28.513] 
[Fastbot][2026-04-09 09:20:28.513] {"jsonrpc":"2.0","id":1,"result":{"bounds":{"bottom":684,"left":28,"right":1052,"top":529},"childCount":0,"className":"android.widget.TextView","contentDescription":null,"packageName":"com.amaze.filemanager.debug","resourceName":"com.amaze.filemanager.debug:id/searchDeepSearchTV","text":"Not finding...[truncated]
[Fastbot][2026-04-09 09:20:28.513] <-- END HTTP (570-byte body)
[Fastbot][2026-04-09 09:20:28.531] [Proxy Server] Detected script method: click
[Fastbot][2026-04-09 09:20:28.532] [Proxy Server] Forwarding
[Fastbot][2026-04-09 09:20:28.533] --> POST http://127.0.0.1:9008/jsonrpc/0
[Fastbot][2026-04-09 09:20:28.533] Content-Type: application/json; charset=utf-8
[Fastbot][2026-04-09 09:20:28.533] Content-Length: 72
[Fastbot][2026-04-09 09:20:28.533] 
[Fastbot][2026-04-09 09:20:28.533] {"jsonrpc": "2.0", "id": 1, "method": "click", "params": [540.0, 606.5]}
[Fastbot][2026-04-09 09:20:28.534] --> END POST (72-byte body)
[Fastbot][2026-04-09 09:20:28.695] <-- 200 OK  http://127.0.0.1:9008/jsonrpc/0 (160ms)
[Fastbot][2026-04-09 09:20:28.695] Content-Type: application/json
[Fastbot][2026-04-09 09:20:28.695] Date: Thu, 9 Apr 2026 09:20:28 GMT
[Fastbot][2026-04-09 09:20:28.696] Connection: keep-alive
[Fastbot][2026-04-09 09:20:28.696] Transfer-Encoding: chunked
[Fastbot][2026-04-09 09:20:28.741] 
[Fastbot][2026-04-09 09:20:28.741] {"jsonrpc":"2.0","id":1,"result":true}

[Fastbot][2026-04-09 09:20:28.742] <-- END HTTP (39-byte body)
[Fastbot][2026-04-09 09:20:29.264] [Proxy Server] Forwarding
[Fastbot][2026-04-09 09:20:29.264] --> POST http://127.0.0.1:9008/jsonrpc/0
[Fastbot][2026-04-09 09:20:29.265] Content-Type: application/json; charset=utf-8
[Fastbot][2026-04-09 09:20:29.265] Content-Length: 198
[Fastbot][2026-04-09 09:20:29.266] 
[Fastbot][2026-04-09 09:20:29.266] {"jsonrpc": "2.0", "id": 1, "method": "exist", "params": [{"mask": 2097152, "childOrSibling": [], "childOrSiblingSelector": [], "resourceId": "com.amaze.filemanager.debug:id/searchItemFileNameTV"}]}
[Fastbot][2026-04-09 09:20:29.267] --> END POST (198-byte body)
[Fastbot][2026-04-09 09:20:30.271] <-- 200 OK  http://127.0.0.1:9008/jsonrpc/0 (1003ms)
[Fastbot][2026-04-09 09:20:30.271] Content-Type: application/json
[Fastbot][2026-04-09 09:20:30.271] Date: Thu, 9 Apr 2026 09:20:30 GMT
[Fastbot][2026-04-09 09:20:30.271] Connection: keep-alive
[Fastbot][2026-04-09 09:20:30.271] Transfer-Encoding: chunked
[Fastbot][2026-04-09 09:20:30.273] 
[Fastbot][2026-04-09 09:20:30.273] {"jsonrpc":"2.0","id":1,"result":true}

[Fastbot][2026-04-09 09:20:30.273] <-- END HTTP (39-byte body)
[Fastbot][2026-04-09 09:20:30.350] [Proxy Server] Forwarding
[Fastbot][2026-04-09 09:20:30.351] --> POST http://127.0.0.1:9008/jsonrpc/0
[Fastbot][2026-04-09 09:20:30.351] Content-Type: application/json; charset=utf-8
[Fastbot][2026-04-09 09:20:30.351] Content-Length: 213
[Fastbot][2026-04-09 09:20:30.351] 
[Fastbot][2026-04-09 09:20:30.351] {"jsonrpc": "2.0", "id": 1, "method": "waitForExists", "params": [{"mask": 2097152, "childOrSibling": [], "childOrSiblingSelector": [], "resourceId": "com.amaze.filemanager.debug:id/searchItemFileNameTV"}, 20000]}
[Fastbot][2026-04-09 09:20:30.351] --> END POST (213-byte body)
[Fastbot][2026-04-09 09:20:30.504] <-- 200 OK  http://127.0.0.1:9008/jsonrpc/0 (152ms)
[Fastbot][2026-04-09 09:20:30.504] Content-Type: application/json
[Fastbot][2026-04-09 09:20:30.504] Date: Thu, 9 Apr 2026 09:20:30 GMT
[Fastbot][2026-04-09 09:20:30.504] Connection: keep-alive
[Fastbot][2026-04-09 09:20:30.505] Transfer-Encoding: chunked
[Fastbot][2026-04-09 09:20:30.505] 
[Fastbot][2026-04-09 09:20:30.506] {"jsonrpc":"2.0","id":1,"result":true}

[Fastbot][2026-04-09 09:20:30.506] <-- END HTTP (39-byte body)
[Fastbot][2026-04-09 09:20:30.541] [Proxy Server] Forwarding
[Fastbot][2026-04-09 09:20:30.541] --> POST http://127.0.0.1:9008/jsonrpc/0
[Fastbot][2026-04-09 09:20:30.541] Content-Type: application/json; charset=utf-8
[Fastbot][2026-04-09 09:20:30.541] Content-Length: 200
[Fastbot][2026-04-09 09:20:30.541] 
[Fastbot][2026-04-09 09:20:30.541] {"jsonrpc": "2.0", "id": 1, "method": "getText", "params": [{"mask": 2097152, "childOrSibling": [], "childOrSiblingSelector": [], "resourceId": "com.amaze.filemanager.debug:id/searchItemFileNameTV"}]}
[Fastbot][2026-04-09 09:20:30.541] --> END POST (200-byte body)
[Fastbot][2026-04-09 09:20:30.765] <-- 200 OK  http://127.0.0.1:9008/jsonrpc/0 (223ms)
[Fastbot][2026-04-09 09:20:30.765] Content-Type: application/json
[Fastbot][2026-04-09 09:20:30.765] Date: Thu, 9 Apr 2026 09:20:30 GMT
[Fastbot][2026-04-09 09:20:30.765] Connection: keep-alive
[Fastbot][2026-04-09 09:20:30.765] Transfer-Encoding: chunked
[Fastbot][2026-04-09 09:20:30.766] 
[Fastbot][2026-04-09 09:20:30.766] {"jsonrpc":"2.0","id":1,"result":"A.txt"}

[Fastbot][2026-04-09 09:20:30.766] <-- END HTTP (42-byte body)
[Fastbot][2026-04-09 09:20:30.803] [Proxy Server] Forwarding
[Fastbot][2026-04-09 09:20:30.803] --> POST http://127.0.0.1:9008/jsonrpc/0
[Fastbot][2026-04-09 09:20:30.804] Content-Type: application/json; charset=utf-8
[Fastbot][2026-04-09 09:20:30.804] Content-Length: 213
[Fastbot][2026-04-09 09:20:30.804] 
[Fastbot][2026-04-09 09:20:30.805] {"jsonrpc": "2.0", "id": 1, "method": "waitForExists", "params": [{"mask": 2097152, "childOrSibling": [], "childOrSiblingSelector": [], "resourceId": "com.amaze.filemanager.debug:id/searchItemFileNameTV"}, 20000]}
[Fastbot][2026-04-09 09:20:30.805] --> END POST (213-byte body)
[Fastbot][2026-04-09 09:20:30.915] <-- 200 OK  http://127.0.0.1:9008/jsonrpc/0 (109ms)
[Fastbot][2026-04-09 09:20:30.915] Content-Type: application/json
[Fastbot][2026-04-09 09:20:30.916] Date: Thu, 9 Apr 2026 09:20:30 GMT
[Fastbot][2026-04-09 09:20:30.917] Connection: keep-alive
[Fastbot][2026-04-09 09:20:30.917] Transfer-Encoding: chunked
[Fastbot][2026-04-09 09:20:30.918] 
[Fastbot][2026-04-09 09:20:30.919] {"jsonrpc":"2.0","id":1,"result":true}

[Fastbot][2026-04-09 09:20:30.919] <-- END HTTP (39-byte body)
[Fastbot][2026-04-09 09:20:30.978] [Proxy Server] Forwarding
[Fastbot][2026-04-09 09:20:30.979] --> POST http://127.0.0.1:9008/jsonrpc/0
[Fastbot][2026-04-09 09:20:30.980] Content-Type: application/json; charset=utf-8
[Fastbot][2026-04-09 09:20:30.982] Content-Length: 200
[Fastbot][2026-04-09 09:20:30.983] 
[Fastbot][2026-04-09 09:20:30.984] {"jsonrpc": "2.0", "id": 1, "method": "objInfo", "params": [{"mask": 2097152, "childOrSibling": [], "childOrSiblingSelector": [], "resourceId": "com.amaze.filemanager.debug:id/searchItemFileNameTV"}]}
[Fastbot][2026-04-09 09:20:30.984] --> END POST (200-byte body)
[Fastbot][2026-04-09 09:20:31.772] <-- 200 OK  http://127.0.0.1:9008/jsonrpc/0 (786ms)
[Fastbot][2026-04-09 09:20:31.772] Content-Type: application/json
[Fastbot][2026-04-09 09:20:31.772] Date: Thu, 9 Apr 2026 09:20:31 GMT
[Fastbot][2026-04-09 09:20:31.772] Connection: keep-alive
[Fastbot][2026-04-09 09:20:31.772] Transfer-Encoding: chunked
[Fastbot][2026-04-09 09:20:31.772] 
[Fastbot][2026-04-09 09:20:31.773] {"jsonrpc":"2.0","id":1,"result":{"bounds":{"bottom":851,"left":76,"right":1015,"top":792},"childCount":0,"className":"android.widget.TextView","contentDescription":null,"packageName":"com.amaze.filemanager.debug","resourceName":"com.amaze.filemanager.debug:id/searchItemFileNameTV","text":"A.txt","v...[truncated]
[Fastbot][2026-04-09 09:20:31.773] <-- END HTTP (523-byte body)
[Fastbot][2026-04-09 09:20:31.837] [Proxy Server] Detected script method: click
[Fastbot][2026-04-09 09:20:31.837] [Proxy Server] Forwarding
[Fastbot][2026-04-09 09:20:31.837] --> POST http://127.0.0.1:9008/jsonrpc/0
[Fastbot][2026-04-09 09:20:31.837] Content-Type: application/json; charset=utf-8
[Fastbot][2026-04-09 09:20:31.837] Content-Length: 72
[Fastbot][2026-04-09 09:20:31.837] 
[Fastbot][2026-04-09 09:20:31.837] {"jsonrpc": "2.0", "id": 1, "method": "click", "params": [545.5, 821.5]}
[Fastbot][2026-04-09 09:20:31.837] --> END POST (72-byte body)
[Fastbot][2026-04-09 09:20:32.034] <-- 200 OK  http://127.0.0.1:9008/jsonrpc/0 (196ms)
[Fastbot][2026-04-09 09:20:32.035] Content-Type: application/json
[Fastbot][2026-04-09 09:20:32.035] Date: Thu, 9 Apr 2026 09:20:32 GMT
[Fastbot][2026-04-09 09:20:32.035] Connection: keep-alive
[Fastbot][2026-04-09 09:20:32.035] Transfer-Encoding: chunked
[Fastbot][2026-04-09 09:20:32.036] 
[Fastbot][2026-04-09 09:20:32.036] {"jsonrpc":"2.0","id":1,"result":true}

[Fastbot][2026-04-09 09:20:32.037] <-- END HTTP (39-byte body)
[Fastbot][2026-04-09 09:20:32.566] [Proxy Server] Forwarding
[Fastbot][2026-04-09 09:20:32.567] --> POST http://127.0.0.1:9008/jsonrpc/0
[Fastbot][2026-04-09 09:20:32.567] Content-Type: application/json; charset=utf-8
[Fastbot][2026-04-09 09:20:32.567] Content-Length: 209
[Fastbot][2026-04-09 09:20:32.567] 
[Fastbot][2026-04-09 09:20:32.567] {"jsonrpc": "2.0", "id": 1, "method": "exist", "params": [{"mask": 2097153, "childOrSibling": [], "childOrSiblingSelector": [], "resourceId": "com.amaze.filemanager.debug:id/always_button", "text": "Always"}]}
[Fastbot][2026-04-09 09:20:32.567] --> END POST (209-byte body)
[Fastbot][2026-04-09 09:20:32.795] <-- 200 OK  http://127.0.0.1:9008/jsonrpc/0 (227ms)
[Fastbot][2026-04-09 09:20:32.795] Content-Type: application/json
[Fastbot][2026-04-09 09:20:32.795] Date: Thu, 9 Apr 2026 09:20:32 GMT
[Fastbot][2026-04-09 09:20:32.795] Connection: keep-alive
[Fastbot][2026-04-09 09:20:32.795] Transfer-Encoding: chunked
[Fastbot][2026-04-09 09:20:32.796] 
[Fastbot][2026-04-09 09:20:32.796] {"jsonrpc":"2.0","id":1,"result":true}

[Fastbot][2026-04-09 09:20:32.796] <-- END HTTP (39-byte body)
[Fastbot][2026-04-09 09:20:32.824] [Proxy Server] Forwarding
[Fastbot][2026-04-09 09:20:32.825] --> POST http://127.0.0.1:9008/jsonrpc/0
[Fastbot][2026-04-09 09:20:32.825] Content-Type: application/json; charset=utf-8
[Fastbot][2026-04-09 09:20:32.825] Content-Length: 216
[Fastbot][2026-04-09 09:20:32.826] 
[Fastbot][2026-04-09 09:20:32.826] {"jsonrpc": "2.0", "id": 1, "method": "exist", "params": [{"mask": 2097153, "childOrSibling": [], "childOrSiblingSelector": [], "resourceId": "com.amaze.filemanager.debug:id/firstline", "text": "Amaze Text Editor"}]}
[Fastbot][2026-04-09 09:20:32.826] --> END POST (216-byte body)
[Fastbot][2026-04-09 09:20:33.009] <-- 200 OK  http://127.0.0.1:9008/jsonrpc/0 (182ms)
[Fastbot][2026-04-09 09:20:33.011] Content-Type: application/json
[Fastbot][2026-04-09 09:20:33.011] Date: Thu, 9 Apr 2026 09:20:33 GMT
[Fastbot][2026-04-09 09:20:33.011] Connection: keep-alive
[Fastbot][2026-04-09 09:20:33.011] Transfer-Encoding: chunked
[Fastbot][2026-04-09 09:20:33.050] 
[Fastbot][2026-04-09 09:20:33.050] {"jsonrpc":"2.0","id":1,"result":false}

[Fastbot][2026-04-09 09:20:33.050] <-- END HTTP (40-byte body)
[Fastbot][2026-04-09 09:20:33.078] [Proxy Server] Forwarding
[Fastbot][2026-04-09 09:20:33.079] --> POST http://127.0.0.1:9008/jsonrpc/0
[Fastbot][2026-04-09 09:20:33.107] Content-Type: application/json; charset=utf-8
[Fastbot][2026-04-09 09:20:33.109] Content-Length: 209
[Fastbot][2026-04-09 09:20:33.110] 
[Fastbot][2026-04-09 09:20:33.111] {"jsonrpc": "2.0", "id": 1, "method": "exist", "params": [{"mask": 2097153, "childOrSibling": [], "childOrSiblingSelector": [], "resourceId": "com.amaze.filemanager.debug:id/always_button", "text": "Always"}]}
[Fastbot][2026-04-09 09:20:33.111] --> END POST (209-byte body)
[Fastbot][2026-04-09 09:20:33.183] <-- 200 OK  http://127.0.0.1:9008/jsonrpc/0 (71ms)
[Fastbot][2026-04-09 09:20:33.183] Content-Type: application/json
[Fastbot][2026-04-09 09:20:33.183] Date: Thu, 9 Apr 2026 09:20:33 GMT
[Fastbot][2026-04-09 09:20:33.183] Connection: keep-alive
[Fastbot][2026-04-09 09:20:33.183] Transfer-Encoding: chunked
[Fastbot][2026-04-09 09:20:33.184] 
[Fastbot][2026-04-09 09:20:33.185] {"jsonrpc":"2.0","id":1,"result":true}

[Fastbot][2026-04-09 09:20:33.185] <-- END HTTP (39-byte body)
[Fastbot][2026-04-09 09:20:33.212] [Proxy Server] Forwarding
[Fastbot][2026-04-09 09:20:33.213] --> POST http://127.0.0.1:9008/jsonrpc/0
[Fastbot][2026-04-09 09:20:33.213] Content-Type: application/json; charset=utf-8
[Fastbot][2026-04-09 09:20:33.213] Content-Length: 224
[Fastbot][2026-04-09 09:20:33.213] 
[Fastbot][2026-04-09 09:20:33.213] {"jsonrpc": "2.0", "id": 1, "method": "waitForExists", "params": [{"mask": 2097153, "childOrSibling": [], "childOrSiblingSelector": [], "resourceId": "com.amaze.filemanager.debug:id/always_button", "text": "Always"}, 20000]}
[Fastbot][2026-04-09 09:20:33.213] --> END POST (224-byte body)
[Fastbot][2026-04-09 09:20:33.304] <-- 200 OK  http://127.0.0.1:9008/jsonrpc/0 (90ms)
[Fastbot][2026-04-09 09:20:33.304] Content-Type: application/json
[Fastbot][2026-04-09 09:20:33.304] Date: Thu, 9 Apr 2026 09:20:33 GMT
[Fastbot][2026-04-09 09:20:33.304] Connection: keep-alive
[Fastbot][2026-04-09 09:20:33.304] Transfer-Encoding: chunked
[Fastbot][2026-04-09 09:20:33.351] 
[Fastbot][2026-04-09 09:20:33.351] {"jsonrpc":"2.0","id":1,"result":true}

[Fastbot][2026-04-09 09:20:33.351] <-- END HTTP (39-byte body)
[Fastbot][2026-04-09 09:20:33.386] [Proxy Server] Forwarding
[Fastbot][2026-04-09 09:20:33.387] --> POST http://127.0.0.1:9008/jsonrpc/0
[Fastbot][2026-04-09 09:20:33.387] Content-Type: application/json; charset=utf-8
[Fastbot][2026-04-09 09:20:33.388] Content-Length: 211
[Fastbot][2026-04-09 09:20:33.388] 
[Fastbot][2026-04-09 09:20:33.388] {"jsonrpc": "2.0", "id": 1, "method": "objInfo", "params": [{"mask": 2097153, "childOrSibling": [], "childOrSiblingSelector": [], "resourceId": "com.amaze.filemanager.debug:id/always_button", "text": "Always"}]}
[Fastbot][2026-04-09 09:20:33.389] --> END POST (211-byte body)
[Fastbot][2026-04-09 09:20:34.170] <-- 200 OK  http://127.0.0.1:9008/jsonrpc/0 (780ms)
[Fastbot][2026-04-09 09:20:34.170] Content-Type: application/json
[Fastbot][2026-04-09 09:20:34.170] Date: Thu, 9 Apr 2026 09:20:34 GMT
[Fastbot][2026-04-09 09:20:34.170] Connection: keep-alive
[Fastbot][2026-04-09 09:20:34.170] Transfer-Encoding: chunked
[Fastbot][2026-04-09 09:20:34.170] 
[Fastbot][2026-04-09 09:20:34.170] {"jsonrpc":"2.0","id":1,"result":{"bounds":{"bottom":1385,"left":876,"right":992,"top":1318},"childCount":0,"className":"android.widget.TextView","contentDescription":null,"packageName":"com.amaze.filemanager.debug","resourceName":"com.amaze.filemanager.debug:id/always_button","text":"Always","visib...[truncated]
[Fastbot][2026-04-09 09:20:34.171] <-- END HTTP (519-byte body)
[Fastbot][2026-04-09 09:20:34.188] [Proxy Server] Detected script method: click
[Fastbot][2026-04-09 09:20:34.189] [Proxy Server] Forwarding
[Fastbot][2026-04-09 09:20:34.189] --> POST http://127.0.0.1:9008/jsonrpc/0
[Fastbot][2026-04-09 09:20:34.189] Content-Type: application/json; charset=utf-8
[Fastbot][2026-04-09 09:20:34.189] Content-Length: 73
[Fastbot][2026-04-09 09:20:34.189] 
[Fastbot][2026-04-09 09:20:34.189] {"jsonrpc": "2.0", "id": 1, "method": "click", "params": [934.0, 1351.5]}
[Fastbot][2026-04-09 09:20:34.190] --> END POST (73-byte body)
[Fastbot][2026-04-09 09:20:34.368] <-- 200 OK  http://127.0.0.1:9008/jsonrpc/0 (178ms)
[Fastbot][2026-04-09 09:20:34.369] Content-Type: application/json
[Fastbot][2026-04-09 09:20:34.370] Date: Thu, 9 Apr 2026 09:20:34 GMT
[Fastbot][2026-04-09 09:20:34.371] Connection: keep-alive
[Fastbot][2026-04-09 09:20:34.371] Transfer-Encoding: chunked
[Fastbot][2026-04-09 09:20:34.386] // the top activity is com.amaze.filemanager.ui.activities.texteditor.TextEditorActivity, phone capture activity is com.android.camera.CaptureActivity
[Fastbot][2026-04-09 09:20:34.386]     // Allowing start of Intent { act=android.intent.action.VIEW dat=content://com.amaze.filemanager.debug/storage_root/storage/emulated/0/Documents/mordor/A.txt typ=text/plain cmp=com.amaze.filemanager.debug/com.amaze.filemanager.ui.activities.texteditor.TextEditorActivity } in package com.amaze.filemanager.debug
[Fastbot][2026-04-09 09:20:34.411] 
[Fastbot][2026-04-09 09:20:34.411] {"jsonrpc":"2.0","id":1,"result":true}

[Fastbot][2026-04-09 09:20:34.411] <-- END HTTP (39-byte body)
[Fastbot][2026-04-09 09:20:35.444] // [Script] current activity is com.amaze.filemanager.ui.activities.texteditor.TextEditorActivity
[Fastbot][2026-04-09 09:20:35.444] [Proxy Server] Forwarding
[Fastbot][2026-04-09 09:20:35.445] --> POST http://127.0.0.1:9008/jsonrpc/0
[Fastbot][2026-04-09 09:20:35.446] Content-Type: application/json; charset=utf-8
[Fastbot][2026-04-09 09:20:35.446] Content-Length: 215
[Fastbot][2026-04-09 09:20:35.447] 
[Fastbot][2026-04-09 09:20:35.447] {"jsonrpc": "2.0", "id": 1, "method": "waitForExists", "params": [{"mask": 2097152, "childOrSibling": [], "childOrSiblingSelector": [], "resourceId": "com.amaze.filemanager.debug:id/textEditorMainEditText"}, 20000]}
[Fastbot][2026-04-09 09:20:35.447] --> END POST (215-byte body)
[Fastbot][2026-04-09 09:20:35.462] <-- 200 OK  http://127.0.0.1:9008/jsonrpc/0 (14ms)
[Fastbot][2026-04-09 09:20:35.462] Content-Type: application/json
[Fastbot][2026-04-09 09:20:35.462] Date: Thu, 9 Apr 2026 09:20:35 GMT
[Fastbot][2026-04-09 09:20:35.463] Connection: keep-alive
[Fastbot][2026-04-09 09:20:35.463] Transfer-Encoding: chunked
[Fastbot][2026-04-09 09:20:35.464] 
[Fastbot][2026-04-09 09:20:35.465] {"jsonrpc":"2.0","id":1,"result":true}

[Fastbot][2026-04-09 09:20:35.465] <-- END HTTP (39-byte body)
[Fastbot][2026-04-09 09:20:35.481] [Proxy Server] Forwarding
[Fastbot][2026-04-09 09:20:35.482] --> POST http://127.0.0.1:9008/jsonrpc/0
[Fastbot][2026-04-09 09:20:35.482] Content-Type: application/json; charset=utf-8
[Fastbot][2026-04-09 09:20:35.482] Content-Length: 202
[Fastbot][2026-04-09 09:20:35.483] 
[Fastbot][2026-04-09 09:20:35.484] {"jsonrpc": "2.0", "id": 1, "method": "getText", "params": [{"mask": 2097152, "childOrSibling": [], "childOrSiblingSelector": [], "resourceId": "com.amaze.filemanager.debug:id/textEditorMainEditText"}]}
[Fastbot][2026-04-09 09:20:35.484] --> END POST (202-byte body)
[Fastbot][2026-04-09 09:20:35.510] <-- 200 OK  http://127.0.0.1:9008/jsonrpc/0 (25ms)
[Fastbot][2026-04-09 09:20:35.510] Content-Type: application/json
[Fastbot][2026-04-09 09:20:35.510] Date: Thu, 9 Apr 2026 09:20:35 GMT
[Fastbot][2026-04-09 09:20:35.510] Connection: keep-alive
[Fastbot][2026-04-09 09:20:35.510] Transfer-Encoding: chunked
[Fastbot][2026-04-09 09:20:35.551] 
[Fastbot][2026-04-09 09:20:35.551] {"jsonrpc":"2.0","id":1,"result":"Sojdwf6ondER4aP_uEdYKaDkxkEmtGHSjZu7v76poeuptwaPc6ol87lcUiQJA1VP6zZrtf"}

[Fastbot][2026-04-09 09:20:35.552] <-- END HTTP (107-byte body)
[Fastbot][2026-04-09 09:20:35.602] [Proxy Server] Detected script method: pressKey
[Fastbot][2026-04-09 09:20:35.602] [Proxy Server] Forwarding
[Fastbot][2026-04-09 09:20:35.603] --> POST http://127.0.0.1:9008/jsonrpc/0
[Fastbot][2026-04-09 09:20:35.603] Content-Type: application/json; charset=utf-8
[Fastbot][2026-04-09 09:20:35.603] Content-Length: 69
[Fastbot][2026-04-09 09:20:35.604] 
[Fastbot][2026-04-09 09:20:35.604] {"jsonrpc": "2.0", "id": 1, "method": "pressKey", "params": ["back"]}
[Fastbot][2026-04-09 09:20:35.604] --> END POST (69-byte body)
[Fastbot][2026-04-09 09:20:36.694] <-- 200 OK  http://127.0.0.1:9008/jsonrpc/0 (1089ms)
[Fastbot][2026-04-09 09:20:36.694] Content-Type: application/json
[Fastbot][2026-04-09 09:20:36.695] Date: Thu, 9 Apr 2026 09:20:36 GMT
[Fastbot][2026-04-09 09:20:36.695] Connection: keep-alive
[Fastbot][2026-04-09 09:20:36.695] Transfer-Encoding: chunked
[Fastbot][2026-04-09 09:20:36.696] 
[Fastbot][2026-04-09 09:20:36.696] {"jsonrpc":"2.0","id":1,"result":true}

[Fastbot][2026-04-09 09:20:36.696] <-- END HTTP (39-byte body)
[Fastbot][2026-04-09 09:20:37.438] --> POST http://127.0.0.1:9008/jsonrpc/0
[Fastbot][2026-04-09 09:20:37.439] Content-Type: application/json; charset=utf-8
[Fastbot][2026-04-09 09:20:37.439] Content-Length: 75
[Fastbot][2026-04-09 09:20:37.439] 
[Fastbot][2026-04-09 09:20:37.440] {"id":1,"jsonrpc":"2.0","method":"dumpWindowHierarchy","params":[false,50]}
[Fastbot][2026-04-09 09:20:37.440] --> END POST (75-byte body)
[Fastbot][2026-04-09 09:20:38.579] <-- 200 OK  http://127.0.0.1:9008/jsonrpc/0 (1138ms)
[Fastbot][2026-04-09 09:20:38.579] Content-Type: application/json
[Fastbot][2026-04-09 09:20:38.579] Date: Thu, 9 Apr 2026 09:20:38 GMT
[Fastbot][2026-04-09 09:20:38.580] Connection: keep-alive
[Fastbot][2026-04-09 09:20:38.580] Transfer-Encoding: chunked
[Fastbot][2026-04-09 09:20:38.582] 
[Fastbot][2026-04-09 09:20:38.583] {"jsonrpc":"2.0","id":1,"result":"<?xml version='1.0' encoding='UTF-8' standalone='yes' ?>\r\n<hierarchy rotation=\"0\">\r\n  <node index=\"0\" text=\"\" resource-id=\"\" class=\"android.widget.FrameLayout\" package=\"com.amaze.filemanager.debug\" content-desc=\"\" checkable=\"false\" checked=\"fals...[truncated]
[Fastbot][2026-04-09 09:20:38.584] <-- END HTTP (81769-byte body)
[Fastbot][2026-04-09 09:20:38.656] // [Script] current activity is com.amaze.filemanager.ui.activities.MainActivity
[Fastbot][2026-04-09 09:20:38.656] [Proxy Server] Detected script method: click
[Fastbot][2026-04-09 09:20:38.656] [Proxy Server] Forwarding
[Fastbot][2026-04-09 09:20:38.656] --> POST http://127.0.0.1:9008/jsonrpc/0
[Fastbot][2026-04-09 09:20:38.656] Content-Type: application/json; charset=utf-8
[Fastbot][2026-04-09 09:20:38.657] Content-Length: 67
[Fastbot][2026-04-09 09:20:38.657] 
[Fastbot][2026-04-09 09:20:38.657] {"jsonrpc": "2.0", "id": 1, "method": "click", "params": [79, 154]}
[Fastbot][2026-04-09 09:20:38.658] --> END POST (67-byte body)
[Fastbot][2026-04-09 09:20:38.828] <-- 200 OK  http://127.0.0.1:9008/jsonrpc/0 (169ms)
[Fastbot][2026-04-09 09:20:38.828] Content-Type: application/json
[Fastbot][2026-04-09 09:20:38.828] Date: Thu, 9 Apr 2026 09:20:38 GMT
[Fastbot][2026-04-09 09:20:38.828] Connection: keep-alive
[Fastbot][2026-04-09 09:20:38.828] Transfer-Encoding: chunked
[Fastbot][2026-04-09 09:20:38.828] 
[Fastbot][2026-04-09 09:20:38.828] {"jsonrpc":"2.0","id":1,"result":true}

[Fastbot][2026-04-09 09:20:38.828] <-- END HTTP (39-byte body)
[Fastbot][2026-04-09 09:20:39.389] [Proxy Server] Forwarding
[Fastbot][2026-04-09 09:20:39.389] --> POST http://127.0.0.1:9008/jsonrpc/0
[Fastbot][2026-04-09 09:20:39.392] Content-Type: application/json; charset=utf-8
[Fastbot][2026-04-09 09:20:39.392] Content-Length: 238
[Fastbot][2026-04-09 09:20:39.392] 
[Fastbot][2026-04-09 09:20:39.392] {"jsonrpc": "2.0", "id": 1, "method": "waitForExists", "params": [{"mask": 2097153, "childOrSibling": [], "childOrSiblingSelector": [], "resourceId": "com.amaze.filemanager.debug:id/design_menu_item_text", "text": "Recent files"}, 20000]}
[Fastbot][2026-04-09 09:20:39.393] --> END POST (238-byte body)
[Fastbot][2026-04-09 09:20:39.821] <-- 200 OK  http://127.0.0.1:9008/jsonrpc/0 (427ms)
[Fastbot][2026-04-09 09:20:39.821] Content-Type: application/json
[Fastbot][2026-04-09 09:20:39.821] Date: Thu, 9 Apr 2026 09:20:39 GMT
[Fastbot][2026-04-09 09:20:39.822] Connection: keep-alive
[Fastbot][2026-04-09 09:20:39.822] Transfer-Encoding: chunked
[Fastbot][2026-04-09 09:20:39.823] 
[Fastbot][2026-04-09 09:20:39.824] {"jsonrpc":"2.0","id":1,"result":true}

[Fastbot][2026-04-09 09:20:39.824] <-- END HTTP (39-byte body)
[Fastbot][2026-04-09 09:20:39.857] [Proxy Server] Forwarding
[Fastbot][2026-04-09 09:20:39.858] --> POST http://127.0.0.1:9008/jsonrpc/0
[Fastbot][2026-04-09 09:20:39.860] Content-Type: application/json; charset=utf-8
[Fastbot][2026-04-09 09:20:39.860] Content-Length: 225
[Fastbot][2026-04-09 09:20:39.861] 
[Fastbot][2026-04-09 09:20:39.863] {"jsonrpc": "2.0", "id": 1, "method": "objInfo", "params": [{"mask": 2097153, "childOrSibling": [], "childOrSiblingSelector": [], "resourceId": "com.amaze.filemanager.debug:id/design_menu_item_text", "text": "Recent files"}]}
[Fastbot][2026-04-09 09:20:39.863] --> END POST (225-byte body)
[Fastbot][2026-04-09 09:20:40.749] <-- 200 OK  http://127.0.0.1:9008/jsonrpc/0 (884ms)
[Fastbot][2026-04-09 09:20:40.749] Content-Type: application/json
[Fastbot][2026-04-09 09:20:40.750] Date: Thu, 9 Apr 2026 09:20:40 GMT
[Fastbot][2026-04-09 09:20:40.750] Connection: keep-alive
[Fastbot][2026-04-09 09:20:40.750] Transfer-Encoding: chunked
[Fastbot][2026-04-09 09:20:40.751] 
[Fastbot][2026-04-09 09:20:40.752] {"jsonrpc":"2.0","id":1,"result":{"bounds":{"bottom":1796,"left":44,"right":792,"top":1664},"childCount":0,"className":"android.widget.CheckedTextView","contentDescription":null,"packageName":"com.amaze.filemanager.debug","resourceName":"com.amaze.filemanager.debug:id/design_menu_item_text","text":"...[truncated]
[Fastbot][2026-04-09 09:20:40.752] <-- END HTTP (539-byte body)
[Fastbot][2026-04-09 09:20:40.790] [Proxy Server] Detected script method: click
[Fastbot][2026-04-09 09:20:40.791] [Proxy Server] Forwarding
[Fastbot][2026-04-09 09:20:40.791] --> POST http://127.0.0.1:9008/jsonrpc/0
[Fastbot][2026-04-09 09:20:40.792] Content-Type: application/json; charset=utf-8
[Fastbot][2026-04-09 09:20:40.792] Content-Length: 73
[Fastbot][2026-04-09 09:20:40.793] 
[Fastbot][2026-04-09 09:20:40.794] {"jsonrpc": "2.0", "id": 1, "method": "click", "params": [418.0, 1730.0]}
[Fastbot][2026-04-09 09:20:40.794] --> END POST (73-byte body)
[Fastbot][2026-04-09 09:20:40.989] <-- 200 OK  http://127.0.0.1:9008/jsonrpc/0 (194ms)
[Fastbot][2026-04-09 09:20:40.989] Content-Type: application/json
[Fastbot][2026-04-09 09:20:40.989] Date: Thu, 9 Apr 2026 09:20:40 GMT
[Fastbot][2026-04-09 09:20:40.989] Connection: keep-alive
[Fastbot][2026-04-09 09:20:40.989] Transfer-Encoding: chunked
[Fastbot][2026-04-09 09:20:40.989] 
[Fastbot][2026-04-09 09:20:40.990] {"jsonrpc":"2.0","id":1,"result":true}

[Fastbot][2026-04-09 09:20:40.990] <-- END HTTP (39-byte body)
[Fastbot][2026-04-09 09:20:41.548] [Proxy Server] Forwarding
[Fastbot][2026-04-09 09:20:41.549] --> POST http://127.0.0.1:9008/jsonrpc/0
[Fastbot][2026-04-09 09:20:41.549] Content-Type: application/json; charset=utf-8
[Fastbot][2026-04-09 09:20:41.549] Content-Length: 83
[Fastbot][2026-04-09 09:20:41.551] 
[Fastbot][2026-04-09 09:20:41.551] {"jsonrpc": "2.0", "id": 1, "method": "dumpWindowHierarchy", "params": [false, 50]}
[Fastbot][2026-04-09 09:20:41.551] --> END POST (83-byte body)
[Fastbot][2026-04-09 09:20:42.487] <-- 200 OK  http://127.0.0.1:9008/jsonrpc/0 (934ms)
[Fastbot][2026-04-09 09:20:42.487] Content-Type: application/json
[Fastbot][2026-04-09 09:20:42.487] Date: Thu, 9 Apr 2026 09:20:42 GMT
[Fastbot][2026-04-09 09:20:42.487] Connection: keep-alive
[Fastbot][2026-04-09 09:20:42.488] Transfer-Encoding: chunked
[Fastbot][2026-04-09 09:20:42.493] 
[Fastbot][2026-04-09 09:20:42.493] {"jsonrpc":"2.0","id":1,"result":"<?xml version='1.0' encoding='UTF-8' standalone='yes' ?>\r\n<hierarchy rotation=\"0\">\r\n  <node index=\"0\" text=\"\" resource-id=\"\" class=\"android.widget.FrameLayout\" package=\"com.amaze.filemanager.debug\" content-desc=\"\" checkable=\"false\" checked=\"fals...[truncated]
[Fastbot][2026-04-09 09:20:42.493] <-- END HTTP (83340-byte body)
[Fastbot][2026-04-09 09:20:42.514] [Proxy Server] Detected script method: pressKey
[Fastbot][2026-04-09 09:20:42.515] [Proxy Server] Forwarding
[Fastbot][2026-04-09 09:20:42.516] --> POST http://127.0.0.1:9008/jsonrpc/0
[Fastbot][2026-04-09 09:20:42.516] Content-Type: application/json; charset=utf-8
[Fastbot][2026-04-09 09:20:42.516] Content-Length: 69
[Fastbot][2026-04-09 09:20:42.516] 
[Fastbot][2026-04-09 09:20:42.516] {"jsonrpc": "2.0", "id": 1, "method": "pressKey", "params": ["back"]}
[Fastbot][2026-04-09 09:20:42.517] --> END POST (69-byte body)
[Fastbot][2026-04-09 09:20:42.562] <-- 200 OK  http://127.0.0.1:9008/jsonrpc/0 (45ms)
[Fastbot][2026-04-09 09:20:42.563] Content-Type: application/json
[Fastbot][2026-04-09 09:20:42.563] Date: Thu, 9 Apr 2026 09:20:42 GMT
[Fastbot][2026-04-09 09:20:42.563] Connection: keep-alive
[Fastbot][2026-04-09 09:20:42.563] Transfer-Encoding: chunked
[Fastbot][2026-04-09 09:20:42.611] 
[Fastbot][2026-04-09 09:20:42.611] {"jsonrpc":"2.0","id":1,"result":true}

[Fastbot][2026-04-09 09:20:42.611] <-- END HTTP (39-byte body)
[Fastbot][2026-04-09 09:20:42.916] --> POST http://127.0.0.1:9008/jsonrpc/0
[Fastbot][2026-04-09 09:20:42.916] Content-Type: application/json; charset=utf-8
[Fastbot][2026-04-09 09:20:42.916] Content-Length: 75
[Fastbot][2026-04-09 09:20:42.917] 
[Fastbot][2026-04-09 09:20:42.917] {"id":1,"jsonrpc":"2.0","method":"dumpWindowHierarchy","params":[false,50]}
[Fastbot][2026-04-09 09:20:42.918] --> END POST (75-byte body)
[Fastbot][2026-04-09 09:20:43.538] <-- 200 OK  http://127.0.0.1:9008/jsonrpc/0 (618ms)
[Fastbot][2026-04-09 09:20:43.539] Content-Type: application/json
[Fastbot][2026-04-09 09:20:43.539] Date: Thu, 9 Apr 2026 09:20:43 GMT
[Fastbot][2026-04-09 09:20:43.539] Connection: keep-alive
[Fastbot][2026-04-09 09:20:43.539] Transfer-Encoding: chunked
[Fastbot][2026-04-09 09:20:43.541] 
[Fastbot][2026-04-09 09:20:43.541] {"jsonrpc":"2.0","id":1,"result":"<?xml version='1.0' encoding='UTF-8' standalone='yes' ?>\r\n<hierarchy rotation=\"0\">\r\n  <node index=\"0\" text=\"\" resource-id=\"\" class=\"android.widget.FrameLayout\" package=\"com.amaze.filemanager.debug\" content-desc=\"\" checkable=\"false\" checked=\"fals...[truncated]
[Fastbot][2026-04-09 09:20:43.541] <-- END HTTP (81782-byte body)
[Fastbot][2026-04-09 09:20:43.583] [ProxyServer] stepsCount: 3
[Fastbot][2026-04-09 09:20:43.583] [ProxyServer] receive request: stepMonkey
[Fastbot][2026-04-09 09:20:43.583] [MonkeySourceApeU2] stepsCount: 3
[Fastbot][2026-04-09 09:20:43.583] [MonkeySourceApeU2] Latest event is MonkeyEvent. Use the cached hierarchy.
[Fastbot][2026-04-09 09:20:43.584] [MonkeySourceApeU2] Successfully Got hierarchy
[Fastbot][2026-04-09 09:20:43.591] // Event id: 29
[Fastbot][2026-04-09 09:20:43.591] topActivity Name: ComponentInfo{com.amaze.filemanager.debug/com.amaze.filemanager.ui.activities.MainActivity}
[Fastbot][2026-04-09 09:20:43.592] // Dumped stringOfGuiTree
[Fastbot][2026-04-09 09:20:43.592] topActivityName: com.amaze.filemanager.ui.activities.MainActivity
[Fastbot][2026-04-09 09:20:43.601] action type: CLICK
[Fastbot][2026-04-09 09:20:43.602] rpc cost time: 11
[Fastbot][2026-04-09 09:20:43.612]   mshowrequested=false mshowexplicitlyrequested=false mshowforced=false minputshown=false
[Fastbot][2026-04-09 09:20:43.612] mInputShown not found, getInputMethodWindowVisibleHeight is used.
java.lang.NullPointerException: Attempt to read from field 'com.android.server.wm.DisplayFrames com.android.server.wm.DisplayContent.mDisplayFrames' on a null object reference
	at android.os.Parcel.createException(Parcel.java:2077)
	at android.os.Parcel.readException(Parcel.java:2039)
	at android.os.Parcel.readException(Parcel.java:1987)
	at com.android.internal.view.IInputMethodManager$Stub$Proxy.getInputMethodWindowVisibleHeight(IInputMethodManager.java:809)
	at android.view.inputmethod.InputMethodManager.getInputMethodWindowVisibleHeight(InputMethodManager.java:2844)
	at com.android.commands.monkey.framework.AndroidDevice.isVirtualKeyboardOpened(AndroidDevice.java:217)
	at com.android.commands.monkey.source.MonkeySourceApeU2.doInput(MonkeySourceApeU2.java:1018)
	at com.android.commands.monkey.source.MonkeySourceApeU2.generateEventsForActionInternal(MonkeySourceApeU2.java:945)
	at com.android.commands.monkey.source.MonkeySourceApeU2.generateEventsForAction(MonkeySourceApeU2.java:907)
	at com.android.commands.monkey.source.MonkeySourceApeU2.generateEvents(MonkeySourceApeU2.java:827)
	at com.android.commands.monkey.source.MonkeySourceApeU2.getNextEvent(MonkeySourceApeU2.java:422)
	at com.android.commands.monkey.Monkey.runMonkeyCycles(Monkey.java:1576)
	at com.android.commands.monkey.Monkey.run(Monkey.java:874)
	at com.android.commands.monkey.Monkey.main(Monkey.java:473)
	at com.android.internal.os.RuntimeInit.nativeFinishInit(Native Method)
	at com.android.internal.os.RuntimeInit.main(RuntimeInit.java:338)
Caused by: android.os.RemoteException: Remote stack trace:
	at com.android.server.wm.WindowManagerService$LocalService.getInputMethodWindowVisibleHeight(WindowManagerService.java:7310)
	at com.android.server.inputmethod.InputMethodManagerService.getInputMethodWindowVisibleHeight(InputMethodManagerService.java:3467)
	at com.android.internal.view.IInputMethodManager$Stub.onTransact(IInputMethodManager.java:413)
	at com.android.server.inputmethod.InputMethodManagerService.onTransact(InputMethodManagerService.java:1592)
	at android.os.Binder.execTransactInternal(Binder.java:1021)

[Fastbot][2026-04-09 09:20:43.614] :Sending rotation degree=0, persist=false
[Fastbot][2026-04-09 09:20:43.622] :Sending Touch (ACTION_DOWN): 0:(1066.0,212.0)
[Fastbot][2026-04-09 09:20:43.625] :Sending Touch (ACTION_UP): 0:(1066.0,212.0)
[Fastbot][2026-04-09 09:20:43.629] Sleeping for 200 milliseconds
[Fastbot][2026-04-09 09:20:43.834] [ProxyServer] Finish monkey step. Dumping hierarchy
[Fastbot][2026-04-09 09:20:43.834] --> POST http://127.0.0.1:9008/jsonrpc/0
[Fastbot][2026-04-09 09:20:43.835] Content-Type: application/json; charset=utf-8
[Fastbot][2026-04-09 09:20:43.835] Content-Length: 75
[Fastbot][2026-04-09 09:20:43.835] 
[Fastbot][2026-04-09 09:20:43.835] {"id":1,"jsonrpc":"2.0","method":"dumpWindowHierarchy","params":[false,50]}
[Fastbot][2026-04-09 09:20:43.835] --> END POST (75-byte body)
[Fastbot][2026-04-09 09:20:43.974] <-- 200 OK  http://127.0.0.1:9008/jsonrpc/0 (139ms)
[Fastbot][2026-04-09 09:20:43.974] Content-Type: application/json
[Fastbot][2026-04-09 09:20:43.974] Date: Thu, 9 Apr 2026 09:20:43 GMT
[Fastbot][2026-04-09 09:20:43.975] Connection: keep-alive
[Fastbot][2026-04-09 09:20:43.975] Transfer-Encoding: chunked
[Fastbot][2026-04-09 09:20:43.977] 
[Fastbot][2026-04-09 09:20:43.977] {"jsonrpc":"2.0","id":1,"result":"<?xml version='1.0' encoding='UTF-8' standalone='yes' ?>\r\n<hierarchy rotation=\"0\">\r\n  <node index=\"0\" text=\"\" resource-id=\"\" class=\"android.widget.FrameLayout\" package=\"com.amaze.filemanager.debug\" content-desc=\"\" checkable=\"false\" checked=\"fals...[truncated]
[Fastbot][2026-04-09 09:20:43.977] <-- END HTTP (21001-byte body)
[Fastbot][2026-04-09 09:20:44.005] [ProxyServer] stepsCount: 4
[Fastbot][2026-04-09 09:20:44.005] [ProxyServer] receive request: stepMonkey
[Fastbot][2026-04-09 09:20:44.005] [MonkeySourceApeU2] stepsCount: 4
[Fastbot][2026-04-09 09:20:44.006] [MonkeySourceApeU2] Latest event is MonkeyEvent. Use the cached hierarchy.
[Fastbot][2026-04-09 09:20:44.006] [MonkeySourceApeU2] Successfully Got hierarchy
[Fastbot][2026-04-09 09:20:44.008] // Event id: 33
[Fastbot][2026-04-09 09:20:44.008] topActivity Name: ComponentInfo{com.amaze.filemanager.debug/com.amaze.filemanager.ui.activities.MainActivity}
[Fastbot][2026-04-09 09:20:44.008] // Dumped stringOfGuiTree
[Fastbot][2026-04-09 09:20:44.008] topActivityName: com.amaze.filemanager.ui.activities.MainActivity
[Fastbot][2026-04-09 09:20:44.009] action type: SCROLL_TOP_DOWN
[Fastbot][2026-04-09 09:20:44.009] rpc cost time: 1
[Fastbot][2026-04-09 09:20:44.011] :Sending rotation degree=0, persist=false
[Fastbot][2026-04-09 09:20:44.019] :Sending Touch (ACTION_DOWN): 0:(755.5,446.0)
[Fastbot][2026-04-09 09:20:44.022] :Sending Touch (ACTION_MOVE): 0:(755.5,446.0)
[Fastbot][2026-04-09 09:20:44.024] Wait Event for 20 milliseconds
[Fastbot][2026-04-09 09:20:44.047] :Sending Touch (ACTION_MOVE): 0:(755.5,616.1)
[Fastbot][2026-04-09 09:20:44.049] Wait Event for 20 milliseconds
[Fastbot][2026-04-09 09:20:44.071] :Sending Touch (ACTION_MOVE): 0:(755.5,786.2)
[Fastbot][2026-04-09 09:20:44.074] Wait Event for 20 milliseconds
[Fastbot][2026-04-09 09:20:44.095] :Sending Touch (ACTION_MOVE): 0:(755.5,956.30005)
[Fastbot][2026-04-09 09:20:44.097] Wait Event for 20 milliseconds
[Fastbot][2026-04-09 09:20:44.132] :Sending Touch (ACTION_MOVE): 0:(755.5,1126.4)
[Fastbot][2026-04-09 09:20:44.134] Wait Event for 20 milliseconds
[Fastbot][2026-04-09 09:20:44.158] :Sending Touch (ACTION_MOVE): 0:(755.5,1296.5)
[Fastbot][2026-04-09 09:20:44.159] Wait Event for 20 milliseconds
[Fastbot][2026-04-09 09:20:44.209] :Sending Touch (ACTION_MOVE): 0:(755.5,1466.6001)
[Fastbot][2026-04-09 09:20:44.212] Wait Event for 20 milliseconds
[Fastbot][2026-04-09 09:20:44.236] :Sending Touch (ACTION_MOVE): 0:(755.5,1636.7)
[Fastbot][2026-04-09 09:20:44.237] Wait Event for 20 milliseconds
[Fastbot][2026-04-09 09:20:44.261] :Sending Touch (ACTION_MOVE): 0:(755.5,1806.8)
[Fastbot][2026-04-09 09:20:44.262] Wait Event for 20 milliseconds
[Fastbot][2026-04-09 09:20:44.285] :Sending Touch (ACTION_MOVE): 0:(755.5,1976.8999)
[Fastbot][2026-04-09 09:20:44.287] Wait Event for 20 milliseconds
[Fastbot][2026-04-09 09:20:44.309] :Sending Touch (ACTION_UP): 0:(755.5,2147.0)
[Fastbot][2026-04-09 09:20:44.312] Sleeping for 253 milliseconds
[Fastbot][2026-04-09 09:20:44.569] [ProxyServer] Finish monkey step. Dumping hierarchy
[Fastbot][2026-04-09 09:20:44.570] --> POST http://127.0.0.1:9008/jsonrpc/0
[Fastbot][2026-04-09 09:20:44.570] Content-Type: application/json; charset=utf-8
[Fastbot][2026-04-09 09:20:44.570] Content-Length: 75
[Fastbot][2026-04-09 09:20:44.570] 
[Fastbot][2026-04-09 09:20:44.570] {"id":1,"jsonrpc":"2.0","method":"dumpWindowHierarchy","params":[false,50]}
[Fastbot][2026-04-09 09:20:44.571] --> END POST (75-byte body)
[Fastbot][2026-04-09 09:20:44.594] <-- 200 OK  http://127.0.0.1:9008/jsonrpc/0 (23ms)
[Fastbot][2026-04-09 09:20:44.594] Content-Type: application/json
[Fastbot][2026-04-09 09:20:44.594] Date: Thu, 9 Apr 2026 09:20:44 GMT
[Fastbot][2026-04-09 09:20:44.594] Connection: keep-alive
[Fastbot][2026-04-09 09:20:44.594] Transfer-Encoding: chunked
[Fastbot][2026-04-09 09:20:44.595] 
[Fastbot][2026-04-09 09:20:44.596] {"jsonrpc":"2.0","id":1,"result":"<?xml version='1.0' encoding='UTF-8' standalone='yes' ?>\r\n<hierarchy rotation=\"0\">\r\n  <node index=\"0\" text=\"\" resource-id=\"\" class=\"android.widget.FrameLayout\" package=\"com.amaze.filemanager.debug\" content-desc=\"\" checkable=\"false\" checked=\"fals...[truncated]
[Fastbot][2026-04-09 09:20:44.596] <-- END HTTP (33754-byte body)
[Fastbot][2026-04-09 09:20:44.615] [ProxyServer] stepsCount: 5
[Fastbot][2026-04-09 09:20:44.615] [ProxyServer] receive request: stepMonkey
[Fastbot][2026-04-09 09:20:44.615] [MonkeySourceApeU2] stepsCount: 5
[Fastbot][2026-04-09 09:20:44.616] [MonkeySourceApeU2] Latest event is MonkeyEvent. Use the cached hierarchy.
[Fastbot][2026-04-09 09:20:44.616] [MonkeySourceApeU2] Successfully Got hierarchy
[Fastbot][2026-04-09 09:20:44.618] // Event id: 57
[Fastbot][2026-04-09 09:20:44.618] topActivity Name: ComponentInfo{com.amaze.filemanager.debug/com.amaze.filemanager.ui.activities.MainActivity}
[Fastbot][2026-04-09 09:20:44.618] // Dumped stringOfGuiTree
[Fastbot][2026-04-09 09:20:44.618] topActivityName: com.amaze.filemanager.ui.activities.MainActivity
[Fastbot][2026-04-09 09:20:44.621] action type: SCROLL_TOP_DOWN
[Fastbot][2026-04-09 09:20:44.621] rpc cost time: 3
[Fastbot][2026-04-09 09:20:44.623] :Sending rotation degree=0, persist=false
[Fastbot][2026-04-09 09:20:44.661] :Sending Touch (ACTION_DOWN): 0:(755.5,446.0)
[Fastbot][2026-04-09 09:20:44.678] :Sending Touch (ACTION_MOVE): 0:(755.5,446.0)
[Fastbot][2026-04-09 09:20:44.679] Wait Event for 20 milliseconds
[Fastbot][2026-04-09 09:20:44.702] :Sending Touch (ACTION_MOVE): 0:(755.5,616.1)
[Fastbot][2026-04-09 09:20:44.704] Wait Event for 20 milliseconds
[Fastbot][2026-04-09 09:20:44.727] :Sending Touch (ACTION_MOVE): 0:(755.5,786.2)
[Fastbot][2026-04-09 09:20:44.728] Wait Event for 20 milliseconds
[Fastbot][2026-04-09 09:20:44.756] :Sending Touch (ACTION_MOVE): 0:(755.5,956.30005)
[Fastbot][2026-04-09 09:20:44.757] Wait Event for 20 milliseconds
[Fastbot][2026-04-09 09:20:44.795] :Sending Touch (ACTION_MOVE): 0:(755.5,1126.4)
[Fastbot][2026-04-09 09:20:44.798] Wait Event for 20 milliseconds
[Fastbot][2026-04-09 09:20:44.820] :Sending Touch (ACTION_MOVE): 0:(755.5,1296.5)
[Fastbot][2026-04-09 09:20:44.821] Wait Event for 20 milliseconds
[Fastbot][2026-04-09 09:20:44.871] :Sending Touch (ACTION_MOVE): 0:(755.5,1466.6001)
[Fastbot][2026-04-09 09:20:44.873] Wait Event for 20 milliseconds
[Fastbot][2026-04-09 09:20:44.896] :Sending Touch (ACTION_MOVE): 0:(755.5,1636.7)
[Fastbot][2026-04-09 09:20:44.900] Wait Event for 20 milliseconds
[Fastbot][2026-04-09 09:20:44.922] :Sending Touch (ACTION_MOVE): 0:(755.5,1806.8)
[Fastbot][2026-04-09 09:20:44.923] Wait Event for 20 milliseconds
[Fastbot][2026-04-09 09:20:44.945] :Sending Touch (ACTION_MOVE): 0:(755.5,1976.8999)
[Fastbot][2026-04-09 09:20:44.947] Wait Event for 20 milliseconds
[Fastbot][2026-04-09 09:20:44.977] :Sending Touch (ACTION_UP): 0:(755.5,2147.0)
[Fastbot][2026-04-09 09:20:44.979] Sleeping for 253 milliseconds
[Fastbot][2026-04-09 09:20:45.234] [ProxyServer] Finish monkey step. Dumping hierarchy
[Fastbot][2026-04-09 09:20:45.234] --> POST http://127.0.0.1:9008/jsonrpc/0
[Fastbot][2026-04-09 09:20:45.234] Content-Type: application/json; charset=utf-8
[Fastbot][2026-04-09 09:20:45.235] Content-Length: 75
[Fastbot][2026-04-09 09:20:45.235] 
[Fastbot][2026-04-09 09:20:45.235] {"id":1,"jsonrpc":"2.0","method":"dumpWindowHierarchy","params":[false,50]}
[Fastbot][2026-04-09 09:20:45.235] --> END POST (75-byte body)
[Fastbot][2026-04-09 09:20:45.422] <-- 200 OK  http://127.0.0.1:9008/jsonrpc/0 (186ms)
[Fastbot][2026-04-09 09:20:45.422] Content-Type: application/json
[Fastbot][2026-04-09 09:20:45.423] Date: Thu, 9 Apr 2026 09:20:45 GMT
[Fastbot][2026-04-09 09:20:45.423] Connection: keep-alive
[Fastbot][2026-04-09 09:20:45.423] Transfer-Encoding: chunked
[Fastbot][2026-04-09 09:20:45.425] 
[Fastbot][2026-04-09 09:20:45.425] {"jsonrpc":"2.0","id":1,"result":"<?xml version='1.0' encoding='UTF-8' standalone='yes' ?>\r\n<hierarchy rotation=\"0\">\r\n  <node index=\"0\" text=\"\" resource-id=\"\" class=\"android.widget.FrameLayout\" package=\"com.amaze.filemanager.debug\" content-desc=\"\" checkable=\"false\" checked=\"fals...[truncated]
[Fastbot][2026-04-09 09:20:45.426] <-- END HTTP (33754-byte body)
[Fastbot][2026-04-09 09:20:45.459] [ProxyServer] stepsCount: 6
[Fastbot][2026-04-09 09:20:45.459] [ProxyServer] receive request: stepMonkey
[Fastbot][2026-04-09 09:20:45.459] [MonkeySourceApeU2] stepsCount: 6
[Fastbot][2026-04-09 09:20:45.459] [MonkeySourceApeU2] Latest event is MonkeyEvent. Use the cached hierarchy.
[Fastbot][2026-04-09 09:20:45.460] [MonkeySourceApeU2] Successfully Got hierarchy
[Fastbot][2026-04-09 09:20:45.463] // Event id: 81
[Fastbot][2026-04-09 09:20:45.463] topActivity Name: ComponentInfo{com.amaze.filemanager.debug/com.amaze.filemanager.ui.activities.MainActivity}
[Fastbot][2026-04-09 09:20:45.463] // Dumped stringOfGuiTree
[Fastbot][2026-04-09 09:20:45.463] topActivityName: com.amaze.filemanager.ui.activities.MainActivity
[Fastbot][2026-04-09 09:20:45.465] action type: SCROLL_BOTTOM_UP
[Fastbot][2026-04-09 09:20:45.465] rpc cost time: 2
[Fastbot][2026-04-09 09:20:45.469] :Sending rotation degree=0, persist=false
[Fastbot][2026-04-09 09:20:45.482] :Sending Touch (ACTION_DOWN): 0:(755.5,446.0)
[Fastbot][2026-04-09 09:20:45.485] :Sending Touch (ACTION_MOVE): 0:(755.5,446.0)
[Fastbot][2026-04-09 09:20:45.487] Wait Event for 20 milliseconds
[Fastbot][2026-04-09 09:20:45.509] :Sending Touch (ACTION_MOVE): 0:(755.5,412.4)
[Fastbot][2026-04-09 09:20:45.545] Wait Event for 20 milliseconds
[Fastbot][2026-04-09 09:20:45.590] :Sending Touch (ACTION_MOVE): 0:(755.5,378.8)
[Fastbot][2026-04-09 09:20:45.593] Wait Event for 20 milliseconds
[Fastbot][2026-04-09 09:20:45.621] :Sending Touch (ACTION_MOVE): 0:(755.5,345.2)
[Fastbot][2026-04-09 09:20:45.624] Wait Event for 20 milliseconds
[Fastbot][2026-04-09 09:20:45.650] :Sending Touch (ACTION_MOVE): 0:(755.5,311.59998)
[Fastbot][2026-04-09 09:20:45.653] Wait Event for 20 milliseconds
[Fastbot][2026-04-09 09:20:45.677] :Sending Touch (ACTION_MOVE): 0:(755.5,278.0)
[Fastbot][2026-04-09 09:20:45.679] Wait Event for 20 milliseconds
[Fastbot][2026-04-09 09:20:45.701] :Sending Touch (ACTION_MOVE): 0:(755.5,244.4)
[Fastbot][2026-04-09 09:20:45.713] Wait Event for 20 milliseconds
[Fastbot][2026-04-09 09:20:45.740] :Sending Touch (ACTION_MOVE): 0:(755.5,210.8)
[Fastbot][2026-04-09 09:20:45.752] Wait Event for 20 milliseconds
[Fastbot][2026-04-09 09:20:45.774] :Sending Touch (ACTION_MOVE): 0:(755.5,177.19998)
[Fastbot][2026-04-09 09:20:45.794] Wait Event for 20 milliseconds
[Fastbot][2026-04-09 09:20:45.818] :Sending Touch (ACTION_MOVE): 0:(755.5,143.6)
[Fastbot][2026-04-09 09:20:45.820] Wait Event for 20 milliseconds
[Fastbot][2026-04-09 09:20:45.842] :Sending Touch (ACTION_UP): 0:(755.5,126.0)
[Fastbot][2026-04-09 09:20:45.844] Sleeping for 240 milliseconds
[Fastbot][2026-04-09 09:20:46.099] [ProxyServer] Finish monkey step. Dumping hierarchy
[Fastbot][2026-04-09 09:20:46.099] --> POST http://127.0.0.1:9008/jsonrpc/0
[Fastbot][2026-04-09 09:20:46.100] Content-Type: application/json; charset=utf-8
[Fastbot][2026-04-09 09:20:46.100] Content-Length: 75
[Fastbot][2026-04-09 09:20:46.100] 
[Fastbot][2026-04-09 09:20:46.100] {"id":1,"jsonrpc":"2.0","method":"dumpWindowHierarchy","params":[false,50]}
[Fastbot][2026-04-09 09:20:46.100] --> END POST (75-byte body)
[Fastbot][2026-04-09 09:20:46.192] <-- 200 OK  http://127.0.0.1:9008/jsonrpc/0 (91ms)
[Fastbot][2026-04-09 09:20:46.192] Content-Type: application/json
[Fastbot][2026-04-09 09:20:46.192] Date: Thu, 9 Apr 2026 09:20:46 GMT
[Fastbot][2026-04-09 09:20:46.192] Connection: keep-alive
[Fastbot][2026-04-09 09:20:46.193] Transfer-Encoding: chunked
[Fastbot][2026-04-09 09:20:46.194] 
[Fastbot][2026-04-09 09:20:46.194] {"jsonrpc":"2.0","id":1,"result":"<?xml version='1.0' encoding='UTF-8' standalone='yes' ?>\r\n<hierarchy rotation=\"0\">\r\n  <node index=\"0\" text=\"\" resource-id=\"\" class=\"android.widget.FrameLayout\" package=\"com.amaze.filemanager.debug\" content-desc=\"\" checkable=\"false\" checked=\"fals...[truncated]
[Fastbot][2026-04-09 09:20:46.194] <-- END HTTP (33754-byte body)
[Fastbot][2026-04-09 09:20:46.266] [ProxyServer] stepsCount: 7
[Fastbot][2026-04-09 09:20:46.266] [ProxyServer] receive request: stepMonkey
[Fastbot][2026-04-09 09:20:46.267] [MonkeySourceApeU2] stepsCount: 7
[Fastbot][2026-04-09 09:20:46.267] [MonkeySourceApeU2] Latest event is MonkeyEvent. Use the cached hierarchy.
[Fastbot][2026-04-09 09:20:46.268] [MonkeySourceApeU2] Successfully Got hierarchy
[Fastbot][2026-04-09 09:20:46.270] // Event id: 105
[Fastbot][2026-04-09 09:20:46.270] topActivity Name: ComponentInfo{com.amaze.filemanager.debug/com.amaze.filemanager.ui.activities.MainActivity}
[Fastbot][2026-04-09 09:20:46.270] // Dumped stringOfGuiTree
[Fastbot][2026-04-09 09:20:46.270] topActivityName: com.amaze.filemanager.ui.activities.MainActivity
[Fastbot][2026-04-09 09:20:46.273] action type: SCROLL_RIGHT_LEFT
[Fastbot][2026-04-09 09:20:46.273] rpc cost time: 3
[Fastbot][2026-04-09 09:20:46.276] :Sending rotation degree=0, persist=false
[Fastbot][2026-04-09 09:20:46.282] :Sending Touch (ACTION_DOWN): 0:(755.5,446.0)
[Fastbot][2026-04-09 09:20:46.283]     //[calendar_time:2026-04-09 09:20:46.283  system_uptime:7164563]
[Fastbot][2026-04-09 09:20:46.284]     // Sending event #100
[Fastbot][2026-04-09 09:20:46.287] :Sending Touch (ACTION_MOVE): 0:(755.5,446.0)
[Fastbot][2026-04-09 09:20:46.289] Wait Event for 20 milliseconds
[Fastbot][2026-04-09 09:20:46.312] :Sending Touch (ACTION_MOVE): 0:(679.95,446.0)
[Fastbot][2026-04-09 09:20:46.314] Wait Event for 20 milliseconds
[Fastbot][2026-04-09 09:20:46.339] :Sending Touch (ACTION_MOVE): 0:(604.4,446.0)
[Fastbot][2026-04-09 09:20:46.341] Wait Event for 20 milliseconds
[Fastbot][2026-04-09 09:20:46.372] :Sending Touch (ACTION_MOVE): 0:(528.85,446.0)
[Fastbot][2026-04-09 09:20:46.373] Wait Event for 20 milliseconds
[Fastbot][2026-04-09 09:20:46.395] :Sending Touch (ACTION_MOVE): 0:(453.3,446.0)
[Fastbot][2026-04-09 09:20:46.396] Wait Event for 20 milliseconds
[Fastbot][2026-04-09 09:20:46.418] :Sending Touch (ACTION_MOVE): 0:(377.75,446.0)
[Fastbot][2026-04-09 09:20:46.420] Wait Event for 20 milliseconds
[Fastbot][2026-04-09 09:20:46.441] :Sending Touch (ACTION_MOVE): 0:(302.19998,446.0)
[Fastbot][2026-04-09 09:20:46.444] Wait Event for 20 milliseconds
[Fastbot][2026-04-09 09:20:46.466] :Sending Touch (ACTION_MOVE): 0:(226.65002,446.0)
[Fastbot][2026-04-09 09:20:46.468] Wait Event for 20 milliseconds
[Fastbot][2026-04-09 09:20:46.492] :Sending Touch (ACTION_MOVE): 0:(151.09998,446.0)
[Fastbot][2026-04-09 09:20:46.494] Wait Event for 20 milliseconds
[Fastbot][2026-04-09 09:20:46.521] :Sending Touch (ACTION_MOVE): 0:(75.54999,446.0)
[Fastbot][2026-04-09 09:20:46.523] Wait Event for 20 milliseconds
[Fastbot][2026-04-09 09:20:46.551] :Sending Touch (ACTION_UP): 0:(0.0,446.0)
[Fastbot][2026-04-09 09:20:46.565] Sleeping for 228 milliseconds
[Fastbot][2026-04-09 09:20:46.802] [ProxyServer] Finish monkey step. Dumping hierarchy
[Fastbot][2026-04-09 09:20:46.802] --> POST http://127.0.0.1:9008/jsonrpc/0
[Fastbot][2026-04-09 09:20:46.802] Content-Type: application/json; charset=utf-8
[Fastbot][2026-04-09 09:20:46.803] Content-Length: 75
[Fastbot][2026-04-09 09:20:46.803] 
[Fastbot][2026-04-09 09:20:46.803] {"id":1,"jsonrpc":"2.0","method":"dumpWindowHierarchy","params":[false,50]}
[Fastbot][2026-04-09 09:20:46.804] --> END POST (75-byte body)
[Fastbot][2026-04-09 09:20:46.927] <-- 200 OK  http://127.0.0.1:9008/jsonrpc/0 (123ms)
[Fastbot][2026-04-09 09:20:46.928] Content-Type: application/json
[Fastbot][2026-04-09 09:20:46.928] Date: Thu, 9 Apr 2026 09:20:46 GMT
[Fastbot][2026-04-09 09:20:46.928] Connection: keep-alive
[Fastbot][2026-04-09 09:20:46.928] Transfer-Encoding: chunked
[Fastbot][2026-04-09 09:20:46.928] 
[Fastbot][2026-04-09 09:20:46.929] {"jsonrpc":"2.0","id":1,"result":"<?xml version='1.0' encoding='UTF-8' standalone='yes' ?>\r\n<hierarchy rotation=\"0\">\r\n  <node index=\"0\" text=\"\" resource-id=\"\" class=\"android.widget.FrameLayout\" package=\"com.amaze.filemanager.debug\" content-desc=\"\" checkable=\"false\" checked=\"fals...[truncated]
[Fastbot][2026-04-09 09:20:46.929] <-- END HTTP (33754-byte body)
[Fastbot][2026-04-09 09:20:46.957] [ProxyServer] stepsCount: 8
[Fastbot][2026-04-09 09:20:46.957] [ProxyServer] receive request: stepMonkey
[Fastbot][2026-04-09 09:20:46.957] [MonkeySourceApeU2] stepsCount: 8
[Fastbot][2026-04-09 09:20:46.958] [MonkeySourceApeU2] Latest event is MonkeyEvent. Use the cached hierarchy.
[Fastbot][2026-04-09 09:20:46.958] [MonkeySourceApeU2] Successfully Got hierarchy
[Fastbot][2026-04-09 09:20:46.961] // Event id: 129
[Fastbot][2026-04-09 09:20:46.961] topActivity Name: ComponentInfo{com.amaze.filemanager.debug/com.amaze.filemanager.ui.activities.MainActivity}
[Fastbot][2026-04-09 09:20:46.961] // Dumped stringOfGuiTree
[Fastbot][2026-04-09 09:20:46.961] topActivityName: com.amaze.filemanager.ui.activities.MainActivity
[Fastbot][2026-04-09 09:20:46.962] action type: CLICK
[Fastbot][2026-04-09 09:20:46.962] rpc cost time: 1
[Fastbot]*** WARNING *** checkVirtualKeyboard: Input only once.
[Fastbot][2026-04-09 09:20:46.964] :Sending rotation degree=0, persist=false
[Fastbot][2026-04-09 09:20:46.973] :Sending Touch (ACTION_DOWN): 0:(897.0,134.0)
[Fastbot][2026-04-09 09:20:46.976] :Sending Touch (ACTION_UP): 0:(897.0,134.0)
[Fastbot][2026-04-09 09:20:46.996] Sleeping for 228 milliseconds
[Fastbot][2026-04-09 09:20:47.231] [ProxyServer] Finish monkey step. Dumping hierarchy
[Fastbot][2026-04-09 09:20:47.233] --> POST http://127.0.0.1:9008/jsonrpc/0
[Fastbot][2026-04-09 09:20:47.233] Content-Type: application/json; charset=utf-8
[Fastbot][2026-04-09 09:20:47.233] Content-Length: 75
[Fastbot][2026-04-09 09:20:47.234] 
[Fastbot][2026-04-09 09:20:47.235] {"id":1,"jsonrpc":"2.0","method":"dumpWindowHierarchy","params":[false,50]}
[Fastbot][2026-04-09 09:20:47.236] --> END POST (75-byte body)
[Fastbot][2026-04-09 09:20:47.828] <-- 200 OK  http://127.0.0.1:9008/jsonrpc/0 (592ms)
[Fastbot][2026-04-09 09:20:47.828] Content-Type: application/json
[Fastbot][2026-04-09 09:20:47.829] Date: Thu, 9 Apr 2026 09:20:47 GMT
[Fastbot][2026-04-09 09:20:47.829] Connection: keep-alive
[Fastbot][2026-04-09 09:20:47.829] Transfer-Encoding: chunked
[Fastbot][2026-04-09 09:20:47.830] 
[Fastbot][2026-04-09 09:20:47.830] {"jsonrpc":"2.0","id":1,"result":"<?xml version='1.0' encoding='UTF-8' standalone='yes' ?>\r\n<hierarchy rotation=\"0\">\r\n  <node index=\"0\" text=\"\" resource-id=\"\" class=\"android.widget.FrameLayout\" package=\"com.amaze.filemanager.debug\" content-desc=\"\" checkable=\"false\" checked=\"fals...[truncated]
[Fastbot][2026-04-09 09:20:47.830] <-- END HTTP (26609-byte body)
[Fastbot][2026-04-09 09:20:47.865] [ProxyServer] stepsCount: 9
[Fastbot][2026-04-09 09:20:47.865] [ProxyServer] receive request: stepMonkey
[Fastbot][2026-04-09 09:20:47.865] [MonkeySourceApeU2] stepsCount: 9
[Fastbot][2026-04-09 09:20:47.866] [MonkeySourceApeU2] Latest event is MonkeyEvent. Use the cached hierarchy.
[Fastbot][2026-04-09 09:20:47.866] [MonkeySourceApeU2] Successfully Got hierarchy
[Fastbot][2026-04-09 09:20:47.868] // Event id: 133
[Fastbot][2026-04-09 09:20:47.868] topActivity Name: ComponentInfo{com.amaze.filemanager.debug/com.amaze.filemanager.ui.activities.MainActivity}
[Fastbot][2026-04-09 09:20:47.868] // Dumped stringOfGuiTree
[Fastbot][2026-04-09 09:20:47.869] topActivityName: com.amaze.filemanager.ui.activities.MainActivity
[Fastbot][2026-04-09 09:20:47.873] action type: SCROLL_RIGHT_LEFT
[Fastbot][2026-04-09 09:20:47.873] rpc cost time: 5
[Fastbot][2026-04-09 09:20:47.876] :Sending rotation degree=0, persist=false
[Fastbot][2026-04-09 09:20:47.909] :Sending Touch (ACTION_DOWN): 0:(766.5,248.0)
[Fastbot][2026-04-09 09:20:47.924] :Sending Touch (ACTION_MOVE): 0:(766.5,248.0)
[Fastbot][2026-04-09 09:20:47.925] Wait Event for 20 milliseconds
[Fastbot][2026-04-09 09:20:47.949] :Sending Touch (ACTION_MOVE): 0:(689.85,248.0)
[Fastbot][2026-04-09 09:20:47.952] Wait Event for 20 milliseconds
[Fastbot][2026-04-09 09:20:47.976] :Sending Touch (ACTION_MOVE): 0:(613.2,248.0)
[Fastbot][2026-04-09 09:20:47.978] Wait Event for 20 milliseconds
[Fastbot][2026-04-09 09:20:48.001] :Sending Touch (ACTION_MOVE): 0:(536.55,248.0)
[Fastbot][2026-04-09 09:20:48.004] Wait Event for 20 milliseconds
[Fastbot][2026-04-09 09:20:48.027] :Sending Touch (ACTION_MOVE): 0:(459.9,248.0)
[Fastbot][2026-04-09 09:20:48.030] Wait Event for 20 milliseconds
[Fastbot][2026-04-09 09:20:48.053] :Sending Touch (ACTION_MOVE): 0:(383.25,248.0)
[Fastbot][2026-04-09 09:20:48.054] Wait Event for 20 milliseconds
[Fastbot][2026-04-09 09:20:48.076] :Sending Touch (ACTION_MOVE): 0:(306.59998,248.0)
[Fastbot][2026-04-09 09:20:48.078] Wait Event for 20 milliseconds
[Fastbot][2026-04-09 09:20:48.187] :Sending Touch (ACTION_MOVE): 0:(229.95001,248.0)
[Fastbot][2026-04-09 09:20:48.190] Wait Event for 20 milliseconds
[Fastbot][2026-04-09 09:20:48.213] :Sending Touch (ACTION_MOVE): 0:(153.29999,248.0)
[Fastbot][2026-04-09 09:20:48.215] Wait Event for 20 milliseconds
[Fastbot][2026-04-09 09:20:48.250] :Sending Touch (ACTION_MOVE): 0:(76.650024,248.0)
[Fastbot][2026-04-09 09:20:48.252] Wait Event for 20 milliseconds
[Fastbot][2026-04-09 09:20:48.274] :Sending Touch (ACTION_UP): 0:(0.0,248.0)
[Fastbot][2026-04-09 09:20:48.276] Sleeping for 232 milliseconds
[Fastbot][2026-04-09 09:20:48.510] [ProxyServer] Finish monkey step. Dumping hierarchy
[Fastbot][2026-04-09 09:20:48.511] --> POST http://127.0.0.1:9008/jsonrpc/0
[Fastbot][2026-04-09 09:20:48.511] Content-Type: application/json; charset=utf-8
[Fastbot][2026-04-09 09:20:48.511] Content-Length: 75
[Fastbot][2026-04-09 09:20:48.511] 
[Fastbot][2026-04-09 09:20:48.511] {"id":1,"jsonrpc":"2.0","method":"dumpWindowHierarchy","params":[false,50]}
[Fastbot][2026-04-09 09:20:48.511] --> END POST (75-byte body)
[Fastbot][2026-04-09 09:20:48.570] <-- 200 OK  http://127.0.0.1:9008/jsonrpc/0 (58ms)
[Fastbot][2026-04-09 09:20:48.571] Content-Type: application/json
[Fastbot][2026-04-09 09:20:48.571] Date: Thu, 9 Apr 2026 09:20:48 GMT
[Fastbot][2026-04-09 09:20:48.571] Connection: keep-alive
[Fastbot][2026-04-09 09:20:48.571] Transfer-Encoding: chunked
[Fastbot][2026-04-09 09:20:48.573] 
[Fastbot][2026-04-09 09:20:48.573] {"jsonrpc":"2.0","id":1,"result":"<?xml version='1.0' encoding='UTF-8' standalone='yes' ?>\r\n<hierarchy rotation=\"0\">\r\n  <node index=\"0\" text=\"\" resource-id=\"\" class=\"android.widget.FrameLayout\" package=\"com.amaze.filemanager.debug\" content-desc=\"\" checkable=\"false\" checked=\"fals...[truncated]
[Fastbot][2026-04-09 09:20:48.573] <-- END HTTP (26609-byte body)
[Fastbot][2026-04-09 09:20:48.605] [ProxyServer] stepsCount: 10
[Fastbot][2026-04-09 09:20:48.606] [ProxyServer] receive request: stepMonkey
[Fastbot][2026-04-09 09:20:48.606] [MonkeySourceApeU2] stepsCount: 10
[Fastbot][2026-04-09 09:20:48.606] [MonkeySourceApeU2] Latest event is MonkeyEvent. Use the cached hierarchy.
[Fastbot][2026-04-09 09:20:48.607] [MonkeySourceApeU2] Successfully Got hierarchy
[Fastbot][2026-04-09 09:20:48.608] // Event id: 157
[Fastbot][2026-04-09 09:20:48.608] topActivity Name: ComponentInfo{com.amaze.filemanager.debug/com.amaze.filemanager.ui.activities.MainActivity}
[Fastbot][2026-04-09 09:20:48.608] // Dumped stringOfGuiTree
[Fastbot][2026-04-09 09:20:48.609] topActivityName: com.amaze.filemanager.ui.activities.MainActivity
[Fastbot][2026-04-09 09:20:48.611] action type: SCROLL_TOP_DOWN
[Fastbot][2026-04-09 09:20:48.611] rpc cost time: 3
[Fastbot][2026-04-09 09:20:48.613] :Sending rotation degree=0, persist=false
[Fastbot][2026-04-09 09:20:48.620] :Sending Touch (ACTION_DOWN): 0:(766.5,248.0)
[Fastbot][2026-04-09 09:20:48.623] :Sending Touch (ACTION_MOVE): 0:(766.5,248.0)
[Fastbot][2026-04-09 09:20:48.624] Wait Event for 20 milliseconds
[Fastbot][2026-04-09 09:20:48.646] :Sending Touch (ACTION_MOVE): 0:(766.5,437.90002)
[Fastbot][2026-04-09 09:20:48.653] Wait Event for 20 milliseconds
[Fastbot][2026-04-09 09:20:48.677] :Sending Touch (ACTION_MOVE): 0:(766.5,627.80005)
[Fastbot][2026-04-09 09:20:48.679] Wait Event for 20 milliseconds
[Fastbot][2026-04-09 09:20:48.700] :Sending Touch (ACTION_MOVE): 0:(766.5,817.7)
[Fastbot][2026-04-09 09:20:48.702] Wait Event for 20 milliseconds
[Fastbot][2026-04-09 09:20:48.723] :Sending Touch (ACTION_MOVE): 0:(766.5,1007.60004)
[Fastbot][2026-04-09 09:20:48.725] Wait Event for 20 milliseconds
[Fastbot][2026-04-09 09:20:48.747] :Sending Touch (ACTION_MOVE): 0:(766.5,1197.5)
[Fastbot][2026-04-09 09:20:48.748] Wait Event for 20 milliseconds
[Fastbot][2026-04-09 09:20:48.770] :Sending Touch (ACTION_MOVE): 0:(766.5,1387.4)
[Fastbot][2026-04-09 09:20:48.772] Wait Event for 20 milliseconds
[Fastbot][2026-04-09 09:20:48.794] :Sending Touch (ACTION_MOVE): 0:(766.5,1577.2999)
[Fastbot][2026-04-09 09:20:48.796] Wait Event for 20 milliseconds
[Fastbot][2026-04-09 09:20:48.818] :Sending Touch (ACTION_MOVE): 0:(766.5,1767.2001)
[Fastbot][2026-04-09 09:20:48.821] Wait Event for 20 milliseconds
[Fastbot][2026-04-09 09:20:48.843] :Sending Touch (ACTION_MOVE): 0:(766.5,1957.1)
[Fastbot][2026-04-09 09:20:48.845] Wait Event for 20 milliseconds
[Fastbot][2026-04-09 09:20:48.867] :Sending Touch (ACTION_UP): 0:(766.5,2147.0)
[Fastbot][2026-04-09 09:20:48.870] Sleeping for 216 milliseconds
[Fastbot][2026-04-09 09:20:49.088] [ProxyServer] Finish monkey step. Dumping hierarchy
[Fastbot][2026-04-09 09:20:49.088] --> POST http://127.0.0.1:9008/jsonrpc/0
[Fastbot][2026-04-09 09:20:49.088] Content-Type: application/json; charset=utf-8
[Fastbot][2026-04-09 09:20:49.088] Content-Length: 75
[Fastbot][2026-04-09 09:20:49.088] 
[Fastbot][2026-04-09 09:20:49.088] {"id":1,"jsonrpc":"2.0","method":"dumpWindowHierarchy","params":[false,50]}
[Fastbot][2026-04-09 09:20:49.089] --> END POST (75-byte body)
[Fastbot][2026-04-09 09:20:49.244] <-- 200 OK  http://127.0.0.1:9008/jsonrpc/0 (154ms)
[Fastbot][2026-04-09 09:20:49.244] Content-Type: application/json
[Fastbot][2026-04-09 09:20:49.244] Date: Thu, 9 Apr 2026 09:20:49 GMT
[Fastbot][2026-04-09 09:20:49.244] Connection: keep-alive
[Fastbot][2026-04-09 09:20:49.244] Transfer-Encoding: chunked
[Fastbot][2026-04-09 09:20:49.247] 
[Fastbot][2026-04-09 09:20:49.247] {"jsonrpc":"2.0","id":1,"result":"<?xml version='1.0' encoding='UTF-8' standalone='yes' ?>\r\n<hierarchy rotation=\"0\">\r\n  <node index=\"0\" text=\"\" resource-id=\"\" class=\"android.widget.FrameLayout\" package=\"com.amaze.filemanager.debug\" content-desc=\"\" checkable=\"false\" checked=\"fals...[truncated]
[Fastbot][2026-04-09 09:20:49.248] <-- END HTTP (26609-byte body)
[Fastbot][2026-04-09 09:20:49.290] [ProxyServer] stepsCount: 11
[Fastbot][2026-04-09 09:20:49.290] [ProxyServer] receive request: stepMonkey
[Fastbot][2026-04-09 09:20:49.290] [MonkeySourceApeU2] stepsCount: 11
[Fastbot][2026-04-09 09:20:49.290] [MonkeySourceApeU2] Latest event is MonkeyEvent. Use the cached hierarchy.
[Fastbot][2026-04-09 09:20:49.291] [MonkeySourceApeU2] Successfully Got hierarchy
[Fastbot][2026-04-09 09:20:49.294] // Event id: 181
[Fastbot][2026-04-09 09:20:49.294] topActivity Name: ComponentInfo{com.amaze.filemanager.debug/com.amaze.filemanager.ui.activities.MainActivity}
[Fastbot][2026-04-09 09:20:49.295] // Dumped stringOfGuiTree
[Fastbot][2026-04-09 09:20:49.295] topActivityName: com.amaze.filemanager.ui.activities.MainActivity
[Fastbot][2026-04-09 09:20:49.299] action type: CLICK
[Fastbot][2026-04-09 09:20:49.299] rpc cost time: 5
[Fastbot]*** WARNING *** checkVirtualKeyboard: Input only once.
[Fastbot][2026-04-09 09:20:49.301] :Sending rotation degree=0, persist=false
[Fastbot][2026-04-09 09:20:49.306] :Sending Touch (ACTION_DOWN): 0:(888.0,126.0)
[Fastbot][2026-04-09 09:20:49.308] :Sending Touch (ACTION_UP): 0:(888.0,126.0)
[Fastbot][2026-04-09 09:20:49.310] Sleeping for 235 milliseconds
[Fastbot][2026-04-09 09:20:49.547] [ProxyServer] Finish monkey step. Dumping hierarchy
[Fastbot][2026-04-09 09:20:49.548] --> POST http://127.0.0.1:9008/jsonrpc/0
[Fastbot][2026-04-09 09:20:49.548] Content-Type: application/json; charset=utf-8
[Fastbot][2026-04-09 09:20:49.548] Content-Length: 75
[Fastbot][2026-04-09 09:20:49.548] 
[Fastbot][2026-04-09 09:20:49.548] {"id":1,"jsonrpc":"2.0","method":"dumpWindowHierarchy","params":[false,50]}
[Fastbot][2026-04-09 09:20:49.549] --> END POST (75-byte body)
[Fastbot][2026-04-09 09:20:49.654] <-- 200 OK  http://127.0.0.1:9008/jsonrpc/0 (105ms)
[Fastbot][2026-04-09 09:20:49.654] Content-Type: application/json
[Fastbot][2026-04-09 09:20:49.654] Date: Thu, 9 Apr 2026 09:20:49 GMT
[Fastbot][2026-04-09 09:20:49.654] Connection: keep-alive
[Fastbot][2026-04-09 09:20:49.654] Transfer-Encoding: chunked
[Fastbot][2026-04-09 09:20:49.655] 
[Fastbot][2026-04-09 09:20:49.657] {"jsonrpc":"2.0","id":1,"result":"<?xml version='1.0' encoding='UTF-8' standalone='yes' ?>\r\n<hierarchy rotation=\"0\">\r\n  <node index=\"0\" text=\"\" resource-id=\"\" class=\"android.widget.FrameLayout\" package=\"com.amaze.filemanager.debug\" content-desc=\"\" checkable=\"false\" checked=\"fals...[truncated]
[Fastbot][2026-04-09 09:20:49.657] <-- END HTTP (26609-byte body)
[Fastbot][2026-04-09 09:20:49.680] [ProxyServer] stepsCount: 12
[Fastbot][2026-04-09 09:20:49.680] [ProxyServer] receive request: stepMonkey
[Fastbot][2026-04-09 09:20:49.681] [MonkeySourceApeU2] stepsCount: 12
[Fastbot][2026-04-09 09:20:49.681] [MonkeySourceApeU2] Latest event is MonkeyEvent. Use the cached hierarchy.
[Fastbot][2026-04-09 09:20:49.681] [MonkeySourceApeU2] Successfully Got hierarchy
[Fastbot][2026-04-09 09:20:49.683] // Event id: 185
[Fastbot][2026-04-09 09:20:49.683] topActivity Name: ComponentInfo{com.amaze.filemanager.debug/com.amaze.filemanager.ui.activities.MainActivity}
[Fastbot][2026-04-09 09:20:49.683] // Dumped stringOfGuiTree
[Fastbot][2026-04-09 09:20:49.683] topActivityName: com.amaze.filemanager.ui.activities.MainActivity
[Fastbot][2026-04-09 09:20:49.684] action type: SCROLL_BOTTOM_UP
[Fastbot][2026-04-09 09:20:49.684] rpc cost time: 1
[Fastbot][2026-04-09 09:20:49.686] :Sending rotation degree=0, persist=false
[Fastbot][2026-04-09 09:20:49.695] :Sending Touch (ACTION_DOWN): 0:(766.5,248.0)
[Fastbot][2026-04-09 09:20:49.697] :Sending Touch (ACTION_MOVE): 0:(766.5,248.0)
[Fastbot][2026-04-09 09:20:49.698] Wait Event for 20 milliseconds
[Fastbot][2026-04-09 09:20:49.720] :Sending Touch (ACTION_MOVE): 0:(766.5,234.2)
[Fastbot][2026-04-09 09:20:49.721] Wait Event for 20 milliseconds
[Fastbot][2026-04-09 09:20:49.744] :Sending Touch (ACTION_MOVE): 0:(766.5,220.4)
[Fastbot][2026-04-09 09:20:49.761] Wait Event for 20 milliseconds
[Fastbot][2026-04-09 09:20:49.808] :Sending Touch (ACTION_MOVE): 0:(766.5,206.6)
[Fastbot][2026-04-09 09:20:49.811] Wait Event for 20 milliseconds
[Fastbot][2026-04-09 09:20:49.834] :Sending Touch (ACTION_MOVE): 0:(766.5,192.8)
[Fastbot][2026-04-09 09:20:49.836] Wait Event for 20 milliseconds
[Fastbot][2026-04-09 09:20:49.858] :Sending Touch (ACTION_MOVE): 0:(766.5,179.0)
[Fastbot][2026-04-09 09:20:49.860] Wait Event for 20 milliseconds
[Fastbot][2026-04-09 09:20:49.883] :Sending Touch (ACTION_MOVE): 0:(766.5,165.2)
[Fastbot][2026-04-09 09:20:49.885] Wait Event for 20 milliseconds
[Fastbot][2026-04-09 09:20:49.907] :Sending Touch (ACTION_MOVE): 0:(766.5,151.4)
[Fastbot][2026-04-09 09:20:49.909] Wait Event for 20 milliseconds
[Fastbot][2026-04-09 09:20:49.931] :Sending Touch (ACTION_MOVE): 0:(766.5,137.6)
[Fastbot][2026-04-09 09:20:49.934] Wait Event for 20 milliseconds
[Fastbot][2026-04-09 09:20:49.974] :Sending Touch (ACTION_MOVE): 0:(766.5,126.0)
[Fastbot][2026-04-09 09:20:49.976] Wait Event for 20 milliseconds
[Fastbot][2026-04-09 09:20:49.999] :Sending Touch (ACTION_UP): 0:(766.5,126.0)
[Fastbot][2026-04-09 09:20:50.013] Sleeping for 235 milliseconds
[Fastbot][2026-04-09 09:20:50.252] [ProxyServer] Finish monkey step. Dumping hierarchy
[Fastbot][2026-04-09 09:20:50.252] --> POST http://127.0.0.1:9008/jsonrpc/0
[Fastbot][2026-04-09 09:20:50.252] Content-Type: application/json; charset=utf-8
[Fastbot][2026-04-09 09:20:50.252] Content-Length: 75
[Fastbot][2026-04-09 09:20:50.252] 
[Fastbot][2026-04-09 09:20:50.252] {"id":1,"jsonrpc":"2.0","method":"dumpWindowHierarchy","params":[false,50]}
[Fastbot][2026-04-09 09:20:50.252] --> END POST (75-byte body)
[Fastbot][2026-04-09 09:20:50.327] <-- 200 OK  http://127.0.0.1:9008/jsonrpc/0 (74ms)
[Fastbot][2026-04-09 09:20:50.327] Content-Type: application/json
[Fastbot][2026-04-09 09:20:50.327] Date: Thu, 9 Apr 2026 09:20:50 GMT
[Fastbot][2026-04-09 09:20:50.327] Connection: keep-alive
[Fastbot][2026-04-09 09:20:50.327] Transfer-Encoding: chunked
[Fastbot][2026-04-09 09:20:50.329] 
[Fastbot][2026-04-09 09:20:50.331] {"jsonrpc":"2.0","id":1,"result":"<?xml version='1.0' encoding='UTF-8' standalone='yes' ?>\r\n<hierarchy rotation=\"0\">\r\n  <node index=\"0\" text=\"\" resource-id=\"\" class=\"android.widget.FrameLayout\" package=\"com.amaze.filemanager.debug\" content-desc=\"\" checkable=\"false\" checked=\"fals...[truncated]
[Fastbot][2026-04-09 09:20:50.332] <-- END HTTP (26609-byte body)
[Fastbot][2026-04-09 09:20:50.361] [ProxyServer] stepsCount: 13
[Fastbot][2026-04-09 09:20:50.362] [ProxyServer] receive request: stepMonkey
[Fastbot][2026-04-09 09:20:50.363] [MonkeySourceApeU2] stepsCount: 13
[Fastbot][2026-04-09 09:20:50.363] [MonkeySourceApeU2] Latest event is MonkeyEvent. Use the cached hierarchy.
[Fastbot][2026-04-09 09:20:50.364] [MonkeySourceApeU2] Successfully Got hierarchy
[Fastbot][2026-04-09 09:20:50.366] // Event id: 209
[Fastbot][2026-04-09 09:20:50.366] topActivity Name: ComponentInfo{com.amaze.filemanager.debug/com.amaze.filemanager.ui.activities.MainActivity}
[Fastbot][2026-04-09 09:20:50.366] // Dumped stringOfGuiTree
[Fastbot][2026-04-09 09:20:50.366] topActivityName: com.amaze.filemanager.ui.activities.MainActivity
[Fastbot][2026-04-09 09:20:50.367] action type: SCROLL_LEFT_RIGHT
[Fastbot][2026-04-09 09:20:50.367] rpc cost time: 1
[Fastbot][2026-04-09 09:20:50.370] :Sending rotation degree=0, persist=false
[Fastbot][2026-04-09 09:20:50.394] :Sending Touch (ACTION_DOWN): 0:(766.5,248.0)
[Fastbot][2026-04-09 09:20:50.397] :Sending Touch (ACTION_MOVE): 0:(766.5,248.0)
[Fastbot][2026-04-09 09:20:50.400] Wait Event for 20 milliseconds
[Fastbot][2026-04-09 09:20:50.422]     //[calendar_time:2026-04-09 09:20:50.422  system_uptime:7168702]
[Fastbot][2026-04-09 09:20:50.422]     // Sending event #200
[Fastbot][2026-04-09 09:20:50.423]     //[calendar_time:2026-04-09 09:20:50.423  system_uptime:7168703]
[Fastbot][2026-04-09 09:20:50.423]     // Sending event #200
[Fastbot][2026-04-09 09:20:50.424] :Sending Touch (ACTION_MOVE): 0:(797.75,248.0)
[Fastbot][2026-04-09 09:20:50.426] Wait Event for 20 milliseconds
[Fastbot][2026-04-09 09:20:50.451] :Sending Touch (ACTION_MOVE): 0:(829.0,248.0)
[Fastbot][2026-04-09 09:20:50.453] Wait Event for 20 milliseconds
[Fastbot][2026-04-09 09:20:50.493] :Sending Touch (ACTION_MOVE): 0:(860.25,248.0)
[Fastbot][2026-04-09 09:20:50.496] Wait Event for 20 milliseconds
[Fastbot][2026-04-09 09:20:50.522] :Sending Touch (ACTION_MOVE): 0:(891.5,248.0)
[Fastbot][2026-04-09 09:20:50.523] Wait Event for 20 milliseconds
[Fastbot][2026-04-09 09:20:50.548] :Sending Touch (ACTION_MOVE): 0:(922.75,248.0)
[Fastbot][2026-04-09 09:20:50.550] Wait Event for 20 milliseconds
[Fastbot][2026-04-09 09:20:50.572] :Sending Touch (ACTION_MOVE): 0:(954.0,248.0)
[Fastbot][2026-04-09 09:20:50.573] Wait Event for 20 milliseconds
[Fastbot][2026-04-09 09:20:50.595] :Sending Touch (ACTION_MOVE): 0:(985.25,248.0)
[Fastbot][2026-04-09 09:20:50.597] Wait Event for 20 milliseconds
[Fastbot][2026-04-09 09:20:50.620] :Sending Touch (ACTION_MOVE): 0:(1016.5,248.0)
[Fastbot][2026-04-09 09:20:50.623] Wait Event for 20 milliseconds
[Fastbot][2026-04-09 09:20:50.646] :Sending Touch (ACTION_MOVE): 0:(1047.75,248.0)
[Fastbot][2026-04-09 09:20:50.648] Wait Event for 20 milliseconds
[Fastbot][2026-04-09 09:20:50.670] :Sending Touch (ACTION_UP): 0:(1079.0,248.0)
[Fastbot][2026-04-09 09:20:50.672] Sleeping for 233 milliseconds
[Fastbot][2026-04-09 09:20:50.907] [ProxyServer] Finish monkey step. Dumping hierarchy
[Fastbot][2026-04-09 09:20:50.909] --> POST http://127.0.0.1:9008/jsonrpc/0
[Fastbot][2026-04-09 09:20:50.910] Content-Type: application/json; charset=utf-8
[Fastbot][2026-04-09 09:20:50.911] Content-Length: 75
[Fastbot][2026-04-09 09:20:50.911] 
[Fastbot][2026-04-09 09:20:50.912] {"id":1,"jsonrpc":"2.0","method":"dumpWindowHierarchy","params":[false,50]}
[Fastbot][2026-04-09 09:20:50.912] --> END POST (75-byte body)
[Fastbot][2026-04-09 09:20:51.510] <-- 200 OK  http://127.0.0.1:9008/jsonrpc/0 (596ms)
[Fastbot][2026-04-09 09:20:51.510] Content-Type: application/json
[Fastbot][2026-04-09 09:20:51.510] Date: Thu, 9 Apr 2026 09:20:51 GMT
[Fastbot][2026-04-09 09:20:51.510] Connection: keep-alive
[Fastbot][2026-04-09 09:20:51.510] Transfer-Encoding: chunked
[Fastbot][2026-04-09 09:20:51.512] 
[Fastbot][2026-04-09 09:20:51.512] {"jsonrpc":"2.0","id":1,"result":"<?xml version='1.0' encoding='UTF-8' standalone='yes' ?>\r\n<hierarchy rotation=\"0\">\r\n  <node index=\"0\" text=\"\" resource-id=\"com.android.systemui:id/navigation_bar_frame\" class=\"android.widget.FrameLayout\" package=\"com.android.systemui\" content-desc=\"...[truncated]
[Fastbot][2026-04-09 09:20:51.512] <-- END HTTP (32141-byte body)
[Fastbot][2026-04-09 09:20:51.536] [ProxyServer] stepsCount: 14
[Fastbot][2026-04-09 09:20:51.536] [ProxyServer] receive request: stepMonkey
[Fastbot][2026-04-09 09:20:51.536] [MonkeySourceApeU2] stepsCount: 14
[Fastbot][2026-04-09 09:20:51.537] [MonkeySourceApeU2] Latest event is MonkeyEvent. Use the cached hierarchy.
[Fastbot][2026-04-09 09:20:51.537] [MonkeySourceApeU2] Successfully Got hierarchy
[Fastbot][2026-04-09 09:20:51.541] // Event id: 233
[Fastbot][2026-04-09 09:20:51.541] topActivity Name: ComponentInfo{com.amaze.filemanager.debug/com.amaze.filemanager.ui.activities.MainActivity}
[Fastbot][2026-04-09 09:20:51.543] // Dumped stringOfGuiTree
[Fastbot][2026-04-09 09:20:51.543] topActivityName: com.amaze.filemanager.ui.activities.MainActivity
[Fastbot][2026-04-09 09:20:51.549] action type: CLICK
[Fastbot][2026-04-09 09:20:51.549] rpc cost time: 6
[Fastbot]*** WARNING *** checkVirtualKeyboard: Input only once.
[Fastbot][2026-04-09 09:20:51.551] :Sending rotation degree=0, persist=false
[Fastbot][2026-04-09 09:20:51.571] :Sending Touch (ACTION_DOWN): 0:(179.0,812.0)
[Fastbot][2026-04-09 09:20:51.573] :Sending Touch (ACTION_UP): 0:(179.0,812.0)
[Fastbot][2026-04-09 09:20:51.574] Sleeping for 233 milliseconds
[Fastbot][2026-04-09 09:20:51.809] [ProxyServer] Finish monkey step. Dumping hierarchy
[Fastbot][2026-04-09 09:20:51.811] --> POST http://127.0.0.1:9008/jsonrpc/0
[Fastbot][2026-04-09 09:20:51.811] Content-Type: application/json; charset=utf-8
[Fastbot][2026-04-09 09:20:51.812] Content-Length: 75
[Fastbot][2026-04-09 09:20:51.840] 
[Fastbot][2026-04-09 09:20:51.840] {"id":1,"jsonrpc":"2.0","method":"dumpWindowHierarchy","params":[false,50]}
[Fastbot][2026-04-09 09:20:51.840] --> END POST (75-byte body)
[Fastbot][2026-04-09 09:20:52.244] <-- 200 OK  http://127.0.0.1:9008/jsonrpc/0 (403ms)
[Fastbot][2026-04-09 09:20:52.245] Content-Type: application/json
[Fastbot][2026-04-09 09:20:52.245] Date: Thu, 9 Apr 2026 09:20:52 GMT
[Fastbot][2026-04-09 09:20:52.246] Connection: keep-alive
[Fastbot][2026-04-09 09:20:52.247] Transfer-Encoding: chunked
[Fastbot][2026-04-09 09:20:52.248] 
[Fastbot][2026-04-09 09:20:52.248] {"jsonrpc":"2.0","id":1,"result":"<?xml version='1.0' encoding='UTF-8' standalone='yes' ?>\r\n<hierarchy rotation=\"0\">\r\n  <node index=\"0\" text=\"\" resource-id=\"com.android.systemui:id/navigation_bar_frame\" class=\"android.widget.FrameLayout\" package=\"com.android.systemui\" content-desc=\"...[truncated]
[Fastbot][2026-04-09 09:20:52.249] <-- END HTTP (33579-byte body)
[Fastbot][2026-04-09 09:20:52.277] [ProxyServer] stepsCount: 15
[Fastbot][2026-04-09 09:20:52.278] [ProxyServer] receive request: stepMonkey
[Fastbot][2026-04-09 09:20:52.299] [MonkeySourceApeU2] stepsCount: 15
[Fastbot][2026-04-09 09:20:52.299] [MonkeySourceApeU2] Latest event is MonkeyEvent. Use the cached hierarchy.
[Fastbot][2026-04-09 09:20:52.300] [MonkeySourceApeU2] Successfully Got hierarchy
[Fastbot][2026-04-09 09:20:52.302] // Event id: 237
[Fastbot][2026-04-09 09:20:52.302] topActivity Name: ComponentInfo{com.amaze.filemanager.debug/com.amaze.filemanager.ui.activities.MainActivity}
[Fastbot][2026-04-09 09:20:52.303] // Dumped stringOfGuiTree
[Fastbot][2026-04-09 09:20:52.303] topActivityName: com.amaze.filemanager.ui.activities.MainActivity
[Fastbot][2026-04-09 09:20:52.305] action type: CLICK
[Fastbot][2026-04-09 09:20:52.305] rpc cost time: 2
[Fastbot]*** WARNING *** checkVirtualKeyboard: Input only once.
[Fastbot][2026-04-09 09:20:52.308] :Sending rotation degree=0, persist=false
[Fastbot][2026-04-09 09:20:52.316] :Sending Touch (ACTION_DOWN): 0:(370.0,1376.0)
[Fastbot][2026-04-09 09:20:52.320] :Sending Touch (ACTION_UP): 0:(370.0,1376.0)
[Fastbot][2026-04-09 09:20:52.323] Sleeping for 213 milliseconds
[Fastbot][2026-04-09 09:20:52.540] [ProxyServer] Finish monkey step. Dumping hierarchy
[Fastbot][2026-04-09 09:20:52.540] --> POST http://127.0.0.1:9008/jsonrpc/0
[Fastbot][2026-04-09 09:20:52.540] Content-Type: application/json; charset=utf-8
[Fastbot][2026-04-09 09:20:52.541] Content-Length: 75
[Fastbot][2026-04-09 09:20:52.541] 
[Fastbot][2026-04-09 09:20:52.541] {"id":1,"jsonrpc":"2.0","method":"dumpWindowHierarchy","params":[false,50]}
[Fastbot][2026-04-09 09:20:52.542] --> END POST (75-byte body)
[Fastbot][2026-04-09 09:20:52.756] <-- 200 OK  http://127.0.0.1:9008/jsonrpc/0 (214ms)
[Fastbot][2026-04-09 09:20:52.756] Content-Type: application/json
[Fastbot][2026-04-09 09:20:52.757] Date: Thu, 9 Apr 2026 09:20:52 GMT
[Fastbot][2026-04-09 09:20:52.757] Connection: keep-alive
[Fastbot][2026-04-09 09:20:52.757] Transfer-Encoding: chunked
[Fastbot][2026-04-09 09:20:52.757] 
[Fastbot][2026-04-09 09:20:52.757] {"jsonrpc":"2.0","id":1,"result":"<?xml version='1.0' encoding='UTF-8' standalone='yes' ?>\r\n<hierarchy rotation=\"0\">\r\n  <node index=\"0\" text=\"\" resource-id=\"com.android.systemui:id/navigation_bar_frame\" class=\"android.widget.FrameLayout\" package=\"com.android.systemui\" content-desc=\"...[truncated]
[Fastbot][2026-04-09 09:20:52.758] <-- END HTTP (32140-byte body)
[Fastbot][2026-04-09 09:20:52.792] [ProxyServer] stepsCount: 16
[Fastbot][2026-04-09 09:20:52.795] [ProxyServer] receive request: stepMonkey
[Fastbot][2026-04-09 09:20:52.798] [MonkeySourceApeU2] stepsCount: 16
[Fastbot][2026-04-09 09:20:52.798] [MonkeySourceApeU2] Latest event is MonkeyEvent. Use the cached hierarchy.
[Fastbot][2026-04-09 09:20:52.799] [MonkeySourceApeU2] Successfully Got hierarchy
[Fastbot][2026-04-09 09:20:52.800] // Event id: 241
[Fastbot][2026-04-09 09:20:52.800] topActivity Name: ComponentInfo{com.amaze.filemanager.debug/com.amaze.filemanager.ui.activities.MainActivity}
[Fastbot][2026-04-09 09:20:52.800] // Dumped stringOfGuiTree
[Fastbot][2026-04-09 09:20:52.800] topActivityName: com.amaze.filemanager.ui.activities.MainActivity
[Fastbot][2026-04-09 09:20:52.802] action type: CLICK
[Fastbot][2026-04-09 09:20:52.802] rpc cost time: 2
[Fastbot]*** WARNING *** checkVirtualKeyboard: Input only once.
[Fastbot][2026-04-09 09:20:52.811] :Sending rotation degree=0, persist=false
[Fastbot][2026-04-09 09:20:52.828] :Sending Touch (ACTION_DOWN): 0:(436.0,1462.0)
[Fastbot][2026-04-09 09:20:52.830] :Sending Touch (ACTION_UP): 0:(436.0,1462.0)
[Fastbot][2026-04-09 09:20:52.832] Sleeping for 272 milliseconds
[Fastbot][2026-04-09 09:20:53.120] [ProxyServer] Finish monkey step. Dumping hierarchy
[Fastbot][2026-04-09 09:20:53.121] --> POST http://127.0.0.1:9008/jsonrpc/0
[Fastbot][2026-04-09 09:20:53.121] Content-Type: application/json; charset=utf-8
[Fastbot][2026-04-09 09:20:53.122] Content-Length: 75
[Fastbot][2026-04-09 09:20:53.122] 
[Fastbot][2026-04-09 09:20:53.123] {"id":1,"jsonrpc":"2.0","method":"dumpWindowHierarchy","params":[false,50]}
[Fastbot][2026-04-09 09:20:53.123] --> END POST (75-byte body)
[Fastbot][2026-04-09 09:20:53.710] <-- 200 OK  http://127.0.0.1:9008/jsonrpc/0 (586ms)
[Fastbot][2026-04-09 09:20:53.710] Content-Type: application/json
[Fastbot][2026-04-09 09:20:53.710] Date: Thu, 9 Apr 2026 09:20:53 GMT
[Fastbot][2026-04-09 09:20:53.710] Connection: keep-alive
[Fastbot][2026-04-09 09:20:53.710] Transfer-Encoding: chunked
[Fastbot][2026-04-09 09:20:53.727] 
[Fastbot][2026-04-09 09:20:53.728] {"jsonrpc":"2.0","id":1,"result":"<?xml version='1.0' encoding='UTF-8' standalone='yes' ?>\r\n<hierarchy rotation=\"0\">\r\n  <node index=\"0\" text=\"\" resource-id=\"\" class=\"android.widget.FrameLayout\" package=\"com.amaze.filemanager.debug\" content-desc=\"\" checkable=\"false\" checked=\"fals...[truncated]
[Fastbot][2026-04-09 09:20:53.729] <-- END HTTP (81777-byte body)
[Fastbot][2026-04-09 09:20:53.751] [ProxyServer] stepsCount: 17
[Fastbot][2026-04-09 09:20:53.752] [ProxyServer] receive request: stepMonkey
[Fastbot][2026-04-09 09:20:53.752] [MonkeySourceApeU2] stepsCount: 17
[Fastbot][2026-04-09 09:20:53.752] [MonkeySourceApeU2] Latest event is MonkeyEvent. Use the cached hierarchy.
[Fastbot][2026-04-09 09:20:53.753] [MonkeySourceApeU2] Successfully Got hierarchy
[Fastbot][2026-04-09 09:20:53.756] // Event id: 245
[Fastbot][2026-04-09 09:20:53.756] topActivity Name: ComponentInfo{com.amaze.filemanager.debug/com.amaze.filemanager.ui.activities.MainActivity}
[Fastbot][2026-04-09 09:20:53.757] // Dumped stringOfGuiTree
[Fastbot][2026-04-09 09:20:53.758] topActivityName: com.amaze.filemanager.ui.activities.MainActivity
[Fastbot][2026-04-09 09:20:53.766] action type: CLICK
[Fastbot][2026-04-09 09:20:53.766] rpc cost time: 10
[Fastbot]*** WARNING *** checkVirtualKeyboard: Input only once.
[Fastbot][2026-04-09 09:20:53.767] :Sending rotation degree=0, persist=false
[Fastbot][2026-04-09 09:20:53.775] :Sending Touch (ACTION_DOWN): 0:(961.0,2067.0)
[Fastbot][2026-04-09 09:20:53.777] :Sending Touch (ACTION_UP): 0:(961.0,2067.0)
[Fastbot][2026-04-09 09:20:53.781] Sleeping for 253 milliseconds
[Fastbot][2026-04-09 09:20:54.042] [ProxyServer] Finish monkey step. Dumping hierarchy
[Fastbot][2026-04-09 09:20:54.043] --> POST http://127.0.0.1:9008/jsonrpc/0
[Fastbot][2026-04-09 09:20:54.046] Content-Type: application/json; charset=utf-8
[Fastbot][2026-04-09 09:20:54.046] Content-Length: 75
[Fastbot][2026-04-09 09:20:54.046] 
[Fastbot][2026-04-09 09:20:54.046] {"id":1,"jsonrpc":"2.0","method":"dumpWindowHierarchy","params":[false,50]}
[Fastbot][2026-04-09 09:20:54.046] --> END POST (75-byte body)
[Fastbot][2026-04-09 09:20:54.264] <-- 200 OK  http://127.0.0.1:9008/jsonrpc/0 (217ms)
[Fastbot][2026-04-09 09:20:54.264] Content-Type: application/json
[Fastbot][2026-04-09 09:20:54.264] Date: Thu, 9 Apr 2026 09:20:54 GMT
[Fastbot][2026-04-09 09:20:54.264] Connection: keep-alive
[Fastbot][2026-04-09 09:20:54.264] Transfer-Encoding: chunked
[Fastbot][2026-04-09 09:20:54.266] 
[Fastbot][2026-04-09 09:20:54.267] {"jsonrpc":"2.0","id":1,"result":"<?xml version='1.0' encoding='UTF-8' standalone='yes' ?>\r\n<hierarchy rotation=\"0\">\r\n  <node index=\"0\" text=\"\" resource-id=\"\" class=\"android.widget.FrameLayout\" package=\"com.amaze.filemanager.debug\" content-desc=\"\" checkable=\"false\" checked=\"fals...[truncated]
[Fastbot][2026-04-09 09:20:54.267] <-- END HTTP (88386-byte body)
[Fastbot][2026-04-09 09:20:54.314] [ProxyServer] stepsCount: 18
[Fastbot][2026-04-09 09:20:54.315] [ProxyServer] receive request: stepMonkey
[Fastbot][2026-04-09 09:20:54.315] [MonkeySourceApeU2] stepsCount: 18
[Fastbot][2026-04-09 09:20:54.315] [MonkeySourceApeU2] Latest event is MonkeyEvent. Use the cached hierarchy.
[Fastbot][2026-04-09 09:20:54.316] [MonkeySourceApeU2] Successfully Got hierarchy
[Fastbot][2026-04-09 09:20:54.319] // Event id: 249
[Fastbot][2026-04-09 09:20:54.319] topActivity Name: ComponentInfo{com.amaze.filemanager.debug/com.amaze.filemanager.ui.activities.MainActivity}
[Fastbot][2026-04-09 09:20:54.320] // Dumped stringOfGuiTree
[Fastbot][2026-04-09 09:20:54.320] topActivityName: com.amaze.filemanager.ui.activities.MainActivity
[Fastbot][2026-04-09 09:20:54.326] action type: CLICK
[Fastbot][2026-04-09 09:20:54.326] rpc cost time: 6
[Fastbot]*** WARNING *** checkVirtualKeyboard: Input only once.
[Fastbot][2026-04-09 09:20:54.330] :Sending rotation degree=0, persist=false
[Fastbot][2026-04-09 09:20:54.336] :Sending Touch (ACTION_DOWN): 0:(332.0,1422.0)
[Fastbot][2026-04-09 09:20:54.338] :Sending Touch (ACTION_UP): 0:(332.0,1422.0)
[Fastbot][2026-04-09 09:20:54.339] Sleeping for 253 milliseconds
[Fastbot][2026-04-09 09:20:54.597] [ProxyServer] Finish monkey step. Dumping hierarchy
[Fastbot][2026-04-09 09:20:54.598] --> POST http://127.0.0.1:9008/jsonrpc/0
[Fastbot][2026-04-09 09:20:54.598] Content-Type: application/json; charset=utf-8
[Fastbot][2026-04-09 09:20:54.598] Content-Length: 75
[Fastbot][2026-04-09 09:20:54.598] 
[Fastbot][2026-04-09 09:20:54.598] {"id":1,"jsonrpc":"2.0","method":"dumpWindowHierarchy","params":[false,50]}
[Fastbot][2026-04-09 09:20:54.598] --> END POST (75-byte body)
[Fastbot][2026-04-09 09:20:54.753] <-- 200 OK  http://127.0.0.1:9008/jsonrpc/0 (154ms)
[Fastbot][2026-04-09 09:20:54.753] Content-Type: application/json
[Fastbot][2026-04-09 09:20:54.753] Date: Thu, 9 Apr 2026 09:20:54 GMT
[Fastbot][2026-04-09 09:20:54.753] Connection: keep-alive
[Fastbot][2026-04-09 09:20:54.753] Transfer-Encoding: chunked
[Fastbot][2026-04-09 09:20:54.756] 
[Fastbot][2026-04-09 09:20:54.756] {"jsonrpc":"2.0","id":1,"result":"<?xml version='1.0' encoding='UTF-8' standalone='yes' ?>\r\n<hierarchy rotation=\"0\">\r\n  <node index=\"0\" text=\"\" resource-id=\"\" class=\"android.widget.FrameLayout\" package=\"com.amaze.filemanager.debug\" content-desc=\"\" checkable=\"false\" checked=\"fals...[truncated]
[Fastbot][2026-04-09 09:20:54.756] <-- END HTTP (81777-byte body)
[Fastbot][2026-04-09 09:20:54.816] [ProxyServer] stepsCount: 19
[Fastbot][2026-04-09 09:20:54.816] [ProxyServer] receive request: stepMonkey
[Fastbot][2026-04-09 09:20:54.817] [MonkeySourceApeU2] stepsCount: 19
[Fastbot][2026-04-09 09:20:54.817] [MonkeySourceApeU2] Latest event is MonkeyEvent. Use the cached hierarchy.
[Fastbot][2026-04-09 09:20:54.818] [MonkeySourceApeU2] Successfully Got hierarchy
[Fastbot][2026-04-09 09:20:54.820] // Event id: 253
[Fastbot][2026-04-09 09:20:54.820] topActivity Name: ComponentInfo{com.amaze.filemanager.debug/com.amaze.filemanager.ui.activities.MainActivity}
[Fastbot][2026-04-09 09:20:54.820] // Dumped stringOfGuiTree
[Fastbot][2026-04-09 09:20:54.820] topActivityName: com.amaze.filemanager.ui.activities.MainActivity
[Fastbot][2026-04-09 09:20:54.824] action type: CLICK
[Fastbot][2026-04-09 09:20:54.824] rpc cost time: 4
[Fastbot]*** WARNING *** checkVirtualKeyboard: Input only once.
[Fastbot][2026-04-09 09:20:54.826] :Sending rotation degree=0, persist=false
[Fastbot][2026-04-09 09:20:54.833] :Sending Touch (ACTION_DOWN): 0:(955.0,701.0)
[Fastbot][2026-04-09 09:20:54.834] :Sending Touch (ACTION_UP): 0:(955.0,701.0)
[Fastbot][2026-04-09 09:20:54.836] Sleeping for 229 milliseconds
[Fastbot][2026-04-09 09:20:55.070] [ProxyServer] Finish monkey step. Dumping hierarchy
[Fastbot][2026-04-09 09:20:55.071] --> POST http://127.0.0.1:9008/jsonrpc/0
[Fastbot][2026-04-09 09:20:55.072] Content-Type: application/json; charset=utf-8
[Fastbot][2026-04-09 09:20:55.072] Content-Length: 75
[Fastbot][2026-04-09 09:20:55.072] 
[Fastbot][2026-04-09 09:20:55.073] {"id":1,"jsonrpc":"2.0","method":"dumpWindowHierarchy","params":[false,50]}
[Fastbot][2026-04-09 09:20:55.073] --> END POST (75-byte body)
[Fastbot][2026-04-09 09:20:55.306] <-- 200 OK  http://127.0.0.1:9008/jsonrpc/0 (232ms)
[Fastbot][2026-04-09 09:20:55.306] Content-Type: application/json
[Fastbot][2026-04-09 09:20:55.306] Date: Thu, 9 Apr 2026 09:20:55 GMT
[Fastbot][2026-04-09 09:20:55.306] Connection: keep-alive
[Fastbot][2026-04-09 09:20:55.306] Transfer-Encoding: chunked
[Fastbot][2026-04-09 09:20:55.307] 
[Fastbot][2026-04-09 09:20:55.307] {"jsonrpc":"2.0","id":1,"result":"<?xml version='1.0' encoding='UTF-8' standalone='yes' ?>\r\n<hierarchy rotation=\"0\">\r\n  <node index=\"0\" text=\"\" resource-id=\"\" class=\"android.widget.FrameLayout\" package=\"com.amaze.filemanager.debug\" content-desc=\"\" checkable=\"false\" checked=\"fals...[truncated]
[Fastbot][2026-04-09 09:20:55.307] <-- END HTTP (21003-byte body)
[Fastbot][2026-04-09 09:20:55.333] [ProxyServer] stepsCount: 20
[Fastbot][2026-04-09 09:20:55.333] [ProxyServer] receive request: stepMonkey
[Fastbot][2026-04-09 09:20:55.333] [MonkeySourceApeU2] stepsCount: 20
[Fastbot][2026-04-09 09:20:55.334] [MonkeySourceApeU2] Latest event is MonkeyEvent. Use the cached hierarchy.
[Fastbot][2026-04-09 09:20:55.334] [MonkeySourceApeU2] Successfully Got hierarchy
[Fastbot][2026-04-09 09:20:55.336] // Event id: 257
[Fastbot][2026-04-09 09:20:55.336] topActivity Name: ComponentInfo{com.amaze.filemanager.debug/com.amaze.filemanager.ui.activities.MainActivity}
[Fastbot][2026-04-09 09:20:55.336] // Dumped stringOfGuiTree
[Fastbot][2026-04-09 09:20:55.336] topActivityName: com.amaze.filemanager.ui.activities.MainActivity
[Fastbot][2026-04-09 09:20:55.338] action type: SCROLL_LEFT_RIGHT
[Fastbot][2026-04-09 09:20:55.338] rpc cost time: 2
[Fastbot][2026-04-09 09:20:55.341] :Sending rotation degree=0, persist=false
[Fastbot][2026-04-09 09:20:55.350] :Sending Touch (ACTION_DOWN): 0:(766.5,1208.0)
[Fastbot][2026-04-09 09:20:55.352] :Sending Touch (ACTION_MOVE): 0:(766.5,1208.0)
[Fastbot][2026-04-09 09:20:55.352] Wait Event for 20 milliseconds
[Fastbot][2026-04-09 09:20:55.375] :Sending Touch (ACTION_MOVE): 0:(797.75,1208.0)
[Fastbot][2026-04-09 09:20:55.376] Wait Event for 20 milliseconds
[Fastbot][2026-04-09 09:20:55.400] :Sending Touch (ACTION_MOVE): 0:(829.0,1208.0)
[Fastbot][2026-04-09 09:20:55.401] Wait Event for 20 milliseconds
[Fastbot][2026-04-09 09:20:55.425] :Sending Touch (ACTION_MOVE): 0:(860.25,1208.0)
[Fastbot][2026-04-09 09:20:55.427] Wait Event for 20 milliseconds
[Fastbot][2026-04-09 09:20:55.450] :Sending Touch (ACTION_MOVE): 0:(891.5,1208.0)
[Fastbot][2026-04-09 09:20:55.451] Wait Event for 20 milliseconds
[Fastbot][2026-04-09 09:20:55.474] :Sending Touch (ACTION_MOVE): 0:(922.75,1208.0)
[Fastbot][2026-04-09 09:20:55.475] Wait Event for 20 milliseconds
[Fastbot][2026-04-09 09:20:55.498] :Sending Touch (ACTION_MOVE): 0:(954.0,1208.0)
[Fastbot][2026-04-09 09:20:55.502] Wait Event for 20 milliseconds
[Fastbot][2026-04-09 09:20:55.523] :Sending Touch (ACTION_MOVE): 0:(985.25,1208.0)
[Fastbot][2026-04-09 09:20:55.525] Wait Event for 20 milliseconds
[Fastbot][2026-04-09 09:20:55.547] :Sending Touch (ACTION_MOVE): 0:(1016.5,1208.0)
[Fastbot][2026-04-09 09:20:55.549] Wait Event for 20 milliseconds
[Fastbot][2026-04-09 09:20:55.573] :Sending Touch (ACTION_MOVE): 0:(1047.75,1208.0)
[Fastbot][2026-04-09 09:20:55.574] Wait Event for 20 milliseconds
[Fastbot][2026-04-09 09:20:55.599] :Sending Touch (ACTION_UP): 0:(1079.0,1208.0)
[Fastbot][2026-04-09 09:20:55.601] Sleeping for 283 milliseconds
[Fastbot][2026-04-09 09:20:55.887] [ProxyServer] Finish monkey step. Dumping hierarchy
[Fastbot][2026-04-09 09:20:55.887] --> POST http://127.0.0.1:9008/jsonrpc/0
[Fastbot][2026-04-09 09:20:55.887] Content-Type: application/json; charset=utf-8
[Fastbot][2026-04-09 09:20:55.888] Content-Length: 75
[Fastbot][2026-04-09 09:20:55.888] 
[Fastbot][2026-04-09 09:20:55.888] {"id":1,"jsonrpc":"2.0","method":"dumpWindowHierarchy","params":[false,50]}
[Fastbot][2026-04-09 09:20:55.888] --> END POST (75-byte body)
[Fastbot][2026-04-09 09:20:55.910] <-- 200 OK  http://127.0.0.1:9008/jsonrpc/0 (22ms)
[Fastbot][2026-04-09 09:20:55.911] Content-Type: application/json
[Fastbot][2026-04-09 09:20:55.911] Date: Thu, 9 Apr 2026 09:20:55 GMT
[Fastbot][2026-04-09 09:20:55.911] Connection: keep-alive
[Fastbot][2026-04-09 09:20:55.911] Transfer-Encoding: chunked
[Fastbot][2026-04-09 09:20:55.912] 
[Fastbot][2026-04-09 09:20:55.913] {"jsonrpc":"2.0","id":1,"result":"<?xml version='1.0' encoding='UTF-8' standalone='yes' ?>\r\n<hierarchy rotation=\"0\">\r\n  <node index=\"0\" text=\"\" resource-id=\"\" class=\"android.widget.FrameLayout\" package=\"com.amaze.filemanager.debug\" content-desc=\"\" checkable=\"false\" checked=\"fals...[truncated]
[Fastbot][2026-04-09 09:20:55.913] <-- END HTTP (36795-byte body)
[Fastbot][2026-04-09 09:20:55.964] [ProxyServer] stepsCount: 21
[Fastbot][2026-04-09 09:20:55.964] [ProxyServer] receive request: stepMonkey
[Fastbot][2026-04-09 09:20:55.965] [MonkeySourceApeU2] stepsCount: 21
[Fastbot][2026-04-09 09:20:55.965] [MonkeySourceApeU2] Latest event is MonkeyEvent. Use the cached hierarchy.
[Fastbot][2026-04-09 09:20:55.966] [MonkeySourceApeU2] Successfully Got hierarchy
[Fastbot][2026-04-09 09:20:55.968] // Event id: 281
[Fastbot][2026-04-09 09:20:55.968] topActivity Name: ComponentInfo{com.amaze.filemanager.debug/com.amaze.filemanager.ui.activities.MainActivity}
[Fastbot][2026-04-09 09:20:55.968] // Dumped stringOfGuiTree
[Fastbot][2026-04-09 09:20:55.968] topActivityName: com.amaze.filemanager.ui.activities.MainActivity
[Fastbot][2026-04-09 09:20:55.970] action type: SCROLL_LEFT_RIGHT
[Fastbot][2026-04-09 09:20:55.971] rpc cost time: 2
[Fastbot][2026-04-09 09:20:55.973] :Sending rotation degree=0, persist=false
[Fastbot][2026-04-09 09:20:55.980] :Sending Touch (ACTION_DOWN): 0:(766.5,1208.0)
[Fastbot][2026-04-09 09:20:55.982] :Sending Touch (ACTION_MOVE): 0:(766.5,1208.0)
[Fastbot][2026-04-09 09:20:55.983] Wait Event for 20 milliseconds
[Fastbot][2026-04-09 09:20:56.012] :Sending Touch (ACTION_MOVE): 0:(797.75,1208.0)
[Fastbot][2026-04-09 09:20:56.014] Wait Event for 20 milliseconds
[Fastbot][2026-04-09 09:20:56.047] :Sending Touch (ACTION_MOVE): 0:(829.0,1208.0)
[Fastbot][2026-04-09 09:20:56.050] Wait Event for 20 milliseconds
[Fastbot][2026-04-09 09:20:56.072] :Sending Touch (ACTION_MOVE): 0:(860.25,1208.0)
[Fastbot][2026-04-09 09:20:56.074] Wait Event for 20 milliseconds
[Fastbot][2026-04-09 09:20:56.098] :Sending Touch (ACTION_MOVE): 0:(891.5,1208.0)
[Fastbot][2026-04-09 09:20:56.100] Wait Event for 20 milliseconds
[Fastbot][2026-04-09 09:20:56.122] :Sending Touch (ACTION_MOVE): 0:(922.75,1208.0)
[Fastbot][2026-04-09 09:20:56.124] Wait Event for 20 milliseconds
[Fastbot][2026-04-09 09:20:56.147] :Sending Touch (ACTION_MOVE): 0:(954.0,1208.0)
[Fastbot][2026-04-09 09:20:56.149] Wait Event for 20 milliseconds
[Fastbot][2026-04-09 09:20:56.172] :Sending Touch (ACTION_MOVE): 0:(985.25,1208.0)
[Fastbot][2026-04-09 09:20:56.173] Wait Event for 20 milliseconds
[Fastbot][2026-04-09 09:20:56.216] :Sending Touch (ACTION_MOVE): 0:(1016.5,1208.0)
[Fastbot][2026-04-09 09:20:56.218] Wait Event for 20 milliseconds
[Fastbot][2026-04-09 09:20:56.248] :Sending Touch (ACTION_MOVE): 0:(1047.75,1208.0)
[Fastbot][2026-04-09 09:20:56.249] Wait Event for 20 milliseconds
[Fastbot][2026-04-09 09:20:56.282] :Sending Touch (ACTION_UP): 0:(1079.0,1208.0)
[Fastbot][2026-04-09 09:20:56.324] Sleeping for 283 milliseconds
[Fastbot][2026-04-09 09:20:56.610] [ProxyServer] Finish monkey step. Dumping hierarchy
[Fastbot][2026-04-09 09:20:56.611] --> POST http://127.0.0.1:9008/jsonrpc/0
[Fastbot][2026-04-09 09:20:56.611] Content-Type: application/json; charset=utf-8
[Fastbot][2026-04-09 09:20:56.612] Content-Length: 75
[Fastbot][2026-04-09 09:20:56.612] 
[Fastbot][2026-04-09 09:20:56.612] {"id":1,"jsonrpc":"2.0","method":"dumpWindowHierarchy","params":[false,50]}
[Fastbot][2026-04-09 09:20:56.613] --> END POST (75-byte body)
[Fastbot][2026-04-09 09:20:56.844] <-- 200 OK  http://127.0.0.1:9008/jsonrpc/0 (230ms)
[Fastbot][2026-04-09 09:20:56.844] Content-Type: application/json
[Fastbot][2026-04-09 09:20:56.845] Date: Thu, 9 Apr 2026 09:20:56 GMT
[Fastbot][2026-04-09 09:20:56.845] Connection: keep-alive
[Fastbot][2026-04-09 09:20:56.845] Transfer-Encoding: chunked
[Fastbot][2026-04-09 09:20:56.847] 
[Fastbot][2026-04-09 09:20:56.847] {"jsonrpc":"2.0","id":1,"result":"<?xml version='1.0' encoding='UTF-8' standalone='yes' ?>\r\n<hierarchy rotation=\"0\">\r\n  <node index=\"0\" text=\"\" resource-id=\"com.android.systemui:id/navigation_bar_frame\" class=\"android.widget.FrameLayout\" package=\"com.android.systemui\" content-desc=\"...[truncated]
[Fastbot][2026-04-09 09:20:56.847] <-- END HTTP (26911-byte body)
[Fastbot][2026-04-09 09:20:56.899] [ProxyServer] stepsCount: 22
[Fastbot][2026-04-09 09:20:56.899] [ProxyServer] receive request: stepMonkey
[Fastbot][2026-04-09 09:20:56.900] [MonkeySourceApeU2] stepsCount: 22
[Fastbot][2026-04-09 09:20:56.900] [MonkeySourceApeU2] Latest event is MonkeyEvent. Use the cached hierarchy.
[Fastbot][2026-04-09 09:20:56.901] [MonkeySourceApeU2] Successfully Got hierarchy
[Fastbot][2026-04-09 09:20:56.902] // Event id: 305
[Fastbot][2026-04-09 09:20:56.902] topActivity Name: ComponentInfo{com.amaze.filemanager.debug/com.amaze.filemanager.ui.activities.MainActivity}
[Fastbot][2026-04-09 09:20:56.903] // Dumped stringOfGuiTree
[Fastbot][2026-04-09 09:20:56.903] topActivityName: com.amaze.filemanager.ui.activities.MainActivity
[Fastbot][2026-04-09 09:20:56.905] action type: CLICK
[Fastbot][2026-04-09 09:20:56.905] rpc cost time: 2
[Fastbot][2026-04-09 09:20:56.905] Input text is Sort By
[Fastbot][2026-04-09 09:20:56.905] MonkeyIMEEvent added Sort By
[Fastbot][2026-04-09 09:20:56.907] :Sending rotation degree=0, persist=false
[Fastbot][2026-04-09 09:20:56.916] :Sending Touch (ACTION_DOWN): 0:(867.0,1167.0)
[Fastbot][2026-04-09 09:20:56.917] :Sending Touch (ACTION_UP): 0:(867.0,1167.0)
[Fastbot][2026-04-09 09:20:57.093]   mshowrequested=true mshowexplicitlyrequested=false mshowforced=false minputshown=false
[Fastbot][2026-04-09 09:20:57.094] mInputShown not found, getInputMethodWindowVisibleHeight is used.
[Fastbot]*** WARNING *** java.lang.NullPointerException: Attempt to read from field 'com.android.server.wm.DisplayFrames com.android.server.wm.DisplayContent.mDisplayFrames' on a null object reference
[Fastbot][2026-04-09 09:20:57.096]     // Injection Failed com.android.commands.monkey.events.base.MonkeyIMEEvent@5f4b385
[Fastbot][2026-04-09 09:20:57.101] Sleeping for 283 milliseconds
[Fastbot][2026-04-09 09:20:57.386] [ProxyServer] Finish monkey step. Dumping hierarchy
[Fastbot][2026-04-09 09:20:57.387] --> POST http://127.0.0.1:9008/jsonrpc/0
[Fastbot][2026-04-09 09:20:57.387] Content-Type: application/json; charset=utf-8
[Fastbot][2026-04-09 09:20:57.387] Content-Length: 75
[Fastbot][2026-04-09 09:20:57.387] 
[Fastbot][2026-04-09 09:20:57.387] {"id":1,"jsonrpc":"2.0","method":"dumpWindowHierarchy","params":[false,50]}
[Fastbot][2026-04-09 09:20:57.388] --> END POST (75-byte body)
[Fastbot][2026-04-09 09:20:57.427] <-- 200 OK  http://127.0.0.1:9008/jsonrpc/0 (39ms)
[Fastbot][2026-04-09 09:20:57.428] Content-Type: application/json
[Fastbot][2026-04-09 09:20:57.428] Date: Thu, 9 Apr 2026 09:20:57 GMT
[Fastbot][2026-04-09 09:20:57.428] Connection: keep-alive
[Fastbot][2026-04-09 09:20:57.429] Transfer-Encoding: chunked
[Fastbot][2026-04-09 09:20:57.430] 
[Fastbot][2026-04-09 09:20:57.430] {"jsonrpc":"2.0","id":1,"result":"<?xml version='1.0' encoding='UTF-8' standalone='yes' ?>\r\n<hierarchy rotation=\"0\">\r\n  <node index=\"0\" text=\"\" resource-id=\"com.android.systemui:id/navigation_bar_frame\" class=\"android.widget.FrameLayout\" package=\"com.android.systemui\" content-desc=\"...[truncated]
[Fastbot][2026-04-09 09:20:57.431] <-- END HTTP (27806-byte body)
[Fastbot][2026-04-09 09:20:57.468] [ProxyServer] stepsCount: 23
[Fastbot][2026-04-09 09:20:57.468] [ProxyServer] receive request: stepMonkey
[Fastbot][2026-04-09 09:20:57.469] [MonkeySourceApeU2] stepsCount: 23
[Fastbot][2026-04-09 09:20:57.469] [MonkeySourceApeU2] Latest event is MonkeyEvent. Use the cached hierarchy.
[Fastbot][2026-04-09 09:20:57.471] [MonkeySourceApeU2] Successfully Got hierarchy
[Fastbot][2026-04-09 09:20:57.473] // Event id: 310
[Fastbot][2026-04-09 09:20:57.473] topActivity Name: ComponentInfo{com.amaze.filemanager.debug/com.amaze.filemanager.ui.activities.MainActivity}
[Fastbot][2026-04-09 09:20:57.473] // Dumped stringOfGuiTree
[Fastbot][2026-04-09 09:20:57.473] topActivityName: com.amaze.filemanager.ui.activities.MainActivity
[Fastbot][2026-04-09 09:20:57.475] action type: CLICK
[Fastbot][2026-04-09 09:20:57.475] rpc cost time: 2
[Fastbot]*** WARNING *** checkVirtualKeyboard: Input only once.
[Fastbot][2026-04-09 09:20:57.505] :Sending rotation degree=0, persist=false
[Fastbot][2026-04-09 09:20:57.511] :Sending Touch (ACTION_DOWN): 0:(791.0,1224.0)
[Fastbot][2026-04-09 09:20:57.514] :Sending Touch (ACTION_UP): 0:(791.0,1224.0)
[Fastbot][2026-04-09 09:20:57.516] Sleeping for 211 milliseconds
[Fastbot][2026-04-09 09:20:57.732] [ProxyServer] Finish monkey step. Dumping hierarchy
[Fastbot][2026-04-09 09:20:57.734] --> POST http://127.0.0.1:9008/jsonrpc/0
[Fastbot][2026-04-09 09:20:57.734] Content-Type: application/json; charset=utf-8
[Fastbot][2026-04-09 09:20:57.735] Content-Length: 75
[Fastbot][2026-04-09 09:20:57.736] 
[Fastbot][2026-04-09 09:20:57.736] {"id":1,"jsonrpc":"2.0","method":"dumpWindowHierarchy","params":[false,50]}
[Fastbot][2026-04-09 09:20:57.737] --> END POST (75-byte body)
[Fastbot][2026-04-09 09:20:59.077] <-- 200 OK  http://127.0.0.1:9008/jsonrpc/0 (1338ms)
[Fastbot][2026-04-09 09:20:59.079] Content-Type: application/json
[Fastbot][2026-04-09 09:20:59.079] Date: Thu, 9 Apr 2026 09:20:59 GMT
[Fastbot][2026-04-09 09:20:59.079] Connection: keep-alive
[Fastbot][2026-04-09 09:20:59.079] Transfer-Encoding: chunked
[Fastbot][2026-04-09 09:20:59.080] 
[Fastbot][2026-04-09 09:20:59.080] {"jsonrpc":"2.0","id":1,"result":"<?xml version='1.0' encoding='UTF-8' standalone='yes' ?>\r\n<hierarchy rotation=\"0\">\r\n  <node index=\"0\" text=\"\" resource-id=\"\" class=\"android.widget.FrameLayout\" package=\"com.amaze.filemanager.debug\" content-desc=\"\" checkable=\"false\" checked=\"fals...[truncated]
[Fastbot][2026-04-09 09:20:59.080] <-- END HTTP (81769-byte body)
[Fastbot][2026-04-09 09:20:59.176] [Proxy Server] Forwarding
[Fastbot][2026-04-09 09:20:59.176] --> POST http://127.0.0.1:9008/jsonrpc/0
[Fastbot][2026-04-09 09:20:59.178] Content-Type: application/json; charset=utf-8
[Fastbot][2026-04-09 09:20:59.179] Content-Length: 217
[Fastbot][2026-04-09 09:20:59.179] 
[Fastbot][2026-04-09 09:20:59.179] {"jsonrpc": "2.0", "id": 1, "method": "waitForExists", "params": [{"mask": 10485760, "childOrSibling": [], "childOrSiblingSelector": [], "resourceId": "com.amaze.filemanager.debug:id/sd_main_fab", "index": 0}, 20000]}
[Fastbot][2026-04-09 09:20:59.179] --> END POST (217-byte body)
[Fastbot][2026-04-09 09:20:59.222] <-- 200 OK  http://127.0.0.1:9008/jsonrpc/0 (41ms)
[Fastbot][2026-04-09 09:20:59.222] Content-Type: application/json
[Fastbot][2026-04-09 09:20:59.222] Date: Thu, 9 Apr 2026 09:20:59 GMT
[Fastbot][2026-04-09 09:20:59.222] Connection: keep-alive
[Fastbot][2026-04-09 09:20:59.223] Transfer-Encoding: chunked
[Fastbot][2026-04-09 09:20:59.224] 
[Fastbot][2026-04-09 09:20:59.224] {"jsonrpc":"2.0","id":1,"result":true}

[Fastbot][2026-04-09 09:20:59.224] <-- END HTTP (39-byte body)
[Fastbot][2026-04-09 09:20:59.258] [Proxy Server] Forwarding
[Fastbot][2026-04-09 09:20:59.259] --> POST http://127.0.0.1:9008/jsonrpc/0
[Fastbot][2026-04-09 09:20:59.260] Content-Type: application/json; charset=utf-8
[Fastbot][2026-04-09 09:20:59.261] Content-Length: 204
[Fastbot][2026-04-09 09:20:59.261] 
[Fastbot][2026-04-09 09:20:59.262] {"jsonrpc": "2.0", "id": 1, "method": "objInfo", "params": [{"mask": 10485760, "childOrSibling": [], "childOrSiblingSelector": [], "resourceId": "com.amaze.filemanager.debug:id/sd_main_fab", "index": 0}]}
[Fastbot][2026-04-09 09:20:59.262] --> END POST (204-byte body)
[Fastbot][2026-04-09 09:20:59.961] <-- 200 OK  http://127.0.0.1:9008/jsonrpc/0 (698ms)
[Fastbot][2026-04-09 09:20:59.961] Content-Type: application/json
[Fastbot][2026-04-09 09:20:59.961] Date: Thu, 9 Apr 2026 09:20:59 GMT
[Fastbot][2026-04-09 09:20:59.961] Connection: keep-alive
[Fastbot][2026-04-09 09:20:59.961] Transfer-Encoding: chunked
[Fastbot][2026-04-09 09:20:59.961] 
[Fastbot][2026-04-09 09:20:59.962] {"jsonrpc":"2.0","id":1,"result":{"bounds":{"bottom":2142,"left":843,"right":1063,"top":1898},"childCount":0,"className":"android.widget.ImageButton","contentDescription":"","packageName":"com.amaze.filemanager.debug","resourceName":null,"text":"","visibleBounds":{"bottom":2142,"left":843,"right":10...[truncated]
[Fastbot][2026-04-09 09:20:59.962] <-- END HTTP (474-byte body)
[Fastbot][2026-04-09 09:21:00.023] [Proxy Server] Detected script method: click
[Fastbot][2026-04-09 09:21:00.023] [Proxy Server] Forwarding
[Fastbot][2026-04-09 09:21:00.024] --> POST http://127.0.0.1:9008/jsonrpc/0
[Fastbot][2026-04-09 09:21:00.024] Content-Type: application/json; charset=utf-8
[Fastbot][2026-04-09 09:21:00.024] Content-Length: 73
[Fastbot][2026-04-09 09:21:00.024] 
[Fastbot][2026-04-09 09:21:00.024] {"jsonrpc": "2.0", "id": 1, "method": "click", "params": [953.0, 2020.0]}
[Fastbot][2026-04-09 09:21:00.025] --> END POST (73-byte body)
[Fastbot][2026-04-09 09:21:00.578] <-- 200 OK  http://127.0.0.1:9008/jsonrpc/0 (552ms)
[Fastbot][2026-04-09 09:21:00.578] Content-Type: application/json
[Fastbot][2026-04-09 09:21:00.578] Date: Thu, 9 Apr 2026 09:21:00 GMT
[Fastbot][2026-04-09 09:21:00.578] Connection: keep-alive
[Fastbot][2026-04-09 09:21:00.578] Transfer-Encoding: chunked
[Fastbot][2026-04-09 09:21:00.579] 
[Fastbot][2026-04-09 09:21:00.579] {"jsonrpc":"2.0","id":1,"result":true}

[Fastbot][2026-04-09 09:21:00.579] <-- END HTTP (39-byte body)
[Fastbot][2026-04-09 09:21:01.122] [Proxy Server] Forwarding
[Fastbot][2026-04-09 09:21:01.123] --> POST http://127.0.0.1:9008/jsonrpc/0
[Fastbot][2026-04-09 09:21:01.123] Content-Type: application/json; charset=utf-8
[Fastbot][2026-04-09 09:21:01.123] Content-Length: 219
[Fastbot][2026-04-09 09:21:01.124] 
[Fastbot][2026-04-09 09:21:01.124] {"jsonrpc": "2.0", "id": 1, "method": "waitForExists", "params": [{"mask": 2097153, "childOrSibling": [], "childOrSiblingSelector": [], "resourceId": "com.amaze.filemanager.debug:id/sd_label", "text": "Folder"}, 20000]}
[Fastbot][2026-04-09 09:21:01.125] --> END POST (219-byte body)
[Fastbot][2026-04-09 09:21:02.069] <-- 200 OK  http://127.0.0.1:9008/jsonrpc/0 (944ms)
[Fastbot][2026-04-09 09:21:02.069] Content-Type: application/json
[Fastbot][2026-04-09 09:21:02.070] Date: Thu, 9 Apr 2026 09:21:02 GMT
[Fastbot][2026-04-09 09:21:02.070] Connection: keep-alive
[Fastbot][2026-04-09 09:21:02.070] Transfer-Encoding: chunked
[Fastbot][2026-04-09 09:21:02.070] 
[Fastbot][2026-04-09 09:21:02.070] {"jsonrpc":"2.0","id":1,"result":true}

[Fastbot][2026-04-09 09:21:02.070] <-- END HTTP (39-byte body)
[Fastbot][2026-04-09 09:21:02.115] [Proxy Server] Forwarding
[Fastbot][2026-04-09 09:21:02.116] --> POST http://127.0.0.1:9008/jsonrpc/0
[Fastbot][2026-04-09 09:21:02.117] Content-Type: application/json; charset=utf-8
[Fastbot][2026-04-09 09:21:02.117] Content-Length: 206
[Fastbot][2026-04-09 09:21:02.117] 
[Fastbot][2026-04-09 09:21:02.118] {"jsonrpc": "2.0", "id": 1, "method": "objInfo", "params": [{"mask": 2097153, "childOrSibling": [], "childOrSiblingSelector": [], "resourceId": "com.amaze.filemanager.debug:id/sd_label", "text": "Folder"}]}
[Fastbot][2026-04-09 09:21:02.118] --> END POST (206-byte body)
[Fastbot][2026-04-09 09:21:02.898] <-- 200 OK  http://127.0.0.1:9008/jsonrpc/0 (779ms)
[Fastbot][2026-04-09 09:21:02.898] Content-Type: application/json
[Fastbot][2026-04-09 09:21:02.898] Date: Thu, 9 Apr 2026 09:21:02 GMT
[Fastbot][2026-04-09 09:21:02.898] Connection: keep-alive
[Fastbot][2026-04-09 09:21:02.898] Transfer-Encoding: chunked
[Fastbot][2026-04-09 09:21:02.899] 
[Fastbot][2026-04-09 09:21:02.899] {"jsonrpc":"2.0","id":1,"result":{"bounds":{"bottom":1552,"left":680,"right":812,"top":1499},"childCount":0,"className":"android.widget.TextView","contentDescription":null,"packageName":"com.amaze.filemanager.debug","resourceName":"com.amaze.filemanager.debug:id/sd_label","text":"Folder","visibleBou...[truncated]
[Fastbot][2026-04-09 09:21:02.899] <-- END HTTP (516-byte body)
[Fastbot][2026-04-09 09:21:02.962] [Proxy Server] Detected script method: click
[Fastbot][2026-04-09 09:21:02.962] [Proxy Server] Forwarding
[Fastbot][2026-04-09 09:21:02.963] --> POST http://127.0.0.1:9008/jsonrpc/0
[Fastbot][2026-04-09 09:21:02.963] Content-Type: application/json; charset=utf-8
[Fastbot][2026-04-09 09:21:02.963] Content-Length: 73
[Fastbot][2026-04-09 09:21:02.963] 
[Fastbot][2026-04-09 09:21:02.963] {"jsonrpc": "2.0", "id": 1, "method": "click", "params": [746.0, 1525.5]}
[Fastbot][2026-04-09 09:21:02.963] --> END POST (73-byte body)
[Fastbot][2026-04-09 09:21:03.162] <-- 200 OK  http://127.0.0.1:9008/jsonrpc/0 (199ms)
[Fastbot][2026-04-09 09:21:03.162] Content-Type: application/json
[Fastbot][2026-04-09 09:21:03.162] Date: Thu, 9 Apr 2026 09:21:03 GMT
[Fastbot][2026-04-09 09:21:03.162] Connection: keep-alive
[Fastbot][2026-04-09 09:21:03.162] Transfer-Encoding: chunked
[Fastbot][2026-04-09 09:21:03.163] 
[Fastbot][2026-04-09 09:21:03.163] {"jsonrpc":"2.0","id":1,"result":true}

[Fastbot][2026-04-09 09:21:03.163] <-- END HTTP (39-byte body)
[Fastbot][2026-04-09 09:21:03.721] [Proxy Server] Forwarding
[Fastbot][2026-04-09 09:21:03.722] --> POST http://127.0.0.1:9008/jsonrpc/0
[Fastbot][2026-04-09 09:21:03.722] Content-Type: application/json; charset=utf-8
[Fastbot][2026-04-09 09:21:03.722] Content-Length: 235
[Fastbot][2026-04-09 09:21:03.722] 
[Fastbot][2026-04-09 09:21:03.722] {"jsonrpc": "2.0", "id": 1, "method": "waitForExists", "params": [{"mask": 2097153, "childOrSibling": [], "childOrSiblingSelector": [], "resourceId": "com.amaze.filemanager.debug:id/singleedittext_input", "text": "Enter Name"}, 20000]}
[Fastbot][2026-04-09 09:21:03.722] --> END POST (235-byte body)
[Fastbot][2026-04-09 09:21:03.824] <-- 200 OK  http://127.0.0.1:9008/jsonrpc/0 (101ms)
[Fastbot][2026-04-09 09:21:03.825] Content-Type: application/json
[Fastbot][2026-04-09 09:21:03.825] Date: Thu, 9 Apr 2026 09:21:03 GMT
[Fastbot][2026-04-09 09:21:03.825] Connection: keep-alive
[Fastbot][2026-04-09 09:21:03.825] Transfer-Encoding: chunked
[Fastbot][2026-04-09 09:21:03.826] 
[Fastbot][2026-04-09 09:21:03.826] {"jsonrpc":"2.0","id":1,"result":true}

[Fastbot][2026-04-09 09:21:03.827] <-- END HTTP (39-byte body)
[Fastbot][2026-04-09 09:21:03.876] [Proxy Server] Detected script method: setText
[Fastbot][2026-04-09 09:21:03.876] [Proxy Server] Forwarding
[Fastbot][2026-04-09 09:21:03.877] --> POST http://127.0.0.1:9008/jsonrpc/0
[Fastbot][2026-04-09 09:21:03.877] Content-Type: application/json; charset=utf-8
[Fastbot][2026-04-09 09:21:03.877] Content-Length: 233
[Fastbot][2026-04-09 09:21:03.878] 
[Fastbot][2026-04-09 09:21:03.878] {"jsonrpc": "2.0", "id": 1, "method": "setText", "params": [{"mask": 2097153, "childOrSibling": [], "childOrSiblingSelector": [], "resourceId": "com.amaze.filemanager.debug:id/singleedittext_input", "text": "Enter Name"}, "test_dO"]}
[Fastbot][2026-04-09 09:21:03.878] --> END POST (233-byte body)
[Fastbot][2026-04-09 09:21:03.981] <-- 200 OK  http://127.0.0.1:9008/jsonrpc/0 (102ms)
[Fastbot][2026-04-09 09:21:03.981] Content-Type: application/json
[Fastbot][2026-04-09 09:21:03.981] Date: Thu, 9 Apr 2026 09:21:03 GMT
[Fastbot][2026-04-09 09:21:03.981] Connection: keep-alive
[Fastbot][2026-04-09 09:21:03.981] Transfer-Encoding: chunked
[Fastbot][2026-04-09 09:21:03.983] 
[Fastbot][2026-04-09 09:21:03.983] {"jsonrpc":"2.0","id":1,"result":true}

[Fastbot][2026-04-09 09:21:03.984] <-- END HTTP (39-byte body)
[Fastbot][2026-04-09 09:21:04.505] [Proxy Server] Forwarding
[Fastbot][2026-04-09 09:21:04.506] --> POST http://127.0.0.1:9008/jsonrpc/0
[Fastbot][2026-04-09 09:21:04.506] Content-Type: application/json; charset=utf-8
[Fastbot][2026-04-09 09:21:04.506] Content-Length: 235
[Fastbot][2026-04-09 09:21:04.506] 
[Fastbot][2026-04-09 09:21:04.507] {"jsonrpc": "2.0", "id": 1, "method": "waitForExists", "params": [{"mask": 2097153, "childOrSibling": [], "childOrSiblingSelector": [], "resourceId": "com.amaze.filemanager.debug:id/md_buttonDefaultPositive", "text": "CREATE"}, 20000]}
[Fastbot][2026-04-09 09:21:04.507] --> END POST (235-byte body)
[Fastbot][2026-04-09 09:21:04.532] <-- 200 OK  http://127.0.0.1:9008/jsonrpc/0 (25ms)
[Fastbot][2026-04-09 09:21:04.533] Content-Type: application/json
[Fastbot][2026-04-09 09:21:04.533] Date: Thu, 9 Apr 2026 09:21:04 GMT
[Fastbot][2026-04-09 09:21:04.533] Connection: keep-alive
[Fastbot][2026-04-09 09:21:04.533] Transfer-Encoding: chunked
[Fastbot][2026-04-09 09:21:04.535] 
[Fastbot][2026-04-09 09:21:04.535] {"jsonrpc":"2.0","id":1,"result":true}

[Fastbot][2026-04-09 09:21:04.535] <-- END HTTP (39-byte body)
[Fastbot][2026-04-09 09:21:04.592] [Proxy Server] Forwarding
[Fastbot][2026-04-09 09:21:04.592] --> POST http://127.0.0.1:9008/jsonrpc/0
[Fastbot][2026-04-09 09:21:04.592] Content-Type: application/json; charset=utf-8
[Fastbot][2026-04-09 09:21:04.594] Content-Length: 222
[Fastbot][2026-04-09 09:21:04.594] 
[Fastbot][2026-04-09 09:21:04.594] {"jsonrpc": "2.0", "id": 1, "method": "objInfo", "params": [{"mask": 2097153, "childOrSibling": [], "childOrSiblingSelector": [], "resourceId": "com.amaze.filemanager.debug:id/md_buttonDefaultPositive", "text": "CREATE"}]}
[Fastbot][2026-04-09 09:21:04.594] --> END POST (222-byte body)
[Fastbot][2026-04-09 09:21:04.623] <-- 200 OK  http://127.0.0.1:9008/jsonrpc/0 (27ms)
[Fastbot][2026-04-09 09:21:04.623] Content-Type: application/json
[Fastbot][2026-04-09 09:21:04.623] Date: Thu, 9 Apr 2026 09:21:04 GMT
[Fastbot][2026-04-09 09:21:04.623] Connection: keep-alive
[Fastbot][2026-04-09 09:21:04.623] Transfer-Encoding: chunked
[Fastbot][2026-04-09 09:21:04.625] 
[Fastbot][2026-04-09 09:21:04.625] {"jsonrpc":"2.0","id":1,"result":{"bounds":{"bottom":1279,"left":763,"right":915,"top":1213},"childCount":0,"className":"android.widget.TextView","contentDescription":null,"packageName":"com.amaze.filemanager.debug","resourceName":"com.amaze.filemanager.debug:id/md_buttonDefaultPositive","text":"CRE...[truncated]
[Fastbot][2026-04-09 09:21:04.626] <-- END HTTP (530-byte body)
[Fastbot][2026-04-09 09:21:04.642] [Proxy Server] Detected script method: click
[Fastbot][2026-04-09 09:21:04.643] [Proxy Server] Forwarding
[Fastbot][2026-04-09 09:21:04.643] --> POST http://127.0.0.1:9008/jsonrpc/0
[Fastbot][2026-04-09 09:21:04.643] Content-Type: application/json; charset=utf-8
[Fastbot][2026-04-09 09:21:04.643] Content-Length: 73
[Fastbot][2026-04-09 09:21:04.643] 
[Fastbot][2026-04-09 09:21:04.643] {"jsonrpc": "2.0", "id": 1, "method": "click", "params": [839.0, 1246.0]}
[Fastbot][2026-04-09 09:21:04.644] --> END POST (73-byte body)
[Fastbot][2026-04-09 09:21:04.799] <-- 200 OK  http://127.0.0.1:9008/jsonrpc/0 (154ms)
[Fastbot][2026-04-09 09:21:04.799] Content-Type: application/json
[Fastbot][2026-04-09 09:21:04.799] Date: Thu, 9 Apr 2026 09:21:04 GMT
[Fastbot][2026-04-09 09:21:04.799] Connection: keep-alive
[Fastbot][2026-04-09 09:21:04.799] Transfer-Encoding: chunked
[Fastbot][2026-04-09 09:21:04.842] 
[Fastbot][2026-04-09 09:21:04.842] {"jsonrpc":"2.0","id":1,"result":true}

[Fastbot][2026-04-09 09:21:04.842] <-- END HTTP (39-byte body)
[Fastbot][2026-04-09 09:21:05.391] [Proxy Server] Detected script method: swipe
[Fastbot][2026-04-09 09:21:05.393] [Proxy Server] Forwarding
[Fastbot][2026-04-09 09:21:05.394] --> POST http://127.0.0.1:9008/jsonrpc/0
[Fastbot][2026-04-09 09:21:05.394] Content-Type: application/json; charset=utf-8
[Fastbot][2026-04-09 09:21:05.394] Content-Length: 83
[Fastbot][2026-04-09 09:21:05.395] 
[Fastbot][2026-04-09 09:21:05.395] {"jsonrpc": "2.0", "id": 1, "method": "swipe", "params": [600, 500, 600, 1800, 55]}
[Fastbot][2026-04-09 09:21:05.396] --> END POST (83-byte body)
[Fastbot][2026-04-09 09:21:07.961] <-- 200 OK  http://127.0.0.1:9008/jsonrpc/0 (2565ms)
[Fastbot][2026-04-09 09:21:07.961] Content-Type: application/json
[Fastbot][2026-04-09 09:21:07.962] Date: Thu, 9 Apr 2026 09:21:07 GMT
[Fastbot][2026-04-09 09:21:07.962] Connection: keep-alive
[Fastbot][2026-04-09 09:21:07.962] Transfer-Encoding: chunked
[Fastbot][2026-04-09 09:21:07.962] 
[Fastbot][2026-04-09 09:21:07.962] {"jsonrpc":"2.0","id":1,"result":true}

[Fastbot][2026-04-09 09:21:07.962] <-- END HTTP (39-byte body)
[Fastbot][2026-04-09 09:21:08.523] [Proxy Server] Forwarding
[Fastbot][2026-04-09 09:21:08.523] --> POST http://127.0.0.1:9008/jsonrpc/0
[Fastbot][2026-04-09 09:21:08.523] Content-Type: application/json; charset=utf-8
[Fastbot][2026-04-09 09:21:08.523] Content-Length: 83
[Fastbot][2026-04-09 09:21:08.524] 
[Fastbot][2026-04-09 09:21:08.524] {"jsonrpc": "2.0", "id": 1, "method": "dumpWindowHierarchy", "params": [false, 50]}
[Fastbot][2026-04-09 09:21:08.524] --> END POST (83-byte body)
[Fastbot][2026-04-09 09:21:08.953] <-- 200 OK  http://127.0.0.1:9008/jsonrpc/0 (428ms)
[Fastbot][2026-04-09 09:21:08.953] Content-Type: application/json
[Fastbot][2026-04-09 09:21:08.953] Date: Thu, 9 Apr 2026 09:21:08 GMT
[Fastbot][2026-04-09 09:21:08.953] Connection: keep-alive
[Fastbot][2026-04-09 09:21:08.979] Transfer-Encoding: chunked
[Fastbot][2026-04-09 09:21:08.981] 
[Fastbot][2026-04-09 09:21:08.981] {"jsonrpc":"2.0","id":1,"result":"<?xml version='1.0' encoding='UTF-8' standalone='yes' ?>\r\n<hierarchy rotation=\"0\">\r\n  <node index=\"0\" text=\"\" resource-id=\"\" class=\"android.widget.FrameLayout\" package=\"com.amaze.filemanager.debug\" content-desc=\"\" checkable=\"false\" checked=\"fals...[truncated]
[Fastbot][2026-04-09 09:21:08.982] <-- END HTTP (81777-byte body)
[Fastbot][2026-04-09 09:21:09.038] [Proxy Server] Detected script method: swipe
[Fastbot][2026-04-09 09:21:09.039] [Proxy Server] Forwarding
[Fastbot][2026-04-09 09:21:09.041] --> POST http://127.0.0.1:9008/jsonrpc/0
[Fastbot][2026-04-09 09:21:09.041] Content-Type: application/json; charset=utf-8
[Fastbot][2026-04-09 09:21:09.041] Content-Length: 83
[Fastbot][2026-04-09 09:21:09.042] 
[Fastbot][2026-04-09 09:21:09.042] {"jsonrpc": "2.0", "id": 1, "method": "swipe", "params": [500, 1850, 500, 250, 55]}
[Fastbot][2026-04-09 09:21:09.043] --> END POST (83-byte body)
[Fastbot][2026-04-09 09:21:11.145] <-- 200 OK  http://127.0.0.1:9008/jsonrpc/0 (2101ms)
[Fastbot][2026-04-09 09:21:11.145] Content-Type: application/json
[Fastbot][2026-04-09 09:21:11.145] Date: Thu, 9 Apr 2026 09:21:11 GMT
[Fastbot][2026-04-09 09:21:11.145] Connection: keep-alive
[Fastbot][2026-04-09 09:21:11.145] Transfer-Encoding: chunked
[Fastbot][2026-04-09 09:21:11.145] 
[Fastbot][2026-04-09 09:21:11.145] {"jsonrpc":"2.0","id":1,"result":true}

[Fastbot][2026-04-09 09:21:11.145] <-- END HTTP (39-byte body)
[Fastbot][2026-04-09 09:21:11.707] [Proxy Server] Forwarding
[Fastbot][2026-04-09 09:21:11.708] --> POST http://127.0.0.1:9008/jsonrpc/0
[Fastbot][2026-04-09 09:21:11.708] Content-Type: application/json; charset=utf-8
[Fastbot][2026-04-09 09:21:11.708] Content-Length: 83
[Fastbot][2026-04-09 09:21:11.709] 
[Fastbot][2026-04-09 09:21:11.709] {"jsonrpc": "2.0", "id": 1, "method": "dumpWindowHierarchy", "params": [false, 50]}
[Fastbot][2026-04-09 09:21:11.709] --> END POST (83-byte body)
[Fastbot][2026-04-09 09:21:12.846] <-- 200 OK  http://127.0.0.1:9008/jsonrpc/0 (1136ms)
[Fastbot][2026-04-09 09:21:12.846] Content-Type: application/json
[Fastbot][2026-04-09 09:21:12.846] Date: Thu, 9 Apr 2026 09:21:12 GMT
[Fastbot][2026-04-09 09:21:12.846] Connection: keep-alive
[Fastbot][2026-04-09 09:21:12.846] Transfer-Encoding: chunked
[Fastbot][2026-04-09 09:21:12.847] 
[Fastbot][2026-04-09 09:21:12.850] {"jsonrpc":"2.0","id":1,"result":"<?xml version='1.0' encoding='UTF-8' standalone='yes' ?>\r\n<hierarchy rotation=\"0\">\r\n  <node index=\"0\" text=\"\" resource-id=\"\" class=\"android.widget.FrameLayout\" package=\"com.amaze.filemanager.debug\" content-desc=\"\" checkable=\"false\" checked=\"fals...[truncated]
[Fastbot][2026-04-09 09:21:12.850] <-- END HTTP (86443-byte body)
[Fastbot][2026-04-09 09:21:12.914] [Proxy Server] Detected script method: swipe
[Fastbot][2026-04-09 09:21:12.915] [Proxy Server] Forwarding
[Fastbot][2026-04-09 09:21:12.915] --> POST http://127.0.0.1:9008/jsonrpc/0
[Fastbot][2026-04-09 09:21:12.915] Content-Type: application/json; charset=utf-8
[Fastbot][2026-04-09 09:21:12.915] Content-Length: 83
[Fastbot][2026-04-09 09:21:12.915] 
[Fastbot][2026-04-09 09:21:12.916] {"jsonrpc": "2.0", "id": 1, "method": "swipe", "params": [500, 1850, 500, 250, 55]}
[Fastbot][2026-04-09 09:21:12.916] --> END POST (83-byte body)
[Fastbot][2026-04-09 09:21:15.062] <-- 200 OK  http://127.0.0.1:9008/jsonrpc/0 (2145ms)
[Fastbot][2026-04-09 09:21:15.062] Content-Type: application/json
[Fastbot][2026-04-09 09:21:15.063] Date: Thu, 9 Apr 2026 09:21:15 GMT
[Fastbot][2026-04-09 09:21:15.064] Connection: keep-alive
[Fastbot][2026-04-09 09:21:15.064] Transfer-Encoding: chunked
[Fastbot][2026-04-09 09:21:15.066] 
[Fastbot][2026-04-09 09:21:15.066] {"jsonrpc":"2.0","id":1,"result":true}

[Fastbot][2026-04-09 09:21:15.066] <-- END HTTP (39-byte body)
[Fastbot][2026-04-09 09:21:15.606] [Proxy Server] Forwarding
[Fastbot][2026-04-09 09:21:15.606] --> POST http://127.0.0.1:9008/jsonrpc/0
[Fastbot][2026-04-09 09:21:15.607] Content-Type: application/json; charset=utf-8
[Fastbot][2026-04-09 09:21:15.607] Content-Length: 83
[Fastbot][2026-04-09 09:21:15.607] 
[Fastbot][2026-04-09 09:21:15.607] {"jsonrpc": "2.0", "id": 1, "method": "dumpWindowHierarchy", "params": [false, 50]}
[Fastbot][2026-04-09 09:21:15.607] --> END POST (83-byte body)
[Fastbot][2026-04-09 09:21:16.757] <-- 200 OK  http://127.0.0.1:9008/jsonrpc/0 (1149ms)
[Fastbot][2026-04-09 09:21:16.757] Content-Type: application/json
[Fastbot][2026-04-09 09:21:16.757] Date: Thu, 9 Apr 2026 09:21:16 GMT
[Fastbot][2026-04-09 09:21:16.757] Connection: keep-alive
[Fastbot][2026-04-09 09:21:16.757] Transfer-Encoding: chunked
[Fastbot][2026-04-09 09:21:16.763] 
[Fastbot][2026-04-09 09:21:16.763] {"jsonrpc":"2.0","id":1,"result":"<?xml version='1.0' encoding='UTF-8' standalone='yes' ?>\r\n<hierarchy rotation=\"0\">\r\n  <node index=\"0\" text=\"\" resource-id=\"\" class=\"android.widget.FrameLayout\" package=\"com.amaze.filemanager.debug\" content-desc=\"\" checkable=\"false\" checked=\"fals...[truncated]
[Fastbot][2026-04-09 09:21:16.763] <-- END HTTP (85913-byte body)
[Fastbot][2026-04-09 09:21:16.798] [Proxy Server] Detected script method: swipe
[Fastbot][2026-04-09 09:21:16.798] [Proxy Server] Forwarding
[Fastbot][2026-04-09 09:21:16.798] --> POST http://127.0.0.1:9008/jsonrpc/0
[Fastbot][2026-04-09 09:21:16.798] Content-Type: application/json; charset=utf-8
[Fastbot][2026-04-09 09:21:16.799] Content-Length: 83
[Fastbot][2026-04-09 09:21:16.799] 
[Fastbot][2026-04-09 09:21:16.799] {"jsonrpc": "2.0", "id": 1, "method": "swipe", "params": [500, 1850, 500, 250, 55]}
[Fastbot][2026-04-09 09:21:16.799] --> END POST (83-byte body)
[Fastbot][2026-04-09 09:21:19.129] <-- 200 OK  http://127.0.0.1:9008/jsonrpc/0 (2330ms)
[Fastbot][2026-04-09 09:21:19.129] Content-Type: application/json
[Fastbot][2026-04-09 09:21:19.129] Date: Thu, 9 Apr 2026 09:21:19 GMT
[Fastbot][2026-04-09 09:21:19.129] Connection: keep-alive
[Fastbot][2026-04-09 09:21:19.129] Transfer-Encoding: chunked
[Fastbot][2026-04-09 09:21:19.130] 
[Fastbot][2026-04-09 09:21:19.130] {"jsonrpc":"2.0","id":1,"result":true}

[Fastbot][2026-04-09 09:21:19.130] <-- END HTTP (39-byte body)
[Fastbot][2026-04-09 09:21:19.711] [Proxy Server] Forwarding
[Fastbot][2026-04-09 09:21:19.711] --> POST http://127.0.0.1:9008/jsonrpc/0
[Fastbot][2026-04-09 09:21:19.712] Content-Type: application/json; charset=utf-8
[Fastbot][2026-04-09 09:21:19.712] Content-Length: 83
[Fastbot][2026-04-09 09:21:19.712] 
[Fastbot][2026-04-09 09:21:19.713] {"jsonrpc": "2.0", "id": 1, "method": "dumpWindowHierarchy", "params": [false, 50]}
[Fastbot][2026-04-09 09:21:19.714] --> END POST (83-byte body)
[Fastbot][2026-04-09 09:21:20.840] <-- 200 OK  http://127.0.0.1:9008/jsonrpc/0 (1126ms)
[Fastbot][2026-04-09 09:21:20.840] Content-Type: application/json
[Fastbot][2026-04-09 09:21:20.840] Date: Thu, 9 Apr 2026 09:21:20 GMT
[Fastbot][2026-04-09 09:21:20.841] Connection: keep-alive
[Fastbot][2026-04-09 09:21:20.841] Transfer-Encoding: chunked
[Fastbot][2026-04-09 09:21:20.872] 
[Fastbot][2026-04-09 09:21:20.873] {"jsonrpc":"2.0","id":1,"result":"<?xml version='1.0' encoding='UTF-8' standalone='yes' ?>\r\n<hierarchy rotation=\"0\">\r\n  <node index=\"0\" text=\"\" resource-id=\"\" class=\"android.widget.FrameLayout\" package=\"com.amaze.filemanager.debug\" content-desc=\"\" checkable=\"false\" checked=\"fals...[truncated]
[Fastbot][2026-04-09 09:21:20.873] <-- END HTTP (85918-byte body)
[Fastbot][2026-04-09 09:21:20.920] [Proxy Server] Detected script method: swipe
[Fastbot][2026-04-09 09:21:20.921] [Proxy Server] Forwarding
[Fastbot][2026-04-09 09:21:20.921] --> POST http://127.0.0.1:9008/jsonrpc/0
[Fastbot][2026-04-09 09:21:20.921] Content-Type: application/json; charset=utf-8
[Fastbot][2026-04-09 09:21:20.921] Content-Length: 83
[Fastbot][2026-04-09 09:21:20.921] 
[Fastbot][2026-04-09 09:21:20.922] {"jsonrpc": "2.0", "id": 1, "method": "swipe", "params": [500, 1850, 500, 250, 55]}
[Fastbot][2026-04-09 09:21:20.923] --> END POST (83-byte body)
[Fastbot][2026-04-09 09:21:23.128] <-- 200 OK  http://127.0.0.1:9008/jsonrpc/0 (2204ms)
[Fastbot][2026-04-09 09:21:23.128] Content-Type: application/json
[Fastbot][2026-04-09 09:21:23.128] Date: Thu, 9 Apr 2026 09:21:23 GMT
[Fastbot][2026-04-09 09:21:23.128] Connection: keep-alive
[Fastbot][2026-04-09 09:21:23.128] Transfer-Encoding: chunked
[Fastbot][2026-04-09 09:21:23.130] 
[Fastbot][2026-04-09 09:21:23.130] {"jsonrpc":"2.0","id":1,"result":true}

[Fastbot][2026-04-09 09:21:23.130] <-- END HTTP (39-byte body)
[Fastbot][2026-04-09 09:21:23.677] [Proxy Server] Forwarding
[Fastbot][2026-04-09 09:21:23.677] --> POST http://127.0.0.1:9008/jsonrpc/0
[Fastbot][2026-04-09 09:21:23.678] Content-Type: application/json; charset=utf-8
[Fastbot][2026-04-09 09:21:23.678] Content-Length: 83
[Fastbot][2026-04-09 09:21:23.678] 
[Fastbot][2026-04-09 09:21:23.679] {"jsonrpc": "2.0", "id": 1, "method": "dumpWindowHierarchy", "params": [false, 50]}
[Fastbot][2026-04-09 09:21:23.679] --> END POST (83-byte body)
[Fastbot][2026-04-09 09:21:24.958] <-- 200 OK  http://127.0.0.1:9008/jsonrpc/0 (1278ms)
[Fastbot][2026-04-09 09:21:24.958] Content-Type: application/json
[Fastbot][2026-04-09 09:21:24.958] Date: Thu, 9 Apr 2026 09:21:24 GMT
[Fastbot][2026-04-09 09:21:24.959] Connection: keep-alive
[Fastbot][2026-04-09 09:21:24.959] Transfer-Encoding: chunked
[Fastbot][2026-04-09 09:21:24.961] 
[Fastbot][2026-04-09 09:21:24.961] {"jsonrpc":"2.0","id":1,"result":"<?xml version='1.0' encoding='UTF-8' standalone='yes' ?>\r\n<hierarchy rotation=\"0\">\r\n  <node index=\"0\" text=\"\" resource-id=\"\" class=\"android.widget.FrameLayout\" package=\"com.amaze.filemanager.debug\" content-desc=\"\" checkable=\"false\" checked=\"fals...[truncated]
[Fastbot][2026-04-09 09:21:24.961] <-- END HTTP (85918-byte body)
[Fastbot][2026-04-09 09:21:25.013] [Proxy Server] Detected script method: swipe
[Fastbot][2026-04-09 09:21:25.013] [Proxy Server] Forwarding
[Fastbot][2026-04-09 09:21:25.013] --> POST http://127.0.0.1:9008/jsonrpc/0
[Fastbot][2026-04-09 09:21:25.014] Content-Type: application/json; charset=utf-8
[Fastbot][2026-04-09 09:21:25.014] Content-Length: 83
[Fastbot][2026-04-09 09:21:25.015] 
[Fastbot][2026-04-09 09:21:25.015] {"jsonrpc": "2.0", "id": 1, "method": "swipe", "params": [500, 1850, 500, 250, 55]}
[Fastbot][2026-04-09 09:21:25.015] --> END POST (83-byte body)
[Fastbot][2026-04-09 09:21:27.279] <-- 200 OK  http://127.0.0.1:9008/jsonrpc/0 (2262ms)
[Fastbot][2026-04-09 09:21:27.279] Content-Type: application/json
[Fastbot][2026-04-09 09:21:27.279] Date: Thu, 9 Apr 2026 09:21:27 GMT
[Fastbot][2026-04-09 09:21:27.279] Connection: keep-alive
[Fastbot][2026-04-09 09:21:27.279] Transfer-Encoding: chunked
[Fastbot][2026-04-09 09:21:27.279] 
[Fastbot][2026-04-09 09:21:27.279] {"jsonrpc":"2.0","id":1,"result":true}

[Fastbot][2026-04-09 09:21:27.279] <-- END HTTP (39-byte body)
[Fastbot][2026-04-09 09:21:27.819] [Proxy Server] Forwarding
[Fastbot][2026-04-09 09:21:27.819] --> POST http://127.0.0.1:9008/jsonrpc/0
[Fastbot][2026-04-09 09:21:27.820] Content-Type: application/json; charset=utf-8
[Fastbot][2026-04-09 09:21:27.820] Content-Length: 83
[Fastbot][2026-04-09 09:21:27.821] 
[Fastbot][2026-04-09 09:21:27.821] {"jsonrpc": "2.0", "id": 1, "method": "dumpWindowHierarchy", "params": [false, 50]}
[Fastbot][2026-04-09 09:21:27.821] --> END POST (83-byte body)
[Fastbot][2026-04-09 09:21:29.254] <-- 200 OK  http://127.0.0.1:9008/jsonrpc/0 (1432ms)
[Fastbot][2026-04-09 09:21:29.255] Content-Type: application/json
[Fastbot][2026-04-09 09:21:29.255] Date: Thu, 9 Apr 2026 09:21:29 GMT
[Fastbot][2026-04-09 09:21:29.257] Connection: keep-alive
[Fastbot][2026-04-09 09:21:29.257] Transfer-Encoding: chunked
[Fastbot][2026-04-09 09:21:29.259] 
[Fastbot][2026-04-09 09:21:29.259] {"jsonrpc":"2.0","id":1,"result":"<?xml version='1.0' encoding='UTF-8' standalone='yes' ?>\r\n<hierarchy rotation=\"0\">\r\n  <node index=\"0\" text=\"\" resource-id=\"\" class=\"android.widget.FrameLayout\" package=\"com.amaze.filemanager.debug\" content-desc=\"\" checkable=\"false\" checked=\"fals...[truncated]
[Fastbot][2026-04-09 09:21:29.260] <-- END HTTP (85347-byte body)
[Fastbot][2026-04-09 09:21:29.328] [Proxy Server] Detected script method: swipe
[Fastbot][2026-04-09 09:21:29.329] [Proxy Server] Forwarding
[Fastbot][2026-04-09 09:21:29.330] --> POST http://127.0.0.1:9008/jsonrpc/0
[Fastbot][2026-04-09 09:21:29.331] Content-Type: application/json; charset=utf-8
[Fastbot][2026-04-09 09:21:29.331] Content-Length: 83
[Fastbot][2026-04-09 09:21:29.331] 
[Fastbot][2026-04-09 09:21:29.332] {"jsonrpc": "2.0", "id": 1, "method": "swipe", "params": [500, 1850, 500, 250, 55]}
[Fastbot][2026-04-09 09:21:29.332] --> END POST (83-byte body)
[Fastbot][2026-04-09 09:21:31.578] <-- 200 OK  http://127.0.0.1:9008/jsonrpc/0 (2245ms)
[Fastbot][2026-04-09 09:21:31.578] Content-Type: application/json
[Fastbot][2026-04-09 09:21:31.578] Date: Thu, 9 Apr 2026 09:21:31 GMT
[Fastbot][2026-04-09 09:21:31.578] Connection: keep-alive
[Fastbot][2026-04-09 09:21:31.578] Transfer-Encoding: chunked
[Fastbot][2026-04-09 09:21:31.578] 
[Fastbot][2026-04-09 09:21:31.578] {"jsonrpc":"2.0","id":1,"result":true}

[Fastbot][2026-04-09 09:21:31.579] <-- END HTTP (39-byte body)
[Fastbot][2026-04-09 09:21:32.132] [Proxy Server] Forwarding
[Fastbot][2026-04-09 09:21:32.133] --> POST http://127.0.0.1:9008/jsonrpc/0
[Fastbot][2026-04-09 09:21:32.133] Content-Type: application/json; charset=utf-8
[Fastbot][2026-04-09 09:21:32.133] Content-Length: 83
[Fastbot][2026-04-09 09:21:32.133] 
[Fastbot][2026-04-09 09:21:32.133] {"jsonrpc": "2.0", "id": 1, "method": "dumpWindowHierarchy", "params": [false, 50]}
[Fastbot][2026-04-09 09:21:32.134] --> END POST (83-byte body)
[Fastbot][2026-04-09 09:21:32.185] <-- 200 OK  http://127.0.0.1:9008/jsonrpc/0 (51ms)
[Fastbot][2026-04-09 09:21:32.185] Content-Type: application/json
[Fastbot][2026-04-09 09:21:32.186] Date: Thu, 9 Apr 2026 09:21:32 GMT
[Fastbot][2026-04-09 09:21:32.186] Connection: keep-alive
[Fastbot][2026-04-09 09:21:32.186] Transfer-Encoding: chunked
[Fastbot][2026-04-09 09:21:32.188] 
[Fastbot][2026-04-09 09:21:32.189] {"jsonrpc":"2.0","id":1,"result":"<?xml version='1.0' encoding='UTF-8' standalone='yes' ?>\r\n<hierarchy rotation=\"0\">\r\n  <node index=\"0\" text=\"\" resource-id=\"\" class=\"android.widget.FrameLayout\" package=\"com.amaze.filemanager.debug\" content-desc=\"\" checkable=\"false\" checked=\"fals...[truncated]
[Fastbot][2026-04-09 09:21:32.189] <-- END HTTP (87371-byte body)
[Fastbot][2026-04-09 09:21:32.238] [Proxy Server] Detected script method: swipe
[Fastbot][2026-04-09 09:21:32.239] [Proxy Server] Forwarding
[Fastbot][2026-04-09 09:21:32.240] --> POST http://127.0.0.1:9008/jsonrpc/0
[Fastbot][2026-04-09 09:21:32.241] Content-Type: application/json; charset=utf-8
[Fastbot][2026-04-09 09:21:32.241] Content-Length: 83
[Fastbot][2026-04-09 09:21:32.242] 
[Fastbot][2026-04-09 09:21:32.242] {"jsonrpc": "2.0", "id": 1, "method": "swipe", "params": [500, 1850, 500, 250, 55]}
[Fastbot][2026-04-09 09:21:32.243] --> END POST (83-byte body)
[Fastbot][2026-04-09 09:21:34.211] <-- 200 OK  http://127.0.0.1:9008/jsonrpc/0 (1967ms)
[Fastbot][2026-04-09 09:21:34.211] Content-Type: application/json
[Fastbot][2026-04-09 09:21:34.211] Date: Thu, 9 Apr 2026 09:21:34 GMT
[Fastbot][2026-04-09 09:21:34.211] Connection: keep-alive
[Fastbot][2026-04-09 09:21:34.212] Transfer-Encoding: chunked
[Fastbot][2026-04-09 09:21:34.216] 
[Fastbot][2026-04-09 09:21:34.217] {"jsonrpc":"2.0","id":1,"result":true}

[Fastbot][2026-04-09 09:21:34.217] <-- END HTTP (39-byte body)
[Fastbot][2026-04-09 09:21:34.734] [Proxy Server] Forwarding
[Fastbot][2026-04-09 09:21:34.734] --> POST http://127.0.0.1:9008/jsonrpc/0
[Fastbot][2026-04-09 09:21:34.735] Content-Type: application/json; charset=utf-8
[Fastbot][2026-04-09 09:21:34.735] Content-Length: 83
[Fastbot][2026-04-09 09:21:34.735] 
[Fastbot][2026-04-09 09:21:34.736] {"jsonrpc": "2.0", "id": 1, "method": "dumpWindowHierarchy", "params": [false, 50]}
[Fastbot][2026-04-09 09:21:34.736] --> END POST (83-byte body)
[Fastbot][2026-04-09 09:21:34.806] <-- 200 OK  http://127.0.0.1:9008/jsonrpc/0 (70ms)
[Fastbot][2026-04-09 09:21:34.806] Content-Type: application/json
[Fastbot][2026-04-09 09:21:34.806] Date: Thu, 9 Apr 2026 09:21:34 GMT
[Fastbot][2026-04-09 09:21:34.806] Connection: keep-alive
[Fastbot][2026-04-09 09:21:34.807] Transfer-Encoding: chunked
[Fastbot][2026-04-09 09:21:34.809] 
[Fastbot][2026-04-09 09:21:34.810] {"jsonrpc":"2.0","id":1,"result":"<?xml version='1.0' encoding='UTF-8' standalone='yes' ?>\r\n<hierarchy rotation=\"0\">\r\n  <node index=\"0\" text=\"\" resource-id=\"\" class=\"android.widget.FrameLayout\" package=\"com.amaze.filemanager.debug\" content-desc=\"\" checkable=\"false\" checked=\"fals...[truncated]
[Fastbot][2026-04-09 09:21:34.810] <-- END HTTP (86321-byte body)
[Fastbot][2026-04-09 09:21:34.854] [Proxy Server] Detected script method: swipe
[Fastbot][2026-04-09 09:21:34.855] [Proxy Server] Forwarding
[Fastbot][2026-04-09 09:21:34.855] --> POST http://127.0.0.1:9008/jsonrpc/0
[Fastbot][2026-04-09 09:21:34.856] Content-Type: application/json; charset=utf-8
[Fastbot][2026-04-09 09:21:34.856] Content-Length: 83
[Fastbot][2026-04-09 09:21:34.856] 
[Fastbot][2026-04-09 09:21:34.856] {"jsonrpc": "2.0", "id": 1, "method": "swipe", "params": [500, 1850, 500, 250, 55]}
[Fastbot][2026-04-09 09:21:34.857] --> END POST (83-byte body)
[Fastbot][2026-04-09 09:21:36.899] <-- 200 OK  http://127.0.0.1:9008/jsonrpc/0 (2041ms)
[Fastbot][2026-04-09 09:21:36.899] Content-Type: application/json
[Fastbot][2026-04-09 09:21:36.899] Date: Thu, 9 Apr 2026 09:21:36 GMT
[Fastbot][2026-04-09 09:21:36.899] Connection: keep-alive
[Fastbot][2026-04-09 09:21:36.900] Transfer-Encoding: chunked
[Fastbot][2026-04-09 09:21:36.901] 
[Fastbot][2026-04-09 09:21:36.901] {"jsonrpc":"2.0","id":1,"result":true}

[Fastbot][2026-04-09 09:21:36.901] <-- END HTTP (39-byte body)
[Fastbot][2026-04-09 09:21:37.429] [Proxy Server] Forwarding
[Fastbot][2026-04-09 09:21:37.430] --> POST http://127.0.0.1:9008/jsonrpc/0
[Fastbot][2026-04-09 09:21:37.430] Content-Type: application/json; charset=utf-8
[Fastbot][2026-04-09 09:21:37.431] Content-Length: 83
[Fastbot][2026-04-09 09:21:37.431] 
[Fastbot][2026-04-09 09:21:37.431] {"jsonrpc": "2.0", "id": 1, "method": "dumpWindowHierarchy", "params": [false, 50]}
[Fastbot][2026-04-09 09:21:37.432] --> END POST (83-byte body)
[Fastbot][2026-04-09 09:21:37.508] <-- 200 OK  http://127.0.0.1:9008/jsonrpc/0 (75ms)
[Fastbot][2026-04-09 09:21:37.508] Content-Type: application/json
[Fastbot][2026-04-09 09:21:37.509] Date: Thu, 9 Apr 2026 09:21:37 GMT
[Fastbot][2026-04-09 09:21:37.510] Connection: keep-alive
[Fastbot][2026-04-09 09:21:37.510] Transfer-Encoding: chunked
[Fastbot][2026-04-09 09:21:37.512] 
[Fastbot][2026-04-09 09:21:37.513] {"jsonrpc":"2.0","id":1,"result":"<?xml version='1.0' encoding='UTF-8' standalone='yes' ?>\r\n<hierarchy rotation=\"0\">\r\n  <node index=\"0\" text=\"\" resource-id=\"\" class=\"android.widget.FrameLayout\" package=\"com.amaze.filemanager.debug\" content-desc=\"\" checkable=\"false\" checked=\"fals...[truncated]
[Fastbot][2026-04-09 09:21:37.513] <-- END HTTP (86317-byte body)
[Fastbot][2026-04-09 09:21:37.547] [Proxy Server] Detected script method: swipe
[Fastbot][2026-04-09 09:21:37.547] [Proxy Server] Forwarding
[Fastbot][2026-04-09 09:21:37.548] --> POST http://127.0.0.1:9008/jsonrpc/0
[Fastbot][2026-04-09 09:21:37.548] Content-Type: application/json; charset=utf-8
[Fastbot][2026-04-09 09:21:37.548] Content-Length: 83
[Fastbot][2026-04-09 09:21:37.548] 
[Fastbot][2026-04-09 09:21:37.548] {"jsonrpc": "2.0", "id": 1, "method": "swipe", "params": [500, 1850, 500, 250, 55]}
[Fastbot][2026-04-09 09:21:37.548] --> END POST (83-byte body)
[Fastbot][2026-04-09 09:21:39.497] <-- 200 OK  http://127.0.0.1:9008/jsonrpc/0 (1948ms)
[Fastbot][2026-04-09 09:21:39.497] Content-Type: application/json
[Fastbot][2026-04-09 09:21:39.497] Date: Thu, 9 Apr 2026 09:21:39 GMT
[Fastbot][2026-04-09 09:21:39.497] Connection: keep-alive
[Fastbot][2026-04-09 09:21:39.497] Transfer-Encoding: chunked
[Fastbot][2026-04-09 09:21:39.498] 
[Fastbot][2026-04-09 09:21:39.498] {"jsonrpc":"2.0","id":1,"result":true}

[Fastbot][2026-04-09 09:21:39.498] <-- END HTTP (39-byte body)
[Fastbot][2026-04-09 09:21:40.013] [Proxy Server] Forwarding
[Fastbot][2026-04-09 09:21:40.013] --> POST http://127.0.0.1:9008/jsonrpc/0
[Fastbot][2026-04-09 09:21:40.014] Content-Type: application/json; charset=utf-8
[Fastbot][2026-04-09 09:21:40.014] Content-Length: 83
[Fastbot][2026-04-09 09:21:40.014] 
[Fastbot][2026-04-09 09:21:40.014] {"jsonrpc": "2.0", "id": 1, "method": "dumpWindowHierarchy", "params": [false, 50]}
[Fastbot][2026-04-09 09:21:40.015] --> END POST (83-byte body)
[Fastbot][2026-04-09 09:21:40.093] <-- 200 OK  http://127.0.0.1:9008/jsonrpc/0 (78ms)
[Fastbot][2026-04-09 09:21:40.093] Content-Type: application/json
[Fastbot][2026-04-09 09:21:40.093] Date: Thu, 9 Apr 2026 09:21:40 GMT
[Fastbot][2026-04-09 09:21:40.094] Connection: keep-alive
[Fastbot][2026-04-09 09:21:40.094] Transfer-Encoding: chunked
[Fastbot][2026-04-09 09:21:40.096] 
[Fastbot][2026-04-09 09:21:40.099] {"jsonrpc":"2.0","id":1,"result":"<?xml version='1.0' encoding='UTF-8' standalone='yes' ?>\r\n<hierarchy rotation=\"0\">\r\n  <node index=\"0\" text=\"\" resource-id=\"\" class=\"android.widget.FrameLayout\" package=\"com.amaze.filemanager.debug\" content-desc=\"\" checkable=\"false\" checked=\"fals...[truncated]
[Fastbot][2026-04-09 09:21:40.100] <-- END HTTP (86316-byte body)
[Fastbot][2026-04-09 09:21:40.136] [Proxy Server] Detected script method: swipe
[Fastbot][2026-04-09 09:21:40.136] [Proxy Server] Forwarding
[Fastbot][2026-04-09 09:21:40.137] --> POST http://127.0.0.1:9008/jsonrpc/0
[Fastbot][2026-04-09 09:21:40.137] Content-Type: application/json; charset=utf-8
[Fastbot][2026-04-09 09:21:40.138] Content-Length: 83
[Fastbot][2026-04-09 09:21:40.138] 
[Fastbot][2026-04-09 09:21:40.138] {"jsonrpc": "2.0", "id": 1, "method": "swipe", "params": [500, 1850, 500, 250, 55]}
[Fastbot][2026-04-09 09:21:40.139] --> END POST (83-byte body)
[Fastbot][2026-04-09 09:21:42.162] <-- 200 OK  http://127.0.0.1:9008/jsonrpc/0 (2023ms)
[Fastbot][2026-04-09 09:21:42.162] Content-Type: application/json
[Fastbot][2026-04-09 09:21:42.163] Date: Thu, 9 Apr 2026 09:21:42 GMT
[Fastbot][2026-04-09 09:21:42.163] Connection: keep-alive
[Fastbot][2026-04-09 09:21:42.163] Transfer-Encoding: chunked
[Fastbot][2026-04-09 09:21:42.163] 
[Fastbot][2026-04-09 09:21:42.164] {"jsonrpc":"2.0","id":1,"result":true}

[Fastbot][2026-04-09 09:21:42.164] <-- END HTTP (39-byte body)
[Fastbot][2026-04-09 09:21:42.681] [Proxy Server] Forwarding
[Fastbot][2026-04-09 09:21:42.681] --> POST http://127.0.0.1:9008/jsonrpc/0
[Fastbot][2026-04-09 09:21:42.681] Content-Type: application/json; charset=utf-8
[Fastbot][2026-04-09 09:21:42.682] Content-Length: 83
[Fastbot][2026-04-09 09:21:42.682] 
[Fastbot][2026-04-09 09:21:42.682] {"jsonrpc": "2.0", "id": 1, "method": "dumpWindowHierarchy", "params": [false, 50]}
[Fastbot][2026-04-09 09:21:42.682] --> END POST (83-byte body)
[Fastbot][2026-04-09 09:21:42.752] <-- 200 OK  http://127.0.0.1:9008/jsonrpc/0 (69ms)
[Fastbot][2026-04-09 09:21:42.752] Content-Type: application/json
[Fastbot][2026-04-09 09:21:42.752] Date: Thu, 9 Apr 2026 09:21:42 GMT
[Fastbot][2026-04-09 09:21:42.752] Connection: keep-alive
[Fastbot][2026-04-09 09:21:42.753] Transfer-Encoding: chunked
[Fastbot][2026-04-09 09:21:42.757] 
[Fastbot][2026-04-09 09:21:42.757] {"jsonrpc":"2.0","id":1,"result":"<?xml version='1.0' encoding='UTF-8' standalone='yes' ?>\r\n<hierarchy rotation=\"0\">\r\n  <node index=\"0\" text=\"\" resource-id=\"\" class=\"android.widget.FrameLayout\" package=\"com.amaze.filemanager.debug\" content-desc=\"\" checkable=\"false\" checked=\"fals...[truncated]
[Fastbot][2026-04-09 09:21:42.757] <-- END HTTP (86813-byte body)
[Fastbot][2026-04-09 09:21:42.793] [Proxy Server] Detected script method: swipe
[Fastbot][2026-04-09 09:21:42.793] [Proxy Server] Forwarding
[Fastbot][2026-04-09 09:21:42.794] --> POST http://127.0.0.1:9008/jsonrpc/0
[Fastbot][2026-04-09 09:21:42.794] Content-Type: application/json; charset=utf-8
[Fastbot][2026-04-09 09:21:42.794] Content-Length: 83
[Fastbot][2026-04-09 09:21:42.795] 
[Fastbot][2026-04-09 09:21:42.795] {"jsonrpc": "2.0", "id": 1, "method": "swipe", "params": [600, 500, 600, 1800, 55]}
[Fastbot][2026-04-09 09:21:42.795] --> END POST (83-byte body)
[Fastbot][2026-04-09 09:21:44.812] <-- 200 OK  http://127.0.0.1:9008/jsonrpc/0 (2016ms)
[Fastbot][2026-04-09 09:21:44.812] Content-Type: application/json
[Fastbot][2026-04-09 09:21:44.812] Date: Thu, 9 Apr 2026 09:21:44 GMT
[Fastbot][2026-04-09 09:21:44.812] Connection: keep-alive
[Fastbot][2026-04-09 09:21:44.812] Transfer-Encoding: chunked
[Fastbot][2026-04-09 09:21:44.813] 
[Fastbot][2026-04-09 09:21:44.813] {"jsonrpc":"2.0","id":1,"result":true}

[Fastbot][2026-04-09 09:21:44.813] <-- END HTTP (39-byte body)
[Fastbot][2026-04-09 09:21:45.578] --> POST http://127.0.0.1:9008/jsonrpc/0
[Fastbot][2026-04-09 09:21:45.578] Content-Type: application/json; charset=utf-8
[Fastbot][2026-04-09 09:21:45.578] Content-Length: 75
[Fastbot][2026-04-09 09:21:45.578] 
[Fastbot][2026-04-09 09:21:45.578] {"id":1,"jsonrpc":"2.0","method":"dumpWindowHierarchy","params":[false,50]}
[Fastbot][2026-04-09 09:21:45.578] --> END POST (75-byte body)
[Fastbot][2026-04-09 09:21:45.635] <-- 200 OK  http://127.0.0.1:9008/jsonrpc/0 (56ms)
[Fastbot][2026-04-09 09:21:45.636] Content-Type: application/json
[Fastbot][2026-04-09 09:21:45.636] Date: Thu, 9 Apr 2026 09:21:45 GMT
[Fastbot][2026-04-09 09:21:45.636] Connection: keep-alive
[Fastbot][2026-04-09 09:21:45.637] Transfer-Encoding: chunked
[Fastbot][2026-04-09 09:21:45.638] 
[Fastbot][2026-04-09 09:21:45.638] {"jsonrpc":"2.0","id":1,"result":"<?xml version='1.0' encoding='UTF-8' standalone='yes' ?>\r\n<hierarchy rotation=\"0\">\r\n  <node index=\"0\" text=\"\" resource-id=\"\" class=\"android.widget.FrameLayout\" package=\"com.amaze.filemanager.debug\" content-desc=\"\" checkable=\"false\" checked=\"fals...[truncated]
[Fastbot][2026-04-09 09:21:45.639] <-- END HTTP (86510-byte body)
[Fastbot][2026-04-09 09:21:45.703] [Proxy Server] Forwarding
[Fastbot][2026-04-09 09:21:45.703] --> POST http://127.0.0.1:9008/jsonrpc/0
[Fastbot][2026-04-09 09:21:45.703] Content-Type: application/json; charset=utf-8
[Fastbot][2026-04-09 09:21:45.703] Content-Length: 197
[Fastbot][2026-04-09 09:21:45.704] 
[Fastbot][2026-04-09 09:21:45.704] {"jsonrpc": "2.0", "id": 1, "method": "waitForExists", "params": [{"mask": 2097152, "childOrSibling": [], "childOrSiblingSelector": [], "resourceId": "com.amaze.filemanager.debug:id/home"}, 20000]}
[Fastbot][2026-04-09 09:21:45.704] --> END POST (197-byte body)
[Fastbot][2026-04-09 09:21:45.721] <-- 200 OK  http://127.0.0.1:9008/jsonrpc/0 (16ms)
[Fastbot][2026-04-09 09:21:45.721] Content-Type: application/json
[Fastbot][2026-04-09 09:21:45.722] Date: Thu, 9 Apr 2026 09:21:45 GMT
[Fastbot][2026-04-09 09:21:45.722] Connection: keep-alive
[Fastbot][2026-04-09 09:21:45.722] Transfer-Encoding: chunked
[Fastbot][2026-04-09 09:21:45.723] 
[Fastbot][2026-04-09 09:21:45.723] {"jsonrpc":"2.0","id":1,"result":true}

[Fastbot][2026-04-09 09:21:45.723] <-- END HTTP (39-byte body)
[Fastbot][2026-04-09 09:21:45.753] [Proxy Server] Forwarding
[Fastbot][2026-04-09 09:21:45.753] --> POST http://127.0.0.1:9008/jsonrpc/0
[Fastbot][2026-04-09 09:21:45.756] Content-Type: application/json; charset=utf-8
[Fastbot][2026-04-09 09:21:45.757] Content-Length: 184
[Fastbot][2026-04-09 09:21:45.757] 
[Fastbot][2026-04-09 09:21:45.757] {"jsonrpc": "2.0", "id": 1, "method": "objInfo", "params": [{"mask": 2097152, "childOrSibling": [], "childOrSiblingSelector": [], "resourceId": "com.amaze.filemanager.debug:id/home"}]}
[Fastbot][2026-04-09 09:21:45.757] --> END POST (184-byte body)
[Fastbot][2026-04-09 09:21:45.792] <-- 200 OK  http://127.0.0.1:9008/jsonrpc/0 (35ms)
[Fastbot][2026-04-09 09:21:45.792] Content-Type: application/json
[Fastbot][2026-04-09 09:21:45.792] Date: Thu, 9 Apr 2026 09:21:45 GMT
[Fastbot][2026-04-09 09:21:45.792] Connection: keep-alive
[Fastbot][2026-04-09 09:21:45.793] Transfer-Encoding: chunked
[Fastbot][2026-04-09 09:21:45.840] 
[Fastbot][2026-04-09 09:21:45.840] {"jsonrpc":"2.0","id":1,"result":{"bounds":{"bottom":226,"left":837,"right":969,"top":94},"childCount":0,"className":"android.widget.Button","contentDescription":"Home","packageName":"com.amaze.filemanager.debug","resourceName":"com.amaze.filemanager.debug:id/home","text":null,"visibleBounds":{"bott...[truncated]
[Fastbot][2026-04-09 09:21:45.840] <-- END HTTP (500-byte body)
[Fastbot][2026-04-09 09:21:45.881] [Proxy Server] Detected script method: click
[Fastbot][2026-04-09 09:21:45.882] [Proxy Server] Forwarding
[Fastbot][2026-04-09 09:21:45.882] --> POST http://127.0.0.1:9008/jsonrpc/0
[Fastbot][2026-04-09 09:21:45.882] Content-Type: application/json; charset=utf-8
[Fastbot][2026-04-09 09:21:45.883] Content-Length: 72
[Fastbot][2026-04-09 09:21:45.883] 
[Fastbot][2026-04-09 09:21:45.883] {"jsonrpc": "2.0", "id": 1, "method": "click", "params": [903.0, 160.0]}
[Fastbot][2026-04-09 09:21:45.883] --> END POST (72-byte body)
[Fastbot][2026-04-09 09:21:46.029] <-- 200 OK  http://127.0.0.1:9008/jsonrpc/0 (145ms)
[Fastbot][2026-04-09 09:21:46.029] Content-Type: application/json
[Fastbot][2026-04-09 09:21:46.029] Date: Thu, 9 Apr 2026 09:21:46 GMT
[Fastbot][2026-04-09 09:21:46.029] Connection: keep-alive
[Fastbot][2026-04-09 09:21:46.030] Transfer-Encoding: chunked
[Fastbot][2026-04-09 09:21:46.031] 
[Fastbot][2026-04-09 09:21:46.031] {"jsonrpc":"2.0","id":1,"result":true}

[Fastbot][2026-04-09 09:21:46.031] <-- END HTTP (39-byte body)
[Fastbot][2026-04-09 09:21:46.096] [Proxy Server] Forwarding
[Fastbot][2026-04-09 09:21:46.096] --> POST http://127.0.0.1:9008/jsonrpc/0
[Fastbot][2026-04-09 09:21:46.096] Content-Type: application/json; charset=utf-8
[Fastbot][2026-04-09 09:21:46.097] Content-Length: 212
[Fastbot][2026-04-09 09:21:46.097] 
[Fastbot][2026-04-09 09:21:46.098] {"jsonrpc": "2.0", "id": 1, "method": "waitForExists", "params": [{"mask": 10485760, "childOrSibling": [], "childOrSiblingSelector": [], "resourceId": "com.amaze.filemanager.debug:id/search", "index": 0}, 20000]}
[Fastbot][2026-04-09 09:21:46.098] --> END POST (212-byte body)
[Fastbot][2026-04-09 09:21:46.228] <-- 200 OK  http://127.0.0.1:9008/jsonrpc/0 (129ms)
[Fastbot][2026-04-09 09:21:46.229] Content-Type: application/json
[Fastbot][2026-04-09 09:21:46.241] Date: Thu, 9 Apr 2026 09:21:46 GMT
[Fastbot][2026-04-09 09:21:46.241] Connection: keep-alive
[Fastbot][2026-04-09 09:21:46.241] Transfer-Encoding: chunked
[Fastbot][2026-04-09 09:21:46.241] 
[Fastbot][2026-04-09 09:21:46.241] {"jsonrpc":"2.0","id":1,"result":true}

[Fastbot][2026-04-09 09:21:46.241] <-- END HTTP (39-byte body)
[Fastbot][2026-04-09 09:21:46.290] [Proxy Server] Forwarding
[Fastbot][2026-04-09 09:21:46.291] --> POST http://127.0.0.1:9008/jsonrpc/0
[Fastbot][2026-04-09 09:21:46.292] Content-Type: application/json; charset=utf-8
[Fastbot][2026-04-09 09:21:46.292] Content-Length: 199
[Fastbot][2026-04-09 09:21:46.292] 
[Fastbot][2026-04-09 09:21:46.293] {"jsonrpc": "2.0", "id": 1, "method": "objInfo", "params": [{"mask": 10485760, "childOrSibling": [], "childOrSiblingSelector": [], "resourceId": "com.amaze.filemanager.debug:id/search", "index": 0}]}
[Fastbot][2026-04-09 09:21:46.293] --> END POST (199-byte body)
[Fastbot][2026-04-09 09:21:46.753] <-- 200 OK  http://127.0.0.1:9008/jsonrpc/0 (432ms)
[Fastbot][2026-04-09 09:21:46.754] Content-Type: application/json
[Fastbot][2026-04-09 09:21:46.754] Date: Thu, 9 Apr 2026 09:21:46 GMT
[Fastbot][2026-04-09 09:21:46.754] Connection: keep-alive
[Fastbot][2026-04-09 09:21:46.754] Transfer-Encoding: chunked
[Fastbot][2026-04-09 09:21:46.756] 
[Fastbot][2026-04-09 09:21:46.756] {"jsonrpc":"2.0","id":1,"result":{"bounds":{"bottom":226,"left":705,"right":837,"top":94},"childCount":0,"className":"android.widget.Button","contentDescription":"Search","packageName":"com.amaze.filemanager.debug","resourceName":null,"text":"","visibleBounds":{"bottom":226,"left":705,"right":837,"t...[truncated]
[Fastbot][2026-04-09 09:21:46.756] <-- END HTTP (467-byte body)
[Fastbot][2026-04-09 09:21:46.787] [Proxy Server] Detected script method: click
[Fastbot][2026-04-09 09:21:46.787] [Proxy Server] Forwarding
[Fastbot][2026-04-09 09:21:46.788] --> POST http://127.0.0.1:9008/jsonrpc/0
[Fastbot][2026-04-09 09:21:46.788] Content-Type: application/json; charset=utf-8
[Fastbot][2026-04-09 09:21:46.788] Content-Length: 72
[Fastbot][2026-04-09 09:21:46.788] 
[Fastbot][2026-04-09 09:21:46.788] {"jsonrpc": "2.0", "id": 1, "method": "click", "params": [771.0, 160.0]}
[Fastbot][2026-04-09 09:21:46.788] --> END POST (72-byte body)
[Fastbot][2026-04-09 09:21:46.947] <-- 200 OK  http://127.0.0.1:9008/jsonrpc/0 (158ms)
[Fastbot][2026-04-09 09:21:46.947] Content-Type: application/json
[Fastbot][2026-04-09 09:21:46.948] Date: Thu, 9 Apr 2026 09:21:46 GMT
[Fastbot][2026-04-09 09:21:46.948] Connection: keep-alive
[Fastbot][2026-04-09 09:21:46.956] Transfer-Encoding: chunked
[Fastbot][2026-04-09 09:21:46.957] 
[Fastbot][2026-04-09 09:21:46.957] {"jsonrpc":"2.0","id":1,"result":true}

[Fastbot][2026-04-09 09:21:46.957] <-- END HTTP (39-byte body)
[Fastbot][2026-04-09 09:21:47.504] [Proxy Server] Forwarding
[Fastbot][2026-04-09 09:21:47.505] --> POST http://127.0.0.1:9008/jsonrpc/0
[Fastbot][2026-04-09 09:21:47.505] Content-Type: application/json; charset=utf-8
[Fastbot][2026-04-09 09:21:47.506] Content-Length: 209
[Fastbot][2026-04-09 09:21:47.507] 
[Fastbot][2026-04-09 09:21:47.507] {"jsonrpc": "2.0", "id": 1, "method": "waitForExists", "params": [{"mask": 2097152, "childOrSibling": [], "childOrSiblingSelector": [], "resourceId": "com.amaze.filemanager.debug:id/search_edit_text"}, 20000]}
[Fastbot][2026-04-09 09:21:47.510] --> END POST (209-byte body)
[Fastbot][2026-04-09 09:21:47.646] <-- 200 OK  http://127.0.0.1:9008/jsonrpc/0 (135ms)
[Fastbot][2026-04-09 09:21:47.647] Content-Type: application/json
[Fastbot][2026-04-09 09:21:47.647] Date: Thu, 9 Apr 2026 09:21:47 GMT
[Fastbot][2026-04-09 09:21:47.647] Connection: keep-alive
[Fastbot][2026-04-09 09:21:47.647] Transfer-Encoding: chunked
[Fastbot][2026-04-09 09:21:47.648] 
[Fastbot][2026-04-09 09:21:47.649] {"jsonrpc":"2.0","id":1,"result":true}

[Fastbot][2026-04-09 09:21:47.649] <-- END HTTP (39-byte body)
[Fastbot][2026-04-09 09:21:47.686] [Proxy Server] Detected script method: setText
[Fastbot][2026-04-09 09:21:47.686] [Proxy Server] Forwarding
[Fastbot][2026-04-09 09:21:47.687] --> POST http://127.0.0.1:9008/jsonrpc/0
[Fastbot][2026-04-09 09:21:47.687] Content-Type: application/json; charset=utf-8
[Fastbot][2026-04-09 09:21:47.687] Content-Length: 205
[Fastbot][2026-04-09 09:21:47.688] 
[Fastbot][2026-04-09 09:21:47.688] {"jsonrpc": "2.0", "id": 1, "method": "setText", "params": [{"mask": 2097152, "childOrSibling": [], "childOrSiblingSelector": [], "resourceId": "com.amaze.filemanager.debug:id/search_edit_text"}, "A.txt"]}
[Fastbot][2026-04-09 09:21:47.688] --> END POST (205-byte body)
[Fastbot][2026-04-09 09:21:47.852] <-- 200 OK  http://127.0.0.1:9008/jsonrpc/0 (163ms)
[Fastbot][2026-04-09 09:21:47.852] Content-Type: application/json
[Fastbot][2026-04-09 09:21:47.853] Date: Thu, 9 Apr 2026 09:21:47 GMT
[Fastbot][2026-04-09 09:21:47.853] Connection: keep-alive
[Fastbot][2026-04-09 09:21:47.854] Transfer-Encoding: chunked
[Fastbot][2026-04-09 09:21:47.856] 
[Fastbot][2026-04-09 09:21:47.856] {"jsonrpc":"2.0","id":1,"result":true}

[Fastbot][2026-04-09 09:21:47.856] <-- END HTTP (39-byte body)
[Fastbot][2026-04-09 09:21:48.401] [Proxy Server] Forwarding
[Fastbot][2026-04-09 09:21:48.402] --> POST http://127.0.0.1:9008/jsonrpc/0
[Fastbot][2026-04-09 09:21:48.403] Content-Type: application/json; charset=utf-8
[Fastbot][2026-04-09 09:21:48.404] Content-Length: 211
[Fastbot][2026-04-09 09:21:48.404] 
[Fastbot][2026-04-09 09:21:48.404] {"jsonrpc": "2.0", "id": 1, "method": "waitForExists", "params": [{"mask": 2097152, "childOrSibling": [], "childOrSiblingSelector": [], "resourceId": "com.amaze.filemanager.debug:id/searchDeepSearchTV"}, 20000]}
[Fastbot][2026-04-09 09:21:48.404] --> END POST (211-byte body)
[Fastbot][2026-04-09 09:21:49.313] <-- 200 OK  http://127.0.0.1:9008/jsonrpc/0 (908ms)
[Fastbot][2026-04-09 09:21:49.313] Content-Type: application/json
[Fastbot][2026-04-09 09:21:49.313] Date: Thu, 9 Apr 2026 09:21:49 GMT
[Fastbot][2026-04-09 09:21:49.313] Connection: keep-alive
[Fastbot][2026-04-09 09:21:49.313] Transfer-Encoding: chunked
[Fastbot][2026-04-09 09:21:49.313] 
[Fastbot][2026-04-09 09:21:49.313] {"jsonrpc":"2.0","id":1,"result":true}

[Fastbot][2026-04-09 09:21:49.314] <-- END HTTP (39-byte body)
[Fastbot][2026-04-09 09:21:49.360] [Proxy Server] Forwarding
[Fastbot][2026-04-09 09:21:49.361] --> POST http://127.0.0.1:9008/jsonrpc/0
[Fastbot][2026-04-09 09:21:49.361] Content-Type: application/json; charset=utf-8
[Fastbot][2026-04-09 09:21:49.361] Content-Length: 198
[Fastbot][2026-04-09 09:21:49.361] 
[Fastbot][2026-04-09 09:21:49.361] {"jsonrpc": "2.0", "id": 1, "method": "objInfo", "params": [{"mask": 2097152, "childOrSibling": [], "childOrSiblingSelector": [], "resourceId": "com.amaze.filemanager.debug:id/searchDeepSearchTV"}]}
[Fastbot][2026-04-09 09:21:49.361] --> END POST (198-byte body)
[Fastbot][2026-04-09 09:21:50.129] <-- 200 OK  http://127.0.0.1:9008/jsonrpc/0 (768ms)
[Fastbot][2026-04-09 09:21:50.129] Content-Type: application/json
[Fastbot][2026-04-09 09:21:50.129] Date: Thu, 9 Apr 2026 09:21:50 GMT
[Fastbot][2026-04-09 09:21:50.130] Connection: keep-alive
[Fastbot][2026-04-09 09:21:50.130] Transfer-Encoding: chunked
[Fastbot][2026-04-09 09:21:50.131] 
[Fastbot][2026-04-09 09:21:50.131] {"jsonrpc":"2.0","id":1,"result":{"bounds":{"bottom":684,"left":28,"right":1052,"top":529},"childCount":0,"className":"android.widget.TextView","contentDescription":null,"packageName":"com.amaze.filemanager.debug","resourceName":"com.amaze.filemanager.debug:id/searchDeepSearchTV","text":"Not finding...[truncated]
[Fastbot][2026-04-09 09:21:50.131] <-- END HTTP (570-byte body)
[Fastbot][2026-04-09 09:21:50.169] [Proxy Server] Detected script method: click
[Fastbot][2026-04-09 09:21:50.170] [Proxy Server] Forwarding
[Fastbot][2026-04-09 09:21:50.170] --> POST http://127.0.0.1:9008/jsonrpc/0
[Fastbot][2026-04-09 09:21:50.170] Content-Type: application/json; charset=utf-8
[Fastbot][2026-04-09 09:21:50.170] Content-Length: 72
[Fastbot][2026-04-09 09:21:50.170] 
[Fastbot][2026-04-09 09:21:50.171] {"jsonrpc": "2.0", "id": 1, "method": "click", "params": [540.0, 606.5]}
[Fastbot][2026-04-09 09:21:50.171] --> END POST (72-byte body)
[Fastbot][2026-04-09 09:21:50.328] <-- 200 OK  http://127.0.0.1:9008/jsonrpc/0 (156ms)
[Fastbot][2026-04-09 09:21:50.328] Content-Type: application/json
[Fastbot][2026-04-09 09:21:50.328] Date: Thu, 9 Apr 2026 09:21:50 GMT
[Fastbot][2026-04-09 09:21:50.328] Connection: keep-alive
[Fastbot][2026-04-09 09:21:50.328] Transfer-Encoding: chunked
[Fastbot][2026-04-09 09:21:50.329] 
[Fastbot][2026-04-09 09:21:50.329] {"jsonrpc":"2.0","id":1,"result":true}

[Fastbot][2026-04-09 09:21:50.329] <-- END HTTP (39-byte body)
[Fastbot][2026-04-09 09:21:50.919] [Proxy Server] Forwarding
[Fastbot][2026-04-09 09:21:50.920] --> POST http://127.0.0.1:9008/jsonrpc/0
[Fastbot][2026-04-09 09:21:50.920] Content-Type: application/json; charset=utf-8
[Fastbot][2026-04-09 09:21:50.921] Content-Length: 198
[Fastbot][2026-04-09 09:21:50.921] 
[Fastbot][2026-04-09 09:21:50.922] {"jsonrpc": "2.0", "id": 1, "method": "exist", "params": [{"mask": 2097152, "childOrSibling": [], "childOrSiblingSelector": [], "resourceId": "com.amaze.filemanager.debug:id/searchItemFileNameTV"}]}
[Fastbot][2026-04-09 09:21:50.922] --> END POST (198-byte body)
[Fastbot][2026-04-09 09:21:51.817] <-- 200 OK  http://127.0.0.1:9008/jsonrpc/0 (894ms)
[Fastbot][2026-04-09 09:21:51.817] Content-Type: application/json
[Fastbot][2026-04-09 09:21:51.817] Date: Thu, 9 Apr 2026 09:21:51 GMT
[Fastbot][2026-04-09 09:21:51.817] Connection: keep-alive
[Fastbot][2026-04-09 09:21:51.817] Transfer-Encoding: chunked
[Fastbot][2026-04-09 09:21:51.818] 
[Fastbot][2026-04-09 09:21:51.818] {"jsonrpc":"2.0","id":1,"result":true}

[Fastbot][2026-04-09 09:21:51.818] <-- END HTTP (39-byte body)
[Fastbot][2026-04-09 09:21:51.851] [Proxy Server] Forwarding
[Fastbot][2026-04-09 09:21:51.851] --> POST http://127.0.0.1:9008/jsonrpc/0
[Fastbot][2026-04-09 09:21:51.852] Content-Type: application/json; charset=utf-8
[Fastbot][2026-04-09 09:21:51.852] Content-Length: 213
[Fastbot][2026-04-09 09:21:51.852] 
[Fastbot][2026-04-09 09:21:51.852] {"jsonrpc": "2.0", "id": 1, "method": "waitForExists", "params": [{"mask": 2097152, "childOrSibling": [], "childOrSiblingSelector": [], "resourceId": "com.amaze.filemanager.debug:id/searchItemFileNameTV"}, 20000]}
[Fastbot][2026-04-09 09:21:51.852] --> END POST (213-byte body)
[Fastbot][2026-04-09 09:21:51.927] <-- 200 OK  http://127.0.0.1:9008/jsonrpc/0 (74ms)
[Fastbot][2026-04-09 09:21:51.928] Content-Type: application/json
[Fastbot][2026-04-09 09:21:51.928] Date: Thu, 9 Apr 2026 09:21:51 GMT
[Fastbot][2026-04-09 09:21:51.928] Connection: keep-alive
[Fastbot][2026-04-09 09:21:51.928] Transfer-Encoding: chunked
[Fastbot][2026-04-09 09:21:51.928] 
[Fastbot][2026-04-09 09:21:51.928] {"jsonrpc":"2.0","id":1,"result":true}

[Fastbot][2026-04-09 09:21:51.928] <-- END HTTP (39-byte body)
[Fastbot][2026-04-09 09:21:51.996] [Proxy Server] Forwarding
[Fastbot][2026-04-09 09:21:51.996] --> POST http://127.0.0.1:9008/jsonrpc/0
[Fastbot][2026-04-09 09:21:51.997] Content-Type: application/json; charset=utf-8
[Fastbot][2026-04-09 09:21:51.998] Content-Length: 200
[Fastbot][2026-04-09 09:21:51.998] 
[Fastbot][2026-04-09 09:21:51.998] {"jsonrpc": "2.0", "id": 1, "method": "getText", "params": [{"mask": 2097152, "childOrSibling": [], "childOrSiblingSelector": [], "resourceId": "com.amaze.filemanager.debug:id/searchItemFileNameTV"}]}
[Fastbot][2026-04-09 09:21:52.001] --> END POST (200-byte body)
[Fastbot][2026-04-09 09:21:52.301] <-- 200 OK  http://127.0.0.1:9008/jsonrpc/0 (300ms)
[Fastbot][2026-04-09 09:21:52.301] Content-Type: application/json
[Fastbot][2026-04-09 09:21:52.302] Date: Thu, 9 Apr 2026 09:21:52 GMT
[Fastbot][2026-04-09 09:21:52.302] Connection: keep-alive
[Fastbot][2026-04-09 09:21:52.302] Transfer-Encoding: chunked
[Fastbot][2026-04-09 09:21:52.302] 
[Fastbot][2026-04-09 09:21:52.302] {"jsonrpc":"2.0","id":1,"result":"A.txt"}

[Fastbot][2026-04-09 09:21:52.302] <-- END HTTP (42-byte body)
[Fastbot][2026-04-09 09:21:52.838] [Proxy Server] Forwarding
[Fastbot][2026-04-09 09:21:52.839] --> POST http://127.0.0.1:9008/jsonrpc/0
[Fastbot][2026-04-09 09:21:52.842] Content-Type: application/json; charset=utf-8
[Fastbot][2026-04-09 09:21:52.842] Content-Length: 230
[Fastbot][2026-04-09 09:21:52.842] 
[Fastbot][2026-04-09 09:21:52.842] {"jsonrpc": "2.0", "id": 1, "method": "waitForExists", "params": [{"mask": 2097153, "childOrSibling": [], "childOrSiblingSelector": [], "resourceId": "com.amaze.filemanager.debug:id/searchItemFileNameTV", "text": "A.txt"}, 20000]}
[Fastbot][2026-04-09 09:21:52.842] --> END POST (230-byte body)
[Fastbot][2026-04-09 09:21:52.938] <-- 200 OK  http://127.0.0.1:9008/jsonrpc/0 (96ms)
[Fastbot][2026-04-09 09:21:52.939] Content-Type: application/json
[Fastbot][2026-04-09 09:21:52.940] Date: Thu, 9 Apr 2026 09:21:52 GMT
[Fastbot][2026-04-09 09:21:52.940] Connection: keep-alive
[Fastbot][2026-04-09 09:21:52.943] Transfer-Encoding: chunked
[Fastbot][2026-04-09 09:21:52.944] 
[Fastbot][2026-04-09 09:21:52.945] {"jsonrpc":"2.0","id":1,"result":true}

[Fastbot][2026-04-09 09:21:52.945] <-- END HTTP (39-byte body)
[Fastbot][2026-04-09 09:21:53.005] [Proxy Server] Forwarding
[Fastbot][2026-04-09 09:21:53.005] --> POST http://127.0.0.1:9008/jsonrpc/0
[Fastbot][2026-04-09 09:21:53.006] Content-Type: application/json; charset=utf-8
[Fastbot][2026-04-09 09:21:53.006] Content-Length: 217
[Fastbot][2026-04-09 09:21:53.006] 
[Fastbot][2026-04-09 09:21:53.006] {"jsonrpc": "2.0", "id": 1, "method": "objInfo", "params": [{"mask": 2097153, "childOrSibling": [], "childOrSiblingSelector": [], "resourceId": "com.amaze.filemanager.debug:id/searchItemFileNameTV", "text": "A.txt"}]}
[Fastbot][2026-04-09 09:21:53.007] --> END POST (217-byte body)
[Fastbot][2026-04-09 09:21:53.744] <-- 200 OK  http://127.0.0.1:9008/jsonrpc/0 (736ms)
[Fastbot][2026-04-09 09:21:53.744] Content-Type: application/json
[Fastbot][2026-04-09 09:21:53.744] Date: Thu, 9 Apr 2026 09:21:53 GMT
[Fastbot][2026-04-09 09:21:53.744] Connection: keep-alive
[Fastbot][2026-04-09 09:21:53.744] Transfer-Encoding: chunked
[Fastbot][2026-04-09 09:21:53.745] 
[Fastbot][2026-04-09 09:21:53.745] {"jsonrpc":"2.0","id":1,"result":{"bounds":{"bottom":851,"left":76,"right":1015,"top":792},"childCount":0,"className":"android.widget.TextView","contentDescription":null,"packageName":"com.amaze.filemanager.debug","resourceName":"com.amaze.filemanager.debug:id/searchItemFileNameTV","text":"A.txt","v...[truncated]
[Fastbot][2026-04-09 09:21:53.745] <-- END HTTP (523-byte body)
[Fastbot][2026-04-09 09:21:53.781] [Proxy Server] Detected script method: click
[Fastbot][2026-04-09 09:21:53.782] [Proxy Server] Forwarding
[Fastbot][2026-04-09 09:21:53.783] --> POST http://127.0.0.1:9008/jsonrpc/0
[Fastbot][2026-04-09 09:21:53.783] Content-Type: application/json; charset=utf-8
[Fastbot][2026-04-09 09:21:53.783] Content-Length: 72
[Fastbot][2026-04-09 09:21:53.783] 
[Fastbot][2026-04-09 09:21:53.783] {"jsonrpc": "2.0", "id": 1, "method": "click", "params": [545.5, 821.5]}
[Fastbot][2026-04-09 09:21:53.783] --> END POST (72-byte body)
[Fastbot][2026-04-09 09:21:53.966] <-- 200 OK  http://127.0.0.1:9008/jsonrpc/0 (181ms)
[Fastbot][2026-04-09 09:21:53.966] Content-Type: application/json
[Fastbot][2026-04-09 09:21:53.966] Date: Thu, 9 Apr 2026 09:21:53 GMT
[Fastbot][2026-04-09 09:21:53.966] Connection: keep-alive
[Fastbot][2026-04-09 09:21:53.966] Transfer-Encoding: chunked
[Fastbot][2026-04-09 09:21:53.967] 
[Fastbot][2026-04-09 09:21:53.968] {"jsonrpc":"2.0","id":1,"result":true}

[Fastbot][2026-04-09 09:21:53.968] <-- END HTTP (39-byte body)
[Fastbot][2026-04-09 09:21:53.973] // the top activity is com.amaze.filemanager.ui.activities.texteditor.TextEditorActivity, phone capture activity is com.android.camera.CaptureActivity
[Fastbot][2026-04-09 09:21:53.973]     // Allowing start of Intent { act=android.intent.action.VIEW dat=content://com.amaze.filemanager.debug/storage_root/storage/emulated/0/Documents/mordor/A.txt typ=text/plain cmp=com.amaze.filemanager.debug/com.amaze.filemanager.ui.activities.texteditor.TextEditorActivity } in package com.amaze.filemanager.debug
[Fastbot][2026-04-09 09:21:54.506] // [Script] current activity is com.amaze.filemanager.ui.activities.texteditor.TextEditorActivity
[Fastbot][2026-04-09 09:21:54.506] [Proxy Server] Forwarding
[Fastbot][2026-04-09 09:21:54.506] --> POST http://127.0.0.1:9008/jsonrpc/0
[Fastbot][2026-04-09 09:21:54.507] Content-Type: application/json; charset=utf-8
[Fastbot][2026-04-09 09:21:54.507] Content-Length: 209
[Fastbot][2026-04-09 09:21:54.507] 
[Fastbot][2026-04-09 09:21:54.507] {"jsonrpc": "2.0", "id": 1, "method": "exist", "params": [{"mask": 2097153, "childOrSibling": [], "childOrSiblingSelector": [], "resourceId": "com.amaze.filemanager.debug:id/always_button", "text": "Always"}]}
[Fastbot][2026-04-09 09:21:54.507] --> END POST (209-byte body)
[Fastbot][2026-04-09 09:21:55.076] <-- 200 OK  http://127.0.0.1:9008/jsonrpc/0 (568ms)
[Fastbot][2026-04-09 09:21:55.077] Content-Type: application/json
[Fastbot][2026-04-09 09:21:55.077] Date: Thu, 9 Apr 2026 09:21:55 GMT
[Fastbot][2026-04-09 09:21:55.077] Connection: keep-alive
[Fastbot][2026-04-09 09:21:55.077] Transfer-Encoding: chunked
[Fastbot][2026-04-09 09:21:55.078] 
[Fastbot][2026-04-09 09:21:55.079] {"jsonrpc":"2.0","id":1,"result":false}

[Fastbot][2026-04-09 09:21:55.079] <-- END HTTP (40-byte body)
[Fastbot][2026-04-09 09:21:55.124] [Proxy Server] Forwarding
[Fastbot][2026-04-09 09:21:55.124] --> POST http://127.0.0.1:9008/jsonrpc/0
[Fastbot][2026-04-09 09:21:55.124] Content-Type: application/json; charset=utf-8
[Fastbot][2026-04-09 09:21:55.125] Content-Length: 196
[Fastbot][2026-04-09 09:21:55.125] 
[Fastbot][2026-04-09 09:21:55.125] {"jsonrpc": "2.0", "id": 1, "method": "waitForExists", "params": [{"mask": 8388624, "childOrSibling": [], "childOrSiblingSelector": [], "className": "android.widget.TextView", "index": 1}, 20000]}
[Fastbot][2026-04-09 09:21:55.125] --> END POST (196-byte body)
[Fastbot][2026-04-09 09:21:55.132] <-- 200 OK  http://127.0.0.1:9008/jsonrpc/0 (6ms)
[Fastbot][2026-04-09 09:21:55.132] Content-Type: application/json
[Fastbot][2026-04-09 09:21:55.132] Date: Thu, 9 Apr 2026 09:21:55 GMT
[Fastbot][2026-04-09 09:21:55.132] Connection: keep-alive
[Fastbot][2026-04-09 09:21:55.133] Transfer-Encoding: chunked
[Fastbot][2026-04-09 09:21:55.134] 
[Fastbot][2026-04-09 09:21:55.134] {"jsonrpc":"2.0","id":1,"result":true}

[Fastbot][2026-04-09 09:21:55.135] <-- END HTTP (39-byte body)
[Fastbot][2026-04-09 09:21:55.173] [Proxy Server] Forwarding
[Fastbot][2026-04-09 09:21:55.173] --> POST http://127.0.0.1:9008/jsonrpc/0
[Fastbot][2026-04-09 09:21:55.173] Content-Type: application/json; charset=utf-8
[Fastbot][2026-04-09 09:21:55.174] Content-Length: 183
[Fastbot][2026-04-09 09:21:55.174] 
[Fastbot][2026-04-09 09:21:55.174] {"jsonrpc": "2.0", "id": 1, "method": "getText", "params": [{"mask": 8388624, "childOrSibling": [], "childOrSiblingSelector": [], "className": "android.widget.TextView", "index": 1}]}
[Fastbot][2026-04-09 09:21:55.175] --> END POST (183-byte body)
[Fastbot][2026-04-09 09:21:55.181] <-- 200 OK  http://127.0.0.1:9008/jsonrpc/0 (6ms)
[Fastbot][2026-04-09 09:21:55.181] Content-Type: application/json
[Fastbot][2026-04-09 09:21:55.181] Date: Thu, 9 Apr 2026 09:21:55 GMT
[Fastbot][2026-04-09 09:21:55.181] Connection: keep-alive
[Fastbot][2026-04-09 09:21:55.181] Transfer-Encoding: chunked
[Fastbot][2026-04-09 09:21:55.183] 
[Fastbot][2026-04-09 09:21:55.183] {"jsonrpc":"2.0","id":1,"result":"A.txt"}

[Fastbot][2026-04-09 09:21:55.184] <-- END HTTP (42-byte body)
[Fastbot][2026-04-09 09:21:55.221] [Proxy Server] Forwarding
[Fastbot][2026-04-09 09:21:55.222] --> POST http://127.0.0.1:9008/jsonrpc/0
[Fastbot][2026-04-09 09:21:55.222] Content-Type: application/json; charset=utf-8
[Fastbot][2026-04-09 09:21:55.222] Content-Length: 215
[Fastbot][2026-04-09 09:21:55.222] 
[Fastbot][2026-04-09 09:21:55.222] {"jsonrpc": "2.0", "id": 1, "method": "waitForExists", "params": [{"mask": 2097152, "childOrSibling": [], "childOrSiblingSelector": [], "resourceId": "com.amaze.filemanager.debug:id/textEditorMainEditText"}, 20000]}
[Fastbot][2026-04-09 09:21:55.222] --> END POST (215-byte body)
[Fastbot][2026-04-09 09:21:55.233] <-- 200 OK  http://127.0.0.1:9008/jsonrpc/0 (10ms)
[Fastbot][2026-04-09 09:21:55.233] Content-Type: application/json
[Fastbot][2026-04-09 09:21:55.233] Date: Thu, 9 Apr 2026 09:21:55 GMT
[Fastbot][2026-04-09 09:21:55.233] Connection: keep-alive
[Fastbot][2026-04-09 09:21:55.233] Transfer-Encoding: chunked
[Fastbot][2026-04-09 09:21:55.234] 
[Fastbot][2026-04-09 09:21:55.234] {"jsonrpc":"2.0","id":1,"result":true}

[Fastbot][2026-04-09 09:21:55.234] <-- END HTTP (39-byte body)
[Fastbot][2026-04-09 09:21:55.267] [Proxy Server] Detected script method: setText
[Fastbot][2026-04-09 09:21:55.267] [Proxy Server] Forwarding
[Fastbot][2026-04-09 09:21:55.267] --> POST http://127.0.0.1:9008/jsonrpc/0
[Fastbot][2026-04-09 09:21:55.268] Content-Type: application/json; charset=utf-8
[Fastbot][2026-04-09 09:21:55.268] Content-Length: 278
[Fastbot][2026-04-09 09:21:55.268] 
[Fastbot][2026-04-09 09:21:55.268] {"jsonrpc": "2.0", "id": 1, "method": "setText", "params": [{"mask": 2097152, "childOrSibling": [], "childOrSiblingSelector": [], "resourceId": "com.amaze.filemanager.debug:id/textEditorMainEditText"}, "CvxLDAU4xSrVEOnA8hmM6QE4IoZS1_9RgqkH77X0yEg7EQHTmeFpZYTBqNDHQt03ea6QID4x"]}
[Fastbot][2026-04-09 09:21:55.268] --> END POST (278-byte body)
[Fastbot][2026-04-09 09:21:55.642] <-- 200 OK  http://127.0.0.1:9008/jsonrpc/0 (373ms)
[Fastbot][2026-04-09 09:21:55.643] Content-Type: application/json
[Fastbot][2026-04-09 09:21:55.643] Date: Thu, 9 Apr 2026 09:21:55 GMT
[Fastbot][2026-04-09 09:21:55.643] Connection: keep-alive
[Fastbot][2026-04-09 09:21:55.643] Transfer-Encoding: chunked
[Fastbot][2026-04-09 09:21:55.646] 
[Fastbot][2026-04-09 09:21:55.646] {"jsonrpc":"2.0","id":1,"result":true}

[Fastbot][2026-04-09 09:21:55.646] <-- END HTTP (39-byte body)
[Fastbot][2026-04-09 09:21:56.199] [Proxy Server] Detected script method: pressKey
[Fastbot][2026-04-09 09:21:56.200] [Proxy Server] Forwarding
[Fastbot][2026-04-09 09:21:56.201] --> POST http://127.0.0.1:9008/jsonrpc/0
[Fastbot][2026-04-09 09:21:56.201] Content-Type: application/json; charset=utf-8
[Fastbot][2026-04-09 09:21:56.201] Content-Length: 69
[Fastbot][2026-04-09 09:21:56.202] 
[Fastbot][2026-04-09 09:21:56.202] {"jsonrpc": "2.0", "id": 1, "method": "pressKey", "params": ["back"]}
[Fastbot][2026-04-09 09:21:56.202] --> END POST (69-byte body)
[Fastbot][2026-04-09 09:21:56.490] <-- 200 OK  http://127.0.0.1:9008/jsonrpc/0 (288ms)
[Fastbot][2026-04-09 09:21:56.491] Content-Type: application/json
[Fastbot][2026-04-09 09:21:56.491] Date: Thu, 9 Apr 2026 09:21:56 GMT
[Fastbot][2026-04-09 09:21:56.491] Connection: keep-alive
[Fastbot][2026-04-09 09:21:56.492] Transfer-Encoding: chunked
[Fastbot][2026-04-09 09:21:56.512] 
[Fastbot][2026-04-09 09:21:56.512] {"jsonrpc":"2.0","id":1,"result":true}

[Fastbot][2026-04-09 09:21:56.512] <-- END HTTP (39-byte body)
[Fastbot][2026-04-09 09:21:57.030] [Proxy Server] Forwarding
[Fastbot][2026-04-09 09:21:57.030] --> POST http://127.0.0.1:9008/jsonrpc/0
[Fastbot][2026-04-09 09:21:57.030] Content-Type: application/json; charset=utf-8
[Fastbot][2026-04-09 09:21:57.030] Content-Length: 232
[Fastbot][2026-04-09 09:21:57.031] 
[Fastbot][2026-04-09 09:21:57.031] {"jsonrpc": "2.0", "id": 1, "method": "waitForExists", "params": [{"mask": 2097153, "childOrSibling": [], "childOrSiblingSelector": [], "resourceId": "com.amaze.filemanager.debug:id/md_buttonDefaultPositive", "text": "YES"}, 20000]}
[Fastbot][2026-04-09 09:21:57.032] --> END POST (232-byte body)
[Fastbot][2026-04-09 09:21:57.040] <-- 200 OK  http://127.0.0.1:9008/jsonrpc/0 (8ms)
[Fastbot][2026-04-09 09:21:57.040] Content-Type: application/json
[Fastbot][2026-04-09 09:21:57.040] Date: Thu, 9 Apr 2026 09:21:57 GMT
[Fastbot][2026-04-09 09:21:57.040] Connection: keep-alive
[Fastbot][2026-04-09 09:21:57.040] Transfer-Encoding: chunked
[Fastbot][2026-04-09 09:21:57.041] 
[Fastbot][2026-04-09 09:21:57.041] {"jsonrpc":"2.0","id":1,"result":true}

[Fastbot][2026-04-09 09:21:57.041] <-- END HTTP (39-byte body)
[Fastbot][2026-04-09 09:21:57.091] [Proxy Server] Forwarding
[Fastbot][2026-04-09 09:21:57.091] --> POST http://127.0.0.1:9008/jsonrpc/0
[Fastbot][2026-04-09 09:21:57.091] Content-Type: application/json; charset=utf-8
[Fastbot][2026-04-09 09:21:57.091] Content-Length: 219
[Fastbot][2026-04-09 09:21:57.092] 
[Fastbot][2026-04-09 09:21:57.092] {"jsonrpc": "2.0", "id": 1, "method": "objInfo", "params": [{"mask": 2097153, "childOrSibling": [], "childOrSiblingSelector": [], "resourceId": "com.amaze.filemanager.debug:id/md_buttonDefaultPositive", "text": "YES"}]}
[Fastbot][2026-04-09 09:21:57.092] --> END POST (219-byte body)
[Fastbot][2026-04-09 09:21:57.116] <-- 200 OK  http://127.0.0.1:9008/jsonrpc/0 (23ms)
[Fastbot][2026-04-09 09:21:57.116] Content-Type: application/json
[Fastbot][2026-04-09 09:21:57.116] Date: Thu, 9 Apr 2026 09:21:57 GMT
[Fastbot][2026-04-09 09:21:57.116] Connection: keep-alive
[Fastbot][2026-04-09 09:21:57.116] Transfer-Encoding: chunked
[Fastbot][2026-04-09 09:21:57.116] 
[Fastbot][2026-04-09 09:21:57.116] {"jsonrpc":"2.0","id":1,"result":{"bounds":{"bottom":1284,"left":772,"right":915,"top":1218},"childCount":0,"className":"android.widget.TextView","contentDescription":null,"packageName":"com.amaze.filemanager.debug","resourceName":"com.amaze.filemanager.debug:id/md_buttonDefaultPositive","text":"YES...[truncated]
[Fastbot][2026-04-09 09:21:57.117] <-- END HTTP (527-byte body)
[Fastbot][2026-04-09 09:21:57.154] [Proxy Server] Detected script method: click
[Fastbot][2026-04-09 09:21:57.154] [Proxy Server] Forwarding
[Fastbot][2026-04-09 09:21:57.154] --> POST http://127.0.0.1:9008/jsonrpc/0
[Fastbot][2026-04-09 09:21:57.155] Content-Type: application/json; charset=utf-8
[Fastbot][2026-04-09 09:21:57.155] Content-Length: 73
[Fastbot][2026-04-09 09:21:57.156] 
[Fastbot][2026-04-09 09:21:57.156] {"jsonrpc": "2.0", "id": 1, "method": "click", "params": [843.5, 1251.0]}
[Fastbot][2026-04-09 09:21:57.156] --> END POST (73-byte body)
[Fastbot][2026-04-09 09:21:57.295] <-- 200 OK  http://127.0.0.1:9008/jsonrpc/0 (138ms)
[Fastbot][2026-04-09 09:21:57.295] Content-Type: application/json
[Fastbot][2026-04-09 09:21:57.295] Date: Thu, 9 Apr 2026 09:21:57 GMT
[Fastbot][2026-04-09 09:21:57.295] Connection: keep-alive
[Fastbot][2026-04-09 09:21:57.296] Transfer-Encoding: chunked
[Fastbot][2026-04-09 09:21:57.296] 
[Fastbot][2026-04-09 09:21:57.296] {"jsonrpc":"2.0","id":1,"result":true}

[Fastbot][2026-04-09 09:21:57.296] <-- END HTTP (39-byte body)
[Fastbot][2026-04-09 09:21:57.836] // [Script] current activity is com.amaze.filemanager.ui.activities.MainActivity
[Fastbot][2026-04-09 09:21:57.837] [Proxy Server] Forwarding
[Fastbot][2026-04-09 09:21:57.838] --> POST http://127.0.0.1:9008/jsonrpc/0
[Fastbot][2026-04-09 09:21:57.838] Content-Type: application/json; charset=utf-8
[Fastbot][2026-04-09 09:21:57.838] Content-Length: 212
[Fastbot][2026-04-09 09:21:57.839] 
[Fastbot][2026-04-09 09:21:57.839] {"jsonrpc": "2.0", "id": 1, "method": "waitForExists", "params": [{"mask": 10485760, "childOrSibling": [], "childOrSiblingSelector": [], "resourceId": "com.amaze.filemanager.debug:id/search", "index": 0}, 20000]}
[Fastbot][2026-04-09 09:21:57.839] --> END POST (212-byte body)
[Fastbot][2026-04-09 09:21:58.104] <-- 200 OK  http://127.0.0.1:9008/jsonrpc/0 (264ms)
[Fastbot][2026-04-09 09:21:58.104] Content-Type: application/json
[Fastbot][2026-04-09 09:21:58.105] Date: Thu, 9 Apr 2026 09:21:58 GMT
[Fastbot][2026-04-09 09:21:58.105] Connection: keep-alive
[Fastbot][2026-04-09 09:21:58.105] Transfer-Encoding: chunked
[Fastbot][2026-04-09 09:21:58.106] 
[Fastbot][2026-04-09 09:21:58.107] {"jsonrpc":"2.0","id":1,"result":true}

[Fastbot][2026-04-09 09:21:58.108] <-- END HTTP (39-byte body)
[Fastbot][2026-04-09 09:21:58.178] [Proxy Server] Forwarding
[Fastbot][2026-04-09 09:21:58.179] --> POST http://127.0.0.1:9008/jsonrpc/0
[Fastbot][2026-04-09 09:21:58.180] Content-Type: application/json; charset=utf-8
[Fastbot][2026-04-09 09:21:58.180] Content-Length: 199
[Fastbot][2026-04-09 09:21:58.180] 
[Fastbot][2026-04-09 09:21:58.181] {"jsonrpc": "2.0", "id": 1, "method": "objInfo", "params": [{"mask": 10485760, "childOrSibling": [], "childOrSiblingSelector": [], "resourceId": "com.amaze.filemanager.debug:id/search", "index": 0}]}
[Fastbot][2026-04-09 09:21:58.181] --> END POST (199-byte body)
[Fastbot][2026-04-09 09:21:59.072] <-- 200 OK  http://127.0.0.1:9008/jsonrpc/0 (889ms)
[Fastbot][2026-04-09 09:21:59.072] Content-Type: application/json
[Fastbot][2026-04-09 09:21:59.072] Date: Thu, 9 Apr 2026 09:21:59 GMT
[Fastbot][2026-04-09 09:21:59.072] Connection: keep-alive
[Fastbot][2026-04-09 09:21:59.072] Transfer-Encoding: chunked
[Fastbot][2026-04-09 09:21:59.073] 
[Fastbot][2026-04-09 09:21:59.073] {"jsonrpc":"2.0","id":1,"result":{"bounds":{"bottom":226,"left":705,"right":837,"top":94},"childCount":0,"className":"android.widget.Button","contentDescription":"Search","packageName":"com.amaze.filemanager.debug","resourceName":null,"text":"","visibleBounds":{"bottom":226,"left":705,"right":837,"t...[truncated]
[Fastbot][2026-04-09 09:21:59.073] <-- END HTTP (467-byte body)
[Fastbot][2026-04-09 09:21:59.103] [Proxy Server] Detected script method: click
[Fastbot][2026-04-09 09:21:59.104] [Proxy Server] Forwarding
[Fastbot][2026-04-09 09:21:59.105] --> POST http://127.0.0.1:9008/jsonrpc/0
[Fastbot][2026-04-09 09:21:59.106] Content-Type: application/json; charset=utf-8
[Fastbot][2026-04-09 09:21:59.106] Content-Length: 72
[Fastbot][2026-04-09 09:21:59.106] 
[Fastbot][2026-04-09 09:21:59.106] {"jsonrpc": "2.0", "id": 1, "method": "click", "params": [771.0, 160.0]}
[Fastbot][2026-04-09 09:21:59.106] --> END POST (72-byte body)
[Fastbot][2026-04-09 09:21:59.295] <-- 200 OK  http://127.0.0.1:9008/jsonrpc/0 (188ms)
[Fastbot][2026-04-09 09:21:59.295] Content-Type: application/json
[Fastbot][2026-04-09 09:21:59.295] Date: Thu, 9 Apr 2026 09:21:59 GMT
[Fastbot][2026-04-09 09:21:59.296] Connection: keep-alive
[Fastbot][2026-04-09 09:21:59.296] Transfer-Encoding: chunked
[Fastbot][2026-04-09 09:21:59.296] 
[Fastbot][2026-04-09 09:21:59.296] {"jsonrpc":"2.0","id":1,"result":true}

[Fastbot][2026-04-09 09:21:59.296] <-- END HTTP (39-byte body)
[Fastbot][2026-04-09 09:21:59.841] [Proxy Server] Forwarding
[Fastbot][2026-04-09 09:21:59.841] --> POST http://127.0.0.1:9008/jsonrpc/0
[Fastbot][2026-04-09 09:21:59.841] Content-Type: application/json; charset=utf-8
[Fastbot][2026-04-09 09:21:59.841] Content-Length: 209
[Fastbot][2026-04-09 09:21:59.841] 
[Fastbot][2026-04-09 09:21:59.841] {"jsonrpc": "2.0", "id": 1, "method": "waitForExists", "params": [{"mask": 2097152, "childOrSibling": [], "childOrSiblingSelector": [], "resourceId": "com.amaze.filemanager.debug:id/search_edit_text"}, 20000]}
[Fastbot][2026-04-09 09:21:59.842] --> END POST (209-byte body)
[Fastbot][2026-04-09 09:22:00.769] <-- 200 OK  http://127.0.0.1:9008/jsonrpc/0 (926ms)
[Fastbot][2026-04-09 09:22:00.769] Content-Type: application/json
[Fastbot][2026-04-09 09:22:00.769] Date: Thu, 9 Apr 2026 09:22:00 GMT
[Fastbot][2026-04-09 09:22:00.769] Connection: keep-alive
[Fastbot][2026-04-09 09:22:00.769] Transfer-Encoding: chunked
[Fastbot][2026-04-09 09:22:00.770] 
[Fastbot][2026-04-09 09:22:00.770] {"jsonrpc":"2.0","id":1,"result":true}

[Fastbot][2026-04-09 09:22:00.770] <-- END HTTP (39-byte body)
[Fastbot][2026-04-09 09:22:00.806] [Proxy Server] Detected script method: setText
[Fastbot][2026-04-09 09:22:00.806] [Proxy Server] Forwarding
[Fastbot][2026-04-09 09:22:00.807] --> POST http://127.0.0.1:9008/jsonrpc/0
[Fastbot][2026-04-09 09:22:00.808] Content-Type: application/json; charset=utf-8
[Fastbot][2026-04-09 09:22:00.808] Content-Length: 205
[Fastbot][2026-04-09 09:22:00.810] 
[Fastbot][2026-04-09 09:22:00.811] {"jsonrpc": "2.0", "id": 1, "method": "setText", "params": [{"mask": 2097152, "childOrSibling": [], "childOrSiblingSelector": [], "resourceId": "com.amaze.filemanager.debug:id/search_edit_text"}, "A.txt"]}
[Fastbot][2026-04-09 09:22:00.811] --> END POST (205-byte body)
[Fastbot][2026-04-09 09:22:01.222] <-- 200 OK  http://127.0.0.1:9008/jsonrpc/0 (411ms)
[Fastbot][2026-04-09 09:22:01.222] Content-Type: application/json
[Fastbot][2026-04-09 09:22:01.223] Date: Thu, 9 Apr 2026 09:22:01 GMT
[Fastbot][2026-04-09 09:22:01.223] Connection: keep-alive
[Fastbot][2026-04-09 09:22:01.223] Transfer-Encoding: chunked
[Fastbot][2026-04-09 09:22:01.224] 
[Fastbot][2026-04-09 09:22:01.225] {"jsonrpc":"2.0","id":1,"result":true}

[Fastbot][2026-04-09 09:22:01.250] <-- END HTTP (39-byte body)
[Fastbot][2026-04-09 09:22:01.781] [Proxy Server] Forwarding
[Fastbot][2026-04-09 09:22:01.782] --> POST http://127.0.0.1:9008/jsonrpc/0
[Fastbot][2026-04-09 09:22:01.783] Content-Type: application/json; charset=utf-8
[Fastbot][2026-04-09 09:22:01.783] Content-Length: 211
[Fastbot][2026-04-09 09:22:01.783] 
[Fastbot][2026-04-09 09:22:01.783] {"jsonrpc": "2.0", "id": 1, "method": "waitForExists", "params": [{"mask": 2097152, "childOrSibling": [], "childOrSiblingSelector": [], "resourceId": "com.amaze.filemanager.debug:id/searchDeepSearchTV"}, 20000]}
[Fastbot][2026-04-09 09:22:01.784] --> END POST (211-byte body)
[Fastbot][2026-04-09 09:22:02.597] <-- 200 OK  http://127.0.0.1:9008/jsonrpc/0 (812ms)
[Fastbot][2026-04-09 09:22:02.597] Content-Type: application/json
[Fastbot][2026-04-09 09:22:02.597] Date: Thu, 9 Apr 2026 09:22:02 GMT
[Fastbot][2026-04-09 09:22:02.597] Connection: keep-alive
[Fastbot][2026-04-09 09:22:02.597] Transfer-Encoding: chunked
[Fastbot][2026-04-09 09:22:02.598] 
[Fastbot][2026-04-09 09:22:02.598] {"jsonrpc":"2.0","id":1,"result":true}

[Fastbot][2026-04-09 09:22:02.598] <-- END HTTP (39-byte body)
[Fastbot][2026-04-09 09:22:02.654] [Proxy Server] Forwarding
[Fastbot][2026-04-09 09:22:02.654] --> POST http://127.0.0.1:9008/jsonrpc/0
[Fastbot][2026-04-09 09:22:02.654] Content-Type: application/json; charset=utf-8
[Fastbot][2026-04-09 09:22:02.655] Content-Length: 198
[Fastbot][2026-04-09 09:22:02.655] 
[Fastbot][2026-04-09 09:22:02.655] {"jsonrpc": "2.0", "id": 1, "method": "objInfo", "params": [{"mask": 2097152, "childOrSibling": [], "childOrSiblingSelector": [], "resourceId": "com.amaze.filemanager.debug:id/searchDeepSearchTV"}]}
[Fastbot][2026-04-09 09:22:02.655] --> END POST (198-byte body)
[Fastbot][2026-04-09 09:22:03.435] <-- 200 OK  http://127.0.0.1:9008/jsonrpc/0 (779ms)
[Fastbot][2026-04-09 09:22:03.435] Content-Type: application/json
[Fastbot][2026-04-09 09:22:03.435] Date: Thu, 9 Apr 2026 09:22:03 GMT
[Fastbot][2026-04-09 09:22:03.435] Connection: keep-alive
[Fastbot][2026-04-09 09:22:03.436] Transfer-Encoding: chunked
[Fastbot][2026-04-09 09:22:03.436] 
[Fastbot][2026-04-09 09:22:03.436] {"jsonrpc":"2.0","id":1,"result":{"bounds":{"bottom":684,"left":28,"right":1052,"top":529},"childCount":0,"className":"android.widget.TextView","contentDescription":null,"packageName":"com.amaze.filemanager.debug","resourceName":"com.amaze.filemanager.debug:id/searchDeepSearchTV","text":"Not finding...[truncated]
[Fastbot][2026-04-09 09:22:03.437] <-- END HTTP (570-byte body)
[Fastbot][2026-04-09 09:22:03.475] [Proxy Server] Detected script method: click
[Fastbot][2026-04-09 09:22:03.476] [Proxy Server] Forwarding
[Fastbot][2026-04-09 09:22:03.477] --> POST http://127.0.0.1:9008/jsonrpc/0
[Fastbot][2026-04-09 09:22:03.477] Content-Type: application/json; charset=utf-8
[Fastbot][2026-04-09 09:22:03.477] Content-Length: 72
[Fastbot][2026-04-09 09:22:03.478] 
[Fastbot][2026-04-09 09:22:03.478] {"jsonrpc": "2.0", "id": 1, "method": "click", "params": [540.0, 606.5]}
[Fastbot][2026-04-09 09:22:03.478] --> END POST (72-byte body)
[Fastbot][2026-04-09 09:22:03.663] <-- 200 OK  http://127.0.0.1:9008/jsonrpc/0 (184ms)
[Fastbot][2026-04-09 09:22:03.663] Content-Type: application/json
[Fastbot][2026-04-09 09:22:03.663] Date: Thu, 9 Apr 2026 09:22:03 GMT
[Fastbot][2026-04-09 09:22:03.663] Connection: keep-alive
[Fastbot][2026-04-09 09:22:03.663] Transfer-Encoding: chunked
[Fastbot][2026-04-09 09:22:03.663] 
[Fastbot][2026-04-09 09:22:03.663] {"jsonrpc":"2.0","id":1,"result":true}

[Fastbot][2026-04-09 09:22:03.663] <-- END HTTP (39-byte body)
[Fastbot][2026-04-09 09:22:04.201] [Proxy Server] Forwarding
[Fastbot][2026-04-09 09:22:04.201] --> POST http://127.0.0.1:9008/jsonrpc/0
[Fastbot][2026-04-09 09:22:04.202] Content-Type: application/json; charset=utf-8
[Fastbot][2026-04-09 09:22:04.202] Content-Length: 198
[Fastbot][2026-04-09 09:22:04.202] 
[Fastbot][2026-04-09 09:22:04.203] {"jsonrpc": "2.0", "id": 1, "method": "exist", "params": [{"mask": 2097152, "childOrSibling": [], "childOrSiblingSelector": [], "resourceId": "com.amaze.filemanager.debug:id/searchItemFileNameTV"}]}
[Fastbot][2026-04-09 09:22:04.203] --> END POST (198-byte body)
[Fastbot][2026-04-09 09:22:05.005] <-- 200 OK  http://127.0.0.1:9008/jsonrpc/0 (801ms)
[Fastbot][2026-04-09 09:22:05.005] Content-Type: application/json
[Fastbot][2026-04-09 09:22:05.005] Date: Thu, 9 Apr 2026 09:22:05 GMT
[Fastbot][2026-04-09 09:22:05.005] Connection: keep-alive
[Fastbot][2026-04-09 09:22:05.005] Transfer-Encoding: chunked
[Fastbot][2026-04-09 09:22:05.005] 
[Fastbot][2026-04-09 09:22:05.006] {"jsonrpc":"2.0","id":1,"result":true}

[Fastbot][2026-04-09 09:22:05.006] <-- END HTTP (39-byte body)
[Fastbot][2026-04-09 09:22:05.023] [Proxy Server] Forwarding
[Fastbot][2026-04-09 09:22:05.023] --> POST http://127.0.0.1:9008/jsonrpc/0
[Fastbot][2026-04-09 09:22:05.023] Content-Type: application/json; charset=utf-8
[Fastbot][2026-04-09 09:22:05.024] Content-Length: 213
[Fastbot][2026-04-09 09:22:05.024] 
[Fastbot][2026-04-09 09:22:05.025] {"jsonrpc": "2.0", "id": 1, "method": "waitForExists", "params": [{"mask": 2097152, "childOrSibling": [], "childOrSiblingSelector": [], "resourceId": "com.amaze.filemanager.debug:id/searchItemFileNameTV"}, 20000]}
[Fastbot][2026-04-09 09:22:05.025] --> END POST (213-byte body)
[Fastbot][2026-04-09 09:22:05.124] <-- 200 OK  http://127.0.0.1:9008/jsonrpc/0 (98ms)
[Fastbot][2026-04-09 09:22:05.124] Content-Type: application/json
[Fastbot][2026-04-09 09:22:05.124] Date: Thu, 9 Apr 2026 09:22:05 GMT
[Fastbot][2026-04-09 09:22:05.125] Connection: keep-alive
[Fastbot][2026-04-09 09:22:05.125] Transfer-Encoding: chunked
[Fastbot][2026-04-09 09:22:05.171] 
[Fastbot][2026-04-09 09:22:05.171] {"jsonrpc":"2.0","id":1,"result":true}

[Fastbot][2026-04-09 09:22:05.172] <-- END HTTP (39-byte body)
[Fastbot][2026-04-09 09:22:05.196] [Proxy Server] Forwarding
[Fastbot][2026-04-09 09:22:05.197] --> POST http://127.0.0.1:9008/jsonrpc/0
[Fastbot][2026-04-09 09:22:05.198] Content-Type: application/json; charset=utf-8
[Fastbot][2026-04-09 09:22:05.198] Content-Length: 200
[Fastbot][2026-04-09 09:22:05.198] 
[Fastbot][2026-04-09 09:22:05.199] {"jsonrpc": "2.0", "id": 1, "method": "getText", "params": [{"mask": 2097152, "childOrSibling": [], "childOrSiblingSelector": [], "resourceId": "com.amaze.filemanager.debug:id/searchItemFileNameTV"}]}
[Fastbot][2026-04-09 09:22:05.199] --> END POST (200-byte body)
[Fastbot][2026-04-09 09:22:05.415] <-- 200 OK  http://127.0.0.1:9008/jsonrpc/0 (216ms)
[Fastbot][2026-04-09 09:22:05.416] Content-Type: application/json
[Fastbot][2026-04-09 09:22:05.416] Date: Thu, 9 Apr 2026 09:22:05 GMT
[Fastbot][2026-04-09 09:22:05.416] Connection: keep-alive
[Fastbot][2026-04-09 09:22:05.416] Transfer-Encoding: chunked
[Fastbot][2026-04-09 09:22:05.461] 
[Fastbot][2026-04-09 09:22:05.461] {"jsonrpc":"2.0","id":1,"result":"A.txt"}

[Fastbot][2026-04-09 09:22:05.461] <-- END HTTP (42-byte body)
[Fastbot][2026-04-09 09:22:05.524] [Proxy Server] Forwarding
[Fastbot][2026-04-09 09:22:05.524] --> POST http://127.0.0.1:9008/jsonrpc/0
[Fastbot][2026-04-09 09:22:05.524] Content-Type: application/json; charset=utf-8
[Fastbot][2026-04-09 09:22:05.524] Content-Length: 213
[Fastbot][2026-04-09 09:22:05.524] 
[Fastbot][2026-04-09 09:22:05.525] {"jsonrpc": "2.0", "id": 1, "method": "waitForExists", "params": [{"mask": 2097152, "childOrSibling": [], "childOrSiblingSelector": [], "resourceId": "com.amaze.filemanager.debug:id/searchItemFileNameTV"}, 20000]}
[Fastbot][2026-04-09 09:22:05.525] --> END POST (213-byte body)
[Fastbot][2026-04-09 09:22:05.685] <-- 200 OK  http://127.0.0.1:9008/jsonrpc/0 (160ms)
[Fastbot][2026-04-09 09:22:05.686] Content-Type: application/json
[Fastbot][2026-04-09 09:22:05.686] Date: Thu, 9 Apr 2026 09:22:05 GMT
[Fastbot][2026-04-09 09:22:05.686] Connection: keep-alive
[Fastbot][2026-04-09 09:22:05.686] Transfer-Encoding: chunked
[Fastbot][2026-04-09 09:22:05.686] 
[Fastbot][2026-04-09 09:22:05.687] {"jsonrpc":"2.0","id":1,"result":true}

[Fastbot][2026-04-09 09:22:05.687] <-- END HTTP (39-byte body)
[Fastbot][2026-04-09 09:22:05.723] [Proxy Server] Forwarding
[Fastbot][2026-04-09 09:22:05.724] --> POST http://127.0.0.1:9008/jsonrpc/0
[Fastbot][2026-04-09 09:22:05.724] Content-Type: application/json; charset=utf-8
[Fastbot][2026-04-09 09:22:05.724] Content-Length: 200
[Fastbot][2026-04-09 09:22:05.724] 
[Fastbot][2026-04-09 09:22:05.724] {"jsonrpc": "2.0", "id": 1, "method": "objInfo", "params": [{"mask": 2097152, "childOrSibling": [], "childOrSiblingSelector": [], "resourceId": "com.amaze.filemanager.debug:id/searchItemFileNameTV"}]}
[Fastbot][2026-04-09 09:22:05.724] --> END POST (200-byte body)
[Fastbot][2026-04-09 09:22:06.468] <-- 200 OK  http://127.0.0.1:9008/jsonrpc/0 (743ms)
[Fastbot][2026-04-09 09:22:06.468] Content-Type: application/json
[Fastbot][2026-04-09 09:22:06.468] Date: Thu, 9 Apr 2026 09:22:06 GMT
[Fastbot][2026-04-09 09:22:06.468] Connection: keep-alive
[Fastbot][2026-04-09 09:22:06.468] Transfer-Encoding: chunked
[Fastbot][2026-04-09 09:22:06.470] 
[Fastbot][2026-04-09 09:22:06.470] {"jsonrpc":"2.0","id":1,"result":{"bounds":{"bottom":851,"left":76,"right":1015,"top":792},"childCount":0,"className":"android.widget.TextView","contentDescription":null,"packageName":"com.amaze.filemanager.debug","resourceName":"com.amaze.filemanager.debug:id/searchItemFileNameTV","text":"A.txt","v...[truncated]
[Fastbot][2026-04-09 09:22:06.470] <-- END HTTP (523-byte body)
[Fastbot][2026-04-09 09:22:06.539] [Proxy Server] Detected script method: click
[Fastbot][2026-04-09 09:22:06.539] [Proxy Server] Forwarding
[Fastbot][2026-04-09 09:22:06.539] --> POST http://127.0.0.1:9008/jsonrpc/0
[Fastbot][2026-04-09 09:22:06.539] Content-Type: application/json; charset=utf-8
[Fastbot][2026-04-09 09:22:06.539] Content-Length: 72
[Fastbot][2026-04-09 09:22:06.540] 
[Fastbot][2026-04-09 09:22:06.540] {"jsonrpc": "2.0", "id": 1, "method": "click", "params": [545.5, 821.5]}
[Fastbot][2026-04-09 09:22:06.541] --> END POST (72-byte body)
[Fastbot][2026-04-09 09:22:06.695] <-- 200 OK  http://127.0.0.1:9008/jsonrpc/0 (154ms)
[Fastbot][2026-04-09 09:22:06.695] Content-Type: application/json
[Fastbot][2026-04-09 09:22:06.696] Date: Thu, 9 Apr 2026 09:22:06 GMT
[Fastbot][2026-04-09 09:22:06.696] Connection: keep-alive
[Fastbot][2026-04-09 09:22:06.696] Transfer-Encoding: chunked
[Fastbot][2026-04-09 09:22:06.696] 
[Fastbot][2026-04-09 09:22:06.696] {"jsonrpc":"2.0","id":1,"result":true}

[Fastbot][2026-04-09 09:22:06.696] <-- END HTTP (39-byte body)
[Fastbot][2026-04-09 09:22:06.732] // the top activity is com.amaze.filemanager.ui.activities.texteditor.TextEditorActivity, phone capture activity is com.android.camera.CaptureActivity
[Fastbot][2026-04-09 09:22:06.732]     // Allowing start of Intent { act=android.intent.action.VIEW dat=content://com.amaze.filemanager.debug/storage_root/storage/emulated/0/Documents/mordor/A.txt typ=text/plain cmp=com.amaze.filemanager.debug/com.amaze.filemanager.ui.activities.texteditor.TextEditorActivity } in package com.amaze.filemanager.debug
[Fastbot][2026-04-09 09:22:07.251] // [Script] current activity is com.amaze.filemanager.ui.activities.texteditor.TextEditorActivity
[Fastbot][2026-04-09 09:22:07.251] [Proxy Server] Forwarding
[Fastbot][2026-04-09 09:22:07.252] --> POST http://127.0.0.1:9008/jsonrpc/0
[Fastbot][2026-04-09 09:22:07.252] Content-Type: application/json; charset=utf-8
[Fastbot][2026-04-09 09:22:07.252] Content-Length: 209
[Fastbot][2026-04-09 09:22:07.252] 
[Fastbot][2026-04-09 09:22:07.252] {"jsonrpc": "2.0", "id": 1, "method": "exist", "params": [{"mask": 2097153, "childOrSibling": [], "childOrSiblingSelector": [], "resourceId": "com.amaze.filemanager.debug:id/always_button", "text": "Always"}]}
[Fastbot][2026-04-09 09:22:07.253] --> END POST (209-byte body)
[Fastbot][2026-04-09 09:22:07.847] <-- 200 OK  http://127.0.0.1:9008/jsonrpc/0 (594ms)
[Fastbot][2026-04-09 09:22:07.847] Content-Type: application/json
[Fastbot][2026-04-09 09:22:07.847] Date: Thu, 9 Apr 2026 09:22:07 GMT
[Fastbot][2026-04-09 09:22:07.847] Connection: keep-alive
[Fastbot][2026-04-09 09:22:07.847] Transfer-Encoding: chunked
[Fastbot][2026-04-09 09:22:07.848] 
[Fastbot][2026-04-09 09:22:07.848] {"jsonrpc":"2.0","id":1,"result":false}

[Fastbot][2026-04-09 09:22:07.848] <-- END HTTP (40-byte body)
[Fastbot][2026-04-09 09:22:07.882] [Proxy Server] Forwarding
[Fastbot][2026-04-09 09:22:07.882] --> POST http://127.0.0.1:9008/jsonrpc/0
[Fastbot][2026-04-09 09:22:07.882] Content-Type: application/json; charset=utf-8
[Fastbot][2026-04-09 09:22:07.883] Content-Length: 215
[Fastbot][2026-04-09 09:22:07.883] 
[Fastbot][2026-04-09 09:22:07.883] {"jsonrpc": "2.0", "id": 1, "method": "waitForExists", "params": [{"mask": 2097152, "childOrSibling": [], "childOrSiblingSelector": [], "resourceId": "com.amaze.filemanager.debug:id/textEditorMainEditText"}, 20000]}
[Fastbot][2026-04-09 09:22:07.884] --> END POST (215-byte body)
[Fastbot][2026-04-09 09:22:07.903] <-- 200 OK  http://127.0.0.1:9008/jsonrpc/0 (19ms)
[Fastbot][2026-04-09 09:22:07.903] Content-Type: application/json
[Fastbot][2026-04-09 09:22:07.903] Date: Thu, 9 Apr 2026 09:22:07 GMT
[Fastbot][2026-04-09 09:22:07.903] Connection: keep-alive
[Fastbot][2026-04-09 09:22:07.903] Transfer-Encoding: chunked
[Fastbot][2026-04-09 09:22:07.904] 
[Fastbot][2026-04-09 09:22:07.904] {"jsonrpc":"2.0","id":1,"result":true}

[Fastbot][2026-04-09 09:22:07.904] <-- END HTTP (39-byte body)
[Fastbot][2026-04-09 09:22:07.942] [Proxy Server] Forwarding
[Fastbot][2026-04-09 09:22:07.943] --> POST http://127.0.0.1:9008/jsonrpc/0
[Fastbot][2026-04-09 09:22:07.943] Content-Type: application/json; charset=utf-8
[Fastbot][2026-04-09 09:22:07.943] Content-Length: 202
[Fastbot][2026-04-09 09:22:07.943] 
[Fastbot][2026-04-09 09:22:07.944] {"jsonrpc": "2.0", "id": 1, "method": "getText", "params": [{"mask": 2097152, "childOrSibling": [], "childOrSiblingSelector": [], "resourceId": "com.amaze.filemanager.debug:id/textEditorMainEditText"}]}
[Fastbot][2026-04-09 09:22:07.945] --> END POST (202-byte body)
[Fastbot][2026-04-09 09:22:07.968] <-- 200 OK  http://127.0.0.1:9008/jsonrpc/0 (23ms)
[Fastbot][2026-04-09 09:22:07.969] Content-Type: application/json
[Fastbot][2026-04-09 09:22:07.969] Date: Thu, 9 Apr 2026 09:22:07 GMT
[Fastbot][2026-04-09 09:22:07.970] Connection: keep-alive
[Fastbot][2026-04-09 09:22:07.970] Transfer-Encoding: chunked
[Fastbot][2026-04-09 09:22:07.971] 
[Fastbot][2026-04-09 09:22:07.971] {"jsonrpc":"2.0","id":1,"result":"CvxLDAU4xSrVEOnA8hmM6QE4IoZS1_9RgqkH77X0yEg7EQHTmeFpZYTBqNDHQt03ea6QID4x"}

[Fastbot][2026-04-09 09:22:07.972] <-- END HTTP (109-byte body)
[Fastbot][2026-04-09 09:22:08.003] [Proxy Server] Detected script method: pressKey
[Fastbot][2026-04-09 09:22:08.003] [Proxy Server] Forwarding
[Fastbot][2026-04-09 09:22:08.004] --> POST http://127.0.0.1:9008/jsonrpc/0
[Fastbot][2026-04-09 09:22:08.004] Content-Type: application/json; charset=utf-8
[Fastbot][2026-04-09 09:22:08.004] Content-Length: 69
[Fastbot][2026-04-09 09:22:08.005] 
[Fastbot][2026-04-09 09:22:08.005] {"jsonrpc": "2.0", "id": 1, "method": "pressKey", "params": ["back"]}
[Fastbot][2026-04-09 09:22:08.005] --> END POST (69-byte body)
[Fastbot][2026-04-09 09:22:08.963] <-- 200 OK  http://127.0.0.1:9008/jsonrpc/0 (957ms)
[Fastbot][2026-04-09 09:22:08.963] Content-Type: application/json
[Fastbot][2026-04-09 09:22:08.963] Date: Thu, 9 Apr 2026 09:22:08 GMT
[Fastbot][2026-04-09 09:22:08.963] Connection: keep-alive
[Fastbot][2026-04-09 09:22:08.963] Transfer-Encoding: chunked
[Fastbot][2026-04-09 09:22:08.964] 
[Fastbot][2026-04-09 09:22:08.964] {"jsonrpc":"2.0","id":1,"result":true}

[Fastbot][2026-04-09 09:22:08.964] <-- END HTTP (39-byte body)
[Fastbot][2026-04-09 09:22:09.719] --> POST http://127.0.0.1:9008/jsonrpc/0
[Fastbot][2026-04-09 09:22:09.719] Content-Type: application/json; charset=utf-8
[Fastbot][2026-04-09 09:22:09.719] Content-Length: 75
[Fastbot][2026-04-09 09:22:09.719] 
[Fastbot][2026-04-09 09:22:09.720] {"id":1,"jsonrpc":"2.0","method":"dumpWindowHierarchy","params":[false,50]}
[Fastbot][2026-04-09 09:22:09.720] --> END POST (75-byte body)
[Fastbot][2026-04-09 09:22:10.732] <-- 200 OK  http://127.0.0.1:9008/jsonrpc/0 (1010ms)
[Fastbot][2026-04-09 09:22:10.732] Content-Type: application/json
[Fastbot][2026-04-09 09:22:10.733] Date: Thu, 9 Apr 2026 09:22:10 GMT
[Fastbot][2026-04-09 09:22:10.733] Connection: keep-alive
[Fastbot][2026-04-09 09:22:10.733] Transfer-Encoding: chunked
[Fastbot][2026-04-09 09:22:10.736] 
[Fastbot][2026-04-09 09:22:10.737] {"jsonrpc":"2.0","id":1,"result":"<?xml version='1.0' encoding='UTF-8' standalone='yes' ?>\r\n<hierarchy rotation=\"0\">\r\n  <node index=\"0\" text=\"\" resource-id=\"\" class=\"android.widget.FrameLayout\" package=\"com.amaze.filemanager.debug\" content-desc=\"\" checkable=\"false\" checked=\"fals...[truncated]
[Fastbot][2026-04-09 09:22:10.737] <-- END HTTP (81769-byte body)
[Fastbot][2026-04-09 09:22:10.808] // [Script] current activity is com.amaze.filemanager.ui.activities.MainActivity
[Fastbot][2026-04-09 09:22:10.808] [Proxy Server] Detected script method: click
[Fastbot][2026-04-09 09:22:10.809] [Proxy Server] Forwarding
[Fastbot][2026-04-09 09:22:10.809] --> POST http://127.0.0.1:9008/jsonrpc/0
[Fastbot][2026-04-09 09:22:10.809] Content-Type: application/json; charset=utf-8
[Fastbot][2026-04-09 09:22:10.809] Content-Length: 67
[Fastbot][2026-04-09 09:22:10.810] 
[Fastbot][2026-04-09 09:22:10.811] {"jsonrpc": "2.0", "id": 1, "method": "click", "params": [79, 154]}
[Fastbot][2026-04-09 09:22:10.811] --> END POST (67-byte body)
[Fastbot][2026-04-09 09:22:10.990] <-- 200 OK  http://127.0.0.1:9008/jsonrpc/0 (178ms)
[Fastbot][2026-04-09 09:22:10.990] Content-Type: application/json
[Fastbot][2026-04-09 09:22:10.991] Date: Thu, 9 Apr 2026 09:22:10 GMT
[Fastbot][2026-04-09 09:22:10.991] Connection: keep-alive
[Fastbot][2026-04-09 09:22:10.991] Transfer-Encoding: chunked
[Fastbot][2026-04-09 09:22:10.991] 
[Fastbot][2026-04-09 09:22:10.991] {"jsonrpc":"2.0","id":1,"result":true}

[Fastbot][2026-04-09 09:22:10.991] <-- END HTTP (39-byte body)
[Fastbot][2026-04-09 09:22:11.537] [Proxy Server] Forwarding
[Fastbot][2026-04-09 09:22:11.538] --> POST http://127.0.0.1:9008/jsonrpc/0
[Fastbot][2026-04-09 09:22:11.538] Content-Type: application/json; charset=utf-8
[Fastbot][2026-04-09 09:22:11.538] Content-Length: 238
[Fastbot][2026-04-09 09:22:11.538] 
[Fastbot][2026-04-09 09:22:11.538] {"jsonrpc": "2.0", "id": 1, "method": "waitForExists", "params": [{"mask": 2097153, "childOrSibling": [], "childOrSiblingSelector": [], "resourceId": "com.amaze.filemanager.debug:id/design_menu_item_text", "text": "Recent files"}, 20000]}
[Fastbot][2026-04-09 09:22:11.538] --> END POST (238-byte body)
[Fastbot][2026-04-09 09:22:11.904] <-- 200 OK  http://127.0.0.1:9008/jsonrpc/0 (365ms)
[Fastbot][2026-04-09 09:22:11.904] Content-Type: application/json
[Fastbot][2026-04-09 09:22:11.904] Date: Thu, 9 Apr 2026 09:22:11 GMT
[Fastbot][2026-04-09 09:22:11.904] Connection: keep-alive
[Fastbot][2026-04-09 09:22:11.904] Transfer-Encoding: chunked
[Fastbot][2026-04-09 09:22:11.905] 
[Fastbot][2026-04-09 09:22:11.905] {"jsonrpc":"2.0","id":1,"result":true}

[Fastbot][2026-04-09 09:22:11.906] <-- END HTTP (39-byte body)
[Fastbot][2026-04-09 09:22:11.938] [Proxy Server] Forwarding
[Fastbot][2026-04-09 09:22:11.938] --> POST http://127.0.0.1:9008/jsonrpc/0
[Fastbot][2026-04-09 09:22:11.939] Content-Type: application/json; charset=utf-8
[Fastbot][2026-04-09 09:22:11.940] Content-Length: 225
[Fastbot][2026-04-09 09:22:11.940] 
[Fastbot][2026-04-09 09:22:11.940] {"jsonrpc": "2.0", "id": 1, "method": "objInfo", "params": [{"mask": 2097153, "childOrSibling": [], "childOrSiblingSelector": [], "resourceId": "com.amaze.filemanager.debug:id/design_menu_item_text", "text": "Recent files"}]}
[Fastbot][2026-04-09 09:22:11.940] --> END POST (225-byte body)
[Fastbot][2026-04-09 09:22:12.688] <-- 200 OK  http://127.0.0.1:9008/jsonrpc/0 (747ms)
[Fastbot][2026-04-09 09:22:12.688] Content-Type: application/json
[Fastbot][2026-04-09 09:22:12.688] Date: Thu, 9 Apr 2026 09:22:12 GMT
[Fastbot][2026-04-09 09:22:12.688] Connection: keep-alive
[Fastbot][2026-04-09 09:22:12.688] Transfer-Encoding: chunked
[Fastbot][2026-04-09 09:22:12.689] 
[Fastbot][2026-04-09 09:22:12.689] {"jsonrpc":"2.0","id":1,"result":{"bounds":{"bottom":1796,"left":44,"right":792,"top":1664},"childCount":0,"className":"android.widget.CheckedTextView","contentDescription":null,"packageName":"com.amaze.filemanager.debug","resourceName":"com.amaze.filemanager.debug:id/design_menu_item_text","text":"...[truncated]
[Fastbot][2026-04-09 09:22:12.690] <-- END HTTP (539-byte body)
[Fastbot][2026-04-09 09:22:12.731] [Proxy Server] Detected script method: click
[Fastbot][2026-04-09 09:22:12.732] [Proxy Server] Forwarding
[Fastbot][2026-04-09 09:22:12.732] --> POST http://127.0.0.1:9008/jsonrpc/0
[Fastbot][2026-04-09 09:22:12.732] Content-Type: application/json; charset=utf-8
[Fastbot][2026-04-09 09:22:12.733] Content-Length: 73
[Fastbot][2026-04-09 09:22:12.733] 
[Fastbot][2026-04-09 09:22:12.733] {"jsonrpc": "2.0", "id": 1, "method": "click", "params": [418.0, 1730.0]}
[Fastbot][2026-04-09 09:22:12.733] --> END POST (73-byte body)
[Fastbot][2026-04-09 09:22:12.912] <-- 200 OK  http://127.0.0.1:9008/jsonrpc/0 (178ms)
[Fastbot][2026-04-09 09:22:12.913] Content-Type: application/json
[Fastbot][2026-04-09 09:22:12.913] Date: Thu, 9 Apr 2026 09:22:12 GMT
[Fastbot][2026-04-09 09:22:12.913] Connection: keep-alive
[Fastbot][2026-04-09 09:22:12.913] Transfer-Encoding: chunked
[Fastbot][2026-04-09 09:22:12.914] 
[Fastbot][2026-04-09 09:22:12.914] {"jsonrpc":"2.0","id":1,"result":true}

[Fastbot][2026-04-09 09:22:12.914] <-- END HTTP (39-byte body)
[Fastbot][2026-04-09 09:22:13.433] [Proxy Server] Forwarding
[Fastbot][2026-04-09 09:22:13.433] --> POST http://127.0.0.1:9008/jsonrpc/0
[Fastbot][2026-04-09 09:22:13.433] Content-Type: application/json; charset=utf-8
[Fastbot][2026-04-09 09:22:13.433] Content-Length: 83
[Fastbot][2026-04-09 09:22:13.433] 
[Fastbot][2026-04-09 09:22:13.433] {"jsonrpc": "2.0", "id": 1, "method": "dumpWindowHierarchy", "params": [false, 50]}
[Fastbot][2026-04-09 09:22:13.433] --> END POST (83-byte body)
[Fastbot][2026-04-09 09:22:14.372] <-- 200 OK  http://127.0.0.1:9008/jsonrpc/0 (938ms)
[Fastbot][2026-04-09 09:22:14.372] Content-Type: application/json
[Fastbot][2026-04-09 09:22:14.372] Date: Thu, 9 Apr 2026 09:22:14 GMT
[Fastbot][2026-04-09 09:22:14.372] Connection: keep-alive
[Fastbot][2026-04-09 09:22:14.373] Transfer-Encoding: chunked
[Fastbot][2026-04-09 09:22:14.374] 
[Fastbot][2026-04-09 09:22:14.375] {"jsonrpc":"2.0","id":1,"result":"<?xml version='1.0' encoding='UTF-8' standalone='yes' ?>\r\n<hierarchy rotation=\"0\">\r\n  <node index=\"0\" text=\"\" resource-id=\"\" class=\"android.widget.FrameLayout\" package=\"com.amaze.filemanager.debug\" content-desc=\"\" checkable=\"false\" checked=\"fals...[truncated]
[Fastbot][2026-04-09 09:22:14.375] <-- END HTTP (83347-byte body)
[Fastbot][2026-04-09 09:22:14.421] [Proxy Server] Detected script method: pressKey
[Fastbot][2026-04-09 09:22:14.422] [Proxy Server] Forwarding
[Fastbot][2026-04-09 09:22:14.422] --> POST http://127.0.0.1:9008/jsonrpc/0
[Fastbot][2026-04-09 09:22:14.423] Content-Type: application/json; charset=utf-8
[Fastbot][2026-04-09 09:22:14.423] Content-Length: 69
[Fastbot][2026-04-09 09:22:14.423] 
[Fastbot][2026-04-09 09:22:14.424] {"jsonrpc": "2.0", "id": 1, "method": "pressKey", "params": ["back"]}
[Fastbot][2026-04-09 09:22:14.424] --> END POST (69-byte body)
[Fastbot][2026-04-09 09:22:14.582] <-- 200 OK  http://127.0.0.1:9008/jsonrpc/0 (157ms)
[Fastbot][2026-04-09 09:22:14.582] Content-Type: application/json
[Fastbot][2026-04-09 09:22:14.582] Date: Thu, 9 Apr 2026 09:22:14 GMT
[Fastbot][2026-04-09 09:22:14.583] Connection: keep-alive
[Fastbot][2026-04-09 09:22:14.584] Transfer-Encoding: chunked
[Fastbot][2026-04-09 09:22:14.586] 
[Fastbot][2026-04-09 09:22:14.587] {"jsonrpc":"2.0","id":1,"result":true}

[Fastbot][2026-04-09 09:22:14.587] <-- END HTTP (39-byte body)
[Fastbot][2026-04-09 09:22:14.874] --> POST http://127.0.0.1:9008/jsonrpc/0
[Fastbot][2026-04-09 09:22:14.875] Content-Type: application/json; charset=utf-8
[Fastbot][2026-04-09 09:22:14.875] Content-Length: 75
[Fastbot][2026-04-09 09:22:14.875] 
[Fastbot][2026-04-09 09:22:14.875] {"id":1,"jsonrpc":"2.0","method":"dumpWindowHierarchy","params":[false,50]}
[Fastbot][2026-04-09 09:22:14.875] --> END POST (75-byte body)
[Fastbot][2026-04-09 09:22:15.371] <-- 200 OK  http://127.0.0.1:9008/jsonrpc/0 (495ms)
[Fastbot][2026-04-09 09:22:15.372] Content-Type: application/json
[Fastbot][2026-04-09 09:22:15.372] Date: Thu, 9 Apr 2026 09:22:15 GMT
[Fastbot][2026-04-09 09:22:15.372] Connection: keep-alive
[Fastbot][2026-04-09 09:22:15.372] Transfer-Encoding: chunked
[Fastbot][2026-04-09 09:22:15.374] 
[Fastbot][2026-04-09 09:22:15.374] {"jsonrpc":"2.0","id":1,"result":"<?xml version='1.0' encoding='UTF-8' standalone='yes' ?>\r\n<hierarchy rotation=\"0\">\r\n  <node index=\"0\" text=\"\" resource-id=\"\" class=\"android.widget.FrameLayout\" package=\"com.amaze.filemanager.debug\" content-desc=\"\" checkable=\"false\" checked=\"fals...[truncated]
[Fastbot][2026-04-09 09:22:15.374] <-- END HTTP (81782-byte body)
[Fastbot][2026-04-09 09:22:15.443] [Proxy Server] Forwarding
[Fastbot][2026-04-09 09:22:15.444] --> POST http://127.0.0.1:9008/jsonrpc/0
[Fastbot][2026-04-09 09:22:15.445] Content-Type: application/json; charset=utf-8
[Fastbot][2026-04-09 09:22:15.445] Content-Length: 197
[Fastbot][2026-04-09 09:22:15.445] 
[Fastbot][2026-04-09 09:22:15.446] {"jsonrpc": "2.0", "id": 1, "method": "waitForExists", "params": [{"mask": 2097152, "childOrSibling": [], "childOrSiblingSelector": [], "resourceId": "com.amaze.filemanager.debug:id/home"}, 20000]}
[Fastbot][2026-04-09 09:22:15.447] --> END POST (197-byte body)
[Fastbot][2026-04-09 09:22:15.463] <-- 200 OK  http://127.0.0.1:9008/jsonrpc/0 (15ms)
[Fastbot][2026-04-09 09:22:15.463] Content-Type: application/json
[Fastbot][2026-04-09 09:22:15.463] Date: Thu, 9 Apr 2026 09:22:15 GMT
[Fastbot][2026-04-09 09:22:15.464] Connection: keep-alive
[Fastbot][2026-04-09 09:22:15.464] Transfer-Encoding: chunked
[Fastbot][2026-04-09 09:22:15.465] 
[Fastbot][2026-04-09 09:22:15.466] {"jsonrpc":"2.0","id":1,"result":true}

[Fastbot][2026-04-09 09:22:15.467] <-- END HTTP (39-byte body)
[Fastbot][2026-04-09 09:22:15.504] [Proxy Server] Forwarding
[Fastbot][2026-04-09 09:22:15.505] --> POST http://127.0.0.1:9008/jsonrpc/0
[Fastbot][2026-04-09 09:22:15.505] Content-Type: application/json; charset=utf-8
[Fastbot][2026-04-09 09:22:15.506] Content-Length: 184
[Fastbot][2026-04-09 09:22:15.506] 
[Fastbot][2026-04-09 09:22:15.506] {"jsonrpc": "2.0", "id": 1, "method": "objInfo", "params": [{"mask": 2097152, "childOrSibling": [], "childOrSiblingSelector": [], "resourceId": "com.amaze.filemanager.debug:id/home"}]}
[Fastbot][2026-04-09 09:22:15.506] --> END POST (184-byte body)
[Fastbot][2026-04-09 09:22:15.541] <-- 200 OK  http://127.0.0.1:9008/jsonrpc/0 (34ms)
[Fastbot][2026-04-09 09:22:15.541] Content-Type: application/json
[Fastbot][2026-04-09 09:22:15.541] Date: Thu, 9 Apr 2026 09:22:15 GMT
[Fastbot][2026-04-09 09:22:15.541] Connection: keep-alive
[Fastbot][2026-04-09 09:22:15.542] Transfer-Encoding: chunked
[Fastbot][2026-04-09 09:22:15.543] 
[Fastbot][2026-04-09 09:22:15.543] {"jsonrpc":"2.0","id":1,"result":{"bounds":{"bottom":226,"left":837,"right":969,"top":94},"childCount":0,"className":"android.widget.Button","contentDescription":"Home","packageName":"com.amaze.filemanager.debug","resourceName":"com.amaze.filemanager.debug:id/home","text":null,"visibleBounds":{"bott...[truncated]
[Fastbot][2026-04-09 09:22:15.543] <-- END HTTP (500-byte body)
[Fastbot][2026-04-09 09:22:15.585] [Proxy Server] Detected script method: click
[Fastbot][2026-04-09 09:22:15.585] [Proxy Server] Forwarding
[Fastbot][2026-04-09 09:22:15.586] --> POST http://127.0.0.1:9008/jsonrpc/0
[Fastbot][2026-04-09 09:22:15.586] Content-Type: application/json; charset=utf-8
[Fastbot][2026-04-09 09:22:15.586] Content-Length: 72
[Fastbot][2026-04-09 09:22:15.587] 
[Fastbot][2026-04-09 09:22:15.587] {"jsonrpc": "2.0", "id": 1, "method": "click", "params": [903.0, 160.0]}
[Fastbot][2026-04-09 09:22:15.587] --> END POST (72-byte body)
[Fastbot][2026-04-09 09:22:15.729] <-- 200 OK  http://127.0.0.1:9008/jsonrpc/0 (140ms)
[Fastbot][2026-04-09 09:22:15.729] Content-Type: application/json
[Fastbot][2026-04-09 09:22:15.729] Date: Thu, 9 Apr 2026 09:22:15 GMT
[Fastbot][2026-04-09 09:22:15.729] Connection: keep-alive
[Fastbot][2026-04-09 09:22:15.729] Transfer-Encoding: chunked
[Fastbot][2026-04-09 09:22:15.730] 
[Fastbot][2026-04-09 09:22:15.730] {"jsonrpc":"2.0","id":1,"result":true}

[Fastbot][2026-04-09 09:22:15.730] <-- END HTTP (39-byte body)
[Fastbot][2026-04-09 09:22:15.763] [Proxy Server] Forwarding
[Fastbot][2026-04-09 09:22:15.763] --> POST http://127.0.0.1:9008/jsonrpc/0
[Fastbot][2026-04-09 09:22:15.764] Content-Type: application/json; charset=utf-8
[Fastbot][2026-04-09 09:22:15.764] Content-Length: 212
[Fastbot][2026-04-09 09:22:15.765] 
[Fastbot][2026-04-09 09:22:15.766] {"jsonrpc": "2.0", "id": 1, "method": "waitForExists", "params": [{"mask": 10485760, "childOrSibling": [], "childOrSiblingSelector": [], "resourceId": "com.amaze.filemanager.debug:id/search", "index": 0}, 20000]}
[Fastbot][2026-04-09 09:22:15.766] --> END POST (212-byte body)
[Fastbot][2026-04-09 09:22:15.916] <-- 200 OK  http://127.0.0.1:9008/jsonrpc/0 (149ms)
[Fastbot][2026-04-09 09:22:15.916] Content-Type: application/json
[Fastbot][2026-04-09 09:22:15.916] Date: Thu, 9 Apr 2026 09:22:15 GMT
[Fastbot][2026-04-09 09:22:15.916] Connection: keep-alive
[Fastbot][2026-04-09 09:22:15.916] Transfer-Encoding: chunked
[Fastbot][2026-04-09 09:22:15.917] 
[Fastbot][2026-04-09 09:22:15.917] {"jsonrpc":"2.0","id":1,"result":true}

[Fastbot][2026-04-09 09:22:15.917] <-- END HTTP (39-byte body)
[Fastbot][2026-04-09 09:22:15.946] [Proxy Server] Forwarding
[Fastbot][2026-04-09 09:22:15.946] --> POST http://127.0.0.1:9008/jsonrpc/0
[Fastbot][2026-04-09 09:22:15.948] Content-Type: application/json; charset=utf-8
[Fastbot][2026-04-09 09:22:15.948] Content-Length: 199
[Fastbot][2026-04-09 09:22:15.948] 
[Fastbot][2026-04-09 09:22:15.948] {"jsonrpc": "2.0", "id": 1, "method": "objInfo", "params": [{"mask": 10485760, "childOrSibling": [], "childOrSiblingSelector": [], "resourceId": "com.amaze.filemanager.debug:id/search", "index": 0}]}
[Fastbot][2026-04-09 09:22:15.949] --> END POST (199-byte body)
[Fastbot][2026-04-09 09:22:16.471] <-- 200 OK  http://127.0.0.1:9008/jsonrpc/0 (521ms)
[Fastbot][2026-04-09 09:22:16.471] Content-Type: application/json
[Fastbot][2026-04-09 09:22:16.471] Date: Thu, 9 Apr 2026 09:22:16 GMT
[Fastbot][2026-04-09 09:22:16.471] Connection: keep-alive
[Fastbot][2026-04-09 09:22:16.471] Transfer-Encoding: chunked
[Fastbot][2026-04-09 09:22:16.472] 
[Fastbot][2026-04-09 09:22:16.472] {"jsonrpc":"2.0","id":1,"result":{"bounds":{"bottom":226,"left":705,"right":837,"top":94},"childCount":0,"className":"android.widget.Button","contentDescription":"Search","packageName":"com.amaze.filemanager.debug","resourceName":null,"text":"","visibleBounds":{"bottom":226,"left":705,"right":837,"t...[truncated]
[Fastbot][2026-04-09 09:22:16.472] <-- END HTTP (467-byte body)
[Fastbot][2026-04-09 09:22:16.502] [Proxy Server] Detected script method: click
[Fastbot][2026-04-09 09:22:16.503] [Proxy Server] Forwarding
[Fastbot][2026-04-09 09:22:16.503] --> POST http://127.0.0.1:9008/jsonrpc/0
[Fastbot][2026-04-09 09:22:16.503] Content-Type: application/json; charset=utf-8
[Fastbot][2026-04-09 09:22:16.504] Content-Length: 72
[Fastbot][2026-04-09 09:22:16.505] 
[Fastbot][2026-04-09 09:22:16.505] {"jsonrpc": "2.0", "id": 1, "method": "click", "params": [771.0, 160.0]}
[Fastbot][2026-04-09 09:22:16.505] --> END POST (72-byte body)
[Fastbot][2026-04-09 09:22:16.663] <-- 200 OK  http://127.0.0.1:9008/jsonrpc/0 (156ms)
[Fastbot][2026-04-09 09:22:16.663] Content-Type: application/json
[Fastbot][2026-04-09 09:22:16.664] Date: Thu, 9 Apr 2026 09:22:16 GMT
[Fastbot][2026-04-09 09:22:16.664] Connection: keep-alive
[Fastbot][2026-04-09 09:22:16.664] Transfer-Encoding: chunked
[Fastbot][2026-04-09 09:22:16.711] 
[Fastbot][2026-04-09 09:22:16.711] {"jsonrpc":"2.0","id":1,"result":true}

[Fastbot][2026-04-09 09:22:16.711] <-- END HTTP (39-byte body)
[Fastbot][2026-04-09 09:22:17.268] [Proxy Server] Forwarding
[Fastbot][2026-04-09 09:22:17.268] --> POST http://127.0.0.1:9008/jsonrpc/0
[Fastbot][2026-04-09 09:22:17.269] Content-Type: application/json; charset=utf-8
[Fastbot][2026-04-09 09:22:17.269] Content-Length: 209
[Fastbot][2026-04-09 09:22:17.270] 
[Fastbot][2026-04-09 09:22:17.270] {"jsonrpc": "2.0", "id": 1, "method": "waitForExists", "params": [{"mask": 2097152, "childOrSibling": [], "childOrSiblingSelector": [], "resourceId": "com.amaze.filemanager.debug:id/search_edit_text"}, 20000]}
[Fastbot][2026-04-09 09:22:17.271] --> END POST (209-byte body)
[Fastbot][2026-04-09 09:22:17.376] <-- 200 OK  http://127.0.0.1:9008/jsonrpc/0 (105ms)
[Fastbot][2026-04-09 09:22:17.378] Content-Type: application/json
[Fastbot][2026-04-09 09:22:17.378] Date: Thu, 9 Apr 2026 09:22:17 GMT
[Fastbot][2026-04-09 09:22:17.378] Connection: keep-alive
[Fastbot][2026-04-09 09:22:17.378] Transfer-Encoding: chunked
[Fastbot][2026-04-09 09:22:17.381] 
[Fastbot][2026-04-09 09:22:17.381] {"jsonrpc":"2.0","id":1,"result":true}

[Fastbot][2026-04-09 09:22:17.381] <-- END HTTP (39-byte body)
[Fastbot][2026-04-09 09:22:17.418] [Proxy Server] Detected script method: setText
[Fastbot][2026-04-09 09:22:17.418] [Proxy Server] Forwarding
[Fastbot][2026-04-09 09:22:17.419] --> POST http://127.0.0.1:9008/jsonrpc/0
[Fastbot][2026-04-09 09:22:17.419] Content-Type: application/json; charset=utf-8
[Fastbot][2026-04-09 09:22:17.419] Content-Length: 205
[Fastbot][2026-04-09 09:22:17.419] 
[Fastbot][2026-04-09 09:22:17.419] {"jsonrpc": "2.0", "id": 1, "method": "setText", "params": [{"mask": 2097152, "childOrSibling": [], "childOrSiblingSelector": [], "resourceId": "com.amaze.filemanager.debug:id/search_edit_text"}, "A.txt"]}
[Fastbot][2026-04-09 09:22:17.420] --> END POST (205-byte body)
[Fastbot][2026-04-09 09:22:17.522] <-- 200 OK  http://127.0.0.1:9008/jsonrpc/0 (101ms)
[Fastbot][2026-04-09 09:22:17.522] Content-Type: application/json
[Fastbot][2026-04-09 09:22:17.522] Date: Thu, 9 Apr 2026 09:22:17 GMT
[Fastbot][2026-04-09 09:22:17.522] Connection: keep-alive
[Fastbot][2026-04-09 09:22:17.522] Transfer-Encoding: chunked
[Fastbot][2026-04-09 09:22:17.523] 
[Fastbot][2026-04-09 09:22:17.523] {"jsonrpc":"2.0","id":1,"result":true}

[Fastbot][2026-04-09 09:22:17.524] <-- END HTTP (39-byte body)
[Fastbot][2026-04-09 09:22:18.088] [Proxy Server] Forwarding
[Fastbot][2026-04-09 09:22:18.088] --> POST http://127.0.0.1:9008/jsonrpc/0
[Fastbot][2026-04-09 09:22:18.089] Content-Type: application/json; charset=utf-8
[Fastbot][2026-04-09 09:22:18.089] Content-Length: 211
[Fastbot][2026-04-09 09:22:18.091] 
[Fastbot][2026-04-09 09:22:18.091] {"jsonrpc": "2.0", "id": 1, "method": "waitForExists", "params": [{"mask": 2097152, "childOrSibling": [], "childOrSiblingSelector": [], "resourceId": "com.amaze.filemanager.debug:id/searchDeepSearchTV"}, 20000]}
[Fastbot][2026-04-09 09:22:18.091] --> END POST (211-byte body)
[Fastbot][2026-04-09 09:22:18.949] <-- 200 OK  http://127.0.0.1:9008/jsonrpc/0 (857ms)
[Fastbot][2026-04-09 09:22:18.949] Content-Type: application/json
[Fastbot][2026-04-09 09:22:18.949] Date: Thu, 9 Apr 2026 09:22:18 GMT
[Fastbot][2026-04-09 09:22:18.949] Connection: keep-alive
[Fastbot][2026-04-09 09:22:18.950] Transfer-Encoding: chunked
[Fastbot][2026-04-09 09:22:18.952] 
[Fastbot][2026-04-09 09:22:18.952] {"jsonrpc":"2.0","id":1,"result":true}

[Fastbot][2026-04-09 09:22:18.952] <-- END HTTP (39-byte body)
[Fastbot][2026-04-09 09:22:18.984] [Proxy Server] Forwarding
[Fastbot][2026-04-09 09:22:18.984] --> POST http://127.0.0.1:9008/jsonrpc/0
[Fastbot][2026-04-09 09:22:18.984] Content-Type: application/json; charset=utf-8
[Fastbot][2026-04-09 09:22:18.984] Content-Length: 198
[Fastbot][2026-04-09 09:22:18.985] 
[Fastbot][2026-04-09 09:22:18.986] {"jsonrpc": "2.0", "id": 1, "method": "objInfo", "params": [{"mask": 2097152, "childOrSibling": [], "childOrSiblingSelector": [], "resourceId": "com.amaze.filemanager.debug:id/searchDeepSearchTV"}]}
[Fastbot][2026-04-09 09:22:18.986] --> END POST (198-byte body)
[Fastbot][2026-04-09 09:22:19.702] <-- 200 OK  http://127.0.0.1:9008/jsonrpc/0 (716ms)
[Fastbot][2026-04-09 09:22:19.702] Content-Type: application/json
[Fastbot][2026-04-09 09:22:19.703] Date: Thu, 9 Apr 2026 09:22:19 GMT
[Fastbot][2026-04-09 09:22:19.703] Connection: keep-alive
[Fastbot][2026-04-09 09:22:19.703] Transfer-Encoding: chunked
[Fastbot][2026-04-09 09:22:19.703] 
[Fastbot][2026-04-09 09:22:19.704] {"jsonrpc":"2.0","id":1,"result":{"bounds":{"bottom":684,"left":28,"right":1052,"top":529},"childCount":0,"className":"android.widget.TextView","contentDescription":null,"packageName":"com.amaze.filemanager.debug","resourceName":"com.amaze.filemanager.debug:id/searchDeepSearchTV","text":"Not finding...[truncated]
[Fastbot][2026-04-09 09:22:19.704] <-- END HTTP (570-byte body)
[Fastbot][2026-04-09 09:22:19.723] [Proxy Server] Detected script method: click
[Fastbot][2026-04-09 09:22:19.724] [Proxy Server] Forwarding
[Fastbot][2026-04-09 09:22:19.724] --> POST http://127.0.0.1:9008/jsonrpc/0
[Fastbot][2026-04-09 09:22:19.725] Content-Type: application/json; charset=utf-8
[Fastbot][2026-04-09 09:22:19.726] Content-Length: 72
[Fastbot][2026-04-09 09:22:19.726] 
[Fastbot][2026-04-09 09:22:19.726] {"jsonrpc": "2.0", "id": 1, "method": "click", "params": [540.0, 606.5]}
[Fastbot][2026-04-09 09:22:19.726] --> END POST (72-byte body)
[Fastbot][2026-04-09 09:22:19.911] <-- 200 OK  http://127.0.0.1:9008/jsonrpc/0 (184ms)
[Fastbot][2026-04-09 09:22:19.912] Content-Type: application/json
[Fastbot][2026-04-09 09:22:19.912] Date: Thu, 9 Apr 2026 09:22:19 GMT
[Fastbot][2026-04-09 09:22:19.912] Connection: keep-alive
[Fastbot][2026-04-09 09:22:19.912] Transfer-Encoding: chunked
[Fastbot][2026-04-09 09:22:19.961] 
[Fastbot][2026-04-09 09:22:19.961] {"jsonrpc":"2.0","id":1,"result":true}

[Fastbot][2026-04-09 09:22:19.962] <-- END HTTP (39-byte body)
[Fastbot][2026-04-09 09:22:20.506] [Proxy Server] Forwarding
[Fastbot][2026-04-09 09:22:20.506] --> POST http://127.0.0.1:9008/jsonrpc/0
[Fastbot][2026-04-09 09:22:20.506] Content-Type: application/json; charset=utf-8
[Fastbot][2026-04-09 09:22:20.506] Content-Length: 198
[Fastbot][2026-04-09 09:22:20.506] 
[Fastbot][2026-04-09 09:22:20.506] {"jsonrpc": "2.0", "id": 1, "method": "exist", "params": [{"mask": 2097152, "childOrSibling": [], "childOrSiblingSelector": [], "resourceId": "com.amaze.filemanager.debug:id/searchItemFileNameTV"}]}
[Fastbot][2026-04-09 09:22:20.506] --> END POST (198-byte body)
[Fastbot][2026-04-09 09:22:21.572] <-- 200 OK  http://127.0.0.1:9008/jsonrpc/0 (1065ms)
[Fastbot][2026-04-09 09:22:21.572] Content-Type: application/json
[Fastbot][2026-04-09 09:22:21.572] Date: Thu, 9 Apr 2026 09:22:21 GMT
[Fastbot][2026-04-09 09:22:21.572] Connection: keep-alive
[Fastbot][2026-04-09 09:22:21.572] Transfer-Encoding: chunked
[Fastbot][2026-04-09 09:22:21.573] 
[Fastbot][2026-04-09 09:22:21.573] {"jsonrpc":"2.0","id":1,"result":true}

[Fastbot][2026-04-09 09:22:21.573] <-- END HTTP (39-byte body)
[Fastbot][2026-04-09 09:22:21.605] [Proxy Server] Forwarding
[Fastbot][2026-04-09 09:22:21.606] --> POST http://127.0.0.1:9008/jsonrpc/0
[Fastbot][2026-04-09 09:22:21.606] Content-Type: application/json; charset=utf-8
[Fastbot][2026-04-09 09:22:21.606] Content-Length: 213
[Fastbot][2026-04-09 09:22:21.606] 
[Fastbot][2026-04-09 09:22:21.606] {"jsonrpc": "2.0", "id": 1, "method": "waitForExists", "params": [{"mask": 2097152, "childOrSibling": [], "childOrSiblingSelector": [], "resourceId": "com.amaze.filemanager.debug:id/searchItemFileNameTV"}, 20000]}
[Fastbot][2026-04-09 09:22:21.606] --> END POST (213-byte body)
[Fastbot][2026-04-09 09:22:21.722] <-- 200 OK  http://127.0.0.1:9008/jsonrpc/0 (115ms)
[Fastbot][2026-04-09 09:22:21.722] Content-Type: application/json
[Fastbot][2026-04-09 09:22:21.722] Date: Thu, 9 Apr 2026 09:22:21 GMT
[Fastbot][2026-04-09 09:22:21.722] Connection: keep-alive
[Fastbot][2026-04-09 09:22:21.723] Transfer-Encoding: chunked
[Fastbot][2026-04-09 09:22:21.771] 
[Fastbot][2026-04-09 09:22:21.771] {"jsonrpc":"2.0","id":1,"result":true}

[Fastbot][2026-04-09 09:22:21.771] <-- END HTTP (39-byte body)
[Fastbot][2026-04-09 09:22:21.807] [Proxy Server] Forwarding
[Fastbot][2026-04-09 09:22:21.807] --> POST http://127.0.0.1:9008/jsonrpc/0
[Fastbot][2026-04-09 09:22:21.807] Content-Type: application/json; charset=utf-8
[Fastbot][2026-04-09 09:22:21.808] Content-Length: 200
[Fastbot][2026-04-09 09:22:21.809] 
[Fastbot][2026-04-09 09:22:21.809] {"jsonrpc": "2.0", "id": 1, "method": "getText", "params": [{"mask": 2097152, "childOrSibling": [], "childOrSiblingSelector": [], "resourceId": "com.amaze.filemanager.debug:id/searchItemFileNameTV"}]}
[Fastbot][2026-04-09 09:22:21.809] --> END POST (200-byte body)
[Fastbot][2026-04-09 09:22:22.065] <-- 200 OK  http://127.0.0.1:9008/jsonrpc/0 (255ms)
[Fastbot][2026-04-09 09:22:22.065] Content-Type: application/json
[Fastbot][2026-04-09 09:22:22.065] Date: Thu, 9 Apr 2026 09:22:22 GMT
[Fastbot][2026-04-09 09:22:22.065] Connection: keep-alive
[Fastbot][2026-04-09 09:22:22.065] Transfer-Encoding: chunked
[Fastbot][2026-04-09 09:22:22.065] 
[Fastbot][2026-04-09 09:22:22.066] {"jsonrpc":"2.0","id":1,"result":"A.txt"}

[Fastbot][2026-04-09 09:22:22.066] <-- END HTTP (42-byte body)
[Fastbot][2026-04-09 09:22:22.605] [Proxy Server] Forwarding
[Fastbot][2026-04-09 09:22:22.605] --> POST http://127.0.0.1:9008/jsonrpc/0
[Fastbot][2026-04-09 09:22:22.605] Content-Type: application/json; charset=utf-8
[Fastbot][2026-04-09 09:22:22.605] Content-Length: 230
[Fastbot][2026-04-09 09:22:22.605] 
[Fastbot][2026-04-09 09:22:22.605] {"jsonrpc": "2.0", "id": 1, "method": "waitForExists", "params": [{"mask": 2097153, "childOrSibling": [], "childOrSiblingSelector": [], "resourceId": "com.amaze.filemanager.debug:id/searchItemFileNameTV", "text": "A.txt"}, 20000]}
[Fastbot][2026-04-09 09:22:22.605] --> END POST (230-byte body)
[Fastbot][2026-04-09 09:22:22.690] <-- 200 OK  http://127.0.0.1:9008/jsonrpc/0 (84ms)
[Fastbot][2026-04-09 09:22:22.690] Content-Type: application/json
[Fastbot][2026-04-09 09:22:22.690] Date: Thu, 9 Apr 2026 09:22:22 GMT
[Fastbot][2026-04-09 09:22:22.691] Connection: keep-alive
[Fastbot][2026-04-09 09:22:22.691] Transfer-Encoding: chunked
[Fastbot][2026-04-09 09:22:22.692] 
[Fastbot][2026-04-09 09:22:22.693] {"jsonrpc":"2.0","id":1,"result":true}

[Fastbot][2026-04-09 09:22:22.694] <-- END HTTP (39-byte body)
[Fastbot][2026-04-09 09:22:22.722] [Proxy Server] Forwarding
[Fastbot][2026-04-09 09:22:22.723] --> POST http://127.0.0.1:9008/jsonrpc/0
[Fastbot][2026-04-09 09:22:22.724] Content-Type: application/json; charset=utf-8
[Fastbot][2026-04-09 09:22:22.724] Content-Length: 217
[Fastbot][2026-04-09 09:22:22.725] 
[Fastbot][2026-04-09 09:22:22.725] {"jsonrpc": "2.0", "id": 1, "method": "objInfo", "params": [{"mask": 2097153, "childOrSibling": [], "childOrSiblingSelector": [], "resourceId": "com.amaze.filemanager.debug:id/searchItemFileNameTV", "text": "A.txt"}]}
[Fastbot][2026-04-09 09:22:22.725] --> END POST (217-byte body)
[Fastbot][2026-04-09 09:22:23.464] <-- 200 OK  http://127.0.0.1:9008/jsonrpc/0 (738ms)
[Fastbot][2026-04-09 09:22:23.464] Content-Type: application/json
[Fastbot][2026-04-09 09:22:23.465] Date: Thu, 9 Apr 2026 09:22:23 GMT
[Fastbot][2026-04-09 09:22:23.465] Connection: keep-alive
[Fastbot][2026-04-09 09:22:23.465] Transfer-Encoding: chunked
[Fastbot][2026-04-09 09:22:23.537] 
[Fastbot][2026-04-09 09:22:23.538] {"jsonrpc":"2.0","id":1,"result":{"bounds":{"bottom":851,"left":76,"right":1015,"top":792},"childCount":0,"className":"android.widget.TextView","contentDescription":null,"packageName":"com.amaze.filemanager.debug","resourceName":"com.amaze.filemanager.debug:id/searchItemFileNameTV","text":"A.txt","v...[truncated]
[Fastbot][2026-04-09 09:22:23.538] <-- END HTTP (523-byte body)
[Fastbot][2026-04-09 09:22:23.555] [Proxy Server] Detected script method: click
[Fastbot][2026-04-09 09:22:23.556] [Proxy Server] Forwarding
[Fastbot][2026-04-09 09:22:23.556] --> POST http://127.0.0.1:9008/jsonrpc/0
[Fastbot][2026-04-09 09:22:23.556] Content-Type: application/json; charset=utf-8
[Fastbot][2026-04-09 09:22:23.556] Content-Length: 72
[Fastbot][2026-04-09 09:22:23.557] 
[Fastbot][2026-04-09 09:22:23.557] {"jsonrpc": "2.0", "id": 1, "method": "click", "params": [545.5, 821.5]}
[Fastbot][2026-04-09 09:22:23.557] --> END POST (72-byte body)
[Fastbot][2026-04-09 09:22:23.728] <-- 200 OK  http://127.0.0.1:9008/jsonrpc/0 (170ms)
[Fastbot][2026-04-09 09:22:23.728] Content-Type: application/json
[Fastbot][2026-04-09 09:22:23.728] Date: Thu, 9 Apr 2026 09:22:23 GMT
[Fastbot][2026-04-09 09:22:23.728] Connection: keep-alive
[Fastbot][2026-04-09 09:22:23.728] Transfer-Encoding: chunked
[Fastbot][2026-04-09 09:22:23.728] 
[Fastbot][2026-04-09 09:22:23.728] {"jsonrpc":"2.0","id":1,"result":true}

[Fastbot][2026-04-09 09:22:23.728] <-- END HTTP (39-byte body)
[Fastbot][2026-04-09 09:22:23.797] // the top activity is com.amaze.filemanager.ui.activities.texteditor.TextEditorActivity, phone capture activity is com.android.camera.CaptureActivity
[Fastbot][2026-04-09 09:22:23.798]     // Allowing start of Intent { act=android.intent.action.VIEW dat=content://com.amaze.filemanager.debug/storage_root/storage/emulated/0/Documents/mordor/A.txt typ=text/plain cmp=com.amaze.filemanager.debug/com.amaze.filemanager.ui.activities.texteditor.TextEditorActivity } in package com.amaze.filemanager.debug
[Fastbot][2026-04-09 09:22:24.287] // [Script] current activity is com.amaze.filemanager.ui.activities.texteditor.TextEditorActivity
[Fastbot][2026-04-09 09:22:24.287] [Proxy Server] Forwarding
[Fastbot][2026-04-09 09:22:24.289] --> POST http://127.0.0.1:9008/jsonrpc/0
[Fastbot][2026-04-09 09:22:24.289] Content-Type: application/json; charset=utf-8
[Fastbot][2026-04-09 09:22:24.292] Content-Length: 209
[Fastbot][2026-04-09 09:22:24.292] 
[Fastbot][2026-04-09 09:22:24.292] {"jsonrpc": "2.0", "id": 1, "method": "exist", "params": [{"mask": 2097153, "childOrSibling": [], "childOrSiblingSelector": [], "resourceId": "com.amaze.filemanager.debug:id/always_button", "text": "Always"}]}
[Fastbot][2026-04-09 09:22:24.292] --> END POST (209-byte body)
[Fastbot][2026-04-09 09:22:24.916] <-- 200 OK  http://127.0.0.1:9008/jsonrpc/0 (623ms)
[Fastbot][2026-04-09 09:22:24.916] Content-Type: application/json
[Fastbot][2026-04-09 09:22:24.916] Date: Thu, 9 Apr 2026 09:22:24 GMT
[Fastbot][2026-04-09 09:22:24.916] Connection: keep-alive
[Fastbot][2026-04-09 09:22:24.916] Transfer-Encoding: chunked
[Fastbot][2026-04-09 09:22:24.917] 
[Fastbot][2026-04-09 09:22:24.917] {"jsonrpc":"2.0","id":1,"result":false}

[Fastbot][2026-04-09 09:22:24.917] <-- END HTTP (40-byte body)
[Fastbot][2026-04-09 09:22:24.954] [Proxy Server] Forwarding
[Fastbot][2026-04-09 09:22:24.954] --> POST http://127.0.0.1:9008/jsonrpc/0
[Fastbot][2026-04-09 09:22:24.955] Content-Type: application/json; charset=utf-8
[Fastbot][2026-04-09 09:22:24.955] Content-Length: 196
[Fastbot][2026-04-09 09:22:24.955] 
[Fastbot][2026-04-09 09:22:24.955] {"jsonrpc": "2.0", "id": 1, "method": "waitForExists", "params": [{"mask": 8388624, "childOrSibling": [], "childOrSiblingSelector": [], "className": "android.widget.TextView", "index": 1}, 20000]}
[Fastbot][2026-04-09 09:22:24.955] --> END POST (196-byte body)
[Fastbot][2026-04-09 09:22:24.962] <-- 200 OK  http://127.0.0.1:9008/jsonrpc/0 (6ms)
[Fastbot][2026-04-09 09:22:24.962] Content-Type: application/json
[Fastbot][2026-04-09 09:22:24.963] Date: Thu, 9 Apr 2026 09:22:24 GMT
[Fastbot][2026-04-09 09:22:24.963] Connection: keep-alive
[Fastbot][2026-04-09 09:22:24.963] Transfer-Encoding: chunked
[Fastbot][2026-04-09 09:22:24.964] 
[Fastbot][2026-04-09 09:22:24.964] {"jsonrpc":"2.0","id":1,"result":true}

[Fastbot][2026-04-09 09:22:24.965] <-- END HTTP (39-byte body)
[Fastbot][2026-04-09 09:22:25.000] [Proxy Server] Forwarding
[Fastbot][2026-04-09 09:22:25.001] --> POST http://127.0.0.1:9008/jsonrpc/0
[Fastbot][2026-04-09 09:22:25.001] Content-Type: application/json; charset=utf-8
[Fastbot][2026-04-09 09:22:25.002] Content-Length: 183
[Fastbot][2026-04-09 09:22:25.002] 
[Fastbot][2026-04-09 09:22:25.002] {"jsonrpc": "2.0", "id": 1, "method": "getText", "params": [{"mask": 8388624, "childOrSibling": [], "childOrSiblingSelector": [], "className": "android.widget.TextView", "index": 1}]}
[Fastbot][2026-04-09 09:22:25.003] --> END POST (183-byte body)
[Fastbot][2026-04-09 09:22:25.007] <-- 200 OK  http://127.0.0.1:9008/jsonrpc/0 (4ms)
[Fastbot][2026-04-09 09:22:25.008] Content-Type: application/json
[Fastbot][2026-04-09 09:22:25.008] Date: Thu, 9 Apr 2026 09:22:25 GMT
[Fastbot][2026-04-09 09:22:25.009] Connection: keep-alive
[Fastbot][2026-04-09 09:22:25.009] Transfer-Encoding: chunked
[Fastbot][2026-04-09 09:22:25.011] 
[Fastbot][2026-04-09 09:22:25.011] {"jsonrpc":"2.0","id":1,"result":"A.txt"}

[Fastbot][2026-04-09 09:22:25.011] <-- END HTTP (42-byte body)
[Fastbot][2026-04-09 09:22:25.048] [Proxy Server] Forwarding
[Fastbot][2026-04-09 09:22:25.048] --> POST http://127.0.0.1:9008/jsonrpc/0
[Fastbot][2026-04-09 09:22:25.050] Content-Type: application/json; charset=utf-8
[Fastbot][2026-04-09 09:22:25.050] Content-Length: 215
[Fastbot][2026-04-09 09:22:25.050] 
[Fastbot][2026-04-09 09:22:25.051] {"jsonrpc": "2.0", "id": 1, "method": "waitForExists", "params": [{"mask": 2097152, "childOrSibling": [], "childOrSiblingSelector": [], "resourceId": "com.amaze.filemanager.debug:id/textEditorMainEditText"}, 20000]}
[Fastbot][2026-04-09 09:22:25.051] --> END POST (215-byte body)
[Fastbot][2026-04-09 09:22:25.062] <-- 200 OK  http://127.0.0.1:9008/jsonrpc/0 (11ms)
[Fastbot][2026-04-09 09:22:25.063] Content-Type: application/json
[Fastbot][2026-04-09 09:22:25.063] Date: Thu, 9 Apr 2026 09:22:25 GMT
[Fastbot][2026-04-09 09:22:25.063] Connection: keep-alive
[Fastbot][2026-04-09 09:22:25.064] Transfer-Encoding: chunked
[Fastbot][2026-04-09 09:22:25.065] 
[Fastbot][2026-04-09 09:22:25.065] {"jsonrpc":"2.0","id":1,"result":true}

[Fastbot][2026-04-09 09:22:25.066] <-- END HTTP (39-byte body)
[Fastbot][2026-04-09 09:22:25.111] [Proxy Server] Detected script method: setText
[Fastbot][2026-04-09 09:22:25.112] [Proxy Server] Forwarding
[Fastbot][2026-04-09 09:22:25.112] --> POST http://127.0.0.1:9008/jsonrpc/0
[Fastbot][2026-04-09 09:22:25.112] Content-Type: application/json; charset=utf-8
[Fastbot][2026-04-09 09:22:25.113] Content-Length: 236
[Fastbot][2026-04-09 09:22:25.113] 
[Fastbot][2026-04-09 09:22:25.113] {"jsonrpc": "2.0", "id": 1, "method": "setText", "params": [{"mask": 2097152, "childOrSibling": [], "childOrSiblingSelector": [], "resourceId": "com.amaze.filemanager.debug:id/textEditorMainEditText"}, "Q0Jzvjflg3LSdNIAIPrFMfcIIJe88B"]}
[Fastbot][2026-04-09 09:22:25.113] --> END POST (236-byte body)
[Fastbot][2026-04-09 09:22:25.465] <-- 200 OK  http://127.0.0.1:9008/jsonrpc/0 (351ms)
[Fastbot][2026-04-09 09:22:25.465] Content-Type: application/json
[Fastbot][2026-04-09 09:22:25.465] Date: Thu, 9 Apr 2026 09:22:25 GMT
[Fastbot][2026-04-09 09:22:25.465] Connection: keep-alive
[Fastbot][2026-04-09 09:22:25.465] Transfer-Encoding: chunked
[Fastbot][2026-04-09 09:22:25.466] 
[Fastbot][2026-04-09 09:22:25.466] {"jsonrpc":"2.0","id":1,"result":true}

[Fastbot][2026-04-09 09:22:25.466] <-- END HTTP (39-byte body)
[Fastbot][2026-04-09 09:22:25.996] [Proxy Server] Detected script method: pressKey
[Fastbot][2026-04-09 09:22:25.996] [Proxy Server] Forwarding
[Fastbot][2026-04-09 09:22:25.997] --> POST http://127.0.0.1:9008/jsonrpc/0
[Fastbot][2026-04-09 09:22:25.997] Content-Type: application/json; charset=utf-8
[Fastbot][2026-04-09 09:22:25.997] Content-Length: 69
[Fastbot][2026-04-09 09:22:25.998] 
[Fastbot][2026-04-09 09:22:25.998] {"jsonrpc": "2.0", "id": 1, "method": "pressKey", "params": ["back"]}
[Fastbot][2026-04-09 09:22:25.999] --> END POST (69-byte body)
[Fastbot][2026-04-09 09:22:26.344] <-- 200 OK  http://127.0.0.1:9008/jsonrpc/0 (334ms)
[Fastbot][2026-04-09 09:22:26.344] Content-Type: application/json
[Fastbot][2026-04-09 09:22:26.344] Date: Thu, 9 Apr 2026 09:22:26 GMT
[Fastbot][2026-04-09 09:22:26.344] Connection: keep-alive
[Fastbot][2026-04-09 09:22:26.344] Transfer-Encoding: chunked
[Fastbot][2026-04-09 09:22:26.349] 
[Fastbot][2026-04-09 09:22:26.349] {"jsonrpc":"2.0","id":1,"result":true}

[Fastbot][2026-04-09 09:22:26.349] <-- END HTTP (39-byte body)
[Fastbot][2026-04-09 09:22:26.867] [Proxy Server] Forwarding
[Fastbot][2026-04-09 09:22:26.867] --> POST http://127.0.0.1:9008/jsonrpc/0
[Fastbot][2026-04-09 09:22:26.867] Content-Type: application/json; charset=utf-8
[Fastbot][2026-04-09 09:22:26.868] Content-Length: 232
[Fastbot][2026-04-09 09:22:26.868] 
[Fastbot][2026-04-09 09:22:26.868] {"jsonrpc": "2.0", "id": 1, "method": "waitForExists", "params": [{"mask": 2097153, "childOrSibling": [], "childOrSiblingSelector": [], "resourceId": "com.amaze.filemanager.debug:id/md_buttonDefaultPositive", "text": "YES"}, 20000]}
[Fastbot][2026-04-09 09:22:26.868] --> END POST (232-byte body)
[Fastbot][2026-04-09 09:22:26.882] <-- 200 OK  http://127.0.0.1:9008/jsonrpc/0 (13ms)
[Fastbot][2026-04-09 09:22:26.882] Content-Type: application/json
[Fastbot][2026-04-09 09:22:26.882] Date: Thu, 9 Apr 2026 09:22:26 GMT
[Fastbot][2026-04-09 09:22:26.882] Connection: keep-alive
[Fastbot][2026-04-09 09:22:26.883] Transfer-Encoding: chunked
[Fastbot][2026-04-09 09:22:26.883] 
[Fastbot][2026-04-09 09:22:26.883] {"jsonrpc":"2.0","id":1,"result":true}

[Fastbot][2026-04-09 09:22:26.883] <-- END HTTP (39-byte body)
[Fastbot][2026-04-09 09:22:26.911] [Proxy Server] Forwarding
[Fastbot][2026-04-09 09:22:26.912] --> POST http://127.0.0.1:9008/jsonrpc/0
[Fastbot][2026-04-09 09:22:26.912] Content-Type: application/json; charset=utf-8
[Fastbot][2026-04-09 09:22:26.912] Content-Length: 219
[Fastbot][2026-04-09 09:22:26.913] 
[Fastbot][2026-04-09 09:22:26.913] {"jsonrpc": "2.0", "id": 1, "method": "objInfo", "params": [{"mask": 2097153, "childOrSibling": [], "childOrSiblingSelector": [], "resourceId": "com.amaze.filemanager.debug:id/md_buttonDefaultPositive", "text": "YES"}]}
[Fastbot][2026-04-09 09:22:26.913] --> END POST (219-byte body)
[Fastbot][2026-04-09 09:22:26.939] <-- 200 OK  http://127.0.0.1:9008/jsonrpc/0 (25ms)
[Fastbot][2026-04-09 09:22:26.939] Content-Type: application/json
[Fastbot][2026-04-09 09:22:26.939] Date: Thu, 9 Apr 2026 09:22:26 GMT
[Fastbot][2026-04-09 09:22:26.939] Connection: keep-alive
[Fastbot][2026-04-09 09:22:26.940] Transfer-Encoding: chunked
[Fastbot][2026-04-09 09:22:26.981] 
[Fastbot][2026-04-09 09:22:26.981] {"jsonrpc":"2.0","id":1,"result":{"bounds":{"bottom":1284,"left":772,"right":915,"top":1218},"childCount":0,"className":"android.widget.TextView","contentDescription":null,"packageName":"com.amaze.filemanager.debug","resourceName":"com.amaze.filemanager.debug:id/md_buttonDefaultPositive","text":"YES...[truncated]
[Fastbot][2026-04-09 09:22:26.982] <-- END HTTP (527-byte body)
[Fastbot][2026-04-09 09:22:26.997] [Proxy Server] Detected script method: click
[Fastbot][2026-04-09 09:22:26.998] [Proxy Server] Forwarding
[Fastbot][2026-04-09 09:22:26.998] --> POST http://127.0.0.1:9008/jsonrpc/0
[Fastbot][2026-04-09 09:22:26.998] Content-Type: application/json; charset=utf-8
[Fastbot][2026-04-09 09:22:26.999] Content-Length: 73
[Fastbot][2026-04-09 09:22:26.999] 
[Fastbot][2026-04-09 09:22:26.999] {"jsonrpc": "2.0", "id": 1, "method": "click", "params": [843.5, 1251.0]}
[Fastbot][2026-04-09 09:22:27.000] --> END POST (73-byte body)
[Fastbot][2026-04-09 09:22:27.130] <-- 200 OK  http://127.0.0.1:9008/jsonrpc/0 (129ms)
[Fastbot][2026-04-09 09:22:27.130] Content-Type: application/json
[Fastbot][2026-04-09 09:22:27.130] Date: Thu, 9 Apr 2026 09:22:27 GMT
[Fastbot][2026-04-09 09:22:27.131] Connection: keep-alive
[Fastbot][2026-04-09 09:22:27.131] Transfer-Encoding: chunked
[Fastbot][2026-04-09 09:22:27.177] 
[Fastbot][2026-04-09 09:22:27.177] {"jsonrpc":"2.0","id":1,"result":true}

[Fastbot][2026-04-09 09:22:27.177] <-- END HTTP (39-byte body)
[Fastbot][2026-04-09 09:22:27.714] // [Script] current activity is com.amaze.filemanager.ui.activities.MainActivity
[Fastbot][2026-04-09 09:22:27.714] [Proxy Server] Forwarding
[Fastbot][2026-04-09 09:22:27.715] --> POST http://127.0.0.1:9008/jsonrpc/0
[Fastbot][2026-04-09 09:22:27.715] Content-Type: application/json; charset=utf-8
[Fastbot][2026-04-09 09:22:27.715] Content-Length: 212
[Fastbot][2026-04-09 09:22:27.715] 
[Fastbot][2026-04-09 09:22:27.715] {"jsonrpc": "2.0", "id": 1, "method": "waitForExists", "params": [{"mask": 10485760, "childOrSibling": [], "childOrSiblingSelector": [], "resourceId": "com.amaze.filemanager.debug:id/search", "index": 0}, 20000]}
[Fastbot][2026-04-09 09:22:27.716] --> END POST (212-byte body)
[Fastbot][2026-04-09 09:22:27.867] <-- 200 OK  http://127.0.0.1:9008/jsonrpc/0 (151ms)
[Fastbot][2026-04-09 09:22:27.868] Content-Type: application/json
[Fastbot][2026-04-09 09:22:27.868] Date: Thu, 9 Apr 2026 09:22:27 GMT
[Fastbot][2026-04-09 09:22:27.869] Connection: keep-alive
[Fastbot][2026-04-09 09:22:27.870] Transfer-Encoding: chunked
[Fastbot][2026-04-09 09:22:27.872] 
[Fastbot][2026-04-09 09:22:27.872] {"jsonrpc":"2.0","id":1,"result":true}

[Fastbot][2026-04-09 09:22:27.872] <-- END HTTP (39-byte body)
[Fastbot][2026-04-09 09:22:27.905] [Proxy Server] Forwarding
[Fastbot][2026-04-09 09:22:27.906] --> POST http://127.0.0.1:9008/jsonrpc/0
[Fastbot][2026-04-09 09:22:27.906] Content-Type: application/json; charset=utf-8
[Fastbot][2026-04-09 09:22:27.906] Content-Length: 199
[Fastbot][2026-04-09 09:22:27.906] 
[Fastbot][2026-04-09 09:22:27.907] {"jsonrpc": "2.0", "id": 1, "method": "objInfo", "params": [{"mask": 10485760, "childOrSibling": [], "childOrSiblingSelector": [], "resourceId": "com.amaze.filemanager.debug:id/search", "index": 0}]}
[Fastbot][2026-04-09 09:22:27.907] --> END POST (199-byte body)
[Fastbot][2026-04-09 09:22:28.752] <-- 200 OK  http://127.0.0.1:9008/jsonrpc/0 (845ms)
[Fastbot][2026-04-09 09:22:28.752] Content-Type: application/json
[Fastbot][2026-04-09 09:22:28.752] Date: Thu, 9 Apr 2026 09:22:28 GMT
[Fastbot][2026-04-09 09:22:28.753] Connection: keep-alive
[Fastbot][2026-04-09 09:22:28.753] Transfer-Encoding: chunked
[Fastbot][2026-04-09 09:22:28.753] 
[Fastbot][2026-04-09 09:22:28.753] {"jsonrpc":"2.0","id":1,"result":{"bounds":{"bottom":226,"left":705,"right":837,"top":94},"childCount":0,"className":"android.widget.Button","contentDescription":"Search","packageName":"com.amaze.filemanager.debug","resourceName":null,"text":"","visibleBounds":{"bottom":226,"left":705,"right":837,"t...[truncated]
[Fastbot][2026-04-09 09:22:28.753] <-- END HTTP (467-byte body)
[Fastbot][2026-04-09 09:22:28.802] [Proxy Server] Detected script method: click
[Fastbot][2026-04-09 09:22:28.803] [Proxy Server] Forwarding
[Fastbot][2026-04-09 09:22:28.803] --> POST http://127.0.0.1:9008/jsonrpc/0
[Fastbot][2026-04-09 09:22:28.805] Content-Type: application/json; charset=utf-8
[Fastbot][2026-04-09 09:22:28.805] Content-Length: 72
[Fastbot][2026-04-09 09:22:28.805] 
[Fastbot][2026-04-09 09:22:28.805] {"jsonrpc": "2.0", "id": 1, "method": "click", "params": [771.0, 160.0]}
[Fastbot][2026-04-09 09:22:28.805] --> END POST (72-byte body)
[Fastbot][2026-04-09 09:22:28.996] <-- 200 OK  http://127.0.0.1:9008/jsonrpc/0 (190ms)
[Fastbot][2026-04-09 09:22:28.996] Content-Type: application/json
[Fastbot][2026-04-09 09:22:28.996] Date: Thu, 9 Apr 2026 09:22:28 GMT
[Fastbot][2026-04-09 09:22:28.996] Connection: keep-alive
[Fastbot][2026-04-09 09:22:28.996] Transfer-Encoding: chunked
[Fastbot][2026-04-09 09:22:28.997] 
[Fastbot][2026-04-09 09:22:28.997] {"jsonrpc":"2.0","id":1,"result":true}

[Fastbot][2026-04-09 09:22:28.997] <-- END HTTP (39-byte body)
[Fastbot][2026-04-09 09:22:29.535] [Proxy Server] Forwarding
[Fastbot][2026-04-09 09:22:29.536] --> POST http://127.0.0.1:9008/jsonrpc/0
[Fastbot][2026-04-09 09:22:29.536] Content-Type: application/json; charset=utf-8
[Fastbot][2026-04-09 09:22:29.536] Content-Length: 209
[Fastbot][2026-04-09 09:22:29.537] 
[Fastbot][2026-04-09 09:22:29.537] {"jsonrpc": "2.0", "id": 1, "method": "waitForExists", "params": [{"mask": 2097152, "childOrSibling": [], "childOrSiblingSelector": [], "resourceId": "com.amaze.filemanager.debug:id/search_edit_text"}, 20000]}
[Fastbot][2026-04-09 09:22:29.537] --> END POST (209-byte body)
[Fastbot][2026-04-09 09:22:30.448] <-- 200 OK  http://127.0.0.1:9008/jsonrpc/0 (911ms)
[Fastbot][2026-04-09 09:22:30.448] Content-Type: application/json
[Fastbot][2026-04-09 09:22:30.448] Date: Thu, 9 Apr 2026 09:22:30 GMT
[Fastbot][2026-04-09 09:22:30.449] Connection: keep-alive
[Fastbot][2026-04-09 09:22:30.449] Transfer-Encoding: chunked
[Fastbot][2026-04-09 09:22:30.450] 
[Fastbot][2026-04-09 09:22:30.450] {"jsonrpc":"2.0","id":1,"result":true}

[Fastbot][2026-04-09 09:22:30.451] <-- END HTTP (39-byte body)
[Fastbot][2026-04-09 09:22:30.482] [Proxy Server] Detected script method: setText
[Fastbot][2026-04-09 09:22:30.482] [Proxy Server] Forwarding
[Fastbot][2026-04-09 09:22:30.483] --> POST http://127.0.0.1:9008/jsonrpc/0
[Fastbot][2026-04-09 09:22:30.483] Content-Type: application/json; charset=utf-8
[Fastbot][2026-04-09 09:22:30.483] Content-Length: 205
[Fastbot][2026-04-09 09:22:30.483] 
[Fastbot][2026-04-09 09:22:30.483] {"jsonrpc": "2.0", "id": 1, "method": "setText", "params": [{"mask": 2097152, "childOrSibling": [], "childOrSiblingSelector": [], "resourceId": "com.amaze.filemanager.debug:id/search_edit_text"}, "A.txt"]}
[Fastbot][2026-04-09 09:22:30.483] --> END POST (205-byte body)
[Fastbot][2026-04-09 09:22:30.865] <-- 200 OK  http://127.0.0.1:9008/jsonrpc/0 (381ms)
[Fastbot][2026-04-09 09:22:30.866] Content-Type: application/json
[Fastbot][2026-04-09 09:22:30.866] Date: Thu, 9 Apr 2026 09:22:30 GMT
[Fastbot][2026-04-09 09:22:30.866] Connection: keep-alive
[Fastbot][2026-04-09 09:22:30.867] Transfer-Encoding: chunked
[Fastbot][2026-04-09 09:22:30.867] 
[Fastbot][2026-04-09 09:22:30.867] {"jsonrpc":"2.0","id":1,"result":true}

[Fastbot][2026-04-09 09:22:30.867] <-- END HTTP (39-byte body)
[Fastbot][2026-04-09 09:22:31.386] [Proxy Server] Forwarding
[Fastbot][2026-04-09 09:22:31.387] --> POST http://127.0.0.1:9008/jsonrpc/0
[Fastbot][2026-04-09 09:22:31.387] Content-Type: application/json; charset=utf-8
[Fastbot][2026-04-09 09:22:31.387] Content-Length: 211
[Fastbot][2026-04-09 09:22:31.388] 
[Fastbot][2026-04-09 09:22:31.388] {"jsonrpc": "2.0", "id": 1, "method": "waitForExists", "params": [{"mask": 2097152, "childOrSibling": [], "childOrSiblingSelector": [], "resourceId": "com.amaze.filemanager.debug:id/searchDeepSearchTV"}, 20000]}
[Fastbot][2026-04-09 09:22:31.388] --> END POST (211-byte body)
[Fastbot][2026-04-09 09:22:32.219] <-- 200 OK  http://127.0.0.1:9008/jsonrpc/0 (830ms)
[Fastbot][2026-04-09 09:22:32.219] Content-Type: application/json
[Fastbot][2026-04-09 09:22:32.219] Date: Thu, 9 Apr 2026 09:22:32 GMT
[Fastbot][2026-04-09 09:22:32.219] Connection: keep-alive
[Fastbot][2026-04-09 09:22:32.220] Transfer-Encoding: chunked
[Fastbot][2026-04-09 09:22:32.220] 
[Fastbot][2026-04-09 09:22:32.221] {"jsonrpc":"2.0","id":1,"result":true}

[Fastbot][2026-04-09 09:22:32.221] <-- END HTTP (39-byte body)
[Fastbot][2026-04-09 09:22:32.295] [Proxy Server] Forwarding
[Fastbot][2026-04-09 09:22:32.296] --> POST http://127.0.0.1:9008/jsonrpc/0
[Fastbot][2026-04-09 09:22:32.296] Content-Type: application/json; charset=utf-8
[Fastbot][2026-04-09 09:22:32.296] Content-Length: 198
[Fastbot][2026-04-09 09:22:32.297] 
[Fastbot][2026-04-09 09:22:32.297] {"jsonrpc": "2.0", "id": 1, "method": "objInfo", "params": [{"mask": 2097152, "childOrSibling": [], "childOrSiblingSelector": [], "resourceId": "com.amaze.filemanager.debug:id/searchDeepSearchTV"}]}
[Fastbot][2026-04-09 09:22:32.298] --> END POST (198-byte body)
[Fastbot][2026-04-09 09:22:33.052] <-- 200 OK  http://127.0.0.1:9008/jsonrpc/0 (754ms)
[Fastbot][2026-04-09 09:22:33.052] Content-Type: application/json
[Fastbot][2026-04-09 09:22:33.052] Date: Thu, 9 Apr 2026 09:22:33 GMT
[Fastbot][2026-04-09 09:22:33.053] Connection: keep-alive
[Fastbot][2026-04-09 09:22:33.053] Transfer-Encoding: chunked
[Fastbot][2026-04-09 09:22:33.054] 
[Fastbot][2026-04-09 09:22:33.054] {"jsonrpc":"2.0","id":1,"result":{"bounds":{"bottom":684,"left":28,"right":1052,"top":529},"childCount":0,"className":"android.widget.TextView","contentDescription":null,"packageName":"com.amaze.filemanager.debug","resourceName":"com.amaze.filemanager.debug:id/searchDeepSearchTV","text":"Not finding...[truncated]
[Fastbot][2026-04-09 09:22:33.054] <-- END HTTP (570-byte body)
[Fastbot][2026-04-09 09:22:33.089] [Proxy Server] Detected script method: click
[Fastbot][2026-04-09 09:22:33.089] [Proxy Server] Forwarding
[Fastbot][2026-04-09 09:22:33.089] --> POST http://127.0.0.1:9008/jsonrpc/0
[Fastbot][2026-04-09 09:22:33.090] Content-Type: application/json; charset=utf-8
[Fastbot][2026-04-09 09:22:33.090] Content-Length: 72
[Fastbot][2026-04-09 09:22:33.090] 
[Fastbot][2026-04-09 09:22:33.090] {"jsonrpc": "2.0", "id": 1, "method": "click", "params": [540.0, 606.5]}
[Fastbot][2026-04-09 09:22:33.090] --> END POST (72-byte body)
[Fastbot][2026-04-09 09:22:33.312] <-- 200 OK  http://127.0.0.1:9008/jsonrpc/0 (220ms)
[Fastbot][2026-04-09 09:22:33.312] Content-Type: application/json
[Fastbot][2026-04-09 09:22:33.312] Date: Thu, 9 Apr 2026 09:22:33 GMT
[Fastbot][2026-04-09 09:22:33.312] Connection: keep-alive
[Fastbot][2026-04-09 09:22:33.312] Transfer-Encoding: chunked
[Fastbot][2026-04-09 09:22:33.313] 
[Fastbot][2026-04-09 09:22:33.313] {"jsonrpc":"2.0","id":1,"result":true}

[Fastbot][2026-04-09 09:22:33.313] <-- END HTTP (39-byte body)
[Fastbot][2026-04-09 09:22:33.857] [Proxy Server] Forwarding
[Fastbot][2026-04-09 09:22:33.858] --> POST http://127.0.0.1:9008/jsonrpc/0
[Fastbot][2026-04-09 09:22:33.858] Content-Type: application/json; charset=utf-8
[Fastbot][2026-04-09 09:22:33.859] Content-Length: 198
[Fastbot][2026-04-09 09:22:33.859] 
[Fastbot][2026-04-09 09:22:33.860] {"jsonrpc": "2.0", "id": 1, "method": "exist", "params": [{"mask": 2097152, "childOrSibling": [], "childOrSiblingSelector": [], "resourceId": "com.amaze.filemanager.debug:id/searchItemFileNameTV"}]}
[Fastbot][2026-04-09 09:22:33.861] --> END POST (198-byte body)
[Fastbot][2026-04-09 09:22:34.715] <-- 200 OK  http://127.0.0.1:9008/jsonrpc/0 (853ms)
[Fastbot][2026-04-09 09:22:34.715] Content-Type: application/json
[Fastbot][2026-04-09 09:22:34.715] Date: Thu, 9 Apr 2026 09:22:34 GMT
[Fastbot][2026-04-09 09:22:34.715] Connection: keep-alive
[Fastbot][2026-04-09 09:22:34.715] Transfer-Encoding: chunked
[Fastbot][2026-04-09 09:22:34.715] 
[Fastbot][2026-04-09 09:22:34.715] {"jsonrpc":"2.0","id":1,"result":true}

[Fastbot][2026-04-09 09:22:34.715] <-- END HTTP (39-byte body)
[Fastbot][2026-04-09 09:22:34.748] [Proxy Server] Forwarding
[Fastbot][2026-04-09 09:22:34.749] --> POST http://127.0.0.1:9008/jsonrpc/0
[Fastbot][2026-04-09 09:22:34.749] Content-Type: application/json; charset=utf-8
[Fastbot][2026-04-09 09:22:34.749] Content-Length: 213
[Fastbot][2026-04-09 09:22:34.750] 
[Fastbot][2026-04-09 09:22:34.750] {"jsonrpc": "2.0", "id": 1, "method": "waitForExists", "params": [{"mask": 2097152, "childOrSibling": [], "childOrSiblingSelector": [], "resourceId": "com.amaze.filemanager.debug:id/searchItemFileNameTV"}, 20000]}
[Fastbot][2026-04-09 09:22:34.750] --> END POST (213-byte body)
[Fastbot][2026-04-09 09:22:34.834] <-- 200 OK  http://127.0.0.1:9008/jsonrpc/0 (84ms)
[Fastbot][2026-04-09 09:22:34.835] Content-Type: application/json
[Fastbot][2026-04-09 09:22:34.835] Date: Thu, 9 Apr 2026 09:22:34 GMT
[Fastbot][2026-04-09 09:22:34.835] Connection: keep-alive
[Fastbot][2026-04-09 09:22:34.835] Transfer-Encoding: chunked
[Fastbot][2026-04-09 09:22:34.836] 
[Fastbot][2026-04-09 09:22:34.836] {"jsonrpc":"2.0","id":1,"result":true}

[Fastbot][2026-04-09 09:22:34.837] <-- END HTTP (39-byte body)
[Fastbot][2026-04-09 09:22:34.868] [Proxy Server] Forwarding
[Fastbot][2026-04-09 09:22:34.868] --> POST http://127.0.0.1:9008/jsonrpc/0
[Fastbot][2026-04-09 09:22:34.868] Content-Type: application/json; charset=utf-8
[Fastbot][2026-04-09 09:22:34.868] Content-Length: 200
[Fastbot][2026-04-09 09:22:34.869] 
[Fastbot][2026-04-09 09:22:34.869] {"jsonrpc": "2.0", "id": 1, "method": "getText", "params": [{"mask": 2097152, "childOrSibling": [], "childOrSiblingSelector": [], "resourceId": "com.amaze.filemanager.debug:id/searchItemFileNameTV"}]}
[Fastbot][2026-04-09 09:22:34.869] --> END POST (200-byte body)
[Fastbot][2026-04-09 09:22:35.037] <-- 200 OK  http://127.0.0.1:9008/jsonrpc/0 (167ms)
[Fastbot][2026-04-09 09:22:35.038] Content-Type: application/json
[Fastbot][2026-04-09 09:22:35.038] Date: Thu, 9 Apr 2026 09:22:35 GMT
[Fastbot][2026-04-09 09:22:35.038] Connection: keep-alive
[Fastbot][2026-04-09 09:22:35.038] Transfer-Encoding: chunked
[Fastbot][2026-04-09 09:22:35.040] 
[Fastbot][2026-04-09 09:22:35.040] {"jsonrpc":"2.0","id":1,"result":"A.txt"}

[Fastbot][2026-04-09 09:22:35.040] <-- END HTTP (42-byte body)
[Fastbot][2026-04-09 09:22:35.075] [Proxy Server] Forwarding
[Fastbot][2026-04-09 09:22:35.076] --> POST http://127.0.0.1:9008/jsonrpc/0
[Fastbot][2026-04-09 09:22:35.077] Content-Type: application/json; charset=utf-8
[Fastbot][2026-04-09 09:22:35.077] Content-Length: 213
[Fastbot][2026-04-09 09:22:35.078] 
[Fastbot][2026-04-09 09:22:35.078] {"jsonrpc": "2.0", "id": 1, "method": "waitForExists", "params": [{"mask": 2097152, "childOrSibling": [], "childOrSiblingSelector": [], "resourceId": "com.amaze.filemanager.debug:id/searchItemFileNameTV"}, 20000]}
[Fastbot][2026-04-09 09:22:35.078] --> END POST (213-byte body)
[Fastbot][2026-04-09 09:22:35.240] <-- 200 OK  http://127.0.0.1:9008/jsonrpc/0 (161ms)
[Fastbot][2026-04-09 09:22:35.240] Content-Type: application/json
[Fastbot][2026-04-09 09:22:35.242] Date: Thu, 9 Apr 2026 09:22:35 GMT
[Fastbot][2026-04-09 09:22:35.243] Connection: keep-alive
[Fastbot][2026-04-09 09:22:35.244] Transfer-Encoding: chunked
[Fastbot][2026-04-09 09:22:35.246] 
[Fastbot][2026-04-09 09:22:35.246] {"jsonrpc":"2.0","id":1,"result":true}

[Fastbot][2026-04-09 09:22:35.247] <-- END HTTP (39-byte body)
[Fastbot][2026-04-09 09:22:35.297] [Proxy Server] Forwarding
[Fastbot][2026-04-09 09:22:35.297] --> POST http://127.0.0.1:9008/jsonrpc/0
[Fastbot][2026-04-09 09:22:35.302] Content-Type: application/json; charset=utf-8
[Fastbot][2026-04-09 09:22:35.302] Content-Length: 200
[Fastbot][2026-04-09 09:22:35.303] 
[Fastbot][2026-04-09 09:22:35.303] {"jsonrpc": "2.0", "id": 1, "method": "objInfo", "params": [{"mask": 2097152, "childOrSibling": [], "childOrSiblingSelector": [], "resourceId": "com.amaze.filemanager.debug:id/searchItemFileNameTV"}]}
[Fastbot][2026-04-09 09:22:35.303] --> END POST (200-byte body)
[Fastbot][2026-04-09 09:22:36.051] <-- 200 OK  http://127.0.0.1:9008/jsonrpc/0 (747ms)
[Fastbot][2026-04-09 09:22:36.051] Content-Type: application/json
[Fastbot][2026-04-09 09:22:36.051] Date: Thu, 9 Apr 2026 09:22:36 GMT
[Fastbot][2026-04-09 09:22:36.052] Connection: keep-alive
[Fastbot][2026-04-09 09:22:36.052] Transfer-Encoding: chunked
[Fastbot][2026-04-09 09:22:36.053] 
[Fastbot][2026-04-09 09:22:36.053] {"jsonrpc":"2.0","id":1,"result":{"bounds":{"bottom":851,"left":76,"right":1015,"top":792},"childCount":0,"className":"android.widget.TextView","contentDescription":null,"packageName":"com.amaze.filemanager.debug","resourceName":"com.amaze.filemanager.debug:id/searchItemFileNameTV","text":"A.txt","v...[truncated]
[Fastbot][2026-04-09 09:22:36.054] <-- END HTTP (523-byte body)
[Fastbot][2026-04-09 09:22:36.109] [Proxy Server] Detected script method: click
[Fastbot][2026-04-09 09:22:36.110] [Proxy Server] Forwarding
[Fastbot][2026-04-09 09:22:36.111] --> POST http://127.0.0.1:9008/jsonrpc/0
[Fastbot][2026-04-09 09:22:36.111] Content-Type: application/json; charset=utf-8
[Fastbot][2026-04-09 09:22:36.112] Content-Length: 72
[Fastbot][2026-04-09 09:22:36.112] 
[Fastbot][2026-04-09 09:22:36.112] {"jsonrpc": "2.0", "id": 1, "method": "click", "params": [545.5, 821.5]}
[Fastbot][2026-04-09 09:22:36.112] --> END POST (72-byte body)
[Fastbot][2026-04-09 09:22:36.302] <-- 200 OK  http://127.0.0.1:9008/jsonrpc/0 (189ms)
[Fastbot][2026-04-09 09:22:36.302] Content-Type: application/json
[Fastbot][2026-04-09 09:22:36.302] Date: Thu, 9 Apr 2026 09:22:36 GMT
[Fastbot][2026-04-09 09:22:36.302] Connection: keep-alive
[Fastbot][2026-04-09 09:22:36.302] Transfer-Encoding: chunked
[Fastbot][2026-04-09 09:22:36.302] 
[Fastbot][2026-04-09 09:22:36.302] {"jsonrpc":"2.0","id":1,"result":true}

[Fastbot][2026-04-09 09:22:36.302] <-- END HTTP (39-byte body)
[Fastbot][2026-04-09 09:22:36.322] // the top activity is com.amaze.filemanager.ui.activities.texteditor.TextEditorActivity, phone capture activity is com.android.camera.CaptureActivity
[Fastbot][2026-04-09 09:22:36.322]     // Allowing start of Intent { act=android.intent.action.VIEW dat=content://com.amaze.filemanager.debug/storage_root/storage/emulated/0/Documents/mordor/A.txt typ=text/plain cmp=com.amaze.filemanager.debug/com.amaze.filemanager.ui.activities.texteditor.TextEditorActivity } in package com.amaze.filemanager.debug
[Fastbot][2026-04-09 09:22:36.821] // [Script] current activity is com.amaze.filemanager.ui.activities.texteditor.TextEditorActivity
[Fastbot][2026-04-09 09:22:36.823] [Proxy Server] Forwarding
[Fastbot][2026-04-09 09:22:36.823] --> POST http://127.0.0.1:9008/jsonrpc/0
[Fastbot][2026-04-09 09:22:36.824] Content-Type: application/json; charset=utf-8
[Fastbot][2026-04-09 09:22:36.824] Content-Length: 209
[Fastbot][2026-04-09 09:22:36.825] 
[Fastbot][2026-04-09 09:22:36.826] {"jsonrpc": "2.0", "id": 1, "method": "exist", "params": [{"mask": 2097153, "childOrSibling": [], "childOrSiblingSelector": [], "resourceId": "com.amaze.filemanager.debug:id/always_button", "text": "Always"}]}
[Fastbot][2026-04-09 09:22:36.827] --> END POST (209-byte body)
[Fastbot][2026-04-09 09:22:37.485] <-- 200 OK  http://127.0.0.1:9008/jsonrpc/0 (658ms)
[Fastbot][2026-04-09 09:22:37.485] Content-Type: application/json
[Fastbot][2026-04-09 09:22:37.486] Date: Thu, 9 Apr 2026 09:22:37 GMT
[Fastbot][2026-04-09 09:22:37.486] Connection: keep-alive
[Fastbot][2026-04-09 09:22:37.486] Transfer-Encoding: chunked
[Fastbot][2026-04-09 09:22:37.486] 
[Fastbot][2026-04-09 09:22:37.486] {"jsonrpc":"2.0","id":1,"result":false}

[Fastbot][2026-04-09 09:22:37.486] <-- END HTTP (40-byte body)
[Fastbot][2026-04-09 09:22:37.517] [Proxy Server] Forwarding
[Fastbot][2026-04-09 09:22:37.518] --> POST http://127.0.0.1:9008/jsonrpc/0
[Fastbot][2026-04-09 09:22:37.518] Content-Type: application/json; charset=utf-8
[Fastbot][2026-04-09 09:22:37.519] Content-Length: 215
[Fastbot][2026-04-09 09:22:37.520] 
[Fastbot][2026-04-09 09:22:37.521] {"jsonrpc": "2.0", "id": 1, "method": "waitForExists", "params": [{"mask": 2097152, "childOrSibling": [], "childOrSiblingSelector": [], "resourceId": "com.amaze.filemanager.debug:id/textEditorMainEditText"}, 20000]}
[Fastbot][2026-04-09 09:22:37.521] --> END POST (215-byte body)
[Fastbot][2026-04-09 09:22:37.533] <-- 200 OK  http://127.0.0.1:9008/jsonrpc/0 (10ms)
[Fastbot][2026-04-09 09:22:37.533] Content-Type: application/json
[Fastbot][2026-04-09 09:22:37.533] Date: Thu, 9 Apr 2026 09:22:37 GMT
[Fastbot][2026-04-09 09:22:37.533] Connection: keep-alive
[Fastbot][2026-04-09 09:22:37.533] Transfer-Encoding: chunked
[Fastbot][2026-04-09 09:22:37.533] 
[Fastbot][2026-04-09 09:22:37.534] {"jsonrpc":"2.0","id":1,"result":true}

[Fastbot][2026-04-09 09:22:37.534] <-- END HTTP (39-byte body)
[Fastbot][2026-04-09 09:22:37.579] [Proxy Server] Forwarding
[Fastbot][2026-04-09 09:22:37.579] --> POST http://127.0.0.1:9008/jsonrpc/0
[Fastbot][2026-04-09 09:22:37.581] Content-Type: application/json; charset=utf-8
[Fastbot][2026-04-09 09:22:37.581] Content-Length: 202
[Fastbot][2026-04-09 09:22:37.581] 
[Fastbot][2026-04-09 09:22:37.581] {"jsonrpc": "2.0", "id": 1, "method": "getText", "params": [{"mask": 2097152, "childOrSibling": [], "childOrSiblingSelector": [], "resourceId": "com.amaze.filemanager.debug:id/textEditorMainEditText"}]}
[Fastbot][2026-04-09 09:22:37.582] --> END POST (202-byte body)
[Fastbot][2026-04-09 09:22:37.600] <-- 200 OK  http://127.0.0.1:9008/jsonrpc/0 (18ms)
[Fastbot][2026-04-09 09:22:37.600] Content-Type: application/json
[Fastbot][2026-04-09 09:22:37.600] Date: Thu, 9 Apr 2026 09:22:37 GMT
[Fastbot][2026-04-09 09:22:37.600] Connection: keep-alive
[Fastbot][2026-04-09 09:22:37.600] Transfer-Encoding: chunked
[Fastbot][2026-04-09 09:22:37.601] 
[Fastbot][2026-04-09 09:22:37.602] {"jsonrpc":"2.0","id":1,"result":"Q0Jzvjflg3LSdNIAIPrFMfcIIJe88B"}

[Fastbot][2026-04-09 09:22:37.602] <-- END HTTP (67-byte body)
[Fastbot][2026-04-09 09:22:37.643] [Proxy Server] Detected script method: pressKey
[Fastbot][2026-04-09 09:22:37.643] [Proxy Server] Forwarding
[Fastbot][2026-04-09 09:22:37.644] --> POST http://127.0.0.1:9008/jsonrpc/0
[Fastbot][2026-04-09 09:22:37.644] Content-Type: application/json; charset=utf-8
[Fastbot][2026-04-09 09:22:37.644] Content-Length: 69
[Fastbot][2026-04-09 09:22:37.644] 
[Fastbot][2026-04-09 09:22:37.644] {"jsonrpc": "2.0", "id": 1, "method": "pressKey", "params": ["back"]}
[Fastbot][2026-04-09 09:22:37.645] --> END POST (69-byte body)
[Fastbot][2026-04-09 09:22:38.596] <-- 200 OK  http://127.0.0.1:9008/jsonrpc/0 (951ms)
[Fastbot][2026-04-09 09:22:38.597] Content-Type: application/json
[Fastbot][2026-04-09 09:22:38.597] Date: Thu, 9 Apr 2026 09:22:38 GMT
[Fastbot][2026-04-09 09:22:38.597] Connection: keep-alive
[Fastbot][2026-04-09 09:22:38.598] Transfer-Encoding: chunked
[Fastbot][2026-04-09 09:22:38.598] 
[Fastbot][2026-04-09 09:22:38.599] {"jsonrpc":"2.0","id":1,"result":true}

[Fastbot][2026-04-09 09:22:38.601] <-- END HTTP (39-byte body)
[Fastbot][2026-04-09 09:22:39.347] --> POST http://127.0.0.1:9008/jsonrpc/0
[Fastbot][2026-04-09 09:22:39.348] Content-Type: application/json; charset=utf-8
[Fastbot][2026-04-09 09:22:39.348] Content-Length: 75
[Fastbot][2026-04-09 09:22:39.349] 
[Fastbot][2026-04-09 09:22:39.350] {"id":1,"jsonrpc":"2.0","method":"dumpWindowHierarchy","params":[false,50]}
[Fastbot][2026-04-09 09:22:39.350] --> END POST (75-byte body)
[Fastbot][2026-04-09 09:22:40.258] <-- 200 OK  http://127.0.0.1:9008/jsonrpc/0 (907ms)
[Fastbot][2026-04-09 09:22:40.258] Content-Type: application/json
[Fastbot][2026-04-09 09:22:40.258] Date: Thu, 9 Apr 2026 09:22:40 GMT
[Fastbot][2026-04-09 09:22:40.258] Connection: keep-alive
[Fastbot][2026-04-09 09:22:40.258] Transfer-Encoding: chunked
[Fastbot][2026-04-09 09:22:40.261] 
[Fastbot][2026-04-09 09:22:40.263] {"jsonrpc":"2.0","id":1,"result":"<?xml version='1.0' encoding='UTF-8' standalone='yes' ?>\r\n<hierarchy rotation=\"0\">\r\n  <node index=\"0\" text=\"\" resource-id=\"\" class=\"android.widget.FrameLayout\" package=\"com.amaze.filemanager.debug\" content-desc=\"\" checkable=\"false\" checked=\"fals...[truncated]
[Fastbot][2026-04-09 09:22:40.264] <-- END HTTP (81769-byte body)
[Fastbot][2026-04-09 09:22:40.335] // [Script] current activity is com.amaze.filemanager.ui.activities.MainActivity
[Fastbot][2026-04-09 09:22:40.336] [Proxy Server] Detected script method: click
[Fastbot][2026-04-09 09:22:40.337] [Proxy Server] Forwarding
[Fastbot][2026-04-09 09:22:40.337] --> POST http://127.0.0.1:9008/jsonrpc/0
[Fastbot][2026-04-09 09:22:40.338] Content-Type: application/json; charset=utf-8
[Fastbot][2026-04-09 09:22:40.339] Content-Length: 67
[Fastbot][2026-04-09 09:22:40.340] 
[Fastbot][2026-04-09 09:22:40.340] {"jsonrpc": "2.0", "id": 1, "method": "click", "params": [79, 154]}
[Fastbot][2026-04-09 09:22:40.340] --> END POST (67-byte body)
[Fastbot][2026-04-09 09:22:40.561] <-- 200 OK  http://127.0.0.1:9008/jsonrpc/0 (219ms)
[Fastbot][2026-04-09 09:22:40.561] Content-Type: application/json
[Fastbot][2026-04-09 09:22:40.561] Date: Thu, 9 Apr 2026 09:22:40 GMT
[Fastbot][2026-04-09 09:22:40.561] Connection: keep-alive
[Fastbot][2026-04-09 09:22:40.562] Transfer-Encoding: chunked
[Fastbot][2026-04-09 09:22:40.562] 
[Fastbot][2026-04-09 09:22:40.562] {"jsonrpc":"2.0","id":1,"result":true}

[Fastbot][2026-04-09 09:22:40.562] <-- END HTTP (39-byte body)
[Fastbot][2026-04-09 09:22:41.079] [Proxy Server] Forwarding
[Fastbot][2026-04-09 09:22:41.079] --> POST http://127.0.0.1:9008/jsonrpc/0
[Fastbot][2026-04-09 09:22:41.080] Content-Type: application/json; charset=utf-8
[Fastbot][2026-04-09 09:22:41.081] Content-Length: 238
[Fastbot][2026-04-09 09:22:41.081] 
[Fastbot][2026-04-09 09:22:41.081] {"jsonrpc": "2.0", "id": 1, "method": "waitForExists", "params": [{"mask": 2097153, "childOrSibling": [], "childOrSiblingSelector": [], "resourceId": "com.amaze.filemanager.debug:id/design_menu_item_text", "text": "Recent files"}, 20000]}
[Fastbot][2026-04-09 09:22:41.081] --> END POST (238-byte body)
[Fastbot][2026-04-09 09:22:41.437] <-- 200 OK  http://127.0.0.1:9008/jsonrpc/0 (355ms)
[Fastbot][2026-04-09 09:22:41.438] Content-Type: application/json
[Fastbot][2026-04-09 09:22:41.438] Date: Thu, 9 Apr 2026 09:22:41 GMT
[Fastbot][2026-04-09 09:22:41.438] Connection: keep-alive
[Fastbot][2026-04-09 09:22:41.438] Transfer-Encoding: chunked
[Fastbot][2026-04-09 09:22:41.439] 
[Fastbot][2026-04-09 09:22:41.440] {"jsonrpc":"2.0","id":1,"result":true}

[Fastbot][2026-04-09 09:22:41.440] <-- END HTTP (39-byte body)
[Fastbot][2026-04-09 09:22:41.519] [Proxy Server] Forwarding
[Fastbot][2026-04-09 09:22:41.519] --> POST http://127.0.0.1:9008/jsonrpc/0
[Fastbot][2026-04-09 09:22:41.521] Content-Type: application/json; charset=utf-8
[Fastbot][2026-04-09 09:22:41.521] Content-Length: 225
[Fastbot][2026-04-09 09:22:41.522] 
[Fastbot][2026-04-09 09:22:41.522] {"jsonrpc": "2.0", "id": 1, "method": "objInfo", "params": [{"mask": 2097153, "childOrSibling": [], "childOrSiblingSelector": [], "resourceId": "com.amaze.filemanager.debug:id/design_menu_item_text", "text": "Recent files"}]}
[Fastbot][2026-04-09 09:22:41.522] --> END POST (225-byte body)
[Fastbot][2026-04-09 09:22:42.401] <-- 200 OK  http://127.0.0.1:9008/jsonrpc/0 (878ms)
[Fastbot][2026-04-09 09:22:42.401] Content-Type: application/json
[Fastbot][2026-04-09 09:22:42.401] Date: Thu, 9 Apr 2026 09:22:42 GMT
[Fastbot][2026-04-09 09:22:42.401] Connection: keep-alive
[Fastbot][2026-04-09 09:22:42.401] Transfer-Encoding: chunked
[Fastbot][2026-04-09 09:22:42.404] 
[Fastbot][2026-04-09 09:22:42.404] {"jsonrpc":"2.0","id":1,"result":{"bounds":{"bottom":1796,"left":44,"right":792,"top":1664},"childCount":0,"className":"android.widget.CheckedTextView","contentDescription":null,"packageName":"com.amaze.filemanager.debug","resourceName":"com.amaze.filemanager.debug:id/design_menu_item_text","text":"...[truncated]
[Fastbot][2026-04-09 09:22:42.404] <-- END HTTP (539-byte body)
[Fastbot][2026-04-09 09:22:42.473] [Proxy Server] Detected script method: click
[Fastbot][2026-04-09 09:22:42.473] [Proxy Server] Forwarding
[Fastbot][2026-04-09 09:22:42.474] --> POST http://127.0.0.1:9008/jsonrpc/0
[Fastbot][2026-04-09 09:22:42.474] Content-Type: application/json; charset=utf-8
[Fastbot][2026-04-09 09:22:42.474] Content-Length: 73
[Fastbot][2026-04-09 09:22:42.474] 
[Fastbot][2026-04-09 09:22:42.474] {"jsonrpc": "2.0", "id": 1, "method": "click", "params": [418.0, 1730.0]}
[Fastbot][2026-04-09 09:22:42.474] --> END POST (73-byte body)
[Fastbot][2026-04-09 09:22:42.641] <-- 200 OK  http://127.0.0.1:9008/jsonrpc/0 (165ms)
[Fastbot][2026-04-09 09:22:42.641] Content-Type: application/json
[Fastbot][2026-04-09 09:22:42.641] Date: Thu, 9 Apr 2026 09:22:42 GMT
[Fastbot][2026-04-09 09:22:42.641] Connection: keep-alive
[Fastbot][2026-04-09 09:22:42.642] Transfer-Encoding: chunked
[Fastbot][2026-04-09 09:22:42.642] 
[Fastbot][2026-04-09 09:22:42.642] {"jsonrpc":"2.0","id":1,"result":true}

[Fastbot][2026-04-09 09:22:42.642] <-- END HTTP (39-byte body)
[Fastbot][2026-04-09 09:22:43.255] [Proxy Server] Forwarding
[Fastbot][2026-04-09 09:22:43.256] --> POST http://127.0.0.1:9008/jsonrpc/0
[Fastbot][2026-04-09 09:22:43.256] Content-Type: application/json; charset=utf-8
[Fastbot][2026-04-09 09:22:43.256] Content-Length: 83
[Fastbot][2026-04-09 09:22:43.256] 
[Fastbot][2026-04-09 09:22:43.257] {"jsonrpc": "2.0", "id": 1, "method": "dumpWindowHierarchy", "params": [false, 50]}
[Fastbot][2026-04-09 09:22:43.257] --> END POST (83-byte body)
[Fastbot][2026-04-09 09:22:44.078] <-- 200 OK  http://127.0.0.1:9008/jsonrpc/0 (820ms)
[Fastbot][2026-04-09 09:22:44.078] Content-Type: application/json
[Fastbot][2026-04-09 09:22:44.081] Date: Thu, 9 Apr 2026 09:22:44 GMT
[Fastbot][2026-04-09 09:22:44.081] Connection: keep-alive
[Fastbot][2026-04-09 09:22:44.081] Transfer-Encoding: chunked
[Fastbot][2026-04-09 09:22:44.082] 
[Fastbot][2026-04-09 09:22:44.083] {"jsonrpc":"2.0","id":1,"result":"<?xml version='1.0' encoding='UTF-8' standalone='yes' ?>\r\n<hierarchy rotation=\"0\">\r\n  <node index=\"0\" text=\"\" resource-id=\"\" class=\"android.widget.FrameLayout\" package=\"com.amaze.filemanager.debug\" content-desc=\"\" checkable=\"false\" checked=\"fals...[truncated]
[Fastbot][2026-04-09 09:22:44.083] <-- END HTTP (83347-byte body)
[Fastbot][2026-04-09 09:22:44.126] [Proxy Server] Detected script method: pressKey
[Fastbot][2026-04-09 09:22:44.126] [Proxy Server] Forwarding
[Fastbot][2026-04-09 09:22:44.127] --> POST http://127.0.0.1:9008/jsonrpc/0
[Fastbot][2026-04-09 09:22:44.127] Content-Type: application/json; charset=utf-8
[Fastbot][2026-04-09 09:22:44.128] Content-Length: 69
[Fastbot][2026-04-09 09:22:44.128] 
[Fastbot][2026-04-09 09:22:44.129] {"jsonrpc": "2.0", "id": 1, "method": "pressKey", "params": ["back"]}
[Fastbot][2026-04-09 09:22:44.129] --> END POST (69-byte body)
[Fastbot][2026-04-09 09:22:44.316] <-- 200 OK  http://127.0.0.1:9008/jsonrpc/0 (187ms)
[Fastbot][2026-04-09 09:22:44.316] Content-Type: application/json
[Fastbot][2026-04-09 09:22:44.316] Date: Thu, 9 Apr 2026 09:22:44 GMT
[Fastbot][2026-04-09 09:22:44.316] Connection: keep-alive
[Fastbot][2026-04-09 09:22:44.316] Transfer-Encoding: chunked
[Fastbot][2026-04-09 09:22:44.317] 
[Fastbot][2026-04-09 09:22:44.317] {"jsonrpc":"2.0","id":1,"result":true}

[Fastbot][2026-04-09 09:22:44.317] <-- END HTTP (39-byte body)
[Fastbot][2026-04-09 09:22:44.573] --> POST http://127.0.0.1:9008/jsonrpc/0
[Fastbot][2026-04-09 09:22:44.573] Content-Type: application/json; charset=utf-8
[Fastbot][2026-04-09 09:22:44.573] Content-Length: 75
[Fastbot][2026-04-09 09:22:44.574] 
[Fastbot][2026-04-09 09:22:44.574] {"id":1,"jsonrpc":"2.0","method":"dumpWindowHierarchy","params":[false,50]}
[Fastbot][2026-04-09 09:22:44.574] --> END POST (75-byte body)
[Fastbot][2026-04-09 09:22:45.074] <-- 200 OK  http://127.0.0.1:9008/jsonrpc/0 (499ms)
[Fastbot][2026-04-09 09:22:45.074] Content-Type: application/json
[Fastbot][2026-04-09 09:22:45.074] Date: Thu, 9 Apr 2026 09:22:45 GMT
[Fastbot][2026-04-09 09:22:45.074] Connection: keep-alive
[Fastbot][2026-04-09 09:22:45.074] Transfer-Encoding: chunked
[Fastbot][2026-04-09 09:22:45.075] 
[Fastbot][2026-04-09 09:22:45.075] {"jsonrpc":"2.0","id":1,"result":"<?xml version='1.0' encoding='UTF-8' standalone='yes' ?>\r\n<hierarchy rotation=\"0\">\r\n  <node index=\"0\" text=\"\" resource-id=\"\" class=\"android.widget.FrameLayout\" package=\"com.amaze.filemanager.debug\" content-desc=\"\" checkable=\"false\" checked=\"fals...[truncated]
[Fastbot][2026-04-09 09:22:45.075] <-- END HTTP (81235-byte body)
[Fastbot][2026-04-09 09:22:45.160] [Proxy Server] Detected script method: click
[Fastbot][2026-04-09 09:22:45.161] [Proxy Server] Forwarding
[Fastbot][2026-04-09 09:22:45.162] --> POST http://127.0.0.1:9008/jsonrpc/0
[Fastbot][2026-04-09 09:22:45.162] Content-Type: application/json; charset=utf-8
[Fastbot][2026-04-09 09:22:45.163] Content-Length: 67
[Fastbot][2026-04-09 09:22:45.163] 
[Fastbot][2026-04-09 09:22:45.163] {"jsonrpc": "2.0", "id": 1, "method": "click", "params": [79, 154]}
[Fastbot][2026-04-09 09:22:45.164] --> END POST (67-byte body)
[Fastbot][2026-04-09 09:22:45.312] <-- 200 OK  http://127.0.0.1:9008/jsonrpc/0 (147ms)
[Fastbot][2026-04-09 09:22:45.312] Content-Type: application/json
[Fastbot][2026-04-09 09:22:45.313] Date: Thu, 9 Apr 2026 09:22:45 GMT
[Fastbot][2026-04-09 09:22:45.314] Connection: keep-alive
[Fastbot][2026-04-09 09:22:45.315] Transfer-Encoding: chunked
[Fastbot][2026-04-09 09:22:45.316] 
[Fastbot][2026-04-09 09:22:45.316] {"jsonrpc":"2.0","id":1,"result":true}

[Fastbot][2026-04-09 09:22:45.316] <-- END HTTP (39-byte body)
[Fastbot][2026-04-09 09:22:45.834] [Proxy Server] Detected script method: swipe
[Fastbot][2026-04-09 09:22:45.835] [Proxy Server] Forwarding
[Fastbot][2026-04-09 09:22:45.835] --> POST http://127.0.0.1:9008/jsonrpc/0
[Fastbot][2026-04-09 09:22:45.835] Content-Type: application/json; charset=utf-8
[Fastbot][2026-04-09 09:22:45.835] Content-Length: 83
[Fastbot][2026-04-09 09:22:45.835] 
[Fastbot][2026-04-09 09:22:45.835] {"jsonrpc": "2.0", "id": 1, "method": "swipe", "params": [500, 1850, 500, 250, 55]}
[Fastbot][2026-04-09 09:22:45.835] --> END POST (83-byte body)
[Fastbot][2026-04-09 09:22:47.945] <-- 200 OK  http://127.0.0.1:9008/jsonrpc/0 (2109ms)
[Fastbot][2026-04-09 09:22:47.945] Content-Type: application/json
[Fastbot][2026-04-09 09:22:47.945] Date: Thu, 9 Apr 2026 09:22:47 GMT
[Fastbot][2026-04-09 09:22:47.945] Connection: keep-alive
[Fastbot][2026-04-09 09:22:47.945] Transfer-Encoding: chunked
[Fastbot][2026-04-09 09:22:47.945] 
[Fastbot][2026-04-09 09:22:47.946] {"jsonrpc":"2.0","id":1,"result":true}

[Fastbot][2026-04-09 09:22:47.946] <-- END HTTP (39-byte body)
[Fastbot][2026-04-09 09:22:48.497] [Proxy Server] Forwarding
[Fastbot][2026-04-09 09:22:48.498] --> POST http://127.0.0.1:9008/jsonrpc/0
[Fastbot][2026-04-09 09:22:48.498] Content-Type: application/json; charset=utf-8
[Fastbot][2026-04-09 09:22:48.498] Content-Length: 235
[Fastbot][2026-04-09 09:22:48.498] 
[Fastbot][2026-04-09 09:22:48.498] {"jsonrpc": "2.0", "id": 1, "method": "waitForExists", "params": [{"mask": 2097153, "childOrSibling": [], "childOrSiblingSelector": [], "resourceId": "com.amaze.filemanager.debug:id/design_menu_item_text", "text": "Documents"}, 20000]}
[Fastbot][2026-04-09 09:22:48.498] --> END POST (235-byte body)
[Fastbot][2026-04-09 09:22:48.808] <-- 200 OK  http://127.0.0.1:9008/jsonrpc/0 (309ms)
[Fastbot][2026-04-09 09:22:48.808] Content-Type: application/json
[Fastbot][2026-04-09 09:22:48.808] Date: Thu, 9 Apr 2026 09:22:48 GMT
[Fastbot][2026-04-09 09:22:48.808] Connection: keep-alive
[Fastbot][2026-04-09 09:22:48.808] Transfer-Encoding: chunked
[Fastbot][2026-04-09 09:22:48.809] 
[Fastbot][2026-04-09 09:22:48.810] {"jsonrpc":"2.0","id":1,"result":true}

[Fastbot][2026-04-09 09:22:48.810] <-- END HTTP (39-byte body)
[Fastbot][2026-04-09 09:22:48.851] [Proxy Server] Forwarding
[Fastbot][2026-04-09 09:22:48.851] --> POST http://127.0.0.1:9008/jsonrpc/0
[Fastbot][2026-04-09 09:22:48.852] Content-Type: application/json; charset=utf-8
[Fastbot][2026-04-09 09:22:48.852] Content-Length: 222
[Fastbot][2026-04-09 09:22:48.852] 
[Fastbot][2026-04-09 09:22:48.853] {"jsonrpc": "2.0", "id": 1, "method": "objInfo", "params": [{"mask": 2097153, "childOrSibling": [], "childOrSiblingSelector": [], "resourceId": "com.amaze.filemanager.debug:id/design_menu_item_text", "text": "Documents"}]}
[Fastbot][2026-04-09 09:22:48.853] --> END POST (222-byte body)
[Fastbot][2026-04-09 09:22:49.571] <-- 200 OK  http://127.0.0.1:9008/jsonrpc/0 (717ms)
[Fastbot][2026-04-09 09:22:49.571] Content-Type: application/json
[Fastbot][2026-04-09 09:22:49.572] Date: Thu, 9 Apr 2026 09:22:49 GMT
[Fastbot][2026-04-09 09:22:49.572] Connection: keep-alive
[Fastbot][2026-04-09 09:22:49.572] Transfer-Encoding: chunked
[Fastbot][2026-04-09 09:22:49.573] 
[Fastbot][2026-04-09 09:22:49.573] {"jsonrpc":"2.0","id":1,"result":{"bounds":{"bottom":1177,"left":44,"right":792,"top":1045},"childCount":0,"className":"android.widget.CheckedTextView","contentDescription":null,"packageName":"com.amaze.filemanager.debug","resourceName":"com.amaze.filemanager.debug:id/design_menu_item_text","text":"...[truncated]
[Fastbot][2026-04-09 09:22:49.573] <-- END HTTP (536-byte body)
[Fastbot][2026-04-09 09:22:49.610] [Proxy Server] Detected script method: click
[Fastbot][2026-04-09 09:22:49.610] [Proxy Server] Forwarding
[Fastbot][2026-04-09 09:22:49.611] --> POST http://127.0.0.1:9008/jsonrpc/0
[Fastbot][2026-04-09 09:22:49.612] Content-Type: application/json; charset=utf-8
[Fastbot][2026-04-09 09:22:49.612] Content-Length: 73
[Fastbot][2026-04-09 09:22:49.612] 
[Fastbot][2026-04-09 09:22:49.612] {"jsonrpc": "2.0", "id": 1, "method": "click", "params": [418.0, 1111.0]}
[Fastbot][2026-04-09 09:22:49.613] --> END POST (73-byte body)
[Fastbot][2026-04-09 09:22:49.795] <-- 200 OK  http://127.0.0.1:9008/jsonrpc/0 (181ms)
[Fastbot][2026-04-09 09:22:49.795] Content-Type: application/json
[Fastbot][2026-04-09 09:22:49.796] Date: Thu, 9 Apr 2026 09:22:49 GMT
[Fastbot][2026-04-09 09:22:49.796] Connection: keep-alive
[Fastbot][2026-04-09 09:22:49.797] Transfer-Encoding: chunked
[Fastbot][2026-04-09 09:22:49.798] 
[Fastbot][2026-04-09 09:22:49.798] {"jsonrpc":"2.0","id":1,"result":true}

[Fastbot][2026-04-09 09:22:49.798] <-- END HTTP (39-byte body)
[Fastbot][2026-04-09 09:22:50.348] [Proxy Server] Forwarding
[Fastbot][2026-04-09 09:22:50.349] --> POST http://127.0.0.1:9008/jsonrpc/0
[Fastbot][2026-04-09 09:22:50.349] Content-Type: application/json; charset=utf-8
[Fastbot][2026-04-09 09:22:50.351] Content-Length: 212
[Fastbot][2026-04-09 09:22:50.352] 
[Fastbot][2026-04-09 09:22:50.352] {"jsonrpc": "2.0", "id": 1, "method": "waitForExists", "params": [{"mask": 10485760, "childOrSibling": [], "childOrSiblingSelector": [], "resourceId": "com.amaze.filemanager.debug:id/second", "index": 3}, 20000]}
[Fastbot][2026-04-09 09:22:50.353] --> END POST (212-byte body)
[Fastbot][2026-04-09 09:22:50.765] <-- 200 OK  http://127.0.0.1:9008/jsonrpc/0 (411ms)
[Fastbot][2026-04-09 09:22:50.765] Content-Type: application/json
[Fastbot][2026-04-09 09:22:50.765] Date: Thu, 9 Apr 2026 09:22:50 GMT
[Fastbot][2026-04-09 09:22:50.765] Connection: keep-alive
[Fastbot][2026-04-09 09:22:50.765] Transfer-Encoding: chunked
[Fastbot][2026-04-09 09:22:50.766] 
[Fastbot][2026-04-09 09:22:50.767] {"jsonrpc":"2.0","id":1,"result":true}

[Fastbot][2026-04-09 09:22:50.767] <-- END HTTP (39-byte body)
[Fastbot][2026-04-09 09:22:50.800] [Proxy Server] Forwarding
[Fastbot][2026-04-09 09:22:50.800] --> POST http://127.0.0.1:9008/jsonrpc/0
[Fastbot][2026-04-09 09:22:50.800] Content-Type: application/json; charset=utf-8
[Fastbot][2026-04-09 09:22:50.801] Content-Length: 199
[Fastbot][2026-04-09 09:22:50.801] 
[Fastbot][2026-04-09 09:22:50.801] {"jsonrpc": "2.0", "id": 1, "method": "objInfo", "params": [{"mask": 10485760, "childOrSibling": [], "childOrSiblingSelector": [], "resourceId": "com.amaze.filemanager.debug:id/second", "index": 3}]}
[Fastbot][2026-04-09 09:22:50.801] --> END POST (199-byte body)
[Fastbot][2026-04-09 09:22:51.335] <-- 200 OK  http://127.0.0.1:9008/jsonrpc/0 (533ms)
[Fastbot][2026-04-09 09:22:51.336] Content-Type: application/json
[Fastbot][2026-04-09 09:22:51.336] Date: Thu, 9 Apr 2026 09:22:51 GMT
[Fastbot][2026-04-09 09:22:51.336] Connection: keep-alive
[Fastbot][2026-04-09 09:22:51.336] Transfer-Encoding: chunked
[Fastbot][2026-04-09 09:22:51.336] 
[Fastbot][2026-04-09 09:22:51.337] {"jsonrpc":"2.0","id":1,"result":{"bounds":{"bottom":1170,"left":0,"right":1080,"top":972},"childCount":3,"className":"android.widget.RelativeLayout","contentDescription":"","packageName":"com.amaze.filemanager.debug","resourceName":null,"text":"","visibleBounds":{"bottom":1170,"left":0,"right":1080...[truncated]
[Fastbot][2026-04-09 09:22:51.337] <-- END HTTP (470-byte body)
[Fastbot][2026-04-09 09:22:51.364] [Proxy Server] Detected script method: click
[Fastbot][2026-04-09 09:22:51.365] [Proxy Server] Forwarding
[Fastbot][2026-04-09 09:22:51.365] --> POST http://127.0.0.1:9008/jsonrpc/0
[Fastbot][2026-04-09 09:22:51.365] Content-Type: application/json; charset=utf-8
[Fastbot][2026-04-09 09:22:51.365] Content-Length: 73
[Fastbot][2026-04-09 09:22:51.366] 
[Fastbot][2026-04-09 09:22:51.366] {"jsonrpc": "2.0", "id": 1, "method": "click", "params": [540.0, 1071.0]}
[Fastbot][2026-04-09 09:22:51.366] --> END POST (73-byte body)
[Fastbot][2026-04-09 09:22:51.504] // the top activity is com.amaze.filemanager.ui.activities.texteditor.TextEditorActivity, phone capture activity is com.android.camera.CaptureActivity
[Fastbot][2026-04-09 09:22:51.504]     // Allowing start of Intent { act=android.intent.action.VIEW dat=content://com.amaze.filemanager.debug/storage_root/storage/emulated/0/xtrR.txt typ=text/plain cmp=com.amaze.filemanager.debug/com.amaze.filemanager.ui.activities.texteditor.TextEditorActivity } in package com.amaze.filemanager.debug
[Fastbot][2026-04-09 09:22:51.522] <-- 200 OK  http://127.0.0.1:9008/jsonrpc/0 (155ms)
[Fastbot][2026-04-09 09:22:51.522] Content-Type: application/json
[Fastbot][2026-04-09 09:22:51.522] Date: Thu, 9 Apr 2026 09:22:51 GMT
[Fastbot][2026-04-09 09:22:51.522] Connection: keep-alive
[Fastbot][2026-04-09 09:22:51.522] Transfer-Encoding: chunked
[Fastbot][2026-04-09 09:22:51.561] 
[Fastbot][2026-04-09 09:22:51.561] {"jsonrpc":"2.0","id":1,"result":true}

[Fastbot][2026-04-09 09:22:51.561] <-- END HTTP (39-byte body)
[Fastbot][2026-04-09 09:22:52.129] // [Script] current activity is com.amaze.filemanager.ui.activities.texteditor.TextEditorActivity
[Fastbot][2026-04-09 09:22:52.129] [Proxy Server] Forwarding
[Fastbot][2026-04-09 09:22:52.130] --> POST http://127.0.0.1:9008/jsonrpc/0
[Fastbot][2026-04-09 09:22:52.130] Content-Type: application/json; charset=utf-8
[Fastbot][2026-04-09 09:22:52.130] Content-Length: 179
[Fastbot][2026-04-09 09:22:52.131] 
[Fastbot][2026-04-09 09:22:52.131] {"jsonrpc": "2.0", "id": 1, "method": "waitForExists", "params": [{"mask": 16, "childOrSibling": [], "childOrSiblingSelector": [], "className": "android.widget.TextView"}, 20000]}
[Fastbot][2026-04-09 09:22:52.131] --> END POST (179-byte body)
[Fastbot][2026-04-09 09:22:52.173] <-- 200 OK  http://127.0.0.1:9008/jsonrpc/0 (41ms)
[Fastbot][2026-04-09 09:22:52.173] Content-Type: application/json
[Fastbot][2026-04-09 09:22:52.173] Date: Thu, 9 Apr 2026 09:22:52 GMT
[Fastbot][2026-04-09 09:22:52.174] Connection: keep-alive
[Fastbot][2026-04-09 09:22:52.174] Transfer-Encoding: chunked
[Fastbot][2026-04-09 09:22:52.175] 
[Fastbot][2026-04-09 09:22:52.175] {"jsonrpc":"2.0","id":1,"result":true}

[Fastbot][2026-04-09 09:22:52.176] <-- END HTTP (39-byte body)
[Fastbot][2026-04-09 09:22:52.223] [Proxy Server] Forwarding
[Fastbot][2026-04-09 09:22:52.223] --> POST http://127.0.0.1:9008/jsonrpc/0
[Fastbot][2026-04-09 09:22:52.223] Content-Type: application/json; charset=utf-8
[Fastbot][2026-04-09 09:22:52.223] Content-Length: 166
[Fastbot][2026-04-09 09:22:52.224] 
[Fastbot][2026-04-09 09:22:52.224] {"jsonrpc": "2.0", "id": 1, "method": "getText", "params": [{"mask": 16, "childOrSibling": [], "childOrSiblingSelector": [], "className": "android.widget.TextView"}]}
[Fastbot][2026-04-09 09:22:52.225] --> END POST (166-byte body)
[Fastbot][2026-04-09 09:22:52.246] <-- 200 OK  http://127.0.0.1:9008/jsonrpc/0 (21ms)
[Fastbot][2026-04-09 09:22:52.246] Content-Type: application/json
[Fastbot][2026-04-09 09:22:52.248] Date: Thu, 9 Apr 2026 09:22:52 GMT
[Fastbot][2026-04-09 09:22:52.249] Connection: keep-alive
[Fastbot][2026-04-09 09:22:52.249] Transfer-Encoding: chunked
[Fastbot][2026-04-09 09:22:52.251] 
[Fastbot][2026-04-09 09:22:52.252] {"jsonrpc":"2.0","id":1,"result":"xtrR.txt"}

[Fastbot][2026-04-09 09:22:52.252] <-- END HTTP (45-byte body)
[Fastbot][2026-04-09 09:22:52.281] [Proxy Server] Detected script method: pressKey
[Fastbot][2026-04-09 09:22:52.282] [Proxy Server] Forwarding
[Fastbot][2026-04-09 09:22:52.282] --> POST http://127.0.0.1:9008/jsonrpc/0
[Fastbot][2026-04-09 09:22:52.283] Content-Type: application/json; charset=utf-8
[Fastbot][2026-04-09 09:22:52.283] Content-Length: 69
[Fastbot][2026-04-09 09:22:52.283] 
[Fastbot][2026-04-09 09:22:52.283] {"jsonrpc": "2.0", "id": 1, "method": "pressKey", "params": ["back"]}
[Fastbot][2026-04-09 09:22:52.283] --> END POST (69-byte body)
[Fastbot][2026-04-09 09:22:53.396] <-- 200 OK  http://127.0.0.1:9008/jsonrpc/0 (1112ms)
[Fastbot][2026-04-09 09:22:53.396] Content-Type: application/json
[Fastbot][2026-04-09 09:22:53.397] Date: Thu, 9 Apr 2026 09:22:53 GMT
[Fastbot][2026-04-09 09:22:53.397] Connection: keep-alive
[Fastbot][2026-04-09 09:22:53.397] Transfer-Encoding: chunked
[Fastbot][2026-04-09 09:22:53.398] 
[Fastbot][2026-04-09 09:22:53.398] {"jsonrpc":"2.0","id":1,"result":true}

[Fastbot][2026-04-09 09:22:53.398] <-- END HTTP (39-byte body)
[Fastbot][2026-04-09 09:22:53.914] // [Script] current activity is com.amaze.filemanager.ui.activities.MainActivity
[Fastbot][2026-04-09 09:22:53.914] [Proxy Server] Forwarding
[Fastbot][2026-04-09 09:22:53.915] --> POST http://127.0.0.1:9008/jsonrpc/0
[Fastbot][2026-04-09 09:22:53.915] Content-Type: application/json; charset=utf-8
[Fastbot][2026-04-09 09:22:53.915] Content-Length: 222
[Fastbot][2026-04-09 09:22:53.915] 
[Fastbot][2026-04-09 09:22:53.915] {"jsonrpc": "2.0", "id": 1, "method": "waitForExists", "params": [{"mask": 2097153, "childOrSibling": [], "childOrSiblingSelector": [], "resourceId": "com.amaze.filemanager.debug:id/firstline", "text": "xtrR.txt"}, 20000]}
[Fastbot][2026-04-09 09:22:53.915] --> END POST (222-byte body)
[Fastbot][2026-04-09 09:22:53.939] <-- 200 OK  http://127.0.0.1:9008/jsonrpc/0 (23ms)
[Fastbot][2026-04-09 09:22:53.939] Content-Type: application/json
[Fastbot][2026-04-09 09:22:53.939] Date: Thu, 9 Apr 2026 09:22:53 GMT
[Fastbot][2026-04-09 09:22:53.939] Connection: keep-alive
[Fastbot][2026-04-09 09:22:53.940] Transfer-Encoding: chunked
[Fastbot][2026-04-09 09:22:53.941] 
[Fastbot][2026-04-09 09:22:53.942] {"jsonrpc":"2.0","id":1,"result":true}

[Fastbot][2026-04-09 09:22:53.942] <-- END HTTP (39-byte body)
[Fastbot][2026-04-09 09:22:53.985] [Proxy Server] Forwarding
[Fastbot][2026-04-09 09:22:53.985] --> POST http://127.0.0.1:9008/jsonrpc/0
[Fastbot][2026-04-09 09:22:53.986] Content-Type: application/json; charset=utf-8
[Fastbot][2026-04-09 09:22:53.986] Content-Length: 209
[Fastbot][2026-04-09 09:22:53.986] 
[Fastbot][2026-04-09 09:22:53.986] {"jsonrpc": "2.0", "id": 1, "method": "objInfo", "params": [{"mask": 2097153, "childOrSibling": [], "childOrSiblingSelector": [], "resourceId": "com.amaze.filemanager.debug:id/firstline", "text": "xtrR.txt"}]}
[Fastbot][2026-04-09 09:22:53.987] --> END POST (209-byte body)
[Fastbot][2026-04-09 09:22:54.015] <-- 200 OK  http://127.0.0.1:9008/jsonrpc/0 (27ms)
[Fastbot][2026-04-09 09:22:54.015] Content-Type: application/json
[Fastbot][2026-04-09 09:22:54.015] Date: Thu, 9 Apr 2026 09:22:54 GMT
[Fastbot][2026-04-09 09:22:54.015] Connection: keep-alive
[Fastbot][2026-04-09 09:22:54.015] Transfer-Encoding: chunked
[Fastbot][2026-04-09 09:22:54.016] 
[Fastbot][2026-04-09 09:22:54.016] {"jsonrpc":"2.0","id":1,"result":{"bounds":{"bottom":1071,"left":198,"right":346,"top":1008},"childCount":0,"className":"android.widget.TextView","contentDescription":null,"packageName":"com.amaze.filemanager.debug","resourceName":"com.amaze.filemanager.debug:id/firstline","text":"xtrR.txt","visible...[truncated]
[Fastbot][2026-04-09 09:22:54.016] <-- END HTTP (518-byte body)
[Fastbot][2026-04-09 09:22:54.049] [Proxy Server] Detected script method: click
[Fastbot][2026-04-09 09:22:54.049] [Proxy Server] Forwarding
[Fastbot][2026-04-09 09:22:54.049] --> POST http://127.0.0.1:9008/jsonrpc/0
[Fastbot][2026-04-09 09:22:54.050] Content-Type: application/json; charset=utf-8
[Fastbot][2026-04-09 09:22:54.050] Content-Length: 78
[Fastbot][2026-04-09 09:22:54.050] 
[Fastbot][2026-04-09 09:22:54.051] {"jsonrpc": "2.0", "id": 1, "method": "click", "params": [272.0, 1039.5, 500]}
[Fastbot][2026-04-09 09:22:54.051] --> END POST (78-byte body)
[Fastbot][2026-04-09 09:22:54.628] <-- 200 OK  http://127.0.0.1:9008/jsonrpc/0 (577ms)
[Fastbot][2026-04-09 09:22:54.629] Content-Type: application/json
[Fastbot][2026-04-09 09:22:54.629] Date: Thu, 9 Apr 2026 09:22:54 GMT
[Fastbot][2026-04-09 09:22:54.629] Connection: keep-alive
[Fastbot][2026-04-09 09:22:54.629] Transfer-Encoding: chunked
[Fastbot][2026-04-09 09:22:54.629] 
[Fastbot][2026-04-09 09:22:54.629] {"jsonrpc":"2.0","id":1,"result":true}

[Fastbot][2026-04-09 09:22:54.629] <-- END HTTP (39-byte body)
[Fastbot][2026-04-09 09:22:55.200] [Proxy Server] Forwarding
[Fastbot][2026-04-09 09:22:55.200] --> POST http://127.0.0.1:9008/jsonrpc/0
[Fastbot][2026-04-09 09:22:55.200] Content-Type: application/json; charset=utf-8
[Fastbot][2026-04-09 09:22:55.201] Content-Length: 212
[Fastbot][2026-04-09 09:22:55.201] 
[Fastbot][2026-04-09 09:22:55.201] {"jsonrpc": "2.0", "id": 1, "method": "waitForExists", "params": [{"mask": 10485760, "childOrSibling": [], "childOrSiblingSelector": [], "resourceId": "com.amaze.filemanager.debug:id/search", "index": 0}, 20000]}
[Fastbot][2026-04-09 09:22:55.201] --> END POST (212-byte body)
[Fastbot][2026-04-09 09:22:55.208] <-- 200 OK  http://127.0.0.1:9008/jsonrpc/0 (6ms)
[Fastbot][2026-04-09 09:22:55.208] Content-Type: application/json
[Fastbot][2026-04-09 09:22:55.208] Date: Thu, 9 Apr 2026 09:22:55 GMT
[Fastbot][2026-04-09 09:22:55.208] Connection: keep-alive
[Fastbot][2026-04-09 09:22:55.209] Transfer-Encoding: chunked
[Fastbot][2026-04-09 09:22:55.210] 
[Fastbot][2026-04-09 09:22:55.210] {"jsonrpc":"2.0","id":1,"result":true}

[Fastbot][2026-04-09 09:22:55.210] <-- END HTTP (39-byte body)
[Fastbot][2026-04-09 09:22:55.245] [Proxy Server] Forwarding
[Fastbot][2026-04-09 09:22:55.245] --> POST http://127.0.0.1:9008/jsonrpc/0
[Fastbot][2026-04-09 09:22:55.245] Content-Type: application/json; charset=utf-8
[Fastbot][2026-04-09 09:22:55.246] Content-Length: 199
[Fastbot][2026-04-09 09:22:55.247] 
[Fastbot][2026-04-09 09:22:55.248] {"jsonrpc": "2.0", "id": 1, "method": "objInfo", "params": [{"mask": 10485760, "childOrSibling": [], "childOrSiblingSelector": [], "resourceId": "com.amaze.filemanager.debug:id/search", "index": 0}]}
[Fastbot][2026-04-09 09:22:55.248] --> END POST (199-byte body)
[Fastbot][2026-04-09 09:22:55.305] <-- 200 OK  http://127.0.0.1:9008/jsonrpc/0 (57ms)
[Fastbot][2026-04-09 09:22:55.305] Content-Type: application/json
[Fastbot][2026-04-09 09:22:55.306] Date: Thu, 9 Apr 2026 09:22:55 GMT
[Fastbot][2026-04-09 09:22:55.306] Connection: keep-alive
[Fastbot][2026-04-09 09:22:55.306] Transfer-Encoding: chunked
[Fastbot][2026-04-09 09:22:55.307] 
[Fastbot][2026-04-09 09:22:55.307] {"jsonrpc":"2.0","id":1,"result":{"bounds":{"bottom":226,"left":705,"right":837,"top":94},"childCount":0,"className":"android.widget.Button","contentDescription":"Search","packageName":"com.amaze.filemanager.debug","resourceName":null,"text":"","visibleBounds":{"bottom":226,"left":705,"right":837,"t...[truncated]
[Fastbot][2026-04-09 09:22:55.307] <-- END HTTP (467-byte body)
[Fastbot][2026-04-09 09:22:55.354] [Proxy Server] Detected script method: click
[Fastbot][2026-04-09 09:22:55.355] [Proxy Server] Forwarding
[Fastbot][2026-04-09 09:22:55.355] --> POST http://127.0.0.1:9008/jsonrpc/0
[Fastbot][2026-04-09 09:22:55.355] Content-Type: application/json; charset=utf-8
[Fastbot][2026-04-09 09:22:55.355] Content-Length: 72
[Fastbot][2026-04-09 09:22:55.356] 
[Fastbot][2026-04-09 09:22:55.356] {"jsonrpc": "2.0", "id": 1, "method": "click", "params": [771.0, 160.0]}
[Fastbot][2026-04-09 09:22:55.356] --> END POST (72-byte body)
[Fastbot][2026-04-09 09:22:55.512] <-- 200 OK  http://127.0.0.1:9008/jsonrpc/0 (156ms)
[Fastbot][2026-04-09 09:22:55.513] Content-Type: application/json
[Fastbot][2026-04-09 09:22:55.513] Date: Thu, 9 Apr 2026 09:22:55 GMT
[Fastbot][2026-04-09 09:22:55.513] Connection: keep-alive
[Fastbot][2026-04-09 09:22:55.513] Transfer-Encoding: chunked
[Fastbot][2026-04-09 09:22:55.513] 
[Fastbot][2026-04-09 09:22:55.513] {"jsonrpc":"2.0","id":1,"result":true}

[Fastbot][2026-04-09 09:22:55.513] <-- END HTTP (39-byte body)
[Fastbot][2026-04-09 09:22:56.056] [Proxy Server] Forwarding
[Fastbot][2026-04-09 09:22:56.057] --> POST http://127.0.0.1:9008/jsonrpc/0
[Fastbot][2026-04-09 09:22:56.057] Content-Type: application/json; charset=utf-8
[Fastbot][2026-04-09 09:22:56.058] Content-Length: 250
[Fastbot][2026-04-09 09:22:56.058] 
[Fastbot][2026-04-09 09:22:56.058] {"jsonrpc": "2.0", "id": 1, "method": "waitForExists", "params": [{"mask": 2097153, "childOrSibling": [], "childOrSiblingSelector": [], "resourceId": "com.amaze.filemanager.debug:id/delete_permanently_checkbox", "text": "Delete Permanently"}, 20000]}
[Fastbot][2026-04-09 09:22:56.058] --> END POST (250-byte body)
[Fastbot][2026-04-09 09:22:56.163] <-- 200 OK  http://127.0.0.1:9008/jsonrpc/0 (104ms)
[Fastbot][2026-04-09 09:22:56.163] Content-Type: application/json
[Fastbot][2026-04-09 09:22:56.163] Date: Thu, 9 Apr 2026 09:22:56 GMT
[Fastbot][2026-04-09 09:22:56.164] Connection: keep-alive
[Fastbot][2026-04-09 09:22:56.164] Transfer-Encoding: chunked
[Fastbot][2026-04-09 09:22:56.165] 
[Fastbot][2026-04-09 09:22:56.166] {"jsonrpc":"2.0","id":1,"result":true}

[Fastbot][2026-04-09 09:22:56.166] <-- END HTTP (39-byte body)
[Fastbot][2026-04-09 09:22:56.196] [Proxy Server] Forwarding
[Fastbot][2026-04-09 09:22:56.196] --> POST http://127.0.0.1:9008/jsonrpc/0
[Fastbot][2026-04-09 09:22:56.198] Content-Type: application/json; charset=utf-8
[Fastbot][2026-04-09 09:22:56.198] Content-Length: 237
[Fastbot][2026-04-09 09:22:56.198] 
[Fastbot][2026-04-09 09:22:56.198] {"jsonrpc": "2.0", "id": 1, "method": "objInfo", "params": [{"mask": 2097153, "childOrSibling": [], "childOrSiblingSelector": [], "resourceId": "com.amaze.filemanager.debug:id/delete_permanently_checkbox", "text": "Delete Permanently"}]}
[Fastbot][2026-04-09 09:22:56.199] --> END POST (237-byte body)
[Fastbot][2026-04-09 09:22:56.237] <-- 200 OK  http://127.0.0.1:9008/jsonrpc/0 (37ms)
[Fastbot][2026-04-09 09:22:56.237] Content-Type: application/json
[Fastbot][2026-04-09 09:22:56.237] Date: Thu, 9 Apr 2026 09:22:56 GMT
[Fastbot][2026-04-09 09:22:56.237] Connection: keep-alive
[Fastbot][2026-04-09 09:22:56.237] Transfer-Encoding: chunked
[Fastbot][2026-04-09 09:22:56.239] 
[Fastbot][2026-04-09 09:22:56.239] {"jsonrpc":"2.0","id":1,"result":{"bounds":{"bottom":1319,"left":143,"right":611,"top":1231},"childCount":0,"className":"android.widget.CheckBox","contentDescription":null,"packageName":"com.amaze.filemanager.debug","resourceName":"com.amaze.filemanager.debug:id/delete_permanently_checkbox","text":"...[truncated]
[Fastbot][2026-04-09 09:22:56.239] <-- END HTTP (544-byte body)
[Fastbot][2026-04-09 09:22:56.273] [Proxy Server] Detected script method: click
[Fastbot][2026-04-09 09:22:56.273] [Proxy Server] Forwarding
[Fastbot][2026-04-09 09:22:56.274] --> POST http://127.0.0.1:9008/jsonrpc/0
[Fastbot][2026-04-09 09:22:56.274] Content-Type: application/json; charset=utf-8
[Fastbot][2026-04-09 09:22:56.274] Content-Length: 73
[Fastbot][2026-04-09 09:22:56.274] 
[Fastbot][2026-04-09 09:22:56.274] {"jsonrpc": "2.0", "id": 1, "method": "click", "params": [377.0, 1275.0]}
[Fastbot][2026-04-09 09:22:56.275] --> END POST (73-byte body)
[Fastbot][2026-04-09 09:22:56.462] <-- 200 OK  http://127.0.0.1:9008/jsonrpc/0 (186ms)
[Fastbot][2026-04-09 09:22:56.462] Content-Type: application/json
[Fastbot][2026-04-09 09:22:56.462] Date: Thu, 9 Apr 2026 09:22:56 GMT
[Fastbot][2026-04-09 09:22:56.463] Connection: keep-alive
[Fastbot][2026-04-09 09:22:56.463] Transfer-Encoding: chunked
[Fastbot][2026-04-09 09:22:56.464] 
[Fastbot][2026-04-09 09:22:56.465] {"jsonrpc":"2.0","id":1,"result":true}

[Fastbot][2026-04-09 09:22:56.465] <-- END HTTP (39-byte body)
[Fastbot][2026-04-09 09:22:57.002] [Proxy Server] Forwarding
[Fastbot][2026-04-09 09:22:57.002] --> POST http://127.0.0.1:9008/jsonrpc/0
[Fastbot][2026-04-09 09:22:57.003] Content-Type: application/json; charset=utf-8
[Fastbot][2026-04-09 09:22:57.003] Content-Length: 235
[Fastbot][2026-04-09 09:22:57.003] 
[Fastbot][2026-04-09 09:22:57.003] {"jsonrpc": "2.0", "id": 1, "method": "waitForExists", "params": [{"mask": 2097153, "childOrSibling": [], "childOrSiblingSelector": [], "resourceId": "com.amaze.filemanager.debug:id/md_buttonDefaultPositive", "text": "DELETE"}, 20000]}
[Fastbot][2026-04-09 09:22:57.004] --> END POST (235-byte body)
[Fastbot][2026-04-09 09:22:57.036] <-- 200 OK  http://127.0.0.1:9008/jsonrpc/0 (32ms)
[Fastbot][2026-04-09 09:22:57.036] Content-Type: application/json
[Fastbot][2026-04-09 09:22:57.037] Date: Thu, 9 Apr 2026 09:22:57 GMT
[Fastbot][2026-04-09 09:22:57.037] Connection: keep-alive
[Fastbot][2026-04-09 09:22:57.038] Transfer-Encoding: chunked
[Fastbot][2026-04-09 09:22:57.038] 
[Fastbot][2026-04-09 09:22:57.038] {"jsonrpc":"2.0","id":1,"result":true}

[Fastbot][2026-04-09 09:22:57.039] <-- END HTTP (39-byte body)
[Fastbot][2026-04-09 09:22:57.100] [Proxy Server] Forwarding
[Fastbot][2026-04-09 09:22:57.100] --> POST http://127.0.0.1:9008/jsonrpc/0
[Fastbot][2026-04-09 09:22:57.100] Content-Type: application/json; charset=utf-8
[Fastbot][2026-04-09 09:22:57.101] Content-Length: 222
[Fastbot][2026-04-09 09:22:57.101] 
[Fastbot][2026-04-09 09:22:57.101] {"jsonrpc": "2.0", "id": 1, "method": "objInfo", "params": [{"mask": 2097153, "childOrSibling": [], "childOrSiblingSelector": [], "resourceId": "com.amaze.filemanager.debug:id/md_buttonDefaultPositive", "text": "DELETE"}]}
[Fastbot][2026-04-09 09:22:57.101] --> END POST (222-byte body)
[Fastbot][2026-04-09 09:22:57.127] <-- 200 OK  http://127.0.0.1:9008/jsonrpc/0 (25ms)
[Fastbot][2026-04-09 09:22:57.127] Content-Type: application/json
[Fastbot][2026-04-09 09:22:57.127] Date: Thu, 9 Apr 2026 09:22:57 GMT
[Fastbot][2026-04-09 09:22:57.127] Connection: keep-alive
[Fastbot][2026-04-09 09:22:57.127] Transfer-Encoding: chunked
[Fastbot][2026-04-09 09:22:57.129] 
[Fastbot][2026-04-09 09:22:57.129] {"jsonrpc":"2.0","id":1,"result":{"bounds":{"bottom":1429,"left":768,"right":915,"top":1363},"childCount":0,"className":"android.widget.TextView","contentDescription":null,"packageName":"com.amaze.filemanager.debug","resourceName":"com.amaze.filemanager.debug:id/md_buttonDefaultPositive","text":"DEL...[truncated]
[Fastbot][2026-04-09 09:22:57.129] <-- END HTTP (530-byte body)
[Fastbot][2026-04-09 09:22:57.155] [Proxy Server] Detected script method: click
[Fastbot][2026-04-09 09:22:57.155] [Proxy Server] Forwarding
[Fastbot][2026-04-09 09:22:57.156] --> POST http://127.0.0.1:9008/jsonrpc/0
[Fastbot][2026-04-09 09:22:57.156] Content-Type: application/json; charset=utf-8
[Fastbot][2026-04-09 09:22:57.156] Content-Length: 73
[Fastbot][2026-04-09 09:22:57.156] 
[Fastbot][2026-04-09 09:22:57.156] {"jsonrpc": "2.0", "id": 1, "method": "click", "params": [841.5, 1396.0]}
[Fastbot][2026-04-09 09:22:57.157] --> END POST (73-byte body)
[Fastbot][2026-04-09 09:22:57.299] <-- 200 OK  http://127.0.0.1:9008/jsonrpc/0 (142ms)
[Fastbot][2026-04-09 09:22:57.300] Content-Type: application/json
[Fastbot][2026-04-09 09:22:57.300] Date: Thu, 9 Apr 2026 09:22:57 GMT
[Fastbot][2026-04-09 09:22:57.300] Connection: keep-alive
[Fastbot][2026-04-09 09:22:57.301] Transfer-Encoding: chunked
[Fastbot][2026-04-09 09:22:57.302] 
[Fastbot][2026-04-09 09:22:57.302] {"jsonrpc":"2.0","id":1,"result":true}

[Fastbot][2026-04-09 09:22:57.302] <-- END HTTP (39-byte body)
[Fastbot][2026-04-09 09:22:57.824] [Proxy Server] Detected script method: swipe
[Fastbot][2026-04-09 09:22:57.827] [Proxy Server] Forwarding
[Fastbot][2026-04-09 09:22:57.827] --> POST http://127.0.0.1:9008/jsonrpc/0
[Fastbot][2026-04-09 09:22:57.828] Content-Type: application/json; charset=utf-8
[Fastbot][2026-04-09 09:22:57.828] Content-Length: 83
[Fastbot][2026-04-09 09:22:57.829] 
[Fastbot][2026-04-09 09:22:57.829] {"jsonrpc": "2.0", "id": 1, "method": "swipe", "params": [600, 500, 600, 1800, 55]}
[Fastbot][2026-04-09 09:22:57.830] --> END POST (83-byte body)
[Fastbot][2026-04-09 09:23:00.584] <-- 200 OK  http://127.0.0.1:9008/jsonrpc/0 (2753ms)
[Fastbot][2026-04-09 09:23:00.584] Content-Type: application/json
[Fastbot][2026-04-09 09:23:00.584] Date: Thu, 9 Apr 2026 09:23:00 GMT
[Fastbot][2026-04-09 09:23:00.584] Connection: keep-alive
[Fastbot][2026-04-09 09:23:00.584] Transfer-Encoding: chunked
[Fastbot][2026-04-09 09:23:00.585] 
[Fastbot][2026-04-09 09:23:00.585] {"jsonrpc":"2.0","id":1,"result":true}

[Fastbot][2026-04-09 09:23:00.585] <-- END HTTP (39-byte body)
[Fastbot][2026-04-09 09:23:01.113] [Proxy Server] Forwarding
[Fastbot][2026-04-09 09:23:01.113] --> POST http://127.0.0.1:9008/jsonrpc/0
[Fastbot][2026-04-09 09:23:01.114] Content-Type: application/json; charset=utf-8
[Fastbot][2026-04-09 09:23:01.114] Content-Length: 83
[Fastbot][2026-04-09 09:23:01.114] 
[Fastbot][2026-04-09 09:23:01.114] {"jsonrpc": "2.0", "id": 1, "method": "dumpWindowHierarchy", "params": [false, 50]}
[Fastbot][2026-04-09 09:23:01.115] --> END POST (83-byte body)
[Fastbot][2026-04-09 09:23:01.422] <-- 200 OK  http://127.0.0.1:9008/jsonrpc/0 (306ms)
[Fastbot][2026-04-09 09:23:01.422] Content-Type: application/json
[Fastbot][2026-04-09 09:23:01.422] Date: Thu, 9 Apr 2026 09:23:01 GMT
[Fastbot][2026-04-09 09:23:01.422] Connection: keep-alive
[Fastbot][2026-04-09 09:23:01.422] Transfer-Encoding: chunked
[Fastbot][2026-04-09 09:23:01.425] 
[Fastbot][2026-04-09 09:23:01.425] {"jsonrpc":"2.0","id":1,"result":"<?xml version='1.0' encoding='UTF-8' standalone='yes' ?>\r\n<hierarchy rotation=\"0\">\r\n  <node index=\"0\" text=\"\" resource-id=\"\" class=\"android.widget.FrameLayout\" package=\"com.amaze.filemanager.debug\" content-desc=\"\" checkable=\"false\" checked=\"fals...[truncated]
[Fastbot][2026-04-09 09:23:01.425] <-- END HTTP (72220-byte body)
[Fastbot][2026-04-09 09:23:01.474] [Proxy Server] Detected script method: swipe
[Fastbot][2026-04-09 09:23:01.475] [Proxy Server] Forwarding
[Fastbot][2026-04-09 09:23:01.477] --> POST http://127.0.0.1:9008/jsonrpc/0
[Fastbot][2026-04-09 09:23:01.477] Content-Type: application/json; charset=utf-8
[Fastbot][2026-04-09 09:23:01.478] Content-Length: 83
[Fastbot][2026-04-09 09:23:01.478] 
[Fastbot][2026-04-09 09:23:01.478] {"jsonrpc": "2.0", "id": 1, "method": "swipe", "params": [500, 1850, 500, 250, 55]}
[Fastbot][2026-04-09 09:23:01.479] --> END POST (83-byte body)
[Fastbot][2026-04-09 09:23:03.632] <-- 200 OK  http://127.0.0.1:9008/jsonrpc/0 (2153ms)
[Fastbot][2026-04-09 09:23:03.632] Content-Type: application/json
[Fastbot][2026-04-09 09:23:03.632] Date: Thu, 9 Apr 2026 09:23:03 GMT
[Fastbot][2026-04-09 09:23:03.632] Connection: keep-alive
[Fastbot][2026-04-09 09:23:03.632] Transfer-Encoding: chunked
[Fastbot][2026-04-09 09:23:03.634] 
[Fastbot][2026-04-09 09:23:03.634] {"jsonrpc":"2.0","id":1,"result":true}

[Fastbot][2026-04-09 09:23:03.635] <-- END HTTP (39-byte body)
[Fastbot][2026-04-09 09:23:04.154] [Proxy Server] Forwarding
[Fastbot][2026-04-09 09:23:04.155] --> POST http://127.0.0.1:9008/jsonrpc/0
[Fastbot][2026-04-09 09:23:04.155] Content-Type: application/json; charset=utf-8
[Fastbot][2026-04-09 09:23:04.156] Content-Length: 83
[Fastbot][2026-04-09 09:23:04.156] 
[Fastbot][2026-04-09 09:23:04.156] {"jsonrpc": "2.0", "id": 1, "method": "dumpWindowHierarchy", "params": [false, 50]}
[Fastbot][2026-04-09 09:23:04.156] --> END POST (83-byte body)
[Fastbot][2026-04-09 09:23:04.368] <-- 200 OK  http://127.0.0.1:9008/jsonrpc/0 (211ms)
[Fastbot][2026-04-09 09:23:04.368] Content-Type: application/json
[Fastbot][2026-04-09 09:23:04.368] Date: Thu, 9 Apr 2026 09:23:04 GMT
[Fastbot][2026-04-09 09:23:04.368] Connection: keep-alive
[Fastbot][2026-04-09 09:23:04.368] Transfer-Encoding: chunked
[Fastbot][2026-04-09 09:23:04.369] 
[Fastbot][2026-04-09 09:23:04.370] {"jsonrpc":"2.0","id":1,"result":"<?xml version='1.0' encoding='UTF-8' standalone='yes' ?>\r\n<hierarchy rotation=\"0\">\r\n  <node index=\"0\" text=\"\" resource-id=\"\" class=\"android.widget.FrameLayout\" package=\"com.amaze.filemanager.debug\" content-desc=\"\" checkable=\"false\" checked=\"fals...[truncated]
[Fastbot][2026-04-09 09:23:04.370] <-- END HTTP (68859-byte body)
[Fastbot][2026-04-09 09:23:04.389] [Proxy Server] Detected script method: swipe
[Fastbot][2026-04-09 09:23:04.390] [Proxy Server] Forwarding
[Fastbot][2026-04-09 09:23:04.390] --> POST http://127.0.0.1:9008/jsonrpc/0
[Fastbot][2026-04-09 09:23:04.390] Content-Type: application/json; charset=utf-8
[Fastbot][2026-04-09 09:23:04.390] Content-Length: 83
[Fastbot][2026-04-09 09:23:04.391] 
[Fastbot][2026-04-09 09:23:04.391] {"jsonrpc": "2.0", "id": 1, "method": "swipe", "params": [500, 1850, 500, 250, 55]}
[Fastbot][2026-04-09 09:23:04.391] --> END POST (83-byte body)
[Fastbot][2026-04-09 09:23:06.329] <-- 200 OK  http://127.0.0.1:9008/jsonrpc/0 (1937ms)
[Fastbot][2026-04-09 09:23:06.329] Content-Type: application/json
[Fastbot][2026-04-09 09:23:06.329] Date: Thu, 9 Apr 2026 09:23:06 GMT
[Fastbot][2026-04-09 09:23:06.329] Connection: keep-alive
[Fastbot][2026-04-09 09:23:06.329] Transfer-Encoding: chunked
[Fastbot][2026-04-09 09:23:06.381] 
[Fastbot][2026-04-09 09:23:06.381] {"jsonrpc":"2.0","id":1,"result":true}

[Fastbot][2026-04-09 09:23:06.381] <-- END HTTP (39-byte body)
[Fastbot][2026-04-09 09:23:06.933] [Proxy Server] Forwarding
[Fastbot][2026-04-09 09:23:06.933] --> POST http://127.0.0.1:9008/jsonrpc/0
[Fastbot][2026-04-09 09:23:06.934] Content-Type: application/json; charset=utf-8
[Fastbot][2026-04-09 09:23:06.934] Content-Length: 83
[Fastbot][2026-04-09 09:23:06.934] 
[Fastbot][2026-04-09 09:23:06.934] {"jsonrpc": "2.0", "id": 1, "method": "dumpWindowHierarchy", "params": [false, 50]}
[Fastbot][2026-04-09 09:23:06.934] --> END POST (83-byte body)
[Fastbot][2026-04-09 09:23:07.112] <-- 200 OK  http://127.0.0.1:9008/jsonrpc/0 (177ms)
[Fastbot][2026-04-09 09:23:07.112] Content-Type: application/json
[Fastbot][2026-04-09 09:23:07.112] Date: Thu, 9 Apr 2026 09:23:07 GMT
[Fastbot][2026-04-09 09:23:07.112] Connection: keep-alive
[Fastbot][2026-04-09 09:23:07.112] Transfer-Encoding: chunked
[Fastbot][2026-04-09 09:23:07.114] 
[Fastbot][2026-04-09 09:23:07.118] {"jsonrpc":"2.0","id":1,"result":"<?xml version='1.0' encoding='UTF-8' standalone='yes' ?>\r\n<hierarchy rotation=\"0\">\r\n  <node index=\"0\" text=\"\" resource-id=\"\" class=\"android.widget.FrameLayout\" package=\"com.amaze.filemanager.debug\" content-desc=\"\" checkable=\"false\" checked=\"fals...[truncated]
[Fastbot][2026-04-09 09:23:07.118] <-- END HTTP (68859-byte body)
[Fastbot][2026-04-09 09:23:07.135] [Proxy Server] Detected script method: swipe
[Fastbot][2026-04-09 09:23:07.135] [Proxy Server] Forwarding
[Fastbot][2026-04-09 09:23:07.135] --> POST http://127.0.0.1:9008/jsonrpc/0
[Fastbot][2026-04-09 09:23:07.136] Content-Type: application/json; charset=utf-8
[Fastbot][2026-04-09 09:23:07.136] Content-Length: 83
[Fastbot][2026-04-09 09:23:07.136] 
[Fastbot][2026-04-09 09:23:07.136] {"jsonrpc": "2.0", "id": 1, "method": "swipe", "params": [500, 1850, 500, 250, 55]}
[Fastbot][2026-04-09 09:23:07.136] --> END POST (83-byte body)
[Fastbot][2026-04-09 09:23:09.106] <-- 200 OK  http://127.0.0.1:9008/jsonrpc/0 (1968ms)
[Fastbot][2026-04-09 09:23:09.106] Content-Type: application/json
[Fastbot][2026-04-09 09:23:09.106] Date: Thu, 9 Apr 2026 09:23:09 GMT
[Fastbot][2026-04-09 09:23:09.106] Connection: keep-alive
[Fastbot][2026-04-09 09:23:09.106] Transfer-Encoding: chunked
[Fastbot][2026-04-09 09:23:09.151] 
[Fastbot][2026-04-09 09:23:09.151] {"jsonrpc":"2.0","id":1,"result":true}

[Fastbot][2026-04-09 09:23:09.151] <-- END HTTP (39-byte body)
[Fastbot][2026-04-09 09:23:09.689] [Proxy Server] Forwarding
[Fastbot][2026-04-09 09:23:09.689] --> POST http://127.0.0.1:9008/jsonrpc/0
[Fastbot][2026-04-09 09:23:09.690] Content-Type: application/json; charset=utf-8
[Fastbot][2026-04-09 09:23:09.690] Content-Length: 83
[Fastbot][2026-04-09 09:23:09.690] 
[Fastbot][2026-04-09 09:23:09.690] {"jsonrpc": "2.0", "id": 1, "method": "dumpWindowHierarchy", "params": [false, 50]}
[Fastbot][2026-04-09 09:23:09.691] --> END POST (83-byte body)
[Fastbot][2026-04-09 09:23:09.733] <-- 200 OK  http://127.0.0.1:9008/jsonrpc/0 (42ms)
[Fastbot][2026-04-09 09:23:09.733] Content-Type: application/json
[Fastbot][2026-04-09 09:23:09.733] Date: Thu, 9 Apr 2026 09:23:09 GMT
[Fastbot][2026-04-09 09:23:09.733] Connection: keep-alive
[Fastbot][2026-04-09 09:23:09.733] Transfer-Encoding: chunked
[Fastbot][2026-04-09 09:23:09.735] 
[Fastbot][2026-04-09 09:23:09.735] {"jsonrpc":"2.0","id":1,"result":"<?xml version='1.0' encoding='UTF-8' standalone='yes' ?>\r\n<hierarchy rotation=\"0\">\r\n  <node index=\"0\" text=\"\" resource-id=\"\" class=\"android.widget.FrameLayout\" package=\"com.amaze.filemanager.debug\" content-desc=\"\" checkable=\"false\" checked=\"fals...[truncated]
[Fastbot][2026-04-09 09:23:09.735] <-- END HTTP (68859-byte body)
[Fastbot][2026-04-09 09:23:09.765] [Proxy Server] Detected script method: pressKey
[Fastbot][2026-04-09 09:23:09.766] [Proxy Server] Forwarding
[Fastbot][2026-04-09 09:23:09.766] --> POST http://127.0.0.1:9008/jsonrpc/0
[Fastbot][2026-04-09 09:23:09.766] Content-Type: application/json; charset=utf-8
[Fastbot][2026-04-09 09:23:09.766] Content-Length: 69
[Fastbot][2026-04-09 09:23:09.766] 
[Fastbot][2026-04-09 09:23:09.766] {"jsonrpc": "2.0", "id": 1, "method": "pressKey", "params": ["back"]}
[Fastbot][2026-04-09 09:23:09.767] --> END POST (69-byte body)
[Fastbot][2026-04-09 09:23:09.965] <-- 200 OK  http://127.0.0.1:9008/jsonrpc/0 (197ms)
[Fastbot][2026-04-09 09:23:09.965] Content-Type: application/json
[Fastbot][2026-04-09 09:23:09.965] Date: Thu, 9 Apr 2026 09:23:09 GMT
[Fastbot][2026-04-09 09:23:09.965] Connection: keep-alive
[Fastbot][2026-04-09 09:23:09.965] Transfer-Encoding: chunked
[Fastbot][2026-04-09 09:23:10.011] 
[Fastbot][2026-04-09 09:23:10.011] {"jsonrpc":"2.0","id":1,"result":true}

[Fastbot][2026-04-09 09:23:10.011] <-- END HTTP (39-byte body)
[Fastbot][2026-04-09 09:23:11.028] [Proxy Server] Forwarding
[Fastbot][2026-04-09 09:23:11.029] --> POST http://127.0.0.1:9008/jsonrpc/0
[Fastbot][2026-04-09 09:23:11.030] Content-Type: application/json; charset=utf-8
[Fastbot][2026-04-09 09:23:11.031] Content-Length: 197
[Fastbot][2026-04-09 09:23:11.032] 
[Fastbot][2026-04-09 09:23:11.032] {"jsonrpc": "2.0", "id": 1, "method": "waitForExists", "params": [{"mask": 2097152, "childOrSibling": [], "childOrSiblingSelector": [], "resourceId": "com.amaze.filemanager.debug:id/home"}, 20000]}
[Fastbot][2026-04-09 09:23:11.033] --> END POST (197-byte body)
[Fastbot][2026-04-09 09:23:11.050] <-- 200 OK  http://127.0.0.1:9008/jsonrpc/0 (16ms)
[Fastbot][2026-04-09 09:23:11.050] Content-Type: application/json
[Fastbot][2026-04-09 09:23:11.051] Date: Thu, 9 Apr 2026 09:23:11 GMT
[Fastbot][2026-04-09 09:23:11.051] Connection: keep-alive
[Fastbot][2026-04-09 09:23:11.052] Transfer-Encoding: chunked
[Fastbot][2026-04-09 09:23:11.053] 
[Fastbot][2026-04-09 09:23:11.053] {"jsonrpc":"2.0","id":1,"result":true}

[Fastbot][2026-04-09 09:23:11.053] <-- END HTTP (39-byte body)
[Fastbot][2026-04-09 09:23:11.070] [Proxy Server] Forwarding
[Fastbot][2026-04-09 09:23:11.070] --> POST http://127.0.0.1:9008/jsonrpc/0
[Fastbot][2026-04-09 09:23:11.071] Content-Type: application/json; charset=utf-8
[Fastbot][2026-04-09 09:23:11.071] Content-Length: 184
[Fastbot][2026-04-09 09:23:11.071] 
[Fastbot][2026-04-09 09:23:11.071] {"jsonrpc": "2.0", "id": 1, "method": "objInfo", "params": [{"mask": 2097152, "childOrSibling": [], "childOrSiblingSelector": [], "resourceId": "com.amaze.filemanager.debug:id/home"}]}
[Fastbot][2026-04-09 09:23:11.071] --> END POST (184-byte body)
[Fastbot][2026-04-09 09:23:11.107] <-- 200 OK  http://127.0.0.1:9008/jsonrpc/0 (35ms)
[Fastbot][2026-04-09 09:23:11.107] Content-Type: application/json
[Fastbot][2026-04-09 09:23:11.107] Date: Thu, 9 Apr 2026 09:23:11 GMT
[Fastbot][2026-04-09 09:23:11.107] Connection: keep-alive
[Fastbot][2026-04-09 09:23:11.108] Transfer-Encoding: chunked
[Fastbot][2026-04-09 09:23:11.150] 
[Fastbot][2026-04-09 09:23:11.151] {"jsonrpc":"2.0","id":1,"result":{"bounds":{"bottom":226,"left":837,"right":969,"top":94},"childCount":0,"className":"android.widget.Button","contentDescription":"Home","packageName":"com.amaze.filemanager.debug","resourceName":"com.amaze.filemanager.debug:id/home","text":null,"visibleBounds":{"bott...[truncated]
[Fastbot][2026-04-09 09:23:11.151] <-- END HTTP (500-byte body)
[Fastbot][2026-04-09 09:23:11.166] [Proxy Server] Detected script method: click
[Fastbot][2026-04-09 09:23:11.167] [Proxy Server] Forwarding
[Fastbot][2026-04-09 09:23:11.169] --> POST http://127.0.0.1:9008/jsonrpc/0
[Fastbot][2026-04-09 09:23:11.170] Content-Type: application/json; charset=utf-8
[Fastbot][2026-04-09 09:23:11.171] Content-Length: 72
[Fastbot][2026-04-09 09:23:11.172] 
[Fastbot][2026-04-09 09:23:11.173] {"jsonrpc": "2.0", "id": 1, "method": "click", "params": [903.0, 160.0]}
[Fastbot][2026-04-09 09:23:11.174] --> END POST (72-byte body)
[Fastbot][2026-04-09 09:23:11.328] <-- 200 OK  http://127.0.0.1:9008/jsonrpc/0 (153ms)
[Fastbot][2026-04-09 09:23:11.329] Content-Type: application/json
[Fastbot][2026-04-09 09:23:11.330] Date: Thu, 9 Apr 2026 09:23:11 GMT
[Fastbot][2026-04-09 09:23:11.330] Connection: keep-alive
[Fastbot][2026-04-09 09:23:11.332] Transfer-Encoding: chunked
[Fastbot][2026-04-09 09:23:11.370] 
[Fastbot][2026-04-09 09:23:11.371] {"jsonrpc":"2.0","id":1,"result":true}

[Fastbot][2026-04-09 09:23:11.372] <-- END HTTP (39-byte body)
[Fastbot][2026-04-09 09:23:12.131] --> POST http://127.0.0.1:9008/jsonrpc/0
[Fastbot][2026-04-09 09:23:12.131] Content-Type: application/json; charset=utf-8
[Fastbot][2026-04-09 09:23:12.132] Content-Length: 75
[Fastbot][2026-04-09 09:23:12.132] 
[Fastbot][2026-04-09 09:23:12.132] {"id":1,"jsonrpc":"2.0","method":"dumpWindowHierarchy","params":[false,50]}
[Fastbot][2026-04-09 09:23:12.132] --> END POST (75-byte body)
[Fastbot][2026-04-09 09:23:12.185] <-- 200 OK  http://127.0.0.1:9008/jsonrpc/0 (52ms)
[Fastbot][2026-04-09 09:23:12.185] Content-Type: application/json
[Fastbot][2026-04-09 09:23:12.185] Date: Thu, 9 Apr 2026 09:23:12 GMT
[Fastbot][2026-04-09 09:23:12.185] Connection: keep-alive
[Fastbot][2026-04-09 09:23:12.186] Transfer-Encoding: chunked
[Fastbot][2026-04-09 09:23:12.190] 
[Fastbot][2026-04-09 09:23:12.190] {"jsonrpc":"2.0","id":1,"result":"<?xml version='1.0' encoding='UTF-8' standalone='yes' ?>\r\n<hierarchy rotation=\"0\">\r\n  <node index=\"0\" text=\"\" resource-id=\"\" class=\"android.widget.FrameLayout\" package=\"com.amaze.filemanager.debug\" content-desc=\"\" checkable=\"false\" checked=\"fals...[truncated]
[Fastbot][2026-04-09 09:23:12.190] <-- END HTTP (81777-byte body)
[Fastbot][2026-04-09 09:23:12.240] [Proxy Server] Forwarding
[Fastbot][2026-04-09 09:23:12.241] --> POST http://127.0.0.1:9008/jsonrpc/0
[Fastbot][2026-04-09 09:23:12.242] Content-Type: application/json; charset=utf-8
[Fastbot][2026-04-09 09:23:12.242] Content-Length: 217
[Fastbot][2026-04-09 09:23:12.242] 
[Fastbot][2026-04-09 09:23:12.242] {"jsonrpc": "2.0", "id": 1, "method": "waitForExists", "params": [{"mask": 10485760, "childOrSibling": [], "childOrSiblingSelector": [], "resourceId": "com.amaze.filemanager.debug:id/sd_main_fab", "index": 0}, 20000]}
[Fastbot][2026-04-09 09:23:12.242] --> END POST (217-byte body)
[Fastbot][2026-04-09 09:23:12.253] <-- 200 OK  http://127.0.0.1:9008/jsonrpc/0 (10ms)
[Fastbot][2026-04-09 09:23:12.253] Content-Type: application/json
[Fastbot][2026-04-09 09:23:12.254] Date: Thu, 9 Apr 2026 09:23:12 GMT
[Fastbot][2026-04-09 09:23:12.254] Connection: keep-alive
[Fastbot][2026-04-09 09:23:12.254] Transfer-Encoding: chunked
[Fastbot][2026-04-09 09:23:12.255] 
[Fastbot][2026-04-09 09:23:12.255] {"jsonrpc":"2.0","id":1,"result":true}

[Fastbot][2026-04-09 09:23:12.255] <-- END HTTP (39-byte body)
[Fastbot][2026-04-09 09:23:12.285] [Proxy Server] Forwarding
[Fastbot][2026-04-09 09:23:12.285] --> POST http://127.0.0.1:9008/jsonrpc/0
[Fastbot][2026-04-09 09:23:12.286] Content-Type: application/json; charset=utf-8
[Fastbot][2026-04-09 09:23:12.286] Content-Length: 204
[Fastbot][2026-04-09 09:23:12.286] 
[Fastbot][2026-04-09 09:23:12.286] {"jsonrpc": "2.0", "id": 1, "method": "objInfo", "params": [{"mask": 10485760, "childOrSibling": [], "childOrSiblingSelector": [], "resourceId": "com.amaze.filemanager.debug:id/sd_main_fab", "index": 0}]}
[Fastbot][2026-04-09 09:23:12.286] --> END POST (204-byte body)
[Fastbot][2026-04-09 09:23:12.357] <-- 200 OK  http://127.0.0.1:9008/jsonrpc/0 (70ms)
[Fastbot][2026-04-09 09:23:12.357] Content-Type: application/json
[Fastbot][2026-04-09 09:23:12.357] Date: Thu, 9 Apr 2026 09:23:12 GMT
[Fastbot][2026-04-09 09:23:12.358] Connection: keep-alive
[Fastbot][2026-04-09 09:23:12.358] Transfer-Encoding: chunked
[Fastbot][2026-04-09 09:23:12.401] 
[Fastbot][2026-04-09 09:23:12.402] {"jsonrpc":"2.0","id":1,"result":{"bounds":{"bottom":2142,"left":843,"right":1063,"top":1898},"childCount":0,"className":"android.widget.ImageButton","contentDescription":"","packageName":"com.amaze.filemanager.debug","resourceName":null,"text":"","visibleBounds":{"bottom":2142,"left":843,"right":10...[truncated]
[Fastbot][2026-04-09 09:23:12.402] <-- END HTTP (474-byte body)
[Fastbot][2026-04-09 09:23:12.417] [Proxy Server] Detected script method: click
[Fastbot][2026-04-09 09:23:12.418] [Proxy Server] Forwarding
[Fastbot][2026-04-09 09:23:12.419] --> POST http://127.0.0.1:9008/jsonrpc/0
[Fastbot][2026-04-09 09:23:12.419] Content-Type: application/json; charset=utf-8
[Fastbot][2026-04-09 09:23:12.420] Content-Length: 73
[Fastbot][2026-04-09 09:23:12.421] 
[Fastbot][2026-04-09 09:23:12.422] {"jsonrpc": "2.0", "id": 1, "method": "click", "params": [953.0, 2020.0]}
[Fastbot][2026-04-09 09:23:12.422] --> END POST (73-byte body)
[Fastbot][2026-04-09 09:23:12.562] <-- 200 OK  http://127.0.0.1:9008/jsonrpc/0 (138ms)
[Fastbot][2026-04-09 09:23:12.562] Content-Type: application/json
[Fastbot][2026-04-09 09:23:12.562] Date: Thu, 9 Apr 2026 09:23:12 GMT
[Fastbot][2026-04-09 09:23:12.562] Connection: keep-alive
[Fastbot][2026-04-09 09:23:12.562] Transfer-Encoding: chunked
[Fastbot][2026-04-09 09:23:12.611] 
[Fastbot][2026-04-09 09:23:12.611] {"jsonrpc":"2.0","id":1,"result":true}

[Fastbot][2026-04-09 09:23:12.611] <-- END HTTP (39-byte body)
[Fastbot][2026-04-09 09:23:13.159] [Proxy Server] Forwarding
[Fastbot][2026-04-09 09:23:13.159] --> POST http://127.0.0.1:9008/jsonrpc/0
[Fastbot][2026-04-09 09:23:13.160] Content-Type: application/json; charset=utf-8
[Fastbot][2026-04-09 09:23:13.160] Content-Length: 217
[Fastbot][2026-04-09 09:23:13.160] 
[Fastbot][2026-04-09 09:23:13.160] {"jsonrpc": "2.0", "id": 1, "method": "waitForExists", "params": [{"mask": 2097153, "childOrSibling": [], "childOrSiblingSelector": [], "resourceId": "com.amaze.filemanager.debug:id/sd_label", "text": "File"}, 20000]}
[Fastbot][2026-04-09 09:23:13.160] --> END POST (217-byte body)
[Fastbot][2026-04-09 09:23:13.201] <-- 200 OK  http://127.0.0.1:9008/jsonrpc/0 (40ms)
[Fastbot][2026-04-09 09:23:13.202] Content-Type: application/json
[Fastbot][2026-04-09 09:23:13.202] Date: Thu, 9 Apr 2026 09:23:13 GMT
[Fastbot][2026-04-09 09:23:13.202] Connection: keep-alive
[Fastbot][2026-04-09 09:23:13.202] Transfer-Encoding: chunked
[Fastbot][2026-04-09 09:23:13.203] 
[Fastbot][2026-04-09 09:23:13.203] {"jsonrpc":"2.0","id":1,"result":true}

[Fastbot][2026-04-09 09:23:13.204] <-- END HTTP (39-byte body)
[Fastbot][2026-04-09 09:23:13.236] [Proxy Server] Forwarding
[Fastbot][2026-04-09 09:23:13.236] --> POST http://127.0.0.1:9008/jsonrpc/0
[Fastbot][2026-04-09 09:23:13.236] Content-Type: application/json; charset=utf-8
[Fastbot][2026-04-09 09:23:13.236] Content-Length: 204
[Fastbot][2026-04-09 09:23:13.237] 
[Fastbot][2026-04-09 09:23:13.237] {"jsonrpc": "2.0", "id": 1, "method": "objInfo", "params": [{"mask": 2097153, "childOrSibling": [], "childOrSiblingSelector": [], "resourceId": "com.amaze.filemanager.debug:id/sd_label", "text": "File"}]}
[Fastbot][2026-04-09 09:23:13.237] --> END POST (204-byte body)
[Fastbot][2026-04-09 09:23:13.272] <-- 200 OK  http://127.0.0.1:9008/jsonrpc/0 (34ms)
[Fastbot][2026-04-09 09:23:13.272] Content-Type: application/json
[Fastbot][2026-04-09 09:23:13.272] Date: Thu, 9 Apr 2026 09:23:13 GMT
[Fastbot][2026-04-09 09:23:13.272] Connection: keep-alive
[Fastbot][2026-04-09 09:23:13.272] Transfer-Encoding: chunked
[Fastbot][2026-04-09 09:23:13.320] 
[Fastbot][2026-04-09 09:23:13.321] {"jsonrpc":"2.0","id":1,"result":{"bounds":{"bottom":1701,"left":728,"right":812,"top":1648},"childCount":0,"className":"android.widget.TextView","contentDescription":null,"packageName":"com.amaze.filemanager.debug","resourceName":"com.amaze.filemanager.debug:id/sd_label","text":"File","visibleBound...[truncated]
[Fastbot][2026-04-09 09:23:13.321] <-- END HTTP (514-byte body)
[Fastbot][2026-04-09 09:23:13.376] [Proxy Server] Detected script method: click
[Fastbot][2026-04-09 09:23:13.377] [Proxy Server] Forwarding
[Fastbot][2026-04-09 09:23:13.378] --> POST http://127.0.0.1:9008/jsonrpc/0
[Fastbot][2026-04-09 09:23:13.378] Content-Type: application/json; charset=utf-8
[Fastbot][2026-04-09 09:23:13.378] Content-Length: 73
[Fastbot][2026-04-09 09:23:13.378] 
[Fastbot][2026-04-09 09:23:13.378] {"jsonrpc": "2.0", "id": 1, "method": "click", "params": [770.0, 1674.5]}
[Fastbot][2026-04-09 09:23:13.378] --> END POST (73-byte body)
[Fastbot][2026-04-09 09:23:13.561] <-- 200 OK  http://127.0.0.1:9008/jsonrpc/0 (181ms)
[Fastbot][2026-04-09 09:23:13.561] Content-Type: application/json
[Fastbot][2026-04-09 09:23:13.561] Date: Thu, 9 Apr 2026 09:23:13 GMT
[Fastbot][2026-04-09 09:23:13.561] Connection: keep-alive
[Fastbot][2026-04-09 09:23:13.561] Transfer-Encoding: chunked
[Fastbot][2026-04-09 09:23:13.561] 
[Fastbot][2026-04-09 09:23:13.561] {"jsonrpc":"2.0","id":1,"result":true}

[Fastbot][2026-04-09 09:23:13.561] <-- END HTTP (39-byte body)
[Fastbot][2026-04-09 09:23:14.114] [Proxy Server] Forwarding
[Fastbot][2026-04-09 09:23:14.115] --> POST http://127.0.0.1:9008/jsonrpc/0
[Fastbot][2026-04-09 09:23:14.115] Content-Type: application/json; charset=utf-8
[Fastbot][2026-04-09 09:23:14.115] Content-Length: 229
[Fastbot][2026-04-09 09:23:14.115] 
[Fastbot][2026-04-09 09:23:14.116] {"jsonrpc": "2.0", "id": 1, "method": "waitForExists", "params": [{"mask": 2097153, "childOrSibling": [], "childOrSiblingSelector": [], "resourceId": "com.amaze.filemanager.debug:id/singleedittext_input", "text": ".txt"}, 20000]}
[Fastbot][2026-04-09 09:23:14.116] --> END POST (229-byte body)
[Fastbot][2026-04-09 09:23:14.267] <-- 200 OK  http://127.0.0.1:9008/jsonrpc/0 (150ms)
[Fastbot][2026-04-09 09:23:14.267] Content-Type: application/json
[Fastbot][2026-04-09 09:23:14.267] Date: Thu, 9 Apr 2026 09:23:14 GMT
[Fastbot][2026-04-09 09:23:14.267] Connection: keep-alive
[Fastbot][2026-04-09 09:23:14.267] Transfer-Encoding: chunked
[Fastbot][2026-04-09 09:23:14.267] 
[Fastbot][2026-04-09 09:23:14.268] {"jsonrpc":"2.0","id":1,"result":true}

[Fastbot][2026-04-09 09:23:14.272] <-- END HTTP (39-byte body)
[Fastbot][2026-04-09 09:23:14.310] [Proxy Server] Detected script method: setText
[Fastbot][2026-04-09 09:23:14.311] [Proxy Server] Forwarding
[Fastbot][2026-04-09 09:23:14.311] --> POST http://127.0.0.1:9008/jsonrpc/0
[Fastbot][2026-04-09 09:23:14.311] Content-Type: application/json; charset=utf-8
[Fastbot][2026-04-09 09:23:14.311] Content-Length: 229
[Fastbot][2026-04-09 09:23:14.312] 
[Fastbot][2026-04-09 09:23:14.312] {"jsonrpc": "2.0", "id": 1, "method": "setText", "params": [{"mask": 2097153, "childOrSibling": [], "childOrSiblingSelector": [], "resourceId": "com.amaze.filemanager.debug:id/singleedittext_input", "text": ".txt"}, "fo5Yp.txt"]}
[Fastbot][2026-04-09 09:23:14.312] --> END POST (229-byte body)
[Fastbot][2026-04-09 09:23:14.628] <-- 200 OK  http://127.0.0.1:9008/jsonrpc/0 (315ms)
[Fastbot][2026-04-09 09:23:14.628] Content-Type: application/json
[Fastbot][2026-04-09 09:23:14.629] Date: Thu, 9 Apr 2026 09:23:14 GMT
[Fastbot][2026-04-09 09:23:14.629] Connection: keep-alive
[Fastbot][2026-04-09 09:23:14.629] Transfer-Encoding: chunked
[Fastbot][2026-04-09 09:23:14.629] 
[Fastbot][2026-04-09 09:23:14.630] {"jsonrpc":"2.0","id":1,"result":true}

[Fastbot][2026-04-09 09:23:14.631] <-- END HTTP (39-byte body)
[Fastbot][2026-04-09 09:23:15.157] [Proxy Server] Forwarding
[Fastbot][2026-04-09 09:23:15.158] --> POST http://127.0.0.1:9008/jsonrpc/0
[Fastbot][2026-04-09 09:23:15.158] Content-Type: application/json; charset=utf-8
[Fastbot][2026-04-09 09:23:15.158] Content-Length: 235
[Fastbot][2026-04-09 09:23:15.158] 
[Fastbot][2026-04-09 09:23:15.159] {"jsonrpc": "2.0", "id": 1, "method": "waitForExists", "params": [{"mask": 2097153, "childOrSibling": [], "childOrSiblingSelector": [], "resourceId": "com.amaze.filemanager.debug:id/md_buttonDefaultPositive", "text": "CREATE"}, 20000]}
[Fastbot][2026-04-09 09:23:15.159] --> END POST (235-byte body)
[Fastbot][2026-04-09 09:23:15.191] <-- 200 OK  http://127.0.0.1:9008/jsonrpc/0 (32ms)
[Fastbot][2026-04-09 09:23:15.191] Content-Type: application/json
[Fastbot][2026-04-09 09:23:15.191] Date: Thu, 9 Apr 2026 09:23:15 GMT
[Fastbot][2026-04-09 09:23:15.191] Connection: keep-alive
[Fastbot][2026-04-09 09:23:15.191] Transfer-Encoding: chunked
[Fastbot][2026-04-09 09:23:15.192] 
[Fastbot][2026-04-09 09:23:15.192] {"jsonrpc":"2.0","id":1,"result":true}

[Fastbot][2026-04-09 09:23:15.193] <-- END HTTP (39-byte body)
[Fastbot][2026-04-09 09:23:15.225] [Proxy Server] Forwarding
[Fastbot][2026-04-09 09:23:15.226] --> POST http://127.0.0.1:9008/jsonrpc/0
[Fastbot][2026-04-09 09:23:15.226] Content-Type: application/json; charset=utf-8
[Fastbot][2026-04-09 09:23:15.227] Content-Length: 222
[Fastbot][2026-04-09 09:23:15.227] 
[Fastbot][2026-04-09 09:23:15.228] {"jsonrpc": "2.0", "id": 1, "method": "objInfo", "params": [{"mask": 2097153, "childOrSibling": [], "childOrSiblingSelector": [], "resourceId": "com.amaze.filemanager.debug:id/md_buttonDefaultPositive", "text": "CREATE"}]}
[Fastbot][2026-04-09 09:23:15.228] --> END POST (222-byte body)
[Fastbot][2026-04-09 09:23:15.257] <-- 200 OK  http://127.0.0.1:9008/jsonrpc/0 (28ms)
[Fastbot][2026-04-09 09:23:15.257] Content-Type: application/json
[Fastbot][2026-04-09 09:23:15.257] Date: Thu, 9 Apr 2026 09:23:15 GMT
[Fastbot][2026-04-09 09:23:15.257] Connection: keep-alive
[Fastbot][2026-04-09 09:23:15.258] Transfer-Encoding: chunked
[Fastbot][2026-04-09 09:23:15.258] 
[Fastbot][2026-04-09 09:23:15.259] {"jsonrpc":"2.0","id":1,"result":{"bounds":{"bottom":1279,"left":763,"right":915,"top":1213},"childCount":0,"className":"android.widget.TextView","contentDescription":null,"packageName":"com.amaze.filemanager.debug","resourceName":"com.amaze.filemanager.debug:id/md_buttonDefaultPositive","text":"CRE...[truncated]
[Fastbot][2026-04-09 09:23:15.259] <-- END HTTP (530-byte body)
[Fastbot][2026-04-09 09:23:15.288] [Proxy Server] Detected script method: click
[Fastbot][2026-04-09 09:23:15.288] [Proxy Server] Forwarding
[Fastbot][2026-04-09 09:23:15.289] --> POST http://127.0.0.1:9008/jsonrpc/0
[Fastbot][2026-04-09 09:23:15.289] Content-Type: application/json; charset=utf-8
[Fastbot][2026-04-09 09:23:15.289] Content-Length: 73
[Fastbot][2026-04-09 09:23:15.289] 
[Fastbot][2026-04-09 09:23:15.289] {"jsonrpc": "2.0", "id": 1, "method": "click", "params": [839.0, 1246.0]}
[Fastbot][2026-04-09 09:23:15.289] --> END POST (73-byte body)
[Fastbot][2026-04-09 09:23:15.444] <-- 200 OK  http://127.0.0.1:9008/jsonrpc/0 (154ms)
[Fastbot][2026-04-09 09:23:15.444] Content-Type: application/json
[Fastbot][2026-04-09 09:23:15.444] Date: Thu, 9 Apr 2026 09:23:15 GMT
[Fastbot][2026-04-09 09:23:15.444] Connection: keep-alive
[Fastbot][2026-04-09 09:23:15.444] Transfer-Encoding: chunked
[Fastbot][2026-04-09 09:23:15.444] 
[Fastbot][2026-04-09 09:23:15.445] {"jsonrpc":"2.0","id":1,"result":true}

[Fastbot][2026-04-09 09:23:15.445] <-- END HTTP (39-byte body)
[Fastbot][2026-04-09 09:23:16.196] --> POST http://127.0.0.1:9008/jsonrpc/0
[Fastbot][2026-04-09 09:23:16.196] Content-Type: application/json; charset=utf-8
[Fastbot][2026-04-09 09:23:16.196] Content-Length: 75
[Fastbot][2026-04-09 09:23:16.196] 
[Fastbot][2026-04-09 09:23:16.196] {"id":1,"jsonrpc":"2.0","method":"dumpWindowHierarchy","params":[false,50]}
[Fastbot][2026-04-09 09:23:16.196] --> END POST (75-byte body)
[Fastbot][2026-04-09 09:23:16.508] <-- 200 OK  http://127.0.0.1:9008/jsonrpc/0 (311ms)
[Fastbot][2026-04-09 09:23:16.508] Content-Type: application/json
[Fastbot][2026-04-09 09:23:16.508] Date: Thu, 9 Apr 2026 09:23:16 GMT
[Fastbot][2026-04-09 09:23:16.509] Connection: keep-alive
[Fastbot][2026-04-09 09:23:16.509] Transfer-Encoding: chunked
[Fastbot][2026-04-09 09:23:16.512] 
[Fastbot][2026-04-09 09:23:16.512] {"jsonrpc":"2.0","id":1,"result":"<?xml version='1.0' encoding='UTF-8' standalone='yes' ?>\r\n<hierarchy rotation=\"0\">\r\n  <node index=\"0\" text=\"\" resource-id=\"\" class=\"android.widget.FrameLayout\" package=\"com.amaze.filemanager.debug\" content-desc=\"\" checkable=\"false\" checked=\"fals...[truncated]
[Fastbot][2026-04-09 09:23:16.512] <-- END HTTP (81777-byte body)
[Fastbot][2026-04-09 09:23:16.563] [Proxy Server] Detected script method: click
[Fastbot][2026-04-09 09:23:16.563] [Proxy Server] Forwarding
[Fastbot][2026-04-09 09:23:16.564] --> POST http://127.0.0.1:9008/jsonrpc/0
[Fastbot][2026-04-09 09:23:16.564] Content-Type: application/json; charset=utf-8
[Fastbot][2026-04-09 09:23:16.565] Content-Length: 67
[Fastbot][2026-04-09 09:23:16.565] 
[Fastbot][2026-04-09 09:23:16.565] {"jsonrpc": "2.0", "id": 1, "method": "click", "params": [79, 154]}
[Fastbot][2026-04-09 09:23:16.566] --> END POST (67-byte body)
[Fastbot][2026-04-09 09:23:16.708] <-- 200 OK  http://127.0.0.1:9008/jsonrpc/0 (141ms)
[Fastbot][2026-04-09 09:23:16.708] Content-Type: application/json
[Fastbot][2026-04-09 09:23:16.708] Date: Thu, 9 Apr 2026 09:23:16 GMT
[Fastbot][2026-04-09 09:23:16.708] Connection: keep-alive
[Fastbot][2026-04-09 09:23:16.708] Transfer-Encoding: chunked
[Fastbot][2026-04-09 09:23:16.709] 
[Fastbot][2026-04-09 09:23:16.709] {"jsonrpc":"2.0","id":1,"result":true}

[Fastbot][2026-04-09 09:23:16.709] <-- END HTTP (39-byte body)
[Fastbot][2026-04-09 09:23:17.248] [Proxy Server] Forwarding
[Fastbot][2026-04-09 09:23:17.248] --> POST http://127.0.0.1:9008/jsonrpc/0
[Fastbot][2026-04-09 09:23:17.248] Content-Type: application/json; charset=utf-8
[Fastbot][2026-04-09 09:23:17.249] Content-Length: 238
[Fastbot][2026-04-09 09:23:17.249] 
[Fastbot][2026-04-09 09:23:17.249] {"jsonrpc": "2.0", "id": 1, "method": "waitForExists", "params": [{"mask": 2097153, "childOrSibling": [], "childOrSiblingSelector": [], "resourceId": "com.amaze.filemanager.debug:id/design_menu_item_text", "text": "Recent files"}, 20000]}
[Fastbot][2026-04-09 09:23:17.250] --> END POST (238-byte body)
[Fastbot][2026-04-09 09:23:17.285] <-- 200 OK  http://127.0.0.1:9008/jsonrpc/0 (34ms)
[Fastbot][2026-04-09 09:23:17.285] Content-Type: application/json
[Fastbot][2026-04-09 09:23:17.285] Date: Thu, 9 Apr 2026 09:23:17 GMT
[Fastbot][2026-04-09 09:23:17.286] Connection: keep-alive
[Fastbot][2026-04-09 09:23:17.286] Transfer-Encoding: chunked
[Fastbot][2026-04-09 09:23:17.287] 
[Fastbot][2026-04-09 09:23:17.287] {"jsonrpc":"2.0","id":1,"result":true}

[Fastbot][2026-04-09 09:23:17.288] <-- END HTTP (39-byte body)
[Fastbot][2026-04-09 09:23:17.320] [Proxy Server] Forwarding
[Fastbot][2026-04-09 09:23:17.321] --> POST http://127.0.0.1:9008/jsonrpc/0
[Fastbot][2026-04-09 09:23:17.322] Content-Type: application/json; charset=utf-8
[Fastbot][2026-04-09 09:23:17.322] Content-Length: 225
[Fastbot][2026-04-09 09:23:17.323] 
[Fastbot][2026-04-09 09:23:17.323] {"jsonrpc": "2.0", "id": 1, "method": "objInfo", "params": [{"mask": 2097153, "childOrSibling": [], "childOrSiblingSelector": [], "resourceId": "com.amaze.filemanager.debug:id/design_menu_item_text", "text": "Recent files"}]}
[Fastbot][2026-04-09 09:23:17.324] --> END POST (225-byte body)
[Fastbot][2026-04-09 09:23:17.351] <-- 200 OK  http://127.0.0.1:9008/jsonrpc/0 (25ms)
[Fastbot][2026-04-09 09:23:17.351] Content-Type: application/json
[Fastbot][2026-04-09 09:23:17.352] Date: Thu, 9 Apr 2026 09:23:17 GMT
[Fastbot][2026-04-09 09:23:17.352] Connection: keep-alive
[Fastbot][2026-04-09 09:23:17.353] Transfer-Encoding: chunked
[Fastbot][2026-04-09 09:23:17.353] 
[Fastbot][2026-04-09 09:23:17.354] {"jsonrpc":"2.0","id":1,"result":{"bounds":{"bottom":649,"left":44,"right":792,"top":517},"childCount":0,"className":"android.widget.CheckedTextView","contentDescription":null,"packageName":"com.amaze.filemanager.debug","resourceName":"com.amaze.filemanager.debug:id/design_menu_item_text","text":"Re...[truncated]
[Fastbot][2026-04-09 09:23:17.354] <-- END HTTP (535-byte body)
[Fastbot][2026-04-09 09:23:17.399] [Proxy Server] Detected script method: click
[Fastbot][2026-04-09 09:23:17.399] [Proxy Server] Forwarding
[Fastbot][2026-04-09 09:23:17.400] --> POST http://127.0.0.1:9008/jsonrpc/0
[Fastbot][2026-04-09 09:23:17.400] Content-Type: application/json; charset=utf-8
[Fastbot][2026-04-09 09:23:17.400] Content-Length: 72
[Fastbot][2026-04-09 09:23:17.400] 
[Fastbot][2026-04-09 09:23:17.401] {"jsonrpc": "2.0", "id": 1, "method": "click", "params": [418.0, 583.0]}
[Fastbot][2026-04-09 09:23:17.401] --> END POST (72-byte body)
[Fastbot][2026-04-09 09:23:18.046] <-- 200 OK  http://127.0.0.1:9008/jsonrpc/0 (644ms)
[Fastbot][2026-04-09 09:23:18.046] Content-Type: application/json
[Fastbot][2026-04-09 09:23:18.046] Date: Thu, 9 Apr 2026 09:23:18 GMT
[Fastbot][2026-04-09 09:23:18.046] Connection: keep-alive
[Fastbot][2026-04-09 09:23:18.046] Transfer-Encoding: chunked
[Fastbot][2026-04-09 09:23:18.048] 
[Fastbot][2026-04-09 09:23:18.048] {"jsonrpc":"2.0","id":1,"result":true}

[Fastbot][2026-04-09 09:23:18.048] <-- END HTTP (39-byte body)
[Fastbot][2026-04-09 09:23:18.587] [Proxy Server] Forwarding
[Fastbot][2026-04-09 09:23:18.588] --> POST http://127.0.0.1:9008/jsonrpc/0
[Fastbot][2026-04-09 09:23:18.589] Content-Type: application/json; charset=utf-8
[Fastbot][2026-04-09 09:23:18.589] Content-Length: 83
[Fastbot][2026-04-09 09:23:18.590] 
[Fastbot][2026-04-09 09:23:18.590] {"jsonrpc": "2.0", "id": 1, "method": "dumpWindowHierarchy", "params": [false, 50]}
[Fastbot][2026-04-09 09:23:18.590] --> END POST (83-byte body)
[Fastbot][2026-04-09 09:23:19.014] <-- 200 OK  http://127.0.0.1:9008/jsonrpc/0 (423ms)
[Fastbot][2026-04-09 09:23:19.015] Content-Type: application/json
[Fastbot][2026-04-09 09:23:19.015] Date: Thu, 9 Apr 2026 09:23:19 GMT
[Fastbot][2026-04-09 09:23:19.015] Connection: keep-alive
[Fastbot][2026-04-09 09:23:19.015] Transfer-Encoding: chunked
[Fastbot][2026-04-09 09:23:19.017] 
[Fastbot][2026-04-09 09:23:19.017] {"jsonrpc":"2.0","id":1,"result":"<?xml version='1.0' encoding='UTF-8' standalone='yes' ?>\r\n<hierarchy rotation=\"0\">\r\n  <node index=\"0\" text=\"\" resource-id=\"\" class=\"android.widget.FrameLayout\" package=\"com.amaze.filemanager.debug\" content-desc=\"\" checkable=\"false\" checked=\"fals...[truncated]
[Fastbot][2026-04-09 09:23:19.018] <-- END HTTP (83335-byte body)
[Fastbot][2026-04-09 09:23:19.048] [Proxy Server] Detected script method: swipe
[Fastbot][2026-04-09 09:23:19.048] [Proxy Server] Forwarding
[Fastbot][2026-04-09 09:23:19.049] --> POST http://127.0.0.1:9008/jsonrpc/0
[Fastbot][2026-04-09 09:23:19.049] Content-Type: application/json; charset=utf-8
[Fastbot][2026-04-09 09:23:19.049] Content-Length: 83
[Fastbot][2026-04-09 09:23:19.049] 
[Fastbot][2026-04-09 09:23:19.050] {"jsonrpc": "2.0", "id": 1, "method": "swipe", "params": [500, 1850, 500, 250, 55]}
[Fastbot][2026-04-09 09:23:19.050] --> END POST (83-byte body)
[Fastbot][2026-04-09 09:23:21.144] <-- 200 OK  http://127.0.0.1:9008/jsonrpc/0 (2093ms)
[Fastbot][2026-04-09 09:23:21.144] Content-Type: application/json
[Fastbot][2026-04-09 09:23:21.144] Date: Thu, 9 Apr 2026 09:23:21 GMT
[Fastbot][2026-04-09 09:23:21.144] Connection: keep-alive
[Fastbot][2026-04-09 09:23:21.144] Transfer-Encoding: chunked
[Fastbot][2026-04-09 09:23:21.145] 
[Fastbot][2026-04-09 09:23:21.146] {"jsonrpc":"2.0","id":1,"result":true}

[Fastbot][2026-04-09 09:23:21.146] <-- END HTTP (39-byte body)
[Fastbot][2026-04-09 09:23:21.665] [Proxy Server] Forwarding
[Fastbot][2026-04-09 09:23:21.666] --> POST http://127.0.0.1:9008/jsonrpc/0
[Fastbot][2026-04-09 09:23:21.666] Content-Type: application/json; charset=utf-8
[Fastbot][2026-04-09 09:23:21.667] Content-Length: 83
[Fastbot][2026-04-09 09:23:21.668] 
[Fastbot][2026-04-09 09:23:21.669] {"jsonrpc": "2.0", "id": 1, "method": "dumpWindowHierarchy", "params": [false, 50]}
[Fastbot][2026-04-09 09:23:21.671] --> END POST (83-byte body)
[Fastbot][2026-04-09 09:23:21.877] <-- 200 OK  http://127.0.0.1:9008/jsonrpc/0 (205ms)
[Fastbot][2026-04-09 09:23:21.877] Content-Type: application/json
[Fastbot][2026-04-09 09:23:21.877] Date: Thu, 9 Apr 2026 09:23:21 GMT
[Fastbot][2026-04-09 09:23:21.878] Connection: keep-alive
[Fastbot][2026-04-09 09:23:21.878] Transfer-Encoding: chunked
[Fastbot][2026-04-09 09:23:21.880] 
[Fastbot][2026-04-09 09:23:21.881] {"jsonrpc":"2.0","id":1,"result":"<?xml version='1.0' encoding='UTF-8' standalone='yes' ?>\r\n<hierarchy rotation=\"0\">\r\n  <node index=\"0\" text=\"\" resource-id=\"\" class=\"android.widget.FrameLayout\" package=\"com.amaze.filemanager.debug\" content-desc=\"\" checkable=\"false\" checked=\"fals...[truncated]
[Fastbot][2026-04-09 09:23:21.881] <-- END HTTP (84519-byte body)
[Fastbot][2026-04-09 09:23:21.927] [Proxy Server] Detected script method: swipe
[Fastbot][2026-04-09 09:23:21.928] [Proxy Server] Forwarding
[Fastbot][2026-04-09 09:23:21.929] --> POST http://127.0.0.1:9008/jsonrpc/0
[Fastbot][2026-04-09 09:23:21.930] Content-Type: application/json; charset=utf-8
[Fastbot][2026-04-09 09:23:21.931] Content-Length: 83
[Fastbot][2026-04-09 09:23:21.932] 
[Fastbot][2026-04-09 09:23:21.933] {"jsonrpc": "2.0", "id": 1, "method": "swipe", "params": [500, 1850, 500, 250, 55]}
[Fastbot][2026-04-09 09:23:21.934] --> END POST (83-byte body)
[Fastbot][2026-04-09 09:23:24.254] <-- 200 OK  http://127.0.0.1:9008/jsonrpc/0 (2318ms)
[Fastbot][2026-04-09 09:23:24.254] Content-Type: application/json
[Fastbot][2026-04-09 09:23:24.254] Date: Thu, 9 Apr 2026 09:23:24 GMT
[Fastbot][2026-04-09 09:23:24.254] Connection: keep-alive
[Fastbot][2026-04-09 09:23:24.254] Transfer-Encoding: chunked
[Fastbot][2026-04-09 09:23:24.254] 
[Fastbot][2026-04-09 09:23:24.255] {"jsonrpc":"2.0","id":1,"result":true}

[Fastbot][2026-04-09 09:23:24.255] <-- END HTTP (39-byte body)
[Fastbot][2026-04-09 09:23:24.793] [Proxy Server] Forwarding
[Fastbot][2026-04-09 09:23:24.793] --> POST http://127.0.0.1:9008/jsonrpc/0
[Fastbot][2026-04-09 09:23:24.793] Content-Type: application/json; charset=utf-8
[Fastbot][2026-04-09 09:23:24.794] Content-Length: 83
[Fastbot][2026-04-09 09:23:24.794] 
[Fastbot][2026-04-09 09:23:24.794] {"jsonrpc": "2.0", "id": 1, "method": "dumpWindowHierarchy", "params": [false, 50]}
[Fastbot][2026-04-09 09:23:24.794] --> END POST (83-byte body)
[Fastbot][2026-04-09 09:23:24.838] <-- 200 OK  http://127.0.0.1:9008/jsonrpc/0 (43ms)
[Fastbot][2026-04-09 09:23:24.838] Content-Type: application/json
[Fastbot][2026-04-09 09:23:24.838] Date: Thu, 9 Apr 2026 09:23:24 GMT
[Fastbot][2026-04-09 09:23:24.838] Connection: keep-alive
[Fastbot][2026-04-09 09:23:24.838] Transfer-Encoding: chunked
[Fastbot][2026-04-09 09:23:24.841] 
[Fastbot][2026-04-09 09:23:24.841] {"jsonrpc":"2.0","id":1,"result":"<?xml version='1.0' encoding='UTF-8' standalone='yes' ?>\r\n<hierarchy rotation=\"0\">\r\n  <node index=\"0\" text=\"\" resource-id=\"\" class=\"android.widget.FrameLayout\" package=\"com.amaze.filemanager.debug\" content-desc=\"\" checkable=\"false\" checked=\"fals...[truncated]
[Fastbot][2026-04-09 09:23:24.841] <-- END HTTP (84518-byte body)
[Fastbot][2026-04-09 09:23:24.886] [Proxy Server] Detected script method: swipe
[Fastbot][2026-04-09 09:23:24.886] [Proxy Server] Forwarding
[Fastbot][2026-04-09 09:23:24.887] --> POST http://127.0.0.1:9008/jsonrpc/0
[Fastbot][2026-04-09 09:23:24.887] Content-Type: application/json; charset=utf-8
[Fastbot][2026-04-09 09:23:24.887] Content-Length: 83
[Fastbot][2026-04-09 09:23:24.887] 
[Fastbot][2026-04-09 09:23:24.888] {"jsonrpc": "2.0", "id": 1, "method": "swipe", "params": [500, 1850, 500, 250, 55]}
[Fastbot][2026-04-09 09:23:24.888] --> END POST (83-byte body)
[Fastbot][2026-04-09 09:23:27.261] <-- 200 OK  http://127.0.0.1:9008/jsonrpc/0 (2372ms)
[Fastbot][2026-04-09 09:23:27.261] Content-Type: application/json
[Fastbot][2026-04-09 09:23:27.261] Date: Thu, 9 Apr 2026 09:23:27 GMT
[Fastbot][2026-04-09 09:23:27.262] Connection: keep-alive
[Fastbot][2026-04-09 09:23:27.262] Transfer-Encoding: chunked
[Fastbot][2026-04-09 09:23:27.262] 
[Fastbot][2026-04-09 09:23:27.262] {"jsonrpc":"2.0","id":1,"result":true}

[Fastbot][2026-04-09 09:23:27.262] <-- END HTTP (39-byte body)
[Fastbot][2026-04-09 09:23:27.813] [Proxy Server] Forwarding
[Fastbot][2026-04-09 09:23:27.813] --> POST http://127.0.0.1:9008/jsonrpc/0
[Fastbot][2026-04-09 09:23:27.813] Content-Type: application/json; charset=utf-8
[Fastbot][2026-04-09 09:23:27.814] Content-Length: 83
[Fastbot][2026-04-09 09:23:27.814] 
[Fastbot][2026-04-09 09:23:27.814] {"jsonrpc": "2.0", "id": 1, "method": "dumpWindowHierarchy", "params": [false, 50]}
[Fastbot][2026-04-09 09:23:27.814] --> END POST (83-byte body)
[Fastbot][2026-04-09 09:23:27.867] <-- 200 OK  http://127.0.0.1:9008/jsonrpc/0 (52ms)
[Fastbot][2026-04-09 09:23:27.867] Content-Type: application/json
[Fastbot][2026-04-09 09:23:27.867] Date: Thu, 9 Apr 2026 09:23:27 GMT
[Fastbot][2026-04-09 09:23:27.867] Connection: keep-alive
[Fastbot][2026-04-09 09:23:27.867] Transfer-Encoding: chunked
[Fastbot][2026-04-09 09:23:27.871] 
[Fastbot][2026-04-09 09:23:27.871] {"jsonrpc":"2.0","id":1,"result":"<?xml version='1.0' encoding='UTF-8' standalone='yes' ?>\r\n<hierarchy rotation=\"0\">\r\n  <node index=\"0\" text=\"\" resource-id=\"\" class=\"android.widget.FrameLayout\" package=\"com.amaze.filemanager.debug\" content-desc=\"\" checkable=\"false\" checked=\"fals...[truncated]
[Fastbot][2026-04-09 09:23:27.871] <-- END HTTP (84518-byte body)
[Fastbot][2026-04-09 09:23:27.921] [Proxy Server] Detected script method: swipe
[Fastbot][2026-04-09 09:23:27.922] [Proxy Server] Forwarding
[Fastbot][2026-04-09 09:23:27.923] --> POST http://127.0.0.1:9008/jsonrpc/0
[Fastbot][2026-04-09 09:23:27.923] Content-Type: application/json; charset=utf-8
[Fastbot][2026-04-09 09:23:27.924] Content-Length: 83
[Fastbot][2026-04-09 09:23:27.924] 
[Fastbot][2026-04-09 09:23:27.924] {"jsonrpc": "2.0", "id": 1, "method": "swipe", "params": [500, 1850, 500, 250, 55]}
[Fastbot][2026-04-09 09:23:27.924] --> END POST (83-byte body)
[Fastbot][2026-04-09 09:23:30.195] <-- 200 OK  http://127.0.0.1:9008/jsonrpc/0 (2269ms)
[Fastbot][2026-04-09 09:23:30.195] Content-Type: application/json
[Fastbot][2026-04-09 09:23:30.195] Date: Thu, 9 Apr 2026 09:23:30 GMT
[Fastbot][2026-04-09 09:23:30.195] Connection: keep-alive
[Fastbot][2026-04-09 09:23:30.195] Transfer-Encoding: chunked
[Fastbot][2026-04-09 09:23:30.195] 
[Fastbot][2026-04-09 09:23:30.195] {"jsonrpc":"2.0","id":1,"result":true}

[Fastbot][2026-04-09 09:23:30.195] <-- END HTTP (39-byte body)
[Fastbot][2026-04-09 09:23:30.748] [Proxy Server] Forwarding
[Fastbot][2026-04-09 09:23:30.749] --> POST http://127.0.0.1:9008/jsonrpc/0
[Fastbot][2026-04-09 09:23:30.749] Content-Type: application/json; charset=utf-8
[Fastbot][2026-04-09 09:23:30.749] Content-Length: 83
[Fastbot][2026-04-09 09:23:30.749] 
[Fastbot][2026-04-09 09:23:30.749] {"jsonrpc": "2.0", "id": 1, "method": "dumpWindowHierarchy", "params": [false, 50]}
[Fastbot][2026-04-09 09:23:30.750] --> END POST (83-byte body)
[Fastbot][2026-04-09 09:23:30.917] <-- 200 OK  http://127.0.0.1:9008/jsonrpc/0 (166ms)
[Fastbot][2026-04-09 09:23:30.917] Content-Type: application/json
[Fastbot][2026-04-09 09:23:30.918] Date: Thu, 9 Apr 2026 09:23:30 GMT
[Fastbot][2026-04-09 09:23:30.918] Connection: keep-alive
[Fastbot][2026-04-09 09:23:30.918] Transfer-Encoding: chunked
[Fastbot][2026-04-09 09:23:30.921] 
[Fastbot][2026-04-09 09:23:30.922] {"jsonrpc":"2.0","id":1,"result":"<?xml version='1.0' encoding='UTF-8' standalone='yes' ?>\r\n<hierarchy rotation=\"0\">\r\n  <node index=\"0\" text=\"\" resource-id=\"\" class=\"android.widget.FrameLayout\" package=\"com.amaze.filemanager.debug\" content-desc=\"\" checkable=\"false\" checked=\"fals...[truncated]
[Fastbot][2026-04-09 09:23:30.923] <-- END HTTP (84518-byte body)
[Fastbot][2026-04-09 09:23:30.969] [Proxy Server] Detected script method: pressKey
[Fastbot][2026-04-09 09:23:30.969] [Proxy Server] Forwarding
[Fastbot][2026-04-09 09:23:30.969] --> POST http://127.0.0.1:9008/jsonrpc/0
[Fastbot][2026-04-09 09:23:30.969] Content-Type: application/json; charset=utf-8
[Fastbot][2026-04-09 09:23:30.970] Content-Length: 69
[Fastbot][2026-04-09 09:23:30.970] 
[Fastbot][2026-04-09 09:23:30.970] {"jsonrpc": "2.0", "id": 1, "method": "pressKey", "params": ["back"]}
[Fastbot][2026-04-09 09:23:30.970] --> END POST (69-byte body)
[Fastbot][2026-04-09 09:23:31.149] <-- 200 OK  http://127.0.0.1:9008/jsonrpc/0 (178ms)
[Fastbot][2026-04-09 09:23:31.150] Content-Type: application/json
[Fastbot][2026-04-09 09:23:31.150] Date: Thu, 9 Apr 2026 09:23:31 GMT
[Fastbot][2026-04-09 09:23:31.150] Connection: keep-alive
[Fastbot][2026-04-09 09:23:31.150] Transfer-Encoding: chunked
[Fastbot][2026-04-09 09:23:31.151] 
[Fastbot][2026-04-09 09:23:31.151] {"jsonrpc":"2.0","id":1,"result":true}

[Fastbot][2026-04-09 09:23:31.151] <-- END HTTP (39-byte body)
[Fastbot][2026-04-09 09:23:32.385] --> POST http://127.0.0.1:9008/jsonrpc/0
[Fastbot][2026-04-09 09:23:32.385] Content-Type: application/json; charset=utf-8
[Fastbot][2026-04-09 09:23:32.385] Content-Length: 75
[Fastbot][2026-04-09 09:23:32.386] 
[Fastbot][2026-04-09 09:23:32.386] {"id":1,"jsonrpc":"2.0","method":"dumpWindowHierarchy","params":[false,50]}
[Fastbot][2026-04-09 09:23:32.386] --> END POST (75-byte body)
[Fastbot][2026-04-09 09:23:32.434] <-- 200 OK  http://127.0.0.1:9008/jsonrpc/0 (47ms)
[Fastbot][2026-04-09 09:23:32.435] Content-Type: application/json
[Fastbot][2026-04-09 09:23:32.435] Date: Thu, 9 Apr 2026 09:23:32 GMT
[Fastbot][2026-04-09 09:23:32.435] Connection: keep-alive
[Fastbot][2026-04-09 09:23:32.435] Transfer-Encoding: chunked
[Fastbot][2026-04-09 09:23:32.438] 
[Fastbot][2026-04-09 09:23:32.438] {"jsonrpc":"2.0","id":1,"result":"<?xml version='1.0' encoding='UTF-8' standalone='yes' ?>\r\n<hierarchy rotation=\"0\">\r\n  <node index=\"0\" text=\"\" resource-id=\"\" class=\"android.widget.FrameLayout\" package=\"com.amaze.filemanager.debug\" content-desc=\"\" checkable=\"false\" checked=\"fals...[truncated]
[Fastbot][2026-04-09 09:23:32.439] <-- END HTTP (81777-byte body)
[Fastbot][2026-04-09 09:23:32.493] [ProxyServer] stepsCount: 24
[Fastbot][2026-04-09 09:23:32.493] [ProxyServer] receive request: stepMonkey
[Fastbot][2026-04-09 09:23:32.493] [MonkeySourceApeU2] stepsCount: 24
[Fastbot][2026-04-09 09:23:32.494] [MonkeySourceApeU2] Latest event is MonkeyEvent. Use the cached hierarchy.
[Fastbot][2026-04-09 09:23:32.495] [MonkeySourceApeU2] Successfully Got hierarchy
[Fastbot][2026-04-09 09:23:32.499] // Event id: 314
[Fastbot][2026-04-09 09:23:32.499] topActivity Name: ComponentInfo{com.amaze.filemanager.debug/com.amaze.filemanager.ui.activities.MainActivity}
[Fastbot][2026-04-09 09:23:32.499] // Dumped stringOfGuiTree
[Fastbot][2026-04-09 09:23:32.499] topActivityName: com.amaze.filemanager.ui.activities.MainActivity
[Fastbot][2026-04-09 09:23:32.503] action type: CLICK
[Fastbot][2026-04-09 09:23:32.503] rpc cost time: 4
[Fastbot][2026-04-09 09:23:32.513]   mshowrequested=false mshowexplicitlyrequested=false mshowforced=false minputshown=false
[Fastbot][2026-04-09 09:23:32.513] mInputShown not found, getInputMethodWindowVisibleHeight is used.
java.lang.NullPointerException: Attempt to read from field 'com.android.server.wm.DisplayFrames com.android.server.wm.DisplayContent.mDisplayFrames' on a null object reference
[Fastbot][2026-04-09 09:23:32.513] :Sending rotation degree=0, persist=false
	at android.os.Parcel.createException(Parcel.java:2077)
	at android.os.Parcel.readException(Parcel.java:2039)
	at android.os.Parcel.readException(Parcel.java:1987)
	at com.android.internal.view.IInputMethodManager$Stub$Proxy.getInputMethodWindowVisibleHeight(IInputMethodManager.java:809)
	at android.view.inputmethod.InputMethodManager.getInputMethodWindowVisibleHeight(InputMethodManager.java:2844)
	at com.android.commands.monkey.framework.AndroidDevice.isVirtualKeyboardOpened(AndroidDevice.java:217)
	at com.android.commands.monkey.source.MonkeySourceApeU2.doInput(MonkeySourceApeU2.java:1018)
	at com.android.commands.monkey.source.MonkeySourceApeU2.generateEventsForActionInternal(MonkeySourceApeU2.java:945)
	at com.android.commands.monkey.source.MonkeySourceApeU2.generateEventsForAction(MonkeySourceApeU2.java:907)
	at com.android.commands.monkey.source.MonkeySourceApeU2.generateEvents(MonkeySourceApeU2.java:827)
	at com.android.commands.monkey.source.MonkeySourceApeU2.getNextEvent(MonkeySourceApeU2.java:422)
	at com.android.commands.monkey.Monkey.runMonkeyCycles(Monkey.java:1576)
	at com.android.commands.monkey.Monkey.run(Monkey.java:874)
	at com.android.commands.monkey.Monkey.main(Monkey.java:473)
	at com.android.internal.os.RuntimeInit.nativeFinishInit(Native Method)
	at com.android.internal.os.RuntimeInit.main(RuntimeInit.java:338)
Caused by: android.os.RemoteException: Remote stack trace:
	at com.android.server.wm.WindowManagerService$LocalService.getInputMethodWindowVisibleHeight(WindowManagerService.java:7310)
	at com.android.server.inputmethod.InputMethodManagerService.getInputMethodWindowVisibleHeight(InputMethodManagerService.java:3467)
	at com.android.internal.view.IInputMethodManager$Stub.onTransact(IInputMethodManager.java:413)
	at com.android.server.inputmethod.InputMethodManagerService.onTransact(InputMethodManagerService.java:1592)
	at android.os.Binder.execTransactInternal(Binder.java:1021)

[Fastbot][2026-04-09 09:23:32.520] :Sending Touch (ACTION_DOWN): 0:(929.0,151.0)
[Fastbot][2026-04-09 09:23:32.523] :Sending Touch (ACTION_UP): 0:(929.0,151.0)
[Fastbot][2026-04-09 09:23:32.527] Sleeping for 200 milliseconds
[Fastbot][2026-04-09 09:23:32.728] [ProxyServer] Finish monkey step. Dumping hierarchy
[Fastbot][2026-04-09 09:23:32.729] --> POST http://127.0.0.1:9008/jsonrpc/0
[Fastbot][2026-04-09 09:23:32.729] Content-Type: application/json; charset=utf-8
[Fastbot][2026-04-09 09:23:32.729] Content-Length: 75
[Fastbot][2026-04-09 09:23:32.729] 
[Fastbot][2026-04-09 09:23:32.729] {"id":1,"jsonrpc":"2.0","method":"dumpWindowHierarchy","params":[false,50]}
[Fastbot][2026-04-09 09:23:32.729] --> END POST (75-byte body)
[Fastbot][2026-04-09 09:23:33.277] <-- 200 OK  http://127.0.0.1:9008/jsonrpc/0 (547ms)
[Fastbot][2026-04-09 09:23:33.278] Content-Type: application/json
[Fastbot][2026-04-09 09:23:33.278] Date: Thu, 9 Apr 2026 09:23:33 GMT
[Fastbot][2026-04-09 09:23:33.278] Connection: keep-alive
[Fastbot][2026-04-09 09:23:33.278] Transfer-Encoding: chunked
[Fastbot][2026-04-09 09:23:33.280] 
[Fastbot][2026-04-09 09:23:33.281] {"jsonrpc":"2.0","id":1,"result":"<?xml version='1.0' encoding='UTF-8' standalone='yes' ?>\r\n<hierarchy rotation=\"0\">\r\n  <node index=\"0\" text=\"\" resource-id=\"\" class=\"android.widget.FrameLayout\" package=\"com.amaze.filemanager.debug\" content-desc=\"\" checkable=\"false\" checked=\"fals...[truncated]
[Fastbot][2026-04-09 09:23:33.281] <-- END HTTP (81777-byte body)
[Fastbot][2026-04-09 09:23:33.378] [Proxy Server] Forwarding
[Fastbot][2026-04-09 09:23:33.378] --> POST http://127.0.0.1:9008/jsonrpc/0
[Fastbot][2026-04-09 09:23:33.379] Content-Type: application/json; charset=utf-8
[Fastbot][2026-04-09 09:23:33.379] Content-Length: 217
[Fastbot][2026-04-09 09:23:33.379] 
[Fastbot][2026-04-09 09:23:33.379] {"jsonrpc": "2.0", "id": 1, "method": "waitForExists", "params": [{"mask": 10485760, "childOrSibling": [], "childOrSiblingSelector": [], "resourceId": "com.amaze.filemanager.debug:id/sd_main_fab", "index": 0}, 20000]}
[Fastbot][2026-04-09 09:23:33.379] --> END POST (217-byte body)
[Fastbot][2026-04-09 09:23:33.391] <-- 200 OK  http://127.0.0.1:9008/jsonrpc/0 (12ms)
[Fastbot][2026-04-09 09:23:33.392] Content-Type: application/json
[Fastbot][2026-04-09 09:23:33.392] Date: Thu, 9 Apr 2026 09:23:33 GMT
[Fastbot][2026-04-09 09:23:33.392] Connection: keep-alive
[Fastbot][2026-04-09 09:23:33.392] Transfer-Encoding: chunked
[Fastbot][2026-04-09 09:23:33.393] 
[Fastbot][2026-04-09 09:23:33.393] {"jsonrpc":"2.0","id":1,"result":true}

[Fastbot][2026-04-09 09:23:33.394] <-- END HTTP (39-byte body)
[Fastbot][2026-04-09 09:23:33.440] [Proxy Server] Forwarding
[Fastbot][2026-04-09 09:23:33.441] --> POST http://127.0.0.1:9008/jsonrpc/0
[Fastbot][2026-04-09 09:23:33.441] Content-Type: application/json; charset=utf-8
[Fastbot][2026-04-09 09:23:33.441] Content-Length: 204
[Fastbot][2026-04-09 09:23:33.441] 
[Fastbot][2026-04-09 09:23:33.441] {"jsonrpc": "2.0", "id": 1, "method": "objInfo", "params": [{"mask": 10485760, "childOrSibling": [], "childOrSiblingSelector": [], "resourceId": "com.amaze.filemanager.debug:id/sd_main_fab", "index": 0}]}
[Fastbot][2026-04-09 09:23:33.441] --> END POST (204-byte body)
[Fastbot][2026-04-09 09:23:33.514] <-- 200 OK  http://127.0.0.1:9008/jsonrpc/0 (72ms)
[Fastbot][2026-04-09 09:23:33.514] Content-Type: application/json
[Fastbot][2026-04-09 09:23:33.514] Date: Thu, 9 Apr 2026 09:23:33 GMT
[Fastbot][2026-04-09 09:23:33.514] Connection: keep-alive
[Fastbot][2026-04-09 09:23:33.514] Transfer-Encoding: chunked
[Fastbot][2026-04-09 09:23:33.514] 
[Fastbot][2026-04-09 09:23:33.515] {"jsonrpc":"2.0","id":1,"result":{"bounds":{"bottom":2142,"left":843,"right":1063,"top":1898},"childCount":0,"className":"android.widget.ImageButton","contentDescription":"","packageName":"com.amaze.filemanager.debug","resourceName":null,"text":"","visibleBounds":{"bottom":2142,"left":843,"right":10...[truncated]
[Fastbot][2026-04-09 09:23:33.515] <-- END HTTP (474-byte body)
[Fastbot][2026-04-09 09:23:33.550] [Proxy Server] Detected script method: click
[Fastbot][2026-04-09 09:23:33.551] [Proxy Server] Forwarding
[Fastbot][2026-04-09 09:23:33.551] --> POST http://127.0.0.1:9008/jsonrpc/0
[Fastbot][2026-04-09 09:23:33.551] Content-Type: application/json; charset=utf-8
[Fastbot][2026-04-09 09:23:33.551] Content-Length: 73
[Fastbot][2026-04-09 09:23:33.551] 
[Fastbot][2026-04-09 09:23:33.551] {"jsonrpc": "2.0", "id": 1, "method": "click", "params": [953.0, 2020.0]}
[Fastbot][2026-04-09 09:23:33.551] --> END POST (73-byte body)
[Fastbot][2026-04-09 09:23:33.681] <-- 200 OK  http://127.0.0.1:9008/jsonrpc/0 (129ms)
[Fastbot][2026-04-09 09:23:33.682] Content-Type: application/json
[Fastbot][2026-04-09 09:23:33.682] Date: Thu, 9 Apr 2026 09:23:33 GMT
[Fastbot][2026-04-09 09:23:33.682] Connection: keep-alive
[Fastbot][2026-04-09 09:23:33.682] Transfer-Encoding: chunked
[Fastbot][2026-04-09 09:23:33.682] 
[Fastbot][2026-04-09 09:23:33.682] {"jsonrpc":"2.0","id":1,"result":true}

[Fastbot][2026-04-09 09:23:33.682] <-- END HTTP (39-byte body)
[Fastbot][2026-04-09 09:23:34.240] [Proxy Server] Forwarding
[Fastbot][2026-04-09 09:23:34.241] --> POST http://127.0.0.1:9008/jsonrpc/0
[Fastbot][2026-04-09 09:23:34.241] Content-Type: application/json; charset=utf-8
[Fastbot][2026-04-09 09:23:34.241] Content-Length: 217
[Fastbot][2026-04-09 09:23:34.241] 
[Fastbot][2026-04-09 09:23:34.241] {"jsonrpc": "2.0", "id": 1, "method": "waitForExists", "params": [{"mask": 2097153, "childOrSibling": [], "childOrSiblingSelector": [], "resourceId": "com.amaze.filemanager.debug:id/sd_label", "text": "File"}, 20000]}
[Fastbot][2026-04-09 09:23:34.241] --> END POST (217-byte body)
[Fastbot][2026-04-09 09:23:34.279] <-- 200 OK  http://127.0.0.1:9008/jsonrpc/0 (37ms)
[Fastbot][2026-04-09 09:23:34.280] Content-Type: application/json
[Fastbot][2026-04-09 09:23:34.280] Date: Thu, 9 Apr 2026 09:23:34 GMT
[Fastbot][2026-04-09 09:23:34.280] Connection: keep-alive
[Fastbot][2026-04-09 09:23:34.280] Transfer-Encoding: chunked
[Fastbot][2026-04-09 09:23:34.281] 
[Fastbot][2026-04-09 09:23:34.282] {"jsonrpc":"2.0","id":1,"result":true}

[Fastbot][2026-04-09 09:23:34.282] <-- END HTTP (39-byte body)
[Fastbot][2026-04-09 09:23:34.318] [Proxy Server] Forwarding
[Fastbot][2026-04-09 09:23:34.318] --> POST http://127.0.0.1:9008/jsonrpc/0
[Fastbot][2026-04-09 09:23:34.318] Content-Type: application/json; charset=utf-8
[Fastbot][2026-04-09 09:23:34.319] Content-Length: 204
[Fastbot][2026-04-09 09:23:34.319] 
[Fastbot][2026-04-09 09:23:34.319] {"jsonrpc": "2.0", "id": 1, "method": "objInfo", "params": [{"mask": 2097153, "childOrSibling": [], "childOrSiblingSelector": [], "resourceId": "com.amaze.filemanager.debug:id/sd_label", "text": "File"}]}
[Fastbot][2026-04-09 09:23:34.319] --> END POST (204-byte body)
[Fastbot][2026-04-09 09:23:34.347] <-- 200 OK  http://127.0.0.1:9008/jsonrpc/0 (27ms)
[Fastbot][2026-04-09 09:23:34.347] Content-Type: application/json
[Fastbot][2026-04-09 09:23:34.347] Date: Thu, 9 Apr 2026 09:23:34 GMT
[Fastbot][2026-04-09 09:23:34.347] Connection: keep-alive
[Fastbot][2026-04-09 09:23:34.348] Transfer-Encoding: chunked
[Fastbot][2026-04-09 09:23:34.348] 
[Fastbot][2026-04-09 09:23:34.349] {"jsonrpc":"2.0","id":1,"result":{"bounds":{"bottom":1701,"left":728,"right":812,"top":1648},"childCount":0,"className":"android.widget.TextView","contentDescription":null,"packageName":"com.amaze.filemanager.debug","resourceName":"com.amaze.filemanager.debug:id/sd_label","text":"File","visibleBound...[truncated]
[Fastbot][2026-04-09 09:23:34.349] <-- END HTTP (514-byte body)
[Fastbot][2026-04-09 09:23:34.380] [Proxy Server] Detected script method: click
[Fastbot][2026-04-09 09:23:34.381] [Proxy Server] Forwarding
[Fastbot][2026-04-09 09:23:34.381] --> POST http://127.0.0.1:9008/jsonrpc/0
[Fastbot][2026-04-09 09:23:34.381] Content-Type: application/json; charset=utf-8
[Fastbot][2026-04-09 09:23:34.381] Content-Length: 73
[Fastbot][2026-04-09 09:23:34.381] 
[Fastbot][2026-04-09 09:23:34.381] {"jsonrpc": "2.0", "id": 1, "method": "click", "params": [770.0, 1674.5]}
[Fastbot][2026-04-09 09:23:34.382] --> END POST (73-byte body)
[Fastbot][2026-04-09 09:23:34.521] <-- 200 OK  http://127.0.0.1:9008/jsonrpc/0 (139ms)
[Fastbot][2026-04-09 09:23:34.522] Content-Type: application/json
[Fastbot][2026-04-09 09:23:34.522] Date: Thu, 9 Apr 2026 09:23:34 GMT
[Fastbot][2026-04-09 09:23:34.522] Connection: keep-alive
[Fastbot][2026-04-09 09:23:34.522] Transfer-Encoding: chunked
[Fastbot][2026-04-09 09:23:34.522] 
[Fastbot][2026-04-09 09:23:34.522] {"jsonrpc":"2.0","id":1,"result":true}

[Fastbot][2026-04-09 09:23:34.522] <-- END HTTP (39-byte body)
[Fastbot][2026-04-09 09:23:35.060] [Proxy Server] Forwarding
[Fastbot][2026-04-09 09:23:35.060] --> POST http://127.0.0.1:9008/jsonrpc/0
[Fastbot][2026-04-09 09:23:35.083] Content-Type: application/json; charset=utf-8
[Fastbot][2026-04-09 09:23:35.083] Content-Length: 229
[Fastbot][2026-04-09 09:23:35.083] 
[Fastbot][2026-04-09 09:23:35.084] {"jsonrpc": "2.0", "id": 1, "method": "waitForExists", "params": [{"mask": 2097153, "childOrSibling": [], "childOrSiblingSelector": [], "resourceId": "com.amaze.filemanager.debug:id/singleedittext_input", "text": ".txt"}, 20000]}
[Fastbot][2026-04-09 09:23:35.084] --> END POST (229-byte body)
[Fastbot][2026-04-09 09:23:35.103] <-- 200 OK  http://127.0.0.1:9008/jsonrpc/0 (18ms)
[Fastbot][2026-04-09 09:23:35.103] Content-Type: application/json
[Fastbot][2026-04-09 09:23:35.103] Date: Thu, 9 Apr 2026 09:23:35 GMT
[Fastbot][2026-04-09 09:23:35.103] Connection: keep-alive
[Fastbot][2026-04-09 09:23:35.103] Transfer-Encoding: chunked
[Fastbot][2026-04-09 09:23:35.103] 
[Fastbot][2026-04-09 09:23:35.104] {"jsonrpc":"2.0","id":1,"result":true}

[Fastbot][2026-04-09 09:23:35.104] <-- END HTTP (39-byte body)
[Fastbot][2026-04-09 09:23:35.143] [Proxy Server] Detected script method: setText
[Fastbot][2026-04-09 09:23:35.144] [Proxy Server] Forwarding
[Fastbot][2026-04-09 09:23:35.144] --> POST http://127.0.0.1:9008/jsonrpc/0
[Fastbot][2026-04-09 09:23:35.144] Content-Type: application/json; charset=utf-8
[Fastbot][2026-04-09 09:23:35.144] Content-Length: 229
[Fastbot][2026-04-09 09:23:35.145] 
[Fastbot][2026-04-09 09:23:35.145] {"jsonrpc": "2.0", "id": 1, "method": "setText", "params": [{"mask": 2097153, "childOrSibling": [], "childOrSiblingSelector": [], "resourceId": "com.amaze.filemanager.debug:id/singleedittext_input", "text": ".txt"}, "ijk9e.txt"]}
[Fastbot][2026-04-09 09:23:35.145] --> END POST (229-byte body)
[Fastbot][2026-04-09 09:23:35.465] <-- 200 OK  http://127.0.0.1:9008/jsonrpc/0 (319ms)
[Fastbot][2026-04-09 09:23:35.466] Content-Type: application/json
[Fastbot][2026-04-09 09:23:35.466] Date: Thu, 9 Apr 2026 09:23:35 GMT
[Fastbot][2026-04-09 09:23:35.466] Connection: keep-alive
[Fastbot][2026-04-09 09:23:35.466] Transfer-Encoding: chunked
[Fastbot][2026-04-09 09:23:35.466] 
[Fastbot][2026-04-09 09:23:35.467] {"jsonrpc":"2.0","id":1,"result":true}

[Fastbot][2026-04-09 09:23:35.468] <-- END HTTP (39-byte body)
[Fastbot][2026-04-09 09:23:35.992] [Proxy Server] Forwarding
[Fastbot][2026-04-09 09:23:35.992] --> POST http://127.0.0.1:9008/jsonrpc/0
[Fastbot][2026-04-09 09:23:35.993] Content-Type: application/json; charset=utf-8
[Fastbot][2026-04-09 09:23:35.993] Content-Length: 235
[Fastbot][2026-04-09 09:23:35.993] 
[Fastbot][2026-04-09 09:23:35.993] {"jsonrpc": "2.0", "id": 1, "method": "waitForExists", "params": [{"mask": 2097153, "childOrSibling": [], "childOrSiblingSelector": [], "resourceId": "com.amaze.filemanager.debug:id/md_buttonDefaultPositive", "text": "CREATE"}, 20000]}
[Fastbot][2026-04-09 09:23:35.993] --> END POST (235-byte body)
[Fastbot][2026-04-09 09:23:36.019] <-- 200 OK  http://127.0.0.1:9008/jsonrpc/0 (25ms)
[Fastbot][2026-04-09 09:23:36.019] Content-Type: application/json
[Fastbot][2026-04-09 09:23:36.019] Date: Thu, 9 Apr 2026 09:23:36 GMT
[Fastbot][2026-04-09 09:23:36.019] Connection: keep-alive
[Fastbot][2026-04-09 09:23:36.020] Transfer-Encoding: chunked
[Fastbot][2026-04-09 09:23:36.020] 
[Fastbot][2026-04-09 09:23:36.020] {"jsonrpc":"2.0","id":1,"result":true}

[Fastbot][2026-04-09 09:23:36.020] <-- END HTTP (39-byte body)
[Fastbot][2026-04-09 09:23:36.062] [Proxy Server] Forwarding
[Fastbot][2026-04-09 09:23:36.062] --> POST http://127.0.0.1:9008/jsonrpc/0
[Fastbot][2026-04-09 09:23:36.062] Content-Type: application/json; charset=utf-8
[Fastbot][2026-04-09 09:23:36.062] Content-Length: 222
[Fastbot][2026-04-09 09:23:36.063] 
[Fastbot][2026-04-09 09:23:36.063] {"jsonrpc": "2.0", "id": 1, "method": "objInfo", "params": [{"mask": 2097153, "childOrSibling": [], "childOrSiblingSelector": [], "resourceId": "com.amaze.filemanager.debug:id/md_buttonDefaultPositive", "text": "CREATE"}]}
[Fastbot][2026-04-09 09:23:36.063] --> END POST (222-byte body)
[Fastbot][2026-04-09 09:23:36.098] <-- 200 OK  http://127.0.0.1:9008/jsonrpc/0 (34ms)
[Fastbot][2026-04-09 09:23:36.098] Content-Type: application/json
[Fastbot][2026-04-09 09:23:36.098] Date: Thu, 9 Apr 2026 09:23:36 GMT
[Fastbot][2026-04-09 09:23:36.098] Connection: keep-alive
[Fastbot][2026-04-09 09:23:36.098] Transfer-Encoding: chunked
[Fastbot][2026-04-09 09:23:36.099] 
[Fastbot][2026-04-09 09:23:36.100] {"jsonrpc":"2.0","id":1,"result":{"bounds":{"bottom":1279,"left":763,"right":915,"top":1213},"childCount":0,"className":"android.widget.TextView","contentDescription":null,"packageName":"com.amaze.filemanager.debug","resourceName":"com.amaze.filemanager.debug:id/md_buttonDefaultPositive","text":"CRE...[truncated]
[Fastbot][2026-04-09 09:23:36.100] <-- END HTTP (530-byte body)
[Fastbot][2026-04-09 09:23:36.137] [Proxy Server] Detected script method: click
[Fastbot][2026-04-09 09:23:36.137] [Proxy Server] Forwarding
[Fastbot][2026-04-09 09:23:36.138] --> POST http://127.0.0.1:9008/jsonrpc/0
[Fastbot][2026-04-09 09:23:36.138] Content-Type: application/json; charset=utf-8
[Fastbot][2026-04-09 09:23:36.138] Content-Length: 73
[Fastbot][2026-04-09 09:23:36.139] 
[Fastbot][2026-04-09 09:23:36.139] {"jsonrpc": "2.0", "id": 1, "method": "click", "params": [839.0, 1246.0]}
[Fastbot][2026-04-09 09:23:36.139] --> END POST (73-byte body)
[Fastbot][2026-04-09 09:23:36.295] <-- 200 OK  http://127.0.0.1:9008/jsonrpc/0 (155ms)
[Fastbot][2026-04-09 09:23:36.296] Content-Type: application/json
[Fastbot][2026-04-09 09:23:36.296] Date: Thu, 9 Apr 2026 09:23:36 GMT
[Fastbot][2026-04-09 09:23:36.297] Connection: keep-alive
[Fastbot][2026-04-09 09:23:36.297] Transfer-Encoding: chunked
[Fastbot][2026-04-09 09:23:36.298] 
[Fastbot][2026-04-09 09:23:36.298] {"jsonrpc":"2.0","id":1,"result":true}

[Fastbot][2026-04-09 09:23:36.298] <-- END HTTP (39-byte body)
[Fastbot][2026-04-09 09:23:37.101] --> POST http://127.0.0.1:9008/jsonrpc/0
[Fastbot][2026-04-09 09:23:37.101] Content-Type: application/json; charset=utf-8
[Fastbot][2026-04-09 09:23:37.102] Content-Length: 75
[Fastbot][2026-04-09 09:23:37.102] 
[Fastbot][2026-04-09 09:23:37.102] {"id":1,"jsonrpc":"2.0","method":"dumpWindowHierarchy","params":[false,50]}
[Fastbot][2026-04-09 09:23:37.103] --> END POST (75-byte body)
[Fastbot][2026-04-09 09:23:37.293] <-- 200 OK  http://127.0.0.1:9008/jsonrpc/0 (189ms)
[Fastbot][2026-04-09 09:23:37.293] Content-Type: application/json
[Fastbot][2026-04-09 09:23:37.294] Date: Thu, 9 Apr 2026 09:23:37 GMT
[Fastbot][2026-04-09 09:23:37.294] Connection: keep-alive
[Fastbot][2026-04-09 09:23:37.295] Transfer-Encoding: chunked
[Fastbot][2026-04-09 09:23:37.298] 
[Fastbot][2026-04-09 09:23:37.299] {"jsonrpc":"2.0","id":1,"result":"<?xml version='1.0' encoding='UTF-8' standalone='yes' ?>\r\n<hierarchy rotation=\"0\">\r\n  <node index=\"0\" text=\"\" resource-id=\"\" class=\"android.widget.FrameLayout\" package=\"com.amaze.filemanager.debug\" content-desc=\"\" checkable=\"false\" checked=\"fals...[truncated]
[Fastbot][2026-04-09 09:23:37.299] <-- END HTTP (81777-byte body)
[Fastbot][2026-04-09 09:23:37.380] [Proxy Server] Detected script method: click
[Fastbot][2026-04-09 09:23:37.381] [Proxy Server] Forwarding
[Fastbot][2026-04-09 09:23:37.381] --> POST http://127.0.0.1:9008/jsonrpc/0
[Fastbot][2026-04-09 09:23:37.381] Content-Type: application/json; charset=utf-8
[Fastbot][2026-04-09 09:23:37.381] Content-Length: 67
[Fastbot][2026-04-09 09:23:37.382] 
[Fastbot][2026-04-09 09:23:37.382] {"jsonrpc": "2.0", "id": 1, "method": "click", "params": [79, 154]}
[Fastbot][2026-04-09 09:23:37.382] --> END POST (67-byte body)
[Fastbot][2026-04-09 09:23:37.511] <-- 200 OK  http://127.0.0.1:9008/jsonrpc/0 (128ms)
[Fastbot][2026-04-09 09:23:37.512] Content-Type: application/json
[Fastbot][2026-04-09 09:23:37.512] Date: Thu, 9 Apr 2026 09:23:37 GMT
[Fastbot][2026-04-09 09:23:37.512] Connection: keep-alive
[Fastbot][2026-04-09 09:23:37.512] Transfer-Encoding: chunked
[Fastbot][2026-04-09 09:23:37.512] 
[Fastbot][2026-04-09 09:23:37.513] {"jsonrpc":"2.0","id":1,"result":true}

[Fastbot][2026-04-09 09:23:37.513] <-- END HTTP (39-byte body)
[Fastbot][2026-04-09 09:23:38.049] [Proxy Server] Forwarding
[Fastbot][2026-04-09 09:23:38.049] --> POST http://127.0.0.1:9008/jsonrpc/0
[Fastbot][2026-04-09 09:23:38.050] Content-Type: application/json; charset=utf-8
[Fastbot][2026-04-09 09:23:38.050] Content-Length: 238
[Fastbot][2026-04-09 09:23:38.051] 
[Fastbot][2026-04-09 09:23:38.051] {"jsonrpc": "2.0", "id": 1, "method": "waitForExists", "params": [{"mask": 2097153, "childOrSibling": [], "childOrSiblingSelector": [], "resourceId": "com.amaze.filemanager.debug:id/design_menu_item_text", "text": "Recent files"}, 20000]}
[Fastbot][2026-04-09 09:23:38.052] --> END POST (238-byte body)
[Fastbot][2026-04-09 09:23:38.073] <-- 200 OK  http://127.0.0.1:9008/jsonrpc/0 (21ms)
[Fastbot][2026-04-09 09:23:38.073] Content-Type: application/json
[Fastbot][2026-04-09 09:23:38.074] Date: Thu, 9 Apr 2026 09:23:38 GMT
[Fastbot][2026-04-09 09:23:38.074] Connection: keep-alive
[Fastbot][2026-04-09 09:23:38.074] Transfer-Encoding: chunked
[Fastbot][2026-04-09 09:23:38.075] 
[Fastbot][2026-04-09 09:23:38.075] {"jsonrpc":"2.0","id":1,"result":true}

[Fastbot][2026-04-09 09:23:38.075] <-- END HTTP (39-byte body)
[Fastbot][2026-04-09 09:23:38.163] [Proxy Server] Forwarding
[Fastbot][2026-04-09 09:23:38.163] --> POST http://127.0.0.1:9008/jsonrpc/0
[Fastbot][2026-04-09 09:23:38.164] Content-Type: application/json; charset=utf-8
[Fastbot][2026-04-09 09:23:38.165] Content-Length: 225
[Fastbot][2026-04-09 09:23:38.165] 
[Fastbot][2026-04-09 09:23:38.166] {"jsonrpc": "2.0", "id": 1, "method": "objInfo", "params": [{"mask": 2097153, "childOrSibling": [], "childOrSiblingSelector": [], "resourceId": "com.amaze.filemanager.debug:id/design_menu_item_text", "text": "Recent files"}]}
[Fastbot][2026-04-09 09:23:38.166] --> END POST (225-byte body)
[Fastbot][2026-04-09 09:23:38.205] <-- 200 OK  http://127.0.0.1:9008/jsonrpc/0 (38ms)
[Fastbot][2026-04-09 09:23:38.205] Content-Type: application/json
[Fastbot][2026-04-09 09:23:38.205] Date: Thu, 9 Apr 2026 09:23:38 GMT
[Fastbot][2026-04-09 09:23:38.205] Connection: keep-alive
[Fastbot][2026-04-09 09:23:38.205] Transfer-Encoding: chunked
[Fastbot][2026-04-09 09:23:38.206] 
[Fastbot][2026-04-09 09:23:38.206] {"jsonrpc":"2.0","id":1,"result":{"bounds":{"bottom":649,"left":44,"right":792,"top":517},"childCount":0,"className":"android.widget.CheckedTextView","contentDescription":null,"packageName":"com.amaze.filemanager.debug","resourceName":"com.amaze.filemanager.debug:id/design_menu_item_text","text":"Re...[truncated]
[Fastbot][2026-04-09 09:23:38.206] <-- END HTTP (535-byte body)
[Fastbot][2026-04-09 09:23:38.235] [Proxy Server] Detected script method: click
[Fastbot][2026-04-09 09:23:38.235] [Proxy Server] Forwarding
[Fastbot][2026-04-09 09:23:38.236] --> POST http://127.0.0.1:9008/jsonrpc/0
[Fastbot][2026-04-09 09:23:38.237] Content-Type: application/json; charset=utf-8
[Fastbot][2026-04-09 09:23:38.237] Content-Length: 72
[Fastbot][2026-04-09 09:23:38.237] 
[Fastbot][2026-04-09 09:23:38.237] {"jsonrpc": "2.0", "id": 1, "method": "click", "params": [418.0, 583.0]}
[Fastbot][2026-04-09 09:23:38.237] --> END POST (72-byte body)
[Fastbot][2026-04-09 09:23:38.895] <-- 200 OK  http://127.0.0.1:9008/jsonrpc/0 (657ms)
[Fastbot][2026-04-09 09:23:38.895] Content-Type: application/json
[Fastbot][2026-04-09 09:23:38.895] Date: Thu, 9 Apr 2026 09:23:38 GMT
[Fastbot][2026-04-09 09:23:38.895] Connection: keep-alive
[Fastbot][2026-04-09 09:23:38.895] Transfer-Encoding: chunked
[Fastbot][2026-04-09 09:23:38.941] 
[Fastbot][2026-04-09 09:23:38.942] {"jsonrpc":"2.0","id":1,"result":true}

[Fastbot][2026-04-09 09:23:38.942] <-- END HTTP (39-byte body)
[Fastbot][2026-04-09 09:23:39.502] [Proxy Server] Forwarding
[Fastbot][2026-04-09 09:23:39.503] --> POST http://127.0.0.1:9008/jsonrpc/0
[Fastbot][2026-04-09 09:23:39.503] Content-Type: application/json; charset=utf-8
[Fastbot][2026-04-09 09:23:39.503] Content-Length: 83
[Fastbot][2026-04-09 09:23:39.504] 
[Fastbot][2026-04-09 09:23:39.504] {"jsonrpc": "2.0", "id": 1, "method": "dumpWindowHierarchy", "params": [false, 50]}
[Fastbot][2026-04-09 09:23:39.504] --> END POST (83-byte body)
[Fastbot][2026-04-09 09:23:39.796] <-- 200 OK  http://127.0.0.1:9008/jsonrpc/0 (291ms)
[Fastbot][2026-04-09 09:23:39.796] Content-Type: application/json
[Fastbot][2026-04-09 09:23:39.797] Date: Thu, 9 Apr 2026 09:23:39 GMT
[Fastbot][2026-04-09 09:23:39.797] Connection: keep-alive
[Fastbot][2026-04-09 09:23:39.797] Transfer-Encoding: chunked
[Fastbot][2026-04-09 09:23:39.798] 
[Fastbot][2026-04-09 09:23:39.798] {"jsonrpc":"2.0","id":1,"result":"<?xml version='1.0' encoding='UTF-8' standalone='yes' ?>\r\n<hierarchy rotation=\"0\">\r\n  <node index=\"0\" text=\"\" resource-id=\"\" class=\"android.widget.FrameLayout\" package=\"com.amaze.filemanager.debug\" content-desc=\"\" checkable=\"false\" checked=\"fals...[truncated]
[Fastbot][2026-04-09 09:23:39.798] <-- END HTTP (83335-byte body)
[Fastbot][2026-04-09 09:23:39.844] [Proxy Server] Detected script method: swipe
[Fastbot][2026-04-09 09:23:39.845] [Proxy Server] Forwarding
[Fastbot][2026-04-09 09:23:39.845] --> POST http://127.0.0.1:9008/jsonrpc/0
[Fastbot][2026-04-09 09:23:39.845] Content-Type: application/json; charset=utf-8
[Fastbot][2026-04-09 09:23:39.845] Content-Length: 83
[Fastbot][2026-04-09 09:23:39.845] 
[Fastbot][2026-04-09 09:23:39.846] {"jsonrpc": "2.0", "id": 1, "method": "swipe", "params": [500, 1850, 500, 250, 55]}
[Fastbot][2026-04-09 09:23:39.846] --> END POST (83-byte body)
[Fastbot][2026-04-09 09:23:41.894] <-- 200 OK  http://127.0.0.1:9008/jsonrpc/0 (2047ms)
[Fastbot][2026-04-09 09:23:41.895] Content-Type: application/json
[Fastbot][2026-04-09 09:23:41.895] Date: Thu, 9 Apr 2026 09:23:41 GMT
[Fastbot][2026-04-09 09:23:41.895] Connection: keep-alive
[Fastbot][2026-04-09 09:23:41.895] Transfer-Encoding: chunked
[Fastbot][2026-04-09 09:23:41.895] 
[Fastbot][2026-04-09 09:23:41.896] {"jsonrpc":"2.0","id":1,"result":true}

[Fastbot][2026-04-09 09:23:41.896] <-- END HTTP (39-byte body)
[Fastbot][2026-04-09 09:23:42.447] [Proxy Server] Forwarding
[Fastbot][2026-04-09 09:23:42.448] --> POST http://127.0.0.1:9008/jsonrpc/0
[Fastbot][2026-04-09 09:23:42.448] Content-Type: application/json; charset=utf-8
[Fastbot][2026-04-09 09:23:42.449] Content-Length: 83
[Fastbot][2026-04-09 09:23:42.449] 
[Fastbot][2026-04-09 09:23:42.449] {"jsonrpc": "2.0", "id": 1, "method": "dumpWindowHierarchy", "params": [false, 50]}
[Fastbot][2026-04-09 09:23:42.451] --> END POST (83-byte body)
[Fastbot][2026-04-09 09:23:42.649] <-- 200 OK  http://127.0.0.1:9008/jsonrpc/0 (198ms)
[Fastbot][2026-04-09 09:23:42.650] Content-Type: application/json
[Fastbot][2026-04-09 09:23:42.650] Date: Thu, 9 Apr 2026 09:23:42 GMT
[Fastbot][2026-04-09 09:23:42.650] Connection: keep-alive
[Fastbot][2026-04-09 09:23:42.650] Transfer-Encoding: chunked
[Fastbot][2026-04-09 09:23:42.654] 
[Fastbot][2026-04-09 09:23:42.655] {"jsonrpc":"2.0","id":1,"result":"<?xml version='1.0' encoding='UTF-8' standalone='yes' ?>\r\n<hierarchy rotation=\"0\">\r\n  <node index=\"0\" text=\"\" resource-id=\"\" class=\"android.widget.FrameLayout\" package=\"com.amaze.filemanager.debug\" content-desc=\"\" checkable=\"false\" checked=\"fals...[truncated]
[Fastbot][2026-04-09 09:23:42.655] <-- END HTTP (84519-byte body)
[Fastbot][2026-04-09 09:23:42.713] [Proxy Server] Detected script method: swipe
[Fastbot][2026-04-09 09:23:42.714] [Proxy Server] Forwarding
[Fastbot][2026-04-09 09:23:42.714] --> POST http://127.0.0.1:9008/jsonrpc/0
[Fastbot][2026-04-09 09:23:42.715] Content-Type: application/json; charset=utf-8
[Fastbot][2026-04-09 09:23:42.715] Content-Length: 83
[Fastbot][2026-04-09 09:23:42.715] 
[Fastbot][2026-04-09 09:23:42.715] {"jsonrpc": "2.0", "id": 1, "method": "swipe", "params": [500, 1850, 500, 250, 55]}
[Fastbot][2026-04-09 09:23:42.715] --> END POST (83-byte body)
[Fastbot][2026-04-09 09:23:44.752] <-- 200 OK  http://127.0.0.1:9008/jsonrpc/0 (2036ms)
[Fastbot][2026-04-09 09:23:44.752] Content-Type: application/json
[Fastbot][2026-04-09 09:23:44.752] Date: Thu, 9 Apr 2026 09:23:44 GMT
[Fastbot][2026-04-09 09:23:44.752] Connection: keep-alive
[Fastbot][2026-04-09 09:23:44.752] Transfer-Encoding: chunked
[Fastbot][2026-04-09 09:23:44.753] 
[Fastbot][2026-04-09 09:23:44.753] {"jsonrpc":"2.0","id":1,"result":true}

[Fastbot][2026-04-09 09:23:44.753] <-- END HTTP (39-byte body)
[Fastbot][2026-04-09 09:23:45.282] [Proxy Server] Forwarding
[Fastbot][2026-04-09 09:23:45.282] --> POST http://127.0.0.1:9008/jsonrpc/0
[Fastbot][2026-04-09 09:23:45.282] Content-Type: application/json; charset=utf-8
[Fastbot][2026-04-09 09:23:45.282] Content-Length: 83
[Fastbot][2026-04-09 09:23:45.283] 
[Fastbot][2026-04-09 09:23:45.283] {"jsonrpc": "2.0", "id": 1, "method": "dumpWindowHierarchy", "params": [false, 50]}
[Fastbot][2026-04-09 09:23:45.283] --> END POST (83-byte body)
[Fastbot][2026-04-09 09:23:45.326] <-- 200 OK  http://127.0.0.1:9008/jsonrpc/0 (42ms)
[Fastbot][2026-04-09 09:23:45.327] Content-Type: application/json
[Fastbot][2026-04-09 09:23:45.327] Date: Thu, 9 Apr 2026 09:23:45 GMT
[Fastbot][2026-04-09 09:23:45.327] Connection: keep-alive
[Fastbot][2026-04-09 09:23:45.327] Transfer-Encoding: chunked
[Fastbot][2026-04-09 09:23:45.329] 
[Fastbot][2026-04-09 09:23:45.330] {"jsonrpc":"2.0","id":1,"result":"<?xml version='1.0' encoding='UTF-8' standalone='yes' ?>\r\n<hierarchy rotation=\"0\">\r\n  <node index=\"0\" text=\"\" resource-id=\"\" class=\"android.widget.FrameLayout\" package=\"com.amaze.filemanager.debug\" content-desc=\"\" checkable=\"false\" checked=\"fals...[truncated]
[Fastbot][2026-04-09 09:23:45.330] <-- END HTTP (84518-byte body)
[Fastbot][2026-04-09 09:23:45.361] [Proxy Server] Detected script method: swipe
[Fastbot][2026-04-09 09:23:45.361] [Proxy Server] Forwarding
[Fastbot][2026-04-09 09:23:45.361] --> POST http://127.0.0.1:9008/jsonrpc/0
[Fastbot][2026-04-09 09:23:45.361] Content-Type: application/json; charset=utf-8
[Fastbot][2026-04-09 09:23:45.362] Content-Length: 83
[Fastbot][2026-04-09 09:23:45.362] 
[Fastbot][2026-04-09 09:23:45.362] {"jsonrpc": "2.0", "id": 1, "method": "swipe", "params": [500, 1850, 500, 250, 55]}
[Fastbot][2026-04-09 09:23:45.362] --> END POST (83-byte body)
[Fastbot][2026-04-09 09:23:47.312] <-- 200 OK  http://127.0.0.1:9008/jsonrpc/0 (1949ms)
[Fastbot][2026-04-09 09:23:47.312] Content-Type: application/json
[Fastbot][2026-04-09 09:23:47.312] Date: Thu, 9 Apr 2026 09:23:47 GMT
[Fastbot][2026-04-09 09:23:47.312] Connection: keep-alive
[Fastbot][2026-04-09 09:23:47.312] Transfer-Encoding: chunked
[Fastbot][2026-04-09 09:23:47.312] 
[Fastbot][2026-04-09 09:23:47.313] {"jsonrpc":"2.0","id":1,"result":true}

[Fastbot][2026-04-09 09:23:47.313] <-- END HTTP (39-byte body)
[Fastbot][2026-04-09 09:23:47.857] [Proxy Server] Forwarding
[Fastbot][2026-04-09 09:23:47.857] --> POST http://127.0.0.1:9008/jsonrpc/0
[Fastbot][2026-04-09 09:23:47.857] Content-Type: application/json; charset=utf-8
[Fastbot][2026-04-09 09:23:47.858] Content-Length: 83
[Fastbot][2026-04-09 09:23:47.858] 
[Fastbot][2026-04-09 09:23:47.858] {"jsonrpc": "2.0", "id": 1, "method": "dumpWindowHierarchy", "params": [false, 50]}
[Fastbot][2026-04-09 09:23:47.859] --> END POST (83-byte body)
[Fastbot][2026-04-09 09:23:48.091] <-- 200 OK  http://127.0.0.1:9008/jsonrpc/0 (232ms)
[Fastbot][2026-04-09 09:23:48.091] Content-Type: application/json
[Fastbot][2026-04-09 09:23:48.092] Date: Thu, 9 Apr 2026 09:23:48 GMT
[Fastbot][2026-04-09 09:23:48.092] Connection: keep-alive
[Fastbot][2026-04-09 09:23:48.092] Transfer-Encoding: chunked
[Fastbot][2026-04-09 09:23:48.095] 
[Fastbot][2026-04-09 09:23:48.095] {"jsonrpc":"2.0","id":1,"result":"<?xml version='1.0' encoding='UTF-8' standalone='yes' ?>\r\n<hierarchy rotation=\"0\">\r\n  <node index=\"0\" text=\"\" resource-id=\"\" class=\"android.widget.FrameLayout\" package=\"com.amaze.filemanager.debug\" content-desc=\"\" checkable=\"false\" checked=\"fals...[truncated]
[Fastbot][2026-04-09 09:23:48.096] <-- END HTTP (84518-byte body)
[Fastbot][2026-04-09 09:23:48.136] [Proxy Server] Detected script method: swipe
[Fastbot][2026-04-09 09:23:48.137] [Proxy Server] Forwarding
[Fastbot][2026-04-09 09:23:48.137] --> POST http://127.0.0.1:9008/jsonrpc/0
[Fastbot][2026-04-09 09:23:48.138] Content-Type: application/json; charset=utf-8
[Fastbot][2026-04-09 09:23:48.138] Content-Length: 83
[Fastbot][2026-04-09 09:23:48.138] 
[Fastbot][2026-04-09 09:23:48.138] {"jsonrpc": "2.0", "id": 1, "method": "swipe", "params": [500, 1850, 500, 250, 55]}
[Fastbot][2026-04-09 09:23:48.139] --> END POST (83-byte body)
[Fastbot][2026-04-09 09:23:50.077] <-- 200 OK  http://127.0.0.1:9008/jsonrpc/0 (1938ms)
[Fastbot][2026-04-09 09:23:50.077] Content-Type: application/json
[Fastbot][2026-04-09 09:23:50.077] Date: Thu, 9 Apr 2026 09:23:50 GMT
[Fastbot][2026-04-09 09:23:50.077] Connection: keep-alive
[Fastbot][2026-04-09 09:23:50.078] Transfer-Encoding: chunked
[Fastbot][2026-04-09 09:23:50.078] 
[Fastbot][2026-04-09 09:23:50.079] {"jsonrpc":"2.0","id":1,"result":true}

[Fastbot][2026-04-09 09:23:50.079] <-- END HTTP (39-byte body)
[Fastbot][2026-04-09 09:23:50.596] [Proxy Server] Forwarding
[Fastbot][2026-04-09 09:23:50.597] --> POST http://127.0.0.1:9008/jsonrpc/0
[Fastbot][2026-04-09 09:23:50.597] Content-Type: application/json; charset=utf-8
[Fastbot][2026-04-09 09:23:50.597] Content-Length: 83
[Fastbot][2026-04-09 09:23:50.597] 
[Fastbot][2026-04-09 09:23:50.597] {"jsonrpc": "2.0", "id": 1, "method": "dumpWindowHierarchy", "params": [false, 50]}
[Fastbot][2026-04-09 09:23:50.597] --> END POST (83-byte body)
[Fastbot][2026-04-09 09:23:50.892] <-- 200 OK  http://127.0.0.1:9008/jsonrpc/0 (294ms)
[Fastbot][2026-04-09 09:23:50.892] Content-Type: application/json
[Fastbot][2026-04-09 09:23:50.892] Date: Thu, 9 Apr 2026 09:23:50 GMT
[Fastbot][2026-04-09 09:23:50.892] Connection: keep-alive
[Fastbot][2026-04-09 09:23:50.892] Transfer-Encoding: chunked
[Fastbot][2026-04-09 09:23:50.894] 
[Fastbot][2026-04-09 09:23:50.895] {"jsonrpc":"2.0","id":1,"result":"<?xml version='1.0' encoding='UTF-8' standalone='yes' ?>\r\n<hierarchy rotation=\"0\">\r\n  <node index=\"0\" text=\"\" resource-id=\"\" class=\"android.widget.FrameLayout\" package=\"com.amaze.filemanager.debug\" content-desc=\"\" checkable=\"false\" checked=\"fals...[truncated]
[Fastbot][2026-04-09 09:23:50.895] <-- END HTTP (84518-byte body)
[Fastbot][2026-04-09 09:23:50.931] [Proxy Server] Detected script method: pressKey
[Fastbot][2026-04-09 09:23:50.932] [Proxy Server] Forwarding
[Fastbot][2026-04-09 09:23:50.933] --> POST http://127.0.0.1:9008/jsonrpc/0
[Fastbot][2026-04-09 09:23:50.933] Content-Type: application/json; charset=utf-8
[Fastbot][2026-04-09 09:23:50.934] Content-Length: 69
[Fastbot][2026-04-09 09:23:50.934] 
[Fastbot][2026-04-09 09:23:50.934] {"jsonrpc": "2.0", "id": 1, "method": "pressKey", "params": ["back"]}
[Fastbot][2026-04-09 09:23:50.935] --> END POST (69-byte body)
[Fastbot][2026-04-09 09:23:51.071] <-- 200 OK  http://127.0.0.1:9008/jsonrpc/0 (135ms)
[Fastbot][2026-04-09 09:23:51.071] Content-Type: application/json
[Fastbot][2026-04-09 09:23:51.072] Date: Thu, 9 Apr 2026 09:23:51 GMT
[Fastbot][2026-04-09 09:23:51.072] Connection: keep-alive
[Fastbot][2026-04-09 09:23:51.072] Transfer-Encoding: chunked
[Fastbot][2026-04-09 09:23:51.073] 
[Fastbot][2026-04-09 09:23:51.073] {"jsonrpc":"2.0","id":1,"result":true}

[Fastbot][2026-04-09 09:23:51.074] <-- END HTTP (39-byte body)
[Fastbot][2026-04-09 09:23:52.307] --> POST http://127.0.0.1:9008/jsonrpc/0
[Fastbot][2026-04-09 09:23:52.307] Content-Type: application/json; charset=utf-8
[Fastbot][2026-04-09 09:23:52.307] Content-Length: 75
[Fastbot][2026-04-09 09:23:52.308] 
[Fastbot][2026-04-09 09:23:52.308] {"id":1,"jsonrpc":"2.0","method":"dumpWindowHierarchy","params":[false,50]}
[Fastbot][2026-04-09 09:23:52.308] --> END POST (75-byte body)
[Fastbot][2026-04-09 09:23:52.355] <-- 200 OK  http://127.0.0.1:9008/jsonrpc/0 (46ms)
[Fastbot][2026-04-09 09:23:52.355] Content-Type: application/json
[Fastbot][2026-04-09 09:23:52.355] Date: Thu, 9 Apr 2026 09:23:52 GMT
[Fastbot][2026-04-09 09:23:52.355] Connection: keep-alive
[Fastbot][2026-04-09 09:23:52.355] Transfer-Encoding: chunked
[Fastbot][2026-04-09 09:23:52.358] 
[Fastbot][2026-04-09 09:23:52.359] {"jsonrpc":"2.0","id":1,"result":"<?xml version='1.0' encoding='UTF-8' standalone='yes' ?>\r\n<hierarchy rotation=\"0\">\r\n  <node index=\"0\" text=\"\" resource-id=\"\" class=\"android.widget.FrameLayout\" package=\"com.amaze.filemanager.debug\" content-desc=\"\" checkable=\"false\" checked=\"fals...[truncated]
[Fastbot][2026-04-09 09:23:52.361] <-- END HTTP (81777-byte body)
[Fastbot][2026-04-09 09:23:52.383] [ProxyServer] stepsCount: 25
[Fastbot][2026-04-09 09:23:52.383] [ProxyServer] receive request: stepMonkey
[Fastbot][2026-04-09 09:23:52.384] [MonkeySourceApeU2] stepsCount: 25
[Fastbot][2026-04-09 09:23:52.385] [MonkeySourceApeU2] Latest event is MonkeyEvent. Use the cached hierarchy.
[Fastbot][2026-04-09 09:23:52.385] [MonkeySourceApeU2] Successfully Got hierarchy
[Fastbot][2026-04-09 09:23:52.388] // Event id: 318
[Fastbot][2026-04-09 09:23:52.389] topActivity Name: ComponentInfo{com.amaze.filemanager.debug/com.amaze.filemanager.ui.activities.MainActivity}
[Fastbot][2026-04-09 09:23:52.389] // Dumped stringOfGuiTree
[Fastbot][2026-04-09 09:23:52.389] topActivityName: com.amaze.filemanager.ui.activities.MainActivity
[Fastbot][2026-04-09 09:23:52.397] action type: SCROLL_BOTTOM_UP
[Fastbot][2026-04-09 09:23:52.398] rpc cost time: 8
[Fastbot][2026-04-09 09:23:52.400] :Sending rotation degree=0, persist=false
[Fastbot][2026-04-09 09:23:52.406] :Sending Touch (ACTION_DOWN): 0:(540.0,1140.0)
[Fastbot][2026-04-09 09:23:52.413] :Sending Touch (ACTION_MOVE): 0:(540.0,1140.0)
[Fastbot][2026-04-09 09:23:52.416] Wait Event for 20 milliseconds
[Fastbot][2026-04-09 09:23:52.466] :Sending Touch (ACTION_MOVE): 0:(540.0,1037.0)
[Fastbot][2026-04-09 09:23:52.469] Wait Event for 20 milliseconds
[Fastbot][2026-04-09 09:23:52.492] :Sending Touch (ACTION_MOVE): 0:(540.0,934.0)
[Fastbot][2026-04-09 09:23:52.494]     //[calendar_time:2026-04-09 09:23:52.493  system_uptime:7350774]
[Fastbot][2026-04-09 09:23:52.494]     // Sending event #300
[Fastbot][2026-04-09 09:23:52.496] Wait Event for 20 milliseconds
[Fastbot][2026-04-09 09:23:52.519] :Sending Touch (ACTION_MOVE): 0:(540.0,831.0)
[Fastbot][2026-04-09 09:23:52.521] Wait Event for 20 milliseconds
[Fastbot][2026-04-09 09:23:52.570] :Sending Touch (ACTION_MOVE): 0:(540.0,728.0)
[Fastbot][2026-04-09 09:23:52.572] Wait Event for 20 milliseconds
[Fastbot][2026-04-09 09:23:52.642] :Sending Touch (ACTION_MOVE): 0:(540.0,625.0)
[Fastbot][2026-04-09 09:23:52.651] Wait Event for 20 milliseconds
[Fastbot][2026-04-09 09:23:52.672] :Sending Touch (ACTION_MOVE): 0:(540.0,522.0)
[Fastbot][2026-04-09 09:23:52.674] Wait Event for 20 milliseconds
[Fastbot][2026-04-09 09:23:52.700] :Sending Touch (ACTION_MOVE): 0:(540.0,419.0)
[Fastbot][2026-04-09 09:23:52.707] Wait Event for 20 milliseconds
[Fastbot][2026-04-09 09:23:52.741] :Sending Touch (ACTION_MOVE): 0:(540.0,316.0)
[Fastbot][2026-04-09 09:23:52.760] Wait Event for 20 milliseconds
[Fastbot][2026-04-09 09:23:52.784] :Sending Touch (ACTION_MOVE): 0:(540.0,213.0)
[Fastbot][2026-04-09 09:23:52.786] Wait Event for 20 milliseconds
[Fastbot][2026-04-09 09:23:52.808] :Sending Touch (ACTION_UP): 0:(540.0,126.0)
[Fastbot][2026-04-09 09:23:52.814] Sleeping for 214 milliseconds
[Fastbot][2026-04-09 09:23:53.032] [MonkeySourceApeU2] Profiling coverage...
[Fastbot][2026-04-09 09:23:53.033] [ProxyServer] Finish monkey step. Dumping hierarchy
[Fastbot][2026-04-09 09:23:53.033] --> POST http://127.0.0.1:9008/jsonrpc/0
[Fastbot][2026-04-09 09:23:53.034] Content-Type: application/json; charset=utf-8
[Fastbot][2026-04-09 09:23:53.034] Content-Length: 75
[Fastbot][2026-04-09 09:23:53.034] 
[Fastbot][2026-04-09 09:23:53.034] {"id":1,"jsonrpc":"2.0","method":"dumpWindowHierarchy","params":[false,50]}
[Fastbot][2026-04-09 09:23:53.034] --> END POST (75-byte body)
[Fastbot][2026-04-09 09:23:54.150] <-- 200 OK  http://127.0.0.1:9008/jsonrpc/0 (1116ms)
[Fastbot][2026-04-09 09:23:54.150] Content-Type: application/json
[Fastbot][2026-04-09 09:23:54.150] Date: Thu, 9 Apr 2026 09:23:54 GMT
[Fastbot][2026-04-09 09:23:54.150] Connection: keep-alive
[Fastbot][2026-04-09 09:23:54.150] Transfer-Encoding: chunked
[Fastbot][2026-04-09 09:23:54.153] 
[Fastbot][2026-04-09 09:23:54.154] {"jsonrpc":"2.0","id":1,"result":"<?xml version='1.0' encoding='UTF-8' standalone='yes' ?>\r\n<hierarchy rotation=\"0\">\r\n  <node index=\"0\" text=\"\" resource-id=\"\" class=\"android.widget.FrameLayout\" package=\"com.amaze.filemanager.debug\" content-desc=\"\" checkable=\"false\" checked=\"fals...[truncated]
[Fastbot][2026-04-09 09:23:54.154] <-- END HTTP (86360-byte body)
[Fastbot][2026-04-09 09:23:54.223] [ProxyServer] stepsCount: 26
[Fastbot][2026-04-09 09:23:54.223] [ProxyServer] receive request: stepMonkey
[Fastbot][2026-04-09 09:23:54.223] [MonkeySourceApeU2] stepsCount: 26
[Fastbot][2026-04-09 09:23:54.224] [MonkeySourceApeU2] Latest event is MonkeyEvent. Use the cached hierarchy.
[Fastbot][2026-04-09 09:23:54.224] [MonkeySourceApeU2] Successfully Got hierarchy
[Fastbot][2026-04-09 09:23:54.228] // Event id: 342
[Fastbot][2026-04-09 09:23:54.229] topActivity Name: ComponentInfo{com.amaze.filemanager.debug/com.amaze.filemanager.ui.activities.MainActivity}
[Fastbot][2026-04-09 09:23:54.229] // Dumped stringOfGuiTree
[Fastbot][2026-04-09 09:23:54.230] topActivityName: com.amaze.filemanager.ui.activities.MainActivity
[Fastbot][2026-04-09 09:23:54.234] action type: SCROLL_TOP_DOWN
[Fastbot][2026-04-09 09:23:54.234] rpc cost time: 5
[Fastbot][2026-04-09 09:23:54.236] :Sending rotation degree=0, persist=false
[Fastbot][2026-04-09 09:23:54.257] :Sending Touch (ACTION_DOWN): 0:(540.0,1140.0)
[Fastbot][2026-04-09 09:23:54.260] :Sending Touch (ACTION_MOVE): 0:(540.0,1140.0)
[Fastbot][2026-04-09 09:23:54.260] Wait Event for 20 milliseconds
[Fastbot][2026-04-09 09:23:54.282] :Sending Touch (ACTION_MOVE): 0:(540.0,1240.7)
[Fastbot][2026-04-09 09:23:54.282] Wait Event for 20 milliseconds
[Fastbot][2026-04-09 09:23:54.304] :Sending Touch (ACTION_MOVE): 0:(540.0,1341.4)
[Fastbot][2026-04-09 09:23:54.305] Wait Event for 20 milliseconds
[Fastbot][2026-04-09 09:23:54.327] :Sending Touch (ACTION_MOVE): 0:(540.0,1442.1)
[Fastbot][2026-04-09 09:23:54.328] Wait Event for 20 milliseconds
[Fastbot][2026-04-09 09:23:54.350] :Sending Touch (ACTION_MOVE): 0:(540.0,1542.8)
[Fastbot][2026-04-09 09:23:54.352] Wait Event for 20 milliseconds
[Fastbot][2026-04-09 09:23:54.375] :Sending Touch (ACTION_MOVE): 0:(540.0,1643.5)
[Fastbot][2026-04-09 09:23:54.377] Wait Event for 20 milliseconds
[Fastbot][2026-04-09 09:23:54.399] :Sending Touch (ACTION_MOVE): 0:(540.0,1744.2)
[Fastbot][2026-04-09 09:23:54.401] Wait Event for 20 milliseconds
[Fastbot][2026-04-09 09:23:54.423] :Sending Touch (ACTION_MOVE): 0:(540.0,1844.8999)
[Fastbot][2026-04-09 09:23:54.425] Wait Event for 20 milliseconds
[Fastbot][2026-04-09 09:23:54.447] :Sending Touch (ACTION_MOVE): 0:(540.0,1945.6001)
[Fastbot][2026-04-09 09:23:54.448] Wait Event for 20 milliseconds
[Fastbot][2026-04-09 09:23:54.470] :Sending Touch (ACTION_MOVE): 0:(540.0,2046.3)
[Fastbot][2026-04-09 09:23:54.474] Wait Event for 20 milliseconds
[Fastbot][2026-04-09 09:23:54.498] :Sending Touch (ACTION_UP): 0:(540.0,2147.0)
[Fastbot][2026-04-09 09:23:54.503] Sleeping for 285 milliseconds
[Fastbot][2026-04-09 09:23:54.790] [ProxyServer] Finish monkey step. Dumping hierarchy
[Fastbot][2026-04-09 09:23:54.791] --> POST http://127.0.0.1:9008/jsonrpc/0
[Fastbot][2026-04-09 09:23:54.791] Content-Type: application/json; charset=utf-8
[Fastbot][2026-04-09 09:23:54.792] Content-Length: 75
[Fastbot][2026-04-09 09:23:54.792] 
[Fastbot][2026-04-09 09:23:54.792] {"id":1,"jsonrpc":"2.0","method":"dumpWindowHierarchy","params":[false,50]}
[Fastbot][2026-04-09 09:23:54.792] --> END POST (75-byte body)
[Fastbot][2026-04-09 09:23:55.933] <-- 200 OK  http://127.0.0.1:9008/jsonrpc/0 (1141ms)
[Fastbot][2026-04-09 09:23:55.933] Content-Type: application/json
[Fastbot][2026-04-09 09:23:55.933] Date: Thu, 9 Apr 2026 09:23:55 GMT
[Fastbot][2026-04-09 09:23:55.934] Connection: keep-alive
[Fastbot][2026-04-09 09:23:55.934] Transfer-Encoding: chunked
[Fastbot][2026-04-09 09:23:55.934] 
[Fastbot][2026-04-09 09:23:55.935] {"jsonrpc":"2.0","id":1,"result":"<?xml version='1.0' encoding='UTF-8' standalone='yes' ?>\r\n<hierarchy rotation=\"0\">\r\n  <node index=\"0\" text=\"\" resource-id=\"\" class=\"android.widget.FrameLayout\" package=\"com.amaze.filemanager.debug\" content-desc=\"\" checkable=\"false\" checked=\"fals...[truncated]
[Fastbot][2026-04-09 09:23:55.935] <-- END HTTP (81769-byte body)
[Fastbot][2026-04-09 09:23:55.981] [ProxyServer] stepsCount: 27
[Fastbot][2026-04-09 09:23:55.981] [ProxyServer] receive request: stepMonkey
[Fastbot][2026-04-09 09:23:55.982] [MonkeySourceApeU2] stepsCount: 27
[Fastbot][2026-04-09 09:23:55.982] [MonkeySourceApeU2] Latest event is MonkeyEvent. Use the cached hierarchy.
[Fastbot][2026-04-09 09:23:55.982] [MonkeySourceApeU2] Successfully Got hierarchy
[Fastbot][2026-04-09 09:23:55.986] // Event id: 366
[Fastbot][2026-04-09 09:23:55.986] topActivity Name: ComponentInfo{com.amaze.filemanager.debug/com.amaze.filemanager.ui.activities.MainActivity}
[Fastbot][2026-04-09 09:23:55.986] // Dumped stringOfGuiTree
[Fastbot][2026-04-09 09:23:55.986] topActivityName: com.amaze.filemanager.ui.activities.MainActivity
[Fastbot][2026-04-09 09:23:55.994] action type: LONG_CLICK
[Fastbot][2026-04-09 09:23:55.994] rpc cost time: 8
[Fastbot][2026-04-09 09:23:55.996] :Sending rotation degree=0, persist=false
[Fastbot][2026-04-09 09:23:56.004] :Sending Touch (ACTION_DOWN): 0:(1050.0,180.0)
[Fastbot][2026-04-09 09:23:56.007] Wait Event for 1000 milliseconds
[Fastbot][2026-04-09 09:23:57.010] :Sending Touch (ACTION_UP): 0:(1050.0,180.0)
[Fastbot][2026-04-09 09:23:57.028] Sleeping for 271 milliseconds
[Fastbot][2026-04-09 09:23:57.302] [ProxyServer] Finish monkey step. Dumping hierarchy
[Fastbot][2026-04-09 09:23:57.302] --> POST http://127.0.0.1:9008/jsonrpc/0
[Fastbot][2026-04-09 09:23:57.302] Content-Type: application/json; charset=utf-8
[Fastbot][2026-04-09 09:23:57.302] Content-Length: 75
[Fastbot][2026-04-09 09:23:57.302] 
[Fastbot][2026-04-09 09:23:57.303] {"id":1,"jsonrpc":"2.0","method":"dumpWindowHierarchy","params":[false,50]}
[Fastbot][2026-04-09 09:23:57.303] --> END POST (75-byte body)
[Fastbot][2026-04-09 09:23:58.220] <-- 200 OK  http://127.0.0.1:9008/jsonrpc/0 (917ms)
[Fastbot][2026-04-09 09:23:58.220] Content-Type: application/json
[Fastbot][2026-04-09 09:23:58.220] Date: Thu, 9 Apr 2026 09:23:58 GMT
[Fastbot][2026-04-09 09:23:58.221] Connection: keep-alive
[Fastbot][2026-04-09 09:23:58.221] Transfer-Encoding: chunked
[Fastbot][2026-04-09 09:23:58.223] 
[Fastbot][2026-04-09 09:23:58.226] {"jsonrpc":"2.0","id":1,"result":"<?xml version='1.0' encoding='UTF-8' standalone='yes' ?>\r\n<hierarchy rotation=\"0\">\r\n  <node index=\"0\" text=\"\" resource-id=\"\" class=\"android.widget.FrameLayout\" package=\"com.amaze.filemanager.debug\" content-desc=\"\" checkable=\"false\" checked=\"fals...[truncated]
[Fastbot][2026-04-09 09:23:58.226] <-- END HTTP (81769-byte body)
[Fastbot][2026-04-09 09:23:58.287] [ProxyServer] stepsCount: 28
[Fastbot][2026-04-09 09:23:58.287] [ProxyServer] receive request: stepMonkey
[Fastbot][2026-04-09 09:23:58.287] [MonkeySourceApeU2] stepsCount: 28
[Fastbot][2026-04-09 09:23:58.288] [MonkeySourceApeU2] Latest event is MonkeyEvent. Use the cached hierarchy.
[Fastbot][2026-04-09 09:23:58.288] [MonkeySourceApeU2] Successfully Got hierarchy
[Fastbot][2026-04-09 09:23:58.291] // Event id: 371
[Fastbot][2026-04-09 09:23:58.291] topActivity Name: ComponentInfo{com.amaze.filemanager.debug/com.amaze.filemanager.ui.activities.MainActivity}
[Fastbot][2026-04-09 09:23:58.291] // Dumped stringOfGuiTree
[Fastbot][2026-04-09 09:23:58.291] topActivityName: com.amaze.filemanager.ui.activities.MainActivity
[Fastbot][2026-04-09 09:23:58.296] action type: CLICK
[Fastbot][2026-04-09 09:23:58.296] rpc cost time: 5
[Fastbot]*** WARNING *** checkVirtualKeyboard: Input only once.
[Fastbot][2026-04-09 09:23:58.298] :Sending rotation degree=0, persist=false
[Fastbot][2026-04-09 09:23:58.304] :Sending Touch (ACTION_DOWN): 0:(733.0,155.0)
[Fastbot][2026-04-09 09:23:58.325] :Sending Touch (ACTION_UP): 0:(733.0,155.0)
[Fastbot][2026-04-09 09:23:58.327] Sleeping for 276 milliseconds
[Fastbot][2026-04-09 09:23:58.606] [ProxyServer] Finish monkey step. Dumping hierarchy
[Fastbot][2026-04-09 09:23:58.607] --> POST http://127.0.0.1:9008/jsonrpc/0
[Fastbot][2026-04-09 09:23:58.607] Content-Type: application/json; charset=utf-8
[Fastbot][2026-04-09 09:23:58.607] Content-Length: 75
[Fastbot][2026-04-09 09:23:58.607] 
[Fastbot][2026-04-09 09:23:58.607] {"id":1,"jsonrpc":"2.0","method":"dumpWindowHierarchy","params":[false,50]}
[Fastbot][2026-04-09 09:23:58.607] --> END POST (75-byte body)
[Fastbot][2026-04-09 09:23:59.682] <-- 200 OK  http://127.0.0.1:9008/jsonrpc/0 (1074ms)
[Fastbot][2026-04-09 09:23:59.682] Content-Type: application/json
[Fastbot][2026-04-09 09:23:59.682] Date: Thu, 9 Apr 2026 09:23:59 GMT
[Fastbot][2026-04-09 09:23:59.682] Connection: keep-alive
[Fastbot][2026-04-09 09:23:59.682] Transfer-Encoding: chunked
[Fastbot][2026-04-09 09:23:59.684] 
[Fastbot][2026-04-09 09:23:59.685] {"jsonrpc":"2.0","id":1,"result":"<?xml version='1.0' encoding='UTF-8' standalone='yes' ?>\r\n<hierarchy rotation=\"0\">\r\n  <node index=\"0\" text=\"\" resource-id=\"\" class=\"android.widget.FrameLayout\" package=\"com.amaze.filemanager.debug\" content-desc=\"\" checkable=\"false\" checked=\"fals...[truncated]
[Fastbot][2026-04-09 09:23:59.685] <-- END HTTP (85778-byte body)
[Fastbot][2026-04-09 09:23:59.711] [ProxyServer] stepsCount: 29
[Fastbot][2026-04-09 09:23:59.711] [ProxyServer] receive request: stepMonkey
[Fastbot][2026-04-09 09:23:59.712] [MonkeySourceApeU2] stepsCount: 29
[Fastbot][2026-04-09 09:23:59.712] [MonkeySourceApeU2] Latest event is MonkeyEvent. Use the cached hierarchy.
[Fastbot][2026-04-09 09:23:59.713] [MonkeySourceApeU2] Successfully Got hierarchy
[Fastbot][2026-04-09 09:23:59.715] // Event id: 375
[Fastbot][2026-04-09 09:23:59.715] topActivity Name: ComponentInfo{com.amaze.filemanager.debug/com.amaze.filemanager.ui.activities.MainActivity}
[Fastbot][2026-04-09 09:23:59.716] // Dumped stringOfGuiTree
[Fastbot][2026-04-09 09:23:59.716] topActivityName: com.amaze.filemanager.ui.activities.MainActivity
[Fastbot][2026-04-09 09:23:59.720] action type: CLICK
[Fastbot][2026-04-09 09:23:59.720] rpc cost time: 4
[Fastbot]*** WARNING *** checkVirtualKeyboard: Input only once.
[Fastbot][2026-04-09 09:23:59.722] :Sending rotation degree=0, persist=false
[Fastbot][2026-04-09 09:23:59.738] :Sending Touch (ACTION_DOWN): 0:(986.0,204.0)
[Fastbot][2026-04-09 09:23:59.741] :Sending Touch (ACTION_UP): 0:(986.0,204.0)
[Fastbot][2026-04-09 09:23:59.745] Sleeping for 276 milliseconds
[Fastbot][2026-04-09 09:24:00.023] [ProxyServer] Finish monkey step. Dumping hierarchy
[Fastbot][2026-04-09 09:24:00.023] --> POST http://127.0.0.1:9008/jsonrpc/0
[Fastbot][2026-04-09 09:24:00.023] Content-Type: application/json; charset=utf-8
[Fastbot][2026-04-09 09:24:00.023] Content-Length: 75
[Fastbot][2026-04-09 09:24:00.023] 
[Fastbot][2026-04-09 09:24:00.023] {"id":1,"jsonrpc":"2.0","method":"dumpWindowHierarchy","params":[false,50]}
[Fastbot][2026-04-09 09:24:00.024] --> END POST (75-byte body)
[Fastbot][2026-04-09 09:24:00.982] <-- 200 OK  http://127.0.0.1:9008/jsonrpc/0 (958ms)
[Fastbot][2026-04-09 09:24:00.982] Content-Type: application/json
[Fastbot][2026-04-09 09:24:00.982] Date: Thu, 9 Apr 2026 09:24:00 GMT
[Fastbot][2026-04-09 09:24:00.982] Connection: keep-alive
[Fastbot][2026-04-09 09:24:00.982] Transfer-Encoding: chunked
[Fastbot][2026-04-09 09:24:00.986] 
[Fastbot][2026-04-09 09:24:00.987] {"jsonrpc":"2.0","id":1,"result":"<?xml version='1.0' encoding='UTF-8' standalone='yes' ?>\r\n<hierarchy rotation=\"0\">\r\n  <node index=\"0\" text=\"\" resource-id=\"\" class=\"android.widget.FrameLayout\" package=\"com.amaze.filemanager.debug\" content-desc=\"\" checkable=\"false\" checked=\"fals...[truncated]
[Fastbot][2026-04-09 09:24:00.989] <-- END HTTP (85778-byte body)
[Fastbot][2026-04-09 09:24:01.054] [ProxyServer] stepsCount: 30
[Fastbot][2026-04-09 09:24:01.054] [ProxyServer] receive request: stepMonkey
[Fastbot][2026-04-09 09:24:01.055] [MonkeySourceApeU2] stepsCount: 30
[Fastbot][2026-04-09 09:24:01.055] [MonkeySourceApeU2] Latest event is MonkeyEvent. Use the cached hierarchy.
[Fastbot][2026-04-09 09:24:01.056] [MonkeySourceApeU2] Successfully Got hierarchy
[Fastbot][2026-04-09 09:24:01.061] // Event id: 379
[Fastbot][2026-04-09 09:24:01.061] topActivity Name: ComponentInfo{com.amaze.filemanager.debug/com.amaze.filemanager.ui.activities.MainActivity}
[Fastbot][2026-04-09 09:24:01.061] // Dumped stringOfGuiTree
[Fastbot][2026-04-09 09:24:01.061] topActivityName: com.amaze.filemanager.ui.activities.MainActivity
[Fastbot][2026-04-09 09:24:01.066] action type: CLICK
[Fastbot][2026-04-09 09:24:01.066] rpc cost time: 5
[Fastbot][2026-04-09 09:24:01.066] Input text is 87 folders and 30 files
[Fastbot][2026-04-09 09:24:01.066] MonkeyIMEEvent added 87 folders and 30 files
[Fastbot][2026-04-09 09:24:01.068] :Sending rotation degree=0, persist=false
[Fastbot][2026-04-09 09:24:01.075] :Sending Touch (ACTION_DOWN): 0:(544.0,190.0)
[Fastbot][2026-04-09 09:24:01.092] :Sending Touch (ACTION_UP): 0:(544.0,190.0)
[Fastbot][2026-04-09 09:24:01.134]   mshowrequested=true mshowexplicitlyrequested=true mshowforced=false minputshown=false
[Fastbot][2026-04-09 09:24:01.134] mInputShown not found, getInputMethodWindowVisibleHeight is used.
[Fastbot]*** WARNING *** java.lang.NullPointerException: Attempt to read from field 'com.android.server.wm.DisplayFrames com.android.server.wm.DisplayContent.mDisplayFrames' on a null object reference
[Fastbot][2026-04-09 09:24:01.135]     // Injection Failed com.android.commands.monkey.events.base.MonkeyIMEEvent@6b6dde4
[Fastbot][2026-04-09 09:24:01.138] Sleeping for 244 milliseconds
[Fastbot][2026-04-09 09:24:01.384] [ProxyServer] Finish monkey step. Dumping hierarchy
[Fastbot][2026-04-09 09:24:01.384] --> POST http://127.0.0.1:9008/jsonrpc/0
[Fastbot][2026-04-09 09:24:01.384] Content-Type: application/json; charset=utf-8
[Fastbot][2026-04-09 09:24:01.384] Content-Length: 75
[Fastbot][2026-04-09 09:24:01.384] 
[Fastbot][2026-04-09 09:24:01.384] {"id":1,"jsonrpc":"2.0","method":"dumpWindowHierarchy","params":[false,50]}
[Fastbot][2026-04-09 09:24:01.384] --> END POST (75-byte body)
[Fastbot][2026-04-09 09:24:02.384] <-- 200 OK  http://127.0.0.1:9008/jsonrpc/0 (998ms)
[Fastbot][2026-04-09 09:24:02.384] Content-Type: application/json
[Fastbot][2026-04-09 09:24:02.384] Date: Thu, 9 Apr 2026 09:24:02 GMT
[Fastbot][2026-04-09 09:24:02.384] Connection: keep-alive
[Fastbot][2026-04-09 09:24:02.385] Transfer-Encoding: chunked
[Fastbot][2026-04-09 09:24:02.387] 
[Fastbot][2026-04-09 09:24:02.388] {"jsonrpc":"2.0","id":1,"result":"<?xml version='1.0' encoding='UTF-8' standalone='yes' ?>\r\n<hierarchy rotation=\"0\">\r\n  <node index=\"0\" text=\"\" resource-id=\"\" class=\"android.widget.FrameLayout\" package=\"com.amaze.filemanager.debug\" content-desc=\"\" checkable=\"false\" checked=\"fals...[truncated]
[Fastbot][2026-04-09 09:24:02.388] <-- END HTTP (85778-byte body)
[Fastbot][2026-04-09 09:24:02.439] [ProxyServer] stepsCount: 31
[Fastbot][2026-04-09 09:24:02.439] [ProxyServer] receive request: stepMonkey
[Fastbot][2026-04-09 09:24:02.439] [MonkeySourceApeU2] stepsCount: 31
[Fastbot][2026-04-09 09:24:02.440] [MonkeySourceApeU2] Latest event is MonkeyEvent. Use the cached hierarchy.
[Fastbot][2026-04-09 09:24:02.440] [MonkeySourceApeU2] Successfully Got hierarchy
[Fastbot][2026-04-09 09:24:02.444] // Event id: 384
[Fastbot][2026-04-09 09:24:02.445] topActivity Name: ComponentInfo{com.amaze.filemanager.debug/com.amaze.filemanager.ui.activities.MainActivity}
[Fastbot][2026-04-09 09:24:02.446] // Dumped stringOfGuiTree
[Fastbot][2026-04-09 09:24:02.447] topActivityName: com.amaze.filemanager.ui.activities.MainActivity
[Fastbot][2026-04-09 09:24:02.455] action type: LONG_CLICK
[Fastbot][2026-04-09 09:24:02.455] rpc cost time: 10
[Fastbot][2026-04-09 09:24:02.457] :Sending rotation degree=0, persist=false
[Fastbot][2026-04-09 09:24:02.488] :Sending Touch (ACTION_DOWN): 0:(186.0,126.0)
[Fastbot][2026-04-09 09:24:02.489] Wait Event for 1000 milliseconds
[Fastbot][2026-04-09 09:24:03.501] :Sending Touch (ACTION_UP): 0:(186.0,126.0)
[Fastbot][2026-04-09 09:24:03.503] Sleeping for 241 milliseconds
[Fastbot][2026-04-09 09:24:03.765] [ProxyServer] Finish monkey step. Dumping hierarchy
[Fastbot][2026-04-09 09:24:03.765] --> POST http://127.0.0.1:9008/jsonrpc/0
[Fastbot][2026-04-09 09:24:03.765] Content-Type: application/json; charset=utf-8
[Fastbot][2026-04-09 09:24:03.765] Content-Length: 75
[Fastbot][2026-04-09 09:24:03.766] 
[Fastbot][2026-04-09 09:24:03.766] {"id":1,"jsonrpc":"2.0","method":"dumpWindowHierarchy","params":[false,50]}
[Fastbot][2026-04-09 09:24:03.766] --> END POST (75-byte body)
[Fastbot][2026-04-09 09:24:04.153] <-- 200 OK  http://127.0.0.1:9008/jsonrpc/0 (387ms)
[Fastbot][2026-04-09 09:24:04.153] Content-Type: application/json
[Fastbot][2026-04-09 09:24:04.153] Date: Thu, 9 Apr 2026 09:24:04 GMT
[Fastbot][2026-04-09 09:24:04.153] Connection: keep-alive
[Fastbot][2026-04-09 09:24:04.154] Transfer-Encoding: chunked
[Fastbot][2026-04-09 09:24:04.156] 
[Fastbot][2026-04-09 09:24:04.156] {"jsonrpc":"2.0","id":1,"result":"<?xml version='1.0' encoding='UTF-8' standalone='yes' ?>\r\n<hierarchy rotation=\"0\">\r\n  <node index=\"0\" text=\"\" resource-id=\"\" class=\"android.widget.FrameLayout\" package=\"com.amaze.filemanager.debug\" content-desc=\"\" checkable=\"false\" checked=\"fals...[truncated]
[Fastbot][2026-04-09 09:24:04.157] <-- END HTTP (85778-byte body)
[Fastbot][2026-04-09 09:24:04.198] [ProxyServer] stepsCount: 32
[Fastbot][2026-04-09 09:24:04.198] [ProxyServer] receive request: stepMonkey
[Fastbot][2026-04-09 09:24:04.199] [MonkeySourceApeU2] stepsCount: 32
[Fastbot][2026-04-09 09:24:04.199] [MonkeySourceApeU2] Latest event is MonkeyEvent. Use the cached hierarchy.
[Fastbot][2026-04-09 09:24:04.199] [MonkeySourceApeU2] Successfully Got hierarchy
[Fastbot][2026-04-09 09:24:04.202] // Event id: 389
[Fastbot][2026-04-09 09:24:04.202] topActivity Name: ComponentInfo{com.amaze.filemanager.debug/com.amaze.filemanager.ui.activities.MainActivity}
[Fastbot][2026-04-09 09:24:04.202] // Dumped stringOfGuiTree
[Fastbot][2026-04-09 09:24:04.202] topActivityName: com.amaze.filemanager.ui.activities.MainActivity
[Fastbot][2026-04-09 09:24:04.207] action type: CLICK
[Fastbot][2026-04-09 09:24:04.207] rpc cost time: 5
[Fastbot]*** WARNING *** checkVirtualKeyboard: Input only once.
[Fastbot][2026-04-09 09:24:04.230] :Sending rotation degree=0, persist=false
[Fastbot][2026-04-09 09:24:04.236] :Sending Touch (ACTION_DOWN): 0:(691.0,376.0)
[Fastbot][2026-04-09 09:24:04.237] :Sending Touch (ACTION_UP): 0:(691.0,376.0)
[Fastbot][2026-04-09 09:24:04.239] Sleeping for 276 milliseconds
[Fastbot][2026-04-09 09:24:04.517] [ProxyServer] Finish monkey step. Dumping hierarchy
[Fastbot][2026-04-09 09:24:04.518] --> POST http://127.0.0.1:9008/jsonrpc/0
[Fastbot][2026-04-09 09:24:04.518] Content-Type: application/json; charset=utf-8
[Fastbot][2026-04-09 09:24:04.518] Content-Length: 75
[Fastbot][2026-04-09 09:24:04.518] 
[Fastbot][2026-04-09 09:24:04.518] {"id":1,"jsonrpc":"2.0","method":"dumpWindowHierarchy","params":[false,50]}
[Fastbot][2026-04-09 09:24:04.518] --> END POST (75-byte body)
[Fastbot][2026-04-09 09:24:04.565] <-- 200 OK  http://127.0.0.1:9008/jsonrpc/0 (46ms)
[Fastbot][2026-04-09 09:24:04.565] Content-Type: application/json
[Fastbot][2026-04-09 09:24:04.565] Date: Thu, 9 Apr 2026 09:24:04 GMT
[Fastbot][2026-04-09 09:24:04.565] Connection: keep-alive
[Fastbot][2026-04-09 09:24:04.565] Transfer-Encoding: chunked
[Fastbot][2026-04-09 09:24:04.567] 
[Fastbot][2026-04-09 09:24:04.568] {"jsonrpc":"2.0","id":1,"result":"<?xml version='1.0' encoding='UTF-8' standalone='yes' ?>\r\n<hierarchy rotation=\"0\">\r\n  <node index=\"0\" text=\"\" resource-id=\"\" class=\"android.widget.FrameLayout\" package=\"com.amaze.filemanager.debug\" content-desc=\"\" checkable=\"false\" checked=\"fals...[truncated]
[Fastbot][2026-04-09 09:24:04.568] <-- END HTTP (85778-byte body)
[Fastbot][2026-04-09 09:24:04.613] [ProxyServer] stepsCount: 33
[Fastbot][2026-04-09 09:24:04.613] [ProxyServer] receive request: stepMonkey
[Fastbot][2026-04-09 09:24:04.614] [MonkeySourceApeU2] stepsCount: 33
[Fastbot][2026-04-09 09:24:04.614] [MonkeySourceApeU2] Latest event is MonkeyEvent. Use the cached hierarchy.
[Fastbot][2026-04-09 09:24:04.614] [MonkeySourceApeU2] Successfully Got hierarchy
[Fastbot][2026-04-09 09:24:04.616] // Event id: 393
[Fastbot][2026-04-09 09:24:04.616] topActivity Name: ComponentInfo{com.amaze.filemanager.debug/com.amaze.filemanager.ui.activities.MainActivity}
[Fastbot][2026-04-09 09:24:04.617] // Dumped stringOfGuiTree
[Fastbot][2026-04-09 09:24:04.617] topActivityName: com.amaze.filemanager.ui.activities.MainActivity
[Fastbot][2026-04-09 09:24:04.622] action type: CLICK
[Fastbot][2026-04-09 09:24:04.622] rpc cost time: 5
[Fastbot]*** WARNING *** checkVirtualKeyboard: Input only once.
[Fastbot][2026-04-09 09:24:04.627] :Sending rotation degree=0, persist=false
[Fastbot][2026-04-09 09:24:04.634] :Sending Touch (ACTION_DOWN): 0:(78.0,458.0)
[Fastbot][2026-04-09 09:24:04.635] :Sending Touch (ACTION_UP): 0:(78.0,458.0)
[Fastbot][2026-04-09 09:24:04.637] Sleeping for 282 milliseconds
[Fastbot][2026-04-09 09:24:04.921] [ProxyServer] Finish monkey step. Dumping hierarchy
[Fastbot][2026-04-09 09:24:04.922] --> POST http://127.0.0.1:9008/jsonrpc/0
[Fastbot][2026-04-09 09:24:04.922] Content-Type: application/json; charset=utf-8
[Fastbot][2026-04-09 09:24:04.922] Content-Length: 75
[Fastbot][2026-04-09 09:24:04.922] 
[Fastbot][2026-04-09 09:24:04.922] {"id":1,"jsonrpc":"2.0","method":"dumpWindowHierarchy","params":[false,50]}
[Fastbot][2026-04-09 09:24:04.923] --> END POST (75-byte body)
[Fastbot][2026-04-09 09:24:05.028] <-- 200 OK  http://127.0.0.1:9008/jsonrpc/0 (105ms)
[Fastbot][2026-04-09 09:24:05.029] Content-Type: application/json
[Fastbot][2026-04-09 09:24:05.029] Date: Thu, 9 Apr 2026 09:24:05 GMT
[Fastbot][2026-04-09 09:24:05.029] Connection: keep-alive
[Fastbot][2026-04-09 09:24:05.029] Transfer-Encoding: chunked
[Fastbot][2026-04-09 09:24:05.031] 
[Fastbot][2026-04-09 09:24:05.032] {"jsonrpc":"2.0","id":1,"result":"<?xml version='1.0' encoding='UTF-8' standalone='yes' ?>\r\n<hierarchy rotation=\"0\">\r\n  <node index=\"0\" text=\"\" resource-id=\"\" class=\"android.widget.FrameLayout\" package=\"com.amaze.filemanager.debug\" content-desc=\"\" checkable=\"false\" checked=\"fals...[truncated]
[Fastbot][2026-04-09 09:24:05.032] <-- END HTTP (87828-byte body)
[Fastbot][2026-04-09 09:24:05.102] [ProxyServer] stepsCount: 34
[Fastbot][2026-04-09 09:24:05.103] [ProxyServer] receive request: stepMonkey
[Fastbot][2026-04-09 09:24:05.103] [MonkeySourceApeU2] stepsCount: 34
[Fastbot][2026-04-09 09:24:05.103] [MonkeySourceApeU2] Latest event is MonkeyEvent. Use the cached hierarchy.
[Fastbot][2026-04-09 09:24:05.104] [MonkeySourceApeU2] Successfully Got hierarchy
[Fastbot][2026-04-09 09:24:05.107] // Event id: 397
[Fastbot][2026-04-09 09:24:05.107] topActivity Name: ComponentInfo{com.amaze.filemanager.debug/com.amaze.filemanager.ui.activities.MainActivity}
[Fastbot][2026-04-09 09:24:05.107] // Dumped stringOfGuiTree
[Fastbot][2026-04-09 09:24:05.108] topActivityName: com.amaze.filemanager.ui.activities.MainActivity
[Fastbot][2026-04-09 09:24:05.115] action type: CLICK
[Fastbot][2026-04-09 09:24:05.115] rpc cost time: 8
[Fastbot]*** WARNING *** checkVirtualKeyboard: Input only once.
[Fastbot][2026-04-09 09:24:05.116] :Sending rotation degree=0, persist=false
[Fastbot][2026-04-09 09:24:05.122] :Sending Touch (ACTION_DOWN): 0:(765.0,747.0)
[Fastbot][2026-04-09 09:24:05.125] :Sending Touch (ACTION_UP): 0:(765.0,747.0)
[Fastbot][2026-04-09 09:24:05.128] Sleeping for 282 milliseconds
[Fastbot][2026-04-09 09:24:05.428] [ProxyServer] Finish monkey step. Dumping hierarchy
[Fastbot][2026-04-09 09:24:05.428] --> POST http://127.0.0.1:9008/jsonrpc/0
[Fastbot][2026-04-09 09:24:05.428] Content-Type: application/json; charset=utf-8
[Fastbot][2026-04-09 09:24:05.429] Content-Length: 75
[Fastbot][2026-04-09 09:24:05.429] 
[Fastbot][2026-04-09 09:24:05.429] {"id":1,"jsonrpc":"2.0","method":"dumpWindowHierarchy","params":[false,50]}
[Fastbot][2026-04-09 09:24:05.429] --> END POST (75-byte body)
[Fastbot][2026-04-09 09:24:05.817] <-- 200 OK  http://127.0.0.1:9008/jsonrpc/0 (387ms)
[Fastbot][2026-04-09 09:24:05.817] Content-Type: application/json
[Fastbot][2026-04-09 09:24:05.817] Date: Thu, 9 Apr 2026 09:24:05 GMT
[Fastbot][2026-04-09 09:24:05.817] Connection: keep-alive
[Fastbot][2026-04-09 09:24:05.817] Transfer-Encoding: chunked
[Fastbot][2026-04-09 09:24:05.819] 
[Fastbot][2026-04-09 09:24:05.819] {"jsonrpc":"2.0","id":1,"result":"<?xml version='1.0' encoding='UTF-8' standalone='yes' ?>\r\n<hierarchy rotation=\"0\">\r\n  <node index=\"0\" text=\"\" resource-id=\"com.android.systemui:id/navigation_bar_frame\" class=\"android.widget.FrameLayout\" package=\"com.android.systemui\" content-desc=\"...[truncated]
[Fastbot][2026-04-09 09:24:05.819] <-- END HTTP (33091-byte body)
[Fastbot][2026-04-09 09:24:05.848] [ProxyServer] stepsCount: 35
[Fastbot][2026-04-09 09:24:05.848] [ProxyServer] receive request: stepMonkey
[Fastbot][2026-04-09 09:24:05.848] [MonkeySourceApeU2] stepsCount: 35
[Fastbot][2026-04-09 09:24:05.848] [MonkeySourceApeU2] Latest event is MonkeyEvent. Use the cached hierarchy.
[Fastbot][2026-04-09 09:24:05.848] [MonkeySourceApeU2] Successfully Got hierarchy
[Fastbot][2026-04-09 09:24:05.851] // Event id: 401
[Fastbot][2026-04-09 09:24:05.851] topActivity Name: ComponentInfo{com.amaze.filemanager.debug/com.amaze.filemanager.ui.activities.MainActivity}
[Fastbot][2026-04-09 09:24:05.851] // Dumped stringOfGuiTree
[Fastbot][2026-04-09 09:24:05.851] topActivityName: com.amaze.filemanager.ui.activities.MainActivity
[Fastbot][2026-04-09 09:24:05.853] action type: CLICK
[Fastbot][2026-04-09 09:24:05.853] rpc cost time: 2
[Fastbot]*** WARNING *** checkVirtualKeyboard: Input only once.
[Fastbot][2026-04-09 09:24:05.855] :Sending rotation degree=0, persist=false
[Fastbot][2026-04-09 09:24:05.864] :Sending Touch (ACTION_DOWN): 0:(163.0,904.0)
[Fastbot][2026-04-09 09:24:05.866] :Sending Touch (ACTION_UP): 0:(163.0,904.0)
[Fastbot][2026-04-09 09:24:05.869] Sleeping for 274 milliseconds
[Fastbot][2026-04-09 09:24:06.145] [ProxyServer] Finish monkey step. Dumping hierarchy
[Fastbot][2026-04-09 09:24:06.146] --> POST http://127.0.0.1:9008/jsonrpc/0
[Fastbot][2026-04-09 09:24:06.146] Content-Type: application/json; charset=utf-8
[Fastbot][2026-04-09 09:24:06.146] Content-Length: 75
[Fastbot][2026-04-09 09:24:06.146] 
[Fastbot][2026-04-09 09:24:06.146] {"id":1,"jsonrpc":"2.0","method":"dumpWindowHierarchy","params":[false,50]}
[Fastbot][2026-04-09 09:24:06.147] --> END POST (75-byte body)
[Fastbot][2026-04-09 09:24:06.244] <-- 200 OK  http://127.0.0.1:9008/jsonrpc/0 (96ms)
[Fastbot][2026-04-09 09:24:06.244] Content-Type: application/json
[Fastbot][2026-04-09 09:24:06.244] Date: Thu, 9 Apr 2026 09:24:06 GMT
[Fastbot][2026-04-09 09:24:06.244] Connection: keep-alive
[Fastbot][2026-04-09 09:24:06.244] Transfer-Encoding: chunked
[Fastbot][2026-04-09 09:24:06.245] 
[Fastbot][2026-04-09 09:24:06.245] {"jsonrpc":"2.0","id":1,"result":"<?xml version='1.0' encoding='UTF-8' standalone='yes' ?>\r\n<hierarchy rotation=\"0\">\r\n  <node index=\"0\" text=\"\" resource-id=\"com.android.systemui:id/navigation_bar_frame\" class=\"android.widget.FrameLayout\" package=\"com.android.systemui\" content-desc=\"...[truncated]
[Fastbot][2026-04-09 09:24:06.245] <-- END HTTP (35978-byte body)
[Fastbot][2026-04-09 09:24:06.271] [ProxyServer] stepsCount: 36
[Fastbot][2026-04-09 09:24:06.271] [ProxyServer] receive request: stepMonkey
[Fastbot][2026-04-09 09:24:06.284] [MonkeySourceApeU2] stepsCount: 36
[Fastbot][2026-04-09 09:24:06.286] [MonkeySourceApeU2] Latest event is MonkeyEvent. Use the cached hierarchy.
[Fastbot][2026-04-09 09:24:06.287] [MonkeySourceApeU2] Successfully Got hierarchy
[Fastbot][2026-04-09 09:24:06.292] // Event id: 405
[Fastbot][2026-04-09 09:24:06.292] topActivity Name: ComponentInfo{com.amaze.filemanager.debug/com.amaze.filemanager.ui.activities.MainActivity}
[Fastbot][2026-04-09 09:24:06.293] // Dumped stringOfGuiTree
[Fastbot][2026-04-09 09:24:06.308] topActivityName: com.amaze.filemanager.ui.activities.MainActivity
[Fastbot][2026-04-09 09:24:06.313] action type: CLICK
[Fastbot][2026-04-09 09:24:06.313] rpc cost time: 20
[Fastbot]*** WARNING *** checkVirtualKeyboard: Input only once.
[Fastbot][2026-04-09 09:24:06.316] :Sending rotation degree=0, persist=false
[Fastbot][2026-04-09 09:24:06.321] :Sending Touch (ACTION_DOWN): 0:(816.0,1511.0)
[Fastbot][2026-04-09 09:24:06.325] :Sending Touch (ACTION_UP): 0:(816.0,1511.0)
[Fastbot][2026-04-09 09:24:06.329] Sleeping for 214 milliseconds
[Fastbot][2026-04-09 09:24:06.560] [ProxyServer] Finish monkey step. Dumping hierarchy
[Fastbot][2026-04-09 09:24:06.561] --> POST http://127.0.0.1:9008/jsonrpc/0
[Fastbot][2026-04-09 09:24:06.561] Content-Type: application/json; charset=utf-8
[Fastbot][2026-04-09 09:24:06.561] Content-Length: 75
[Fastbot][2026-04-09 09:24:06.562] 
[Fastbot][2026-04-09 09:24:06.562] {"id":1,"jsonrpc":"2.0","method":"dumpWindowHierarchy","params":[false,50]}
[Fastbot][2026-04-09 09:24:06.565] --> END POST (75-byte body)
[Fastbot][2026-04-09 09:24:07.822] <-- 200 OK  http://127.0.0.1:9008/jsonrpc/0 (1256ms)
[Fastbot][2026-04-09 09:24:07.822] Content-Type: application/json
[Fastbot][2026-04-09 09:24:07.822] Date: Thu, 9 Apr 2026 09:24:07 GMT
[Fastbot][2026-04-09 09:24:07.822] Connection: keep-alive
[Fastbot][2026-04-09 09:24:07.822] Transfer-Encoding: chunked
[Fastbot][2026-04-09 09:24:07.824] 
[Fastbot][2026-04-09 09:24:07.825] {"jsonrpc":"2.0","id":1,"result":"<?xml version='1.0' encoding='UTF-8' standalone='yes' ?>\r\n<hierarchy rotation=\"0\">\r\n  <node index=\"0\" text=\"\" resource-id=\"\" class=\"android.widget.FrameLayout\" package=\"com.amaze.filemanager.debug\" content-desc=\"\" checkable=\"false\" checked=\"fals...[truncated]
[Fastbot][2026-04-09 09:24:07.825] <-- END HTTP (87823-byte body)
[Fastbot][2026-04-09 09:24:07.850] [ProxyServer] stepsCount: 37
[Fastbot][2026-04-09 09:24:07.851] [ProxyServer] receive request: stepMonkey
[Fastbot][2026-04-09 09:24:07.851] [MonkeySourceApeU2] stepsCount: 37
[Fastbot][2026-04-09 09:24:07.851] [MonkeySourceApeU2] Latest event is MonkeyEvent. Use the cached hierarchy.
[Fastbot][2026-04-09 09:24:07.852] [MonkeySourceApeU2] Successfully Got hierarchy
[Fastbot][2026-04-09 09:24:07.855] // Event id: 409
[Fastbot][2026-04-09 09:24:07.855] topActivity Name: ComponentInfo{com.amaze.filemanager.debug/com.amaze.filemanager.ui.activities.MainActivity}
[Fastbot][2026-04-09 09:24:07.855] // Dumped stringOfGuiTree
[Fastbot][2026-04-09 09:24:07.855] topActivityName: com.amaze.filemanager.ui.activities.MainActivity
[Fastbot][2026-04-09 09:24:07.872] action type: CLICK
[Fastbot][2026-04-09 09:24:07.872] rpc cost time: 17
[Fastbot]*** WARNING *** checkVirtualKeyboard: Input only once.
[Fastbot][2026-04-09 09:24:07.874] :Sending rotation degree=0, persist=false
[Fastbot][2026-04-09 09:24:07.881] :Sending Touch (ACTION_DOWN): 0:(237.0,609.0)
[Fastbot][2026-04-09 09:24:07.885] :Sending Touch (ACTION_UP): 0:(237.0,609.0)
[Fastbot][2026-04-09 09:24:07.891] Sleeping for 214 milliseconds
[Fastbot][2026-04-09 09:24:08.153] [ProxyServer] Finish monkey step. Dumping hierarchy
[Fastbot][2026-04-09 09:24:08.153] --> POST http://127.0.0.1:9008/jsonrpc/0
[Fastbot][2026-04-09 09:24:08.154] Content-Type: application/json; charset=utf-8
[Fastbot][2026-04-09 09:24:08.154] Content-Length: 75
[Fastbot][2026-04-09 09:24:08.154] 
[Fastbot][2026-04-09 09:24:08.154] {"id":1,"jsonrpc":"2.0","method":"dumpWindowHierarchy","params":[false,50]}
[Fastbot][2026-04-09 09:24:08.154] --> END POST (75-byte body)
[Fastbot][2026-04-09 09:24:09.152] <-- 200 OK  http://127.0.0.1:9008/jsonrpc/0 (998ms)
[Fastbot][2026-04-09 09:24:09.153] Content-Type: application/json
[Fastbot][2026-04-09 09:24:09.153] Date: Thu, 9 Apr 2026 09:24:09 GMT
[Fastbot][2026-04-09 09:24:09.153] Connection: keep-alive
[Fastbot][2026-04-09 09:24:09.153] Transfer-Encoding: chunked
[Fastbot][2026-04-09 09:24:09.154] 
[Fastbot][2026-04-09 09:24:09.155] {"jsonrpc":"2.0","id":1,"result":"<?xml version='1.0' encoding='UTF-8' standalone='yes' ?>\r\n<hierarchy rotation=\"0\">\r\n  <node index=\"0\" text=\"\" resource-id=\"\" class=\"android.widget.FrameLayout\" package=\"com.amaze.filemanager.debug\" content-desc=\"\" checkable=\"false\" checked=\"fals...[truncated]
[Fastbot][2026-04-09 09:24:09.156] <-- END HTTP (93370-byte body)
[Fastbot][2026-04-09 09:24:09.203] [ProxyServer] stepsCount: 38
[Fastbot][2026-04-09 09:24:09.203] [ProxyServer] receive request: stepMonkey
[Fastbot][2026-04-09 09:24:09.203] [MonkeySourceApeU2] stepsCount: 38
[Fastbot][2026-04-09 09:24:09.203] [MonkeySourceApeU2] Latest event is MonkeyEvent. Use the cached hierarchy.
[Fastbot][2026-04-09 09:24:09.204] [MonkeySourceApeU2] Successfully Got hierarchy
[Fastbot][2026-04-09 09:24:09.206] // Event id: 413
[Fastbot][2026-04-09 09:24:09.206] topActivity Name: ComponentInfo{com.amaze.filemanager.debug/com.amaze.filemanager.ui.activities.MainActivity}
[Fastbot][2026-04-09 09:24:09.206] // Dumped stringOfGuiTree
[Fastbot][2026-04-09 09:24:09.206] topActivityName: com.amaze.filemanager.ui.activities.MainActivity
[Fastbot][2026-04-09 09:24:09.217] action type: CLICK
[Fastbot][2026-04-09 09:24:09.217] rpc cost time: 11
[Fastbot]*** WARNING *** checkVirtualKeyboard: Input only once.
[Fastbot][2026-04-09 09:24:09.218] :Sending rotation degree=0, persist=false
[Fastbot][2026-04-09 09:24:09.232] :Sending Touch (ACTION_DOWN): 0:(391.0,560.0)
[Fastbot][2026-04-09 09:24:09.234] :Sending Touch (ACTION_UP): 0:(391.0,560.0)
[Fastbot][2026-04-09 09:24:09.236] Sleeping for 220 milliseconds
[Fastbot][2026-04-09 09:24:09.458] [ProxyServer] Finish monkey step. Dumping hierarchy
[Fastbot][2026-04-09 09:24:09.458] --> POST http://127.0.0.1:9008/jsonrpc/0
[Fastbot][2026-04-09 09:24:09.459] Content-Type: application/json; charset=utf-8
[Fastbot][2026-04-09 09:24:09.459] Content-Length: 75
[Fastbot][2026-04-09 09:24:09.460] 
[Fastbot][2026-04-09 09:24:09.460] {"id":1,"jsonrpc":"2.0","method":"dumpWindowHierarchy","params":[false,50]}
[Fastbot][2026-04-09 09:24:09.460] --> END POST (75-byte body)
[Fastbot][2026-04-09 09:24:10.406] <-- 200 OK  http://127.0.0.1:9008/jsonrpc/0 (945ms)
[Fastbot][2026-04-09 09:24:10.406] Content-Type: application/json
[Fastbot][2026-04-09 09:24:10.406] Date: Thu, 9 Apr 2026 09:24:10 GMT
[Fastbot][2026-04-09 09:24:10.406] Connection: keep-alive
[Fastbot][2026-04-09 09:24:10.406] Transfer-Encoding: chunked
[Fastbot][2026-04-09 09:24:10.409] 
[Fastbot][2026-04-09 09:24:10.410] {"jsonrpc":"2.0","id":1,"result":"<?xml version='1.0' encoding='UTF-8' standalone='yes' ?>\r\n<hierarchy rotation=\"0\">\r\n  <node index=\"0\" text=\"\" resource-id=\"\" class=\"android.widget.FrameLayout\" package=\"com.amaze.filemanager.debug\" content-desc=\"\" checkable=\"false\" checked=\"fals...[truncated]
[Fastbot][2026-04-09 09:24:10.410] <-- END HTTP (92819-byte body)
[Fastbot][2026-04-09 09:24:10.439] [ProxyServer] stepsCount: 39
[Fastbot][2026-04-09 09:24:10.439] [ProxyServer] receive request: stepMonkey
[Fastbot][2026-04-09 09:24:10.440] [MonkeySourceApeU2] stepsCount: 39
[Fastbot][2026-04-09 09:24:10.440] [MonkeySourceApeU2] Latest event is MonkeyEvent. Use the cached hierarchy.
[Fastbot][2026-04-09 09:24:10.441] [MonkeySourceApeU2] Successfully Got hierarchy
[Fastbot][2026-04-09 09:24:10.474] // Event id: 417
[Fastbot][2026-04-09 09:24:10.475] topActivity Name: ComponentInfo{com.amaze.filemanager.debug/com.amaze.filemanager.ui.activities.MainActivity}
[Fastbot][2026-04-09 09:24:10.476] // Dumped stringOfGuiTree
[Fastbot][2026-04-09 09:24:10.476] topActivityName: com.amaze.filemanager.ui.activities.MainActivity
[Fastbot][2026-04-09 09:24:10.481] action type: CLICK
[Fastbot][2026-04-09 09:24:10.481] rpc cost time: 5
[Fastbot]*** WARNING *** checkVirtualKeyboard: Input only once.
[Fastbot][2026-04-09 09:24:10.483] :Sending rotation degree=0, persist=false
[Fastbot][2026-04-09 09:24:10.486] :Sending Touch (ACTION_DOWN): 0:(94.0,182.0)
[Fastbot][2026-04-09 09:24:10.487] :Sending Touch (ACTION_UP): 0:(94.0,182.0)
[Fastbot][2026-04-09 09:24:10.488] Sleeping for 291 milliseconds
[Fastbot][2026-04-09 09:24:10.788] [ProxyServer] Finish monkey step. Dumping hierarchy
[Fastbot][2026-04-09 09:24:10.789] --> POST http://127.0.0.1:9008/jsonrpc/0
[Fastbot][2026-04-09 09:24:10.789] Content-Type: application/json; charset=utf-8
[Fastbot][2026-04-09 09:24:10.789] Content-Length: 75
[Fastbot][2026-04-09 09:24:10.789] 
[Fastbot][2026-04-09 09:24:10.789] {"id":1,"jsonrpc":"2.0","method":"dumpWindowHierarchy","params":[false,50]}
[Fastbot][2026-04-09 09:24:10.789] --> END POST (75-byte body)
[Fastbot][2026-04-09 09:24:11.933] <-- 200 OK  http://127.0.0.1:9008/jsonrpc/0 (1143ms)
[Fastbot][2026-04-09 09:24:11.933] Content-Type: application/json
[Fastbot][2026-04-09 09:24:11.933] Date: Thu, 9 Apr 2026 09:24:11 GMT
[Fastbot][2026-04-09 09:24:11.933] Connection: keep-alive
[Fastbot][2026-04-09 09:24:11.933] Transfer-Encoding: chunked
[Fastbot][2026-04-09 09:24:11.935] 
[Fastbot][2026-04-09 09:24:11.935] {"jsonrpc":"2.0","id":1,"result":"<?xml version='1.0' encoding='UTF-8' standalone='yes' ?>\r\n<hierarchy rotation=\"0\">\r\n  <node index=\"0\" text=\"\" resource-id=\"\" class=\"android.widget.FrameLayout\" package=\"com.amaze.filemanager.debug\" content-desc=\"\" checkable=\"false\" checked=\"fals...[truncated]
[Fastbot][2026-04-09 09:24:11.935] <-- END HTTP (82276-byte body)
[Fastbot][2026-04-09 09:24:12.003] [Proxy Server] Forwarding
[Fastbot][2026-04-09 09:24:12.003] --> POST http://127.0.0.1:9008/jsonrpc/0
[Fastbot][2026-04-09 09:24:12.003] Content-Type: application/json; charset=utf-8
[Fastbot][2026-04-09 09:24:12.003] Content-Length: 217
[Fastbot][2026-04-09 09:24:12.004] 
[Fastbot][2026-04-09 09:24:12.005] {"jsonrpc": "2.0", "id": 1, "method": "waitForExists", "params": [{"mask": 10485760, "childOrSibling": [], "childOrSiblingSelector": [], "resourceId": "com.amaze.filemanager.debug:id/sd_main_fab", "index": 0}, 20000]}
[Fastbot][2026-04-09 09:24:12.005] --> END POST (217-byte body)
[Fastbot][2026-04-09 09:24:12.501] <-- 200 OK  http://127.0.0.1:9008/jsonrpc/0 (495ms)
[Fastbot][2026-04-09 09:24:12.502] Content-Type: application/json
[Fastbot][2026-04-09 09:24:12.502] Date: Thu, 9 Apr 2026 09:24:12 GMT
[Fastbot][2026-04-09 09:24:12.502] Connection: keep-alive
[Fastbot][2026-04-09 09:24:12.502] Transfer-Encoding: chunked
[Fastbot][2026-04-09 09:24:12.502] 
[Fastbot][2026-04-09 09:24:12.503] {"jsonrpc":"2.0","id":1,"result":true}

[Fastbot][2026-04-09 09:24:12.503] <-- END HTTP (39-byte body)
[Fastbot][2026-04-09 09:24:12.531] [Proxy Server] Forwarding
[Fastbot][2026-04-09 09:24:12.532] --> POST http://127.0.0.1:9008/jsonrpc/0
[Fastbot][2026-04-09 09:24:12.532] Content-Type: application/json; charset=utf-8
[Fastbot][2026-04-09 09:24:12.532] Content-Length: 204
[Fastbot][2026-04-09 09:24:12.532] 
[Fastbot][2026-04-09 09:24:12.532] {"jsonrpc": "2.0", "id": 1, "method": "objInfo", "params": [{"mask": 10485760, "childOrSibling": [], "childOrSiblingSelector": [], "resourceId": "com.amaze.filemanager.debug:id/sd_main_fab", "index": 0}]}
[Fastbot][2026-04-09 09:24:12.532] --> END POST (204-byte body)
[Fastbot][2026-04-09 09:24:13.153] <-- 200 OK  http://127.0.0.1:9008/jsonrpc/0 (621ms)
[Fastbot][2026-04-09 09:24:13.154] Content-Type: application/json
[Fastbot][2026-04-09 09:24:13.154] Date: Thu, 9 Apr 2026 09:24:13 GMT
[Fastbot][2026-04-09 09:24:13.154] Connection: keep-alive
[Fastbot][2026-04-09 09:24:13.154] Transfer-Encoding: chunked
[Fastbot][2026-04-09 09:24:13.203] 
[Fastbot][2026-04-09 09:24:13.203] {"jsonrpc":"2.0","id":1,"result":{"bounds":{"bottom":2142,"left":843,"right":1063,"top":1898},"childCount":0,"className":"android.widget.ImageButton","contentDescription":"","packageName":"com.amaze.filemanager.debug","resourceName":null,"text":"","visibleBounds":{"bottom":2142,"left":843,"right":10...[truncated]
[Fastbot][2026-04-09 09:24:13.203] <-- END HTTP (474-byte body)
[Fastbot][2026-04-09 09:24:13.243] [Proxy Server] Detected script method: click
[Fastbot][2026-04-09 09:24:13.243] [Proxy Server] Forwarding
[Fastbot][2026-04-09 09:24:13.243] --> POST http://127.0.0.1:9008/jsonrpc/0
[Fastbot][2026-04-09 09:24:13.243] Content-Type: application/json; charset=utf-8
[Fastbot][2026-04-09 09:24:13.243] Content-Length: 73
[Fastbot][2026-04-09 09:24:13.243] 
[Fastbot][2026-04-09 09:24:13.244] {"jsonrpc": "2.0", "id": 1, "method": "click", "params": [953.0, 2020.0]}
[Fastbot][2026-04-09 09:24:13.244] --> END POST (73-byte body)
[Fastbot][2026-04-09 09:24:13.429] <-- 200 OK  http://127.0.0.1:9008/jsonrpc/0 (185ms)
[Fastbot][2026-04-09 09:24:13.429] Content-Type: application/json
[Fastbot][2026-04-09 09:24:13.429] Date: Thu, 9 Apr 2026 09:24:13 GMT
[Fastbot][2026-04-09 09:24:13.429] Connection: keep-alive
[Fastbot][2026-04-09 09:24:13.429] Transfer-Encoding: chunked
[Fastbot][2026-04-09 09:24:13.430] 
[Fastbot][2026-04-09 09:24:13.430] {"jsonrpc":"2.0","id":1,"result":true}

[Fastbot][2026-04-09 09:24:13.430] <-- END HTTP (39-byte body)
[Fastbot][2026-04-09 09:24:13.973] [Proxy Server] Forwarding
[Fastbot][2026-04-09 09:24:13.974] --> POST http://127.0.0.1:9008/jsonrpc/0
[Fastbot][2026-04-09 09:24:13.974] Content-Type: application/json; charset=utf-8
[Fastbot][2026-04-09 09:24:13.974] Content-Length: 217
[Fastbot][2026-04-09 09:24:13.974] 
[Fastbot][2026-04-09 09:24:13.974] {"jsonrpc": "2.0", "id": 1, "method": "waitForExists", "params": [{"mask": 2097153, "childOrSibling": [], "childOrSiblingSelector": [], "resourceId": "com.amaze.filemanager.debug:id/sd_label", "text": "File"}, 20000]}
[Fastbot][2026-04-09 09:24:13.975] --> END POST (217-byte body)
[Fastbot][2026-04-09 09:24:14.923] <-- 200 OK  http://127.0.0.1:9008/jsonrpc/0 (947ms)
[Fastbot][2026-04-09 09:24:14.923] Content-Type: application/json
[Fastbot][2026-04-09 09:24:14.923] Date: Thu, 9 Apr 2026 09:24:14 GMT
[Fastbot][2026-04-09 09:24:14.923] Connection: keep-alive
[Fastbot][2026-04-09 09:24:14.923] Transfer-Encoding: chunked
[Fastbot][2026-04-09 09:24:14.925] 
[Fastbot][2026-04-09 09:24:14.925] {"jsonrpc":"2.0","id":1,"result":true}

[Fastbot][2026-04-09 09:24:14.925] <-- END HTTP (39-byte body)
[Fastbot][2026-04-09 09:24:14.965] [Proxy Server] Forwarding
[Fastbot][2026-04-09 09:24:14.965] --> POST http://127.0.0.1:9008/jsonrpc/0
[Fastbot][2026-04-09 09:24:14.966] Content-Type: application/json; charset=utf-8
[Fastbot][2026-04-09 09:24:14.966] Content-Length: 204
[Fastbot][2026-04-09 09:24:14.966] 
[Fastbot][2026-04-09 09:24:14.966] {"jsonrpc": "2.0", "id": 1, "method": "objInfo", "params": [{"mask": 2097153, "childOrSibling": [], "childOrSiblingSelector": [], "resourceId": "com.amaze.filemanager.debug:id/sd_label", "text": "File"}]}
[Fastbot][2026-04-09 09:24:14.967] --> END POST (204-byte body)
[Fastbot][2026-04-09 09:24:15.718] <-- 200 OK  http://127.0.0.1:9008/jsonrpc/0 (750ms)
[Fastbot][2026-04-09 09:24:15.718] Content-Type: application/json
[Fastbot][2026-04-09 09:24:15.718] Date: Thu, 9 Apr 2026 09:24:15 GMT
[Fastbot][2026-04-09 09:24:15.718] Connection: keep-alive
[Fastbot][2026-04-09 09:24:15.718] Transfer-Encoding: chunked
[Fastbot][2026-04-09 09:24:15.718] 
[Fastbot][2026-04-09 09:24:15.718] {"jsonrpc":"2.0","id":1,"result":{"bounds":{"bottom":1701,"left":728,"right":812,"top":1648},"childCount":0,"className":"android.widget.TextView","contentDescription":null,"packageName":"com.amaze.filemanager.debug","resourceName":"com.amaze.filemanager.debug:id/sd_label","text":"File","visibleBound...[truncated]
[Fastbot][2026-04-09 09:24:15.719] <-- END HTTP (514-byte body)
[Fastbot][2026-04-09 09:24:15.754] [Proxy Server] Detected script method: click
[Fastbot][2026-04-09 09:24:15.756] [Proxy Server] Forwarding
[Fastbot][2026-04-09 09:24:15.757] --> POST http://127.0.0.1:9008/jsonrpc/0
[Fastbot][2026-04-09 09:24:15.757] Content-Type: application/json; charset=utf-8
[Fastbot][2026-04-09 09:24:15.757] Content-Length: 73
[Fastbot][2026-04-09 09:24:15.757] 
[Fastbot][2026-04-09 09:24:15.758] {"jsonrpc": "2.0", "id": 1, "method": "click", "params": [770.0, 1674.5]}
[Fastbot][2026-04-09 09:24:15.758] --> END POST (73-byte body)
[Fastbot][2026-04-09 09:24:15.945] <-- 200 OK  http://127.0.0.1:9008/jsonrpc/0 (187ms)
[Fastbot][2026-04-09 09:24:15.945] Content-Type: application/json
[Fastbot][2026-04-09 09:24:15.945] Date: Thu, 9 Apr 2026 09:24:15 GMT
[Fastbot][2026-04-09 09:24:15.945] Connection: keep-alive
[Fastbot][2026-04-09 09:24:15.945] Transfer-Encoding: chunked
[Fastbot][2026-04-09 09:24:15.966] 
[Fastbot][2026-04-09 09:24:15.966] {"jsonrpc":"2.0","id":1,"result":true}

[Fastbot][2026-04-09 09:24:15.966] <-- END HTTP (39-byte body)
[Fastbot][2026-04-09 09:24:16.518] [Proxy Server] Forwarding
[Fastbot][2026-04-09 09:24:16.518] --> POST http://127.0.0.1:9008/jsonrpc/0
[Fastbot][2026-04-09 09:24:16.519] Content-Type: application/json; charset=utf-8
[Fastbot][2026-04-09 09:24:16.519] Content-Length: 229
[Fastbot][2026-04-09 09:24:16.519] 
[Fastbot][2026-04-09 09:24:16.519] {"jsonrpc": "2.0", "id": 1, "method": "waitForExists", "params": [{"mask": 2097153, "childOrSibling": [], "childOrSiblingSelector": [], "resourceId": "com.amaze.filemanager.debug:id/singleedittext_input", "text": ".txt"}, 20000]}
[Fastbot][2026-04-09 09:24:16.520] --> END POST (229-byte body)
[Fastbot][2026-04-09 09:24:16.530] <-- 200 OK  http://127.0.0.1:9008/jsonrpc/0 (10ms)
[Fastbot][2026-04-09 09:24:16.530] Content-Type: application/json
[Fastbot][2026-04-09 09:24:16.530] Date: Thu, 9 Apr 2026 09:24:16 GMT
[Fastbot][2026-04-09 09:24:16.530] Connection: keep-alive
[Fastbot][2026-04-09 09:24:16.531] Transfer-Encoding: chunked
[Fastbot][2026-04-09 09:24:16.531] 
[Fastbot][2026-04-09 09:24:16.531] {"jsonrpc":"2.0","id":1,"result":true}

[Fastbot][2026-04-09 09:24:16.531] <-- END HTTP (39-byte body)
[Fastbot][2026-04-09 09:24:16.548] [Proxy Server] Detected script method: setText
[Fastbot][2026-04-09 09:24:16.548] [Proxy Server] Forwarding
[Fastbot][2026-04-09 09:24:16.549] --> POST http://127.0.0.1:9008/jsonrpc/0
[Fastbot][2026-04-09 09:24:16.549] Content-Type: application/json; charset=utf-8
[Fastbot][2026-04-09 09:24:16.549] Content-Length: 227
[Fastbot][2026-04-09 09:24:16.549] 
[Fastbot][2026-04-09 09:24:16.549] {"jsonrpc": "2.0", "id": 1, "method": "setText", "params": [{"mask": 2097153, "childOrSibling": [], "childOrSiblingSelector": [], "resourceId": "com.amaze.filemanager.debug:id/singleedittext_input", "text": ".txt"}, "kA1.txt"]}
[Fastbot][2026-04-09 09:24:16.549] --> END POST (227-byte body)
[Fastbot][2026-04-09 09:24:16.841] <-- 200 OK  http://127.0.0.1:9008/jsonrpc/0 (291ms)
[Fastbot][2026-04-09 09:24:16.841] Content-Type: application/json
[Fastbot][2026-04-09 09:24:16.841] Date: Thu, 9 Apr 2026 09:24:16 GMT
[Fastbot][2026-04-09 09:24:16.841] Connection: keep-alive
[Fastbot][2026-04-09 09:24:16.841] Transfer-Encoding: chunked
[Fastbot][2026-04-09 09:24:16.892] 
[Fastbot][2026-04-09 09:24:16.892] {"jsonrpc":"2.0","id":1,"result":true}

[Fastbot][2026-04-09 09:24:16.893] <-- END HTTP (39-byte body)
[Fastbot][2026-04-09 09:24:17.434] [Proxy Server] Forwarding
[Fastbot][2026-04-09 09:24:17.434] --> POST http://127.0.0.1:9008/jsonrpc/0
[Fastbot][2026-04-09 09:24:17.434] Content-Type: application/json; charset=utf-8
[Fastbot][2026-04-09 09:24:17.434] Content-Length: 235
[Fastbot][2026-04-09 09:24:17.434] 
[Fastbot][2026-04-09 09:24:17.435] {"jsonrpc": "2.0", "id": 1, "method": "waitForExists", "params": [{"mask": 2097153, "childOrSibling": [], "childOrSiblingSelector": [], "resourceId": "com.amaze.filemanager.debug:id/md_buttonDefaultPositive", "text": "CREATE"}, 20000]}
[Fastbot][2026-04-09 09:24:17.435] --> END POST (235-byte body)
[Fastbot][2026-04-09 09:24:17.446] <-- 200 OK  http://127.0.0.1:9008/jsonrpc/0 (11ms)
[Fastbot][2026-04-09 09:24:17.447] Content-Type: application/json
[Fastbot][2026-04-09 09:24:17.447] Date: Thu, 9 Apr 2026 09:24:17 GMT
[Fastbot][2026-04-09 09:24:17.447] Connection: keep-alive
[Fastbot][2026-04-09 09:24:17.447] Transfer-Encoding: chunked
[Fastbot][2026-04-09 09:24:17.448] 
[Fastbot][2026-04-09 09:24:17.448] {"jsonrpc":"2.0","id":1,"result":true}

[Fastbot][2026-04-09 09:24:17.448] <-- END HTTP (39-byte body)
[Fastbot][2026-04-09 09:24:17.479] [Proxy Server] Forwarding
[Fastbot][2026-04-09 09:24:17.480] --> POST http://127.0.0.1:9008/jsonrpc/0
[Fastbot][2026-04-09 09:24:17.480] Content-Type: application/json; charset=utf-8
[Fastbot][2026-04-09 09:24:17.480] Content-Length: 222
[Fastbot][2026-04-09 09:24:17.481] 
[Fastbot][2026-04-09 09:24:17.481] {"jsonrpc": "2.0", "id": 1, "method": "objInfo", "params": [{"mask": 2097153, "childOrSibling": [], "childOrSiblingSelector": [], "resourceId": "com.amaze.filemanager.debug:id/md_buttonDefaultPositive", "text": "CREATE"}]}
[Fastbot][2026-04-09 09:24:17.481] --> END POST (222-byte body)
[Fastbot][2026-04-09 09:24:17.506] <-- 200 OK  http://127.0.0.1:9008/jsonrpc/0 (25ms)
[Fastbot][2026-04-09 09:24:17.506] Content-Type: application/json
[Fastbot][2026-04-09 09:24:17.507] Date: Thu, 9 Apr 2026 09:24:17 GMT
[Fastbot][2026-04-09 09:24:17.507] Connection: keep-alive
[Fastbot][2026-04-09 09:24:17.507] Transfer-Encoding: chunked
[Fastbot][2026-04-09 09:24:17.508] 
[Fastbot][2026-04-09 09:24:17.508] {"jsonrpc":"2.0","id":1,"result":{"bounds":{"bottom":1279,"left":763,"right":915,"top":1213},"childCount":0,"className":"android.widget.TextView","contentDescription":null,"packageName":"com.amaze.filemanager.debug","resourceName":"com.amaze.filemanager.debug:id/md_buttonDefaultPositive","text":"CRE...[truncated]
[Fastbot][2026-04-09 09:24:17.508] <-- END HTTP (530-byte body)
[Fastbot][2026-04-09 09:24:17.524] [Proxy Server] Detected script method: click
[Fastbot][2026-04-09 09:24:17.525] [Proxy Server] Forwarding
[Fastbot][2026-04-09 09:24:17.525] --> POST http://127.0.0.1:9008/jsonrpc/0
[Fastbot][2026-04-09 09:24:17.526] Content-Type: application/json; charset=utf-8
[Fastbot][2026-04-09 09:24:17.526] Content-Length: 73
[Fastbot][2026-04-09 09:24:17.527] 
[Fastbot][2026-04-09 09:24:17.527] {"jsonrpc": "2.0", "id": 1, "method": "click", "params": [839.0, 1246.0]}
[Fastbot][2026-04-09 09:24:17.527] --> END POST (73-byte body)
[Fastbot][2026-04-09 09:24:17.677] <-- 200 OK  http://127.0.0.1:9008/jsonrpc/0 (150ms)
[Fastbot][2026-04-09 09:24:17.678] Content-Type: application/json
[Fastbot][2026-04-09 09:24:17.678] Date: Thu, 9 Apr 2026 09:24:17 GMT
[Fastbot][2026-04-09 09:24:17.678] Connection: keep-alive
[Fastbot][2026-04-09 09:24:17.678] Transfer-Encoding: chunked
[Fastbot][2026-04-09 09:24:17.722] 
[Fastbot][2026-04-09 09:24:17.722] {"jsonrpc":"2.0","id":1,"result":true}

[Fastbot][2026-04-09 09:24:17.722] <-- END HTTP (39-byte body)
[Fastbot][2026-04-09 09:24:18.505] --> POST http://127.0.0.1:9008/jsonrpc/0
[Fastbot][2026-04-09 09:24:18.506] Content-Type: application/json; charset=utf-8
[Fastbot][2026-04-09 09:24:18.506] Content-Length: 75
[Fastbot][2026-04-09 09:24:18.506] 
[Fastbot][2026-04-09 09:24:18.506] {"id":1,"jsonrpc":"2.0","method":"dumpWindowHierarchy","params":[false,50]}
[Fastbot][2026-04-09 09:24:18.506] --> END POST (75-byte body)
[Fastbot][2026-04-09 09:24:18.665] <-- 200 OK  http://127.0.0.1:9008/jsonrpc/0 (158ms)
[Fastbot][2026-04-09 09:24:18.665] Content-Type: application/json
[Fastbot][2026-04-09 09:24:18.665] Date: Thu, 9 Apr 2026 09:24:18 GMT
[Fastbot][2026-04-09 09:24:18.665] Connection: keep-alive
[Fastbot][2026-04-09 09:24:18.665] Transfer-Encoding: chunked
[Fastbot][2026-04-09 09:24:18.668] 
[Fastbot][2026-04-09 09:24:18.668] {"jsonrpc":"2.0","id":1,"result":"<?xml version='1.0' encoding='UTF-8' standalone='yes' ?>\r\n<hierarchy rotation=\"0\">\r\n  <node index=\"0\" text=\"\" resource-id=\"\" class=\"android.widget.FrameLayout\" package=\"com.amaze.filemanager.debug\" content-desc=\"\" checkable=\"false\" checked=\"fals...[truncated]
[Fastbot][2026-04-09 09:24:18.668] <-- END HTTP (81777-byte body)
[Fastbot][2026-04-09 09:24:18.740] [Proxy Server] Detected script method: click
[Fastbot][2026-04-09 09:24:18.740] [Proxy Server] Forwarding
[Fastbot][2026-04-09 09:24:18.741] --> POST http://127.0.0.1:9008/jsonrpc/0
[Fastbot][2026-04-09 09:24:18.741] Content-Type: application/json; charset=utf-8
[Fastbot][2026-04-09 09:24:18.741] Content-Length: 67
[Fastbot][2026-04-09 09:24:18.742] 
[Fastbot][2026-04-09 09:24:18.742] {"jsonrpc": "2.0", "id": 1, "method": "click", "params": [79, 154]}
[Fastbot][2026-04-09 09:24:18.742] --> END POST (67-byte body)
[Fastbot][2026-04-09 09:24:18.912] <-- 200 OK  http://127.0.0.1:9008/jsonrpc/0 (169ms)
[Fastbot][2026-04-09 09:24:18.912] Content-Type: application/json
[Fastbot][2026-04-09 09:24:18.912] Date: Thu, 9 Apr 2026 09:24:18 GMT
[Fastbot][2026-04-09 09:24:18.912] Connection: keep-alive
[Fastbot][2026-04-09 09:24:18.912] Transfer-Encoding: chunked
[Fastbot][2026-04-09 09:24:18.913] 
[Fastbot][2026-04-09 09:24:18.913] {"jsonrpc":"2.0","id":1,"result":true}

[Fastbot][2026-04-09 09:24:18.913] <-- END HTTP (39-byte body)
[Fastbot][2026-04-09 09:24:19.443] [Proxy Server] Forwarding
[Fastbot][2026-04-09 09:24:19.443] --> POST http://127.0.0.1:9008/jsonrpc/0
[Fastbot][2026-04-09 09:24:19.445] Content-Type: application/json; charset=utf-8
[Fastbot][2026-04-09 09:24:19.445] Content-Length: 238
[Fastbot][2026-04-09 09:24:19.445] 
[Fastbot][2026-04-09 09:24:19.445] {"jsonrpc": "2.0", "id": 1, "method": "waitForExists", "params": [{"mask": 2097153, "childOrSibling": [], "childOrSiblingSelector": [], "resourceId": "com.amaze.filemanager.debug:id/design_menu_item_text", "text": "Recent files"}, 20000]}
[Fastbot][2026-04-09 09:24:19.446] --> END POST (238-byte body)
[Fastbot][2026-04-09 09:24:19.481] <-- 200 OK  http://127.0.0.1:9008/jsonrpc/0 (34ms)
[Fastbot][2026-04-09 09:24:19.481] Content-Type: application/json
[Fastbot][2026-04-09 09:24:19.481] Date: Thu, 9 Apr 2026 09:24:19 GMT
[Fastbot][2026-04-09 09:24:19.482] Connection: keep-alive
[Fastbot][2026-04-09 09:24:19.482] Transfer-Encoding: chunked
[Fastbot][2026-04-09 09:24:19.483] 
[Fastbot][2026-04-09 09:24:19.484] {"jsonrpc":"2.0","id":1,"result":true}

[Fastbot][2026-04-09 09:24:19.484] <-- END HTTP (39-byte body)
[Fastbot][2026-04-09 09:24:19.521] [Proxy Server] Forwarding
[Fastbot][2026-04-09 09:24:19.521] --> POST http://127.0.0.1:9008/jsonrpc/0
[Fastbot][2026-04-09 09:24:19.521] Content-Type: application/json; charset=utf-8
[Fastbot][2026-04-09 09:24:19.521] Content-Length: 225
[Fastbot][2026-04-09 09:24:19.522] 
[Fastbot][2026-04-09 09:24:19.522] {"jsonrpc": "2.0", "id": 1, "method": "objInfo", "params": [{"mask": 2097153, "childOrSibling": [], "childOrSiblingSelector": [], "resourceId": "com.amaze.filemanager.debug:id/design_menu_item_text", "text": "Recent files"}]}
[Fastbot][2026-04-09 09:24:19.522] --> END POST (225-byte body)
[Fastbot][2026-04-09 09:24:19.552] <-- 200 OK  http://127.0.0.1:9008/jsonrpc/0 (29ms)
[Fastbot][2026-04-09 09:24:19.552] Content-Type: application/json
[Fastbot][2026-04-09 09:24:19.552] Date: Thu, 9 Apr 2026 09:24:19 GMT
[Fastbot][2026-04-09 09:24:19.552] Connection: keep-alive
[Fastbot][2026-04-09 09:24:19.553] Transfer-Encoding: chunked
[Fastbot][2026-04-09 09:24:19.553] 
[Fastbot][2026-04-09 09:24:19.553] {"jsonrpc":"2.0","id":1,"result":{"bounds":{"bottom":649,"left":44,"right":792,"top":517},"childCount":0,"className":"android.widget.CheckedTextView","contentDescription":null,"packageName":"com.amaze.filemanager.debug","resourceName":"com.amaze.filemanager.debug:id/design_menu_item_text","text":"Re...[truncated]
[Fastbot][2026-04-09 09:24:19.554] <-- END HTTP (535-byte body)
[Fastbot][2026-04-09 09:24:19.598] [Proxy Server] Detected script method: click
[Fastbot][2026-04-09 09:24:19.598] [Proxy Server] Forwarding
[Fastbot][2026-04-09 09:24:19.599] --> POST http://127.0.0.1:9008/jsonrpc/0
[Fastbot][2026-04-09 09:24:19.599] Content-Type: application/json; charset=utf-8
[Fastbot][2026-04-09 09:24:19.599] Content-Length: 72
[Fastbot][2026-04-09 09:24:19.599] 
[Fastbot][2026-04-09 09:24:19.600] {"jsonrpc": "2.0", "id": 1, "method": "click", "params": [418.0, 583.0]}
[Fastbot][2026-04-09 09:24:19.600] --> END POST (72-byte body)
[Fastbot][2026-04-09 09:24:20.261] <-- 200 OK  http://127.0.0.1:9008/jsonrpc/0 (660ms)
[Fastbot][2026-04-09 09:24:20.261] Content-Type: application/json
[Fastbot][2026-04-09 09:24:20.261] Date: Thu, 9 Apr 2026 09:24:20 GMT
[Fastbot][2026-04-09 09:24:20.261] Connection: keep-alive
[Fastbot][2026-04-09 09:24:20.261] Transfer-Encoding: chunked
[Fastbot][2026-04-09 09:24:20.261] 
[Fastbot][2026-04-09 09:24:20.261] {"jsonrpc":"2.0","id":1,"result":true}

[Fastbot][2026-04-09 09:24:20.262] <-- END HTTP (39-byte body)
[Fastbot][2026-04-09 09:24:20.806] [Proxy Server] Forwarding
[Fastbot][2026-04-09 09:24:20.807] --> POST http://127.0.0.1:9008/jsonrpc/0
[Fastbot][2026-04-09 09:24:20.808] Content-Type: application/json; charset=utf-8
[Fastbot][2026-04-09 09:24:20.808] Content-Length: 83
[Fastbot][2026-04-09 09:24:20.809] 
[Fastbot][2026-04-09 09:24:20.810] {"jsonrpc": "2.0", "id": 1, "method": "dumpWindowHierarchy", "params": [false, 50]}
[Fastbot][2026-04-09 09:24:20.810] --> END POST (83-byte body)
[Fastbot][2026-04-09 09:24:21.217] <-- 200 OK  http://127.0.0.1:9008/jsonrpc/0 (406ms)
[Fastbot][2026-04-09 09:24:21.217] Content-Type: application/json
[Fastbot][2026-04-09 09:24:21.218] Date: Thu, 9 Apr 2026 09:24:21 GMT
[Fastbot][2026-04-09 09:24:21.218] Connection: keep-alive
[Fastbot][2026-04-09 09:24:21.219] Transfer-Encoding: chunked
[Fastbot][2026-04-09 09:24:21.223] 
[Fastbot][2026-04-09 09:24:21.223] {"jsonrpc":"2.0","id":1,"result":"<?xml version='1.0' encoding='UTF-8' standalone='yes' ?>\r\n<hierarchy rotation=\"0\">\r\n  <node index=\"0\" text=\"\" resource-id=\"\" class=\"android.widget.FrameLayout\" package=\"com.amaze.filemanager.debug\" content-desc=\"\" checkable=\"false\" checked=\"fals...[truncated]
[Fastbot][2026-04-09 09:24:21.223] <-- END HTTP (83335-byte body)
[Fastbot][2026-04-09 09:24:21.262] [Proxy Server] Detected script method: swipe
[Fastbot][2026-04-09 09:24:21.263] [Proxy Server] Forwarding
[Fastbot][2026-04-09 09:24:21.263] --> POST http://127.0.0.1:9008/jsonrpc/0
[Fastbot][2026-04-09 09:24:21.263] Content-Type: application/json; charset=utf-8
[Fastbot][2026-04-09 09:24:21.263] Content-Length: 83
[Fastbot][2026-04-09 09:24:21.263] 
[Fastbot][2026-04-09 09:24:21.263] {"jsonrpc": "2.0", "id": 1, "method": "swipe", "params": [500, 1850, 500, 250, 55]}
[Fastbot][2026-04-09 09:24:21.264] --> END POST (83-byte body)
[Fastbot][2026-04-09 09:24:23.362] <-- 200 OK  http://127.0.0.1:9008/jsonrpc/0 (2098ms)
[Fastbot][2026-04-09 09:24:23.362] Content-Type: application/json
[Fastbot][2026-04-09 09:24:23.362] Date: Thu, 9 Apr 2026 09:24:23 GMT
[Fastbot][2026-04-09 09:24:23.363] Connection: keep-alive
[Fastbot][2026-04-09 09:24:23.363] Transfer-Encoding: chunked
[Fastbot][2026-04-09 09:24:23.363] 
[Fastbot][2026-04-09 09:24:23.363] {"jsonrpc":"2.0","id":1,"result":true}

[Fastbot][2026-04-09 09:24:23.363] <-- END HTTP (39-byte body)
[Fastbot][2026-04-09 09:24:23.893] [Proxy Server] Forwarding
[Fastbot][2026-04-09 09:24:23.893] --> POST http://127.0.0.1:9008/jsonrpc/0
[Fastbot][2026-04-09 09:24:23.893] Content-Type: application/json; charset=utf-8
[Fastbot][2026-04-09 09:24:23.893] Content-Length: 83
[Fastbot][2026-04-09 09:24:23.893] 
[Fastbot][2026-04-09 09:24:23.894] {"jsonrpc": "2.0", "id": 1, "method": "dumpWindowHierarchy", "params": [false, 50]}
[Fastbot][2026-04-09 09:24:23.894] --> END POST (83-byte body)
[Fastbot][2026-04-09 09:24:24.157] <-- 200 OK  http://127.0.0.1:9008/jsonrpc/0 (263ms)
[Fastbot][2026-04-09 09:24:24.157] Content-Type: application/json
[Fastbot][2026-04-09 09:24:24.157] Date: Thu, 9 Apr 2026 09:24:24 GMT
[Fastbot][2026-04-09 09:24:24.158] Connection: keep-alive
[Fastbot][2026-04-09 09:24:24.158] Transfer-Encoding: chunked
[Fastbot][2026-04-09 09:24:24.161] 
[Fastbot][2026-04-09 09:24:24.162] {"jsonrpc":"2.0","id":1,"result":"<?xml version='1.0' encoding='UTF-8' standalone='yes' ?>\r\n<hierarchy rotation=\"0\">\r\n  <node index=\"0\" text=\"\" resource-id=\"\" class=\"android.widget.FrameLayout\" package=\"com.amaze.filemanager.debug\" content-desc=\"\" checkable=\"false\" checked=\"fals...[truncated]
[Fastbot][2026-04-09 09:24:24.163] <-- END HTTP (84518-byte body)
[Fastbot][2026-04-09 09:24:24.199] [Proxy Server] Detected script method: swipe
[Fastbot][2026-04-09 09:24:24.199] [Proxy Server] Forwarding
[Fastbot][2026-04-09 09:24:24.199] --> POST http://127.0.0.1:9008/jsonrpc/0
[Fastbot][2026-04-09 09:24:24.200] Content-Type: application/json; charset=utf-8
[Fastbot][2026-04-09 09:24:24.200] Content-Length: 83
[Fastbot][2026-04-09 09:24:24.201] 
[Fastbot][2026-04-09 09:24:24.201] {"jsonrpc": "2.0", "id": 1, "method": "swipe", "params": [500, 1850, 500, 250, 55]}
[Fastbot][2026-04-09 09:24:24.201] --> END POST (83-byte body)
[Fastbot][2026-04-09 09:24:26.229] <-- 200 OK  http://127.0.0.1:9008/jsonrpc/0 (2028ms)
[Fastbot][2026-04-09 09:24:26.229] Content-Type: application/json
[Fastbot][2026-04-09 09:24:26.229] Date: Thu, 9 Apr 2026 09:24:26 GMT
[Fastbot][2026-04-09 09:24:26.229] Connection: keep-alive
[Fastbot][2026-04-09 09:24:26.229] Transfer-Encoding: chunked
[Fastbot][2026-04-09 09:24:26.230] 
[Fastbot][2026-04-09 09:24:26.230] {"jsonrpc":"2.0","id":1,"result":true}

[Fastbot][2026-04-09 09:24:26.230] <-- END HTTP (39-byte body)
[Fastbot][2026-04-09 09:24:26.772] [Proxy Server] Forwarding
[Fastbot][2026-04-09 09:24:26.772] --> POST http://127.0.0.1:9008/jsonrpc/0
[Fastbot][2026-04-09 09:24:26.773] Content-Type: application/json; charset=utf-8
[Fastbot][2026-04-09 09:24:26.773] Content-Length: 83
[Fastbot][2026-04-09 09:24:26.773] 
[Fastbot][2026-04-09 09:24:26.773] {"jsonrpc": "2.0", "id": 1, "method": "dumpWindowHierarchy", "params": [false, 50]}
[Fastbot][2026-04-09 09:24:26.773] --> END POST (83-byte body)
[Fastbot][2026-04-09 09:24:27.026] <-- 200 OK  http://127.0.0.1:9008/jsonrpc/0 (252ms)
[Fastbot][2026-04-09 09:24:27.026] Content-Type: application/json
[Fastbot][2026-04-09 09:24:27.026] Date: Thu, 9 Apr 2026 09:24:27 GMT
[Fastbot][2026-04-09 09:24:27.026] Connection: keep-alive
[Fastbot][2026-04-09 09:24:27.027] Transfer-Encoding: chunked
[Fastbot][2026-04-09 09:24:27.028] 
[Fastbot][2026-04-09 09:24:27.028] {"jsonrpc":"2.0","id":1,"result":"<?xml version='1.0' encoding='UTF-8' standalone='yes' ?>\r\n<hierarchy rotation=\"0\">\r\n  <node index=\"0\" text=\"\" resource-id=\"\" class=\"android.widget.FrameLayout\" package=\"com.amaze.filemanager.debug\" content-desc=\"\" checkable=\"false\" checked=\"fals...[truncated]
[Fastbot][2026-04-09 09:24:27.028] <-- END HTTP (84518-byte body)
[Fastbot][2026-04-09 09:24:27.062] [Proxy Server] Detected script method: swipe
[Fastbot][2026-04-09 09:24:27.063] [Proxy Server] Forwarding
[Fastbot][2026-04-09 09:24:27.063] --> POST http://127.0.0.1:9008/jsonrpc/0
[Fastbot][2026-04-09 09:24:27.064] Content-Type: application/json; charset=utf-8
[Fastbot][2026-04-09 09:24:27.064] Content-Length: 83
[Fastbot][2026-04-09 09:24:27.064] 
[Fastbot][2026-04-09 09:24:27.065] {"jsonrpc": "2.0", "id": 1, "method": "swipe", "params": [500, 1850, 500, 250, 55]}
[Fastbot][2026-04-09 09:24:27.065] --> END POST (83-byte body)
[Fastbot][2026-04-09 09:24:29.062] <-- 200 OK  http://127.0.0.1:9008/jsonrpc/0 (1996ms)
[Fastbot][2026-04-09 09:24:29.062] Content-Type: application/json
[Fastbot][2026-04-09 09:24:29.062] Date: Thu, 9 Apr 2026 09:24:29 GMT
[Fastbot][2026-04-09 09:24:29.062] Connection: keep-alive
[Fastbot][2026-04-09 09:24:29.063] Transfer-Encoding: chunked
[Fastbot][2026-04-09 09:24:29.063] 
[Fastbot][2026-04-09 09:24:29.063] {"jsonrpc":"2.0","id":1,"result":true}

[Fastbot][2026-04-09 09:24:29.063] <-- END HTTP (39-byte body)
[Fastbot][2026-04-09 09:24:29.599] [Proxy Server] Forwarding
[Fastbot][2026-04-09 09:24:29.600] --> POST http://127.0.0.1:9008/jsonrpc/0
[Fastbot][2026-04-09 09:24:29.601] Content-Type: application/json; charset=utf-8
[Fastbot][2026-04-09 09:24:29.601] Content-Length: 83
[Fastbot][2026-04-09 09:24:29.602] 
[Fastbot][2026-04-09 09:24:29.602] {"jsonrpc": "2.0", "id": 1, "method": "dumpWindowHierarchy", "params": [false, 50]}
[Fastbot][2026-04-09 09:24:29.603] --> END POST (83-byte body)
[Fastbot][2026-04-09 09:24:29.846] <-- 200 OK  http://127.0.0.1:9008/jsonrpc/0 (242ms)
[Fastbot][2026-04-09 09:24:29.846] Content-Type: application/json
[Fastbot][2026-04-09 09:24:29.846] Date: Thu, 9 Apr 2026 09:24:29 GMT
[Fastbot][2026-04-09 09:24:29.846] Connection: keep-alive
[Fastbot][2026-04-09 09:24:29.846] Transfer-Encoding: chunked
[Fastbot][2026-04-09 09:24:29.847] 
[Fastbot][2026-04-09 09:24:29.850] {"jsonrpc":"2.0","id":1,"result":"<?xml version='1.0' encoding='UTF-8' standalone='yes' ?>\r\n<hierarchy rotation=\"0\">\r\n  <node index=\"0\" text=\"\" resource-id=\"\" class=\"android.widget.FrameLayout\" package=\"com.amaze.filemanager.debug\" content-desc=\"\" checkable=\"false\" checked=\"fals...[truncated]
[Fastbot][2026-04-09 09:24:29.850] <-- END HTTP (84518-byte body)
[Fastbot][2026-04-09 09:24:29.895] [Proxy Server] Detected script method: pressKey
[Fastbot][2026-04-09 09:24:29.896] [Proxy Server] Forwarding
[Fastbot][2026-04-09 09:24:29.896] --> POST http://127.0.0.1:9008/jsonrpc/0
[Fastbot][2026-04-09 09:24:29.897] Content-Type: application/json; charset=utf-8
[Fastbot][2026-04-09 09:24:29.897] Content-Length: 69
[Fastbot][2026-04-09 09:24:29.897] 
[Fastbot][2026-04-09 09:24:29.898] {"jsonrpc": "2.0", "id": 1, "method": "pressKey", "params": ["back"]}
[Fastbot][2026-04-09 09:24:29.898] --> END POST (69-byte body)
[Fastbot][2026-04-09 09:24:30.047] <-- 200 OK  http://127.0.0.1:9008/jsonrpc/0 (149ms)
[Fastbot][2026-04-09 09:24:30.047] Content-Type: application/json
[Fastbot][2026-04-09 09:24:30.048] Date: Thu, 9 Apr 2026 09:24:30 GMT
[Fastbot][2026-04-09 09:24:30.048] Connection: keep-alive
[Fastbot][2026-04-09 09:24:30.048] Transfer-Encoding: chunked
[Fastbot][2026-04-09 09:24:30.049] 
[Fastbot][2026-04-09 09:24:30.049] {"jsonrpc":"2.0","id":1,"result":true}

[Fastbot][2026-04-09 09:24:30.050] <-- END HTTP (39-byte body)
[Fastbot][2026-04-09 09:24:31.288] --> POST http://127.0.0.1:9008/jsonrpc/0
[Fastbot][2026-04-09 09:24:31.288] Content-Type: application/json; charset=utf-8
[Fastbot][2026-04-09 09:24:31.288] Content-Length: 75
[Fastbot][2026-04-09 09:24:31.288] 
[Fastbot][2026-04-09 09:24:31.288] {"id":1,"jsonrpc":"2.0","method":"dumpWindowHierarchy","params":[false,50]}
[Fastbot][2026-04-09 09:24:31.288] --> END POST (75-byte body)
[Fastbot][2026-04-09 09:24:31.332] <-- 200 OK  http://127.0.0.1:9008/jsonrpc/0 (44ms)
[Fastbot][2026-04-09 09:24:31.332] Content-Type: application/json
[Fastbot][2026-04-09 09:24:31.333] Date: Thu, 9 Apr 2026 09:24:31 GMT
[Fastbot][2026-04-09 09:24:31.333] Connection: keep-alive
[Fastbot][2026-04-09 09:24:31.334] Transfer-Encoding: chunked
[Fastbot][2026-04-09 09:24:31.336] 
[Fastbot][2026-04-09 09:24:31.336] {"jsonrpc":"2.0","id":1,"result":"<?xml version='1.0' encoding='UTF-8' standalone='yes' ?>\r\n<hierarchy rotation=\"0\">\r\n  <node index=\"0\" text=\"\" resource-id=\"\" class=\"android.widget.FrameLayout\" package=\"com.amaze.filemanager.debug\" content-desc=\"\" checkable=\"false\" checked=\"fals...[truncated]
[Fastbot][2026-04-09 09:24:31.337] <-- END HTTP (81777-byte body)
[Fastbot][2026-04-09 09:24:31.408] [Proxy Server] Forwarding
[Fastbot][2026-04-09 09:24:31.408] --> POST http://127.0.0.1:9008/jsonrpc/0
[Fastbot][2026-04-09 09:24:31.408] Content-Type: application/json; charset=utf-8
[Fastbot][2026-04-09 09:24:31.408] Content-Length: 197
[Fastbot][2026-04-09 09:24:31.408] 
[Fastbot][2026-04-09 09:24:31.409] {"jsonrpc": "2.0", "id": 1, "method": "waitForExists", "params": [{"mask": 2097152, "childOrSibling": [], "childOrSiblingSelector": [], "resourceId": "com.amaze.filemanager.debug:id/home"}, 20000]}
[Fastbot][2026-04-09 09:24:31.410] --> END POST (197-byte body)
[Fastbot][2026-04-09 09:24:31.425] <-- 200 OK  http://127.0.0.1:9008/jsonrpc/0 (14ms)
[Fastbot][2026-04-09 09:24:31.426] Content-Type: application/json
[Fastbot][2026-04-09 09:24:31.426] Date: Thu, 9 Apr 2026 09:24:31 GMT
[Fastbot][2026-04-09 09:24:31.426] Connection: keep-alive
[Fastbot][2026-04-09 09:24:31.427] Transfer-Encoding: chunked
[Fastbot][2026-04-09 09:24:31.428] 
[Fastbot][2026-04-09 09:24:31.428] {"jsonrpc":"2.0","id":1,"result":true}

[Fastbot][2026-04-09 09:24:31.429] <-- END HTTP (39-byte body)
[Fastbot][2026-04-09 09:24:31.456] [Proxy Server] Forwarding
[Fastbot][2026-04-09 09:24:31.456] --> POST http://127.0.0.1:9008/jsonrpc/0
[Fastbot][2026-04-09 09:24:31.456] Content-Type: application/json; charset=utf-8
[Fastbot][2026-04-09 09:24:31.456] Content-Length: 184
[Fastbot][2026-04-09 09:24:31.457] 
[Fastbot][2026-04-09 09:24:31.457] {"jsonrpc": "2.0", "id": 1, "method": "objInfo", "params": [{"mask": 2097152, "childOrSibling": [], "childOrSiblingSelector": [], "resourceId": "com.amaze.filemanager.debug:id/home"}]}
[Fastbot][2026-04-09 09:24:31.457] --> END POST (184-byte body)
[Fastbot][2026-04-09 09:24:31.484] <-- 200 OK  http://127.0.0.1:9008/jsonrpc/0 (26ms)
[Fastbot][2026-04-09 09:24:31.484] Content-Type: application/json
[Fastbot][2026-04-09 09:24:31.484] Date: Thu, 9 Apr 2026 09:24:31 GMT
[Fastbot][2026-04-09 09:24:31.484] Connection: keep-alive
[Fastbot][2026-04-09 09:24:31.484] Transfer-Encoding: chunked
[Fastbot][2026-04-09 09:24:31.531] 
[Fastbot][2026-04-09 09:24:31.531] {"jsonrpc":"2.0","id":1,"result":{"bounds":{"bottom":226,"left":837,"right":969,"top":94},"childCount":0,"className":"android.widget.Button","contentDescription":"Home","packageName":"com.amaze.filemanager.debug","resourceName":"com.amaze.filemanager.debug:id/home","text":null,"visibleBounds":{"bott...[truncated]
[Fastbot][2026-04-09 09:24:31.532] <-- END HTTP (500-byte body)
[Fastbot][2026-04-09 09:24:31.565] [Proxy Server] Detected script method: click
[Fastbot][2026-04-09 09:24:31.565] [Proxy Server] Forwarding
[Fastbot][2026-04-09 09:24:31.566] --> POST http://127.0.0.1:9008/jsonrpc/0
[Fastbot][2026-04-09 09:24:31.566] Content-Type: application/json; charset=utf-8
[Fastbot][2026-04-09 09:24:31.567] Content-Length: 72
[Fastbot][2026-04-09 09:24:31.567] 
[Fastbot][2026-04-09 09:24:31.567] {"jsonrpc": "2.0", "id": 1, "method": "click", "params": [903.0, 160.0]}
[Fastbot][2026-04-09 09:24:31.567] --> END POST (72-byte body)
[Fastbot][2026-04-09 09:24:31.698] <-- 200 OK  http://127.0.0.1:9008/jsonrpc/0 (130ms)
[Fastbot][2026-04-09 09:24:31.699] Content-Type: application/json
[Fastbot][2026-04-09 09:24:31.699] Date: Thu, 9 Apr 2026 09:24:31 GMT
[Fastbot][2026-04-09 09:24:31.700] Connection: keep-alive
[Fastbot][2026-04-09 09:24:31.701] Transfer-Encoding: chunked
[Fastbot][2026-04-09 09:24:31.741] 
[Fastbot][2026-04-09 09:24:31.741] {"jsonrpc":"2.0","id":1,"result":true}

[Fastbot][2026-04-09 09:24:31.741] <-- END HTTP (39-byte body)
[Fastbot][2026-04-09 09:24:31.787] [Proxy Server] Forwarding
[Fastbot][2026-04-09 09:24:31.788] --> POST http://127.0.0.1:9008/jsonrpc/0
[Fastbot][2026-04-09 09:24:31.788] Content-Type: application/json; charset=utf-8
[Fastbot][2026-04-09 09:24:31.788] Content-Length: 212
[Fastbot][2026-04-09 09:24:31.788] 
[Fastbot][2026-04-09 09:24:31.789] {"jsonrpc": "2.0", "id": 1, "method": "waitForExists", "params": [{"mask": 10485760, "childOrSibling": [], "childOrSiblingSelector": [], "resourceId": "com.amaze.filemanager.debug:id/search", "index": 0}, 20000]}
[Fastbot][2026-04-09 09:24:31.789] --> END POST (212-byte body)
[Fastbot][2026-04-09 09:24:31.935] <-- 200 OK  http://127.0.0.1:9008/jsonrpc/0 (145ms)
[Fastbot][2026-04-09 09:24:31.935] Content-Type: application/json
[Fastbot][2026-04-09 09:24:31.936] Date: Thu, 9 Apr 2026 09:24:31 GMT
[Fastbot][2026-04-09 09:24:31.936] Connection: keep-alive
[Fastbot][2026-04-09 09:24:31.936] Transfer-Encoding: chunked
[Fastbot][2026-04-09 09:24:31.937] 
[Fastbot][2026-04-09 09:24:31.938] {"jsonrpc":"2.0","id":1,"result":true}

[Fastbot][2026-04-09 09:24:31.938] <-- END HTTP (39-byte body)
[Fastbot][2026-04-09 09:24:31.985] [Proxy Server] Forwarding
[Fastbot][2026-04-09 09:24:31.985] --> POST http://127.0.0.1:9008/jsonrpc/0
[Fastbot][2026-04-09 09:24:31.986] Content-Type: application/json; charset=utf-8
[Fastbot][2026-04-09 09:24:31.986] Content-Length: 199
[Fastbot][2026-04-09 09:24:31.986] 
[Fastbot][2026-04-09 09:24:31.986] {"jsonrpc": "2.0", "id": 1, "method": "objInfo", "params": [{"mask": 10485760, "childOrSibling": [], "childOrSiblingSelector": [], "resourceId": "com.amaze.filemanager.debug:id/search", "index": 0}]}
[Fastbot][2026-04-09 09:24:31.986] --> END POST (199-byte body)
[Fastbot][2026-04-09 09:24:32.414] <-- 200 OK  http://127.0.0.1:9008/jsonrpc/0 (426ms)
[Fastbot][2026-04-09 09:24:32.414] Content-Type: application/json
[Fastbot][2026-04-09 09:24:32.414] Date: Thu, 9 Apr 2026 09:24:32 GMT
[Fastbot][2026-04-09 09:24:32.414] Connection: keep-alive
[Fastbot][2026-04-09 09:24:32.414] Transfer-Encoding: chunked
[Fastbot][2026-04-09 09:24:32.415] 
[Fastbot][2026-04-09 09:24:32.415] {"jsonrpc":"2.0","id":1,"result":{"bounds":{"bottom":226,"left":705,"right":837,"top":94},"childCount":0,"className":"android.widget.Button","contentDescription":"Search","packageName":"com.amaze.filemanager.debug","resourceName":null,"text":"","visibleBounds":{"bottom":226,"left":705,"right":837,"t...[truncated]
[Fastbot][2026-04-09 09:24:32.415] <-- END HTTP (467-byte body)
[Fastbot][2026-04-09 09:24:32.448] [Proxy Server] Detected script method: click
[Fastbot][2026-04-09 09:24:32.449] [Proxy Server] Forwarding
[Fastbot][2026-04-09 09:24:32.450] --> POST http://127.0.0.1:9008/jsonrpc/0
[Fastbot][2026-04-09 09:24:32.450] Content-Type: application/json; charset=utf-8
[Fastbot][2026-04-09 09:24:32.451] Content-Length: 72
[Fastbot][2026-04-09 09:24:32.451] 
[Fastbot][2026-04-09 09:24:32.451] {"jsonrpc": "2.0", "id": 1, "method": "click", "params": [771.0, 160.0]}
[Fastbot][2026-04-09 09:24:32.452] --> END POST (72-byte body)
[Fastbot][2026-04-09 09:24:32.614] <-- 200 OK  http://127.0.0.1:9008/jsonrpc/0 (162ms)
[Fastbot][2026-04-09 09:24:32.615] Content-Type: application/json
[Fastbot][2026-04-09 09:24:32.615] Date: Thu, 9 Apr 2026 09:24:32 GMT
[Fastbot][2026-04-09 09:24:32.615] Connection: keep-alive
[Fastbot][2026-04-09 09:24:32.616] Transfer-Encoding: chunked
[Fastbot][2026-04-09 09:24:32.617] 
[Fastbot][2026-04-09 09:24:32.618] {"jsonrpc":"2.0","id":1,"result":true}

[Fastbot][2026-04-09 09:24:32.618] <-- END HTTP (39-byte body)
[Fastbot][2026-04-09 09:24:33.151] [Proxy Server] Forwarding
[Fastbot][2026-04-09 09:24:33.151] --> POST http://127.0.0.1:9008/jsonrpc/0
[Fastbot][2026-04-09 09:24:33.152] Content-Type: application/json; charset=utf-8
[Fastbot][2026-04-09 09:24:33.153] Content-Length: 209
[Fastbot][2026-04-09 09:24:33.153] 
[Fastbot][2026-04-09 09:24:33.153] {"jsonrpc": "2.0", "id": 1, "method": "waitForExists", "params": [{"mask": 2097152, "childOrSibling": [], "childOrSiblingSelector": [], "resourceId": "com.amaze.filemanager.debug:id/search_edit_text"}, 20000]}
[Fastbot][2026-04-09 09:24:33.153] --> END POST (209-byte body)
[Fastbot][2026-04-09 09:24:33.213] <-- 200 OK  http://127.0.0.1:9008/jsonrpc/0 (59ms)
[Fastbot][2026-04-09 09:24:33.213] Content-Type: application/json
[Fastbot][2026-04-09 09:24:33.213] Date: Thu, 9 Apr 2026 09:24:33 GMT
[Fastbot][2026-04-09 09:24:33.214] Connection: keep-alive
[Fastbot][2026-04-09 09:24:33.214] Transfer-Encoding: chunked
[Fastbot][2026-04-09 09:24:33.215] 
[Fastbot][2026-04-09 09:24:33.216] {"jsonrpc":"2.0","id":1,"result":true}

[Fastbot][2026-04-09 09:24:33.217] <-- END HTTP (39-byte body)
[Fastbot][2026-04-09 09:24:33.291] [Proxy Server] Detected script method: setText
[Fastbot][2026-04-09 09:24:33.293] [Proxy Server] Forwarding
[Fastbot][2026-04-09 09:24:33.293] --> POST http://127.0.0.1:9008/jsonrpc/0
[Fastbot][2026-04-09 09:24:33.293] Content-Type: application/json; charset=utf-8
[Fastbot][2026-04-09 09:24:33.294] Content-Length: 205
[Fastbot][2026-04-09 09:24:33.294] 
[Fastbot][2026-04-09 09:24:33.294] {"jsonrpc": "2.0", "id": 1, "method": "setText", "params": [{"mask": 2097152, "childOrSibling": [], "childOrSiblingSelector": [], "resourceId": "com.amaze.filemanager.debug:id/search_edit_text"}, "A.txt"]}
[Fastbot][2026-04-09 09:24:33.294] --> END POST (205-byte body)
[Fastbot][2026-04-09 09:24:33.424] <-- 200 OK  http://127.0.0.1:9008/jsonrpc/0 (129ms)
[Fastbot][2026-04-09 09:24:33.424] Content-Type: application/json
[Fastbot][2026-04-09 09:24:33.424] Date: Thu, 9 Apr 2026 09:24:33 GMT
[Fastbot][2026-04-09 09:24:33.424] Connection: keep-alive
[Fastbot][2026-04-09 09:24:33.424] Transfer-Encoding: chunked
[Fastbot][2026-04-09 09:24:33.456] 
[Fastbot][2026-04-09 09:24:33.456] {"jsonrpc":"2.0","id":1,"result":true}

[Fastbot][2026-04-09 09:24:33.456] <-- END HTTP (39-byte body)
[Fastbot][2026-04-09 09:24:33.989] [Proxy Server] Forwarding
[Fastbot][2026-04-09 09:24:33.990] --> POST http://127.0.0.1:9008/jsonrpc/0
[Fastbot][2026-04-09 09:24:33.991] Content-Type: application/json; charset=utf-8
[Fastbot][2026-04-09 09:24:33.991] Content-Length: 211
[Fastbot][2026-04-09 09:24:33.991] 
[Fastbot][2026-04-09 09:24:33.991] {"jsonrpc": "2.0", "id": 1, "method": "waitForExists", "params": [{"mask": 2097152, "childOrSibling": [], "childOrSiblingSelector": [], "resourceId": "com.amaze.filemanager.debug:id/searchDeepSearchTV"}, 20000]}
[Fastbot][2026-04-09 09:24:33.992] --> END POST (211-byte body)
[Fastbot][2026-04-09 09:24:34.888] <-- 200 OK  http://127.0.0.1:9008/jsonrpc/0 (895ms)
[Fastbot][2026-04-09 09:24:34.888] Content-Type: application/json
[Fastbot][2026-04-09 09:24:34.888] Date: Thu, 9 Apr 2026 09:24:34 GMT
[Fastbot][2026-04-09 09:24:34.889] Connection: keep-alive
[Fastbot][2026-04-09 09:24:34.890] Transfer-Encoding: chunked
[Fastbot][2026-04-09 09:24:34.890] 
[Fastbot][2026-04-09 09:24:34.891] {"jsonrpc":"2.0","id":1,"result":true}

[Fastbot][2026-04-09 09:24:34.892] <-- END HTTP (39-byte body)
[Fastbot][2026-04-09 09:24:34.948] [Proxy Server] Forwarding
[Fastbot][2026-04-09 09:24:34.949] --> POST http://127.0.0.1:9008/jsonrpc/0
[Fastbot][2026-04-09 09:24:34.949] Content-Type: application/json; charset=utf-8
[Fastbot][2026-04-09 09:24:34.949] Content-Length: 198
[Fastbot][2026-04-09 09:24:34.949] 
[Fastbot][2026-04-09 09:24:34.949] {"jsonrpc": "2.0", "id": 1, "method": "objInfo", "params": [{"mask": 2097152, "childOrSibling": [], "childOrSiblingSelector": [], "resourceId": "com.amaze.filemanager.debug:id/searchDeepSearchTV"}]}
[Fastbot][2026-04-09 09:24:34.949] --> END POST (198-byte body)
[Fastbot][2026-04-09 09:24:35.636] <-- 200 OK  http://127.0.0.1:9008/jsonrpc/0 (686ms)
[Fastbot][2026-04-09 09:24:35.636] Content-Type: application/json
[Fastbot][2026-04-09 09:24:35.636] Date: Thu, 9 Apr 2026 09:24:35 GMT
[Fastbot][2026-04-09 09:24:35.636] Connection: keep-alive
[Fastbot][2026-04-09 09:24:35.636] Transfer-Encoding: chunked
[Fastbot][2026-04-09 09:24:35.637] 
[Fastbot][2026-04-09 09:24:35.637] {"jsonrpc":"2.0","id":1,"result":{"bounds":{"bottom":684,"left":28,"right":1052,"top":529},"childCount":0,"className":"android.widget.TextView","contentDescription":null,"packageName":"com.amaze.filemanager.debug","resourceName":"com.amaze.filemanager.debug:id/searchDeepSearchTV","text":"Not finding...[truncated]
[Fastbot][2026-04-09 09:24:35.637] <-- END HTTP (570-byte body)
[Fastbot][2026-04-09 09:24:35.690] [Proxy Server] Detected script method: click
[Fastbot][2026-04-09 09:24:35.691] [Proxy Server] Forwarding
[Fastbot][2026-04-09 09:24:35.691] --> POST http://127.0.0.1:9008/jsonrpc/0
[Fastbot][2026-04-09 09:24:35.692] Content-Type: application/json; charset=utf-8
[Fastbot][2026-04-09 09:24:35.692] Content-Length: 72
[Fastbot][2026-04-09 09:24:35.692] 
[Fastbot][2026-04-09 09:24:35.692] {"jsonrpc": "2.0", "id": 1, "method": "click", "params": [540.0, 606.5]}
[Fastbot][2026-04-09 09:24:35.693] --> END POST (72-byte body)
[Fastbot][2026-04-09 09:24:35.902] <-- 200 OK  http://127.0.0.1:9008/jsonrpc/0 (209ms)
[Fastbot][2026-04-09 09:24:35.903] Content-Type: application/json
[Fastbot][2026-04-09 09:24:35.903] Date: Thu, 9 Apr 2026 09:24:35 GMT
[Fastbot][2026-04-09 09:24:35.903] Connection: keep-alive
[Fastbot][2026-04-09 09:24:35.903] Transfer-Encoding: chunked
[Fastbot][2026-04-09 09:24:35.903] 
[Fastbot][2026-04-09 09:24:35.904] {"jsonrpc":"2.0","id":1,"result":true}

[Fastbot][2026-04-09 09:24:35.904] <-- END HTTP (39-byte body)
[Fastbot][2026-04-09 09:24:36.483] [Proxy Server] Forwarding
[Fastbot][2026-04-09 09:24:36.484] --> POST http://127.0.0.1:9008/jsonrpc/0
[Fastbot][2026-04-09 09:24:36.484] Content-Type: application/json; charset=utf-8
[Fastbot][2026-04-09 09:24:36.484] Content-Length: 198
[Fastbot][2026-04-09 09:24:36.485] 
[Fastbot][2026-04-09 09:24:36.485] {"jsonrpc": "2.0", "id": 1, "method": "exist", "params": [{"mask": 2097152, "childOrSibling": [], "childOrSiblingSelector": [], "resourceId": "com.amaze.filemanager.debug:id/searchItemFileNameTV"}]}
[Fastbot][2026-04-09 09:24:36.485] --> END POST (198-byte body)
[Fastbot][2026-04-09 09:24:37.326] <-- 200 OK  http://127.0.0.1:9008/jsonrpc/0 (840ms)
[Fastbot][2026-04-09 09:24:37.326] Content-Type: application/json
[Fastbot][2026-04-09 09:24:37.326] Date: Thu, 9 Apr 2026 09:24:37 GMT
[Fastbot][2026-04-09 09:24:37.326] Connection: keep-alive
[Fastbot][2026-04-09 09:24:37.326] Transfer-Encoding: chunked
[Fastbot][2026-04-09 09:24:37.335] 
[Fastbot][2026-04-09 09:24:37.336] {"jsonrpc":"2.0","id":1,"result":true}

[Fastbot][2026-04-09 09:24:37.336] <-- END HTTP (39-byte body)
[Fastbot][2026-04-09 09:24:37.403] [Proxy Server] Forwarding
[Fastbot][2026-04-09 09:24:37.404] --> POST http://127.0.0.1:9008/jsonrpc/0
[Fastbot][2026-04-09 09:24:37.404] Content-Type: application/json; charset=utf-8
[Fastbot][2026-04-09 09:24:37.405] Content-Length: 213
[Fastbot][2026-04-09 09:24:37.405] 
[Fastbot][2026-04-09 09:24:37.405] {"jsonrpc": "2.0", "id": 1, "method": "waitForExists", "params": [{"mask": 2097152, "childOrSibling": [], "childOrSiblingSelector": [], "resourceId": "com.amaze.filemanager.debug:id/searchItemFileNameTV"}, 20000]}
[Fastbot][2026-04-09 09:24:37.405] --> END POST (213-byte body)
[Fastbot][2026-04-09 09:24:37.555] <-- 200 OK  http://127.0.0.1:9008/jsonrpc/0 (148ms)
[Fastbot][2026-04-09 09:24:37.555] Content-Type: application/json
[Fastbot][2026-04-09 09:24:37.555] Date: Thu, 9 Apr 2026 09:24:37 GMT
[Fastbot][2026-04-09 09:24:37.555] Connection: keep-alive
[Fastbot][2026-04-09 09:24:37.556] Transfer-Encoding: chunked
[Fastbot][2026-04-09 09:24:37.557] 
[Fastbot][2026-04-09 09:24:37.558] {"jsonrpc":"2.0","id":1,"result":true}

[Fastbot][2026-04-09 09:24:37.559] <-- END HTTP (39-byte body)
[Fastbot][2026-04-09 09:24:37.623] [Proxy Server] Forwarding
[Fastbot][2026-04-09 09:24:37.623] --> POST http://127.0.0.1:9008/jsonrpc/0
[Fastbot][2026-04-09 09:24:37.623] Content-Type: application/json; charset=utf-8
[Fastbot][2026-04-09 09:24:37.624] Content-Length: 200
[Fastbot][2026-04-09 09:24:37.624] 
[Fastbot][2026-04-09 09:24:37.624] {"jsonrpc": "2.0", "id": 1, "method": "getText", "params": [{"mask": 2097152, "childOrSibling": [], "childOrSiblingSelector": [], "resourceId": "com.amaze.filemanager.debug:id/searchItemFileNameTV"}]}
[Fastbot][2026-04-09 09:24:37.624] --> END POST (200-byte body)
[Fastbot][2026-04-09 09:24:37.884] <-- 200 OK  http://127.0.0.1:9008/jsonrpc/0 (260ms)
[Fastbot][2026-04-09 09:24:37.884] Content-Type: application/json
[Fastbot][2026-04-09 09:24:37.885] Date: Thu, 9 Apr 2026 09:24:37 GMT
[Fastbot][2026-04-09 09:24:37.885] Connection: keep-alive
[Fastbot][2026-04-09 09:24:37.885] Transfer-Encoding: chunked
[Fastbot][2026-04-09 09:24:37.886] 
[Fastbot][2026-04-09 09:24:37.886] {"jsonrpc":"2.0","id":1,"result":"A.txt"}

[Fastbot][2026-04-09 09:24:37.886] <-- END HTTP (42-byte body)
[Fastbot][2026-04-09 09:24:38.406] [Proxy Server] Forwarding
[Fastbot][2026-04-09 09:24:38.406] --> POST http://127.0.0.1:9008/jsonrpc/0
[Fastbot][2026-04-09 09:24:38.407] Content-Type: application/json; charset=utf-8
[Fastbot][2026-04-09 09:24:38.407] Content-Length: 230
[Fastbot][2026-04-09 09:24:38.407] 
[Fastbot][2026-04-09 09:24:38.407] {"jsonrpc": "2.0", "id": 1, "method": "waitForExists", "params": [{"mask": 2097153, "childOrSibling": [], "childOrSiblingSelector": [], "resourceId": "com.amaze.filemanager.debug:id/searchItemFileNameTV", "text": "A.txt"}, 20000]}
[Fastbot][2026-04-09 09:24:38.407] --> END POST (230-byte body)
[Fastbot][2026-04-09 09:24:38.538] <-- 200 OK  http://127.0.0.1:9008/jsonrpc/0 (130ms)
[Fastbot][2026-04-09 09:24:38.538] Content-Type: application/json
[Fastbot][2026-04-09 09:24:38.538] Date: Thu, 9 Apr 2026 09:24:38 GMT
[Fastbot][2026-04-09 09:24:38.538] Connection: keep-alive
[Fastbot][2026-04-09 09:24:38.538] Transfer-Encoding: chunked
[Fastbot][2026-04-09 09:24:38.539] 
[Fastbot][2026-04-09 09:24:38.539] {"jsonrpc":"2.0","id":1,"result":true}

[Fastbot][2026-04-09 09:24:38.539] <-- END HTTP (39-byte body)
[Fastbot][2026-04-09 09:24:38.602] [Proxy Server] Forwarding
[Fastbot][2026-04-09 09:24:38.604] --> POST http://127.0.0.1:9008/jsonrpc/0
[Fastbot][2026-04-09 09:24:38.605] Content-Type: application/json; charset=utf-8
[Fastbot][2026-04-09 09:24:38.606] Content-Length: 217
[Fastbot][2026-04-09 09:24:38.606] 
[Fastbot][2026-04-09 09:24:38.607] {"jsonrpc": "2.0", "id": 1, "method": "objInfo", "params": [{"mask": 2097153, "childOrSibling": [], "childOrSiblingSelector": [], "resourceId": "com.amaze.filemanager.debug:id/searchItemFileNameTV", "text": "A.txt"}]}
[Fastbot][2026-04-09 09:24:38.607] --> END POST (217-byte body)
[Fastbot][2026-04-09 09:24:39.233] <-- 200 OK  http://127.0.0.1:9008/jsonrpc/0 (625ms)
[Fastbot][2026-04-09 09:24:39.234] Content-Type: application/json
[Fastbot][2026-04-09 09:24:39.235] Date: Thu, 9 Apr 2026 09:24:39 GMT
[Fastbot][2026-04-09 09:24:39.235] Connection: keep-alive
[Fastbot][2026-04-09 09:24:39.236] Transfer-Encoding: chunked
[Fastbot][2026-04-09 09:24:39.237] 
[Fastbot][2026-04-09 09:24:39.237] {"jsonrpc":"2.0","id":1,"result":{"bounds":{"bottom":851,"left":76,"right":1015,"top":792},"childCount":0,"className":"android.widget.TextView","contentDescription":null,"packageName":"com.amaze.filemanager.debug","resourceName":"com.amaze.filemanager.debug:id/searchItemFileNameTV","text":"A.txt","v...[truncated]
[Fastbot][2026-04-09 09:24:39.237] <-- END HTTP (523-byte body)
[Fastbot][2026-04-09 09:24:39.255] [Proxy Server] Detected script method: click
[Fastbot][2026-04-09 09:24:39.256] [Proxy Server] Forwarding
[Fastbot][2026-04-09 09:24:39.256] --> POST http://127.0.0.1:9008/jsonrpc/0
[Fastbot][2026-04-09 09:24:39.257] Content-Type: application/json; charset=utf-8
[Fastbot][2026-04-09 09:24:39.257] Content-Length: 72
[Fastbot][2026-04-09 09:24:39.258] 
[Fastbot][2026-04-09 09:24:39.258] {"jsonrpc": "2.0", "id": 1, "method": "click", "params": [545.5, 821.5]}
[Fastbot][2026-04-09 09:24:39.258] --> END POST (72-byte body)
[Fastbot][2026-04-09 09:24:39.446] <-- 200 OK  http://127.0.0.1:9008/jsonrpc/0 (187ms)
[Fastbot][2026-04-09 09:24:39.447] Content-Type: application/json
[Fastbot][2026-04-09 09:24:39.447] Date: Thu, 9 Apr 2026 09:24:39 GMT
[Fastbot][2026-04-09 09:24:39.447] Connection: keep-alive
[Fastbot][2026-04-09 09:24:39.447] Transfer-Encoding: chunked
[Fastbot][2026-04-09 09:24:39.452] // the top activity is com.amaze.filemanager.ui.activities.texteditor.TextEditorActivity, phone capture activity is com.android.camera.CaptureActivity
[Fastbot][2026-04-09 09:24:39.452]     // Allowing start of Intent { act=android.intent.action.VIEW dat=content://com.amaze.filemanager.debug/storage_root/storage/emulated/0/Documents/mordor/A.txt typ=text/plain cmp=com.amaze.filemanager.debug/com.amaze.filemanager.ui.activities.texteditor.TextEditorActivity } in package com.amaze.filemanager.debug
[Fastbot][2026-04-09 09:24:39.510] 
[Fastbot][2026-04-09 09:24:39.510] {"jsonrpc":"2.0","id":1,"result":true}

[Fastbot][2026-04-09 09:24:39.510] <-- END HTTP (39-byte body)
[Fastbot][2026-04-09 09:24:40.096] // [Script] current activity is com.amaze.filemanager.ui.activities.texteditor.TextEditorActivity
[Fastbot][2026-04-09 09:24:40.096] [Proxy Server] Forwarding
[Fastbot][2026-04-09 09:24:40.096] --> POST http://127.0.0.1:9008/jsonrpc/0
[Fastbot][2026-04-09 09:24:40.097] Content-Type: application/json; charset=utf-8
[Fastbot][2026-04-09 09:24:40.097] Content-Length: 209
[Fastbot][2026-04-09 09:24:40.097] 
[Fastbot][2026-04-09 09:24:40.097] {"jsonrpc": "2.0", "id": 1, "method": "exist", "params": [{"mask": 2097153, "childOrSibling": [], "childOrSiblingSelector": [], "resourceId": "com.amaze.filemanager.debug:id/always_button", "text": "Always"}]}
[Fastbot][2026-04-09 09:24:40.097] --> END POST (209-byte body)
[Fastbot][2026-04-09 09:24:40.578] <-- 200 OK  http://127.0.0.1:9008/jsonrpc/0 (480ms)
[Fastbot][2026-04-09 09:24:40.578] Content-Type: application/json
[Fastbot][2026-04-09 09:24:40.578] Date: Thu, 9 Apr 2026 09:24:40 GMT
[Fastbot][2026-04-09 09:24:40.578] Connection: keep-alive
[Fastbot][2026-04-09 09:24:40.578] Transfer-Encoding: chunked
[Fastbot][2026-04-09 09:24:40.578] 
[Fastbot][2026-04-09 09:24:40.579] {"jsonrpc":"2.0","id":1,"result":false}

[Fastbot][2026-04-09 09:24:40.579] <-- END HTTP (40-byte body)
[Fastbot][2026-04-09 09:24:40.597] [Proxy Server] Forwarding
[Fastbot][2026-04-09 09:24:40.598] --> POST http://127.0.0.1:9008/jsonrpc/0
[Fastbot][2026-04-09 09:24:40.599] Content-Type: application/json; charset=utf-8
[Fastbot][2026-04-09 09:24:40.600] Content-Length: 196
[Fastbot][2026-04-09 09:24:40.600] 
[Fastbot][2026-04-09 09:24:40.601] {"jsonrpc": "2.0", "id": 1, "method": "waitForExists", "params": [{"mask": 8388624, "childOrSibling": [], "childOrSiblingSelector": [], "className": "android.widget.TextView", "index": 1}, 20000]}
[Fastbot][2026-04-09 09:24:40.601] --> END POST (196-byte body)
[Fastbot][2026-04-09 09:24:40.627] <-- 200 OK  http://127.0.0.1:9008/jsonrpc/0 (25ms)
[Fastbot][2026-04-09 09:24:40.627] Content-Type: application/json
[Fastbot][2026-04-09 09:24:40.627] Date: Thu, 9 Apr 2026 09:24:40 GMT
[Fastbot][2026-04-09 09:24:40.627] Connection: keep-alive
[Fastbot][2026-04-09 09:24:40.627] Transfer-Encoding: chunked
[Fastbot][2026-04-09 09:24:40.661] 
[Fastbot][2026-04-09 09:24:40.671] {"jsonrpc":"2.0","id":1,"result":true}

[Fastbot][2026-04-09 09:24:40.672] <-- END HTTP (39-byte body)
[Fastbot][2026-04-09 09:24:40.721] [Proxy Server] Forwarding
[Fastbot][2026-04-09 09:24:40.721] --> POST http://127.0.0.1:9008/jsonrpc/0
[Fastbot][2026-04-09 09:24:40.722] Content-Type: application/json; charset=utf-8
[Fastbot][2026-04-09 09:24:40.722] Content-Length: 183
[Fastbot][2026-04-09 09:24:40.723] 
[Fastbot][2026-04-09 09:24:40.723] {"jsonrpc": "2.0", "id": 1, "method": "getText", "params": [{"mask": 8388624, "childOrSibling": [], "childOrSiblingSelector": [], "className": "android.widget.TextView", "index": 1}]}
[Fastbot][2026-04-09 09:24:40.724] --> END POST (183-byte body)
[Fastbot][2026-04-09 09:24:40.733] <-- 200 OK  http://127.0.0.1:9008/jsonrpc/0 (9ms)
[Fastbot][2026-04-09 09:24:40.733] Content-Type: application/json
[Fastbot][2026-04-09 09:24:40.733] Date: Thu, 9 Apr 2026 09:24:40 GMT
[Fastbot][2026-04-09 09:24:40.733] Connection: keep-alive
[Fastbot][2026-04-09 09:24:40.734] Transfer-Encoding: chunked
[Fastbot][2026-04-09 09:24:40.734] 
[Fastbot][2026-04-09 09:24:40.734] {"jsonrpc":"2.0","id":1,"result":"A.txt"}

[Fastbot][2026-04-09 09:24:40.734] <-- END HTTP (42-byte body)
[Fastbot][2026-04-09 09:24:40.767] [Proxy Server] Forwarding
[Fastbot][2026-04-09 09:24:40.768] --> POST http://127.0.0.1:9008/jsonrpc/0
[Fastbot][2026-04-09 09:24:40.768] Content-Type: application/json; charset=utf-8
[Fastbot][2026-04-09 09:24:40.768] Content-Length: 215
[Fastbot][2026-04-09 09:24:40.768] 
[Fastbot][2026-04-09 09:24:40.768] {"jsonrpc": "2.0", "id": 1, "method": "waitForExists", "params": [{"mask": 2097152, "childOrSibling": [], "childOrSiblingSelector": [], "resourceId": "com.amaze.filemanager.debug:id/textEditorMainEditText"}, 20000]}
[Fastbot][2026-04-09 09:24:40.768] --> END POST (215-byte body)
[Fastbot][2026-04-09 09:24:40.778] <-- 200 OK  http://127.0.0.1:9008/jsonrpc/0 (9ms)
[Fastbot][2026-04-09 09:24:40.778] Content-Type: application/json
[Fastbot][2026-04-09 09:24:40.778] Date: Thu, 9 Apr 2026 09:24:40 GMT
[Fastbot][2026-04-09 09:24:40.779] Connection: keep-alive
[Fastbot][2026-04-09 09:24:40.779] Transfer-Encoding: chunked
[Fastbot][2026-04-09 09:24:40.779] 
[Fastbot][2026-04-09 09:24:40.779] {"jsonrpc":"2.0","id":1,"result":true}

[Fastbot][2026-04-09 09:24:40.779] <-- END HTTP (39-byte body)
[Fastbot][2026-04-09 09:24:40.795] [Proxy Server] Detected script method: setText
[Fastbot][2026-04-09 09:24:40.796] [Proxy Server] Forwarding
[Fastbot][2026-04-09 09:24:40.796] --> POST http://127.0.0.1:9008/jsonrpc/0
[Fastbot][2026-04-09 09:24:40.796] Content-Type: application/json; charset=utf-8
[Fastbot][2026-04-09 09:24:40.796] Content-Length: 213
[Fastbot][2026-04-09 09:24:40.796] 
[Fastbot][2026-04-09 09:24:40.796] {"jsonrpc": "2.0", "id": 1, "method": "setText", "params": [{"mask": 2097152, "childOrSibling": [], "childOrSiblingSelector": [], "resourceId": "com.amaze.filemanager.debug:id/textEditorMainEditText"}, "HUYWJ55"]}
[Fastbot][2026-04-09 09:24:40.797] --> END POST (213-byte body)
[Fastbot][2026-04-09 09:24:41.073] <-- 200 OK  http://127.0.0.1:9008/jsonrpc/0 (275ms)
[Fastbot][2026-04-09 09:24:41.073] Content-Type: application/json
[Fastbot][2026-04-09 09:24:41.073] Date: Thu, 9 Apr 2026 09:24:41 GMT
[Fastbot][2026-04-09 09:24:41.073] Connection: keep-alive
[Fastbot][2026-04-09 09:24:41.073] Transfer-Encoding: chunked
[Fastbot][2026-04-09 09:24:41.121] 
[Fastbot][2026-04-09 09:24:41.121] {"jsonrpc":"2.0","id":1,"result":true}

[Fastbot][2026-04-09 09:24:41.121] <-- END HTTP (39-byte body)
[Fastbot][2026-04-09 09:24:41.664] [Proxy Server] Detected script method: pressKey
[Fastbot][2026-04-09 09:24:41.665] [Proxy Server] Forwarding
[Fastbot][2026-04-09 09:24:41.665] --> POST http://127.0.0.1:9008/jsonrpc/0
[Fastbot][2026-04-09 09:24:41.666] Content-Type: application/json; charset=utf-8
[Fastbot][2026-04-09 09:24:41.666] Content-Length: 69
[Fastbot][2026-04-09 09:24:41.667] 
[Fastbot][2026-04-09 09:24:41.667] {"jsonrpc": "2.0", "id": 1, "method": "pressKey", "params": ["back"]}
[Fastbot][2026-04-09 09:24:41.667] --> END POST (69-byte body)
[Fastbot][2026-04-09 09:24:42.040] <-- 200 OK  http://127.0.0.1:9008/jsonrpc/0 (372ms)
[Fastbot][2026-04-09 09:24:42.040] Content-Type: application/json
[Fastbot][2026-04-09 09:24:42.040] Date: Thu, 9 Apr 2026 09:24:42 GMT
[Fastbot][2026-04-09 09:24:42.041] Connection: keep-alive
[Fastbot][2026-04-09 09:24:42.041] Transfer-Encoding: chunked
[Fastbot][2026-04-09 09:24:42.041] 
[Fastbot][2026-04-09 09:24:42.041] {"jsonrpc":"2.0","id":1,"result":true}

[Fastbot][2026-04-09 09:24:42.041] <-- END HTTP (39-byte body)
[Fastbot][2026-04-09 09:24:42.558] [Proxy Server] Forwarding
[Fastbot][2026-04-09 09:24:42.559] --> POST http://127.0.0.1:9008/jsonrpc/0
[Fastbot][2026-04-09 09:24:42.559] Content-Type: application/json; charset=utf-8
[Fastbot][2026-04-09 09:24:42.560] Content-Length: 232
[Fastbot][2026-04-09 09:24:42.561] 
[Fastbot][2026-04-09 09:24:42.561] {"jsonrpc": "2.0", "id": 1, "method": "waitForExists", "params": [{"mask": 2097153, "childOrSibling": [], "childOrSiblingSelector": [], "resourceId": "com.amaze.filemanager.debug:id/md_buttonDefaultPositive", "text": "YES"}, 20000]}
[Fastbot][2026-04-09 09:24:42.561] --> END POST (232-byte body)
[Fastbot][2026-04-09 09:24:42.569] <-- 200 OK  http://127.0.0.1:9008/jsonrpc/0 (8ms)
[Fastbot][2026-04-09 09:24:42.570] Content-Type: application/json
[Fastbot][2026-04-09 09:24:42.570] Date: Thu, 9 Apr 2026 09:24:42 GMT
[Fastbot][2026-04-09 09:24:42.570] Connection: keep-alive
[Fastbot][2026-04-09 09:24:42.570] Transfer-Encoding: chunked
[Fastbot][2026-04-09 09:24:42.571] 
[Fastbot][2026-04-09 09:24:42.571] {"jsonrpc":"2.0","id":1,"result":true}

[Fastbot][2026-04-09 09:24:42.571] <-- END HTTP (39-byte body)
[Fastbot][2026-04-09 09:24:42.604] [Proxy Server] Forwarding
[Fastbot][2026-04-09 09:24:42.605] --> POST http://127.0.0.1:9008/jsonrpc/0
[Fastbot][2026-04-09 09:24:42.605] Content-Type: application/json; charset=utf-8
[Fastbot][2026-04-09 09:24:42.605] Content-Length: 219
[Fastbot][2026-04-09 09:24:42.606] 
[Fastbot][2026-04-09 09:24:42.606] {"jsonrpc": "2.0", "id": 1, "method": "objInfo", "params": [{"mask": 2097153, "childOrSibling": [], "childOrSiblingSelector": [], "resourceId": "com.amaze.filemanager.debug:id/md_buttonDefaultPositive", "text": "YES"}]}
[Fastbot][2026-04-09 09:24:42.606] --> END POST (219-byte body)
[Fastbot][2026-04-09 09:24:42.629] <-- 200 OK  http://127.0.0.1:9008/jsonrpc/0 (22ms)
[Fastbot][2026-04-09 09:24:42.629] Content-Type: application/json
[Fastbot][2026-04-09 09:24:42.629] Date: Thu, 9 Apr 2026 09:24:42 GMT
[Fastbot][2026-04-09 09:24:42.629] Connection: keep-alive
[Fastbot][2026-04-09 09:24:42.629] Transfer-Encoding: chunked
[Fastbot][2026-04-09 09:24:42.631] 
[Fastbot][2026-04-09 09:24:42.631] {"jsonrpc":"2.0","id":1,"result":{"bounds":{"bottom":1284,"left":772,"right":915,"top":1218},"childCount":0,"className":"android.widget.TextView","contentDescription":null,"packageName":"com.amaze.filemanager.debug","resourceName":"com.amaze.filemanager.debug:id/md_buttonDefaultPositive","text":"YES...[truncated]
[Fastbot][2026-04-09 09:24:42.631] <-- END HTTP (527-byte body)
[Fastbot][2026-04-09 09:24:42.649] [Proxy Server] Detected script method: click
[Fastbot][2026-04-09 09:24:42.650] [Proxy Server] Forwarding
[Fastbot][2026-04-09 09:24:42.651] --> POST http://127.0.0.1:9008/jsonrpc/0
[Fastbot][2026-04-09 09:24:42.651] Content-Type: application/json; charset=utf-8
[Fastbot][2026-04-09 09:24:42.651] Content-Length: 73
[Fastbot][2026-04-09 09:24:42.652] 
[Fastbot][2026-04-09 09:24:42.653] {"jsonrpc": "2.0", "id": 1, "method": "click", "params": [843.5, 1251.0]}
[Fastbot][2026-04-09 09:24:42.654] --> END POST (73-byte body)
[Fastbot][2026-04-09 09:24:42.779] <-- 200 OK  http://127.0.0.1:9008/jsonrpc/0 (125ms)
[Fastbot][2026-04-09 09:24:42.779] Content-Type: application/json
[Fastbot][2026-04-09 09:24:42.779] Date: Thu, 9 Apr 2026 09:24:42 GMT
[Fastbot][2026-04-09 09:24:42.780] Connection: keep-alive
[Fastbot][2026-04-09 09:24:42.780] Transfer-Encoding: chunked
[Fastbot][2026-04-09 09:24:42.861] 
[Fastbot][2026-04-09 09:24:42.861] {"jsonrpc":"2.0","id":1,"result":true}

[Fastbot][2026-04-09 09:24:42.862] <-- END HTTP (39-byte body)
[Fastbot][2026-04-09 09:24:43.466] // [Script] current activity is com.amaze.filemanager.ui.activities.MainActivity
[Fastbot][2026-04-09 09:24:43.466] [Proxy Server] Forwarding
[Fastbot][2026-04-09 09:24:43.466] --> POST http://127.0.0.1:9008/jsonrpc/0
[Fastbot][2026-04-09 09:24:43.467] Content-Type: application/json; charset=utf-8
[Fastbot][2026-04-09 09:24:43.467] Content-Length: 212
[Fastbot][2026-04-09 09:24:43.468] 
[Fastbot][2026-04-09 09:24:43.468] {"jsonrpc": "2.0", "id": 1, "method": "waitForExists", "params": [{"mask": 10485760, "childOrSibling": [], "childOrSiblingSelector": [], "resourceId": "com.amaze.filemanager.debug:id/search", "index": 0}, 20000]}
[Fastbot][2026-04-09 09:24:43.468] --> END POST (212-byte body)
[Fastbot][2026-04-09 09:24:43.616] <-- 200 OK  http://127.0.0.1:9008/jsonrpc/0 (147ms)
[Fastbot][2026-04-09 09:24:43.616] Content-Type: application/json
[Fastbot][2026-04-09 09:24:43.616] Date: Thu, 9 Apr 2026 09:24:43 GMT
[Fastbot][2026-04-09 09:24:43.616] Connection: keep-alive
[Fastbot][2026-04-09 09:24:43.616] Transfer-Encoding: chunked
[Fastbot][2026-04-09 09:24:43.616] 
[Fastbot][2026-04-09 09:24:43.616] {"jsonrpc":"2.0","id":1,"result":true}

[Fastbot][2026-04-09 09:24:43.616] <-- END HTTP (39-byte body)
[Fastbot][2026-04-09 09:24:43.652] [Proxy Server] Forwarding
[Fastbot][2026-04-09 09:24:43.652] --> POST http://127.0.0.1:9008/jsonrpc/0
[Fastbot][2026-04-09 09:24:43.653] Content-Type: application/json; charset=utf-8
[Fastbot][2026-04-09 09:24:43.654] Content-Length: 199
[Fastbot][2026-04-09 09:24:43.654] 
[Fastbot][2026-04-09 09:24:43.654] {"jsonrpc": "2.0", "id": 1, "method": "objInfo", "params": [{"mask": 10485760, "childOrSibling": [], "childOrSiblingSelector": [], "resourceId": "com.amaze.filemanager.debug:id/search", "index": 0}]}
[Fastbot][2026-04-09 09:24:43.655] --> END POST (199-byte body)
[Fastbot][2026-04-09 09:24:44.370] <-- 200 OK  http://127.0.0.1:9008/jsonrpc/0 (714ms)
[Fastbot][2026-04-09 09:24:44.370] Content-Type: application/json
[Fastbot][2026-04-09 09:24:44.370] Date: Thu, 9 Apr 2026 09:24:44 GMT
[Fastbot][2026-04-09 09:24:44.370] Connection: keep-alive
[Fastbot][2026-04-09 09:24:44.370] Transfer-Encoding: chunked
[Fastbot][2026-04-09 09:24:44.371] 
[Fastbot][2026-04-09 09:24:44.371] {"jsonrpc":"2.0","id":1,"result":{"bounds":{"bottom":226,"left":705,"right":837,"top":94},"childCount":0,"className":"android.widget.Button","contentDescription":"Search","packageName":"com.amaze.filemanager.debug","resourceName":null,"text":"","visibleBounds":{"bottom":226,"left":705,"right":837,"t...[truncated]
[Fastbot][2026-04-09 09:24:44.371] <-- END HTTP (467-byte body)
[Fastbot][2026-04-09 09:24:44.425] [Proxy Server] Detected script method: click
[Fastbot][2026-04-09 09:24:44.426] [Proxy Server] Forwarding
[Fastbot][2026-04-09 09:24:44.426] --> POST http://127.0.0.1:9008/jsonrpc/0
[Fastbot][2026-04-09 09:24:44.427] Content-Type: application/json; charset=utf-8
[Fastbot][2026-04-09 09:24:44.427] Content-Length: 72
[Fastbot][2026-04-09 09:24:44.427] 
[Fastbot][2026-04-09 09:24:44.428] {"jsonrpc": "2.0", "id": 1, "method": "click", "params": [771.0, 160.0]}
[Fastbot][2026-04-09 09:24:44.428] --> END POST (72-byte body)
[Fastbot][2026-04-09 09:24:44.595] <-- 200 OK  http://127.0.0.1:9008/jsonrpc/0 (166ms)
[Fastbot][2026-04-09 09:24:44.595] Content-Type: application/json
[Fastbot][2026-04-09 09:24:44.595] Date: Thu, 9 Apr 2026 09:24:44 GMT
[Fastbot][2026-04-09 09:24:44.595] Connection: keep-alive
[Fastbot][2026-04-09 09:24:44.595] Transfer-Encoding: chunked
[Fastbot][2026-04-09 09:24:44.596] 
[Fastbot][2026-04-09 09:24:44.596] {"jsonrpc":"2.0","id":1,"result":true}

[Fastbot][2026-04-09 09:24:44.596] <-- END HTTP (39-byte body)
[Fastbot][2026-04-09 09:24:45.130] [Proxy Server] Forwarding
[Fastbot][2026-04-09 09:24:45.131] --> POST http://127.0.0.1:9008/jsonrpc/0
[Fastbot][2026-04-09 09:24:45.131] Content-Type: application/json; charset=utf-8
[Fastbot][2026-04-09 09:24:45.131] Content-Length: 209
[Fastbot][2026-04-09 09:24:45.132] 
[Fastbot][2026-04-09 09:24:45.132] {"jsonrpc": "2.0", "id": 1, "method": "waitForExists", "params": [{"mask": 2097152, "childOrSibling": [], "childOrSiblingSelector": [], "resourceId": "com.amaze.filemanager.debug:id/search_edit_text"}, 20000]}
[Fastbot][2026-04-09 09:24:45.132] --> END POST (209-byte body)
[Fastbot][2026-04-09 09:24:46.069] <-- 200 OK  http://127.0.0.1:9008/jsonrpc/0 (936ms)
[Fastbot][2026-04-09 09:24:46.069] Content-Type: application/json
[Fastbot][2026-04-09 09:24:46.069] Date: Thu, 9 Apr 2026 09:24:46 GMT
[Fastbot][2026-04-09 09:24:46.070] Connection: keep-alive
[Fastbot][2026-04-09 09:24:46.070] Transfer-Encoding: chunked
[Fastbot][2026-04-09 09:24:46.070] 
[Fastbot][2026-04-09 09:24:46.070] {"jsonrpc":"2.0","id":1,"result":true}

[Fastbot][2026-04-09 09:24:46.070] <-- END HTTP (39-byte body)
[Fastbot][2026-04-09 09:24:46.105] [Proxy Server] Detected script method: setText
[Fastbot][2026-04-09 09:24:46.106] [Proxy Server] Forwarding
[Fastbot][2026-04-09 09:24:46.106] --> POST http://127.0.0.1:9008/jsonrpc/0
[Fastbot][2026-04-09 09:24:46.106] Content-Type: application/json; charset=utf-8
[Fastbot][2026-04-09 09:24:46.106] Content-Length: 205
[Fastbot][2026-04-09 09:24:46.106] 
[Fastbot][2026-04-09 09:24:46.106] {"jsonrpc": "2.0", "id": 1, "method": "setText", "params": [{"mask": 2097152, "childOrSibling": [], "childOrSiblingSelector": [], "resourceId": "com.amaze.filemanager.debug:id/search_edit_text"}, "A.txt"]}
[Fastbot][2026-04-09 09:24:46.107] --> END POST (205-byte body)
[Fastbot][2026-04-09 09:24:46.522] <-- 200 OK  http://127.0.0.1:9008/jsonrpc/0 (414ms)
[Fastbot][2026-04-09 09:24:46.523] Content-Type: application/json
[Fastbot][2026-04-09 09:24:46.523] Date: Thu, 9 Apr 2026 09:24:46 GMT
[Fastbot][2026-04-09 09:24:46.523] Connection: keep-alive
[Fastbot][2026-04-09 09:24:46.524] Transfer-Encoding: chunked
[Fastbot][2026-04-09 09:24:46.524] 
[Fastbot][2026-04-09 09:24:46.524] {"jsonrpc":"2.0","id":1,"result":true}

[Fastbot][2026-04-09 09:24:46.524] <-- END HTTP (39-byte body)
[Fastbot][2026-04-09 09:24:47.061] [Proxy Server] Forwarding
[Fastbot][2026-04-09 09:24:47.061] --> POST http://127.0.0.1:9008/jsonrpc/0
[Fastbot][2026-04-09 09:24:47.061] Content-Type: application/json; charset=utf-8
[Fastbot][2026-04-09 09:24:47.061] Content-Length: 211
[Fastbot][2026-04-09 09:24:47.061] 
[Fastbot][2026-04-09 09:24:47.061] {"jsonrpc": "2.0", "id": 1, "method": "waitForExists", "params": [{"mask": 2097152, "childOrSibling": [], "childOrSiblingSelector": [], "resourceId": "com.amaze.filemanager.debug:id/searchDeepSearchTV"}, 20000]}
[Fastbot][2026-04-09 09:24:47.061] --> END POST (211-byte body)
[Fastbot][2026-04-09 09:24:48.356] <-- 200 OK  http://127.0.0.1:9008/jsonrpc/0 (1294ms)
[Fastbot][2026-04-09 09:24:48.356] Content-Type: application/json
[Fastbot][2026-04-09 09:24:48.356] Date: Thu, 9 Apr 2026 09:24:48 GMT
[Fastbot][2026-04-09 09:24:48.357] Connection: keep-alive
[Fastbot][2026-04-09 09:24:48.357] Transfer-Encoding: chunked
[Fastbot][2026-04-09 09:24:48.358] 
[Fastbot][2026-04-09 09:24:48.358] {"jsonrpc":"2.0","id":1,"result":true}

[Fastbot][2026-04-09 09:24:48.358] <-- END HTTP (39-byte body)
[Fastbot][2026-04-09 09:24:48.398] [Proxy Server] Forwarding
[Fastbot][2026-04-09 09:24:48.398] --> POST http://127.0.0.1:9008/jsonrpc/0
[Fastbot][2026-04-09 09:24:48.399] Content-Type: application/json; charset=utf-8
[Fastbot][2026-04-09 09:24:48.402] Content-Length: 198
[Fastbot][2026-04-09 09:24:48.403] 
[Fastbot][2026-04-09 09:24:48.403] {"jsonrpc": "2.0", "id": 1, "method": "objInfo", "params": [{"mask": 2097152, "childOrSibling": [], "childOrSiblingSelector": [], "resourceId": "com.amaze.filemanager.debug:id/searchDeepSearchTV"}]}
[Fastbot][2026-04-09 09:24:48.404] --> END POST (198-byte body)
[Fastbot][2026-04-09 09:24:49.368] <-- 200 OK  http://127.0.0.1:9008/jsonrpc/0 (963ms)
[Fastbot][2026-04-09 09:24:49.368] Content-Type: application/json
[Fastbot][2026-04-09 09:24:49.368] Date: Thu, 9 Apr 2026 09:24:49 GMT
[Fastbot][2026-04-09 09:24:49.368] Connection: keep-alive
[Fastbot][2026-04-09 09:24:49.368] Transfer-Encoding: chunked
[Fastbot][2026-04-09 09:24:49.370] 
[Fastbot][2026-04-09 09:24:49.370] {"jsonrpc":"2.0","id":1,"result":{"bounds":{"bottom":684,"left":28,"right":1052,"top":529},"childCount":0,"className":"android.widget.TextView","contentDescription":null,"packageName":"com.amaze.filemanager.debug","resourceName":"com.amaze.filemanager.debug:id/searchDeepSearchTV","text":"Not finding...[truncated]
[Fastbot][2026-04-09 09:24:49.370] <-- END HTTP (570-byte body)
[Fastbot][2026-04-09 09:24:49.414] [Proxy Server] Detected script method: click
[Fastbot][2026-04-09 09:24:49.414] [Proxy Server] Forwarding
[Fastbot][2026-04-09 09:24:49.415] --> POST http://127.0.0.1:9008/jsonrpc/0
[Fastbot][2026-04-09 09:24:49.416] Content-Type: application/json; charset=utf-8
[Fastbot][2026-04-09 09:24:49.417] Content-Length: 72
[Fastbot][2026-04-09 09:24:49.417] 
[Fastbot][2026-04-09 09:24:49.417] {"jsonrpc": "2.0", "id": 1, "method": "click", "params": [540.0, 606.5]}
[Fastbot][2026-04-09 09:24:49.417] --> END POST (72-byte body)
[Fastbot][2026-04-09 09:24:49.579] <-- 200 OK  http://127.0.0.1:9008/jsonrpc/0 (161ms)
[Fastbot][2026-04-09 09:24:49.580] Content-Type: application/json
[Fastbot][2026-04-09 09:24:49.580] Date: Thu, 9 Apr 2026 09:24:49 GMT
[Fastbot][2026-04-09 09:24:49.580] Connection: keep-alive
[Fastbot][2026-04-09 09:24:49.580] Transfer-Encoding: chunked
[Fastbot][2026-04-09 09:24:49.580] 
[Fastbot][2026-04-09 09:24:49.581] {"jsonrpc":"2.0","id":1,"result":true}

[Fastbot][2026-04-09 09:24:49.581] <-- END HTTP (39-byte body)
[Fastbot][2026-04-09 09:24:50.121] [Proxy Server] Forwarding
[Fastbot][2026-04-09 09:24:50.121] --> POST http://127.0.0.1:9008/jsonrpc/0
[Fastbot][2026-04-09 09:24:50.122] Content-Type: application/json; charset=utf-8
[Fastbot][2026-04-09 09:24:50.122] Content-Length: 198
[Fastbot][2026-04-09 09:24:50.122] 
[Fastbot][2026-04-09 09:24:50.122] {"jsonrpc": "2.0", "id": 1, "method": "exist", "params": [{"mask": 2097152, "childOrSibling": [], "childOrSiblingSelector": [], "resourceId": "com.amaze.filemanager.debug:id/searchItemFileNameTV"}]}
[Fastbot][2026-04-09 09:24:50.122] --> END POST (198-byte body)
[Fastbot][2026-04-09 09:24:51.117] <-- 200 OK  http://127.0.0.1:9008/jsonrpc/0 (994ms)
[Fastbot][2026-04-09 09:24:51.117] Content-Type: application/json
[Fastbot][2026-04-09 09:24:51.117] Date: Thu, 9 Apr 2026 09:24:51 GMT
[Fastbot][2026-04-09 09:24:51.117] Connection: keep-alive
[Fastbot][2026-04-09 09:24:51.117] Transfer-Encoding: chunked
[Fastbot][2026-04-09 09:24:51.118] 
[Fastbot][2026-04-09 09:24:51.118] {"jsonrpc":"2.0","id":1,"result":true}

[Fastbot][2026-04-09 09:24:51.118] <-- END HTTP (39-byte body)
[Fastbot][2026-04-09 09:24:51.136] [Proxy Server] Forwarding
[Fastbot][2026-04-09 09:24:51.137] --> POST http://127.0.0.1:9008/jsonrpc/0
[Fastbot][2026-04-09 09:24:51.137] Content-Type: application/json; charset=utf-8
[Fastbot][2026-04-09 09:24:51.137] Content-Length: 213
[Fastbot][2026-04-09 09:24:51.137] 
[Fastbot][2026-04-09 09:24:51.138] {"jsonrpc": "2.0", "id": 1, "method": "waitForExists", "params": [{"mask": 2097152, "childOrSibling": [], "childOrSiblingSelector": [], "resourceId": "com.amaze.filemanager.debug:id/searchItemFileNameTV"}, 20000]}
[Fastbot][2026-04-09 09:24:51.138] --> END POST (213-byte body)
[Fastbot][2026-04-09 09:24:51.238] <-- 200 OK  http://127.0.0.1:9008/jsonrpc/0 (99ms)
[Fastbot][2026-04-09 09:24:51.238] Content-Type: application/json
[Fastbot][2026-04-09 09:24:51.238] Date: Thu, 9 Apr 2026 09:24:51 GMT
[Fastbot][2026-04-09 09:24:51.239] Connection: keep-alive
[Fastbot][2026-04-09 09:24:51.239] Transfer-Encoding: chunked
[Fastbot][2026-04-09 09:24:51.282] 
[Fastbot][2026-04-09 09:24:51.282] {"jsonrpc":"2.0","id":1,"result":true}

[Fastbot][2026-04-09 09:24:51.282] <-- END HTTP (39-byte body)
[Fastbot][2026-04-09 09:24:51.298] [Proxy Server] Forwarding
[Fastbot][2026-04-09 09:24:51.299] --> POST http://127.0.0.1:9008/jsonrpc/0
[Fastbot][2026-04-09 09:24:51.299] Content-Type: application/json; charset=utf-8
[Fastbot][2026-04-09 09:24:51.299] Content-Length: 200
[Fastbot][2026-04-09 09:24:51.299] 
[Fastbot][2026-04-09 09:24:51.300] {"jsonrpc": "2.0", "id": 1, "method": "getText", "params": [{"mask": 2097152, "childOrSibling": [], "childOrSiblingSelector": [], "resourceId": "com.amaze.filemanager.debug:id/searchItemFileNameTV"}]}
[Fastbot][2026-04-09 09:24:51.301] --> END POST (200-byte body)
[Fastbot][2026-04-09 09:24:51.499] <-- 200 OK  http://127.0.0.1:9008/jsonrpc/0 (197ms)
[Fastbot][2026-04-09 09:24:51.499] Content-Type: application/json
[Fastbot][2026-04-09 09:24:51.499] Date: Thu, 9 Apr 2026 09:24:51 GMT
[Fastbot][2026-04-09 09:24:51.499] Connection: keep-alive
[Fastbot][2026-04-09 09:24:51.499] Transfer-Encoding: chunked
[Fastbot][2026-04-09 09:24:51.542] 
[Fastbot][2026-04-09 09:24:51.542] {"jsonrpc":"2.0","id":1,"result":"A.txt"}

[Fastbot][2026-04-09 09:24:51.542] <-- END HTTP (42-byte body)
[Fastbot][2026-04-09 09:24:51.585] [Proxy Server] Forwarding
[Fastbot][2026-04-09 09:24:51.587] --> POST http://127.0.0.1:9008/jsonrpc/0
[Fastbot][2026-04-09 09:24:51.587] Content-Type: application/json; charset=utf-8
[Fastbot][2026-04-09 09:24:51.587] Content-Length: 213
[Fastbot][2026-04-09 09:24:51.588] 
[Fastbot][2026-04-09 09:24:51.588] {"jsonrpc": "2.0", "id": 1, "method": "waitForExists", "params": [{"mask": 2097152, "childOrSibling": [], "childOrSiblingSelector": [], "resourceId": "com.amaze.filemanager.debug:id/searchItemFileNameTV"}, 20000]}
[Fastbot][2026-04-09 09:24:51.588] --> END POST (213-byte body)
[Fastbot][2026-04-09 09:24:51.662] <-- 200 OK  http://127.0.0.1:9008/jsonrpc/0 (73ms)
[Fastbot][2026-04-09 09:24:51.662] Content-Type: application/json
[Fastbot][2026-04-09 09:24:51.662] Date: Thu, 9 Apr 2026 09:24:51 GMT
[Fastbot][2026-04-09 09:24:51.662] Connection: keep-alive
[Fastbot][2026-04-09 09:24:51.662] Transfer-Encoding: chunked
[Fastbot][2026-04-09 09:24:51.663] 
[Fastbot][2026-04-09 09:24:51.664] {"jsonrpc":"2.0","id":1,"result":true}

[Fastbot][2026-04-09 09:24:51.664] <-- END HTTP (39-byte body)
[Fastbot][2026-04-09 09:24:51.684] [Proxy Server] Forwarding
[Fastbot][2026-04-09 09:24:51.685] --> POST http://127.0.0.1:9008/jsonrpc/0
[Fastbot][2026-04-09 09:24:51.685] Content-Type: application/json; charset=utf-8
[Fastbot][2026-04-09 09:24:51.685] Content-Length: 200
[Fastbot][2026-04-09 09:24:51.686] 
[Fastbot][2026-04-09 09:24:51.687] {"jsonrpc": "2.0", "id": 1, "method": "objInfo", "params": [{"mask": 2097152, "childOrSibling": [], "childOrSiblingSelector": [], "resourceId": "com.amaze.filemanager.debug:id/searchItemFileNameTV"}]}
[Fastbot][2026-04-09 09:24:51.687] --> END POST (200-byte body)
[Fastbot][2026-04-09 09:24:52.401] <-- 200 OK  http://127.0.0.1:9008/jsonrpc/0 (714ms)
[Fastbot][2026-04-09 09:24:52.402] Content-Type: application/json
[Fastbot][2026-04-09 09:24:52.402] Date: Thu, 9 Apr 2026 09:24:52 GMT
[Fastbot][2026-04-09 09:24:52.402] Connection: keep-alive
[Fastbot][2026-04-09 09:24:52.402] Transfer-Encoding: chunked
[Fastbot][2026-04-09 09:24:52.461] 
[Fastbot][2026-04-09 09:24:52.461] {"jsonrpc":"2.0","id":1,"result":{"bounds":{"bottom":851,"left":76,"right":1015,"top":792},"childCount":0,"className":"android.widget.TextView","contentDescription":null,"packageName":"com.amaze.filemanager.debug","resourceName":"com.amaze.filemanager.debug:id/searchItemFileNameTV","text":"A.txt","v...[truncated]
[Fastbot][2026-04-09 09:24:52.461] <-- END HTTP (523-byte body)
[Fastbot][2026-04-09 09:24:52.511] [Proxy Server] Detected script method: click
[Fastbot][2026-04-09 09:24:52.512] [Proxy Server] Forwarding
[Fastbot][2026-04-09 09:24:52.512] --> POST http://127.0.0.1:9008/jsonrpc/0
[Fastbot][2026-04-09 09:24:52.513] Content-Type: application/json; charset=utf-8
[Fastbot][2026-04-09 09:24:52.514] Content-Length: 72
[Fastbot][2026-04-09 09:24:52.514] 
[Fastbot][2026-04-09 09:24:52.514] {"jsonrpc": "2.0", "id": 1, "method": "click", "params": [545.5, 821.5]}
[Fastbot][2026-04-09 09:24:52.515] --> END POST (72-byte body)
[Fastbot][2026-04-09 09:24:52.663] <-- 200 OK  http://127.0.0.1:9008/jsonrpc/0 (147ms)
[Fastbot][2026-04-09 09:24:52.664] Content-Type: application/json
[Fastbot][2026-04-09 09:24:52.664] Date: Thu, 9 Apr 2026 09:24:52 GMT
[Fastbot][2026-04-09 09:24:52.664] Connection: keep-alive
[Fastbot][2026-04-09 09:24:52.664] Transfer-Encoding: chunked
[Fastbot][2026-04-09 09:24:52.664] 
[Fastbot][2026-04-09 09:24:52.664] {"jsonrpc":"2.0","id":1,"result":true}

[Fastbot][2026-04-09 09:24:52.664] <-- END HTTP (39-byte body)
[Fastbot][2026-04-09 09:24:52.692] // the top activity is com.amaze.filemanager.ui.activities.texteditor.TextEditorActivity, phone capture activity is com.android.camera.CaptureActivity
[Fastbot][2026-04-09 09:24:52.692]     // Allowing start of Intent { act=android.intent.action.VIEW dat=content://com.amaze.filemanager.debug/storage_root/storage/emulated/0/Documents/mordor/A.txt typ=text/plain cmp=com.amaze.filemanager.debug/com.amaze.filemanager.ui.activities.texteditor.TextEditorActivity } in package com.amaze.filemanager.debug
[Fastbot][2026-04-09 09:24:53.194] // [Script] current activity is com.amaze.filemanager.ui.activities.texteditor.TextEditorActivity
[Fastbot][2026-04-09 09:24:53.194] [Proxy Server] Forwarding
[Fastbot][2026-04-09 09:24:53.195] --> POST http://127.0.0.1:9008/jsonrpc/0
[Fastbot][2026-04-09 09:24:53.195] Content-Type: application/json; charset=utf-8
[Fastbot][2026-04-09 09:24:53.195] Content-Length: 209
[Fastbot][2026-04-09 09:24:53.195] 
[Fastbot][2026-04-09 09:24:53.201] {"jsonrpc": "2.0", "id": 1, "method": "exist", "params": [{"mask": 2097153, "childOrSibling": [], "childOrSiblingSelector": [], "resourceId": "com.amaze.filemanager.debug:id/always_button", "text": "Always"}]}
[Fastbot][2026-04-09 09:24:53.201] --> END POST (209-byte body)
[Fastbot][2026-04-09 09:24:53.903] <-- 200 OK  http://127.0.0.1:9008/jsonrpc/0 (701ms)
[Fastbot][2026-04-09 09:24:53.903] Content-Type: application/json
[Fastbot][2026-04-09 09:24:53.903] Date: Thu, 9 Apr 2026 09:24:53 GMT
[Fastbot][2026-04-09 09:24:53.903] Connection: keep-alive
[Fastbot][2026-04-09 09:24:53.903] Transfer-Encoding: chunked
[Fastbot][2026-04-09 09:24:53.904] 
[Fastbot][2026-04-09 09:24:53.905] {"jsonrpc":"2.0","id":1,"result":false}

[Fastbot][2026-04-09 09:24:53.905] <-- END HTTP (40-byte body)
[Fastbot][2026-04-09 09:24:53.956] [Proxy Server] Forwarding
[Fastbot][2026-04-09 09:24:53.957] --> POST http://127.0.0.1:9008/jsonrpc/0
[Fastbot][2026-04-09 09:24:53.957] Content-Type: application/json; charset=utf-8
[Fastbot][2026-04-09 09:24:53.958] Content-Length: 215
[Fastbot][2026-04-09 09:24:53.959] 
[Fastbot][2026-04-09 09:24:53.959] {"jsonrpc": "2.0", "id": 1, "method": "waitForExists", "params": [{"mask": 2097152, "childOrSibling": [], "childOrSiblingSelector": [], "resourceId": "com.amaze.filemanager.debug:id/textEditorMainEditText"}, 20000]}
[Fastbot][2026-04-09 09:24:53.961] --> END POST (215-byte body)
[Fastbot][2026-04-09 09:24:53.988] <-- 200 OK  http://127.0.0.1:9008/jsonrpc/0 (27ms)
[Fastbot][2026-04-09 09:24:53.988] Content-Type: application/json
[Fastbot][2026-04-09 09:24:53.988] Date: Thu, 9 Apr 2026 09:24:53 GMT
[Fastbot][2026-04-09 09:24:53.988] Connection: keep-alive
[Fastbot][2026-04-09 09:24:53.989] Transfer-Encoding: chunked
[Fastbot][2026-04-09 09:24:53.990] 
[Fastbot][2026-04-09 09:24:53.990] {"jsonrpc":"2.0","id":1,"result":true}

[Fastbot][2026-04-09 09:24:53.991] <-- END HTTP (39-byte body)
[Fastbot][2026-04-09 09:24:54.017] [Proxy Server] Forwarding
[Fastbot][2026-04-09 09:24:54.018] --> POST http://127.0.0.1:9008/jsonrpc/0
[Fastbot][2026-04-09 09:24:54.018] Content-Type: application/json; charset=utf-8
[Fastbot][2026-04-09 09:24:54.018] Content-Length: 202
[Fastbot][2026-04-09 09:24:54.018] 
[Fastbot][2026-04-09 09:24:54.018] {"jsonrpc": "2.0", "id": 1, "method": "getText", "params": [{"mask": 2097152, "childOrSibling": [], "childOrSiblingSelector": [], "resourceId": "com.amaze.filemanager.debug:id/textEditorMainEditText"}]}
[Fastbot][2026-04-09 09:24:54.019] --> END POST (202-byte body)
[Fastbot][2026-04-09 09:24:54.037] <-- 200 OK  http://127.0.0.1:9008/jsonrpc/0 (18ms)
[Fastbot][2026-04-09 09:24:54.037] Content-Type: application/json
[Fastbot][2026-04-09 09:24:54.037] Date: Thu, 9 Apr 2026 09:24:54 GMT
[Fastbot][2026-04-09 09:24:54.037] Connection: keep-alive
[Fastbot][2026-04-09 09:24:54.037] Transfer-Encoding: chunked
[Fastbot][2026-04-09 09:24:54.038] 
[Fastbot][2026-04-09 09:24:54.038] {"jsonrpc":"2.0","id":1,"result":"HUYWJ55"}

[Fastbot][2026-04-09 09:24:54.038] <-- END HTTP (44-byte body)
[Fastbot][2026-04-09 09:24:54.054] [Proxy Server] Detected script method: pressKey
[Fastbot][2026-04-09 09:24:54.055] [Proxy Server] Forwarding
[Fastbot][2026-04-09 09:24:54.055] --> POST http://127.0.0.1:9008/jsonrpc/0
[Fastbot][2026-04-09 09:24:54.055] Content-Type: application/json; charset=utf-8
[Fastbot][2026-04-09 09:24:54.056] Content-Length: 69
[Fastbot][2026-04-09 09:24:54.056] 
[Fastbot][2026-04-09 09:24:54.056] {"jsonrpc": "2.0", "id": 1, "method": "pressKey", "params": ["back"]}
[Fastbot][2026-04-09 09:24:54.056] --> END POST (69-byte body)
[Fastbot][2026-04-09 09:24:55.078] <-- 200 OK  http://127.0.0.1:9008/jsonrpc/0 (1021ms)
[Fastbot][2026-04-09 09:24:55.078] Content-Type: application/json
[Fastbot][2026-04-09 09:24:55.079] Date: Thu, 9 Apr 2026 09:24:55 GMT
[Fastbot][2026-04-09 09:24:55.079] Connection: keep-alive
[Fastbot][2026-04-09 09:24:55.080] Transfer-Encoding: chunked
[Fastbot][2026-04-09 09:24:55.121] 
[Fastbot][2026-04-09 09:24:55.121] {"jsonrpc":"2.0","id":1,"result":true}

[Fastbot][2026-04-09 09:24:55.121] <-- END HTTP (39-byte body)
[Fastbot][2026-04-09 09:24:55.876] --> POST http://127.0.0.1:9008/jsonrpc/0
[Fastbot][2026-04-09 09:24:55.877] Content-Type: application/json; charset=utf-8
[Fastbot][2026-04-09 09:24:55.877] Content-Length: 75
[Fastbot][2026-04-09 09:24:55.877] 
[Fastbot][2026-04-09 09:24:55.878] {"id":1,"jsonrpc":"2.0","method":"dumpWindowHierarchy","params":[false,50]}
[Fastbot][2026-04-09 09:24:55.878] --> END POST (75-byte body)
[Fastbot][2026-04-09 09:24:56.859] <-- 200 OK  http://127.0.0.1:9008/jsonrpc/0 (980ms)
[Fastbot][2026-04-09 09:24:56.859] Content-Type: application/json
[Fastbot][2026-04-09 09:24:56.860] Date: Thu, 9 Apr 2026 09:24:56 GMT
[Fastbot][2026-04-09 09:24:56.860] Connection: keep-alive
[Fastbot][2026-04-09 09:24:56.861] Transfer-Encoding: chunked
[Fastbot][2026-04-09 09:24:56.865] 
[Fastbot][2026-04-09 09:24:56.866] {"jsonrpc":"2.0","id":1,"result":"<?xml version='1.0' encoding='UTF-8' standalone='yes' ?>\r\n<hierarchy rotation=\"0\">\r\n  <node index=\"0\" text=\"\" resource-id=\"\" class=\"android.widget.FrameLayout\" package=\"com.amaze.filemanager.debug\" content-desc=\"\" checkable=\"false\" checked=\"fals...[truncated]
[Fastbot][2026-04-09 09:24:56.866] <-- END HTTP (81769-byte body)
[Fastbot][2026-04-09 09:24:56.945] // [Script] current activity is com.amaze.filemanager.ui.activities.MainActivity
[Fastbot][2026-04-09 09:24:56.946] [Proxy Server] Detected script method: click
[Fastbot][2026-04-09 09:24:56.946] [Proxy Server] Forwarding
[Fastbot][2026-04-09 09:24:56.947] --> POST http://127.0.0.1:9008/jsonrpc/0
[Fastbot][2026-04-09 09:24:56.947] Content-Type: application/json; charset=utf-8
[Fastbot][2026-04-09 09:24:56.947] Content-Length: 67
[Fastbot][2026-04-09 09:24:56.948] 
[Fastbot][2026-04-09 09:24:56.948] {"jsonrpc": "2.0", "id": 1, "method": "click", "params": [79, 154]}
[Fastbot][2026-04-09 09:24:56.948] --> END POST (67-byte body)
[Fastbot][2026-04-09 09:24:57.144] <-- 200 OK  http://127.0.0.1:9008/jsonrpc/0 (196ms)
[Fastbot][2026-04-09 09:24:57.144] Content-Type: application/json
[Fastbot][2026-04-09 09:24:57.144] Date: Thu, 9 Apr 2026 09:24:57 GMT
[Fastbot][2026-04-09 09:24:57.145] Connection: keep-alive
[Fastbot][2026-04-09 09:24:57.145] Transfer-Encoding: chunked
[Fastbot][2026-04-09 09:24:57.145] 
[Fastbot][2026-04-09 09:24:57.146] {"jsonrpc":"2.0","id":1,"result":true}

[Fastbot][2026-04-09 09:24:57.146] <-- END HTTP (39-byte body)
[Fastbot][2026-04-09 09:24:57.699] [Proxy Server] Forwarding
[Fastbot][2026-04-09 09:24:57.700] --> POST http://127.0.0.1:9008/jsonrpc/0
[Fastbot][2026-04-09 09:24:57.700] Content-Type: application/json; charset=utf-8
[Fastbot][2026-04-09 09:24:57.700] Content-Length: 238
[Fastbot][2026-04-09 09:24:57.700] 
[Fastbot][2026-04-09 09:24:57.701] {"jsonrpc": "2.0", "id": 1, "method": "waitForExists", "params": [{"mask": 2097153, "childOrSibling": [], "childOrSiblingSelector": [], "resourceId": "com.amaze.filemanager.debug:id/design_menu_item_text", "text": "Recent files"}, 20000]}
[Fastbot][2026-04-09 09:24:57.701] --> END POST (238-byte body)
[Fastbot][2026-04-09 09:24:57.807] <-- 200 OK  http://127.0.0.1:9008/jsonrpc/0 (105ms)
[Fastbot][2026-04-09 09:24:57.807] Content-Type: application/json
[Fastbot][2026-04-09 09:24:57.807] Date: Thu, 9 Apr 2026 09:24:57 GMT
[Fastbot][2026-04-09 09:24:57.807] Connection: keep-alive
[Fastbot][2026-04-09 09:24:57.808] Transfer-Encoding: chunked
[Fastbot][2026-04-09 09:24:57.809] 
[Fastbot][2026-04-09 09:24:57.810] {"jsonrpc":"2.0","id":1,"result":true}

[Fastbot][2026-04-09 09:24:57.810] <-- END HTTP (39-byte body)
[Fastbot][2026-04-09 09:24:57.849] [Proxy Server] Forwarding
[Fastbot][2026-04-09 09:24:57.849] --> POST http://127.0.0.1:9008/jsonrpc/0
[Fastbot][2026-04-09 09:24:57.850] Content-Type: application/json; charset=utf-8
[Fastbot][2026-04-09 09:24:57.850] Content-Length: 225
[Fastbot][2026-04-09 09:24:57.850] 
[Fastbot][2026-04-09 09:24:57.850] {"jsonrpc": "2.0", "id": 1, "method": "objInfo", "params": [{"mask": 2097153, "childOrSibling": [], "childOrSiblingSelector": [], "resourceId": "com.amaze.filemanager.debug:id/design_menu_item_text", "text": "Recent files"}]}
[Fastbot][2026-04-09 09:24:57.851] --> END POST (225-byte body)
[Fastbot][2026-04-09 09:24:58.618] <-- 200 OK  http://127.0.0.1:9008/jsonrpc/0 (766ms)
[Fastbot][2026-04-09 09:24:58.618] Content-Type: application/json
[Fastbot][2026-04-09 09:24:58.618] Date: Thu, 9 Apr 2026 09:24:58 GMT
[Fastbot][2026-04-09 09:24:58.618] Connection: keep-alive
[Fastbot][2026-04-09 09:24:58.618] Transfer-Encoding: chunked
[Fastbot][2026-04-09 09:24:58.618] 
[Fastbot][2026-04-09 09:24:58.618] {"jsonrpc":"2.0","id":1,"result":{"bounds":{"bottom":649,"left":44,"right":792,"top":517},"childCount":0,"className":"android.widget.CheckedTextView","contentDescription":null,"packageName":"com.amaze.filemanager.debug","resourceName":"com.amaze.filemanager.debug:id/design_menu_item_text","text":"Re...[truncated]
[Fastbot][2026-04-09 09:24:58.619] <-- END HTTP (535-byte body)
[Fastbot][2026-04-09 09:24:58.662] [Proxy Server] Detected script method: click
[Fastbot][2026-04-09 09:24:58.663] [Proxy Server] Forwarding
[Fastbot][2026-04-09 09:24:58.663] --> POST http://127.0.0.1:9008/jsonrpc/0
[Fastbot][2026-04-09 09:24:58.664] Content-Type: application/json; charset=utf-8
[Fastbot][2026-04-09 09:24:58.664] Content-Length: 72
[Fastbot][2026-04-09 09:24:58.664] 
[Fastbot][2026-04-09 09:24:58.665] {"jsonrpc": "2.0", "id": 1, "method": "click", "params": [418.0, 583.0]}
[Fastbot][2026-04-09 09:24:58.666] --> END POST (72-byte body)
[Fastbot][2026-04-09 09:24:58.862] <-- 200 OK  http://127.0.0.1:9008/jsonrpc/0 (195ms)
[Fastbot][2026-04-09 09:24:58.862] Content-Type: application/json
[Fastbot][2026-04-09 09:24:58.862] Date: Thu, 9 Apr 2026 09:24:58 GMT
[Fastbot][2026-04-09 09:24:58.862] Connection: keep-alive
[Fastbot][2026-04-09 09:24:58.862] Transfer-Encoding: chunked
[Fastbot][2026-04-09 09:24:58.863] 
[Fastbot][2026-04-09 09:24:58.863] {"jsonrpc":"2.0","id":1,"result":true}

[Fastbot][2026-04-09 09:24:58.863] <-- END HTTP (39-byte body)
[Fastbot][2026-04-09 09:24:59.403] [Proxy Server] Forwarding
[Fastbot][2026-04-09 09:24:59.404] --> POST http://127.0.0.1:9008/jsonrpc/0
[Fastbot][2026-04-09 09:24:59.404] Content-Type: application/json; charset=utf-8
[Fastbot][2026-04-09 09:24:59.404] Content-Length: 83
[Fastbot][2026-04-09 09:24:59.404] 
[Fastbot][2026-04-09 09:24:59.404] {"jsonrpc": "2.0", "id": 1, "method": "dumpWindowHierarchy", "params": [false, 50]}
[Fastbot][2026-04-09 09:24:59.405] --> END POST (83-byte body)
[Fastbot][2026-04-09 09:25:00.361] <-- 200 OK  http://127.0.0.1:9008/jsonrpc/0 (956ms)
[Fastbot][2026-04-09 09:25:00.361] Content-Type: application/json
[Fastbot][2026-04-09 09:25:00.361] Date: Thu, 9 Apr 2026 09:25:00 GMT
[Fastbot][2026-04-09 09:25:00.361] Connection: keep-alive
[Fastbot][2026-04-09 09:25:00.361] Transfer-Encoding: chunked
[Fastbot][2026-04-09 09:25:00.362] 
[Fastbot][2026-04-09 09:25:00.363] {"jsonrpc":"2.0","id":1,"result":"<?xml version='1.0' encoding='UTF-8' standalone='yes' ?>\r\n<hierarchy rotation=\"0\">\r\n  <node index=\"0\" text=\"\" resource-id=\"\" class=\"android.widget.FrameLayout\" package=\"com.amaze.filemanager.debug\" content-desc=\"\" checkable=\"false\" checked=\"fals...[truncated]
[Fastbot][2026-04-09 09:25:00.363] <-- END HTTP (83346-byte body)
[Fastbot][2026-04-09 09:25:00.411] [Proxy Server] Detected script method: pressKey
[Fastbot][2026-04-09 09:25:00.412] [Proxy Server] Forwarding
[Fastbot][2026-04-09 09:25:00.412] --> POST http://127.0.0.1:9008/jsonrpc/0
[Fastbot][2026-04-09 09:25:00.413] Content-Type: application/json; charset=utf-8
[Fastbot][2026-04-09 09:25:00.413] Content-Length: 69
[Fastbot][2026-04-09 09:25:00.413] 
[Fastbot][2026-04-09 09:25:00.413] {"jsonrpc": "2.0", "id": 1, "method": "pressKey", "params": ["back"]}
[Fastbot][2026-04-09 09:25:00.413] --> END POST (69-byte body)
[Fastbot][2026-04-09 09:25:00.564] <-- 200 OK  http://127.0.0.1:9008/jsonrpc/0 (149ms)
[Fastbot][2026-04-09 09:25:00.564] Content-Type: application/json
[Fastbot][2026-04-09 09:25:00.564] Date: Thu, 9 Apr 2026 09:25:00 GMT
[Fastbot][2026-04-09 09:25:00.564] Connection: keep-alive
[Fastbot][2026-04-09 09:25:00.564] Transfer-Encoding: chunked
[Fastbot][2026-04-09 09:25:00.564] 
[Fastbot][2026-04-09 09:25:00.564] {"jsonrpc":"2.0","id":1,"result":true}

[Fastbot][2026-04-09 09:25:00.564] <-- END HTTP (39-byte body)
[Fastbot][2026-04-09 09:25:00.858] --> POST http://127.0.0.1:9008/jsonrpc/0
[Fastbot][2026-04-09 09:25:00.858] Content-Type: application/json; charset=utf-8
[Fastbot][2026-04-09 09:25:00.858] Content-Length: 75
[Fastbot][2026-04-09 09:25:00.859] 
[Fastbot][2026-04-09 09:25:00.861] {"id":1,"jsonrpc":"2.0","method":"dumpWindowHierarchy","params":[false,50]}
[Fastbot][2026-04-09 09:25:00.861] --> END POST (75-byte body)
[Fastbot][2026-04-09 09:25:01.387] <-- 200 OK  http://127.0.0.1:9008/jsonrpc/0 (526ms)
[Fastbot][2026-04-09 09:25:01.388] Content-Type: application/json
[Fastbot][2026-04-09 09:25:01.388] Date: Thu, 9 Apr 2026 09:25:01 GMT
[Fastbot][2026-04-09 09:25:01.388] Connection: keep-alive
[Fastbot][2026-04-09 09:25:01.388] Transfer-Encoding: chunked
[Fastbot][2026-04-09 09:25:01.390] 
[Fastbot][2026-04-09 09:25:01.390] {"jsonrpc":"2.0","id":1,"result":"<?xml version='1.0' encoding='UTF-8' standalone='yes' ?>\r\n<hierarchy rotation=\"0\">\r\n  <node index=\"0\" text=\"\" resource-id=\"\" class=\"android.widget.FrameLayout\" package=\"com.amaze.filemanager.debug\" content-desc=\"\" checkable=\"false\" checked=\"fals...[truncated]
[Fastbot][2026-04-09 09:25:01.391] <-- END HTTP (81782-byte body)
[Fastbot][2026-04-09 09:25:01.481] [Proxy Server] Forwarding
[Fastbot][2026-04-09 09:25:01.482] --> POST http://127.0.0.1:9008/jsonrpc/0
[Fastbot][2026-04-09 09:25:01.482] Content-Type: application/json; charset=utf-8
[Fastbot][2026-04-09 09:25:01.483] Content-Length: 217
[Fastbot][2026-04-09 09:25:01.483] 
[Fastbot][2026-04-09 09:25:01.483] {"jsonrpc": "2.0", "id": 1, "method": "waitForExists", "params": [{"mask": 10485760, "childOrSibling": [], "childOrSiblingSelector": [], "resourceId": "com.amaze.filemanager.debug:id/sd_main_fab", "index": 0}, 20000]}
[Fastbot][2026-04-09 09:25:01.484] --> END POST (217-byte body)
[Fastbot][2026-04-09 09:25:01.499] <-- 200 OK  http://127.0.0.1:9008/jsonrpc/0 (14ms)
[Fastbot][2026-04-09 09:25:01.499] Content-Type: application/json
[Fastbot][2026-04-09 09:25:01.499] Date: Thu, 9 Apr 2026 09:25:01 GMT
[Fastbot][2026-04-09 09:25:01.499] Connection: keep-alive
[Fastbot][2026-04-09 09:25:01.499] Transfer-Encoding: chunked
[Fastbot][2026-04-09 09:25:01.500] 
[Fastbot][2026-04-09 09:25:01.500] {"jsonrpc":"2.0","id":1,"result":true}

[Fastbot][2026-04-09 09:25:01.500] <-- END HTTP (39-byte body)
[Fastbot][2026-04-09 09:25:01.528] [Proxy Server] Forwarding
[Fastbot][2026-04-09 09:25:01.528] --> POST http://127.0.0.1:9008/jsonrpc/0
[Fastbot][2026-04-09 09:25:01.529] Content-Type: application/json; charset=utf-8
[Fastbot][2026-04-09 09:25:01.530] Content-Length: 204
[Fastbot][2026-04-09 09:25:01.530] 
[Fastbot][2026-04-09 09:25:01.531] {"jsonrpc": "2.0", "id": 1, "method": "objInfo", "params": [{"mask": 10485760, "childOrSibling": [], "childOrSiblingSelector": [], "resourceId": "com.amaze.filemanager.debug:id/sd_main_fab", "index": 0}]}
[Fastbot][2026-04-09 09:25:01.531] --> END POST (204-byte body)
[Fastbot][2026-04-09 09:25:01.599] <-- 200 OK  http://127.0.0.1:9008/jsonrpc/0 (67ms)
[Fastbot][2026-04-09 09:25:01.600] Content-Type: application/json
[Fastbot][2026-04-09 09:25:01.600] Date: Thu, 9 Apr 2026 09:25:01 GMT
[Fastbot][2026-04-09 09:25:01.600] Connection: keep-alive
[Fastbot][2026-04-09 09:25:01.600] Transfer-Encoding: chunked
[Fastbot][2026-04-09 09:25:01.600] 
[Fastbot][2026-04-09 09:25:01.600] {"jsonrpc":"2.0","id":1,"result":{"bounds":{"bottom":2142,"left":843,"right":1063,"top":1898},"childCount":0,"className":"android.widget.ImageButton","contentDescription":"","packageName":"com.amaze.filemanager.debug","resourceName":null,"text":"","visibleBounds":{"bottom":2142,"left":843,"right":10...[truncated]
[Fastbot][2026-04-09 09:25:01.600] <-- END HTTP (474-byte body)
[Fastbot][2026-04-09 09:25:01.637] [Proxy Server] Detected script method: click
[Fastbot][2026-04-09 09:25:01.638] [Proxy Server] Forwarding
[Fastbot][2026-04-09 09:25:01.638] --> POST http://127.0.0.1:9008/jsonrpc/0
[Fastbot][2026-04-09 09:25:01.639] Content-Type: application/json; charset=utf-8
[Fastbot][2026-04-09 09:25:01.639] Content-Length: 73
[Fastbot][2026-04-09 09:25:01.639] 
[Fastbot][2026-04-09 09:25:01.640] {"jsonrpc": "2.0", "id": 1, "method": "click", "params": [953.0, 2020.0]}
[Fastbot][2026-04-09 09:25:01.641] --> END POST (73-byte body)
[Fastbot][2026-04-09 09:25:01.791] <-- 200 OK  http://127.0.0.1:9008/jsonrpc/0 (149ms)
[Fastbot][2026-04-09 09:25:01.791] Content-Type: application/json
[Fastbot][2026-04-09 09:25:01.791] Date: Thu, 9 Apr 2026 09:25:01 GMT
[Fastbot][2026-04-09 09:25:01.791] Connection: keep-alive
[Fastbot][2026-04-09 09:25:01.791] Transfer-Encoding: chunked
[Fastbot][2026-04-09 09:25:01.791] 
[Fastbot][2026-04-09 09:25:01.792] {"jsonrpc":"2.0","id":1,"result":true}

[Fastbot][2026-04-09 09:25:01.792] <-- END HTTP (39-byte body)
[Fastbot][2026-04-09 09:25:02.342] [Proxy Server] Forwarding
[Fastbot][2026-04-09 09:25:02.342] --> POST http://127.0.0.1:9008/jsonrpc/0
[Fastbot][2026-04-09 09:25:02.343] Content-Type: application/json; charset=utf-8
[Fastbot][2026-04-09 09:25:02.343] Content-Length: 217
[Fastbot][2026-04-09 09:25:02.345] 
[Fastbot][2026-04-09 09:25:02.345] {"jsonrpc": "2.0", "id": 1, "method": "waitForExists", "params": [{"mask": 2097153, "childOrSibling": [], "childOrSiblingSelector": [], "resourceId": "com.amaze.filemanager.debug:id/sd_label", "text": "File"}, 20000]}
[Fastbot][2026-04-09 09:25:02.345] --> END POST (217-byte body)
[Fastbot][2026-04-09 09:25:02.383] <-- 200 OK  http://127.0.0.1:9008/jsonrpc/0 (37ms)
[Fastbot][2026-04-09 09:25:02.383] Content-Type: application/json
[Fastbot][2026-04-09 09:25:02.384] Date: Thu, 9 Apr 2026 09:25:02 GMT
[Fastbot][2026-04-09 09:25:02.384] Connection: keep-alive
[Fastbot][2026-04-09 09:25:02.384] Transfer-Encoding: chunked
[Fastbot][2026-04-09 09:25:02.385] 
[Fastbot][2026-04-09 09:25:02.385] {"jsonrpc":"2.0","id":1,"result":true}

[Fastbot][2026-04-09 09:25:02.386] <-- END HTTP (39-byte body)
[Fastbot][2026-04-09 09:25:02.419] [Proxy Server] Forwarding
[Fastbot][2026-04-09 09:25:02.419] --> POST http://127.0.0.1:9008/jsonrpc/0
[Fastbot][2026-04-09 09:25:02.419] Content-Type: application/json; charset=utf-8
[Fastbot][2026-04-09 09:25:02.420] Content-Length: 204
[Fastbot][2026-04-09 09:25:02.420] 
[Fastbot][2026-04-09 09:25:02.420] {"jsonrpc": "2.0", "id": 1, "method": "objInfo", "params": [{"mask": 2097153, "childOrSibling": [], "childOrSiblingSelector": [], "resourceId": "com.amaze.filemanager.debug:id/sd_label", "text": "File"}]}
[Fastbot][2026-04-09 09:25:02.420] --> END POST (204-byte body)
[Fastbot][2026-04-09 09:25:02.454] <-- 200 OK  http://127.0.0.1:9008/jsonrpc/0 (33ms)
[Fastbot][2026-04-09 09:25:02.454] Content-Type: application/json
[Fastbot][2026-04-09 09:25:02.454] Date: Thu, 9 Apr 2026 09:25:02 GMT
[Fastbot][2026-04-09 09:25:02.454] Connection: keep-alive
[Fastbot][2026-04-09 09:25:02.455] Transfer-Encoding: chunked
[Fastbot][2026-04-09 09:25:02.455] 
[Fastbot][2026-04-09 09:25:02.456] {"jsonrpc":"2.0","id":1,"result":{"bounds":{"bottom":1701,"left":728,"right":812,"top":1648},"childCount":0,"className":"android.widget.TextView","contentDescription":null,"packageName":"com.amaze.filemanager.debug","resourceName":"com.amaze.filemanager.debug:id/sd_label","text":"File","visibleBound...[truncated]
[Fastbot][2026-04-09 09:25:02.456] <-- END HTTP (514-byte body)
[Fastbot][2026-04-09 09:25:02.499] [Proxy Server] Detected script method: click
[Fastbot][2026-04-09 09:25:02.499] [Proxy Server] Forwarding
[Fastbot][2026-04-09 09:25:02.500] --> POST http://127.0.0.1:9008/jsonrpc/0
[Fastbot][2026-04-09 09:25:02.500] Content-Type: application/json; charset=utf-8
[Fastbot][2026-04-09 09:25:02.500] Content-Length: 73
[Fastbot][2026-04-09 09:25:02.501] 
[Fastbot][2026-04-09 09:25:02.501] {"jsonrpc": "2.0", "id": 1, "method": "click", "params": [770.0, 1674.5]}
[Fastbot][2026-04-09 09:25:02.501] --> END POST (73-byte body)
[Fastbot][2026-04-09 09:25:02.662] <-- 200 OK  http://127.0.0.1:9008/jsonrpc/0 (160ms)
[Fastbot][2026-04-09 09:25:02.662] Content-Type: application/json
[Fastbot][2026-04-09 09:25:02.662] Date: Thu, 9 Apr 2026 09:25:02 GMT
[Fastbot][2026-04-09 09:25:02.662] Connection: keep-alive
[Fastbot][2026-04-09 09:25:02.662] Transfer-Encoding: chunked
[Fastbot][2026-04-09 09:25:02.663] 
[Fastbot][2026-04-09 09:25:02.663] {"jsonrpc":"2.0","id":1,"result":true}

[Fastbot][2026-04-09 09:25:02.663] <-- END HTTP (39-byte body)
[Fastbot][2026-04-09 09:25:03.220] [Proxy Server] Forwarding
[Fastbot][2026-04-09 09:25:03.221] --> POST http://127.0.0.1:9008/jsonrpc/0
[Fastbot][2026-04-09 09:25:03.221] Content-Type: application/json; charset=utf-8
[Fastbot][2026-04-09 09:25:03.221] Content-Length: 229
[Fastbot][2026-04-09 09:25:03.221] 
[Fastbot][2026-04-09 09:25:03.222] {"jsonrpc": "2.0", "id": 1, "method": "waitForExists", "params": [{"mask": 2097153, "childOrSibling": [], "childOrSiblingSelector": [], "resourceId": "com.amaze.filemanager.debug:id/singleedittext_input", "text": ".txt"}, 20000]}
[Fastbot][2026-04-09 09:25:03.222] --> END POST (229-byte body)
[Fastbot][2026-04-09 09:25:03.241] <-- 200 OK  http://127.0.0.1:9008/jsonrpc/0 (19ms)
[Fastbot][2026-04-09 09:25:03.242] Content-Type: application/json
[Fastbot][2026-04-09 09:25:03.242] Date: Thu, 9 Apr 2026 09:25:03 GMT
[Fastbot][2026-04-09 09:25:03.242] Connection: keep-alive
[Fastbot][2026-04-09 09:25:03.242] Transfer-Encoding: chunked
[Fastbot][2026-04-09 09:25:03.243] 
[Fastbot][2026-04-09 09:25:03.243] {"jsonrpc":"2.0","id":1,"result":true}

[Fastbot][2026-04-09 09:25:03.243] <-- END HTTP (39-byte body)
[Fastbot][2026-04-09 09:25:03.278] [Proxy Server] Detected script method: setText
[Fastbot][2026-04-09 09:25:03.278] [Proxy Server] Forwarding
[Fastbot][2026-04-09 09:25:03.279] --> POST http://127.0.0.1:9008/jsonrpc/0
[Fastbot][2026-04-09 09:25:03.279] Content-Type: application/json; charset=utf-8
[Fastbot][2026-04-09 09:25:03.279] Content-Length: 230
[Fastbot][2026-04-09 09:25:03.279] 
[Fastbot][2026-04-09 09:25:03.280] {"jsonrpc": "2.0", "id": 1, "method": "setText", "params": [{"mask": 2097153, "childOrSibling": [], "childOrSiblingSelector": [], "resourceId": "com.amaze.filemanager.debug:id/singleedittext_input", "text": ".txt"}, "Q7xiYP.txt"]}
[Fastbot][2026-04-09 09:25:03.280] --> END POST (230-byte body)
[Fastbot][2026-04-09 09:25:03.580] <-- 200 OK  http://127.0.0.1:9008/jsonrpc/0 (299ms)
[Fastbot][2026-04-09 09:25:03.580] Content-Type: application/json
[Fastbot][2026-04-09 09:25:03.580] Date: Thu, 9 Apr 2026 09:25:03 GMT
[Fastbot][2026-04-09 09:25:03.580] Connection: keep-alive
[Fastbot][2026-04-09 09:25:03.580] Transfer-Encoding: chunked
[Fastbot][2026-04-09 09:25:03.582] 
[Fastbot][2026-04-09 09:25:03.582] {"jsonrpc":"2.0","id":1,"result":true}

[Fastbot][2026-04-09 09:25:03.582] <-- END HTTP (39-byte body)
[Fastbot][2026-04-09 09:25:04.135] [Proxy Server] Forwarding
[Fastbot][2026-04-09 09:25:04.136] --> POST http://127.0.0.1:9008/jsonrpc/0
[Fastbot][2026-04-09 09:25:04.136] Content-Type: application/json; charset=utf-8
[Fastbot][2026-04-09 09:25:04.136] Content-Length: 235
[Fastbot][2026-04-09 09:25:04.137] 
[Fastbot][2026-04-09 09:25:04.137] {"jsonrpc": "2.0", "id": 1, "method": "waitForExists", "params": [{"mask": 2097153, "childOrSibling": [], "childOrSiblingSelector": [], "resourceId": "com.amaze.filemanager.debug:id/md_buttonDefaultPositive", "text": "CREATE"}, 20000]}
[Fastbot][2026-04-09 09:25:04.138] --> END POST (235-byte body)
[Fastbot][2026-04-09 09:25:04.153] <-- 200 OK  http://127.0.0.1:9008/jsonrpc/0 (13ms)
[Fastbot][2026-04-09 09:25:04.153] Content-Type: application/json
[Fastbot][2026-04-09 09:25:04.153] Date: Thu, 9 Apr 2026 09:25:04 GMT
[Fastbot][2026-04-09 09:25:04.153] Connection: keep-alive
[Fastbot][2026-04-09 09:25:04.154] Transfer-Encoding: chunked
[Fastbot][2026-04-09 09:25:04.155] 
[Fastbot][2026-04-09 09:25:04.155] {"jsonrpc":"2.0","id":1,"result":true}

[Fastbot][2026-04-09 09:25:04.155] <-- END HTTP (39-byte body)
[Fastbot][2026-04-09 09:25:04.196] [Proxy Server] Forwarding
[Fastbot][2026-04-09 09:25:04.197] --> POST http://127.0.0.1:9008/jsonrpc/0
[Fastbot][2026-04-09 09:25:04.198] Content-Type: application/json; charset=utf-8
[Fastbot][2026-04-09 09:25:04.198] Content-Length: 222
[Fastbot][2026-04-09 09:25:04.200] 
[Fastbot][2026-04-09 09:25:04.200] {"jsonrpc": "2.0", "id": 1, "method": "objInfo", "params": [{"mask": 2097153, "childOrSibling": [], "childOrSiblingSelector": [], "resourceId": "com.amaze.filemanager.debug:id/md_buttonDefaultPositive", "text": "CREATE"}]}
[Fastbot][2026-04-09 09:25:04.201] --> END POST (222-byte body)
[Fastbot][2026-04-09 09:25:04.235] <-- 200 OK  http://127.0.0.1:9008/jsonrpc/0 (33ms)
[Fastbot][2026-04-09 09:25:04.235] Content-Type: application/json
[Fastbot][2026-04-09 09:25:04.235] Date: Thu, 9 Apr 2026 09:25:04 GMT
[Fastbot][2026-04-09 09:25:04.235] Connection: keep-alive
[Fastbot][2026-04-09 09:25:04.236] Transfer-Encoding: chunked
[Fastbot][2026-04-09 09:25:04.237] 
[Fastbot][2026-04-09 09:25:04.237] {"jsonrpc":"2.0","id":1,"result":{"bounds":{"bottom":1279,"left":763,"right":915,"top":1213},"childCount":0,"className":"android.widget.TextView","contentDescription":null,"packageName":"com.amaze.filemanager.debug","resourceName":"com.amaze.filemanager.debug:id/md_buttonDefaultPositive","text":"CRE...[truncated]
[Fastbot][2026-04-09 09:25:04.237] <-- END HTTP (530-byte body)
[Fastbot][2026-04-09 09:25:04.275] [Proxy Server] Detected script method: click
[Fastbot][2026-04-09 09:25:04.275] [Proxy Server] Forwarding
[Fastbot][2026-04-09 09:25:04.275] --> POST http://127.0.0.1:9008/jsonrpc/0
[Fastbot][2026-04-09 09:25:04.276] Content-Type: application/json; charset=utf-8
[Fastbot][2026-04-09 09:25:04.276] Content-Length: 73
[Fastbot][2026-04-09 09:25:04.276] 
[Fastbot][2026-04-09 09:25:04.276] {"jsonrpc": "2.0", "id": 1, "method": "click", "params": [839.0, 1246.0]}
[Fastbot][2026-04-09 09:25:04.276] --> END POST (73-byte body)
[Fastbot][2026-04-09 09:25:04.460] <-- 200 OK  http://127.0.0.1:9008/jsonrpc/0 (183ms)
[Fastbot][2026-04-09 09:25:04.460] Content-Type: application/json
[Fastbot][2026-04-09 09:25:04.466] Date: Thu, 9 Apr 2026 09:25:04 GMT
[Fastbot][2026-04-09 09:25:04.466] Connection: keep-alive
[Fastbot][2026-04-09 09:25:04.467] Transfer-Encoding: chunked
[Fastbot][2026-04-09 09:25:04.468] 
[Fastbot][2026-04-09 09:25:04.468] {"jsonrpc":"2.0","id":1,"result":true}

[Fastbot][2026-04-09 09:25:04.469] <-- END HTTP (39-byte body)
[Fastbot][2026-04-09 09:25:05.043] [MonkeySourceApeU2] stepsCount: 39
[Fastbot][2026-04-09 09:25:05.043] [MonkeySourceApeU2] received signal: MonkeyIsOver
[Fastbot][2026-04-09 09:25:05.043] Events injected: 381
[Fastbot][2026-04-09 09:25:05.043] // Monkey is over!
[Fastbot][2026-04-09 09:25:05.044] :Sending rotation degree=0, persist=false
[Fastbot][2026-04-09 09:25:05.069] Total app activities:
[Fastbot][2026-04-09 09:25:05.069]    1 com.amaze.filemanager.crashreport.ErrorActivity
[Fastbot][2026-04-09 09:25:05.069]    2 com.amaze.filemanager.amazeutilsalias
[Fastbot][2026-04-09 09:25:05.070]    3 com.amaze.filemanager.ui.activities.UtilitiesAliasActivity
[Fastbot][2026-04-09 09:25:05.070]    4 com.amaze.filemanager.ui.activities.PreferencesActivity
[Fastbot][2026-04-09 09:25:05.070]    5 com.amaze.filemanager.ui.activities.texteditor.TextEditorActivity
[Fastbot][2026-04-09 09:25:05.070]    6 com.amaze.filemanager.ui.activities.DatabaseViewerActivity
[Fastbot][2026-04-09 09:25:05.070]    7 com.amaze.filemanager.ui.activities.MainActivity
[Fastbot][2026-04-09 09:25:05.071]    8 com.mikepenz.aboutlibraries.ui.LibsActivity
[Fastbot][2026-04-09 09:25:05.071]    9 com.amaze.filemanager.ui.activities.AboutActivity
[Fastbot][2026-04-09 09:25:05.071] Explored app activities:
[Fastbot][2026-04-09 09:25:05.072]    1 com.amaze.filemanager.ui.activities.MainActivity
[Fastbot][2026-04-09 09:25:05.073]    2 com.amaze.filemanager.ui.activities.texteditor.TextEditorActivity
[Fastbot][2026-04-09 09:25:05.073] Activity of Coverage: 22.222223%
[Fastbot]*** ERROR *** findMethod() error, NoSuchMethodException happened, there is no such method: setActivityController
:Dropped: keys=0 pointers=0 trackballs=0 flips=0 rotations=0
[Fastbot][2026-04-09 09:25:05.081] // Monkey finished
