▄▄▄▄▄▄▄▄▄▄▄  ▄▄▄▄▄▄▄▄▄▄▄  ▄▄▄▄▄▄▄▄▄▄▄  ▄▄▄▄▄▄▄▄▄▄▄  ▄▄▄▄▄▄▄▄▄▄   ▄▄▄▄▄▄▄▄▄▄▄  ▄▄▄▄▄▄▄▄▄▄▄ 
▐░░░░░░░░░░░▌▐░░░░░░░░░░░▌▐░░░░░░░░░░░▌▐░░░░░░░░░░░▌▐░░░░░░░░░░▌ ▐░░░░░░░░░░░▌▐░░░░░░░░░░░▌
▐░█▀▀▀▀▀▀▀▀▀ ▐░█▀▀▀▀▀▀▀█░▌▐░█▀▀▀▀▀▀▀▀▀  ▀▀▀▀█░█▀▀▀▀ ▐░█▀▀▀▀▀▀▀█░▌▐░█▀▀▀▀▀▀▀█░▌ ▀▀▀▀█░█▀▀▀▀ 
▐░▌          ▐░▌       ▐░▌▐░▌               ▐░▌     ▐░▌       ▐░▌▐░▌       ▐░▌     ▐░▌     
▐░█▄▄▄▄▄▄▄▄▄ ▐░█▄▄▄▄▄▄▄█░▌▐░█▄▄▄▄▄▄▄▄▄      ▐░▌     ▐░█▄▄▄▄▄▄▄█░▌▐░▌       ▐░▌     ▐░▌     
▐░░░░░░░░░░░▌▐░░░░░░░░░░░▌▐░░░░░░░░░░░▌     ▐░▌     ▐░░░░░░░░░░▌ ▐░▌       ▐░▌     ▐░▌     
▐░█▀▀▀▀▀▀▀▀▀ ▐░█▀▀▀▀▀▀▀█░▌ ▀▀▀▀▀▀▀▀▀█░▌     ▐░▌     ▐░█▀▀▀▀▀▀▀█░▌▐░▌       ▐░▌     ▐░▌     
▐░▌          ▐░▌       ▐░▌          ▐░▌     ▐░▌     ▐░▌       ▐░▌▐░▌       ▐░▌     ▐░▌     
▐░▌          ▐░▌       ▐░▌ ▄▄▄▄▄▄▄▄▄█░▌     ▐░▌     ▐░█▄▄▄▄▄▄▄█░▌▐░█▄▄▄▄▄▄▄█░▌     ▐░▌     
▐░▌          ▐░▌       ▐░▌▐░░░░░░░░░░░▌     ▐░▌     ▐░░░░░░░░░░▌ ▐░░░░░░░░░░░▌     ▐░▌     
 ▀            ▀         ▀  ▀▀▀▀▀▀▀▀▀▀▀       ▀       ▀▀▀▀▀▀▀▀▀▀   ▀▀▀▀▀▀▀▀▀▀▀       ▀
[Fastbot][2026-06-19 03:49:45.430]  @Version: 2.3.23.0810.1705-git
[Fastbot][2026-06-19 03:49:45.434] // Monkey: seed=1782091544497 count=1000


[Fastbot][2026-06-19 03:49:45.435] // AllowPackage: net.gsantner.markor_test
[Fastbot][2026-06-19 03:49:45.435] // IncludeCategory: android.intent.category.LAUNCHER
[Fastbot][2026-06-19 03:49:45.435] // IncludeCategory: android.intent.category.MONKEY
[Fastbot]*** ERROR *** findMethod() error, NoSuchMethodException happened, there is no such method: setActivityController
[Fastbot][2026-06-19 03:49:45.461] // Selecting main activities from category android.intent.category.LAUNCHER
[Fastbot][2026-06-19 03:49:45.462] //   - NOT USING main activity com.android.camera.CameraLauncher (from package com.android.camera2)
[Fastbot][2026-06-19 03:49:45.462] //   - NOT USING main activity com.google.android.apps.chrome.Main (from package com.android.chrome)
[Fastbot][2026-06-19 03:49:45.462] //   - NOT USING main activity com.android.contacts.activities.PeopleActivity (from package com.android.contacts)
[Fastbot][2026-06-19 03:49:45.462] //   - NOT USING main activity com.android.dialer.main.impl.MainActivity (from package com.android.dialer)
[Fastbot][2026-06-19 03:49:45.462] //   - NOT USING main activity com.android.settings.Settings (from package com.android.settings)
[Fastbot][2026-06-19 03:49:45.462] //   - NOT USING main activity com.android.vending.AssetBrowserActivity (from package com.android.vending)
[Fastbot][2026-06-19 03:49:45.463] //   - NOT USING main activity com.google.android.apps.docs.app.NewMainProxyActivity (from package com.google.android.apps.docs)
[Fastbot][2026-06-19 03:49:45.463] //   - NOT USING main activity com.google.android.maps.MapsActivity (from package com.google.android.apps.maps)
[Fastbot][2026-06-19 03:49:45.463] //   - NOT USING main activity com.google.android.apps.messaging.ui.ConversationListActivity (from package com.google.android.apps.messaging)
[Fastbot][2026-06-19 03:49:45.463] //   - NOT USING main activity com.google.android.apps.photos.home.HomeActivity (from package com.google.android.apps.photos)
[Fastbot][2026-06-19 03:49:45.463] //   - NOT USING main activity com.google.android.apps.tachyon.MainActivity (from package com.google.android.apps.tachyon)
[Fastbot][2026-06-19 03:49:45.463] //   - NOT USING main activity com.android.calendar.AllInOneActivity (from package com.google.android.calendar)
[Fastbot][2026-06-19 03:49:45.464] //   - NOT USING main activity com.android.deskclock.DeskClock (from package com.google.android.deskclock)
[Fastbot][2026-06-19 03:49:45.464] //   - NOT USING main activity com.google.android.gm.ConversationListActivityGmail (from package com.google.android.gm)
[Fastbot][2026-06-19 03:49:45.464] //   - NOT USING main activity com.android.music.activitymanagement.TopLevelActivity (from package com.google.android.music)
[Fastbot][2026-06-19 03:49:45.464] //   - NOT USING main activity com.google.android.youtube.videos.EntryPoint (from package com.google.android.videos)
[Fastbot][2026-06-19 03:49:45.464] //   - NOT USING main activity com.google.android.youtube.app.honeycomb.Shell$HomeActivity (from package com.google.android.youtube)
[Fastbot][2026-06-19 03:49:45.464] //   - NOT USING main activity de.danoeh.antennapod.activity.SplashActivity (from package de.danoeh.antennapod.debug)
[Fastbot][2026-06-19 03:49:45.464] //   - NOT USING main activity com.android.documentsui.LauncherActivity (from package com.android.documentsui)
[Fastbot][2026-06-19 03:49:45.464] //   - NOT USING main activity com.google.android.apps.wallpaper.picker.CategoryPickerActivity (from package com.google.android.apps.wallpaper)
[Fastbot][2026-06-19 03:49:45.465] //   - NOT USING main activity com.google.android.googlequicksearchbox.VoiceSearchActivity (from package com.google.android.googlequicksearchbox)
[Fastbot][2026-06-19 03:49:45.465] //   - NOT USING main activity com.google.android.googlequicksearchbox.SearchActivity (from package com.google.android.googlequicksearchbox)
[Fastbot][2026-06-19 03:49:45.465] //   - NOT USING main activity com.amaze.filemanager.ui.activities.MainActivity (from package com.amaze.filemanager.debug)
[Fastbot][2026-06-19 03:49:45.465] //   - NOT USING main activity com.github.uiautomator.MainActivity (from package com.github.uiautomator)
[Fastbot][2026-06-19 03:49:45.465] //   - NOT USING main activity com.ichi2.anki.IntentHandler (from package com.ichi2.anki.debug)
[Fastbot][2026-06-19 03:49:45.465] //   - NOT USING main activity leakcanary.internal.activity.LeakLauncherActivity (from package com.ichi2.anki.debug)
[Fastbot][2026-06-19 03:49:45.466] //   - NOT USING main activity de.rampro.activitydiary.ui.main.MainActivity (from package de.rampro.activitydiary.debug)
[Fastbot][2026-06-19 03:49:45.466] //   - NOT USING main activity fr.free.nrw.commons.auth.LoginActivity (from package fr.free.nrw.commons)
[Fastbot][2026-06-19 03:49:45.466] //   - NOT USING main activity it.feio.android.omninotes.MainActivity (from package it.feio.android.omninotes)
[Fastbot][2026-06-19 03:49:45.466] //   - NOT USING main activity it.feio.android.omninotes.MainActivity (from package it.feio.android.omninotes.alpha)
[Fastbot][2026-06-19 03:49:45.466] //   - NOT USING main activity itkach.aard2.MainActivity (from package itkach.aard2)
[Fastbot][2026-06-19 03:49:45.466] //   - NOT USING main activity net.bible.android.activity.StartupActivity (from package net.bible.android.activity)
[Fastbot][2026-06-19 03:49:45.466] //   + Using main activity net.gsantner.markor.activity.MainActivity (from package net.gsantner.markor_test)
[Fastbot][2026-06-19 03:49:45.466] //   - NOT USING main activity net.programmierecke.radiodroid2.ActivityMain (from package net.programmierecke.radiodroid2)
[Fastbot][2026-06-19 03:49:45.467] //   - NOT USING main activity com.todoroo.astrid.activity.TaskListActivity (from package org.tasks)
[Fastbot][2026-06-19 03:49:45.467] //   - NOT USING main activity org.wikipedia.main.MainActivity (from package org.wikipedia.alpha)
[Fastbot][2026-06-19 03:49:45.469] // Selecting main activities from category android.intent.category.MONKEY
[Fastbot][2026-06-19 03:49:45.469] //   - NOT USING main activity com.android.settings.Settings$RunningServicesActivity (from package com.android.settings)
[Fastbot][2026-06-19 03:49:45.469] //   - NOT USING main activity com.android.settings.Settings$StorageUseActivity (from package com.android.settings)
[Fastbot][2026-06-19 03:49:45.470] //   - NOT USING main activity com.google.android.apps.nexuslauncher.NexusLauncherActivity (from package com.google.android.apps.nexuslauncher)
[Fastbot][2026-06-19 03:49:45.470] //   - NOT USING main activity com.google.android.googlequicksearchbox.SearchActivity (from package com.google.android.googlequicksearchbox)
[Fastbot][2026-06-19 03:49:48.471] // phone info： Google_Android SDK built for x86_10
[Fastbot][2026-06-19 03:49:48.471] // runing fastbot-U2
[Fastbot][2026-06-19 03:49:48.477] InputMethod ID: com.google.android.inputmethod.latin/com.android.inputmethod.latin.LatinIME
[Fastbot][2026-06-19 03:49:48.477] InputMethod ID: com.google.android.googlequicksearchbox/com.google.android.voicesearch.ime.VoiceInputMethodService
[Fastbot][2026-06-19 03:49:48.489] // device serial number is EMULATOR36X3X10X0
[Fastbot][2026-06-19 03:49:48.490] [MonkeySourceApeU2] ProfilePeriod: 25
[Fastbot][2026-06-19 03:49:48.534] --> GET http://127.0.0.1:9008/ping
[Fastbot][2026-06-19 03:49:48.534] --> END GET
[Fastbot][2026-06-19 03:49:48.548] <-- 200 OK  http://127.0.0.1:9008/ping (13ms)
[Fastbot][2026-06-19 03:49:48.548] Content-Type: text/html
[Fastbot][2026-06-19 03:49:48.548] Date: Fri, 19 Jun 2026 03:49:48 GMT
[Fastbot][2026-06-19 03:49:48.548] Connection: keep-alive
[Fastbot][2026-06-19 03:49:48.548] Transfer-Encoding: chunked
[Fastbot][2026-06-19 03:49:48.549] 
[Fastbot][2026-06-19 03:49:48.549] pong
[Fastbot][2026-06-19 03:49:48.550] <-- END HTTP (4-byte body)
[Fastbot][2026-06-19 03:49:50.551] --> GET http://127.0.0.1:9008/ping
[Fastbot][2026-06-19 03:49:50.551] --> END GET
[Fastbot][2026-06-19 03:49:50.553] <-- 200 OK  http://127.0.0.1:9008/ping (1ms)
[Fastbot][2026-06-19 03:49:50.553] Content-Type: text/html
[Fastbot][2026-06-19 03:49:50.553] Date: Fri, 19 Jun 2026 03:49:50 GMT
[Fastbot][2026-06-19 03:49:50.554] Connection: keep-alive
[Fastbot][2026-06-19 03:49:50.554] Transfer-Encoding: chunked
[Fastbot][2026-06-19 03:49:50.555] 
[Fastbot][2026-06-19 03:49:50.555] pong
[Fastbot][2026-06-19 03:49:50.555] <-- END HTTP (4-byte body)
[Fastbot][2026-06-19 03:49:50.555] // device uuid is bfcc207e-88e3-4899-826e-342cd998a52c
[Fastbot][2026-06-19 03:49:50.570] [MonkeySourceApeU2] proxyServer started. Listening tcp:8090
[Fastbot][2026-06-19 03:49:50.723] // init with reuse agent
[Fastbot][2026-06-19 03:49:50.726] fastbot native : library load!
[Fastbot][2026-06-19 03:49:50.726] fastbot native path is : /data/local/tmp/x86/libfastbot_native.so
[Fastbot][2026-06-19 03:49:50.732] --> GET http://127.0.0.1:9008/ping
[Fastbot][2026-06-19 03:49:50.732] --> END GET
[Fastbot][2026-06-19 03:49:50.734] <-- 200 OK  http://127.0.0.1:9008/ping (1ms)
[Fastbot][2026-06-19 03:49:50.734] Content-Type: text/html
[Fastbot][2026-06-19 03:49:50.734] Date: Fri, 19 Jun 2026 03:49:50 GMT
[Fastbot][2026-06-19 03:49:50.734] Connection: keep-alive
[Fastbot][2026-06-19 03:49:50.734] Transfer-Encoding: chunked
[Fastbot][2026-06-19 03:49:50.735] 
[Fastbot][2026-06-19 03:49:50.735] pong
[Fastbot][2026-06-19 03:49:50.735] <-- END HTTP (4-byte body)
[Fastbot][2026-06-19 03:49:50.735] Server validated
[Fastbot][2026-06-19 03:49:50.735] 

[Fastbot]*** ERROR *** findMethod() error, NoSuchMethodException happened, there is no such method: getTasks
[Fastbot][2026-06-19 03:49:50.737] // [Monkey] current activity is net.gsantner.markor.activity.MainActivity
[Fastbot][2026-06-19 03:49:52.508] [Proxy Server] Forwarding
[Fastbot][2026-06-19 03:49:52.508] --> GET http://127.0.0.1:9008/ping
[Fastbot][2026-06-19 03:49:52.509] --> END GET
[Fastbot][2026-06-19 03:49:52.510] <-- 200 OK  http://127.0.0.1:9008/ping (1ms)
[Fastbot][2026-06-19 03:49:52.511] Content-Type: text/html
[Fastbot][2026-06-19 03:49:52.511] Date: Fri, 19 Jun 2026 03:49:52 GMT
[Fastbot][2026-06-19 03:49:52.511] Connection: keep-alive
[Fastbot][2026-06-19 03:49:52.511] Transfer-Encoding: chunked
[Fastbot][2026-06-19 03:49:52.512] 
[Fastbot][2026-06-19 03:49:52.512] pong
[Fastbot][2026-06-19 03:49:52.512] <-- END HTTP (4-byte body)
[Fastbot][2026-06-19 03:49:52.573] Init: 
[Fastbot][2026-06-19 03:49:52.575]     takeScreenshots: false
[Fastbot][2026-06-19 03:49:52.575]     preFailureScreenshots: 0
[Fastbot][2026-06-19 03:49:52.575]     postFailureScreenshots: 0
[Fastbot][2026-06-19 03:49:52.575]     logStamp: 2026061911_4944530200
[Fastbot][2026-06-19 03:49:52.575]     outputDir: /sdcard/output_2026061911_4944530200
[Fastbot][2026-06-19 03:49:52.576] take all screenshots.
[Fastbot][2026-06-19 03:49:52.618] [ProxyServer] stepsCount: 1
[Fastbot][2026-06-19 03:49:52.619] [ProxyServer] receive request: stepMonkey
[Fastbot][2026-06-19 03:49:52.619] [MonkeySourceApeU2] stepsCount: 1
[Fastbot][2026-06-19 03:49:52.621] --> POST http://127.0.0.1:9008/jsonrpc/0
[Fastbot][2026-06-19 03:49:52.621] Content-Type: application/json; charset=utf-8
[Fastbot][2026-06-19 03:49:52.621] Content-Length: 75
[Fastbot][2026-06-19 03:49:52.621] 
[Fastbot][2026-06-19 03:49:52.621] {"id":1,"jsonrpc":"2.0","method":"dumpWindowHierarchy","params":[false,50]}
[Fastbot][2026-06-19 03:49:52.621] --> END POST (75-byte body)
[Fastbot][2026-06-19 03:49:52.647] <-- 200 OK  http://127.0.0.1:9008/jsonrpc/0 (25ms)
[Fastbot][2026-06-19 03:49:52.647] Content-Type: application/json
[Fastbot][2026-06-19 03:49:52.647] Date: Fri, 19 Jun 2026 03:49:52 GMT
[Fastbot][2026-06-19 03:49:52.647] Connection: keep-alive
[Fastbot][2026-06-19 03:49:52.648] Transfer-Encoding: chunked
[Fastbot][2026-06-19 03:49:52.648] 
[Fastbot][2026-06-19 03:49:52.649] {"jsonrpc":"2.0","id":1,"result":"<?xml version='1.0' encoding='UTF-8' standalone='yes' ?>\r\n<hierarchy rotation=\"0\">\r\n  <node index=\"0\" text=\"\" resource-id=\"\" class=\"android.widget.FrameLayout\" package=\"com.android.systemui\" content-desc=\"\" checkable=\"false\" checked=\"false\" cli...[truncated]
[Fastbot][2026-06-19 03:49:52.649] <-- END HTTP (46100-byte body)
[Fastbot][2026-06-19 03:49:52.653] [MonkeySourceApeU2] Successfully Got hierarchy
[Fastbot][2026-06-19 03:49:52.670] // Event id: 1
[Fastbot][2026-06-19 03:49:52.671] topActivity Name: ComponentInfo{net.gsantner.markor_test/net.gsantner.markor.activity.MainActivity}
[Fastbot][2026-06-19 03:49:52.671] // Dumped stringOfGuiTree
[Fastbot][2026-06-19 03:49:52.671] topActivityName: net.gsantner.markor.activity.MainActivity
[Fastbot][2026-06-19 03:49:52.675] action type: LONG_CLICK
[Fastbot][2026-06-19 03:49:52.675] rpc cost time: 4
[Fastbot][2026-06-19 03:49:52.679] :Sending rotation degree=0, persist=false
[Fastbot][2026-06-19 03:49:52.687] :Sending Touch (ACTION_DOWN): 0:(190.0,392.0)
[Fastbot][2026-06-19 03:49:52.688] Wait Event for 1000 milliseconds
[Fastbot][2026-06-19 03:49:53.693] :Sending Touch (ACTION_UP): 0:(190.0,392.0)
[Fastbot][2026-06-19 03:49:53.696] Sleeping for 226 milliseconds
[Fastbot][2026-06-19 03:49:53.924] [ProxyServer] Finish monkey step. Dumping hierarchy
[Fastbot][2026-06-19 03:49:53.925] --> POST http://127.0.0.1:9008/jsonrpc/0
[Fastbot][2026-06-19 03:49:53.925] Content-Type: application/json; charset=utf-8
[Fastbot][2026-06-19 03:49:53.926] Content-Length: 75
[Fastbot][2026-06-19 03:49:53.926] 
[Fastbot][2026-06-19 03:49:53.926] {"id":1,"jsonrpc":"2.0","method":"dumpWindowHierarchy","params":[false,50]}
[Fastbot][2026-06-19 03:49:53.926] --> END POST (75-byte body)
[Fastbot][2026-06-19 03:49:53.964] <-- 200 OK  http://127.0.0.1:9008/jsonrpc/0 (37ms)
[Fastbot][2026-06-19 03:49:53.964] Content-Type: application/json
[Fastbot][2026-06-19 03:49:53.964] Date: Fri, 19 Jun 2026 03:49:53 GMT
[Fastbot][2026-06-19 03:49:53.965] Connection: keep-alive
[Fastbot][2026-06-19 03:49:53.965] Transfer-Encoding: chunked
[Fastbot][2026-06-19 03:49:53.966] 
[Fastbot][2026-06-19 03:49:53.966] {"jsonrpc":"2.0","id":1,"result":"<?xml version='1.0' encoding='UTF-8' standalone='yes' ?>\r\n<hierarchy rotation=\"0\">\r\n  <node index=\"0\" text=\"\" resource-id=\"\" class=\"android.widget.FrameLayout\" package=\"com.android.systemui\" content-desc=\"\" checkable=\"false\" checked=\"false\" cli...[truncated]
[Fastbot][2026-06-19 03:49:53.966] <-- END HTTP (46100-byte body)
[Fastbot][2026-06-19 03:49:53.999] [ProxyServer] stepsCount: 2
[Fastbot][2026-06-19 03:49:53.999] [ProxyServer] receive request: stepMonkey
[Fastbot][2026-06-19 03:49:53.999] [MonkeySourceApeU2] stepsCount: 2
[Fastbot][2026-06-19 03:49:53.999] [MonkeySourceApeU2] Latest event is MonkeyEvent. Use the cached hierarchy.
[Fastbot][2026-06-19 03:49:54.001] [MonkeySourceApeU2] Successfully Got hierarchy
[Fastbot][2026-06-19 03:49:54.005] // Event id: 6
[Fastbot][2026-06-19 03:49:54.005] topActivity Name: ComponentInfo{net.gsantner.markor_test/net.gsantner.markor.activity.MainActivity}
[Fastbot][2026-06-19 03:49:54.005] // Dumped stringOfGuiTree
[Fastbot][2026-06-19 03:49:54.005] topActivityName: net.gsantner.markor.activity.MainActivity
[Fastbot][2026-06-19 03:49:54.008] action type: SCROLL_LEFT_RIGHT
[Fastbot][2026-06-19 03:49:54.008] rpc cost time: 3
[Fastbot][2026-06-19 03:49:54.010] :Sending rotation degree=0, persist=false
[Fastbot][2026-06-19 03:49:54.017] :Sending Touch (ACTION_DOWN): 0:(540.0,1008.0)
[Fastbot][2026-06-19 03:49:54.019] :Sending Touch (ACTION_MOVE): 0:(540.0,1008.0)
[Fastbot][2026-06-19 03:49:54.020] Wait Event for 20 milliseconds
[Fastbot][2026-06-19 03:49:54.043] :Sending Touch (ACTION_MOVE): 0:(593.9,1008.0)
[Fastbot][2026-06-19 03:49:54.046] Wait Event for 20 milliseconds
[Fastbot][2026-06-19 03:49:54.069] :Sending Touch (ACTION_MOVE): 0:(647.8,1008.0)
[Fastbot][2026-06-19 03:49:54.071] Wait Event for 20 milliseconds
[Fastbot][2026-06-19 03:49:54.098] :Sending Touch (ACTION_MOVE): 0:(701.7,1008.0)
[Fastbot][2026-06-19 03:49:54.099] Wait Event for 20 milliseconds
[Fastbot][2026-06-19 03:49:54.122] :Sending Touch (ACTION_MOVE): 0:(755.6,1008.0)
[Fastbot][2026-06-19 03:49:54.123] Wait Event for 20 milliseconds
[Fastbot][2026-06-19 03:49:54.146] :Sending Touch (ACTION_MOVE): 0:(809.5,1008.0)
[Fastbot][2026-06-19 03:49:54.154] Wait Event for 20 milliseconds
[Fastbot][2026-06-19 03:49:54.185] :Sending Touch (ACTION_MOVE): 0:(863.4,1008.0)
[Fastbot][2026-06-19 03:49:54.187] Wait Event for 20 milliseconds
[Fastbot][2026-06-19 03:49:54.217] :Sending Touch (ACTION_MOVE): 0:(917.3,1008.0)
[Fastbot][2026-06-19 03:49:54.219] Wait Event for 20 milliseconds
[Fastbot][2026-06-19 03:49:54.241] :Sending Touch (ACTION_MOVE): 0:(971.2,1008.0)
[Fastbot][2026-06-19 03:49:54.254] Wait Event for 20 milliseconds
[Fastbot][2026-06-19 03:49:54.277] :Sending Touch (ACTION_MOVE): 0:(1025.1,1008.0)
[Fastbot][2026-06-19 03:49:54.279] Wait Event for 20 milliseconds
[Fastbot][2026-06-19 03:49:54.301] :Sending Touch (ACTION_UP): 0:(1079.0,1008.0)
[Fastbot][2026-06-19 03:49:54.304] Sleeping for 277 milliseconds
[Fastbot][2026-06-19 03:49:54.584] [ProxyServer] Finish monkey step. Dumping hierarchy
[Fastbot][2026-06-19 03:49:54.584] --> POST http://127.0.0.1:9008/jsonrpc/0
[Fastbot][2026-06-19 03:49:54.584] Content-Type: application/json; charset=utf-8
[Fastbot][2026-06-19 03:49:54.584] Content-Length: 75
[Fastbot][2026-06-19 03:49:54.584] 
[Fastbot][2026-06-19 03:49:54.584] {"id":1,"jsonrpc":"2.0","method":"dumpWindowHierarchy","params":[false,50]}
[Fastbot][2026-06-19 03:49:54.585] --> END POST (75-byte body)
[Fastbot][2026-06-19 03:49:54.617] <-- 200 OK  http://127.0.0.1:9008/jsonrpc/0 (32ms)
[Fastbot][2026-06-19 03:49:54.617] Content-Type: application/json
[Fastbot][2026-06-19 03:49:54.618] Date: Fri, 19 Jun 2026 03:49:54 GMT
[Fastbot][2026-06-19 03:49:54.618] Connection: keep-alive
[Fastbot][2026-06-19 03:49:54.618] Transfer-Encoding: chunked
[Fastbot][2026-06-19 03:49:54.619] 
[Fastbot][2026-06-19 03:49:54.619] {"jsonrpc":"2.0","id":1,"result":"<?xml version='1.0' encoding='UTF-8' standalone='yes' ?>\r\n<hierarchy rotation=\"0\">\r\n  <node index=\"0\" text=\"\" resource-id=\"\" class=\"android.widget.FrameLayout\" package=\"com.android.systemui\" content-desc=\"\" checkable=\"false\" checked=\"false\" cli...[truncated]
[Fastbot][2026-06-19 03:49:54.620] <-- END HTTP (46100-byte body)
[Fastbot][2026-06-19 03:49:54.700] [Proxy Server] Forwarding
[Fastbot][2026-06-19 03:49:54.701] --> POST http://127.0.0.1:9008/jsonrpc/0
[Fastbot][2026-06-19 03:49:54.701] Content-Type: application/json; charset=utf-8
[Fastbot][2026-06-19 03:49:54.701] Content-Length: 194
[Fastbot][2026-06-19 03:49:54.701] 
[Fastbot][2026-06-19 03:49:54.702] {"jsonrpc": "2.0", "id": 1, "method": "waitForExists", "params": [{"mask": 2097152, "childOrSibling": [], "childOrSiblingSelector": [], "resourceId": "net.gsantner.markor_test:id/icon"}, 20000]}
[Fastbot][2026-06-19 03:49:54.702] --> END POST (194-byte body)
[Fastbot][2026-06-19 03:49:54.717] <-- 200 OK  http://127.0.0.1:9008/jsonrpc/0 (14ms)
[Fastbot][2026-06-19 03:49:54.717] Content-Type: application/json
[Fastbot][2026-06-19 03:49:54.717] Date: Fri, 19 Jun 2026 03:49:54 GMT
[Fastbot][2026-06-19 03:49:54.717] Connection: keep-alive
[Fastbot][2026-06-19 03:49:54.718] Transfer-Encoding: chunked
[Fastbot][2026-06-19 03:49:54.722] 
[Fastbot][2026-06-19 03:49:54.722] {"jsonrpc":"2.0","id":1,"result":true}

[Fastbot][2026-06-19 03:49:54.722] <-- END HTTP (39-byte body)
[Fastbot][2026-06-19 03:49:54.764] [Proxy Server] Forwarding
[Fastbot][2026-06-19 03:49:54.765] --> POST http://127.0.0.1:9008/jsonrpc/0
[Fastbot][2026-06-19 03:49:54.765] Content-Type: application/json; charset=utf-8
[Fastbot][2026-06-19 03:49:54.766] Content-Length: 181
[Fastbot][2026-06-19 03:49:54.766] 
[Fastbot][2026-06-19 03:49:54.766] {"jsonrpc": "2.0", "id": 1, "method": "objInfo", "params": [{"mask": 2097152, "childOrSibling": [], "childOrSiblingSelector": [], "resourceId": "net.gsantner.markor_test:id/icon"}]}
[Fastbot][2026-06-19 03:49:54.766] --> END POST (181-byte body)
[Fastbot][2026-06-19 03:49:54.806] <-- 200 OK  http://127.0.0.1:9008/jsonrpc/0 (38ms)
[Fastbot][2026-06-19 03:49:54.806] Content-Type: application/json
[Fastbot][2026-06-19 03:49:54.806] Date: Fri, 19 Jun 2026 03:49:54 GMT
[Fastbot][2026-06-19 03:49:54.806] Connection: keep-alive
[Fastbot][2026-06-19 03:49:54.806] Transfer-Encoding: chunked
[Fastbot][2026-06-19 03:49:54.807] 
[Fastbot][2026-06-19 03:49:54.807] {"jsonrpc":"2.0","id":1,"result":{"bounds":{"bottom":2016,"left":102,"right":168,"top":2010},"childCount":0,"className":"android.widget.ImageView","contentDescription":null,"packageName":"net.gsantner.markor_test","resourceName":"net.gsantner.markor_test:id/icon","text":null,"visibleBounds":{"bottom...[truncated]
[Fastbot][2026-06-19 03:49:54.807] <-- END HTTP (502-byte body)
[Fastbot][2026-06-19 03:49:54.840] [Proxy Server] Detected script method: click
[Fastbot][2026-06-19 03:49:54.841] [Proxy Server] Forwarding
[Fastbot][2026-06-19 03:49:54.842] --> POST http://127.0.0.1:9008/jsonrpc/0
[Fastbot][2026-06-19 03:49:54.842] Content-Type: application/json; charset=utf-8
[Fastbot][2026-06-19 03:49:54.842] Content-Length: 73
[Fastbot][2026-06-19 03:49:54.842] 
[Fastbot][2026-06-19 03:49:54.842] {"jsonrpc": "2.0", "id": 1, "method": "click", "params": [135.0, 2013.0]}
[Fastbot][2026-06-19 03:49:54.842] --> END POST (73-byte body)
[Fastbot][2026-06-19 03:49:54.977] <-- 200 OK  http://127.0.0.1:9008/jsonrpc/0 (134ms)
[Fastbot][2026-06-19 03:49:54.977] Content-Type: application/json
[Fastbot][2026-06-19 03:49:54.978] Date: Fri, 19 Jun 2026 03:49:54 GMT
[Fastbot][2026-06-19 03:49:54.978] Connection: keep-alive
[Fastbot][2026-06-19 03:49:54.978] Transfer-Encoding: chunked
[Fastbot][2026-06-19 03:49:54.978] 
[Fastbot][2026-06-19 03:49:54.979] {"jsonrpc":"2.0","id":1,"result":true}

[Fastbot][2026-06-19 03:49:54.979] <-- END HTTP (39-byte body)
[Fastbot][2026-06-19 03:49:56.031] [Proxy Server] Forwarding
[Fastbot][2026-06-19 03:49:56.032] --> POST http://127.0.0.1:9008/jsonrpc/0
[Fastbot][2026-06-19 03:49:56.032] Content-Type: application/json; charset=utf-8
[Fastbot][2026-06-19 03:49:56.032] Content-Length: 202
[Fastbot][2026-06-19 03:49:56.033] 
[Fastbot][2026-06-19 03:49:56.033] {"jsonrpc": "2.0", "id": 1, "method": "waitForExists", "params": [{"mask": 2097152, "childOrSibling": [], "childOrSiblingSelector": [], "resourceId": "net.gsantner.markor_test:id/action_go_to"}, 20000]}
[Fastbot][2026-06-19 03:49:56.033] --> END POST (202-byte body)
[Fastbot][2026-06-19 03:49:56.046] <-- 200 OK  http://127.0.0.1:9008/jsonrpc/0 (12ms)
[Fastbot][2026-06-19 03:49:56.046] Content-Type: application/json
[Fastbot][2026-06-19 03:49:56.046] Date: Fri, 19 Jun 2026 03:49:56 GMT
[Fastbot][2026-06-19 03:49:56.046] Connection: keep-alive
[Fastbot][2026-06-19 03:49:56.046] Transfer-Encoding: chunked
[Fastbot][2026-06-19 03:49:56.047] 
[Fastbot][2026-06-19 03:49:56.047] {"jsonrpc":"2.0","id":1,"result":true}

[Fastbot][2026-06-19 03:49:56.048] <-- END HTTP (39-byte body)
[Fastbot][2026-06-19 03:49:56.095] [Proxy Server] Forwarding
[Fastbot][2026-06-19 03:49:56.095] --> POST http://127.0.0.1:9008/jsonrpc/0
[Fastbot][2026-06-19 03:49:56.095] Content-Type: application/json; charset=utf-8
[Fastbot][2026-06-19 03:49:56.095] Content-Length: 189
[Fastbot][2026-06-19 03:49:56.096] 
[Fastbot][2026-06-19 03:49:56.096] {"jsonrpc": "2.0", "id": 1, "method": "objInfo", "params": [{"mask": 2097152, "childOrSibling": [], "childOrSiblingSelector": [], "resourceId": "net.gsantner.markor_test:id/action_go_to"}]}
[Fastbot][2026-06-19 03:49:56.096] --> END POST (189-byte body)
[Fastbot][2026-06-19 03:49:56.121] <-- 200 OK  http://127.0.0.1:9008/jsonrpc/0 (24ms)
[Fastbot][2026-06-19 03:49:56.121] Content-Type: application/json
[Fastbot][2026-06-19 03:49:56.121] Date: Fri, 19 Jun 2026 03:49:56 GMT
[Fastbot][2026-06-19 03:49:56.121] Connection: keep-alive
[Fastbot][2026-06-19 03:49:56.121] Transfer-Encoding: chunked
[Fastbot][2026-06-19 03:49:56.121] 
[Fastbot][2026-06-19 03:49:56.121] {"jsonrpc":"2.0","id":1,"result":{"bounds":{"bottom":275,"left":639,"right":749,"top":143},"childCount":0,"className":"android.widget.TextView","contentDescription":"Go to","packageName":"net.gsantner.markor_test","resourceName":"net.gsantner.markor_test:id/action_go_to","text":null,"visibleBounds":...[truncated]
[Fastbot][2026-06-19 03:49:56.122] <-- END HTTP (506-byte body)
[Fastbot][2026-06-19 03:49:56.157] [Proxy Server] Detected script method: click
[Fastbot][2026-06-19 03:49:56.158] [Proxy Server] Forwarding
[Fastbot][2026-06-19 03:49:56.158] --> POST http://127.0.0.1:9008/jsonrpc/0
[Fastbot][2026-06-19 03:49:56.158] Content-Type: application/json; charset=utf-8
[Fastbot][2026-06-19 03:49:56.159] Content-Length: 72
[Fastbot][2026-06-19 03:49:56.159] 
[Fastbot][2026-06-19 03:49:56.159] {"jsonrpc": "2.0", "id": 1, "method": "click", "params": [694.0, 209.0]}
[Fastbot][2026-06-19 03:49:56.159] --> END POST (72-byte body)
[Fastbot][2026-06-19 03:49:56.298] <-- 200 OK  http://127.0.0.1:9008/jsonrpc/0 (138ms)
[Fastbot][2026-06-19 03:49:56.298] Content-Type: application/json
[Fastbot][2026-06-19 03:49:56.298] Date: Fri, 19 Jun 2026 03:49:56 GMT
[Fastbot][2026-06-19 03:49:56.298] Connection: keep-alive
[Fastbot][2026-06-19 03:49:56.298] Transfer-Encoding: chunked
[Fastbot][2026-06-19 03:49:56.299] 
[Fastbot][2026-06-19 03:49:56.299] {"jsonrpc":"2.0","id":1,"result":true}

[Fastbot][2026-06-19 03:49:56.299] <-- END HTTP (39-byte body)
[Fastbot][2026-06-19 03:49:57.357] [Proxy Server] Forwarding
[Fastbot][2026-06-19 03:49:57.358] --> POST http://127.0.0.1:9008/jsonrpc/0
[Fastbot][2026-06-19 03:49:57.358] Content-Type: application/json; charset=utf-8
[Fastbot][2026-06-19 03:49:57.358] Content-Length: 215
[Fastbot][2026-06-19 03:49:57.358] 
[Fastbot][2026-06-19 03:49:57.359] {"jsonrpc": "2.0", "id": 1, "method": "waitForExists", "params": [{"mask": 2097153, "childOrSibling": [], "childOrSiblingSelector": [], "resourceId": "net.gsantner.markor_test:id/title", "text": "Notebook"}, 20000]}
[Fastbot][2026-06-19 03:49:57.359] --> END POST (215-byte body)
[Fastbot][2026-06-19 03:49:57.374] <-- 200 OK  http://127.0.0.1:9008/jsonrpc/0 (15ms)
[Fastbot][2026-06-19 03:49:57.374] Content-Type: application/json
[Fastbot][2026-06-19 03:49:57.375] Date: Fri, 19 Jun 2026 03:49:57 GMT
[Fastbot][2026-06-19 03:49:57.375] Connection: keep-alive
[Fastbot][2026-06-19 03:49:57.375] Transfer-Encoding: chunked
[Fastbot][2026-06-19 03:49:57.376] 
[Fastbot][2026-06-19 03:49:57.376] {"jsonrpc":"2.0","id":1,"result":true}

[Fastbot][2026-06-19 03:49:57.376] <-- END HTTP (39-byte body)
[Fastbot][2026-06-19 03:49:57.405] [Proxy Server] Forwarding
[Fastbot][2026-06-19 03:49:57.405] --> POST http://127.0.0.1:9008/jsonrpc/0
[Fastbot][2026-06-19 03:49:57.405] Content-Type: application/json; charset=utf-8
[Fastbot][2026-06-19 03:49:57.405] Content-Length: 202
[Fastbot][2026-06-19 03:49:57.405] 
[Fastbot][2026-06-19 03:49:57.405] {"jsonrpc": "2.0", "id": 1, "method": "objInfo", "params": [{"mask": 2097153, "childOrSibling": [], "childOrSiblingSelector": [], "resourceId": "net.gsantner.markor_test:id/title", "text": "Notebook"}]}
[Fastbot][2026-06-19 03:49:57.405] --> END POST (202-byte body)
[Fastbot][2026-06-19 03:49:57.435] <-- 200 OK  http://127.0.0.1:9008/jsonrpc/0 (29ms)
[Fastbot][2026-06-19 03:49:57.436] Content-Type: application/json
[Fastbot][2026-06-19 03:49:57.436] Date: Fri, 19 Jun 2026 03:49:57 GMT
[Fastbot][2026-06-19 03:49:57.436] Connection: keep-alive
[Fastbot][2026-06-19 03:49:57.436] Transfer-Encoding: chunked
[Fastbot][2026-06-19 03:49:57.436] 
[Fastbot][2026-06-19 03:49:57.437] {"jsonrpc":"2.0","id":1,"result":{"bounds":{"bottom":1111,"left":443,"right":992,"top":1103},"childCount":0,"className":"android.widget.TextView","contentDescription":null,"packageName":"net.gsantner.markor_test","resourceName":"net.gsantner.markor_test:id/title","text":"Notebook","visibleBounds":{"...[truncated]
[Fastbot][2026-06-19 03:49:57.437] <-- END HTTP (509-byte body)
[Fastbot][2026-06-19 03:49:57.452] [Proxy Server] Detected script method: click
[Fastbot][2026-06-19 03:49:57.452] [Proxy Server] Forwarding
[Fastbot][2026-06-19 03:49:57.453] --> POST http://127.0.0.1:9008/jsonrpc/0
[Fastbot][2026-06-19 03:49:57.453] Content-Type: application/json; charset=utf-8
[Fastbot][2026-06-19 03:49:57.453] Content-Length: 73
[Fastbot][2026-06-19 03:49:57.454] 
[Fastbot][2026-06-19 03:49:57.454] {"jsonrpc": "2.0", "id": 1, "method": "click", "params": [717.5, 1107.0]}
[Fastbot][2026-06-19 03:49:57.454] --> END POST (73-byte body)
[Fastbot][2026-06-19 03:49:57.602] <-- 200 OK  http://127.0.0.1:9008/jsonrpc/0 (147ms)
[Fastbot][2026-06-19 03:49:57.602] Content-Type: application/json
[Fastbot][2026-06-19 03:49:57.602] Date: Fri, 19 Jun 2026 03:49:57 GMT
[Fastbot][2026-06-19 03:49:57.602] Connection: keep-alive
[Fastbot][2026-06-19 03:49:57.603] Transfer-Encoding: chunked
[Fastbot][2026-06-19 03:49:57.669] 
[Fastbot][2026-06-19 03:49:57.669] {"jsonrpc":"2.0","id":1,"result":true}

[Fastbot][2026-06-19 03:49:57.669] <-- END HTTP (39-byte body)
[Fastbot][2026-06-19 03:49:58.701] [Proxy Server] Forwarding
[Fastbot][2026-06-19 03:49:58.702] --> POST http://127.0.0.1:9008/jsonrpc/0
[Fastbot][2026-06-19 03:49:58.702] Content-Type: application/json; charset=utf-8
[Fastbot][2026-06-19 03:49:58.702] Content-Length: 202
[Fastbot][2026-06-19 03:49:58.703] 
[Fastbot][2026-06-19 03:49:58.703] {"jsonrpc": "2.0", "id": 1, "method": "count", "params": [{"mask": 2097152, "childOrSibling": [], "childOrSiblingSelector": [], "resourceId": "net.gsantner.markor_test:id/opoc_filesystem_item__title"}]}
[Fastbot][2026-06-19 03:49:58.703] --> END POST (202-byte body)
[Fastbot][2026-06-19 03:49:58.718] <-- 200 OK  http://127.0.0.1:9008/jsonrpc/0 (14ms)
[Fastbot][2026-06-19 03:49:58.718] Content-Type: application/json
[Fastbot][2026-06-19 03:49:58.718] Date: Fri, 19 Jun 2026 03:49:58 GMT
[Fastbot][2026-06-19 03:49:58.718] Connection: keep-alive
[Fastbot][2026-06-19 03:49:58.718] Transfer-Encoding: chunked
[Fastbot][2026-06-19 03:49:58.719] 
[Fastbot][2026-06-19 03:49:58.719] {"jsonrpc":"2.0","id":1,"result":3}

[Fastbot][2026-06-19 03:49:58.719] <-- END HTTP (36-byte body)
[Fastbot][2026-06-19 03:49:58.734] [Proxy Server] Forwarding
[Fastbot][2026-06-19 03:49:58.734] --> POST http://127.0.0.1:9008/jsonrpc/0
[Fastbot][2026-06-19 03:49:58.735] Content-Type: application/json; charset=utf-8
[Fastbot][2026-06-19 03:49:58.735] Content-Length: 233
[Fastbot][2026-06-19 03:49:58.736] 
[Fastbot][2026-06-19 03:49:58.736] {"jsonrpc": "2.0", "id": 1, "method": "waitForExists", "params": [{"mask": 18874368, "childOrSibling": [], "childOrSiblingSelector": [], "resourceId": "net.gsantner.markor_test:id/opoc_filesystem_item__title", "instance": 0}, 20000]}
[Fastbot][2026-06-19 03:49:58.736] --> END POST (233-byte body)
[Fastbot][2026-06-19 03:49:58.743] <-- 200 OK  http://127.0.0.1:9008/jsonrpc/0 (7ms)
[Fastbot][2026-06-19 03:49:58.743] Content-Type: application/json
[Fastbot][2026-06-19 03:49:58.744] Date: Fri, 19 Jun 2026 03:49:58 GMT
[Fastbot][2026-06-19 03:49:58.744] Connection: keep-alive
[Fastbot][2026-06-19 03:49:58.744] Transfer-Encoding: chunked
[Fastbot][2026-06-19 03:49:58.784] 
[Fastbot][2026-06-19 03:49:58.784] {"jsonrpc":"2.0","id":1,"result":true}

[Fastbot][2026-06-19 03:49:58.784] <-- END HTTP (39-byte body)
[Fastbot][2026-06-19 03:49:58.799] [Proxy Server] Forwarding
[Fastbot][2026-06-19 03:49:58.799] --> POST http://127.0.0.1:9008/jsonrpc/0
[Fastbot][2026-06-19 03:49:58.800] Content-Type: application/json; charset=utf-8
[Fastbot][2026-06-19 03:49:58.800] Content-Length: 220
[Fastbot][2026-06-19 03:49:58.800] 
[Fastbot][2026-06-19 03:49:58.800] {"jsonrpc": "2.0", "id": 1, "method": "getText", "params": [{"mask": 18874368, "childOrSibling": [], "childOrSiblingSelector": [], "resourceId": "net.gsantner.markor_test:id/opoc_filesystem_item__title", "instance": 0}]}
[Fastbot][2026-06-19 03:49:58.800] --> END POST (220-byte body)
[Fastbot][2026-06-19 03:49:58.808] <-- 200 OK  http://127.0.0.1:9008/jsonrpc/0 (7ms)
[Fastbot][2026-06-19 03:49:58.808] Content-Type: application/json
[Fastbot][2026-06-19 03:49:58.808] Date: Fri, 19 Jun 2026 03:49:58 GMT
[Fastbot][2026-06-19 03:49:58.808] Connection: keep-alive
[Fastbot][2026-06-19 03:49:58.809] Transfer-Encoding: chunked
[Fastbot][2026-06-19 03:49:58.854] 
[Fastbot][2026-06-19 03:49:58.854] {"jsonrpc":"2.0","id":1,"result":".."}

[Fastbot][2026-06-19 03:49:58.854] <-- END HTTP (39-byte body)
[Fastbot][2026-06-19 03:49:58.886] [Proxy Server] Forwarding
[Fastbot][2026-06-19 03:49:58.886] --> POST http://127.0.0.1:9008/jsonrpc/0
[Fastbot][2026-06-19 03:49:58.887] Content-Type: application/json; charset=utf-8
[Fastbot][2026-06-19 03:49:58.887] Content-Length: 233
[Fastbot][2026-06-19 03:49:58.887] 
[Fastbot][2026-06-19 03:49:58.887] {"jsonrpc": "2.0", "id": 1, "method": "waitForExists", "params": [{"mask": 18874368, "childOrSibling": [], "childOrSiblingSelector": [], "resourceId": "net.gsantner.markor_test:id/opoc_filesystem_item__title", "instance": 1}, 20000]}
[Fastbot][2026-06-19 03:49:58.887] --> END POST (233-byte body)
[Fastbot][2026-06-19 03:49:58.895] <-- 200 OK  http://127.0.0.1:9008/jsonrpc/0 (7ms)
[Fastbot][2026-06-19 03:49:58.895] Content-Type: application/json
[Fastbot][2026-06-19 03:49:58.895] Date: Fri, 19 Jun 2026 03:49:58 GMT
[Fastbot][2026-06-19 03:49:58.895] Connection: keep-alive
[Fastbot][2026-06-19 03:49:58.895] Transfer-Encoding: chunked
[Fastbot][2026-06-19 03:49:58.945] 
[Fastbot][2026-06-19 03:49:58.945] {"jsonrpc":"2.0","id":1,"result":true}

[Fastbot][2026-06-19 03:49:58.945] <-- END HTTP (39-byte body)
[Fastbot][2026-06-19 03:49:58.981] [Proxy Server] Forwarding
[Fastbot][2026-06-19 03:49:58.981] --> POST http://127.0.0.1:9008/jsonrpc/0
[Fastbot][2026-06-19 03:49:58.982] Content-Type: application/json; charset=utf-8
[Fastbot][2026-06-19 03:49:58.982] Content-Length: 220
[Fastbot][2026-06-19 03:49:58.982] 
[Fastbot][2026-06-19 03:49:58.982] {"jsonrpc": "2.0", "id": 1, "method": "getText", "params": [{"mask": 18874368, "childOrSibling": [], "childOrSiblingSelector": [], "resourceId": "net.gsantner.markor_test:id/opoc_filesystem_item__title", "instance": 1}]}
[Fastbot][2026-06-19 03:49:58.982] --> END POST (220-byte body)
[Fastbot][2026-06-19 03:49:58.988] <-- 200 OK  http://127.0.0.1:9008/jsonrpc/0 (5ms)
[Fastbot][2026-06-19 03:49:58.988] Content-Type: application/json
[Fastbot][2026-06-19 03:49:58.988] Date: Fri, 19 Jun 2026 03:49:58 GMT
[Fastbot][2026-06-19 03:49:58.989] Connection: keep-alive
[Fastbot][2026-06-19 03:49:58.989] Transfer-Encoding: chunked
[Fastbot][2026-06-19 03:49:58.989] 
[Fastbot][2026-06-19 03:49:58.989] {"jsonrpc":"2.0","id":1,"result":"A.txt"}

[Fastbot][2026-06-19 03:49:58.989] <-- END HTTP (42-byte body)
[Fastbot][2026-06-19 03:49:59.026] [Proxy Server] Forwarding
[Fastbot][2026-06-19 03:49:59.026] --> POST http://127.0.0.1:9008/jsonrpc/0
[Fastbot][2026-06-19 03:49:59.027] Content-Type: application/json; charset=utf-8
[Fastbot][2026-06-19 03:49:59.027] Content-Length: 233
[Fastbot][2026-06-19 03:49:59.027] 
[Fastbot][2026-06-19 03:49:59.027] {"jsonrpc": "2.0", "id": 1, "method": "waitForExists", "params": [{"mask": 18874368, "childOrSibling": [], "childOrSiblingSelector": [], "resourceId": "net.gsantner.markor_test:id/opoc_filesystem_item__title", "instance": 2}, 20000]}
[Fastbot][2026-06-19 03:49:59.028] --> END POST (233-byte body)
[Fastbot][2026-06-19 03:49:59.036] <-- 200 OK  http://127.0.0.1:9008/jsonrpc/0 (7ms)
[Fastbot][2026-06-19 03:49:59.036] Content-Type: application/json
[Fastbot][2026-06-19 03:49:59.036] Date: Fri, 19 Jun 2026 03:49:59 GMT
[Fastbot][2026-06-19 03:49:59.036] Connection: keep-alive
[Fastbot][2026-06-19 03:49:59.036] Transfer-Encoding: chunked
[Fastbot][2026-06-19 03:49:59.037] 
[Fastbot][2026-06-19 03:49:59.037] {"jsonrpc":"2.0","id":1,"result":true}

[Fastbot][2026-06-19 03:49:59.037] <-- END HTTP (39-byte body)
[Fastbot][2026-06-19 03:49:59.051] [Proxy Server] Forwarding
[Fastbot][2026-06-19 03:49:59.052] --> POST http://127.0.0.1:9008/jsonrpc/0
[Fastbot][2026-06-19 03:49:59.052] Content-Type: application/json; charset=utf-8
[Fastbot][2026-06-19 03:49:59.052] Content-Length: 220
[Fastbot][2026-06-19 03:49:59.052] 
[Fastbot][2026-06-19 03:49:59.052] {"jsonrpc": "2.0", "id": 1, "method": "getText", "params": [{"mask": 18874368, "childOrSibling": [], "childOrSiblingSelector": [], "resourceId": "net.gsantner.markor_test:id/opoc_filesystem_item__title", "instance": 2}]}
[Fastbot][2026-06-19 03:49:59.052] --> END POST (220-byte body)
[Fastbot][2026-06-19 03:49:59.060] <-- 200 OK  http://127.0.0.1:9008/jsonrpc/0 (7ms)
[Fastbot][2026-06-19 03:49:59.060] Content-Type: application/json
[Fastbot][2026-06-19 03:49:59.060] Date: Fri, 19 Jun 2026 03:49:59 GMT
[Fastbot][2026-06-19 03:49:59.060] Connection: keep-alive
[Fastbot][2026-06-19 03:49:59.060] Transfer-Encoding: chunked
[Fastbot][2026-06-19 03:49:59.104] 
[Fastbot][2026-06-19 03:49:59.104] {"jsonrpc":"2.0","id":1,"result":"hi.md"}

[Fastbot][2026-06-19 03:49:59.104] <-- END HTTP (42-byte body)
[Fastbot][2026-06-19 03:49:59.139] [Proxy Server] Forwarding
[Fastbot][2026-06-19 03:49:59.139] --> POST http://127.0.0.1:9008/jsonrpc/0
[Fastbot][2026-06-19 03:49:59.139] Content-Type: application/json; charset=utf-8
[Fastbot][2026-06-19 03:49:59.139] Content-Length: 233
[Fastbot][2026-06-19 03:49:59.139] 
[Fastbot][2026-06-19 03:49:59.140] {"jsonrpc": "2.0", "id": 1, "method": "waitForExists", "params": [{"mask": 18874368, "childOrSibling": [], "childOrSiblingSelector": [], "resourceId": "net.gsantner.markor_test:id/opoc_filesystem_item__title", "instance": 2}, 20000]}
[Fastbot][2026-06-19 03:49:59.140] --> END POST (233-byte body)
[Fastbot][2026-06-19 03:49:59.149] <-- 200 OK  http://127.0.0.1:9008/jsonrpc/0 (9ms)
[Fastbot][2026-06-19 03:49:59.150] Content-Type: application/json
[Fastbot][2026-06-19 03:49:59.150] Date: Fri, 19 Jun 2026 03:49:59 GMT
[Fastbot][2026-06-19 03:49:59.150] Connection: keep-alive
[Fastbot][2026-06-19 03:49:59.150] Transfer-Encoding: chunked
[Fastbot][2026-06-19 03:49:59.195] 
[Fastbot][2026-06-19 03:49:59.196] {"jsonrpc":"2.0","id":1,"result":true}

[Fastbot][2026-06-19 03:49:59.196] <-- END HTTP (39-byte body)
[Fastbot][2026-06-19 03:49:59.247] [Proxy Server] Forwarding
[Fastbot][2026-06-19 03:49:59.247] --> POST http://127.0.0.1:9008/jsonrpc/0
[Fastbot][2026-06-19 03:49:59.247] Content-Type: application/json; charset=utf-8
[Fastbot][2026-06-19 03:49:59.248] Content-Length: 220
[Fastbot][2026-06-19 03:49:59.248] 
[Fastbot][2026-06-19 03:49:59.248] {"jsonrpc": "2.0", "id": 1, "method": "getText", "params": [{"mask": 18874368, "childOrSibling": [], "childOrSiblingSelector": [], "resourceId": "net.gsantner.markor_test:id/opoc_filesystem_item__title", "instance": 2}]}
[Fastbot][2026-06-19 03:49:59.248] --> END POST (220-byte body)
[Fastbot][2026-06-19 03:49:59.255] <-- 200 OK  http://127.0.0.1:9008/jsonrpc/0 (6ms)
[Fastbot][2026-06-19 03:49:59.255] Content-Type: application/json
[Fastbot][2026-06-19 03:49:59.255] Date: Fri, 19 Jun 2026 03:49:59 GMT
[Fastbot][2026-06-19 03:49:59.256] Connection: keep-alive
[Fastbot][2026-06-19 03:49:59.256] Transfer-Encoding: chunked
[Fastbot][2026-06-19 03:49:59.256] 
[Fastbot][2026-06-19 03:49:59.256] {"jsonrpc":"2.0","id":1,"result":"hi.md"}

[Fastbot][2026-06-19 03:49:59.256] <-- END HTTP (42-byte body)
[Fastbot][2026-06-19 03:49:59.295] [Proxy Server] Forwarding
[Fastbot][2026-06-19 03:49:59.295] --> POST http://127.0.0.1:9008/jsonrpc/0
[Fastbot][2026-06-19 03:49:59.295] Content-Type: application/json; charset=utf-8
[Fastbot][2026-06-19 03:49:59.295] Content-Length: 234
[Fastbot][2026-06-19 03:49:59.295] 
[Fastbot][2026-06-19 03:49:59.296] {"jsonrpc": "2.0", "id": 1, "method": "waitForExists", "params": [{"mask": 2097153, "childOrSibling": [], "childOrSiblingSelector": [], "resourceId": "net.gsantner.markor_test:id/opoc_filesystem_item__title", "text": "hi.md"}, 20000]}
[Fastbot][2026-06-19 03:49:59.296] --> END POST (234-byte body)
[Fastbot][2026-06-19 03:49:59.312] <-- 200 OK  http://127.0.0.1:9008/jsonrpc/0 (16ms)
[Fastbot][2026-06-19 03:49:59.312] Content-Type: application/json
[Fastbot][2026-06-19 03:49:59.312] Date: Fri, 19 Jun 2026 03:49:59 GMT
[Fastbot][2026-06-19 03:49:59.313] Connection: keep-alive
[Fastbot][2026-06-19 03:49:59.313] Transfer-Encoding: chunked
[Fastbot][2026-06-19 03:49:59.313] 
[Fastbot][2026-06-19 03:49:59.313] {"jsonrpc":"2.0","id":1,"result":true}

[Fastbot][2026-06-19 03:49:59.314] <-- END HTTP (39-byte body)
[Fastbot][2026-06-19 03:49:59.341] [Proxy Server] Forwarding
[Fastbot][2026-06-19 03:49:59.341] --> POST http://127.0.0.1:9008/jsonrpc/0
[Fastbot][2026-06-19 03:49:59.342] Content-Type: application/json; charset=utf-8
[Fastbot][2026-06-19 03:49:59.342] Content-Length: 221
[Fastbot][2026-06-19 03:49:59.342] 
[Fastbot][2026-06-19 03:49:59.342] {"jsonrpc": "2.0", "id": 1, "method": "objInfo", "params": [{"mask": 2097153, "childOrSibling": [], "childOrSiblingSelector": [], "resourceId": "net.gsantner.markor_test:id/opoc_filesystem_item__title", "text": "hi.md"}]}
[Fastbot][2026-06-19 03:49:59.343] --> END POST (221-byte body)
[Fastbot][2026-06-19 03:49:59.368] <-- 200 OK  http://127.0.0.1:9008/jsonrpc/0 (25ms)
[Fastbot][2026-06-19 03:49:59.368] Content-Type: application/json
[Fastbot][2026-06-19 03:49:59.368] Date: Fri, 19 Jun 2026 03:49:59 GMT
[Fastbot][2026-06-19 03:49:59.369] Connection: keep-alive
[Fastbot][2026-06-19 03:49:59.369] Transfer-Encoding: chunked
[Fastbot][2026-06-19 03:49:59.370] 
[Fastbot][2026-06-19 03:49:59.370] {"jsonrpc":"2.0","id":1,"result":{"bounds":{"bottom":658,"left":165,"right":296,"top":588},"childCount":0,"className":"android.widget.TextView","contentDescription":null,"packageName":"net.gsantner.markor_test","resourceName":"net.gsantner.markor_test:id/opoc_filesystem_item__title","text":"hi.md","...[truncated]
[Fastbot][2026-06-19 03:49:59.370] <-- END HTTP (524-byte body)
[Fastbot][2026-06-19 03:49:59.405] [Proxy Server] Detected script method: click
[Fastbot][2026-06-19 03:49:59.405] [Proxy Server] Forwarding
[Fastbot][2026-06-19 03:49:59.406] --> POST http://127.0.0.1:9008/jsonrpc/0
[Fastbot][2026-06-19 03:49:59.407] Content-Type: application/json; charset=utf-8
[Fastbot][2026-06-19 03:49:59.407] Content-Length: 77
[Fastbot][2026-06-19 03:49:59.407] 
[Fastbot][2026-06-19 03:49:59.407] {"jsonrpc": "2.0", "id": 1, "method": "click", "params": [230.5, 623.0, 500]}
[Fastbot][2026-06-19 03:49:59.408] --> END POST (77-byte body)
[Fastbot][2026-06-19 03:50:00.114] <-- 200 OK  http://127.0.0.1:9008/jsonrpc/0 (706ms)
[Fastbot][2026-06-19 03:50:00.115] Content-Type: application/json
[Fastbot][2026-06-19 03:50:00.115] Date: Fri, 19 Jun 2026 03:50:00 GMT
[Fastbot][2026-06-19 03:50:00.115] Connection: keep-alive
[Fastbot][2026-06-19 03:50:00.115] Transfer-Encoding: chunked
[Fastbot][2026-06-19 03:50:00.115] 
[Fastbot][2026-06-19 03:50:00.115] {"jsonrpc":"2.0","id":1,"result":true}

[Fastbot][2026-06-19 03:50:00.115] <-- END HTTP (39-byte body)
[Fastbot][2026-06-19 03:50:01.159] [Proxy Server] Forwarding
[Fastbot][2026-06-19 03:50:01.159] --> POST http://127.0.0.1:9008/jsonrpc/0
[Fastbot][2026-06-19 03:50:01.159] Content-Type: application/json; charset=utf-8
[Fastbot][2026-06-19 03:50:01.159] Content-Length: 217
[Fastbot][2026-06-19 03:50:01.160] 
[Fastbot][2026-06-19 03:50:01.160] {"jsonrpc": "2.0", "id": 1, "method": "waitForExists", "params": [{"mask": 2097152, "childOrSibling": [], "childOrSiblingSelector": [], "resourceId": "net.gsantner.markor_test:id/action_rename_selected_item"}, 20000]}
[Fastbot][2026-06-19 03:50:01.160] --> END POST (217-byte body)
[Fastbot][2026-06-19 03:50:01.181] <-- 200 OK  http://127.0.0.1:9008/jsonrpc/0 (20ms)
[Fastbot][2026-06-19 03:50:01.181] Content-Type: application/json
[Fastbot][2026-06-19 03:50:01.181] Date: Fri, 19 Jun 2026 03:50:01 GMT
[Fastbot][2026-06-19 03:50:01.181] Connection: keep-alive
[Fastbot][2026-06-19 03:50:01.181] Transfer-Encoding: chunked
[Fastbot][2026-06-19 03:50:01.182] 
[Fastbot][2026-06-19 03:50:01.182] {"jsonrpc":"2.0","id":1,"result":true}

[Fastbot][2026-06-19 03:50:01.182] <-- END HTTP (39-byte body)
[Fastbot][2026-06-19 03:50:01.221] [Proxy Server] Forwarding
[Fastbot][2026-06-19 03:50:01.221] --> POST http://127.0.0.1:9008/jsonrpc/0
[Fastbot][2026-06-19 03:50:01.222] Content-Type: application/json; charset=utf-8
[Fastbot][2026-06-19 03:50:01.222] Content-Length: 204
[Fastbot][2026-06-19 03:50:01.222] 
[Fastbot][2026-06-19 03:50:01.222] {"jsonrpc": "2.0", "id": 1, "method": "objInfo", "params": [{"mask": 2097152, "childOrSibling": [], "childOrSiblingSelector": [], "resourceId": "net.gsantner.markor_test:id/action_rename_selected_item"}]}
[Fastbot][2026-06-19 03:50:01.222] --> END POST (204-byte body)
[Fastbot][2026-06-19 03:50:01.245] <-- 200 OK  http://127.0.0.1:9008/jsonrpc/0 (22ms)
[Fastbot][2026-06-19 03:50:01.245] Content-Type: application/json
[Fastbot][2026-06-19 03:50:01.245] Date: Fri, 19 Jun 2026 03:50:01 GMT
[Fastbot][2026-06-19 03:50:01.246] Connection: keep-alive
[Fastbot][2026-06-19 03:50:01.246] Transfer-Encoding: chunked
[Fastbot][2026-06-19 03:50:01.250] 
[Fastbot][2026-06-19 03:50:01.250] {"jsonrpc":"2.0","id":1,"result":{"bounds":{"bottom":275,"left":639,"right":749,"top":143},"childCount":0,"className":"android.widget.TextView","contentDescription":"Rename","packageName":"net.gsantner.markor_test","resourceName":"net.gsantner.markor_test:id/action_rename_selected_item","text":null,...[truncated]
[Fastbot][2026-06-19 03:50:01.250] <-- END HTTP (522-byte body)
[Fastbot][2026-06-19 03:50:01.298] [Proxy Server] Detected script method: click
[Fastbot][2026-06-19 03:50:01.298] [Proxy Server] Forwarding
[Fastbot][2026-06-19 03:50:01.298] --> POST http://127.0.0.1:9008/jsonrpc/0
[Fastbot][2026-06-19 03:50:01.299] Content-Type: application/json; charset=utf-8
[Fastbot][2026-06-19 03:50:01.299] Content-Length: 72
[Fastbot][2026-06-19 03:50:01.299] 
[Fastbot][2026-06-19 03:50:01.299] {"jsonrpc": "2.0", "id": 1, "method": "click", "params": [694.0, 209.0]}
[Fastbot][2026-06-19 03:50:01.299] --> END POST (72-byte body)
[Fastbot][2026-06-19 03:50:01.428] <-- 200 OK  http://127.0.0.1:9008/jsonrpc/0 (128ms)
[Fastbot][2026-06-19 03:50:01.428] Content-Type: application/json
[Fastbot][2026-06-19 03:50:01.429] Date: Fri, 19 Jun 2026 03:50:01 GMT
[Fastbot][2026-06-19 03:50:01.429] Connection: keep-alive
[Fastbot][2026-06-19 03:50:01.429] Transfer-Encoding: chunked
[Fastbot][2026-06-19 03:50:01.430] 
[Fastbot][2026-06-19 03:50:01.430] {"jsonrpc":"2.0","id":1,"result":true}

[Fastbot][2026-06-19 03:50:01.430] <-- END HTTP (39-byte body)
[Fastbot][2026-06-19 03:50:02.486] [Proxy Server] Forwarding
[Fastbot][2026-06-19 03:50:02.486] --> POST http://127.0.0.1:9008/jsonrpc/0
[Fastbot][2026-06-19 03:50:02.487] Content-Type: application/json; charset=utf-8
[Fastbot][2026-06-19 03:50:02.487] Content-Length: 198
[Fastbot][2026-06-19 03:50:02.487] 
[Fastbot][2026-06-19 03:50:02.487] {"jsonrpc": "2.0", "id": 1, "method": "waitForExists", "params": [{"mask": 2097152, "childOrSibling": [], "childOrSiblingSelector": [], "resourceId": "net.gsantner.markor_test:id/new_name"}, 20000]}
[Fastbot][2026-06-19 03:50:02.487] --> END POST (198-byte body)
[Fastbot][2026-06-19 03:50:02.502] <-- 200 OK  http://127.0.0.1:9008/jsonrpc/0 (15ms)
[Fastbot][2026-06-19 03:50:02.503] Content-Type: application/json
[Fastbot][2026-06-19 03:50:02.503] Date: Fri, 19 Jun 2026 03:50:02 GMT
[Fastbot][2026-06-19 03:50:02.503] Connection: keep-alive
[Fastbot][2026-06-19 03:50:02.503] Transfer-Encoding: chunked
[Fastbot][2026-06-19 03:50:02.504] 
[Fastbot][2026-06-19 03:50:02.504] {"jsonrpc":"2.0","id":1,"result":true}

[Fastbot][2026-06-19 03:50:02.504] <-- END HTTP (39-byte body)
[Fastbot][2026-06-19 03:50:02.519] [Proxy Server] Detected script method: setText
[Fastbot][2026-06-19 03:50:02.520] [Proxy Server] Forwarding
[Fastbot][2026-06-19 03:50:02.520] --> POST http://127.0.0.1:9008/jsonrpc/0
[Fastbot][2026-06-19 03:50:02.520] Content-Type: application/json; charset=utf-8
[Fastbot][2026-06-19 03:50:02.520] Content-Length: 197
[Fastbot][2026-06-19 03:50:02.521] 
[Fastbot][2026-06-19 03:50:02.521] {"jsonrpc": "2.0", "id": 1, "method": "setText", "params": [{"mask": 2097152, "childOrSibling": [], "childOrSiblingSelector": [], "resourceId": "net.gsantner.markor_test:id/new_name"}, "DXTkt.md"]}
[Fastbot][2026-06-19 03:50:02.521] --> END POST (197-byte body)
[Fastbot][2026-06-19 03:50:02.658] <-- 200 OK  http://127.0.0.1:9008/jsonrpc/0 (136ms)
[Fastbot][2026-06-19 03:50:02.658] Content-Type: application/json
[Fastbot][2026-06-19 03:50:02.658] Date: Fri, 19 Jun 2026 03:50:02 GMT
[Fastbot][2026-06-19 03:50:02.658] Connection: keep-alive
[Fastbot][2026-06-19 03:50:02.658] Transfer-Encoding: chunked
[Fastbot][2026-06-19 03:50:02.705] 
[Fastbot][2026-06-19 03:50:02.706] {"jsonrpc":"2.0","id":1,"result":true}

[Fastbot][2026-06-19 03:50:02.706] <-- END HTTP (39-byte body)
[Fastbot][2026-06-19 03:50:03.749] [Proxy Server] Forwarding
[Fastbot][2026-06-19 03:50:03.750] --> POST http://127.0.0.1:9008/jsonrpc/0
[Fastbot][2026-06-19 03:50:03.750] Content-Type: application/json; charset=utf-8
[Fastbot][2026-06-19 03:50:03.750] Content-Length: 194
[Fastbot][2026-06-19 03:50:03.750] 
[Fastbot][2026-06-19 03:50:03.750] {"jsonrpc": "2.0", "id": 1, "method": "waitForExists", "params": [{"mask": 2097153, "childOrSibling": [], "childOrSiblingSelector": [], "resourceId": "android:id/button1", "text": "OK"}, 20000]}
[Fastbot][2026-06-19 03:50:03.750] --> END POST (194-byte body)
[Fastbot][2026-06-19 03:50:03.763] <-- 200 OK  http://127.0.0.1:9008/jsonrpc/0 (12ms)
[Fastbot][2026-06-19 03:50:03.763] Content-Type: application/json
[Fastbot][2026-06-19 03:50:03.763] Date: Fri, 19 Jun 2026 03:50:03 GMT
[Fastbot][2026-06-19 03:50:03.763] Connection: keep-alive
[Fastbot][2026-06-19 03:50:03.763] Transfer-Encoding: chunked
[Fastbot][2026-06-19 03:50:03.763] 
[Fastbot][2026-06-19 03:50:03.764] {"jsonrpc":"2.0","id":1,"result":true}

[Fastbot][2026-06-19 03:50:03.764] <-- END HTTP (39-byte body)
[Fastbot][2026-06-19 03:50:03.812] [Proxy Server] Forwarding
[Fastbot][2026-06-19 03:50:03.812] --> POST http://127.0.0.1:9008/jsonrpc/0
[Fastbot][2026-06-19 03:50:03.812] Content-Type: application/json; charset=utf-8
[Fastbot][2026-06-19 03:50:03.813] Content-Length: 181
[Fastbot][2026-06-19 03:50:03.813] 
[Fastbot][2026-06-19 03:50:03.813] {"jsonrpc": "2.0", "id": 1, "method": "objInfo", "params": [{"mask": 2097153, "childOrSibling": [], "childOrSiblingSelector": [], "resourceId": "android:id/button1", "text": "OK"}]}
[Fastbot][2026-06-19 03:50:03.813] --> END POST (181-byte body)
[Fastbot][2026-06-19 03:50:03.841] <-- 200 OK  http://127.0.0.1:9008/jsonrpc/0 (27ms)
[Fastbot][2026-06-19 03:50:03.841] Content-Type: application/json
[Fastbot][2026-06-19 03:50:03.841] Date: Fri, 19 Jun 2026 03:50:03 GMT
[Fastbot][2026-06-19 03:50:03.841] Connection: keep-alive
[Fastbot][2026-06-19 03:50:03.841] Transfer-Encoding: chunked
[Fastbot][2026-06-19 03:50:03.842] 
[Fastbot][2026-06-19 03:50:03.842] {"jsonrpc":"2.0","id":1,"result":{"bounds":{"bottom":1399,"left":669,"right":834,"top":1283},"childCount":0,"className":"android.widget.Button","contentDescription":null,"packageName":"net.gsantner.markor_test","resourceName":"android:id/button1","text":"OK","visibleBounds":{"bottom":1399,"left":669...[truncated]
[Fastbot][2026-06-19 03:50:03.842] <-- END HTTP (484-byte body)
[Fastbot][2026-06-19 03:50:03.876] [Proxy Server] Detected script method: click
[Fastbot][2026-06-19 03:50:03.876] [Proxy Server] Forwarding
[Fastbot][2026-06-19 03:50:03.876] --> POST http://127.0.0.1:9008/jsonrpc/0
[Fastbot][2026-06-19 03:50:03.877] Content-Type: application/json; charset=utf-8
[Fastbot][2026-06-19 03:50:03.877] Content-Length: 73
[Fastbot][2026-06-19 03:50:03.877] 
[Fastbot][2026-06-19 03:50:03.877] {"jsonrpc": "2.0", "id": 1, "method": "click", "params": [751.5, 1341.0]}
[Fastbot][2026-06-19 03:50:03.877] --> END POST (73-byte body)
[Fastbot][2026-06-19 03:50:04.013] <-- 200 OK  http://127.0.0.1:9008/jsonrpc/0 (135ms)
[Fastbot][2026-06-19 03:50:04.014] Content-Type: application/json
[Fastbot][2026-06-19 03:50:04.014] Date: Fri, 19 Jun 2026 03:50:04 GMT
[Fastbot][2026-06-19 03:50:04.014] Connection: keep-alive
[Fastbot][2026-06-19 03:50:04.014] Transfer-Encoding: chunked
[Fastbot][2026-06-19 03:50:04.014] 
[Fastbot][2026-06-19 03:50:04.014] {"jsonrpc":"2.0","id":1,"result":true}

[Fastbot][2026-06-19 03:50:04.014] <-- END HTTP (39-byte body)
[Fastbot][2026-06-19 03:50:05.066] [Proxy Server] Forwarding
[Fastbot][2026-06-19 03:50:05.066] --> POST http://127.0.0.1:9008/jsonrpc/0
[Fastbot][2026-06-19 03:50:05.066] Content-Type: application/json; charset=utf-8
[Fastbot][2026-06-19 03:50:05.066] Content-Length: 83
[Fastbot][2026-06-19 03:50:05.066] 
[Fastbot][2026-06-19 03:50:05.067] {"jsonrpc": "2.0", "id": 1, "method": "dumpWindowHierarchy", "params": [false, 50]}
[Fastbot][2026-06-19 03:50:05.067] --> END POST (83-byte body)
[Fastbot][2026-06-19 03:50:05.093] <-- 200 OK  http://127.0.0.1:9008/jsonrpc/0 (25ms)
[Fastbot][2026-06-19 03:50:05.093] Content-Type: application/json
[Fastbot][2026-06-19 03:50:05.093] Date: Fri, 19 Jun 2026 03:50:05 GMT
[Fastbot][2026-06-19 03:50:05.093] Connection: keep-alive
[Fastbot][2026-06-19 03:50:05.093] Transfer-Encoding: chunked
[Fastbot][2026-06-19 03:50:05.097] 
[Fastbot][2026-06-19 03:50:05.097] {"jsonrpc":"2.0","id":1,"result":"<?xml version='1.0' encoding='UTF-8' standalone='yes' ?>\r\n<hierarchy rotation=\"0\">\r\n  <node index=\"0\" text=\"\" resource-id=\"\" class=\"android.widget.FrameLayout\" package=\"com.android.systemui\" content-desc=\"\" checkable=\"false\" checked=\"false\" cli...[truncated]
[Fastbot][2026-06-19 03:50:05.097] <-- END HTTP (46106-byte body)
[Fastbot][2026-06-19 03:50:05.393] --> POST http://127.0.0.1:9008/jsonrpc/0
[Fastbot][2026-06-19 03:50:05.393] Content-Type: application/json; charset=utf-8
[Fastbot][2026-06-19 03:50:05.393] Content-Length: 75
[Fastbot][2026-06-19 03:50:05.393] 
[Fastbot][2026-06-19 03:50:05.393] {"id":1,"jsonrpc":"2.0","method":"dumpWindowHierarchy","params":[false,50]}
[Fastbot][2026-06-19 03:50:05.393] --> END POST (75-byte body)
[Fastbot][2026-06-19 03:50:05.423] <-- 200 OK  http://127.0.0.1:9008/jsonrpc/0 (29ms)
[Fastbot][2026-06-19 03:50:05.423] Content-Type: application/json
[Fastbot][2026-06-19 03:50:05.423] Date: Fri, 19 Jun 2026 03:50:05 GMT
[Fastbot][2026-06-19 03:50:05.423] Connection: keep-alive
[Fastbot][2026-06-19 03:50:05.423] Transfer-Encoding: chunked
[Fastbot][2026-06-19 03:50:05.425] 
[Fastbot][2026-06-19 03:50:05.426] {"jsonrpc":"2.0","id":1,"result":"<?xml version='1.0' encoding='UTF-8' standalone='yes' ?>\r\n<hierarchy rotation=\"0\">\r\n  <node index=\"0\" text=\"\" resource-id=\"\" class=\"android.widget.FrameLayout\" package=\"com.android.systemui\" content-desc=\"\" checkable=\"false\" checked=\"false\" cli...[truncated]
[Fastbot][2026-06-19 03:50:05.426] <-- END HTTP (46106-byte body)
[Fastbot][2026-06-19 03:50:05.456] [ProxyServer] stepsCount: 3
[Fastbot][2026-06-19 03:50:05.456] [ProxyServer] receive request: stepMonkey
[Fastbot][2026-06-19 03:50:05.456] [MonkeySourceApeU2] stepsCount: 3
[Fastbot][2026-06-19 03:50:05.456] [MonkeySourceApeU2] Latest event is MonkeyEvent. Use the cached hierarchy.
[Fastbot][2026-06-19 03:50:05.457] [MonkeySourceApeU2] Successfully Got hierarchy
[Fastbot][2026-06-19 03:50:05.459] // Event id: 30
[Fastbot][2026-06-19 03:50:05.459] topActivity Name: ComponentInfo{net.gsantner.markor_test/net.gsantner.markor.activity.MainActivity}
[Fastbot][2026-06-19 03:50:05.459] // Dumped stringOfGuiTree
[Fastbot][2026-06-19 03:50:05.459] topActivityName: net.gsantner.markor.activity.MainActivity
[Fastbot][2026-06-19 03:50:05.463] action type: CLICK
[Fastbot][2026-06-19 03:50:05.463] rpc cost time: 4
[Fastbot][2026-06-19 03:50:05.474]   mshowrequested=true mshowexplicitlyrequested=true mshowforced=false minputshown=false
[Fastbot][2026-06-19 03:50:05.475] mInputShown not found, getInputMethodWindowVisibleHeight is used.
java.lang.NullPointerException: Attempt to read from field 'com.android.server.wm.DisplayFrames com.android.server.wm.DisplayContent.mDisplayFrames' on a null object reference
	at android.os.Parcel.createException(Parcel.java:2077)
	at android.os.Parcel.readException(Parcel.java:2039)
	at android.os.Parcel.readException(Parcel.java:1987)
	at com.android.internal.view.IInputMethodManager$Stub$Proxy.getInputMethodWindowVisibleHeight(IInputMethodManager.java:809)
	at android.view.inputmethod.InputMethodManager.getInputMethodWindowVisibleHeight(InputMethodManager.java:2844)
	at com.android.commands.monkey.framework.AndroidDevice.isVirtualKeyboardOpened(AndroidDevice.java:217)
	at com.android.commands.monkey.source.MonkeySourceApeU2.doInput(MonkeySourceApeU2.java:1018)
	at com.android.commands.monkey.source.MonkeySourceApeU2.generateEventsForActionInternal(MonkeySourceApeU2.java:945)
	at com.android.commands.monkey.source.MonkeySourceApeU2.generateEventsForAction(MonkeySourceApeU2.java:907)
	at com.android.commands.monkey.source.MonkeySourceApeU2.generateEvents(MonkeySourceApeU2.java:827)
	at com.android.commands.monkey.source.MonkeySourceApeU2.getNextEvent(MonkeySourceApeU2.java:422)
	at com.android.commands.monkey.Monkey.runMonkeyCycles(Monkey.java:1576)
	at com.android.commands.monkey.Monkey.run(Monkey.java:874)
	at com.android.commands.monkey.Monkey.main(Monkey.java:473)
	at com.android.internal.os.RuntimeInit.nativeFinishInit(Native Method)
	at com.android.internal.os.RuntimeInit.main(RuntimeInit.java:338)
Caused by: android.os.RemoteException: Remote stack trace:
	at com.android.server.wm.WindowManagerService$LocalService.getInputMethodWindowVisibleHeight(WindowManagerService.java:7310)
	at com.android.server.inputmethod.InputMethodManagerService.getInputMethodWindowVisibleHeight(InputMethodManagerService.java:3467)
	at com.android.internal.view.IInputMethodManager$Stub.onTransact(IInputMethodManager.java:413)
	at com.android.server.inputmethod.InputMethodManagerService.onTransact(InputMethodManagerService.java:1592)
	at android.os.Binder.execTransactInternal(Binder.java:1021)

[Fastbot][2026-06-19 03:50:05.476] :Sending rotation degree=0, persist=false
[Fastbot][2026-06-19 03:50:05.483] :Sending Touch (ACTION_DOWN): 0:(717.0,243.0)
[Fastbot][2026-06-19 03:50:05.485] :Sending Touch (ACTION_UP): 0:(717.0,243.0)
[Fastbot][2026-06-19 03:50:05.486] Sleeping for 200 milliseconds
[Fastbot][2026-06-19 03:50:05.688] [ProxyServer] Finish monkey step. Dumping hierarchy
[Fastbot][2026-06-19 03:50:05.689] --> POST http://127.0.0.1:9008/jsonrpc/0
[Fastbot][2026-06-19 03:50:05.689] Content-Type: application/json; charset=utf-8
[Fastbot][2026-06-19 03:50:05.689] Content-Length: 75
[Fastbot][2026-06-19 03:50:05.689] 
[Fastbot][2026-06-19 03:50:05.690] {"id":1,"jsonrpc":"2.0","method":"dumpWindowHierarchy","params":[false,50]}
[Fastbot][2026-06-19 03:50:05.690] --> END POST (75-byte body)
[Fastbot][2026-06-19 03:50:05.776] <-- 200 OK  http://127.0.0.1:9008/jsonrpc/0 (86ms)
[Fastbot][2026-06-19 03:50:05.777] Content-Type: application/json
[Fastbot][2026-06-19 03:50:05.777] Date: Fri, 19 Jun 2026 03:50:05 GMT
[Fastbot][2026-06-19 03:50:05.777] Connection: keep-alive
[Fastbot][2026-06-19 03:50:05.777] Transfer-Encoding: chunked
[Fastbot][2026-06-19 03:50:05.781] 
[Fastbot][2026-06-19 03:50:05.781] {"jsonrpc":"2.0","id":1,"result":"<?xml version='1.0' encoding='UTF-8' standalone='yes' ?>\r\n<hierarchy rotation=\"0\">\r\n  <node index=\"0\" text=\"\" resource-id=\"\" class=\"android.widget.FrameLayout\" package=\"net.gsantner.markor_test\" content-desc=\"\" checkable=\"false\" checked=\"false\"...[truncated]
[Fastbot][2026-06-19 03:50:05.781] <-- END HTTP (37151-byte body)
[Fastbot][2026-06-19 03:50:05.802] [ProxyServer] stepsCount: 4
[Fastbot][2026-06-19 03:50:05.802] [ProxyServer] receive request: stepMonkey
[Fastbot][2026-06-19 03:50:05.802] [MonkeySourceApeU2] stepsCount: 4
[Fastbot][2026-06-19 03:50:05.802] [MonkeySourceApeU2] Latest event is MonkeyEvent. Use the cached hierarchy.
[Fastbot][2026-06-19 03:50:05.802] [MonkeySourceApeU2] Successfully Got hierarchy
[Fastbot][2026-06-19 03:50:05.805] // Event id: 34
[Fastbot][2026-06-19 03:50:05.805] topActivity Name: ComponentInfo{net.gsantner.markor_test/net.gsantner.markor.activity.MainActivity}
[Fastbot][2026-06-19 03:50:05.805] // Dumped stringOfGuiTree
[Fastbot][2026-06-19 03:50:05.805] topActivityName: net.gsantner.markor.activity.MainActivity
[Fastbot][2026-06-19 03:50:05.807] action type: CLICK
[Fastbot][2026-06-19 03:50:05.807] rpc cost time: 2
[Fastbot]*** WARNING *** checkVirtualKeyboard: Input only once.
[Fastbot][2026-06-19 03:50:05.808] :Sending rotation degree=0, persist=false
[Fastbot][2026-06-19 03:50:05.815] :Sending Touch (ACTION_DOWN): 0:(399.0,144.0)
[Fastbot][2026-06-19 03:50:05.817] :Sending Touch (ACTION_UP): 0:(399.0,144.0)
[Fastbot][2026-06-19 03:50:05.819] Sleeping for 231 milliseconds
[Fastbot][2026-06-19 03:50:06.053] [ProxyServer] Finish monkey step. Dumping hierarchy
[Fastbot][2026-06-19 03:50:06.054] --> POST http://127.0.0.1:9008/jsonrpc/0
[Fastbot][2026-06-19 03:50:06.054] Content-Type: application/json; charset=utf-8
[Fastbot][2026-06-19 03:50:06.054] Content-Length: 75
[Fastbot][2026-06-19 03:50:06.054] 
[Fastbot][2026-06-19 03:50:06.054] {"id":1,"jsonrpc":"2.0","method":"dumpWindowHierarchy","params":[false,50]}
[Fastbot][2026-06-19 03:50:06.054] --> END POST (75-byte body)
[Fastbot][2026-06-19 03:50:06.121] <-- 200 OK  http://127.0.0.1:9008/jsonrpc/0 (66ms)
[Fastbot][2026-06-19 03:50:06.122] Content-Type: application/json
[Fastbot][2026-06-19 03:50:06.122] Date: Fri, 19 Jun 2026 03:50:06 GMT
[Fastbot][2026-06-19 03:50:06.122] Connection: keep-alive
[Fastbot][2026-06-19 03:50:06.122] Transfer-Encoding: chunked
[Fastbot][2026-06-19 03:50:06.125] 
[Fastbot][2026-06-19 03:50:06.127] {"jsonrpc":"2.0","id":1,"result":"<?xml version='1.0' encoding='UTF-8' standalone='yes' ?>\r\n<hierarchy rotation=\"0\">\r\n  <node index=\"0\" text=\"\" resource-id=\"\" class=\"android.widget.FrameLayout\" package=\"com.android.systemui\" content-desc=\"\" checkable=\"false\" checked=\"false\" cli...[truncated]
[Fastbot][2026-06-19 03:50:06.127] <-- END HTTP (41305-byte body)
[Fastbot][2026-06-19 03:50:06.222] [Proxy Server] Forwarding
[Fastbot][2026-06-19 03:50:06.222] --> POST http://127.0.0.1:9008/jsonrpc/0
[Fastbot][2026-06-19 03:50:06.222] Content-Type: application/json; charset=utf-8
[Fastbot][2026-06-19 03:50:06.223] Content-Length: 202
[Fastbot][2026-06-19 03:50:06.223] 
[Fastbot][2026-06-19 03:50:06.223] {"jsonrpc": "2.0", "id": 1, "method": "waitForExists", "params": [{"mask": 2097152, "childOrSibling": [], "childOrSiblingSelector": [], "resourceId": "net.gsantner.markor_test:id/action_go_to"}, 20000]}
[Fastbot][2026-06-19 03:50:06.223] --> END POST (202-byte body)
[Fastbot][2026-06-19 03:50:06.251] <-- 200 OK  http://127.0.0.1:9008/jsonrpc/0 (27ms)
[Fastbot][2026-06-19 03:50:06.252] Content-Type: application/json
[Fastbot][2026-06-19 03:50:06.252] Date: Fri, 19 Jun 2026 03:50:06 GMT
[Fastbot][2026-06-19 03:50:06.252] Connection: keep-alive
[Fastbot][2026-06-19 03:50:06.252] Transfer-Encoding: chunked
[Fastbot][2026-06-19 03:50:06.254] 
[Fastbot][2026-06-19 03:50:06.254] {"jsonrpc":"2.0","id":1,"result":true}

[Fastbot][2026-06-19 03:50:06.254] <-- END HTTP (39-byte body)
[Fastbot][2026-06-19 03:50:06.286] [Proxy Server] Forwarding
[Fastbot][2026-06-19 03:50:06.287] --> POST http://127.0.0.1:9008/jsonrpc/0
[Fastbot][2026-06-19 03:50:06.287] Content-Type: application/json; charset=utf-8
[Fastbot][2026-06-19 03:50:06.287] Content-Length: 189
[Fastbot][2026-06-19 03:50:06.287] 
[Fastbot][2026-06-19 03:50:06.288] {"jsonrpc": "2.0", "id": 1, "method": "objInfo", "params": [{"mask": 2097152, "childOrSibling": [], "childOrSiblingSelector": [], "resourceId": "net.gsantner.markor_test:id/action_go_to"}]}
[Fastbot][2026-06-19 03:50:06.288] --> END POST (189-byte body)
[Fastbot][2026-06-19 03:50:06.324] <-- 200 OK  http://127.0.0.1:9008/jsonrpc/0 (35ms)
[Fastbot][2026-06-19 03:50:06.324] Content-Type: application/json
[Fastbot][2026-06-19 03:50:06.324] Date: Fri, 19 Jun 2026 03:50:06 GMT
[Fastbot][2026-06-19 03:50:06.324] Connection: keep-alive
[Fastbot][2026-06-19 03:50:06.324] Transfer-Encoding: chunked
[Fastbot][2026-06-19 03:50:06.329] 
[Fastbot][2026-06-19 03:50:06.329] {"jsonrpc":"2.0","id":1,"result":{"bounds":{"bottom":275,"left":639,"right":749,"top":143},"childCount":0,"className":"android.widget.TextView","contentDescription":"Go to","packageName":"net.gsantner.markor_test","resourceName":"net.gsantner.markor_test:id/action_go_to","text":null,"visibleBounds":...[truncated]
[Fastbot][2026-06-19 03:50:06.329] <-- END HTTP (506-byte body)
[Fastbot][2026-06-19 03:50:06.364] [Proxy Server] Detected script method: click
[Fastbot][2026-06-19 03:50:06.365] [Proxy Server] Forwarding
[Fastbot][2026-06-19 03:50:06.365] --> POST http://127.0.0.1:9008/jsonrpc/0
[Fastbot][2026-06-19 03:50:06.365] Content-Type: application/json; charset=utf-8
[Fastbot][2026-06-19 03:50:06.365] Content-Length: 72
[Fastbot][2026-06-19 03:50:06.365] 
[Fastbot][2026-06-19 03:50:06.365] {"jsonrpc": "2.0", "id": 1, "method": "click", "params": [694.0, 209.0]}
[Fastbot][2026-06-19 03:50:06.365] --> END POST (72-byte body)
[Fastbot][2026-06-19 03:50:06.622] <-- 200 OK  http://127.0.0.1:9008/jsonrpc/0 (255ms)
[Fastbot][2026-06-19 03:50:06.622] Content-Type: application/json
[Fastbot][2026-06-19 03:50:06.622] Date: Fri, 19 Jun 2026 03:50:06 GMT
[Fastbot][2026-06-19 03:50:06.622] Connection: keep-alive
[Fastbot][2026-06-19 03:50:06.622] Transfer-Encoding: chunked
[Fastbot][2026-06-19 03:50:06.622] 
[Fastbot][2026-06-19 03:50:06.622] {"jsonrpc":"2.0","id":1,"result":true}

[Fastbot][2026-06-19 03:50:06.622] <-- END HTTP (39-byte body)
[Fastbot][2026-06-19 03:50:07.657] [Proxy Server] Forwarding
[Fastbot][2026-06-19 03:50:07.657] --> POST http://127.0.0.1:9008/jsonrpc/0
[Fastbot][2026-06-19 03:50:07.657] Content-Type: application/json; charset=utf-8
[Fastbot][2026-06-19 03:50:07.658] Content-Length: 215
[Fastbot][2026-06-19 03:50:07.659] 
[Fastbot][2026-06-19 03:50:07.659] {"jsonrpc": "2.0", "id": 1, "method": "waitForExists", "params": [{"mask": 2097153, "childOrSibling": [], "childOrSiblingSelector": [], "resourceId": "net.gsantner.markor_test:id/title", "text": "Notebook"}, 20000]}
[Fastbot][2026-06-19 03:50:07.659] --> END POST (215-byte body)
[Fastbot][2026-06-19 03:50:07.674] <-- 200 OK  http://127.0.0.1:9008/jsonrpc/0 (14ms)
[Fastbot][2026-06-19 03:50:07.674] Content-Type: application/json
[Fastbot][2026-06-19 03:50:07.674] Date: Fri, 19 Jun 2026 03:50:07 GMT
[Fastbot][2026-06-19 03:50:07.674] Connection: keep-alive
[Fastbot][2026-06-19 03:50:07.675] Transfer-Encoding: chunked
[Fastbot][2026-06-19 03:50:07.676] 
[Fastbot][2026-06-19 03:50:07.676] {"jsonrpc":"2.0","id":1,"result":true}

[Fastbot][2026-06-19 03:50:07.676] <-- END HTTP (39-byte body)
[Fastbot][2026-06-19 03:50:07.718] [Proxy Server] Forwarding
[Fastbot][2026-06-19 03:50:07.719] --> POST http://127.0.0.1:9008/jsonrpc/0
[Fastbot][2026-06-19 03:50:07.719] Content-Type: application/json; charset=utf-8
[Fastbot][2026-06-19 03:50:07.719] Content-Length: 202
[Fastbot][2026-06-19 03:50:07.719] 
[Fastbot][2026-06-19 03:50:07.719] {"jsonrpc": "2.0", "id": 1, "method": "objInfo", "params": [{"mask": 2097153, "childOrSibling": [], "childOrSiblingSelector": [], "resourceId": "net.gsantner.markor_test:id/title", "text": "Notebook"}]}
[Fastbot][2026-06-19 03:50:07.720] --> END POST (202-byte body)
[Fastbot][2026-06-19 03:50:07.748] <-- 200 OK  http://127.0.0.1:9008/jsonrpc/0 (28ms)
[Fastbot][2026-06-19 03:50:07.748] Content-Type: application/json
[Fastbot][2026-06-19 03:50:07.748] Date: Fri, 19 Jun 2026 03:50:07 GMT
[Fastbot][2026-06-19 03:50:07.748] Connection: keep-alive
[Fastbot][2026-06-19 03:50:07.749] Transfer-Encoding: chunked
[Fastbot][2026-06-19 03:50:07.750] 
[Fastbot][2026-06-19 03:50:07.750] {"jsonrpc":"2.0","id":1,"result":{"bounds":{"bottom":1111,"left":443,"right":992,"top":1103},"childCount":0,"className":"android.widget.TextView","contentDescription":null,"packageName":"net.gsantner.markor_test","resourceName":"net.gsantner.markor_test:id/title","text":"Notebook","visibleBounds":{"...[truncated]
[Fastbot][2026-06-19 03:50:07.750] <-- END HTTP (509-byte body)
[Fastbot][2026-06-19 03:50:07.781] [Proxy Server] Detected script method: click
[Fastbot][2026-06-19 03:50:07.781] [Proxy Server] Forwarding
[Fastbot][2026-06-19 03:50:07.782] --> POST http://127.0.0.1:9008/jsonrpc/0
[Fastbot][2026-06-19 03:50:07.782] Content-Type: application/json; charset=utf-8
[Fastbot][2026-06-19 03:50:07.782] Content-Length: 73
[Fastbot][2026-06-19 03:50:07.782] 
[Fastbot][2026-06-19 03:50:07.782] {"jsonrpc": "2.0", "id": 1, "method": "click", "params": [717.5, 1107.0]}
[Fastbot][2026-06-19 03:50:07.782] --> END POST (73-byte body)
[Fastbot][2026-06-19 03:50:08.530] <-- 200 OK  http://127.0.0.1:9008/jsonrpc/0 (747ms)
[Fastbot][2026-06-19 03:50:08.530] Content-Type: application/json
[Fastbot][2026-06-19 03:50:08.530] Date: Fri, 19 Jun 2026 03:50:08 GMT
[Fastbot][2026-06-19 03:50:08.530] Connection: keep-alive
[Fastbot][2026-06-19 03:50:08.530] Transfer-Encoding: chunked
[Fastbot][2026-06-19 03:50:08.531] 
[Fastbot][2026-06-19 03:50:08.531] {"jsonrpc":"2.0","id":1,"result":true}

[Fastbot][2026-06-19 03:50:08.531] <-- END HTTP (39-byte body)
[Fastbot][2026-06-19 03:50:09.564] [Proxy Server] Forwarding
[Fastbot][2026-06-19 03:50:09.564] --> POST http://127.0.0.1:9008/jsonrpc/0
[Fastbot][2026-06-19 03:50:09.564] Content-Type: application/json; charset=utf-8
[Fastbot][2026-06-19 03:50:09.565] Content-Length: 206
[Fastbot][2026-06-19 03:50:09.565] 
[Fastbot][2026-06-19 03:50:09.565] {"jsonrpc": "2.0", "id": 1, "method": "waitForExists", "params": [{"mask": 2097152, "childOrSibling": [], "childOrSiblingSelector": [], "resourceId": "net.gsantner.markor_test:id/fab_add_new_item"}, 20000]}
[Fastbot][2026-06-19 03:50:09.565] --> END POST (206-byte body)
[Fastbot][2026-06-19 03:50:09.582] <-- 200 OK  http://127.0.0.1:9008/jsonrpc/0 (16ms)
[Fastbot][2026-06-19 03:50:09.582] Content-Type: application/json
[Fastbot][2026-06-19 03:50:09.582] Date: Fri, 19 Jun 2026 03:50:09 GMT
[Fastbot][2026-06-19 03:50:09.582] Connection: keep-alive
[Fastbot][2026-06-19 03:50:09.582] Transfer-Encoding: chunked
[Fastbot][2026-06-19 03:50:09.583] 
[Fastbot][2026-06-19 03:50:09.583] {"jsonrpc":"2.0","id":1,"result":true}

[Fastbot][2026-06-19 03:50:09.583] <-- END HTTP (39-byte body)
[Fastbot][2026-06-19 03:50:09.610] [Proxy Server] Forwarding
[Fastbot][2026-06-19 03:50:09.610] --> POST http://127.0.0.1:9008/jsonrpc/0
[Fastbot][2026-06-19 03:50:09.610] Content-Type: application/json; charset=utf-8
[Fastbot][2026-06-19 03:50:09.610] Content-Length: 193
[Fastbot][2026-06-19 03:50:09.610] 
[Fastbot][2026-06-19 03:50:09.611] {"jsonrpc": "2.0", "id": 1, "method": "objInfo", "params": [{"mask": 2097152, "childOrSibling": [], "childOrSiblingSelector": [], "resourceId": "net.gsantner.markor_test:id/fab_add_new_item"}]}
[Fastbot][2026-06-19 03:50:09.611] --> END POST (193-byte body)
[Fastbot][2026-06-19 03:50:09.633] <-- 200 OK  http://127.0.0.1:9008/jsonrpc/0 (22ms)
[Fastbot][2026-06-19 03:50:09.633] Content-Type: application/json
[Fastbot][2026-06-19 03:50:09.633] Date: Fri, 19 Jun 2026 03:50:09 GMT
[Fastbot][2026-06-19 03:50:09.633] Connection: keep-alive
[Fastbot][2026-06-19 03:50:09.633] Transfer-Encoding: chunked
[Fastbot][2026-06-19 03:50:09.674] 
[Fastbot][2026-06-19 03:50:09.674] {"jsonrpc":"2.0","id":1,"result":{"bounds":{"bottom":1950,"left":882,"right":1036,"top":1796},"childCount":0,"className":"android.widget.ImageButton","contentDescription":"Create a new file or folder","packageName":"net.gsantner.markor_test","resourceName":"net.gsantner.markor_test:id/fab_add_new_it...[truncated]
[Fastbot][2026-06-19 03:50:09.674] <-- END HTTP (541-byte body)
[Fastbot][2026-06-19 03:50:09.690] [Proxy Server] Detected script method: click
[Fastbot][2026-06-19 03:50:09.690] [Proxy Server] Forwarding
[Fastbot][2026-06-19 03:50:09.690] --> POST http://127.0.0.1:9008/jsonrpc/0
[Fastbot][2026-06-19 03:50:09.690] Content-Type: application/json; charset=utf-8
[Fastbot][2026-06-19 03:50:09.690] Content-Length: 73
[Fastbot][2026-06-19 03:50:09.690] 
[Fastbot][2026-06-19 03:50:09.690] {"jsonrpc": "2.0", "id": 1, "method": "click", "params": [959.0, 1873.0]}
[Fastbot][2026-06-19 03:50:09.690] --> END POST (73-byte body)
[Fastbot][2026-06-19 03:50:09.827] <-- 200 OK  http://127.0.0.1:9008/jsonrpc/0 (136ms)
[Fastbot][2026-06-19 03:50:09.827] Content-Type: application/json
[Fastbot][2026-06-19 03:50:09.827] Date: Fri, 19 Jun 2026 03:50:09 GMT
[Fastbot][2026-06-19 03:50:09.827] Connection: keep-alive
[Fastbot][2026-06-19 03:50:09.827] Transfer-Encoding: chunked
[Fastbot][2026-06-19 03:50:09.875] 
[Fastbot][2026-06-19 03:50:09.891] {"jsonrpc":"2.0","id":1,"result":true}

[Fastbot][2026-06-19 03:50:09.892] <-- END HTTP (39-byte body)
[Fastbot][2026-06-19 03:50:10.921] [Proxy Server] Forwarding
[Fastbot][2026-06-19 03:50:10.922] --> POST http://127.0.0.1:9008/jsonrpc/0
[Fastbot][2026-06-19 03:50:10.922] Content-Type: application/json; charset=utf-8
[Fastbot][2026-06-19 03:50:10.922] Content-Length: 211
[Fastbot][2026-06-19 03:50:10.922] 
[Fastbot][2026-06-19 03:50:10.922] {"jsonrpc": "2.0", "id": 1, "method": "waitForExists", "params": [{"mask": 2097152, "childOrSibling": [], "childOrSiblingSelector": [], "resourceId": "net.gsantner.markor_test:id/new_file_dialog__name"}, 20000]}
[Fastbot][2026-06-19 03:50:10.922] --> END POST (211-byte body)
[Fastbot][2026-06-19 03:50:10.933] <-- 200 OK  http://127.0.0.1:9008/jsonrpc/0 (11ms)
[Fastbot][2026-06-19 03:50:10.934] Content-Type: application/json
[Fastbot][2026-06-19 03:50:10.934] Date: Fri, 19 Jun 2026 03:50:10 GMT
[Fastbot][2026-06-19 03:50:10.934] Connection: keep-alive
[Fastbot][2026-06-19 03:50:10.934] Transfer-Encoding: chunked
[Fastbot][2026-06-19 03:50:10.934] 
[Fastbot][2026-06-19 03:50:10.935] {"jsonrpc":"2.0","id":1,"result":true}

[Fastbot][2026-06-19 03:50:10.935] <-- END HTTP (39-byte body)
[Fastbot][2026-06-19 03:50:10.968] [Proxy Server] Detected script method: setText
[Fastbot][2026-06-19 03:50:10.968] [Proxy Server] Forwarding
[Fastbot][2026-06-19 03:50:10.969] --> POST http://127.0.0.1:9008/jsonrpc/0
[Fastbot][2026-06-19 03:50:10.969] Content-Type: application/json; charset=utf-8
[Fastbot][2026-06-19 03:50:10.969] Content-Length: 212
[Fastbot][2026-06-19 03:50:10.969] 
[Fastbot][2026-06-19 03:50:10.970] {"jsonrpc": "2.0", "id": 1, "method": "setText", "params": [{"mask": 2097152, "childOrSibling": [], "childOrSiblingSelector": [], "resourceId": "net.gsantner.markor_test:id/new_file_dialog__name"}, "k9qMhDEC7s"]}
[Fastbot][2026-06-19 03:50:10.970] --> END POST (212-byte body)
[Fastbot][2026-06-19 03:50:11.036] <-- 200 OK  http://127.0.0.1:9008/jsonrpc/0 (66ms)
[Fastbot][2026-06-19 03:50:11.037] Content-Type: application/json
[Fastbot][2026-06-19 03:50:11.037] Date: Fri, 19 Jun 2026 03:50:11 GMT
[Fastbot][2026-06-19 03:50:11.037] Connection: keep-alive
[Fastbot][2026-06-19 03:50:11.037] Transfer-Encoding: chunked
[Fastbot][2026-06-19 03:50:11.037] 
[Fastbot][2026-06-19 03:50:11.037] {"jsonrpc":"2.0","id":1,"result":true}

[Fastbot][2026-06-19 03:50:11.037] <-- END HTTP (39-byte body)
[Fastbot][2026-06-19 03:50:12.082] [Proxy Server] Forwarding
[Fastbot][2026-06-19 03:50:12.082] --> POST http://127.0.0.1:9008/jsonrpc/0
[Fastbot][2026-06-19 03:50:12.082] Content-Type: application/json; charset=utf-8
[Fastbot][2026-06-19 03:50:12.082] Content-Length: 194
[Fastbot][2026-06-19 03:50:12.083] 
[Fastbot][2026-06-19 03:50:12.083] {"jsonrpc": "2.0", "id": 1, "method": "waitForExists", "params": [{"mask": 2097153, "childOrSibling": [], "childOrSiblingSelector": [], "resourceId": "android:id/button1", "text": "OK"}, 20000]}
[Fastbot][2026-06-19 03:50:12.083] --> END POST (194-byte body)
[Fastbot][2026-06-19 03:50:12.094] <-- 200 OK  http://127.0.0.1:9008/jsonrpc/0 (11ms)
[Fastbot][2026-06-19 03:50:12.094] Content-Type: application/json
[Fastbot][2026-06-19 03:50:12.095] Date: Fri, 19 Jun 2026 03:50:12 GMT
[Fastbot][2026-06-19 03:50:12.095] Connection: keep-alive
[Fastbot][2026-06-19 03:50:12.095] Transfer-Encoding: chunked
[Fastbot][2026-06-19 03:50:12.095] 
[Fastbot][2026-06-19 03:50:12.096] {"jsonrpc":"2.0","id":1,"result":true}

[Fastbot][2026-06-19 03:50:12.096] <-- END HTTP (39-byte body)
[Fastbot][2026-06-19 03:50:12.111] [Proxy Server] Forwarding
[Fastbot][2026-06-19 03:50:12.111] --> POST http://127.0.0.1:9008/jsonrpc/0
[Fastbot][2026-06-19 03:50:12.111] Content-Type: application/json; charset=utf-8
[Fastbot][2026-06-19 03:50:12.112] Content-Length: 181
[Fastbot][2026-06-19 03:50:12.112] 
[Fastbot][2026-06-19 03:50:12.112] {"jsonrpc": "2.0", "id": 1, "method": "objInfo", "params": [{"mask": 2097153, "childOrSibling": [], "childOrSiblingSelector": [], "resourceId": "android:id/button1", "text": "OK"}]}
[Fastbot][2026-06-19 03:50:12.112] --> END POST (181-byte body)
[Fastbot][2026-06-19 03:50:12.134] <-- 200 OK  http://127.0.0.1:9008/jsonrpc/0 (21ms)
[Fastbot][2026-06-19 03:50:12.134] Content-Type: application/json
[Fastbot][2026-06-19 03:50:12.134] Date: Fri, 19 Jun 2026 03:50:12 GMT
[Fastbot][2026-06-19 03:50:12.134] Connection: keep-alive
[Fastbot][2026-06-19 03:50:12.134] Transfer-Encoding: chunked
[Fastbot][2026-06-19 03:50:12.174] 
[Fastbot][2026-06-19 03:50:12.174] {"jsonrpc":"2.0","id":1,"result":{"bounds":{"bottom":1482,"left":827,"right":992,"top":1366},"childCount":0,"className":"android.widget.Button","contentDescription":null,"packageName":"net.gsantner.markor_test","resourceName":"android:id/button1","text":"OK","visibleBounds":{"bottom":1482,"left":827...[truncated]
[Fastbot][2026-06-19 03:50:12.174] <-- END HTTP (484-byte body)
[Fastbot][2026-06-19 03:50:12.202] [Proxy Server] Detected script method: click
[Fastbot][2026-06-19 03:50:12.202] [Proxy Server] Forwarding
[Fastbot][2026-06-19 03:50:12.202] --> POST http://127.0.0.1:9008/jsonrpc/0
[Fastbot][2026-06-19 03:50:12.202] Content-Type: application/json; charset=utf-8
[Fastbot][2026-06-19 03:50:12.202] Content-Length: 73
[Fastbot][2026-06-19 03:50:12.203] 
[Fastbot][2026-06-19 03:50:12.203] {"jsonrpc": "2.0", "id": 1, "method": "click", "params": [909.5, 1424.0]}
[Fastbot][2026-06-19 03:50:12.203] --> END POST (73-byte body)
[Fastbot][2026-06-19 03:50:12.330] // the top activity is net.gsantner.markor.activity.DocumentActivity, phone capture activity is com.android.camera.CaptureActivity
[Fastbot][2026-06-19 03:50:12.330]     // Allowing start of Intent { cmp=net.gsantner.markor_test/net.gsantner.markor.activity.DocumentActivity } in package net.gsantner.markor_test
[Fastbot][2026-06-19 03:50:12.335] <-- 200 OK  http://127.0.0.1:9008/jsonrpc/0 (132ms)
[Fastbot][2026-06-19 03:50:12.335] Content-Type: application/json
[Fastbot][2026-06-19 03:50:12.335] Date: Fri, 19 Jun 2026 03:50:12 GMT
[Fastbot][2026-06-19 03:50:12.336] Connection: keep-alive
[Fastbot][2026-06-19 03:50:12.336] Transfer-Encoding: chunked
[Fastbot][2026-06-19 03:50:12.375] 
[Fastbot][2026-06-19 03:50:12.376] {"jsonrpc":"2.0","id":1,"result":true}

[Fastbot][2026-06-19 03:50:12.376] <-- END HTTP (39-byte body)
[Fastbot][2026-06-19 03:50:13.432] // [Script] current activity is net.gsantner.markor.activity.DocumentActivity
[Fastbot][2026-06-19 03:50:13.432] [Proxy Server] Detected script method: pressKey
[Fastbot][2026-06-19 03:50:13.432] [Proxy Server] Forwarding
[Fastbot][2026-06-19 03:50:13.432] --> POST http://127.0.0.1:9008/jsonrpc/0
[Fastbot][2026-06-19 03:50:13.432] Content-Type: application/json; charset=utf-8
[Fastbot][2026-06-19 03:50:13.433] Content-Length: 69
[Fastbot][2026-06-19 03:50:13.433] 
[Fastbot][2026-06-19 03:50:13.433] {"jsonrpc": "2.0", "id": 1, "method": "pressKey", "params": ["back"]}
[Fastbot][2026-06-19 03:50:13.434] --> END POST (69-byte body)
[Fastbot][2026-06-19 03:50:14.231] <-- 200 OK  http://127.0.0.1:9008/jsonrpc/0 (797ms)
[Fastbot][2026-06-19 03:50:14.231] Content-Type: application/json
[Fastbot][2026-06-19 03:50:14.231] Date: Fri, 19 Jun 2026 03:50:14 GMT
[Fastbot][2026-06-19 03:50:14.231] Connection: keep-alive
[Fastbot][2026-06-19 03:50:14.232] Transfer-Encoding: chunked
[Fastbot][2026-06-19 03:50:14.232] 
[Fastbot][2026-06-19 03:50:14.232] {"jsonrpc":"2.0","id":1,"result":true}

[Fastbot][2026-06-19 03:50:14.232] <-- END HTTP (39-byte body)
[Fastbot][2026-06-19 03:50:14.512] --> POST http://127.0.0.1:9008/jsonrpc/0
[Fastbot][2026-06-19 03:50:14.512] Content-Type: application/json; charset=utf-8
[Fastbot][2026-06-19 03:50:14.512] Content-Length: 75
[Fastbot][2026-06-19 03:50:14.512] 
[Fastbot][2026-06-19 03:50:14.512] {"id":1,"jsonrpc":"2.0","method":"dumpWindowHierarchy","params":[false,50]}
[Fastbot][2026-06-19 03:50:14.512] --> END POST (75-byte body)
[Fastbot][2026-06-19 03:50:14.539] <-- 200 OK  http://127.0.0.1:9008/jsonrpc/0 (26ms)
[Fastbot][2026-06-19 03:50:14.539] Content-Type: application/json
[Fastbot][2026-06-19 03:50:14.539] Date: Fri, 19 Jun 2026 03:50:14 GMT
[Fastbot][2026-06-19 03:50:14.539] Connection: keep-alive
[Fastbot][2026-06-19 03:50:14.539] Transfer-Encoding: chunked
[Fastbot][2026-06-19 03:50:14.541] 
[Fastbot][2026-06-19 03:50:14.542] {"jsonrpc":"2.0","id":1,"result":"<?xml version='1.0' encoding='UTF-8' standalone='yes' ?>\r\n<hierarchy rotation=\"0\">\r\n  <node index=\"0\" text=\"\" resource-id=\"\" class=\"android.widget.FrameLayout\" package=\"com.android.systemui\" content-desc=\"\" checkable=\"false\" checked=\"false\" cli...[truncated]
[Fastbot][2026-06-19 03:50:14.542] <-- END HTTP (48550-byte body)
[Fastbot][2026-06-19 03:50:14.622] // [Script] current activity is net.gsantner.markor.activity.MainActivity
[Fastbot][2026-06-19 03:50:14.622] [Proxy Server] Forwarding
[Fastbot][2026-06-19 03:50:14.622] --> POST http://127.0.0.1:9008/jsonrpc/0
[Fastbot][2026-06-19 03:50:14.622] Content-Type: application/json; charset=utf-8
[Fastbot][2026-06-19 03:50:14.622] Content-Length: 202
[Fastbot][2026-06-19 03:50:14.622] 
[Fastbot][2026-06-19 03:50:14.622] {"jsonrpc": "2.0", "id": 1, "method": "waitForExists", "params": [{"mask": 2097152, "childOrSibling": [], "childOrSiblingSelector": [], "resourceId": "net.gsantner.markor_test:id/action_go_to"}, 20000]}
[Fastbot][2026-06-19 03:50:14.623] --> END POST (202-byte body)
[Fastbot][2026-06-19 03:50:14.640] <-- 200 OK  http://127.0.0.1:9008/jsonrpc/0 (17ms)
[Fastbot][2026-06-19 03:50:14.640] Content-Type: application/json
[Fastbot][2026-06-19 03:50:14.640] Date: Fri, 19 Jun 2026 03:50:14 GMT
[Fastbot][2026-06-19 03:50:14.640] Connection: keep-alive
[Fastbot][2026-06-19 03:50:14.641] Transfer-Encoding: chunked
[Fastbot][2026-06-19 03:50:14.641] 
[Fastbot][2026-06-19 03:50:14.642] {"jsonrpc":"2.0","id":1,"result":true}

[Fastbot][2026-06-19 03:50:14.642] <-- END HTTP (39-byte body)
[Fastbot][2026-06-19 03:50:14.684] [Proxy Server] Forwarding
[Fastbot][2026-06-19 03:50:14.684] --> POST http://127.0.0.1:9008/jsonrpc/0
[Fastbot][2026-06-19 03:50:14.684] Content-Type: application/json; charset=utf-8
[Fastbot][2026-06-19 03:50:14.685] Content-Length: 189
[Fastbot][2026-06-19 03:50:14.685] 
[Fastbot][2026-06-19 03:50:14.685] {"jsonrpc": "2.0", "id": 1, "method": "objInfo", "params": [{"mask": 2097152, "childOrSibling": [], "childOrSiblingSelector": [], "resourceId": "net.gsantner.markor_test:id/action_go_to"}]}
[Fastbot][2026-06-19 03:50:14.685] --> END POST (189-byte body)
[Fastbot][2026-06-19 03:50:14.707] <-- 200 OK  http://127.0.0.1:9008/jsonrpc/0 (22ms)
[Fastbot][2026-06-19 03:50:14.707] Content-Type: application/json
[Fastbot][2026-06-19 03:50:14.707] Date: Fri, 19 Jun 2026 03:50:14 GMT
[Fastbot][2026-06-19 03:50:14.708] Connection: keep-alive
[Fastbot][2026-06-19 03:50:14.708] Transfer-Encoding: chunked
[Fastbot][2026-06-19 03:50:14.709] 
[Fastbot][2026-06-19 03:50:14.709] {"jsonrpc":"2.0","id":1,"result":{"bounds":{"bottom":275,"left":639,"right":749,"top":143},"childCount":0,"className":"android.widget.TextView","contentDescription":"Go to","packageName":"net.gsantner.markor_test","resourceName":"net.gsantner.markor_test:id/action_go_to","text":null,"visibleBounds":...[truncated]
[Fastbot][2026-06-19 03:50:14.709] <-- END HTTP (506-byte body)
[Fastbot][2026-06-19 03:50:14.763] [Proxy Server] Detected script method: click
[Fastbot][2026-06-19 03:50:14.764] [Proxy Server] Forwarding
[Fastbot][2026-06-19 03:50:14.764] --> POST http://127.0.0.1:9008/jsonrpc/0
[Fastbot][2026-06-19 03:50:14.764] Content-Type: application/json; charset=utf-8
[Fastbot][2026-06-19 03:50:14.765] Content-Length: 72
[Fastbot][2026-06-19 03:50:14.765] 
[Fastbot][2026-06-19 03:50:14.765] {"jsonrpc": "2.0", "id": 1, "method": "click", "params": [694.0, 209.0]}
[Fastbot][2026-06-19 03:50:14.765] --> END POST (72-byte body)
[Fastbot][2026-06-19 03:50:14.894] <-- 200 OK  http://127.0.0.1:9008/jsonrpc/0 (129ms)
[Fastbot][2026-06-19 03:50:14.894] Content-Type: application/json
[Fastbot][2026-06-19 03:50:14.894] Date: Fri, 19 Jun 2026 03:50:14 GMT
[Fastbot][2026-06-19 03:50:14.894] Connection: keep-alive
[Fastbot][2026-06-19 03:50:14.895] Transfer-Encoding: chunked
[Fastbot][2026-06-19 03:50:14.895] 
[Fastbot][2026-06-19 03:50:14.895] {"jsonrpc":"2.0","id":1,"result":true}

[Fastbot][2026-06-19 03:50:14.895] <-- END HTTP (39-byte body)
[Fastbot][2026-06-19 03:50:15.927] [Proxy Server] Forwarding
[Fastbot][2026-06-19 03:50:15.928] --> POST http://127.0.0.1:9008/jsonrpc/0
[Fastbot][2026-06-19 03:50:15.928] Content-Type: application/json; charset=utf-8
[Fastbot][2026-06-19 03:50:15.928] Content-Length: 215
[Fastbot][2026-06-19 03:50:15.928] 
[Fastbot][2026-06-19 03:50:15.928] {"jsonrpc": "2.0", "id": 1, "method": "waitForExists", "params": [{"mask": 2097153, "childOrSibling": [], "childOrSiblingSelector": [], "resourceId": "net.gsantner.markor_test:id/title", "text": "Notebook"}, 20000]}
[Fastbot][2026-06-19 03:50:15.928] --> END POST (215-byte body)
[Fastbot][2026-06-19 03:50:15.943] <-- 200 OK  http://127.0.0.1:9008/jsonrpc/0 (14ms)
[Fastbot][2026-06-19 03:50:15.943] Content-Type: application/json
[Fastbot][2026-06-19 03:50:15.944] Date: Fri, 19 Jun 2026 03:50:15 GMT
[Fastbot][2026-06-19 03:50:15.944] Connection: keep-alive
[Fastbot][2026-06-19 03:50:15.944] Transfer-Encoding: chunked
[Fastbot][2026-06-19 03:50:15.945] 
[Fastbot][2026-06-19 03:50:15.945] {"jsonrpc":"2.0","id":1,"result":true}

[Fastbot][2026-06-19 03:50:15.945] <-- END HTTP (39-byte body)
[Fastbot][2026-06-19 03:50:15.976] [Proxy Server] Forwarding
[Fastbot][2026-06-19 03:50:15.976] --> POST http://127.0.0.1:9008/jsonrpc/0
[Fastbot][2026-06-19 03:50:15.977] Content-Type: application/json; charset=utf-8
[Fastbot][2026-06-19 03:50:15.977] Content-Length: 202
[Fastbot][2026-06-19 03:50:15.977] 
[Fastbot][2026-06-19 03:50:15.977] {"jsonrpc": "2.0", "id": 1, "method": "objInfo", "params": [{"mask": 2097153, "childOrSibling": [], "childOrSiblingSelector": [], "resourceId": "net.gsantner.markor_test:id/title", "text": "Notebook"}]}
[Fastbot][2026-06-19 03:50:15.977] --> END POST (202-byte body)
[Fastbot][2026-06-19 03:50:16.004] <-- 200 OK  http://127.0.0.1:9008/jsonrpc/0 (26ms)
[Fastbot][2026-06-19 03:50:16.004] Content-Type: application/json
[Fastbot][2026-06-19 03:50:16.005] Date: Fri, 19 Jun 2026 03:50:16 GMT
[Fastbot][2026-06-19 03:50:16.005] Connection: keep-alive
[Fastbot][2026-06-19 03:50:16.005] Transfer-Encoding: chunked
[Fastbot][2026-06-19 03:50:16.005] 
[Fastbot][2026-06-19 03:50:16.006] {"jsonrpc":"2.0","id":1,"result":{"bounds":{"bottom":1111,"left":443,"right":992,"top":1103},"childCount":0,"className":"android.widget.TextView","contentDescription":null,"packageName":"net.gsantner.markor_test","resourceName":"net.gsantner.markor_test:id/title","text":"Notebook","visibleBounds":{"...[truncated]
[Fastbot][2026-06-19 03:50:16.006] <-- END HTTP (509-byte body)
[Fastbot][2026-06-19 03:50:16.037] [Proxy Server] Detected script method: click
[Fastbot][2026-06-19 03:50:16.038] [Proxy Server] Forwarding
[Fastbot][2026-06-19 03:50:16.038] --> POST http://127.0.0.1:9008/jsonrpc/0
[Fastbot][2026-06-19 03:50:16.038] Content-Type: application/json; charset=utf-8
[Fastbot][2026-06-19 03:50:16.038] Content-Length: 73
[Fastbot][2026-06-19 03:50:16.038] 
[Fastbot][2026-06-19 03:50:16.038] {"jsonrpc": "2.0", "id": 1, "method": "click", "params": [717.5, 1107.0]}
[Fastbot][2026-06-19 03:50:16.039] --> END POST (73-byte body)
[Fastbot][2026-06-19 03:50:16.188] <-- 200 OK  http://127.0.0.1:9008/jsonrpc/0 (149ms)
[Fastbot][2026-06-19 03:50:16.188] Content-Type: application/json
[Fastbot][2026-06-19 03:50:16.188] Date: Fri, 19 Jun 2026 03:50:16 GMT
[Fastbot][2026-06-19 03:50:16.188] Connection: keep-alive
[Fastbot][2026-06-19 03:50:16.188] Transfer-Encoding: chunked
[Fastbot][2026-06-19 03:50:16.190] 
[Fastbot][2026-06-19 03:50:16.190] {"jsonrpc":"2.0","id":1,"result":true}

[Fastbot][2026-06-19 03:50:16.190] <-- END HTTP (39-byte body)
[Fastbot][2026-06-19 03:50:17.228] [Proxy Server] Forwarding
[Fastbot][2026-06-19 03:50:17.228] --> POST http://127.0.0.1:9008/jsonrpc/0
[Fastbot][2026-06-19 03:50:17.228] Content-Type: application/json; charset=utf-8
[Fastbot][2026-06-19 03:50:17.229] Content-Length: 206
[Fastbot][2026-06-19 03:50:17.229] 
[Fastbot][2026-06-19 03:50:17.229] {"jsonrpc": "2.0", "id": 1, "method": "waitForExists", "params": [{"mask": 2097152, "childOrSibling": [], "childOrSiblingSelector": [], "resourceId": "net.gsantner.markor_test:id/fab_add_new_item"}, 20000]}
[Fastbot][2026-06-19 03:50:17.229] --> END POST (206-byte body)
[Fastbot][2026-06-19 03:50:17.244] <-- 200 OK  http://127.0.0.1:9008/jsonrpc/0 (14ms)
[Fastbot][2026-06-19 03:50:17.244] Content-Type: application/json
[Fastbot][2026-06-19 03:50:17.244] Date: Fri, 19 Jun 2026 03:50:17 GMT
[Fastbot][2026-06-19 03:50:17.244] Connection: keep-alive
[Fastbot][2026-06-19 03:50:17.244] Transfer-Encoding: chunked
[Fastbot][2026-06-19 03:50:17.244] 
[Fastbot][2026-06-19 03:50:17.244] {"jsonrpc":"2.0","id":1,"result":true}

[Fastbot][2026-06-19 03:50:17.245] <-- END HTTP (39-byte body)
[Fastbot][2026-06-19 03:50:17.276] [Proxy Server] Forwarding
[Fastbot][2026-06-19 03:50:17.276] --> POST http://127.0.0.1:9008/jsonrpc/0
[Fastbot][2026-06-19 03:50:17.276] Content-Type: application/json; charset=utf-8
[Fastbot][2026-06-19 03:50:17.276] Content-Length: 193
[Fastbot][2026-06-19 03:50:17.276] 
[Fastbot][2026-06-19 03:50:17.276] {"jsonrpc": "2.0", "id": 1, "method": "objInfo", "params": [{"mask": 2097152, "childOrSibling": [], "childOrSiblingSelector": [], "resourceId": "net.gsantner.markor_test:id/fab_add_new_item"}]}
[Fastbot][2026-06-19 03:50:17.276] --> END POST (193-byte body)
[Fastbot][2026-06-19 03:50:17.300] <-- 200 OK  http://127.0.0.1:9008/jsonrpc/0 (23ms)
[Fastbot][2026-06-19 03:50:17.301] Content-Type: application/json
[Fastbot][2026-06-19 03:50:17.301] Date: Fri, 19 Jun 2026 03:50:17 GMT
[Fastbot][2026-06-19 03:50:17.301] Connection: keep-alive
[Fastbot][2026-06-19 03:50:17.301] Transfer-Encoding: chunked
[Fastbot][2026-06-19 03:50:17.345] 
[Fastbot][2026-06-19 03:50:17.346] {"jsonrpc":"2.0","id":1,"result":{"bounds":{"bottom":1950,"left":882,"right":1036,"top":1796},"childCount":0,"className":"android.widget.ImageButton","contentDescription":"Create a new file or folder","packageName":"net.gsantner.markor_test","resourceName":"net.gsantner.markor_test:id/fab_add_new_it...[truncated]
[Fastbot][2026-06-19 03:50:17.346] <-- END HTTP (541-byte body)
[Fastbot][2026-06-19 03:50:17.401] [Proxy Server] Detected script method: click
[Fastbot][2026-06-19 03:50:17.402] [Proxy Server] Forwarding
[Fastbot][2026-06-19 03:50:17.402] --> POST http://127.0.0.1:9008/jsonrpc/0
[Fastbot][2026-06-19 03:50:17.402] Content-Type: application/json; charset=utf-8
[Fastbot][2026-06-19 03:50:17.402] Content-Length: 73
[Fastbot][2026-06-19 03:50:17.402] 
[Fastbot][2026-06-19 03:50:17.402] {"jsonrpc": "2.0", "id": 1, "method": "click", "params": [959.0, 1873.0]}
[Fastbot][2026-06-19 03:50:17.402] --> END POST (73-byte body)
[Fastbot][2026-06-19 03:50:17.542] <-- 200 OK  http://127.0.0.1:9008/jsonrpc/0 (139ms)
[Fastbot][2026-06-19 03:50:17.542] Content-Type: application/json
[Fastbot][2026-06-19 03:50:17.542] Date: Fri, 19 Jun 2026 03:50:17 GMT
[Fastbot][2026-06-19 03:50:17.542] Connection: keep-alive
[Fastbot][2026-06-19 03:50:17.542] Transfer-Encoding: chunked
[Fastbot][2026-06-19 03:50:17.543] 
[Fastbot][2026-06-19 03:50:17.543] {"jsonrpc":"2.0","id":1,"result":true}

[Fastbot][2026-06-19 03:50:17.544] <-- END HTTP (39-byte body)
[Fastbot][2026-06-19 03:50:18.584] [Proxy Server] Forwarding
[Fastbot][2026-06-19 03:50:18.584] --> POST http://127.0.0.1:9008/jsonrpc/0
[Fastbot][2026-06-19 03:50:18.584] Content-Type: application/json; charset=utf-8
[Fastbot][2026-06-19 03:50:18.584] Content-Length: 211
[Fastbot][2026-06-19 03:50:18.585] 
[Fastbot][2026-06-19 03:50:18.585] {"jsonrpc": "2.0", "id": 1, "method": "waitForExists", "params": [{"mask": 2097152, "childOrSibling": [], "childOrSiblingSelector": [], "resourceId": "net.gsantner.markor_test:id/new_file_dialog__name"}, 20000]}
[Fastbot][2026-06-19 03:50:18.585] --> END POST (211-byte body)
[Fastbot][2026-06-19 03:50:18.603] <-- 200 OK  http://127.0.0.1:9008/jsonrpc/0 (17ms)
[Fastbot][2026-06-19 03:50:18.603] Content-Type: application/json
[Fastbot][2026-06-19 03:50:18.603] Date: Fri, 19 Jun 2026 03:50:18 GMT
[Fastbot][2026-06-19 03:50:18.603] Connection: keep-alive
[Fastbot][2026-06-19 03:50:18.603] Transfer-Encoding: chunked
[Fastbot][2026-06-19 03:50:18.604] 
[Fastbot][2026-06-19 03:50:18.604] {"jsonrpc":"2.0","id":1,"result":true}

[Fastbot][2026-06-19 03:50:18.604] <-- END HTTP (39-byte body)
[Fastbot][2026-06-19 03:50:18.648] [Proxy Server] Detected script method: setText
[Fastbot][2026-06-19 03:50:18.648] [Proxy Server] Forwarding
[Fastbot][2026-06-19 03:50:18.648] --> POST http://127.0.0.1:9008/jsonrpc/0
[Fastbot][2026-06-19 03:50:18.648] Content-Type: application/json; charset=utf-8
[Fastbot][2026-06-19 03:50:18.649] Content-Length: 212
[Fastbot][2026-06-19 03:50:18.649] 
[Fastbot][2026-06-19 03:50:18.649] {"jsonrpc": "2.0", "id": 1, "method": "setText", "params": [{"mask": 2097152, "childOrSibling": [], "childOrSiblingSelector": [], "resourceId": "net.gsantner.markor_test:id/new_file_dialog__name"}, "iELd_YR6Nc"]}
[Fastbot][2026-06-19 03:50:18.649] --> END POST (212-byte body)
[Fastbot][2026-06-19 03:50:18.736] <-- 200 OK  http://127.0.0.1:9008/jsonrpc/0 (86ms)
[Fastbot][2026-06-19 03:50:18.736] Content-Type: application/json
[Fastbot][2026-06-19 03:50:18.736] Date: Fri, 19 Jun 2026 03:50:18 GMT
[Fastbot][2026-06-19 03:50:18.736] Connection: keep-alive
[Fastbot][2026-06-19 03:50:18.736] Transfer-Encoding: chunked
[Fastbot][2026-06-19 03:50:18.736] 
[Fastbot][2026-06-19 03:50:18.737] {"jsonrpc":"2.0","id":1,"result":true}

[Fastbot][2026-06-19 03:50:18.737] <-- END HTTP (39-byte body)
[Fastbot][2026-06-19 03:50:19.789] [Proxy Server] Forwarding
[Fastbot][2026-06-19 03:50:19.789] --> POST http://127.0.0.1:9008/jsonrpc/0
[Fastbot][2026-06-19 03:50:19.790] Content-Type: application/json; charset=utf-8
[Fastbot][2026-06-19 03:50:19.790] Content-Length: 194
[Fastbot][2026-06-19 03:50:19.790] 
[Fastbot][2026-06-19 03:50:19.791] {"jsonrpc": "2.0", "id": 1, "method": "waitForExists", "params": [{"mask": 2097153, "childOrSibling": [], "childOrSiblingSelector": [], "resourceId": "android:id/button1", "text": "OK"}, 20000]}
[Fastbot][2026-06-19 03:50:19.791] --> END POST (194-byte body)
[Fastbot][2026-06-19 03:50:19.802] <-- 200 OK  http://127.0.0.1:9008/jsonrpc/0 (9ms)
[Fastbot][2026-06-19 03:50:19.802] Content-Type: application/json
[Fastbot][2026-06-19 03:50:19.802] Date: Fri, 19 Jun 2026 03:50:19 GMT
[Fastbot][2026-06-19 03:50:19.802] Connection: keep-alive
[Fastbot][2026-06-19 03:50:19.803] Transfer-Encoding: chunked
[Fastbot][2026-06-19 03:50:19.804] 
[Fastbot][2026-06-19 03:50:19.804] {"jsonrpc":"2.0","id":1,"result":true}

[Fastbot][2026-06-19 03:50:19.804] <-- END HTTP (39-byte body)
[Fastbot][2026-06-19 03:50:19.834] [Proxy Server] Forwarding
[Fastbot][2026-06-19 03:50:19.834] --> POST http://127.0.0.1:9008/jsonrpc/0
[Fastbot][2026-06-19 03:50:19.834] Content-Type: application/json; charset=utf-8
[Fastbot][2026-06-19 03:50:19.834] Content-Length: 181
[Fastbot][2026-06-19 03:50:19.834] 
[Fastbot][2026-06-19 03:50:19.834] {"jsonrpc": "2.0", "id": 1, "method": "objInfo", "params": [{"mask": 2097153, "childOrSibling": [], "childOrSiblingSelector": [], "resourceId": "android:id/button1", "text": "OK"}]}
[Fastbot][2026-06-19 03:50:19.834] --> END POST (181-byte body)
[Fastbot][2026-06-19 03:50:19.862] <-- 200 OK  http://127.0.0.1:9008/jsonrpc/0 (27ms)
[Fastbot][2026-06-19 03:50:19.862] Content-Type: application/json
[Fastbot][2026-06-19 03:50:19.862] Date: Fri, 19 Jun 2026 03:50:19 GMT
[Fastbot][2026-06-19 03:50:19.862] Connection: keep-alive
[Fastbot][2026-06-19 03:50:19.862] Transfer-Encoding: chunked
[Fastbot][2026-06-19 03:50:19.863] 
[Fastbot][2026-06-19 03:50:19.863] {"jsonrpc":"2.0","id":1,"result":{"bounds":{"bottom":1482,"left":827,"right":992,"top":1366},"childCount":0,"className":"android.widget.Button","contentDescription":null,"packageName":"net.gsantner.markor_test","resourceName":"android:id/button1","text":"OK","visibleBounds":{"bottom":1482,"left":827...[truncated]
[Fastbot][2026-06-19 03:50:19.863] <-- END HTTP (484-byte body)
[Fastbot][2026-06-19 03:50:19.897] [Proxy Server] Detected script method: click
[Fastbot][2026-06-19 03:50:19.897] [Proxy Server] Forwarding
[Fastbot][2026-06-19 03:50:19.897] --> POST http://127.0.0.1:9008/jsonrpc/0
[Fastbot][2026-06-19 03:50:19.898] Content-Type: application/json; charset=utf-8
[Fastbot][2026-06-19 03:50:19.898] Content-Length: 73
[Fastbot][2026-06-19 03:50:19.899] 
[Fastbot][2026-06-19 03:50:19.899] {"jsonrpc": "2.0", "id": 1, "method": "click", "params": [909.5, 1424.0]}
[Fastbot][2026-06-19 03:50:19.899] --> END POST (73-byte body)
[Fastbot][2026-06-19 03:50:20.033] // the top activity is net.gsantner.markor.activity.DocumentActivity, phone capture activity is com.android.camera.CaptureActivity
[Fastbot][2026-06-19 03:50:20.033]     // Allowing start of Intent { cmp=net.gsantner.markor_test/net.gsantner.markor.activity.DocumentActivity } in package net.gsantner.markor_test
[Fastbot][2026-06-19 03:50:20.035] <-- 200 OK  http://127.0.0.1:9008/jsonrpc/0 (135ms)
[Fastbot][2026-06-19 03:50:20.035] Content-Type: application/json
[Fastbot][2026-06-19 03:50:20.035] Date: Fri, 19 Jun 2026 03:50:20 GMT
[Fastbot][2026-06-19 03:50:20.035] Connection: keep-alive
[Fastbot][2026-06-19 03:50:20.035] Transfer-Encoding: chunked
[Fastbot][2026-06-19 03:50:20.036] 
[Fastbot][2026-06-19 03:50:20.036] {"jsonrpc":"2.0","id":1,"result":true}

[Fastbot][2026-06-19 03:50:20.036] <-- END HTTP (39-byte body)
[Fastbot][2026-06-19 03:50:21.081] // [Script] current activity is net.gsantner.markor.activity.DocumentActivity
[Fastbot][2026-06-19 03:50:21.082] [Proxy Server] Detected script method: pressKey
[Fastbot][2026-06-19 03:50:21.082] [Proxy Server] Forwarding
[Fastbot][2026-06-19 03:50:21.082] --> POST http://127.0.0.1:9008/jsonrpc/0
[Fastbot][2026-06-19 03:50:21.082] Content-Type: application/json; charset=utf-8
[Fastbot][2026-06-19 03:50:21.082] Content-Length: 69
[Fastbot][2026-06-19 03:50:21.082] 
[Fastbot][2026-06-19 03:50:21.082] {"jsonrpc": "2.0", "id": 1, "method": "pressKey", "params": ["back"]}
[Fastbot][2026-06-19 03:50:21.083] --> END POST (69-byte body)
[Fastbot][2026-06-19 03:50:21.912] <-- 200 OK  http://127.0.0.1:9008/jsonrpc/0 (828ms)
[Fastbot][2026-06-19 03:50:21.912] Content-Type: application/json
[Fastbot][2026-06-19 03:50:21.912] Date: Fri, 19 Jun 2026 03:50:21 GMT
[Fastbot][2026-06-19 03:50:21.912] Connection: keep-alive
[Fastbot][2026-06-19 03:50:21.912] Transfer-Encoding: chunked
[Fastbot][2026-06-19 03:50:21.913] 
[Fastbot][2026-06-19 03:50:21.913] {"jsonrpc":"2.0","id":1,"result":true}

[Fastbot][2026-06-19 03:50:21.913] <-- END HTTP (39-byte body)
[Fastbot][2026-06-19 03:50:22.187] --> POST http://127.0.0.1:9008/jsonrpc/0
[Fastbot][2026-06-19 03:50:22.187] Content-Type: application/json; charset=utf-8
[Fastbot][2026-06-19 03:50:22.187] Content-Length: 75
[Fastbot][2026-06-19 03:50:22.187] 
[Fastbot][2026-06-19 03:50:22.187] {"id":1,"jsonrpc":"2.0","method":"dumpWindowHierarchy","params":[false,50]}
[Fastbot][2026-06-19 03:50:22.188] --> END POST (75-byte body)
[Fastbot][2026-06-19 03:50:22.218] <-- 200 OK  http://127.0.0.1:9008/jsonrpc/0 (30ms)
[Fastbot][2026-06-19 03:50:22.219] Content-Type: application/json
[Fastbot][2026-06-19 03:50:22.219] Date: Fri, 19 Jun 2026 03:50:22 GMT
[Fastbot][2026-06-19 03:50:22.219] Connection: keep-alive
[Fastbot][2026-06-19 03:50:22.219] Transfer-Encoding: chunked
[Fastbot][2026-06-19 03:50:22.221] 
[Fastbot][2026-06-19 03:50:22.221] {"jsonrpc":"2.0","id":1,"result":"<?xml version='1.0' encoding='UTF-8' standalone='yes' ?>\r\n<hierarchy rotation=\"0\">\r\n  <node index=\"0\" text=\"\" resource-id=\"\" class=\"android.widget.FrameLayout\" package=\"com.android.systemui\" content-desc=\"\" checkable=\"false\" checked=\"false\" cli...[truncated]
[Fastbot][2026-06-19 03:50:22.221] <-- END HTTP (50996-byte body)
[Fastbot][2026-06-19 03:50:22.249] [ProxyServer] stepsCount: 5
[Fastbot][2026-06-19 03:50:22.249] [ProxyServer] receive request: stepMonkey
[Fastbot][2026-06-19 03:50:22.249] [MonkeySourceApeU2] stepsCount: 5
[Fastbot][2026-06-19 03:50:22.250] [MonkeySourceApeU2] Latest event is MonkeyEvent. Use the cached hierarchy.
[Fastbot][2026-06-19 03:50:22.250] [MonkeySourceApeU2] Successfully Got hierarchy
[Fastbot][2026-06-19 03:50:22.252] // Event id: 38
[Fastbot][2026-06-19 03:50:22.252] topActivity Name: ComponentInfo{net.gsantner.markor_test/net.gsantner.markor.activity.MainActivity}
[Fastbot][2026-06-19 03:50:22.252] // Dumped stringOfGuiTree
[Fastbot][2026-06-19 03:50:22.252] topActivityName: net.gsantner.markor.activity.MainActivity
[Fastbot][2026-06-19 03:50:22.254] action type: LONG_CLICK
[Fastbot][2026-06-19 03:50:22.254] rpc cost time: 2
[Fastbot][2026-06-19 03:50:22.255] :Sending rotation degree=0, persist=false
[Fastbot][2026-06-19 03:50:22.261] // [Monkey] current activity is net.gsantner.markor.activity.MainActivity
[Fastbot][2026-06-19 03:50:22.262] :Sending Touch (ACTION_DOWN): 0:(1.0,353.0)
[Fastbot][2026-06-19 03:50:22.263] Wait Event for 1000 milliseconds
[Fastbot][2026-06-19 03:50:23.265] :Sending Touch (ACTION_UP): 0:(1.0,353.0)
[Fastbot][2026-06-19 03:50:23.267] Sleeping for 231 milliseconds
[Fastbot][2026-06-19 03:50:23.501] [ProxyServer] Finish monkey step. Dumping hierarchy
[Fastbot][2026-06-19 03:50:23.501] --> POST http://127.0.0.1:9008/jsonrpc/0
[Fastbot][2026-06-19 03:50:23.501] Content-Type: application/json; charset=utf-8
[Fastbot][2026-06-19 03:50:23.501] Content-Length: 75
[Fastbot][2026-06-19 03:50:23.502] 
[Fastbot][2026-06-19 03:50:23.502] {"id":1,"jsonrpc":"2.0","method":"dumpWindowHierarchy","params":[false,50]}
[Fastbot][2026-06-19 03:50:23.502] --> END POST (75-byte body)
[Fastbot][2026-06-19 03:50:23.531] <-- 200 OK  http://127.0.0.1:9008/jsonrpc/0 (29ms)
[Fastbot][2026-06-19 03:50:23.531] Content-Type: application/json
[Fastbot][2026-06-19 03:50:23.531] Date: Fri, 19 Jun 2026 03:50:23 GMT
[Fastbot][2026-06-19 03:50:23.531] Connection: keep-alive
[Fastbot][2026-06-19 03:50:23.531] Transfer-Encoding: chunked
[Fastbot][2026-06-19 03:50:23.535] 
[Fastbot][2026-06-19 03:50:23.535] {"jsonrpc":"2.0","id":1,"result":"<?xml version='1.0' encoding='UTF-8' standalone='yes' ?>\r\n<hierarchy rotation=\"0\">\r\n  <node index=\"0\" text=\"\" resource-id=\"\" class=\"android.widget.FrameLayout\" package=\"com.android.systemui\" content-desc=\"\" checkable=\"false\" checked=\"false\" cli...[truncated]
[Fastbot][2026-06-19 03:50:23.535] <-- END HTTP (50996-byte body)
[Fastbot][2026-06-19 03:50:23.568] [ProxyServer] stepsCount: 6
[Fastbot][2026-06-19 03:50:23.568] [ProxyServer] receive request: stepMonkey
[Fastbot][2026-06-19 03:50:23.568] [MonkeySourceApeU2] stepsCount: 6
[Fastbot][2026-06-19 03:50:23.568] [MonkeySourceApeU2] Latest event is MonkeyEvent. Use the cached hierarchy.
[Fastbot][2026-06-19 03:50:23.569] [MonkeySourceApeU2] Successfully Got hierarchy
[Fastbot][2026-06-19 03:50:23.571] // Event id: 43
[Fastbot][2026-06-19 03:50:23.571] topActivity Name: ComponentInfo{net.gsantner.markor_test/net.gsantner.markor.activity.MainActivity}
[Fastbot][2026-06-19 03:50:23.571] // Dumped stringOfGuiTree
[Fastbot][2026-06-19 03:50:23.571] topActivityName: net.gsantner.markor.activity.MainActivity
[Fastbot][2026-06-19 03:50:23.573] action type: CLICK
[Fastbot][2026-06-19 03:50:23.573] rpc cost time: 2
[Fastbot][2026-06-19 03:50:23.583]   mshowrequested=true mshowexplicitlyrequested=true mshowforced=false minputshown=false
[Fastbot][2026-06-19 03:50:23.583] mInputShown not found, getInputMethodWindowVisibleHeight is used.
[Fastbot][2026-06-19 03:50:23.584] :Sending rotation degree=0, persist=false
java.lang.NullPointerException: Attempt to read from field 'com.android.server.wm.DisplayFrames com.android.server.wm.DisplayContent.mDisplayFrames' on a null object reference
	at android.os.Parcel.createException(Parcel.java:2077)
	at android.os.Parcel.readException(Parcel.java:2039)
	at android.os.Parcel.readException(Parcel.java:1987)
	at com.android.internal.view.IInputMethodManager$Stub$Proxy.getInputMethodWindowVisibleHeight(IInputMethodManager.java:809)
	at android.view.inputmethod.InputMethodManager.getInputMethodWindowVisibleHeight(InputMethodManager.java:2844)
	at com.android.commands.monkey.framework.AndroidDevice.isVirtualKeyboardOpened(AndroidDevice.java:217)
	at com.android.commands.monkey.source.MonkeySourceApeU2.doInput(MonkeySourceApeU2.java:1018)
	at com.android.commands.monkey.source.MonkeySourceApeU2.generateEventsForActionInternal(MonkeySourceApeU2.java:945)
	at com.android.commands.monkey.source.MonkeySourceApeU2.generateEventsForAction(MonkeySourceApeU2.java:907)
	at com.android.commands.monkey.source.MonkeySourceApeU2.generateEvents(MonkeySourceApeU2.java:827)
	at com.android.commands.monkey.source.MonkeySourceApeU2.getNextEvent(MonkeySourceApeU2.java:422)
	at com.android.commands.monkey.Monkey.runMonkeyCycles(Monkey.java:1576)
	at com.android.commands.monkey.Monkey.run(Monkey.java:874)
	at com.android.commands.monkey.Monkey.main(Monkey.java:473)
	at com.android.internal.os.RuntimeInit.nativeFinishInit(Native Method)
	at com.android.internal.os.RuntimeInit.main(RuntimeInit.java:338)
Caused by: android.os.RemoteException: Remote stack trace:
	at com.android.server.wm.WindowManagerService$LocalService.getInputMethodWindowVisibleHeight(WindowManagerService.java:7310)
	at com.android.server.inputmethod.InputMethodManagerService.getInputMethodWindowVisibleHeight(InputMethodManagerService.java:3467)
	at com.android.internal.view.IInputMethodManager$Stub.onTransact(IInputMethodManager.java:413)
	at com.android.server.inputmethod.InputMethodManagerService.onTransact(InputMethodManagerService.java:1592)
	at android.os.Binder.execTransactInternal(Binder.java:1021)

[Fastbot][2026-06-19 03:50:23.592] :Sending Touch (ACTION_DOWN): 0:(728.0,173.0)
[Fastbot][2026-06-19 03:50:23.594] :Sending Touch (ACTION_UP): 0:(728.0,173.0)
[Fastbot][2026-06-19 03:50:23.596] Sleeping for 200 milliseconds
[Fastbot][2026-06-19 03:50:23.798] [ProxyServer] Finish monkey step. Dumping hierarchy
[Fastbot][2026-06-19 03:50:23.798] --> POST http://127.0.0.1:9008/jsonrpc/0
[Fastbot][2026-06-19 03:50:23.798] Content-Type: application/json; charset=utf-8
[Fastbot][2026-06-19 03:50:23.798] Content-Length: 75
[Fastbot][2026-06-19 03:50:23.798] 
[Fastbot][2026-06-19 03:50:23.798] {"id":1,"jsonrpc":"2.0","method":"dumpWindowHierarchy","params":[false,50]}
[Fastbot][2026-06-19 03:50:23.799] --> END POST (75-byte body)
[Fastbot][2026-06-19 03:50:23.841] <-- 200 OK  http://127.0.0.1:9008/jsonrpc/0 (42ms)
[Fastbot][2026-06-19 03:50:23.841] Content-Type: application/json
[Fastbot][2026-06-19 03:50:23.841] Date: Fri, 19 Jun 2026 03:50:23 GMT
[Fastbot][2026-06-19 03:50:23.841] Connection: keep-alive
[Fastbot][2026-06-19 03:50:23.841] Transfer-Encoding: chunked
[Fastbot][2026-06-19 03:50:23.842] 
[Fastbot][2026-06-19 03:50:23.842] {"jsonrpc":"2.0","id":1,"result":"<?xml version='1.0' encoding='UTF-8' standalone='yes' ?>\r\n<hierarchy rotation=\"0\">\r\n  <node index=\"0\" text=\"\" resource-id=\"\" class=\"android.widget.FrameLayout\" package=\"net.gsantner.markor_test\" content-desc=\"\" checkable=\"false\" checked=\"false\"...[truncated]
[Fastbot][2026-06-19 03:50:23.842] <-- END HTTP (35427-byte body)
[Fastbot][2026-06-19 03:50:23.911] [Proxy Server] Forwarding
[Fastbot][2026-06-19 03:50:23.911] --> POST http://127.0.0.1:9008/jsonrpc/0
[Fastbot][2026-06-19 03:50:23.911] Content-Type: application/json; charset=utf-8
[Fastbot][2026-06-19 03:50:23.911] Content-Length: 194
[Fastbot][2026-06-19 03:50:23.911] 
[Fastbot][2026-06-19 03:50:23.911] {"jsonrpc": "2.0", "id": 1, "method": "waitForExists", "params": [{"mask": 2097152, "childOrSibling": [], "childOrSiblingSelector": [], "resourceId": "net.gsantner.markor_test:id/icon"}, 20000]}
[Fastbot][2026-06-19 03:50:23.911] --> END POST (194-byte body)
[Fastbot][2026-06-19 03:50:23.949] <-- 200 OK  http://127.0.0.1:9008/jsonrpc/0 (38ms)
[Fastbot][2026-06-19 03:50:23.950] Content-Type: application/json
[Fastbot][2026-06-19 03:50:23.950] Date: Fri, 19 Jun 2026 03:50:23 GMT
[Fastbot][2026-06-19 03:50:23.950] Connection: keep-alive
[Fastbot][2026-06-19 03:50:23.951] Transfer-Encoding: chunked
[Fastbot][2026-06-19 03:50:23.952] 
[Fastbot][2026-06-19 03:50:23.952] {"jsonrpc":"2.0","id":1,"result":true}

[Fastbot][2026-06-19 03:50:23.952] <-- END HTTP (39-byte body)
[Fastbot][2026-06-19 03:50:24.005] [Proxy Server] Forwarding
[Fastbot][2026-06-19 03:50:24.005] --> POST http://127.0.0.1:9008/jsonrpc/0
[Fastbot][2026-06-19 03:50:24.005] Content-Type: application/json; charset=utf-8
[Fastbot][2026-06-19 03:50:24.005] Content-Length: 181
[Fastbot][2026-06-19 03:50:24.005] 
[Fastbot][2026-06-19 03:50:24.005] {"jsonrpc": "2.0", "id": 1, "method": "objInfo", "params": [{"mask": 2097152, "childOrSibling": [], "childOrSiblingSelector": [], "resourceId": "net.gsantner.markor_test:id/icon"}]}
[Fastbot][2026-06-19 03:50:24.005] --> END POST (181-byte body)
[Fastbot][2026-06-19 03:50:24.030] <-- 200 OK  http://127.0.0.1:9008/jsonrpc/0 (25ms)
[Fastbot][2026-06-19 03:50:24.031] Content-Type: application/json
[Fastbot][2026-06-19 03:50:24.031] Date: Fri, 19 Jun 2026 03:50:24 GMT
[Fastbot][2026-06-19 03:50:24.031] Connection: keep-alive
[Fastbot][2026-06-19 03:50:24.031] Transfer-Encoding: chunked
[Fastbot][2026-06-19 03:50:24.032] 
[Fastbot][2026-06-19 03:50:24.032] {"jsonrpc":"2.0","id":1,"result":{"bounds":{"bottom":242,"left":355,"right":421,"top":176},"childCount":0,"className":"android.widget.ImageView","contentDescription":null,"packageName":"net.gsantner.markor_test","resourceName":"net.gsantner.markor_test:id/icon","text":null,"visibleBounds":{"bottom":...[truncated]
[Fastbot][2026-06-19 03:50:24.032] <-- END HTTP (499-byte body)
[Fastbot][2026-06-19 03:50:24.066] [Proxy Server] Detected script method: click
[Fastbot][2026-06-19 03:50:24.066] [Proxy Server] Forwarding
[Fastbot][2026-06-19 03:50:24.067] --> POST http://127.0.0.1:9008/jsonrpc/0
[Fastbot][2026-06-19 03:50:24.067] Content-Type: application/json; charset=utf-8
[Fastbot][2026-06-19 03:50:24.067] Content-Length: 72
[Fastbot][2026-06-19 03:50:24.067] 
[Fastbot][2026-06-19 03:50:24.067] {"jsonrpc": "2.0", "id": 1, "method": "click", "params": [388.0, 209.0]}
[Fastbot][2026-06-19 03:50:24.067] --> END POST (72-byte body)
[Fastbot][2026-06-19 03:50:24.199] <-- 200 OK  http://127.0.0.1:9008/jsonrpc/0 (131ms)
[Fastbot][2026-06-19 03:50:24.199] Content-Type: application/json
[Fastbot][2026-06-19 03:50:24.199] Date: Fri, 19 Jun 2026 03:50:24 GMT
[Fastbot][2026-06-19 03:50:24.199] Connection: keep-alive
[Fastbot][2026-06-19 03:50:24.199] Transfer-Encoding: chunked
[Fastbot][2026-06-19 03:50:24.199] 
[Fastbot][2026-06-19 03:50:24.199] {"jsonrpc":"2.0","id":1,"result":true}

[Fastbot][2026-06-19 03:50:24.199] <-- END HTTP (39-byte body)
[Fastbot][2026-06-19 03:50:25.241] [Proxy Server] Forwarding
[Fastbot][2026-06-19 03:50:25.241] --> POST http://127.0.0.1:9008/jsonrpc/0
[Fastbot][2026-06-19 03:50:25.241] Content-Type: application/json; charset=utf-8
[Fastbot][2026-06-19 03:50:25.241] Content-Length: 202
[Fastbot][2026-06-19 03:50:25.242] 
[Fastbot][2026-06-19 03:50:25.242] {"jsonrpc": "2.0", "id": 1, "method": "waitForExists", "params": [{"mask": 2097152, "childOrSibling": [], "childOrSiblingSelector": [], "resourceId": "net.gsantner.markor_test:id/action_go_to"}, 20000]}
[Fastbot][2026-06-19 03:50:25.242] --> END POST (202-byte body)
[Fastbot][2026-06-19 03:50:25.264] <-- 200 OK  http://127.0.0.1:9008/jsonrpc/0 (21ms)
[Fastbot][2026-06-19 03:50:25.264] Content-Type: application/json
[Fastbot][2026-06-19 03:50:25.264] Date: Fri, 19 Jun 2026 03:50:25 GMT
[Fastbot][2026-06-19 03:50:25.264] Connection: keep-alive
[Fastbot][2026-06-19 03:50:25.264] Transfer-Encoding: chunked
[Fastbot][2026-06-19 03:50:25.265] 
[Fastbot][2026-06-19 03:50:25.265] {"jsonrpc":"2.0","id":1,"result":true}

[Fastbot][2026-06-19 03:50:25.265] <-- END HTTP (39-byte body)
[Fastbot][2026-06-19 03:50:25.303] [Proxy Server] Forwarding
[Fastbot][2026-06-19 03:50:25.303] --> POST http://127.0.0.1:9008/jsonrpc/0
[Fastbot][2026-06-19 03:50:25.303] Content-Type: application/json; charset=utf-8
[Fastbot][2026-06-19 03:50:25.303] Content-Length: 189
[Fastbot][2026-06-19 03:50:25.304] 
[Fastbot][2026-06-19 03:50:25.304] {"jsonrpc": "2.0", "id": 1, "method": "objInfo", "params": [{"mask": 2097152, "childOrSibling": [], "childOrSiblingSelector": [], "resourceId": "net.gsantner.markor_test:id/action_go_to"}]}
[Fastbot][2026-06-19 03:50:25.304] --> END POST (189-byte body)
[Fastbot][2026-06-19 03:50:25.329] <-- 200 OK  http://127.0.0.1:9008/jsonrpc/0 (25ms)
[Fastbot][2026-06-19 03:50:25.329] Content-Type: application/json
[Fastbot][2026-06-19 03:50:25.330] Date: Fri, 19 Jun 2026 03:50:25 GMT
[Fastbot][2026-06-19 03:50:25.330] Connection: keep-alive
[Fastbot][2026-06-19 03:50:25.330] Transfer-Encoding: chunked
[Fastbot][2026-06-19 03:50:25.330] 
[Fastbot][2026-06-19 03:50:25.331] {"jsonrpc":"2.0","id":1,"result":{"bounds":{"bottom":275,"left":639,"right":749,"top":143},"childCount":0,"className":"android.widget.TextView","contentDescription":"Go to","packageName":"net.gsantner.markor_test","resourceName":"net.gsantner.markor_test:id/action_go_to","text":null,"visibleBounds":...[truncated]
[Fastbot][2026-06-19 03:50:25.331] <-- END HTTP (506-byte body)
[Fastbot][2026-06-19 03:50:25.346] [Proxy Server] Detected script method: click
[Fastbot][2026-06-19 03:50:25.346] [Proxy Server] Forwarding
[Fastbot][2026-06-19 03:50:25.347] --> POST http://127.0.0.1:9008/jsonrpc/0
[Fastbot][2026-06-19 03:50:25.347] Content-Type: application/json; charset=utf-8
[Fastbot][2026-06-19 03:50:25.347] Content-Length: 72
[Fastbot][2026-06-19 03:50:25.347] 
[Fastbot][2026-06-19 03:50:25.347] {"jsonrpc": "2.0", "id": 1, "method": "click", "params": [694.0, 209.0]}
[Fastbot][2026-06-19 03:50:25.347] --> END POST (72-byte body)
[Fastbot][2026-06-19 03:50:25.477] <-- 200 OK  http://127.0.0.1:9008/jsonrpc/0 (129ms)
[Fastbot][2026-06-19 03:50:25.477] Content-Type: application/json
[Fastbot][2026-06-19 03:50:25.478] Date: Fri, 19 Jun 2026 03:50:25 GMT
[Fastbot][2026-06-19 03:50:25.478] Connection: keep-alive
[Fastbot][2026-06-19 03:50:25.478] Transfer-Encoding: chunked
[Fastbot][2026-06-19 03:50:25.557] 
[Fastbot][2026-06-19 03:50:25.557] {"jsonrpc":"2.0","id":1,"result":true}

[Fastbot][2026-06-19 03:50:25.557] <-- END HTTP (39-byte body)
[Fastbot][2026-06-19 03:50:26.616] [Proxy Server] Forwarding
[Fastbot][2026-06-19 03:50:26.617] --> POST http://127.0.0.1:9008/jsonrpc/0
[Fastbot][2026-06-19 03:50:26.617] Content-Type: application/json; charset=utf-8
[Fastbot][2026-06-19 03:50:26.617] Content-Length: 215
[Fastbot][2026-06-19 03:50:26.617] 
[Fastbot][2026-06-19 03:50:26.617] {"jsonrpc": "2.0", "id": 1, "method": "waitForExists", "params": [{"mask": 2097153, "childOrSibling": [], "childOrSiblingSelector": [], "resourceId": "net.gsantner.markor_test:id/title", "text": "Notebook"}, 20000]}
[Fastbot][2026-06-19 03:50:26.618] --> END POST (215-byte body)
[Fastbot][2026-06-19 03:50:26.634] <-- 200 OK  http://127.0.0.1:9008/jsonrpc/0 (16ms)
[Fastbot][2026-06-19 03:50:26.634] Content-Type: application/json
[Fastbot][2026-06-19 03:50:26.634] Date: Fri, 19 Jun 2026 03:50:26 GMT
[Fastbot][2026-06-19 03:50:26.634] Connection: keep-alive
[Fastbot][2026-06-19 03:50:26.635] Transfer-Encoding: chunked
[Fastbot][2026-06-19 03:50:26.635] 
[Fastbot][2026-06-19 03:50:26.635] {"jsonrpc":"2.0","id":1,"result":true}

[Fastbot][2026-06-19 03:50:26.635] <-- END HTTP (39-byte body)
[Fastbot][2026-06-19 03:50:26.665] [Proxy Server] Forwarding
[Fastbot][2026-06-19 03:50:26.666] --> POST http://127.0.0.1:9008/jsonrpc/0
[Fastbot][2026-06-19 03:50:26.666] Content-Type: application/json; charset=utf-8
[Fastbot][2026-06-19 03:50:26.666] Content-Length: 202
[Fastbot][2026-06-19 03:50:26.667] 
[Fastbot][2026-06-19 03:50:26.667] {"jsonrpc": "2.0", "id": 1, "method": "objInfo", "params": [{"mask": 2097153, "childOrSibling": [], "childOrSiblingSelector": [], "resourceId": "net.gsantner.markor_test:id/title", "text": "Notebook"}]}
[Fastbot][2026-06-19 03:50:26.667] --> END POST (202-byte body)
[Fastbot][2026-06-19 03:50:26.696] <-- 200 OK  http://127.0.0.1:9008/jsonrpc/0 (28ms)
[Fastbot][2026-06-19 03:50:26.696] Content-Type: application/json
[Fastbot][2026-06-19 03:50:26.696] Date: Fri, 19 Jun 2026 03:50:26 GMT
[Fastbot][2026-06-19 03:50:26.696] Connection: keep-alive
[Fastbot][2026-06-19 03:50:26.696] Transfer-Encoding: chunked
[Fastbot][2026-06-19 03:50:26.745] 
[Fastbot][2026-06-19 03:50:26.746] {"jsonrpc":"2.0","id":1,"result":{"bounds":{"bottom":1111,"left":443,"right":992,"top":1103},"childCount":0,"className":"android.widget.TextView","contentDescription":null,"packageName":"net.gsantner.markor_test","resourceName":"net.gsantner.markor_test:id/title","text":"Notebook","visibleBounds":{"...[truncated]
[Fastbot][2026-06-19 03:50:26.746] <-- END HTTP (509-byte body)
[Fastbot][2026-06-19 03:50:26.802] [Proxy Server] Detected script method: click
[Fastbot][2026-06-19 03:50:26.802] [Proxy Server] Forwarding
[Fastbot][2026-06-19 03:50:26.803] --> POST http://127.0.0.1:9008/jsonrpc/0
[Fastbot][2026-06-19 03:50:26.803] Content-Type: application/json; charset=utf-8
[Fastbot][2026-06-19 03:50:26.803] Content-Length: 73
[Fastbot][2026-06-19 03:50:26.803] 
[Fastbot][2026-06-19 03:50:26.803] {"jsonrpc": "2.0", "id": 1, "method": "click", "params": [717.5, 1107.0]}
[Fastbot][2026-06-19 03:50:26.804] --> END POST (73-byte body)
[Fastbot][2026-06-19 03:50:26.929] <-- 200 OK  http://127.0.0.1:9008/jsonrpc/0 (125ms)
[Fastbot][2026-06-19 03:50:26.929] Content-Type: application/json
[Fastbot][2026-06-19 03:50:26.929] Date: Fri, 19 Jun 2026 03:50:26 GMT
[Fastbot][2026-06-19 03:50:26.929] Connection: keep-alive
[Fastbot][2026-06-19 03:50:26.929] Transfer-Encoding: chunked
[Fastbot][2026-06-19 03:50:26.929] 
[Fastbot][2026-06-19 03:50:26.930] {"jsonrpc":"2.0","id":1,"result":true}

[Fastbot][2026-06-19 03:50:26.930] <-- END HTTP (39-byte body)
[Fastbot][2026-06-19 03:50:27.986] [Proxy Server] Forwarding
[Fastbot][2026-06-19 03:50:27.986] --> POST http://127.0.0.1:9008/jsonrpc/0
[Fastbot][2026-06-19 03:50:27.986] Content-Type: application/json; charset=utf-8
[Fastbot][2026-06-19 03:50:27.987] Content-Length: 202
[Fastbot][2026-06-19 03:50:27.987] 
[Fastbot][2026-06-19 03:50:27.987] {"jsonrpc": "2.0", "id": 1, "method": "count", "params": [{"mask": 2097152, "childOrSibling": [], "childOrSiblingSelector": [], "resourceId": "net.gsantner.markor_test:id/opoc_filesystem_item__title"}]}
[Fastbot][2026-06-19 03:50:27.987] --> END POST (202-byte body)
[Fastbot][2026-06-19 03:50:28.011] <-- 200 OK  http://127.0.0.1:9008/jsonrpc/0 (24ms)
[Fastbot][2026-06-19 03:50:28.012] Content-Type: application/json
[Fastbot][2026-06-19 03:50:28.012] Date: Fri, 19 Jun 2026 03:50:28 GMT
[Fastbot][2026-06-19 03:50:28.012] Connection: keep-alive
[Fastbot][2026-06-19 03:50:28.012] Transfer-Encoding: chunked
[Fastbot][2026-06-19 03:50:28.012] 
[Fastbot][2026-06-19 03:50:28.012] {"jsonrpc":"2.0","id":1,"result":5}

[Fastbot][2026-06-19 03:50:28.012] <-- END HTTP (36-byte body)
[Fastbot][2026-06-19 03:50:28.048] [Proxy Server] Forwarding
[Fastbot][2026-06-19 03:50:28.048] --> POST http://127.0.0.1:9008/jsonrpc/0
[Fastbot][2026-06-19 03:50:28.048] Content-Type: application/json; charset=utf-8
[Fastbot][2026-06-19 03:50:28.049] Content-Length: 233
[Fastbot][2026-06-19 03:50:28.049] 
[Fastbot][2026-06-19 03:50:28.049] {"jsonrpc": "2.0", "id": 1, "method": "waitForExists", "params": [{"mask": 18874368, "childOrSibling": [], "childOrSiblingSelector": [], "resourceId": "net.gsantner.markor_test:id/opoc_filesystem_item__title", "instance": 0}, 20000]}
[Fastbot][2026-06-19 03:50:28.049] --> END POST (233-byte body)
[Fastbot][2026-06-19 03:50:28.058] <-- 200 OK  http://127.0.0.1:9008/jsonrpc/0 (8ms)
[Fastbot][2026-06-19 03:50:28.058] Content-Type: application/json
[Fastbot][2026-06-19 03:50:28.058] Date: Fri, 19 Jun 2026 03:50:28 GMT
[Fastbot][2026-06-19 03:50:28.059] Connection: keep-alive
[Fastbot][2026-06-19 03:50:28.059] Transfer-Encoding: chunked
[Fastbot][2026-06-19 03:50:28.059] 
[Fastbot][2026-06-19 03:50:28.060] {"jsonrpc":"2.0","id":1,"result":true}

[Fastbot][2026-06-19 03:50:28.060] <-- END HTTP (39-byte body)
[Fastbot][2026-06-19 03:50:28.096] [Proxy Server] Forwarding
[Fastbot][2026-06-19 03:50:28.096] --> POST http://127.0.0.1:9008/jsonrpc/0
[Fastbot][2026-06-19 03:50:28.096] Content-Type: application/json; charset=utf-8
[Fastbot][2026-06-19 03:50:28.096] Content-Length: 220
[Fastbot][2026-06-19 03:50:28.096] 
[Fastbot][2026-06-19 03:50:28.096] {"jsonrpc": "2.0", "id": 1, "method": "getText", "params": [{"mask": 18874368, "childOrSibling": [], "childOrSiblingSelector": [], "resourceId": "net.gsantner.markor_test:id/opoc_filesystem_item__title", "instance": 0}]}
[Fastbot][2026-06-19 03:50:28.096] --> END POST (220-byte body)
[Fastbot][2026-06-19 03:50:28.104] <-- 200 OK  http://127.0.0.1:9008/jsonrpc/0 (7ms)
[Fastbot][2026-06-19 03:50:28.104] Content-Type: application/json
[Fastbot][2026-06-19 03:50:28.104] Date: Fri, 19 Jun 2026 03:50:28 GMT
[Fastbot][2026-06-19 03:50:28.104] Connection: keep-alive
[Fastbot][2026-06-19 03:50:28.104] Transfer-Encoding: chunked
[Fastbot][2026-06-19 03:50:28.105] 
[Fastbot][2026-06-19 03:50:28.105] {"jsonrpc":"2.0","id":1,"result":".."}

[Fastbot][2026-06-19 03:50:28.105] <-- END HTTP (39-byte body)
[Fastbot][2026-06-19 03:50:28.142] [Proxy Server] Forwarding
[Fastbot][2026-06-19 03:50:28.142] --> POST http://127.0.0.1:9008/jsonrpc/0
[Fastbot][2026-06-19 03:50:28.142] Content-Type: application/json; charset=utf-8
[Fastbot][2026-06-19 03:50:28.142] Content-Length: 233
[Fastbot][2026-06-19 03:50:28.143] 
[Fastbot][2026-06-19 03:50:28.143] {"jsonrpc": "2.0", "id": 1, "method": "waitForExists", "params": [{"mask": 18874368, "childOrSibling": [], "childOrSiblingSelector": [], "resourceId": "net.gsantner.markor_test:id/opoc_filesystem_item__title", "instance": 1}, 20000]}
[Fastbot][2026-06-19 03:50:28.143] --> END POST (233-byte body)
[Fastbot][2026-06-19 03:50:28.148] <-- 200 OK  http://127.0.0.1:9008/jsonrpc/0 (5ms)
[Fastbot][2026-06-19 03:50:28.148] Content-Type: application/json
[Fastbot][2026-06-19 03:50:28.148] Date: Fri, 19 Jun 2026 03:50:28 GMT
[Fastbot][2026-06-19 03:50:28.148] Connection: keep-alive
[Fastbot][2026-06-19 03:50:28.148] Transfer-Encoding: chunked
[Fastbot][2026-06-19 03:50:28.149] 
[Fastbot][2026-06-19 03:50:28.149] {"jsonrpc":"2.0","id":1,"result":true}

[Fastbot][2026-06-19 03:50:28.149] <-- END HTTP (39-byte body)
[Fastbot][2026-06-19 03:50:28.188] [Proxy Server] Forwarding
[Fastbot][2026-06-19 03:50:28.188] --> POST http://127.0.0.1:9008/jsonrpc/0
[Fastbot][2026-06-19 03:50:28.188] Content-Type: application/json; charset=utf-8
[Fastbot][2026-06-19 03:50:28.188] Content-Length: 220
[Fastbot][2026-06-19 03:50:28.188] 
[Fastbot][2026-06-19 03:50:28.189] {"jsonrpc": "2.0", "id": 1, "method": "getText", "params": [{"mask": 18874368, "childOrSibling": [], "childOrSiblingSelector": [], "resourceId": "net.gsantner.markor_test:id/opoc_filesystem_item__title", "instance": 1}]}
[Fastbot][2026-06-19 03:50:28.189] --> END POST (220-byte body)
[Fastbot][2026-06-19 03:50:28.196] <-- 200 OK  http://127.0.0.1:9008/jsonrpc/0 (6ms)
[Fastbot][2026-06-19 03:50:28.196] Content-Type: application/json
[Fastbot][2026-06-19 03:50:28.196] Date: Fri, 19 Jun 2026 03:50:28 GMT
[Fastbot][2026-06-19 03:50:28.196] Connection: keep-alive
[Fastbot][2026-06-19 03:50:28.196] Transfer-Encoding: chunked
[Fastbot][2026-06-19 03:50:28.196] 
[Fastbot][2026-06-19 03:50:28.196] {"jsonrpc":"2.0","id":1,"result":"A.txt"}

[Fastbot][2026-06-19 03:50:28.196] <-- END HTTP (42-byte body)
[Fastbot][2026-06-19 03:50:28.234] [Proxy Server] Forwarding
[Fastbot][2026-06-19 03:50:28.234] --> POST http://127.0.0.1:9008/jsonrpc/0
[Fastbot][2026-06-19 03:50:28.234] Content-Type: application/json; charset=utf-8
[Fastbot][2026-06-19 03:50:28.234] Content-Length: 233
[Fastbot][2026-06-19 03:50:28.235] 
[Fastbot][2026-06-19 03:50:28.235] {"jsonrpc": "2.0", "id": 1, "method": "waitForExists", "params": [{"mask": 18874368, "childOrSibling": [], "childOrSiblingSelector": [], "resourceId": "net.gsantner.markor_test:id/opoc_filesystem_item__title", "instance": 2}, 20000]}
[Fastbot][2026-06-19 03:50:28.235] --> END POST (233-byte body)
[Fastbot][2026-06-19 03:50:28.243] <-- 200 OK  http://127.0.0.1:9008/jsonrpc/0 (7ms)
[Fastbot][2026-06-19 03:50:28.243] Content-Type: application/json
[Fastbot][2026-06-19 03:50:28.243] Date: Fri, 19 Jun 2026 03:50:28 GMT
[Fastbot][2026-06-19 03:50:28.243] Connection: keep-alive
[Fastbot][2026-06-19 03:50:28.243] Transfer-Encoding: chunked
[Fastbot][2026-06-19 03:50:28.244] 
[Fastbot][2026-06-19 03:50:28.244] {"jsonrpc":"2.0","id":1,"result":true}

[Fastbot][2026-06-19 03:50:28.244] <-- END HTTP (39-byte body)
[Fastbot][2026-06-19 03:50:28.297] [Proxy Server] Forwarding
[Fastbot][2026-06-19 03:50:28.297] --> POST http://127.0.0.1:9008/jsonrpc/0
[Fastbot][2026-06-19 03:50:28.297] Content-Type: application/json; charset=utf-8
[Fastbot][2026-06-19 03:50:28.298] Content-Length: 220
[Fastbot][2026-06-19 03:50:28.298] 
[Fastbot][2026-06-19 03:50:28.298] {"jsonrpc": "2.0", "id": 1, "method": "getText", "params": [{"mask": 18874368, "childOrSibling": [], "childOrSiblingSelector": [], "resourceId": "net.gsantner.markor_test:id/opoc_filesystem_item__title", "instance": 2}]}
[Fastbot][2026-06-19 03:50:28.298] --> END POST (220-byte body)
[Fastbot][2026-06-19 03:50:28.304] <-- 200 OK  http://127.0.0.1:9008/jsonrpc/0 (5ms)
[Fastbot][2026-06-19 03:50:28.304] Content-Type: application/json
[Fastbot][2026-06-19 03:50:28.304] Date: Fri, 19 Jun 2026 03:50:28 GMT
[Fastbot][2026-06-19 03:50:28.304] Connection: keep-alive
[Fastbot][2026-06-19 03:50:28.304] Transfer-Encoding: chunked
[Fastbot][2026-06-19 03:50:28.305] 
[Fastbot][2026-06-19 03:50:28.305] {"jsonrpc":"2.0","id":1,"result":"DXTkt.md"}

[Fastbot][2026-06-19 03:50:28.305] <-- END HTTP (45-byte body)
[Fastbot][2026-06-19 03:50:28.343] [Proxy Server] Forwarding
[Fastbot][2026-06-19 03:50:28.343] --> POST http://127.0.0.1:9008/jsonrpc/0
[Fastbot][2026-06-19 03:50:28.343] Content-Type: application/json; charset=utf-8
[Fastbot][2026-06-19 03:50:28.343] Content-Length: 233
[Fastbot][2026-06-19 03:50:28.344] 
[Fastbot][2026-06-19 03:50:28.344] {"jsonrpc": "2.0", "id": 1, "method": "waitForExists", "params": [{"mask": 18874368, "childOrSibling": [], "childOrSiblingSelector": [], "resourceId": "net.gsantner.markor_test:id/opoc_filesystem_item__title", "instance": 3}, 20000]}
[Fastbot][2026-06-19 03:50:28.344] --> END POST (233-byte body)
[Fastbot][2026-06-19 03:50:28.351] <-- 200 OK  http://127.0.0.1:9008/jsonrpc/0 (6ms)
[Fastbot][2026-06-19 03:50:28.351] Content-Type: application/json
[Fastbot][2026-06-19 03:50:28.351] Date: Fri, 19 Jun 2026 03:50:28 GMT
[Fastbot][2026-06-19 03:50:28.351] Connection: keep-alive
[Fastbot][2026-06-19 03:50:28.351] Transfer-Encoding: chunked
[Fastbot][2026-06-19 03:50:28.351] 
[Fastbot][2026-06-19 03:50:28.352] {"jsonrpc":"2.0","id":1,"result":true}

[Fastbot][2026-06-19 03:50:28.352] <-- END HTTP (39-byte body)
[Fastbot][2026-06-19 03:50:28.366] [Proxy Server] Forwarding
[Fastbot][2026-06-19 03:50:28.366] --> POST http://127.0.0.1:9008/jsonrpc/0
[Fastbot][2026-06-19 03:50:28.367] Content-Type: application/json; charset=utf-8
[Fastbot][2026-06-19 03:50:28.367] Content-Length: 220
[Fastbot][2026-06-19 03:50:28.367] 
[Fastbot][2026-06-19 03:50:28.367] {"jsonrpc": "2.0", "id": 1, "method": "getText", "params": [{"mask": 18874368, "childOrSibling": [], "childOrSiblingSelector": [], "resourceId": "net.gsantner.markor_test:id/opoc_filesystem_item__title", "instance": 3}]}
[Fastbot][2026-06-19 03:50:28.367] --> END POST (220-byte body)
[Fastbot][2026-06-19 03:50:28.373] <-- 200 OK  http://127.0.0.1:9008/jsonrpc/0 (5ms)
[Fastbot][2026-06-19 03:50:28.373] Content-Type: application/json
[Fastbot][2026-06-19 03:50:28.373] Date: Fri, 19 Jun 2026 03:50:28 GMT
[Fastbot][2026-06-19 03:50:28.374] Connection: keep-alive
[Fastbot][2026-06-19 03:50:28.374] Transfer-Encoding: chunked
[Fastbot][2026-06-19 03:50:28.426] 
[Fastbot][2026-06-19 03:50:28.426] {"jsonrpc":"2.0","id":1,"result":"iELd_YR6Nc.md"}

[Fastbot][2026-06-19 03:50:28.426] <-- END HTTP (50-byte body)
[Fastbot][2026-06-19 03:50:28.454] [Proxy Server] Forwarding
[Fastbot][2026-06-19 03:50:28.454] --> POST http://127.0.0.1:9008/jsonrpc/0
[Fastbot][2026-06-19 03:50:28.454] Content-Type: application/json; charset=utf-8
[Fastbot][2026-06-19 03:50:28.454] Content-Length: 233
[Fastbot][2026-06-19 03:50:28.454] 
[Fastbot][2026-06-19 03:50:28.455] {"jsonrpc": "2.0", "id": 1, "method": "waitForExists", "params": [{"mask": 18874368, "childOrSibling": [], "childOrSiblingSelector": [], "resourceId": "net.gsantner.markor_test:id/opoc_filesystem_item__title", "instance": 4}, 20000]}
[Fastbot][2026-06-19 03:50:28.455] --> END POST (233-byte body)
[Fastbot][2026-06-19 03:50:28.465] <-- 200 OK  http://127.0.0.1:9008/jsonrpc/0 (9ms)
[Fastbot][2026-06-19 03:50:28.465] Content-Type: application/json
[Fastbot][2026-06-19 03:50:28.465] Date: Fri, 19 Jun 2026 03:50:28 GMT
[Fastbot][2026-06-19 03:50:28.465] Connection: keep-alive
[Fastbot][2026-06-19 03:50:28.465] Transfer-Encoding: chunked
[Fastbot][2026-06-19 03:50:28.504] 
[Fastbot][2026-06-19 03:50:28.504] {"jsonrpc":"2.0","id":1,"result":true}

[Fastbot][2026-06-19 03:50:28.504] <-- END HTTP (39-byte body)
[Fastbot][2026-06-19 03:50:28.531] [Proxy Server] Forwarding
[Fastbot][2026-06-19 03:50:28.531] --> POST http://127.0.0.1:9008/jsonrpc/0
[Fastbot][2026-06-19 03:50:28.531] Content-Type: application/json; charset=utf-8
[Fastbot][2026-06-19 03:50:28.531] Content-Length: 220
[Fastbot][2026-06-19 03:50:28.531] 
[Fastbot][2026-06-19 03:50:28.532] {"jsonrpc": "2.0", "id": 1, "method": "getText", "params": [{"mask": 18874368, "childOrSibling": [], "childOrSiblingSelector": [], "resourceId": "net.gsantner.markor_test:id/opoc_filesystem_item__title", "instance": 4}]}
[Fastbot][2026-06-19 03:50:28.532] --> END POST (220-byte body)
[Fastbot][2026-06-19 03:50:28.539] <-- 200 OK  http://127.0.0.1:9008/jsonrpc/0 (6ms)
[Fastbot][2026-06-19 03:50:28.539] Content-Type: application/json
[Fastbot][2026-06-19 03:50:28.539] Date: Fri, 19 Jun 2026 03:50:28 GMT
[Fastbot][2026-06-19 03:50:28.539] Connection: keep-alive
[Fastbot][2026-06-19 03:50:28.539] Transfer-Encoding: chunked
[Fastbot][2026-06-19 03:50:28.585] 
[Fastbot][2026-06-19 03:50:28.585] {"jsonrpc":"2.0","id":1,"result":"k9qMhDEC7s.md"}

[Fastbot][2026-06-19 03:50:28.585] <-- END HTTP (50-byte body)
[Fastbot][2026-06-19 03:50:28.624] [Proxy Server] Forwarding
[Fastbot][2026-06-19 03:50:28.624] --> POST http://127.0.0.1:9008/jsonrpc/0
[Fastbot][2026-06-19 03:50:28.624] Content-Type: application/json; charset=utf-8
[Fastbot][2026-06-19 03:50:28.624] Content-Length: 237
[Fastbot][2026-06-19 03:50:28.624] 
[Fastbot][2026-06-19 03:50:28.624] {"jsonrpc": "2.0", "id": 1, "method": "waitForExists", "params": [{"mask": 2097153, "childOrSibling": [], "childOrSiblingSelector": [], "resourceId": "net.gsantner.markor_test:id/opoc_filesystem_item__title", "text": "DXTkt.md"}, 20000]}
[Fastbot][2026-06-19 03:50:28.624] --> END POST (237-byte body)
[Fastbot][2026-06-19 03:50:28.638] <-- 200 OK  http://127.0.0.1:9008/jsonrpc/0 (13ms)
[Fastbot][2026-06-19 03:50:28.638] Content-Type: application/json
[Fastbot][2026-06-19 03:50:28.638] Date: Fri, 19 Jun 2026 03:50:28 GMT
[Fastbot][2026-06-19 03:50:28.638] Connection: keep-alive
[Fastbot][2026-06-19 03:50:28.638] Transfer-Encoding: chunked
[Fastbot][2026-06-19 03:50:28.639] 
[Fastbot][2026-06-19 03:50:28.639] {"jsonrpc":"2.0","id":1,"result":true}

[Fastbot][2026-06-19 03:50:28.639] <-- END HTTP (39-byte body)
[Fastbot][2026-06-19 03:50:28.671] [Proxy Server] Forwarding
[Fastbot][2026-06-19 03:50:28.671] --> POST http://127.0.0.1:9008/jsonrpc/0
[Fastbot][2026-06-19 03:50:28.671] Content-Type: application/json; charset=utf-8
[Fastbot][2026-06-19 03:50:28.671] Content-Length: 224
[Fastbot][2026-06-19 03:50:28.672] 
[Fastbot][2026-06-19 03:50:28.673] {"jsonrpc": "2.0", "id": 1, "method": "objInfo", "params": [{"mask": 2097153, "childOrSibling": [], "childOrSiblingSelector": [], "resourceId": "net.gsantner.markor_test:id/opoc_filesystem_item__title", "text": "DXTkt.md"}]}
[Fastbot][2026-06-19 03:50:28.673] --> END POST (224-byte body)
[Fastbot][2026-06-19 03:50:28.699] <-- 200 OK  http://127.0.0.1:9008/jsonrpc/0 (25ms)
[Fastbot][2026-06-19 03:50:28.699] Content-Type: application/json
[Fastbot][2026-06-19 03:50:28.699] Date: Fri, 19 Jun 2026 03:50:28 GMT
[Fastbot][2026-06-19 03:50:28.699] Connection: keep-alive
[Fastbot][2026-06-19 03:50:28.699] Transfer-Encoding: chunked
[Fastbot][2026-06-19 03:50:28.700] 
[Fastbot][2026-06-19 03:50:28.700] {"jsonrpc":"2.0","id":1,"result":{"bounds":{"bottom":658,"left":165,"right":396,"top":588},"childCount":0,"className":"android.widget.TextView","contentDescription":null,"packageName":"net.gsantner.markor_test","resourceName":"net.gsantner.markor_test:id/opoc_filesystem_item__title","text":"DXTkt.md...[truncated]
[Fastbot][2026-06-19 03:50:28.700] <-- END HTTP (527-byte body)
[Fastbot][2026-06-19 03:50:28.734] [Proxy Server] Detected script method: click
[Fastbot][2026-06-19 03:50:28.734] [Proxy Server] Forwarding
[Fastbot][2026-06-19 03:50:28.735] --> POST http://127.0.0.1:9008/jsonrpc/0
[Fastbot][2026-06-19 03:50:28.735] Content-Type: application/json; charset=utf-8
[Fastbot][2026-06-19 03:50:28.735] Content-Length: 72
[Fastbot][2026-06-19 03:50:28.735] 
[Fastbot][2026-06-19 03:50:28.736] {"jsonrpc": "2.0", "id": 1, "method": "click", "params": [280.5, 623.0]}
[Fastbot][2026-06-19 03:50:28.736] --> END POST (72-byte body)
[Fastbot][2026-06-19 03:50:28.865] // the top activity is net.gsantner.markor.activity.DocumentActivity, phone capture activity is com.android.camera.CaptureActivity
[Fastbot][2026-06-19 03:50:28.865]     // Allowing start of Intent { cmp=net.gsantner.markor_test/net.gsantner.markor.activity.DocumentActivity } in package net.gsantner.markor_test
[Fastbot][2026-06-19 03:50:28.867] <-- 200 OK  http://127.0.0.1:9008/jsonrpc/0 (131ms)
[Fastbot][2026-06-19 03:50:28.867] Content-Type: application/json
[Fastbot][2026-06-19 03:50:28.868] Date: Fri, 19 Jun 2026 03:50:28 GMT
[Fastbot][2026-06-19 03:50:28.868] Connection: keep-alive
[Fastbot][2026-06-19 03:50:28.869] Transfer-Encoding: chunked
[Fastbot][2026-06-19 03:50:28.869] 
[Fastbot][2026-06-19 03:50:28.870] {"jsonrpc":"2.0","id":1,"result":true}

[Fastbot][2026-06-19 03:50:28.871] <-- END HTTP (39-byte body)
[Fastbot][2026-06-19 03:50:29.902] // [Script] current activity is net.gsantner.markor.activity.DocumentActivity
[Fastbot][2026-06-19 03:50:29.902] [Proxy Server] Forwarding
[Fastbot][2026-06-19 03:50:29.902] --> POST http://127.0.0.1:9008/jsonrpc/0
[Fastbot][2026-06-19 03:50:29.902] Content-Type: application/json; charset=utf-8
[Fastbot][2026-06-19 03:50:29.902] Content-Length: 235
[Fastbot][2026-06-19 03:50:29.903] 
[Fastbot][2026-06-19 03:50:29.903] {"jsonrpc": "2.0", "id": 1, "method": "waitForExists", "params": [{"mask": 2097152, "childOrSibling": [], "childOrSiblingSelector": [], "resourceId": "net.gsantner.markor_test:id/document__fragment__edit__highlighting_editor"}, 20000]}
[Fastbot][2026-06-19 03:50:29.903] --> END POST (235-byte body)
[Fastbot][2026-06-19 03:50:29.916] <-- 200 OK  http://127.0.0.1:9008/jsonrpc/0 (12ms)
[Fastbot][2026-06-19 03:50:29.916] Content-Type: application/json
[Fastbot][2026-06-19 03:50:29.916] Date: Fri, 19 Jun 2026 03:50:29 GMT
[Fastbot][2026-06-19 03:50:29.916] Connection: keep-alive
[Fastbot][2026-06-19 03:50:29.916] Transfer-Encoding: chunked
[Fastbot][2026-06-19 03:50:29.917] 
[Fastbot][2026-06-19 03:50:29.917] {"jsonrpc":"2.0","id":1,"result":true}

[Fastbot][2026-06-19 03:50:29.917] <-- END HTTP (39-byte body)
[Fastbot][2026-06-19 03:50:29.950] [Proxy Server] Detected script method: setText
[Fastbot][2026-06-19 03:50:29.950] [Proxy Server] Forwarding
[Fastbot][2026-06-19 03:50:29.950] --> POST http://127.0.0.1:9008/jsonrpc/0
[Fastbot][2026-06-19 03:50:29.950] Content-Type: application/json; charset=utf-8
[Fastbot][2026-06-19 03:50:29.950] Content-Length: 253
[Fastbot][2026-06-19 03:50:29.951] 
[Fastbot][2026-06-19 03:50:29.951] {"jsonrpc": "2.0", "id": 1, "method": "setText", "params": [{"mask": 2097152, "childOrSibling": [], "childOrSiblingSelector": [], "resourceId": "net.gsantner.markor_test:id/document__fragment__edit__highlighting_editor"}, "lKYGOUHVY6lcN7_2vezsW3WX2Tj"]}
[Fastbot][2026-06-19 03:50:29.951] --> END POST (253-byte body)
[Fastbot][2026-06-19 03:50:30.017] <-- 200 OK  http://127.0.0.1:9008/jsonrpc/0 (66ms)
[Fastbot][2026-06-19 03:50:30.017] Content-Type: application/json
[Fastbot][2026-06-19 03:50:30.017] Date: Fri, 19 Jun 2026 03:50:30 GMT
[Fastbot][2026-06-19 03:50:30.017] Connection: keep-alive
[Fastbot][2026-06-19 03:50:30.017] Transfer-Encoding: chunked
[Fastbot][2026-06-19 03:50:30.065] 
[Fastbot][2026-06-19 03:50:30.066] {"jsonrpc":"2.0","id":1,"result":true}

[Fastbot][2026-06-19 03:50:30.066] <-- END HTTP (39-byte body)
[Fastbot][2026-06-19 03:50:31.106] [Proxy Server] Detected script method: pressKey
[Fastbot][2026-06-19 03:50:31.106] [Proxy Server] Forwarding
[Fastbot][2026-06-19 03:50:31.107] --> POST http://127.0.0.1:9008/jsonrpc/0
[Fastbot][2026-06-19 03:50:31.107] Content-Type: application/json; charset=utf-8
[Fastbot][2026-06-19 03:50:31.107] Content-Length: 69
[Fastbot][2026-06-19 03:50:31.107] 
[Fastbot][2026-06-19 03:50:31.107] {"jsonrpc": "2.0", "id": 1, "method": "pressKey", "params": ["back"]}
[Fastbot][2026-06-19 03:50:31.107] --> END POST (69-byte body)
[Fastbot][2026-06-19 03:50:31.948] <-- 200 OK  http://127.0.0.1:9008/jsonrpc/0 (840ms)
[Fastbot][2026-06-19 03:50:31.948] Content-Type: application/json
[Fastbot][2026-06-19 03:50:31.948] Date: Fri, 19 Jun 2026 03:50:31 GMT
[Fastbot][2026-06-19 03:50:31.948] Connection: keep-alive
[Fastbot][2026-06-19 03:50:31.948] Transfer-Encoding: chunked
[Fastbot][2026-06-19 03:50:31.948] 
[Fastbot][2026-06-19 03:50:31.949] {"jsonrpc":"2.0","id":1,"result":true}

[Fastbot][2026-06-19 03:50:31.949] <-- END HTTP (39-byte body)
[Fastbot][2026-06-19 03:50:33.005] // [Script] current activity is net.gsantner.markor.activity.MainActivity
[Fastbot][2026-06-19 03:50:33.005] [Proxy Server] Forwarding
[Fastbot][2026-06-19 03:50:33.005] --> POST http://127.0.0.1:9008/jsonrpc/0
[Fastbot][2026-06-19 03:50:33.006] Content-Type: application/json; charset=utf-8
[Fastbot][2026-06-19 03:50:33.006] Content-Length: 237
[Fastbot][2026-06-19 03:50:33.006] 
[Fastbot][2026-06-19 03:50:33.006] {"jsonrpc": "2.0", "id": 1, "method": "waitForExists", "params": [{"mask": 2097153, "childOrSibling": [], "childOrSiblingSelector": [], "resourceId": "net.gsantner.markor_test:id/opoc_filesystem_item__title", "text": "DXTkt.md"}, 20000]}
[Fastbot][2026-06-19 03:50:33.006] --> END POST (237-byte body)
[Fastbot][2026-06-19 03:50:33.068] <-- 200 OK  http://127.0.0.1:9008/jsonrpc/0 (60ms)
[Fastbot][2026-06-19 03:50:33.068] Content-Type: application/json
[Fastbot][2026-06-19 03:50:33.069] Date: Fri, 19 Jun 2026 03:50:33 GMT
[Fastbot][2026-06-19 03:50:33.069] Connection: keep-alive
[Fastbot][2026-06-19 03:50:33.069] Transfer-Encoding: chunked
[Fastbot][2026-06-19 03:50:33.070] 
[Fastbot][2026-06-19 03:50:33.070] {"jsonrpc":"2.0","id":1,"result":true}

[Fastbot][2026-06-19 03:50:33.070] <-- END HTTP (39-byte body)
[Fastbot][2026-06-19 03:50:33.100] [Proxy Server] Forwarding
[Fastbot][2026-06-19 03:50:33.100] --> POST http://127.0.0.1:9008/jsonrpc/0
[Fastbot][2026-06-19 03:50:33.101] Content-Type: application/json; charset=utf-8
[Fastbot][2026-06-19 03:50:33.101] Content-Length: 224
[Fastbot][2026-06-19 03:50:33.101] 
[Fastbot][2026-06-19 03:50:33.101] {"jsonrpc": "2.0", "id": 1, "method": "objInfo", "params": [{"mask": 2097153, "childOrSibling": [], "childOrSiblingSelector": [], "resourceId": "net.gsantner.markor_test:id/opoc_filesystem_item__title", "text": "DXTkt.md"}]}
[Fastbot][2026-06-19 03:50:33.102] --> END POST (224-byte body)
[Fastbot][2026-06-19 03:50:33.208] <-- 200 OK  http://127.0.0.1:9008/jsonrpc/0 (105ms)
[Fastbot][2026-06-19 03:50:33.208] Content-Type: application/json
[Fastbot][2026-06-19 03:50:33.208] Date: Fri, 19 Jun 2026 03:50:33 GMT
[Fastbot][2026-06-19 03:50:33.208] Connection: keep-alive
[Fastbot][2026-06-19 03:50:33.209] Transfer-Encoding: chunked
[Fastbot][2026-06-19 03:50:33.210] 
[Fastbot][2026-06-19 03:50:33.210] {"jsonrpc":"2.0","id":1,"result":{"bounds":{"bottom":658,"left":165,"right":396,"top":588},"childCount":0,"className":"android.widget.TextView","contentDescription":null,"packageName":"net.gsantner.markor_test","resourceName":"net.gsantner.markor_test:id/opoc_filesystem_item__title","text":"DXTkt.md...[truncated]
[Fastbot][2026-06-19 03:50:33.210] <-- END HTTP (527-byte body)
[Fastbot][2026-06-19 03:50:33.239] [Proxy Server] Detected script method: click
[Fastbot][2026-06-19 03:50:33.239] [Proxy Server] Forwarding
[Fastbot][2026-06-19 03:50:33.240] --> POST http://127.0.0.1:9008/jsonrpc/0
[Fastbot][2026-06-19 03:50:33.240] Content-Type: application/json; charset=utf-8
[Fastbot][2026-06-19 03:50:33.240] Content-Length: 72
[Fastbot][2026-06-19 03:50:33.240] 
[Fastbot][2026-06-19 03:50:33.240] {"jsonrpc": "2.0", "id": 1, "method": "click", "params": [280.5, 623.0]}
[Fastbot][2026-06-19 03:50:33.240] --> END POST (72-byte body)
[Fastbot][2026-06-19 03:50:33.377] <-- 200 OK  http://127.0.0.1:9008/jsonrpc/0 (137ms)
[Fastbot][2026-06-19 03:50:33.377] Content-Type: application/json
[Fastbot][2026-06-19 03:50:33.378] Date: Fri, 19 Jun 2026 03:50:33 GMT
[Fastbot][2026-06-19 03:50:33.378] Connection: keep-alive
[Fastbot][2026-06-19 03:50:33.378] Transfer-Encoding: chunked
[Fastbot][2026-06-19 03:50:33.383] // the top activity is net.gsantner.markor.activity.DocumentActivity, phone capture activity is com.android.camera.CaptureActivity
[Fastbot][2026-06-19 03:50:33.383]     // Allowing start of Intent { cmp=net.gsantner.markor_test/net.gsantner.markor.activity.DocumentActivity } in package net.gsantner.markor_test
[Fastbot][2026-06-19 03:50:33.425] 
[Fastbot][2026-06-19 03:50:33.426] {"jsonrpc":"2.0","id":1,"result":true}

[Fastbot][2026-06-19 03:50:33.426] <-- END HTTP (39-byte body)
[Fastbot][2026-06-19 03:50:34.459] // [Script] current activity is net.gsantner.markor.activity.DocumentActivity
[Fastbot][2026-06-19 03:50:34.460] [Proxy Server] Forwarding
[Fastbot][2026-06-19 03:50:34.460] --> POST http://127.0.0.1:9008/jsonrpc/0
[Fastbot][2026-06-19 03:50:34.460] Content-Type: application/json; charset=utf-8
[Fastbot][2026-06-19 03:50:34.460] Content-Length: 235
[Fastbot][2026-06-19 03:50:34.460] 
[Fastbot][2026-06-19 03:50:34.460] {"jsonrpc": "2.0", "id": 1, "method": "waitForExists", "params": [{"mask": 2097152, "childOrSibling": [], "childOrSiblingSelector": [], "resourceId": "net.gsantner.markor_test:id/document__fragment__edit__highlighting_editor"}, 20000]}
[Fastbot][2026-06-19 03:50:34.460] --> END POST (235-byte body)
[Fastbot][2026-06-19 03:50:34.478] <-- 200 OK  http://127.0.0.1:9008/jsonrpc/0 (17ms)
[Fastbot][2026-06-19 03:50:34.478] Content-Type: application/json
[Fastbot][2026-06-19 03:50:34.478] Date: Fri, 19 Jun 2026 03:50:34 GMT
[Fastbot][2026-06-19 03:50:34.478] Connection: keep-alive
[Fastbot][2026-06-19 03:50:34.478] Transfer-Encoding: chunked
[Fastbot][2026-06-19 03:50:34.478] 
[Fastbot][2026-06-19 03:50:34.478] {"jsonrpc":"2.0","id":1,"result":true}

[Fastbot][2026-06-19 03:50:34.478] <-- END HTTP (39-byte body)
[Fastbot][2026-06-19 03:50:34.494] [Proxy Server] Forwarding
[Fastbot][2026-06-19 03:50:34.494] --> POST http://127.0.0.1:9008/jsonrpc/0
[Fastbot][2026-06-19 03:50:34.494] Content-Type: application/json; charset=utf-8
[Fastbot][2026-06-19 03:50:34.495] Content-Length: 222
[Fastbot][2026-06-19 03:50:34.495] 
[Fastbot][2026-06-19 03:50:34.495] {"jsonrpc": "2.0", "id": 1, "method": "getText", "params": [{"mask": 2097152, "childOrSibling": [], "childOrSiblingSelector": [], "resourceId": "net.gsantner.markor_test:id/document__fragment__edit__highlighting_editor"}]}
[Fastbot][2026-06-19 03:50:34.495] --> END POST (222-byte body)
[Fastbot][2026-06-19 03:50:34.519] <-- 200 OK  http://127.0.0.1:9008/jsonrpc/0 (23ms)
[Fastbot][2026-06-19 03:50:34.519] Content-Type: application/json
[Fastbot][2026-06-19 03:50:34.519] Date: Fri, 19 Jun 2026 03:50:34 GMT
[Fastbot][2026-06-19 03:50:34.519] Connection: keep-alive
[Fastbot][2026-06-19 03:50:34.519] Transfer-Encoding: chunked
[Fastbot][2026-06-19 03:50:34.566] 
[Fastbot][2026-06-19 03:50:34.566] {"jsonrpc":"2.0","id":1,"result":"lKYGOUHVY6lcN7_2vezsW3WX2Tj"}

[Fastbot][2026-06-19 03:50:34.566] <-- END HTTP (64-byte body)
[Fastbot][2026-06-19 03:50:34.612] [Proxy Server] Detected script method: pressKey
[Fastbot][2026-06-19 03:50:34.613] [Proxy Server] Forwarding
[Fastbot][2026-06-19 03:50:34.613] --> POST http://127.0.0.1:9008/jsonrpc/0
[Fastbot][2026-06-19 03:50:34.613] Content-Type: application/json; charset=utf-8
[Fastbot][2026-06-19 03:50:34.613] Content-Length: 69
[Fastbot][2026-06-19 03:50:34.613] 
[Fastbot][2026-06-19 03:50:34.613] {"jsonrpc": "2.0", "id": 1, "method": "pressKey", "params": ["back"]}
[Fastbot][2026-06-19 03:50:34.613] --> END POST (69-byte body)
[Fastbot][2026-06-19 03:50:35.397] <-- 200 OK  http://127.0.0.1:9008/jsonrpc/0 (783ms)
[Fastbot][2026-06-19 03:50:35.397] Content-Type: application/json
[Fastbot][2026-06-19 03:50:35.397] Date: Fri, 19 Jun 2026 03:50:35 GMT
[Fastbot][2026-06-19 03:50:35.397] Connection: keep-alive
[Fastbot][2026-06-19 03:50:35.398] Transfer-Encoding: chunked
[Fastbot][2026-06-19 03:50:35.398] 
[Fastbot][2026-06-19 03:50:35.398] {"jsonrpc":"2.0","id":1,"result":true}

[Fastbot][2026-06-19 03:50:35.398] <-- END HTTP (39-byte body)
[Fastbot][2026-06-19 03:50:36.663] --> POST http://127.0.0.1:9008/jsonrpc/0
[Fastbot][2026-06-19 03:50:36.664] Content-Type: application/json; charset=utf-8
[Fastbot][2026-06-19 03:50:36.664] Content-Length: 75
[Fastbot][2026-06-19 03:50:36.664] 
[Fastbot][2026-06-19 03:50:36.664] {"id":1,"jsonrpc":"2.0","method":"dumpWindowHierarchy","params":[false,50]}
[Fastbot][2026-06-19 03:50:36.664] --> END POST (75-byte body)
[Fastbot][2026-06-19 03:50:36.697] <-- 200 OK  http://127.0.0.1:9008/jsonrpc/0 (32ms)
[Fastbot][2026-06-19 03:50:36.697] Content-Type: application/json
[Fastbot][2026-06-19 03:50:36.697] Date: Fri, 19 Jun 2026 03:50:36 GMT
[Fastbot][2026-06-19 03:50:36.697] Connection: keep-alive
[Fastbot][2026-06-19 03:50:36.697] Transfer-Encoding: chunked
[Fastbot][2026-06-19 03:50:36.700] 
[Fastbot][2026-06-19 03:50:36.701] {"jsonrpc":"2.0","id":1,"result":"<?xml version='1.0' encoding='UTF-8' standalone='yes' ?>\r\n<hierarchy rotation=\"0\">\r\n  <node index=\"0\" text=\"\" resource-id=\"\" class=\"android.widget.FrameLayout\" package=\"com.android.systemui\" content-desc=\"\" checkable=\"false\" checked=\"false\" cli...[truncated]
[Fastbot][2026-06-19 03:50:36.701] <-- END HTTP (50996-byte body)
[Fastbot][2026-06-19 03:50:36.769] // [Script] current activity is net.gsantner.markor.activity.MainActivity
[Fastbot][2026-06-19 03:50:36.770] [Proxy Server] Forwarding
[Fastbot][2026-06-19 03:50:36.770] --> POST http://127.0.0.1:9008/jsonrpc/0
[Fastbot][2026-06-19 03:50:36.771] Content-Type: application/json; charset=utf-8
[Fastbot][2026-06-19 03:50:36.771] Content-Length: 194
[Fastbot][2026-06-19 03:50:36.771] 
[Fastbot][2026-06-19 03:50:36.771] {"jsonrpc": "2.0", "id": 1, "method": "waitForExists", "params": [{"mask": 2097152, "childOrSibling": [], "childOrSiblingSelector": [], "resourceId": "net.gsantner.markor_test:id/icon"}, 20000]}
[Fastbot][2026-06-19 03:50:36.771] --> END POST (194-byte body)
[Fastbot][2026-06-19 03:50:36.785] <-- 200 OK  http://127.0.0.1:9008/jsonrpc/0 (13ms)
[Fastbot][2026-06-19 03:50:36.786] Content-Type: application/json
[Fastbot][2026-06-19 03:50:36.786] Date: Fri, 19 Jun 2026 03:50:36 GMT
[Fastbot][2026-06-19 03:50:36.786] Connection: keep-alive
[Fastbot][2026-06-19 03:50:36.787] Transfer-Encoding: chunked
[Fastbot][2026-06-19 03:50:36.787] 
[Fastbot][2026-06-19 03:50:36.787] {"jsonrpc":"2.0","id":1,"result":true}

[Fastbot][2026-06-19 03:50:36.787] <-- END HTTP (39-byte body)
[Fastbot][2026-06-19 03:50:36.804] [Proxy Server] Forwarding
[Fastbot][2026-06-19 03:50:36.804] --> POST http://127.0.0.1:9008/jsonrpc/0
[Fastbot][2026-06-19 03:50:36.804] Content-Type: application/json; charset=utf-8
[Fastbot][2026-06-19 03:50:36.804] Content-Length: 181
[Fastbot][2026-06-19 03:50:36.805] 
[Fastbot][2026-06-19 03:50:36.805] {"jsonrpc": "2.0", "id": 1, "method": "objInfo", "params": [{"mask": 2097152, "childOrSibling": [], "childOrSiblingSelector": [], "resourceId": "net.gsantner.markor_test:id/icon"}]}
[Fastbot][2026-06-19 03:50:36.805] --> END POST (181-byte body)
[Fastbot][2026-06-19 03:50:36.827] <-- 200 OK  http://127.0.0.1:9008/jsonrpc/0 (22ms)
[Fastbot][2026-06-19 03:50:36.827] Content-Type: application/json
[Fastbot][2026-06-19 03:50:36.828] Date: Fri, 19 Jun 2026 03:50:36 GMT
[Fastbot][2026-06-19 03:50:36.828] Connection: keep-alive
[Fastbot][2026-06-19 03:50:36.828] Transfer-Encoding: chunked
[Fastbot][2026-06-19 03:50:36.876] 
[Fastbot][2026-06-19 03:50:36.876] {"jsonrpc":"2.0","id":1,"result":{"bounds":{"bottom":2016,"left":102,"right":168,"top":2010},"childCount":0,"className":"android.widget.ImageView","contentDescription":null,"packageName":"net.gsantner.markor_test","resourceName":"net.gsantner.markor_test:id/icon","text":null,"visibleBounds":{"bottom...[truncated]
[Fastbot][2026-06-19 03:50:36.876] <-- END HTTP (502-byte body)
[Fastbot][2026-06-19 03:50:36.925] [Proxy Server] Detected script method: click
[Fastbot][2026-06-19 03:50:36.925] [Proxy Server] Forwarding
[Fastbot][2026-06-19 03:50:36.926] --> POST http://127.0.0.1:9008/jsonrpc/0
[Fastbot][2026-06-19 03:50:36.926] Content-Type: application/json; charset=utf-8
[Fastbot][2026-06-19 03:50:36.926] Content-Length: 73
[Fastbot][2026-06-19 03:50:36.926] 
[Fastbot][2026-06-19 03:50:36.927] {"jsonrpc": "2.0", "id": 1, "method": "click", "params": [135.0, 2013.0]}
[Fastbot][2026-06-19 03:50:36.927] --> END POST (73-byte body)
[Fastbot][2026-06-19 03:50:37.062] <-- 200 OK  http://127.0.0.1:9008/jsonrpc/0 (134ms)
[Fastbot][2026-06-19 03:50:37.062] Content-Type: application/json
[Fastbot][2026-06-19 03:50:37.062] Date: Fri, 19 Jun 2026 03:50:37 GMT
[Fastbot][2026-06-19 03:50:37.062] Connection: keep-alive
[Fastbot][2026-06-19 03:50:37.062] Transfer-Encoding: chunked
[Fastbot][2026-06-19 03:50:37.063] 
[Fastbot][2026-06-19 03:50:37.063] {"jsonrpc":"2.0","id":1,"result":true}

[Fastbot][2026-06-19 03:50:37.063] <-- END HTTP (39-byte body)
[Fastbot][2026-06-19 03:50:38.097] [Proxy Server] Forwarding
[Fastbot][2026-06-19 03:50:38.097] --> POST http://127.0.0.1:9008/jsonrpc/0
[Fastbot][2026-06-19 03:50:38.098] Content-Type: application/json; charset=utf-8
[Fastbot][2026-06-19 03:50:38.098] Content-Length: 202
[Fastbot][2026-06-19 03:50:38.098] 
[Fastbot][2026-06-19 03:50:38.098] {"jsonrpc": "2.0", "id": 1, "method": "waitForExists", "params": [{"mask": 2097152, "childOrSibling": [], "childOrSiblingSelector": [], "resourceId": "net.gsantner.markor_test:id/action_go_to"}, 20000]}
[Fastbot][2026-06-19 03:50:38.098] --> END POST (202-byte body)
[Fastbot][2026-06-19 03:50:38.112] <-- 200 OK  http://127.0.0.1:9008/jsonrpc/0 (13ms)
[Fastbot][2026-06-19 03:50:38.112] Content-Type: application/json
[Fastbot][2026-06-19 03:50:38.112] Date: Fri, 19 Jun 2026 03:50:38 GMT
[Fastbot][2026-06-19 03:50:38.112] Connection: keep-alive
[Fastbot][2026-06-19 03:50:38.113] Transfer-Encoding: chunked
[Fastbot][2026-06-19 03:50:38.113] 
[Fastbot][2026-06-19 03:50:38.113] {"jsonrpc":"2.0","id":1,"result":true}

[Fastbot][2026-06-19 03:50:38.113] <-- END HTTP (39-byte body)
[Fastbot][2026-06-19 03:50:38.145] [Proxy Server] Forwarding
[Fastbot][2026-06-19 03:50:38.145] --> POST http://127.0.0.1:9008/jsonrpc/0
[Fastbot][2026-06-19 03:50:38.146] Content-Type: application/json; charset=utf-8
[Fastbot][2026-06-19 03:50:38.146] Content-Length: 189
[Fastbot][2026-06-19 03:50:38.146] 
[Fastbot][2026-06-19 03:50:38.146] {"jsonrpc": "2.0", "id": 1, "method": "objInfo", "params": [{"mask": 2097152, "childOrSibling": [], "childOrSiblingSelector": [], "resourceId": "net.gsantner.markor_test:id/action_go_to"}]}
[Fastbot][2026-06-19 03:50:38.146] --> END POST (189-byte body)
[Fastbot][2026-06-19 03:50:38.174] <-- 200 OK  http://127.0.0.1:9008/jsonrpc/0 (28ms)
[Fastbot][2026-06-19 03:50:38.174] Content-Type: application/json
[Fastbot][2026-06-19 03:50:38.174] Date: Fri, 19 Jun 2026 03:50:38 GMT
[Fastbot][2026-06-19 03:50:38.174] Connection: keep-alive
[Fastbot][2026-06-19 03:50:38.174] Transfer-Encoding: chunked
[Fastbot][2026-06-19 03:50:38.176] 
[Fastbot][2026-06-19 03:50:38.176] {"jsonrpc":"2.0","id":1,"result":{"bounds":{"bottom":275,"left":639,"right":749,"top":143},"childCount":0,"className":"android.widget.TextView","contentDescription":"Go to","packageName":"net.gsantner.markor_test","resourceName":"net.gsantner.markor_test:id/action_go_to","text":null,"visibleBounds":...[truncated]
[Fastbot][2026-06-19 03:50:38.176] <-- END HTTP (506-byte body)
[Fastbot][2026-06-19 03:50:38.191] [Proxy Server] Detected script method: click
[Fastbot][2026-06-19 03:50:38.191] [Proxy Server] Forwarding
[Fastbot][2026-06-19 03:50:38.192] --> POST http://127.0.0.1:9008/jsonrpc/0
[Fastbot][2026-06-19 03:50:38.192] Content-Type: application/json; charset=utf-8
[Fastbot][2026-06-19 03:50:38.192] Content-Length: 72
[Fastbot][2026-06-19 03:50:38.193] 
[Fastbot][2026-06-19 03:50:38.193] {"jsonrpc": "2.0", "id": 1, "method": "click", "params": [694.0, 209.0]}
[Fastbot][2026-06-19 03:50:38.193] --> END POST (72-byte body)
[Fastbot][2026-06-19 03:50:38.330] <-- 200 OK  http://127.0.0.1:9008/jsonrpc/0 (136ms)
[Fastbot][2026-06-19 03:50:38.334] Content-Type: application/json
[Fastbot][2026-06-19 03:50:38.334] Date: Fri, 19 Jun 2026 03:50:38 GMT
[Fastbot][2026-06-19 03:50:38.334] Connection: keep-alive
[Fastbot][2026-06-19 03:50:38.334] Transfer-Encoding: chunked
[Fastbot][2026-06-19 03:50:38.427] 
[Fastbot][2026-06-19 03:50:38.427] {"jsonrpc":"2.0","id":1,"result":true}

[Fastbot][2026-06-19 03:50:38.427] <-- END HTTP (39-byte body)
[Fastbot][2026-06-19 03:50:39.471] [Proxy Server] Forwarding
[Fastbot][2026-06-19 03:50:39.471] --> POST http://127.0.0.1:9008/jsonrpc/0
[Fastbot][2026-06-19 03:50:39.471] Content-Type: application/json; charset=utf-8
[Fastbot][2026-06-19 03:50:39.471] Content-Length: 215
[Fastbot][2026-06-19 03:50:39.471] 
[Fastbot][2026-06-19 03:50:39.472] {"jsonrpc": "2.0", "id": 1, "method": "waitForExists", "params": [{"mask": 2097153, "childOrSibling": [], "childOrSiblingSelector": [], "resourceId": "net.gsantner.markor_test:id/title", "text": "Notebook"}, 20000]}
[Fastbot][2026-06-19 03:50:39.472] --> END POST (215-byte body)
[Fastbot][2026-06-19 03:50:39.484] <-- 200 OK  http://127.0.0.1:9008/jsonrpc/0 (12ms)
[Fastbot][2026-06-19 03:50:39.485] Content-Type: application/json
[Fastbot][2026-06-19 03:50:39.485] Date: Fri, 19 Jun 2026 03:50:39 GMT
[Fastbot][2026-06-19 03:50:39.485] Connection: keep-alive
[Fastbot][2026-06-19 03:50:39.485] Transfer-Encoding: chunked
[Fastbot][2026-06-19 03:50:39.485] 
[Fastbot][2026-06-19 03:50:39.486] {"jsonrpc":"2.0","id":1,"result":true}

[Fastbot][2026-06-19 03:50:39.486] <-- END HTTP (39-byte body)
[Fastbot][2026-06-19 03:50:39.519] [Proxy Server] Forwarding
[Fastbot][2026-06-19 03:50:39.519] --> POST http://127.0.0.1:9008/jsonrpc/0
[Fastbot][2026-06-19 03:50:39.519] Content-Type: application/json; charset=utf-8
[Fastbot][2026-06-19 03:50:39.519] Content-Length: 202
[Fastbot][2026-06-19 03:50:39.520] 
[Fastbot][2026-06-19 03:50:39.520] {"jsonrpc": "2.0", "id": 1, "method": "objInfo", "params": [{"mask": 2097153, "childOrSibling": [], "childOrSiblingSelector": [], "resourceId": "net.gsantner.markor_test:id/title", "text": "Notebook"}]}
[Fastbot][2026-06-19 03:50:39.520] --> END POST (202-byte body)
[Fastbot][2026-06-19 03:50:39.541] <-- 200 OK  http://127.0.0.1:9008/jsonrpc/0 (20ms)
[Fastbot][2026-06-19 03:50:39.541] Content-Type: application/json
[Fastbot][2026-06-19 03:50:39.541] Date: Fri, 19 Jun 2026 03:50:39 GMT
[Fastbot][2026-06-19 03:50:39.541] Connection: keep-alive
[Fastbot][2026-06-19 03:50:39.541] Transfer-Encoding: chunked
[Fastbot][2026-06-19 03:50:39.585] 
[Fastbot][2026-06-19 03:50:39.585] {"jsonrpc":"2.0","id":1,"result":{"bounds":{"bottom":1111,"left":443,"right":992,"top":1103},"childCount":0,"className":"android.widget.TextView","contentDescription":null,"packageName":"net.gsantner.markor_test","resourceName":"net.gsantner.markor_test:id/title","text":"Notebook","visibleBounds":{"...[truncated]
[Fastbot][2026-06-19 03:50:39.585] <-- END HTTP (509-byte body)
[Fastbot][2026-06-19 03:50:39.602] [Proxy Server] Detected script method: click
[Fastbot][2026-06-19 03:50:39.602] [Proxy Server] Forwarding
[Fastbot][2026-06-19 03:50:39.603] --> POST http://127.0.0.1:9008/jsonrpc/0
[Fastbot][2026-06-19 03:50:39.603] Content-Type: application/json; charset=utf-8
[Fastbot][2026-06-19 03:50:39.603] Content-Length: 73
[Fastbot][2026-06-19 03:50:39.604] 
[Fastbot][2026-06-19 03:50:39.604] {"jsonrpc": "2.0", "id": 1, "method": "click", "params": [717.5, 1107.0]}
[Fastbot][2026-06-19 03:50:39.604] --> END POST (73-byte body)
[Fastbot][2026-06-19 03:50:39.731] <-- 200 OK  http://127.0.0.1:9008/jsonrpc/0 (127ms)
[Fastbot][2026-06-19 03:50:39.731] Content-Type: application/json
[Fastbot][2026-06-19 03:50:39.731] Date: Fri, 19 Jun 2026 03:50:39 GMT
[Fastbot][2026-06-19 03:50:39.732] Connection: keep-alive
[Fastbot][2026-06-19 03:50:39.732] Transfer-Encoding: chunked
[Fastbot][2026-06-19 03:50:39.801] 
[Fastbot][2026-06-19 03:50:39.802] {"jsonrpc":"2.0","id":1,"result":true}

[Fastbot][2026-06-19 03:50:39.802] <-- END HTTP (39-byte body)
[Fastbot][2026-06-19 03:50:40.830] [Proxy Server] Forwarding
[Fastbot][2026-06-19 03:50:40.830] --> POST http://127.0.0.1:9008/jsonrpc/0
[Fastbot][2026-06-19 03:50:40.830] Content-Type: application/json; charset=utf-8
[Fastbot][2026-06-19 03:50:40.830] Content-Length: 202
[Fastbot][2026-06-19 03:50:40.830] 
[Fastbot][2026-06-19 03:50:40.830] {"jsonrpc": "2.0", "id": 1, "method": "count", "params": [{"mask": 2097152, "childOrSibling": [], "childOrSiblingSelector": [], "resourceId": "net.gsantner.markor_test:id/opoc_filesystem_item__title"}]}
[Fastbot][2026-06-19 03:50:40.830] --> END POST (202-byte body)
[Fastbot][2026-06-19 03:50:40.852] <-- 200 OK  http://127.0.0.1:9008/jsonrpc/0 (21ms)
[Fastbot][2026-06-19 03:50:40.852] Content-Type: application/json
[Fastbot][2026-06-19 03:50:40.852] Date: Fri, 19 Jun 2026 03:50:40 GMT
[Fastbot][2026-06-19 03:50:40.852] Connection: keep-alive
[Fastbot][2026-06-19 03:50:40.852] Transfer-Encoding: chunked
[Fastbot][2026-06-19 03:50:40.852] 
[Fastbot][2026-06-19 03:50:40.852] {"jsonrpc":"2.0","id":1,"result":5}

[Fastbot][2026-06-19 03:50:40.852] <-- END HTTP (36-byte body)
[Fastbot][2026-06-19 03:50:40.867] [Proxy Server] Forwarding
[Fastbot][2026-06-19 03:50:40.868] --> POST http://127.0.0.1:9008/jsonrpc/0
[Fastbot][2026-06-19 03:50:40.868] Content-Type: application/json; charset=utf-8
[Fastbot][2026-06-19 03:50:40.868] Content-Length: 233
[Fastbot][2026-06-19 03:50:40.868] 
[Fastbot][2026-06-19 03:50:40.868] {"jsonrpc": "2.0", "id": 1, "method": "waitForExists", "params": [{"mask": 18874368, "childOrSibling": [], "childOrSiblingSelector": [], "resourceId": "net.gsantner.markor_test:id/opoc_filesystem_item__title", "instance": 0}, 20000]}
[Fastbot][2026-06-19 03:50:40.869] --> END POST (233-byte body)
[Fastbot][2026-06-19 03:50:40.877] <-- 200 OK  http://127.0.0.1:9008/jsonrpc/0 (8ms)
[Fastbot][2026-06-19 03:50:40.877] Content-Type: application/json
[Fastbot][2026-06-19 03:50:40.877] Date: Fri, 19 Jun 2026 03:50:40 GMT
[Fastbot][2026-06-19 03:50:40.877] Connection: keep-alive
[Fastbot][2026-06-19 03:50:40.878] Transfer-Encoding: chunked
[Fastbot][2026-06-19 03:50:40.925] 
[Fastbot][2026-06-19 03:50:40.925] {"jsonrpc":"2.0","id":1,"result":true}

[Fastbot][2026-06-19 03:50:40.925] <-- END HTTP (39-byte body)
[Fastbot][2026-06-19 03:50:40.940] [Proxy Server] Forwarding
[Fastbot][2026-06-19 03:50:40.940] --> POST http://127.0.0.1:9008/jsonrpc/0
[Fastbot][2026-06-19 03:50:40.941] Content-Type: application/json; charset=utf-8
[Fastbot][2026-06-19 03:50:40.941] Content-Length: 220
[Fastbot][2026-06-19 03:50:40.941] 
[Fastbot][2026-06-19 03:50:40.941] {"jsonrpc": "2.0", "id": 1, "method": "getText", "params": [{"mask": 18874368, "childOrSibling": [], "childOrSiblingSelector": [], "resourceId": "net.gsantner.markor_test:id/opoc_filesystem_item__title", "instance": 0}]}
[Fastbot][2026-06-19 03:50:40.941] --> END POST (220-byte body)
[Fastbot][2026-06-19 03:50:40.952] <-- 200 OK  http://127.0.0.1:9008/jsonrpc/0 (10ms)
[Fastbot][2026-06-19 03:50:40.952] Content-Type: application/json
[Fastbot][2026-06-19 03:50:40.952] Date: Fri, 19 Jun 2026 03:50:40 GMT
[Fastbot][2026-06-19 03:50:40.952] Connection: keep-alive
[Fastbot][2026-06-19 03:50:40.953] Transfer-Encoding: chunked
[Fastbot][2026-06-19 03:50:41.004] 
[Fastbot][2026-06-19 03:50:41.004] {"jsonrpc":"2.0","id":1,"result":".."}

[Fastbot][2026-06-19 03:50:41.004] <-- END HTTP (39-byte body)
[Fastbot][2026-06-19 03:50:41.049] [Proxy Server] Forwarding
[Fastbot][2026-06-19 03:50:41.049] --> POST http://127.0.0.1:9008/jsonrpc/0
[Fastbot][2026-06-19 03:50:41.049] Content-Type: application/json; charset=utf-8
[Fastbot][2026-06-19 03:50:41.049] Content-Length: 233
[Fastbot][2026-06-19 03:50:41.049] 
[Fastbot][2026-06-19 03:50:41.050] {"jsonrpc": "2.0", "id": 1, "method": "waitForExists", "params": [{"mask": 18874368, "childOrSibling": [], "childOrSiblingSelector": [], "resourceId": "net.gsantner.markor_test:id/opoc_filesystem_item__title", "instance": 1}, 20000]}
[Fastbot][2026-06-19 03:50:41.050] --> END POST (233-byte body)
[Fastbot][2026-06-19 03:50:41.056] <-- 200 OK  http://127.0.0.1:9008/jsonrpc/0 (5ms)
[Fastbot][2026-06-19 03:50:41.056] Content-Type: application/json
[Fastbot][2026-06-19 03:50:41.056] Date: Fri, 19 Jun 2026 03:50:41 GMT
[Fastbot][2026-06-19 03:50:41.056] Connection: keep-alive
[Fastbot][2026-06-19 03:50:41.056] Transfer-Encoding: chunked
[Fastbot][2026-06-19 03:50:41.057] 
[Fastbot][2026-06-19 03:50:41.057] {"jsonrpc":"2.0","id":1,"result":true}

[Fastbot][2026-06-19 03:50:41.057] <-- END HTTP (39-byte body)
[Fastbot][2026-06-19 03:50:41.096] [Proxy Server] Forwarding
[Fastbot][2026-06-19 03:50:41.096] --> POST http://127.0.0.1:9008/jsonrpc/0
[Fastbot][2026-06-19 03:50:41.096] Content-Type: application/json; charset=utf-8
[Fastbot][2026-06-19 03:50:41.096] Content-Length: 220
[Fastbot][2026-06-19 03:50:41.097] 
[Fastbot][2026-06-19 03:50:41.097] {"jsonrpc": "2.0", "id": 1, "method": "getText", "params": [{"mask": 18874368, "childOrSibling": [], "childOrSiblingSelector": [], "resourceId": "net.gsantner.markor_test:id/opoc_filesystem_item__title", "instance": 1}]}
[Fastbot][2026-06-19 03:50:41.097] --> END POST (220-byte body)
[Fastbot][2026-06-19 03:50:41.104] <-- 200 OK  http://127.0.0.1:9008/jsonrpc/0 (7ms)
[Fastbot][2026-06-19 03:50:41.104] Content-Type: application/json
[Fastbot][2026-06-19 03:50:41.104] Date: Fri, 19 Jun 2026 03:50:41 GMT
[Fastbot][2026-06-19 03:50:41.104] Connection: keep-alive
[Fastbot][2026-06-19 03:50:41.104] Transfer-Encoding: chunked
[Fastbot][2026-06-19 03:50:41.105] 
[Fastbot][2026-06-19 03:50:41.105] {"jsonrpc":"2.0","id":1,"result":"A.txt"}

[Fastbot][2026-06-19 03:50:41.105] <-- END HTTP (42-byte body)
[Fastbot][2026-06-19 03:50:41.144] [Proxy Server] Forwarding
[Fastbot][2026-06-19 03:50:41.144] --> POST http://127.0.0.1:9008/jsonrpc/0
[Fastbot][2026-06-19 03:50:41.144] Content-Type: application/json; charset=utf-8
[Fastbot][2026-06-19 03:50:41.144] Content-Length: 233
[Fastbot][2026-06-19 03:50:41.144] 
[Fastbot][2026-06-19 03:50:41.144] {"jsonrpc": "2.0", "id": 1, "method": "waitForExists", "params": [{"mask": 18874368, "childOrSibling": [], "childOrSiblingSelector": [], "resourceId": "net.gsantner.markor_test:id/opoc_filesystem_item__title", "instance": 2}, 20000]}
[Fastbot][2026-06-19 03:50:41.144] --> END POST (233-byte body)
[Fastbot][2026-06-19 03:50:41.150] <-- 200 OK  http://127.0.0.1:9008/jsonrpc/0 (5ms)
[Fastbot][2026-06-19 03:50:41.150] Content-Type: application/json
[Fastbot][2026-06-19 03:50:41.150] Date: Fri, 19 Jun 2026 03:50:41 GMT
[Fastbot][2026-06-19 03:50:41.150] Connection: keep-alive
[Fastbot][2026-06-19 03:50:41.151] Transfer-Encoding: chunked
[Fastbot][2026-06-19 03:50:41.151] 
[Fastbot][2026-06-19 03:50:41.151] {"jsonrpc":"2.0","id":1,"result":true}

[Fastbot][2026-06-19 03:50:41.151] <-- END HTTP (39-byte body)
[Fastbot][2026-06-19 03:50:41.166] [Proxy Server] Forwarding
[Fastbot][2026-06-19 03:50:41.166] --> POST http://127.0.0.1:9008/jsonrpc/0
[Fastbot][2026-06-19 03:50:41.167] Content-Type: application/json; charset=utf-8
[Fastbot][2026-06-19 03:50:41.167] Content-Length: 220
[Fastbot][2026-06-19 03:50:41.167] 
[Fastbot][2026-06-19 03:50:41.167] {"jsonrpc": "2.0", "id": 1, "method": "getText", "params": [{"mask": 18874368, "childOrSibling": [], "childOrSiblingSelector": [], "resourceId": "net.gsantner.markor_test:id/opoc_filesystem_item__title", "instance": 2}]}
[Fastbot][2026-06-19 03:50:41.167] --> END POST (220-byte body)
[Fastbot][2026-06-19 03:50:41.174] <-- 200 OK  http://127.0.0.1:9008/jsonrpc/0 (6ms)
[Fastbot][2026-06-19 03:50:41.174] Content-Type: application/json
[Fastbot][2026-06-19 03:50:41.174] Date: Fri, 19 Jun 2026 03:50:41 GMT
[Fastbot][2026-06-19 03:50:41.175] Connection: keep-alive
[Fastbot][2026-06-19 03:50:41.175] Transfer-Encoding: chunked
[Fastbot][2026-06-19 03:50:41.215] 
[Fastbot][2026-06-19 03:50:41.215] {"jsonrpc":"2.0","id":1,"result":"DXTkt.md"}

[Fastbot][2026-06-19 03:50:41.215] <-- END HTTP (45-byte body)
[Fastbot][2026-06-19 03:50:41.252] [Proxy Server] Forwarding
[Fastbot][2026-06-19 03:50:41.253] --> POST http://127.0.0.1:9008/jsonrpc/0
[Fastbot][2026-06-19 03:50:41.253] Content-Type: application/json; charset=utf-8
[Fastbot][2026-06-19 03:50:41.253] Content-Length: 233
[Fastbot][2026-06-19 03:50:41.253] 
[Fastbot][2026-06-19 03:50:41.253] {"jsonrpc": "2.0", "id": 1, "method": "waitForExists", "params": [{"mask": 18874368, "childOrSibling": [], "childOrSiblingSelector": [], "resourceId": "net.gsantner.markor_test:id/opoc_filesystem_item__title", "instance": 2}, 20000]}
[Fastbot][2026-06-19 03:50:41.253] --> END POST (233-byte body)
[Fastbot][2026-06-19 03:50:41.259] <-- 200 OK  http://127.0.0.1:9008/jsonrpc/0 (5ms)
[Fastbot][2026-06-19 03:50:41.259] Content-Type: application/json
[Fastbot][2026-06-19 03:50:41.259] Date: Fri, 19 Jun 2026 03:50:41 GMT
[Fastbot][2026-06-19 03:50:41.260] Connection: keep-alive
[Fastbot][2026-06-19 03:50:41.260] Transfer-Encoding: chunked
[Fastbot][2026-06-19 03:50:41.261] 
[Fastbot][2026-06-19 03:50:41.261] {"jsonrpc":"2.0","id":1,"result":true}

[Fastbot][2026-06-19 03:50:41.261] <-- END HTTP (39-byte body)
[Fastbot][2026-06-19 03:50:41.315] [Proxy Server] Forwarding
[Fastbot][2026-06-19 03:50:41.315] --> POST http://127.0.0.1:9008/jsonrpc/0
[Fastbot][2026-06-19 03:50:41.315] Content-Type: application/json; charset=utf-8
[Fastbot][2026-06-19 03:50:41.316] Content-Length: 220
[Fastbot][2026-06-19 03:50:41.316] 
[Fastbot][2026-06-19 03:50:41.316] {"jsonrpc": "2.0", "id": 1, "method": "getText", "params": [{"mask": 18874368, "childOrSibling": [], "childOrSiblingSelector": [], "resourceId": "net.gsantner.markor_test:id/opoc_filesystem_item__title", "instance": 2}]}
[Fastbot][2026-06-19 03:50:41.316] --> END POST (220-byte body)
[Fastbot][2026-06-19 03:50:41.324] <-- 200 OK  http://127.0.0.1:9008/jsonrpc/0 (7ms)
[Fastbot][2026-06-19 03:50:41.324] Content-Type: application/json
[Fastbot][2026-06-19 03:50:41.324] Date: Fri, 19 Jun 2026 03:50:41 GMT
[Fastbot][2026-06-19 03:50:41.324] Connection: keep-alive
[Fastbot][2026-06-19 03:50:41.324] Transfer-Encoding: chunked
[Fastbot][2026-06-19 03:50:41.326] 
[Fastbot][2026-06-19 03:50:41.326] {"jsonrpc":"2.0","id":1,"result":"DXTkt.md"}

[Fastbot][2026-06-19 03:50:41.326] <-- END HTTP (45-byte body)
[Fastbot][2026-06-19 03:50:41.378] [Proxy Server] Forwarding
[Fastbot][2026-06-19 03:50:41.379] --> POST http://127.0.0.1:9008/jsonrpc/0
[Fastbot][2026-06-19 03:50:41.379] Content-Type: application/json; charset=utf-8
[Fastbot][2026-06-19 03:50:41.379] Content-Length: 233
[Fastbot][2026-06-19 03:50:41.379] 
[Fastbot][2026-06-19 03:50:41.379] {"jsonrpc": "2.0", "id": 1, "method": "waitForExists", "params": [{"mask": 18874368, "childOrSibling": [], "childOrSiblingSelector": [], "resourceId": "net.gsantner.markor_test:id/opoc_filesystem_item__title", "instance": 3}, 20000]}
[Fastbot][2026-06-19 03:50:41.380] --> END POST (233-byte body)
[Fastbot][2026-06-19 03:50:41.386] <-- 200 OK  http://127.0.0.1:9008/jsonrpc/0 (6ms)
[Fastbot][2026-06-19 03:50:41.386] Content-Type: application/json
[Fastbot][2026-06-19 03:50:41.387] Date: Fri, 19 Jun 2026 03:50:41 GMT
[Fastbot][2026-06-19 03:50:41.387] Connection: keep-alive
[Fastbot][2026-06-19 03:50:41.387] Transfer-Encoding: chunked
[Fastbot][2026-06-19 03:50:41.388] 
[Fastbot][2026-06-19 03:50:41.388] {"jsonrpc":"2.0","id":1,"result":true}

[Fastbot][2026-06-19 03:50:41.388] <-- END HTTP (39-byte body)
[Fastbot][2026-06-19 03:50:41.425] [Proxy Server] Forwarding
[Fastbot][2026-06-19 03:50:41.425] --> POST http://127.0.0.1:9008/jsonrpc/0
[Fastbot][2026-06-19 03:50:41.425] Content-Type: application/json; charset=utf-8
[Fastbot][2026-06-19 03:50:41.425] Content-Length: 220
[Fastbot][2026-06-19 03:50:41.426] 
[Fastbot][2026-06-19 03:50:41.426] {"jsonrpc": "2.0", "id": 1, "method": "getText", "params": [{"mask": 18874368, "childOrSibling": [], "childOrSiblingSelector": [], "resourceId": "net.gsantner.markor_test:id/opoc_filesystem_item__title", "instance": 3}]}
[Fastbot][2026-06-19 03:50:41.426] --> END POST (220-byte body)
[Fastbot][2026-06-19 03:50:41.431] <-- 200 OK  http://127.0.0.1:9008/jsonrpc/0 (5ms)
[Fastbot][2026-06-19 03:50:41.431] Content-Type: application/json
[Fastbot][2026-06-19 03:50:41.431] Date: Fri, 19 Jun 2026 03:50:41 GMT
[Fastbot][2026-06-19 03:50:41.431] Connection: keep-alive
[Fastbot][2026-06-19 03:50:41.431] Transfer-Encoding: chunked
[Fastbot][2026-06-19 03:50:41.432] 
[Fastbot][2026-06-19 03:50:41.432] {"jsonrpc":"2.0","id":1,"result":"iELd_YR6Nc.md"}

[Fastbot][2026-06-19 03:50:41.433] <-- END HTTP (50-byte body)
[Fastbot][2026-06-19 03:50:41.472] [Proxy Server] Forwarding
[Fastbot][2026-06-19 03:50:41.472] --> POST http://127.0.0.1:9008/jsonrpc/0
[Fastbot][2026-06-19 03:50:41.473] Content-Type: application/json; charset=utf-8
[Fastbot][2026-06-19 03:50:41.473] Content-Length: 233
[Fastbot][2026-06-19 03:50:41.473] 
[Fastbot][2026-06-19 03:50:41.474] {"jsonrpc": "2.0", "id": 1, "method": "waitForExists", "params": [{"mask": 18874368, "childOrSibling": [], "childOrSiblingSelector": [], "resourceId": "net.gsantner.markor_test:id/opoc_filesystem_item__title", "instance": 3}, 20000]}
[Fastbot][2026-06-19 03:50:41.474] --> END POST (233-byte body)
[Fastbot][2026-06-19 03:50:41.479] <-- 200 OK  http://127.0.0.1:9008/jsonrpc/0 (5ms)
[Fastbot][2026-06-19 03:50:41.479] Content-Type: application/json
[Fastbot][2026-06-19 03:50:41.479] Date: Fri, 19 Jun 2026 03:50:41 GMT
[Fastbot][2026-06-19 03:50:41.480] Connection: keep-alive
[Fastbot][2026-06-19 03:50:41.480] Transfer-Encoding: chunked
[Fastbot][2026-06-19 03:50:41.481] 
[Fastbot][2026-06-19 03:50:41.481] {"jsonrpc":"2.0","id":1,"result":true}

[Fastbot][2026-06-19 03:50:41.481] <-- END HTTP (39-byte body)
[Fastbot][2026-06-19 03:50:41.518] [Proxy Server] Forwarding
[Fastbot][2026-06-19 03:50:41.518] --> POST http://127.0.0.1:9008/jsonrpc/0
[Fastbot][2026-06-19 03:50:41.519] Content-Type: application/json; charset=utf-8
[Fastbot][2026-06-19 03:50:41.519] Content-Length: 220
[Fastbot][2026-06-19 03:50:41.519] 
[Fastbot][2026-06-19 03:50:41.519] {"jsonrpc": "2.0", "id": 1, "method": "getText", "params": [{"mask": 18874368, "childOrSibling": [], "childOrSiblingSelector": [], "resourceId": "net.gsantner.markor_test:id/opoc_filesystem_item__title", "instance": 3}]}
[Fastbot][2026-06-19 03:50:41.519] --> END POST (220-byte body)
[Fastbot][2026-06-19 03:50:41.526] <-- 200 OK  http://127.0.0.1:9008/jsonrpc/0 (5ms)
[Fastbot][2026-06-19 03:50:41.526] Content-Type: application/json
[Fastbot][2026-06-19 03:50:41.526] Date: Fri, 19 Jun 2026 03:50:41 GMT
[Fastbot][2026-06-19 03:50:41.526] Connection: keep-alive
[Fastbot][2026-06-19 03:50:41.526] Transfer-Encoding: chunked
[Fastbot][2026-06-19 03:50:41.527] 
[Fastbot][2026-06-19 03:50:41.527] {"jsonrpc":"2.0","id":1,"result":"iELd_YR6Nc.md"}

[Fastbot][2026-06-19 03:50:41.528] <-- END HTTP (50-byte body)
[Fastbot][2026-06-19 03:50:41.581] [Proxy Server] Forwarding
[Fastbot][2026-06-19 03:50:41.581] --> POST http://127.0.0.1:9008/jsonrpc/0
[Fastbot][2026-06-19 03:50:41.581] Content-Type: application/json; charset=utf-8
[Fastbot][2026-06-19 03:50:41.581] Content-Length: 233
[Fastbot][2026-06-19 03:50:41.581] 
[Fastbot][2026-06-19 03:50:41.581] {"jsonrpc": "2.0", "id": 1, "method": "waitForExists", "params": [{"mask": 18874368, "childOrSibling": [], "childOrSiblingSelector": [], "resourceId": "net.gsantner.markor_test:id/opoc_filesystem_item__title", "instance": 4}, 20000]}
[Fastbot][2026-06-19 03:50:41.581] --> END POST (233-byte body)
[Fastbot][2026-06-19 03:50:41.588] <-- 200 OK  http://127.0.0.1:9008/jsonrpc/0 (6ms)
[Fastbot][2026-06-19 03:50:41.588] Content-Type: application/json
[Fastbot][2026-06-19 03:50:41.588] Date: Fri, 19 Jun 2026 03:50:41 GMT
[Fastbot][2026-06-19 03:50:41.588] Connection: keep-alive
[Fastbot][2026-06-19 03:50:41.588] Transfer-Encoding: chunked
[Fastbot][2026-06-19 03:50:41.589] 
[Fastbot][2026-06-19 03:50:41.589] {"jsonrpc":"2.0","id":1,"result":true}

[Fastbot][2026-06-19 03:50:41.589] <-- END HTTP (39-byte body)
[Fastbot][2026-06-19 03:50:41.627] [Proxy Server] Forwarding
[Fastbot][2026-06-19 03:50:41.627] --> POST http://127.0.0.1:9008/jsonrpc/0
[Fastbot][2026-06-19 03:50:41.628] Content-Type: application/json; charset=utf-8
[Fastbot][2026-06-19 03:50:41.628] Content-Length: 220
[Fastbot][2026-06-19 03:50:41.628] 
[Fastbot][2026-06-19 03:50:41.628] {"jsonrpc": "2.0", "id": 1, "method": "getText", "params": [{"mask": 18874368, "childOrSibling": [], "childOrSiblingSelector": [], "resourceId": "net.gsantner.markor_test:id/opoc_filesystem_item__title", "instance": 4}]}
[Fastbot][2026-06-19 03:50:41.628] --> END POST (220-byte body)
[Fastbot][2026-06-19 03:50:41.633] <-- 200 OK  http://127.0.0.1:9008/jsonrpc/0 (5ms)
[Fastbot][2026-06-19 03:50:41.634] Content-Type: application/json
[Fastbot][2026-06-19 03:50:41.634] Date: Fri, 19 Jun 2026 03:50:41 GMT
[Fastbot][2026-06-19 03:50:41.634] Connection: keep-alive
[Fastbot][2026-06-19 03:50:41.634] Transfer-Encoding: chunked
[Fastbot][2026-06-19 03:50:41.634] 
[Fastbot][2026-06-19 03:50:41.635] {"jsonrpc":"2.0","id":1,"result":"k9qMhDEC7s.md"}

[Fastbot][2026-06-19 03:50:41.635] <-- END HTTP (50-byte body)
[Fastbot][2026-06-19 03:50:41.660] [Proxy Server] Forwarding
[Fastbot][2026-06-19 03:50:41.660] --> POST http://127.0.0.1:9008/jsonrpc/0
[Fastbot][2026-06-19 03:50:41.661] Content-Type: application/json; charset=utf-8
[Fastbot][2026-06-19 03:50:41.661] Content-Length: 233
[Fastbot][2026-06-19 03:50:41.661] 
[Fastbot][2026-06-19 03:50:41.661] {"jsonrpc": "2.0", "id": 1, "method": "waitForExists", "params": [{"mask": 18874368, "childOrSibling": [], "childOrSiblingSelector": [], "resourceId": "net.gsantner.markor_test:id/opoc_filesystem_item__title", "instance": 4}, 20000]}
[Fastbot][2026-06-19 03:50:41.661] --> END POST (233-byte body)
[Fastbot][2026-06-19 03:50:41.669] <-- 200 OK  http://127.0.0.1:9008/jsonrpc/0 (8ms)
[Fastbot][2026-06-19 03:50:41.669] Content-Type: application/json
[Fastbot][2026-06-19 03:50:41.669] Date: Fri, 19 Jun 2026 03:50:41 GMT
[Fastbot][2026-06-19 03:50:41.669] Connection: keep-alive
[Fastbot][2026-06-19 03:50:41.669] Transfer-Encoding: chunked
[Fastbot][2026-06-19 03:50:41.670] 
[Fastbot][2026-06-19 03:50:41.670] {"jsonrpc":"2.0","id":1,"result":true}

[Fastbot][2026-06-19 03:50:41.670] <-- END HTTP (39-byte body)
[Fastbot][2026-06-19 03:50:41.707] [Proxy Server] Forwarding
[Fastbot][2026-06-19 03:50:41.707] --> POST http://127.0.0.1:9008/jsonrpc/0
[Fastbot][2026-06-19 03:50:41.708] Content-Type: application/json; charset=utf-8
[Fastbot][2026-06-19 03:50:41.708] Content-Length: 220
[Fastbot][2026-06-19 03:50:41.708] 
[Fastbot][2026-06-19 03:50:41.708] {"jsonrpc": "2.0", "id": 1, "method": "getText", "params": [{"mask": 18874368, "childOrSibling": [], "childOrSiblingSelector": [], "resourceId": "net.gsantner.markor_test:id/opoc_filesystem_item__title", "instance": 4}]}
[Fastbot][2026-06-19 03:50:41.708] --> END POST (220-byte body)
[Fastbot][2026-06-19 03:50:41.714] <-- 200 OK  http://127.0.0.1:9008/jsonrpc/0 (5ms)
[Fastbot][2026-06-19 03:50:41.714] Content-Type: application/json
[Fastbot][2026-06-19 03:50:41.714] Date: Fri, 19 Jun 2026 03:50:41 GMT
[Fastbot][2026-06-19 03:50:41.714] Connection: keep-alive
[Fastbot][2026-06-19 03:50:41.714] Transfer-Encoding: chunked
[Fastbot][2026-06-19 03:50:41.716] 
[Fastbot][2026-06-19 03:50:41.716] {"jsonrpc":"2.0","id":1,"result":"k9qMhDEC7s.md"}

[Fastbot][2026-06-19 03:50:41.716] <-- END HTTP (50-byte body)
[Fastbot][2026-06-19 03:50:41.754] [Proxy Server] Forwarding
[Fastbot][2026-06-19 03:50:41.755] --> POST http://127.0.0.1:9008/jsonrpc/0
[Fastbot][2026-06-19 03:50:41.755] Content-Type: application/json; charset=utf-8
[Fastbot][2026-06-19 03:50:41.755] Content-Length: 242
[Fastbot][2026-06-19 03:50:41.755] 
[Fastbot][2026-06-19 03:50:41.755] {"jsonrpc": "2.0", "id": 1, "method": "waitForExists", "params": [{"mask": 2097153, "childOrSibling": [], "childOrSiblingSelector": [], "resourceId": "net.gsantner.markor_test:id/opoc_filesystem_item__title", "text": "iELd_YR6Nc.md"}, 20000]}
[Fastbot][2026-06-19 03:50:41.755] --> END POST (242-byte body)
[Fastbot][2026-06-19 03:50:41.773] <-- 200 OK  http://127.0.0.1:9008/jsonrpc/0 (17ms)
[Fastbot][2026-06-19 03:50:41.774] Content-Type: application/json
[Fastbot][2026-06-19 03:50:41.774] Date: Fri, 19 Jun 2026 03:50:41 GMT
[Fastbot][2026-06-19 03:50:41.774] Connection: keep-alive
[Fastbot][2026-06-19 03:50:41.774] Transfer-Encoding: chunked
[Fastbot][2026-06-19 03:50:41.777] 
[Fastbot][2026-06-19 03:50:41.777] {"jsonrpc":"2.0","id":1,"result":true}

[Fastbot][2026-06-19 03:50:41.777] <-- END HTTP (39-byte body)
[Fastbot][2026-06-19 03:50:41.832] [Proxy Server] Forwarding
[Fastbot][2026-06-19 03:50:41.832] --> POST http://127.0.0.1:9008/jsonrpc/0
[Fastbot][2026-06-19 03:50:41.832] Content-Type: application/json; charset=utf-8
[Fastbot][2026-06-19 03:50:41.832] Content-Length: 229
[Fastbot][2026-06-19 03:50:41.833] 
[Fastbot][2026-06-19 03:50:41.833] {"jsonrpc": "2.0", "id": 1, "method": "objInfo", "params": [{"mask": 2097153, "childOrSibling": [], "childOrSiblingSelector": [], "resourceId": "net.gsantner.markor_test:id/opoc_filesystem_item__title", "text": "iELd_YR6Nc.md"}]}
[Fastbot][2026-06-19 03:50:41.833] --> END POST (229-byte body)
[Fastbot][2026-06-19 03:50:41.857] <-- 200 OK  http://127.0.0.1:9008/jsonrpc/0 (24ms)
[Fastbot][2026-06-19 03:50:41.858] Content-Type: application/json
[Fastbot][2026-06-19 03:50:41.858] Date: Fri, 19 Jun 2026 03:50:41 GMT
[Fastbot][2026-06-19 03:50:41.858] Connection: keep-alive
[Fastbot][2026-06-19 03:50:41.858] Transfer-Encoding: chunked
[Fastbot][2026-06-19 03:50:41.858] 
[Fastbot][2026-06-19 03:50:41.859] {"jsonrpc":"2.0","id":1,"result":{"bounds":{"bottom":809,"left":165,"right":534,"top":739},"childCount":0,"className":"android.widget.TextView","contentDescription":null,"packageName":"net.gsantner.markor_test","resourceName":"net.gsantner.markor_test:id/opoc_filesystem_item__title","text":"iELd_YR6...[truncated]
[Fastbot][2026-06-19 03:50:41.863] <-- END HTTP (532-byte body)
[Fastbot][2026-06-19 03:50:41.881] [Proxy Server] Detected script method: click
[Fastbot][2026-06-19 03:50:41.881] [Proxy Server] Forwarding
[Fastbot][2026-06-19 03:50:41.881] --> POST http://127.0.0.1:9008/jsonrpc/0
[Fastbot][2026-06-19 03:50:41.882] Content-Type: application/json; charset=utf-8
[Fastbot][2026-06-19 03:50:41.882] Content-Length: 77
[Fastbot][2026-06-19 03:50:41.882] 
[Fastbot][2026-06-19 03:50:41.882] {"jsonrpc": "2.0", "id": 1, "method": "click", "params": [349.5, 774.0, 500]}
[Fastbot][2026-06-19 03:50:41.882] --> END POST (77-byte body)
[Fastbot][2026-06-19 03:50:42.764] <-- 200 OK  http://127.0.0.1:9008/jsonrpc/0 (881ms)
[Fastbot][2026-06-19 03:50:42.764] Content-Type: application/json
[Fastbot][2026-06-19 03:50:42.764] Date: Fri, 19 Jun 2026 03:50:42 GMT
[Fastbot][2026-06-19 03:50:42.764] Connection: keep-alive
[Fastbot][2026-06-19 03:50:42.765] Transfer-Encoding: chunked
[Fastbot][2026-06-19 03:50:42.815] 
[Fastbot][2026-06-19 03:50:42.815] {"jsonrpc":"2.0","id":1,"result":true}

[Fastbot][2026-06-19 03:50:42.815] <-- END HTTP (39-byte body)
[Fastbot][2026-06-19 03:50:43.864] [Proxy Server] Forwarding
[Fastbot][2026-06-19 03:50:43.865] --> POST http://127.0.0.1:9008/jsonrpc/0
[Fastbot][2026-06-19 03:50:43.865] Content-Type: application/json; charset=utf-8
[Fastbot][2026-06-19 03:50:43.865] Content-Length: 217
[Fastbot][2026-06-19 03:50:43.865] 
[Fastbot][2026-06-19 03:50:43.866] {"jsonrpc": "2.0", "id": 1, "method": "waitForExists", "params": [{"mask": 2097152, "childOrSibling": [], "childOrSiblingSelector": [], "resourceId": "net.gsantner.markor_test:id/action_rename_selected_item"}, 20000]}
[Fastbot][2026-06-19 03:50:43.866] --> END POST (217-byte body)
[Fastbot][2026-06-19 03:50:43.882] <-- 200 OK  http://127.0.0.1:9008/jsonrpc/0 (15ms)
[Fastbot][2026-06-19 03:50:43.882] Content-Type: application/json
[Fastbot][2026-06-19 03:50:43.882] Date: Fri, 19 Jun 2026 03:50:43 GMT
[Fastbot][2026-06-19 03:50:43.882] Connection: keep-alive
[Fastbot][2026-06-19 03:50:43.882] Transfer-Encoding: chunked
[Fastbot][2026-06-19 03:50:43.883] 
[Fastbot][2026-06-19 03:50:43.883] {"jsonrpc":"2.0","id":1,"result":true}

[Fastbot][2026-06-19 03:50:43.884] <-- END HTTP (39-byte body)
[Fastbot][2026-06-19 03:50:43.910] [Proxy Server] Forwarding
[Fastbot][2026-06-19 03:50:43.911] --> POST http://127.0.0.1:9008/jsonrpc/0
[Fastbot][2026-06-19 03:50:43.911] Content-Type: application/json; charset=utf-8
[Fastbot][2026-06-19 03:50:43.911] Content-Length: 204
[Fastbot][2026-06-19 03:50:43.911] 
[Fastbot][2026-06-19 03:50:43.911] {"jsonrpc": "2.0", "id": 1, "method": "objInfo", "params": [{"mask": 2097152, "childOrSibling": [], "childOrSiblingSelector": [], "resourceId": "net.gsantner.markor_test:id/action_rename_selected_item"}]}
[Fastbot][2026-06-19 03:50:43.911] --> END POST (204-byte body)
[Fastbot][2026-06-19 03:50:43.934] <-- 200 OK  http://127.0.0.1:9008/jsonrpc/0 (22ms)
[Fastbot][2026-06-19 03:50:43.934] Content-Type: application/json
[Fastbot][2026-06-19 03:50:43.934] Date: Fri, 19 Jun 2026 03:50:43 GMT
[Fastbot][2026-06-19 03:50:43.934] Connection: keep-alive
[Fastbot][2026-06-19 03:50:43.934] Transfer-Encoding: chunked
[Fastbot][2026-06-19 03:50:43.934] 
[Fastbot][2026-06-19 03:50:43.935] {"jsonrpc":"2.0","id":1,"result":{"bounds":{"bottom":275,"left":639,"right":749,"top":143},"childCount":0,"className":"android.widget.TextView","contentDescription":"Rename","packageName":"net.gsantner.markor_test","resourceName":"net.gsantner.markor_test:id/action_rename_selected_item","text":null,...[truncated]
[Fastbot][2026-06-19 03:50:43.935] <-- END HTTP (522-byte body)
[Fastbot][2026-06-19 03:50:43.973] [Proxy Server] Detected script method: click
[Fastbot][2026-06-19 03:50:43.974] [Proxy Server] Forwarding
[Fastbot][2026-06-19 03:50:43.974] --> POST http://127.0.0.1:9008/jsonrpc/0
[Fastbot][2026-06-19 03:50:43.974] Content-Type: application/json; charset=utf-8
[Fastbot][2026-06-19 03:50:43.974] Content-Length: 72
[Fastbot][2026-06-19 03:50:43.975] 
[Fastbot][2026-06-19 03:50:43.975] {"jsonrpc": "2.0", "id": 1, "method": "click", "params": [694.0, 209.0]}
[Fastbot][2026-06-19 03:50:43.975] --> END POST (72-byte body)
[Fastbot][2026-06-19 03:50:44.111] <-- 200 OK  http://127.0.0.1:9008/jsonrpc/0 (135ms)
[Fastbot][2026-06-19 03:50:44.111] Content-Type: application/json
[Fastbot][2026-06-19 03:50:44.111] Date: Fri, 19 Jun 2026 03:50:44 GMT
[Fastbot][2026-06-19 03:50:44.111] Connection: keep-alive
[Fastbot][2026-06-19 03:50:44.112] Transfer-Encoding: chunked
[Fastbot][2026-06-19 03:50:44.112] 
[Fastbot][2026-06-19 03:50:44.112] {"jsonrpc":"2.0","id":1,"result":true}

[Fastbot][2026-06-19 03:50:44.112] <-- END HTTP (39-byte body)
[Fastbot][2026-06-19 03:50:45.159] [Proxy Server] Forwarding
[Fastbot][2026-06-19 03:50:45.159] --> POST http://127.0.0.1:9008/jsonrpc/0
[Fastbot][2026-06-19 03:50:45.159] Content-Type: application/json; charset=utf-8
[Fastbot][2026-06-19 03:50:45.159] Content-Length: 198
[Fastbot][2026-06-19 03:50:45.159] 
[Fastbot][2026-06-19 03:50:45.160] {"jsonrpc": "2.0", "id": 1, "method": "waitForExists", "params": [{"mask": 2097152, "childOrSibling": [], "childOrSiblingSelector": [], "resourceId": "net.gsantner.markor_test:id/new_name"}, 20000]}
[Fastbot][2026-06-19 03:50:45.160] --> END POST (198-byte body)
[Fastbot][2026-06-19 03:50:45.173] <-- 200 OK  http://127.0.0.1:9008/jsonrpc/0 (13ms)
[Fastbot][2026-06-19 03:50:45.173] Content-Type: application/json
[Fastbot][2026-06-19 03:50:45.173] Date: Fri, 19 Jun 2026 03:50:45 GMT
[Fastbot][2026-06-19 03:50:45.173] Connection: keep-alive
[Fastbot][2026-06-19 03:50:45.174] Transfer-Encoding: chunked
[Fastbot][2026-06-19 03:50:45.174] 
[Fastbot][2026-06-19 03:50:45.174] {"jsonrpc":"2.0","id":1,"result":true}

[Fastbot][2026-06-19 03:50:45.174] <-- END HTTP (39-byte body)
[Fastbot][2026-06-19 03:50:45.203] [Proxy Server] Detected script method: setText
[Fastbot][2026-06-19 03:50:45.203] [Proxy Server] Forwarding
[Fastbot][2026-06-19 03:50:45.204] --> POST http://127.0.0.1:9008/jsonrpc/0
[Fastbot][2026-06-19 03:50:45.204] Content-Type: application/json; charset=utf-8
[Fastbot][2026-06-19 03:50:45.204] Content-Length: 197
[Fastbot][2026-06-19 03:50:45.204] 
[Fastbot][2026-06-19 03:50:45.204] {"jsonrpc": "2.0", "id": 1, "method": "setText", "params": [{"mask": 2097152, "childOrSibling": [], "childOrSiblingSelector": [], "resourceId": "net.gsantner.markor_test:id/new_name"}, "dxtkt.md"]}
[Fastbot][2026-06-19 03:50:45.204] --> END POST (197-byte body)
[Fastbot][2026-06-19 03:50:45.338] <-- 200 OK  http://127.0.0.1:9008/jsonrpc/0 (133ms)
[Fastbot][2026-06-19 03:50:45.340] Content-Type: application/json
[Fastbot][2026-06-19 03:50:45.340] Date: Fri, 19 Jun 2026 03:50:45 GMT
[Fastbot][2026-06-19 03:50:45.340] Connection: keep-alive
[Fastbot][2026-06-19 03:50:45.341] Transfer-Encoding: chunked
[Fastbot][2026-06-19 03:50:45.341] 
[Fastbot][2026-06-19 03:50:45.342] {"jsonrpc":"2.0","id":1,"result":true}

[Fastbot][2026-06-19 03:50:45.344] <-- END HTTP (39-byte body)
[Fastbot][2026-06-19 03:50:46.376] [Proxy Server] Forwarding
[Fastbot][2026-06-19 03:50:46.377] --> POST http://127.0.0.1:9008/jsonrpc/0
[Fastbot][2026-06-19 03:50:46.377] Content-Type: application/json; charset=utf-8
[Fastbot][2026-06-19 03:50:46.377] Content-Length: 194
[Fastbot][2026-06-19 03:50:46.377] 
[Fastbot][2026-06-19 03:50:46.377] {"jsonrpc": "2.0", "id": 1, "method": "waitForExists", "params": [{"mask": 2097153, "childOrSibling": [], "childOrSiblingSelector": [], "resourceId": "android:id/button1", "text": "OK"}, 20000]}
[Fastbot][2026-06-19 03:50:46.377] --> END POST (194-byte body)
[Fastbot][2026-06-19 03:50:46.389] <-- 200 OK  http://127.0.0.1:9008/jsonrpc/0 (12ms)
[Fastbot][2026-06-19 03:50:46.390] Content-Type: application/json
[Fastbot][2026-06-19 03:50:46.390] Date: Fri, 19 Jun 2026 03:50:46 GMT
[Fastbot][2026-06-19 03:50:46.390] Connection: keep-alive
[Fastbot][2026-06-19 03:50:46.390] Transfer-Encoding: chunked
[Fastbot][2026-06-19 03:50:46.390] 
[Fastbot][2026-06-19 03:50:46.390] {"jsonrpc":"2.0","id":1,"result":true}

[Fastbot][2026-06-19 03:50:46.390] <-- END HTTP (39-byte body)
[Fastbot][2026-06-19 03:50:46.437] [Proxy Server] Forwarding
[Fastbot][2026-06-19 03:50:46.438] --> POST http://127.0.0.1:9008/jsonrpc/0
[Fastbot][2026-06-19 03:50:46.438] Content-Type: application/json; charset=utf-8
[Fastbot][2026-06-19 03:50:46.438] Content-Length: 181
[Fastbot][2026-06-19 03:50:46.438] 
[Fastbot][2026-06-19 03:50:46.438] {"jsonrpc": "2.0", "id": 1, "method": "objInfo", "params": [{"mask": 2097153, "childOrSibling": [], "childOrSiblingSelector": [], "resourceId": "android:id/button1", "text": "OK"}]}
[Fastbot][2026-06-19 03:50:46.439] --> END POST (181-byte body)
[Fastbot][2026-06-19 03:50:46.461] <-- 200 OK  http://127.0.0.1:9008/jsonrpc/0 (21ms)
[Fastbot][2026-06-19 03:50:46.461] Content-Type: application/json
[Fastbot][2026-06-19 03:50:46.461] Date: Fri, 19 Jun 2026 03:50:46 GMT
[Fastbot][2026-06-19 03:50:46.461] Connection: keep-alive
[Fastbot][2026-06-19 03:50:46.461] Transfer-Encoding: chunked
[Fastbot][2026-06-19 03:50:46.463] 
[Fastbot][2026-06-19 03:50:46.463] {"jsonrpc":"2.0","id":1,"result":{"bounds":{"bottom":1399,"left":669,"right":834,"top":1283},"childCount":0,"className":"android.widget.Button","contentDescription":null,"packageName":"net.gsantner.markor_test","resourceName":"android:id/button1","text":"OK","visibleBounds":{"bottom":1399,"left":669...[truncated]
[Fastbot][2026-06-19 03:50:46.463] <-- END HTTP (484-byte body)
[Fastbot][2026-06-19 03:50:46.501] [Proxy Server] Detected script method: click
[Fastbot][2026-06-19 03:50:46.501] [Proxy Server] Forwarding
[Fastbot][2026-06-19 03:50:46.501] --> POST http://127.0.0.1:9008/jsonrpc/0
[Fastbot][2026-06-19 03:50:46.501] Content-Type: application/json; charset=utf-8
[Fastbot][2026-06-19 03:50:46.501] Content-Length: 73
[Fastbot][2026-06-19 03:50:46.502] 
[Fastbot][2026-06-19 03:50:46.502] {"jsonrpc": "2.0", "id": 1, "method": "click", "params": [751.5, 1341.0]}
[Fastbot][2026-06-19 03:50:46.502] --> END POST (73-byte body)
[Fastbot][2026-06-19 03:50:46.634] <-- 200 OK  http://127.0.0.1:9008/jsonrpc/0 (131ms)
[Fastbot][2026-06-19 03:50:46.634] Content-Type: application/json
[Fastbot][2026-06-19 03:50:46.634] Date: Fri, 19 Jun 2026 03:50:46 GMT
[Fastbot][2026-06-19 03:50:46.634] Connection: keep-alive
[Fastbot][2026-06-19 03:50:46.634] Transfer-Encoding: chunked
[Fastbot][2026-06-19 03:50:46.634] 
[Fastbot][2026-06-19 03:50:46.635] {"jsonrpc":"2.0","id":1,"result":true}

[Fastbot][2026-06-19 03:50:46.635] <-- END HTTP (39-byte body)
[Fastbot][2026-06-19 03:50:47.669] [Proxy Server] Forwarding
[Fastbot][2026-06-19 03:50:47.670] --> POST http://127.0.0.1:9008/jsonrpc/0
[Fastbot][2026-06-19 03:50:47.670] Content-Type: application/json; charset=utf-8
[Fastbot][2026-06-19 03:50:47.670] Content-Length: 83
[Fastbot][2026-06-19 03:50:47.670] 
[Fastbot][2026-06-19 03:50:47.670] {"jsonrpc": "2.0", "id": 1, "method": "dumpWindowHierarchy", "params": [false, 50]}
[Fastbot][2026-06-19 03:50:47.670] --> END POST (83-byte body)
[Fastbot][2026-06-19 03:50:47.700] <-- 200 OK  http://127.0.0.1:9008/jsonrpc/0 (29ms)
[Fastbot][2026-06-19 03:50:47.700] Content-Type: application/json
[Fastbot][2026-06-19 03:50:47.700] Date: Fri, 19 Jun 2026 03:50:47 GMT
[Fastbot][2026-06-19 03:50:47.700] Connection: keep-alive
[Fastbot][2026-06-19 03:50:47.700] Transfer-Encoding: chunked
[Fastbot][2026-06-19 03:50:47.704] 
[Fastbot][2026-06-19 03:50:47.705] {"jsonrpc":"2.0","id":1,"result":"<?xml version='1.0' encoding='UTF-8' standalone='yes' ?>\r\n<hierarchy rotation=\"0\">\r\n  <node index=\"0\" text=\"\" resource-id=\"\" class=\"android.widget.FrameLayout\" package=\"com.android.systemui\" content-desc=\"\" checkable=\"false\" checked=\"false\" cli...[truncated]
[Fastbot][2026-06-19 03:50:47.705] <-- END HTTP (48549-byte body)
[Fastbot][2026-06-19 03:50:47.749] [Proxy Server] Detected script method: swipe
[Fastbot][2026-06-19 03:50:47.749] [Proxy Server] Forwarding
[Fastbot][2026-06-19 03:50:47.750] --> POST http://127.0.0.1:9008/jsonrpc/0
[Fastbot][2026-06-19 03:50:47.750] Content-Type: application/json; charset=utf-8
[Fastbot][2026-06-19 03:50:47.750] Content-Length: 83
[Fastbot][2026-06-19 03:50:47.751] 
[Fastbot][2026-06-19 03:50:47.751] {"jsonrpc": "2.0", "id": 1, "method": "swipe", "params": [500, 1600, 500, 800, 55]}
[Fastbot][2026-06-19 03:50:47.751] --> END POST (83-byte body)
[Fastbot][2026-06-19 03:50:48.763] <-- 200 OK  http://127.0.0.1:9008/jsonrpc/0 (1011ms)
[Fastbot][2026-06-19 03:50:48.763] Content-Type: application/json
[Fastbot][2026-06-19 03:50:48.763] Date: Fri, 19 Jun 2026 03:50:48 GMT
[Fastbot][2026-06-19 03:50:48.763] Connection: keep-alive
[Fastbot][2026-06-19 03:50:48.763] Transfer-Encoding: chunked
[Fastbot][2026-06-19 03:50:48.764] 
[Fastbot][2026-06-19 03:50:48.764] {"jsonrpc":"2.0","id":1,"result":true}

[Fastbot][2026-06-19 03:50:48.764] <-- END HTTP (39-byte body)
[Fastbot][2026-06-19 03:50:49.811] [Proxy Server] Forwarding
[Fastbot][2026-06-19 03:50:49.812] --> POST http://127.0.0.1:9008/jsonrpc/0
[Fastbot][2026-06-19 03:50:49.812] Content-Type: application/json; charset=utf-8
[Fastbot][2026-06-19 03:50:49.812] Content-Length: 83
[Fastbot][2026-06-19 03:50:49.812] 
[Fastbot][2026-06-19 03:50:49.812] {"jsonrpc": "2.0", "id": 1, "method": "dumpWindowHierarchy", "params": [false, 50]}
[Fastbot][2026-06-19 03:50:49.813] --> END POST (83-byte body)
[Fastbot][2026-06-19 03:50:49.846] <-- 200 OK  http://127.0.0.1:9008/jsonrpc/0 (33ms)
[Fastbot][2026-06-19 03:50:49.846] Content-Type: application/json
[Fastbot][2026-06-19 03:50:49.846] Date: Fri, 19 Jun 2026 03:50:49 GMT
[Fastbot][2026-06-19 03:50:49.846] Connection: keep-alive
[Fastbot][2026-06-19 03:50:49.847] Transfer-Encoding: chunked
[Fastbot][2026-06-19 03:50:49.850] 
[Fastbot][2026-06-19 03:50:49.850] {"jsonrpc":"2.0","id":1,"result":"<?xml version='1.0' encoding='UTF-8' standalone='yes' ?>\r\n<hierarchy rotation=\"0\">\r\n  <node index=\"0\" text=\"\" resource-id=\"\" class=\"android.widget.FrameLayout\" package=\"com.android.systemui\" content-desc=\"\" checkable=\"false\" checked=\"false\" cli...[truncated]
[Fastbot][2026-06-19 03:50:49.850] <-- END HTTP (48549-byte body)
[Fastbot][2026-06-19 03:50:49.891] [Proxy Server] Detected script method: swipe
[Fastbot][2026-06-19 03:50:49.891] [Proxy Server] Forwarding
[Fastbot][2026-06-19 03:50:49.892] --> POST http://127.0.0.1:9008/jsonrpc/0
[Fastbot][2026-06-19 03:50:49.892] Content-Type: application/json; charset=utf-8
[Fastbot][2026-06-19 03:50:49.892] Content-Length: 83
[Fastbot][2026-06-19 03:50:49.893] 
[Fastbot][2026-06-19 03:50:49.893] {"jsonrpc": "2.0", "id": 1, "method": "swipe", "params": [500, 1600, 500, 800, 55]}
[Fastbot][2026-06-19 03:50:49.893] --> END POST (83-byte body)
[Fastbot][2026-06-19 03:50:50.930] <-- 200 OK  http://127.0.0.1:9008/jsonrpc/0 (1036ms)
[Fastbot][2026-06-19 03:50:50.930] Content-Type: application/json
[Fastbot][2026-06-19 03:50:50.930] Date: Fri, 19 Jun 2026 03:50:50 GMT
[Fastbot][2026-06-19 03:50:50.930] Connection: keep-alive
[Fastbot][2026-06-19 03:50:50.930] Transfer-Encoding: chunked
[Fastbot][2026-06-19 03:50:50.931] 
[Fastbot][2026-06-19 03:50:50.931] {"jsonrpc":"2.0","id":1,"result":true}

[Fastbot][2026-06-19 03:50:50.931] <-- END HTTP (39-byte body)
[Fastbot][2026-06-19 03:50:51.948] [Proxy Server] Detected script method: swipe
[Fastbot][2026-06-19 03:50:51.949] [Proxy Server] Forwarding
[Fastbot][2026-06-19 03:50:51.949] --> POST http://127.0.0.1:9008/jsonrpc/0
[Fastbot][2026-06-19 03:50:51.949] Content-Type: application/json; charset=utf-8
[Fastbot][2026-06-19 03:50:51.949] Content-Length: 83
[Fastbot][2026-06-19 03:50:51.949] 
[Fastbot][2026-06-19 03:50:51.950] {"jsonrpc": "2.0", "id": 1, "method": "swipe", "params": [500, 800, 500, 1600, 55]}
[Fastbot][2026-06-19 03:50:51.950] --> END POST (83-byte body)
[Fastbot][2026-06-19 03:50:53.014] <-- 200 OK  http://127.0.0.1:9008/jsonrpc/0 (1063ms)
[Fastbot][2026-06-19 03:50:53.014] Content-Type: application/json
[Fastbot][2026-06-19 03:50:53.014] Date: Fri, 19 Jun 2026 03:50:53 GMT
[Fastbot][2026-06-19 03:50:53.014] Connection: keep-alive
[Fastbot][2026-06-19 03:50:53.014] Transfer-Encoding: chunked
[Fastbot][2026-06-19 03:50:53.014] 
[Fastbot][2026-06-19 03:50:53.015] {"jsonrpc":"2.0","id":1,"result":true}

[Fastbot][2026-06-19 03:50:53.015] <-- END HTTP (39-byte body)
[Fastbot][2026-06-19 03:50:54.271] --> POST http://127.0.0.1:9008/jsonrpc/0
[Fastbot][2026-06-19 03:50:54.271] Content-Type: application/json; charset=utf-8
[Fastbot][2026-06-19 03:50:54.271] Content-Length: 75
[Fastbot][2026-06-19 03:50:54.271] 
[Fastbot][2026-06-19 03:50:54.272] {"id":1,"jsonrpc":"2.0","method":"dumpWindowHierarchy","params":[false,50]}
[Fastbot][2026-06-19 03:50:54.272] --> END POST (75-byte body)
[Fastbot][2026-06-19 03:50:54.298] <-- 200 OK  http://127.0.0.1:9008/jsonrpc/0 (25ms)
[Fastbot][2026-06-19 03:50:54.298] Content-Type: application/json
[Fastbot][2026-06-19 03:50:54.298] Date: Fri, 19 Jun 2026 03:50:54 GMT
[Fastbot][2026-06-19 03:50:54.298] Connection: keep-alive
[Fastbot][2026-06-19 03:50:54.298] Transfer-Encoding: chunked
[Fastbot][2026-06-19 03:50:54.299] 
[Fastbot][2026-06-19 03:50:54.300] {"jsonrpc":"2.0","id":1,"result":"<?xml version='1.0' encoding='UTF-8' standalone='yes' ?>\r\n<hierarchy rotation=\"0\">\r\n  <node index=\"0\" text=\"\" resource-id=\"\" class=\"android.widget.FrameLayout\" package=\"com.android.systemui\" content-desc=\"\" checkable=\"false\" checked=\"false\" cli...[truncated]
[Fastbot][2026-06-19 03:50:54.300] <-- END HTTP (48549-byte body)
[Fastbot][2026-06-19 03:50:54.365] [Proxy Server] Forwarding
[Fastbot][2026-06-19 03:50:54.366] --> POST http://127.0.0.1:9008/jsonrpc/0
[Fastbot][2026-06-19 03:50:54.366] Content-Type: application/json; charset=utf-8
[Fastbot][2026-06-19 03:50:54.366] Content-Length: 194
[Fastbot][2026-06-19 03:50:54.366] 
[Fastbot][2026-06-19 03:50:54.366] {"jsonrpc": "2.0", "id": 1, "method": "waitForExists", "params": [{"mask": 2097152, "childOrSibling": [], "childOrSiblingSelector": [], "resourceId": "net.gsantner.markor_test:id/icon"}, 20000]}
[Fastbot][2026-06-19 03:50:54.367] --> END POST (194-byte body)
[Fastbot][2026-06-19 03:50:54.379] <-- 200 OK  http://127.0.0.1:9008/jsonrpc/0 (12ms)
[Fastbot][2026-06-19 03:50:54.379] Content-Type: application/json
[Fastbot][2026-06-19 03:50:54.380] Date: Fri, 19 Jun 2026 03:50:54 GMT
[Fastbot][2026-06-19 03:50:54.380] Connection: keep-alive
[Fastbot][2026-06-19 03:50:54.380] Transfer-Encoding: chunked
[Fastbot][2026-06-19 03:50:54.381] 
[Fastbot][2026-06-19 03:50:54.381] {"jsonrpc":"2.0","id":1,"result":true}

[Fastbot][2026-06-19 03:50:54.381] <-- END HTTP (39-byte body)
[Fastbot][2026-06-19 03:50:54.397] [Proxy Server] Forwarding
[Fastbot][2026-06-19 03:50:54.397] --> POST http://127.0.0.1:9008/jsonrpc/0
[Fastbot][2026-06-19 03:50:54.397] Content-Type: application/json; charset=utf-8
[Fastbot][2026-06-19 03:50:54.397] Content-Length: 181
[Fastbot][2026-06-19 03:50:54.398] 
[Fastbot][2026-06-19 03:50:54.398] {"jsonrpc": "2.0", "id": 1, "method": "objInfo", "params": [{"mask": 2097152, "childOrSibling": [], "childOrSiblingSelector": [], "resourceId": "net.gsantner.markor_test:id/icon"}]}
[Fastbot][2026-06-19 03:50:54.398] --> END POST (181-byte body)
[Fastbot][2026-06-19 03:50:54.421] <-- 200 OK  http://127.0.0.1:9008/jsonrpc/0 (22ms)
[Fastbot][2026-06-19 03:50:54.422] Content-Type: application/json
[Fastbot][2026-06-19 03:50:54.422] Date: Fri, 19 Jun 2026 03:50:54 GMT
[Fastbot][2026-06-19 03:50:54.422] Connection: keep-alive
[Fastbot][2026-06-19 03:50:54.422] Transfer-Encoding: chunked
[Fastbot][2026-06-19 03:50:54.464] 
[Fastbot][2026-06-19 03:50:54.465] {"jsonrpc":"2.0","id":1,"result":{"bounds":{"bottom":2016,"left":102,"right":168,"top":2010},"childCount":0,"className":"android.widget.ImageView","contentDescription":null,"packageName":"net.gsantner.markor_test","resourceName":"net.gsantner.markor_test:id/icon","text":null,"visibleBounds":{"bottom...[truncated]
[Fastbot][2026-06-19 03:50:54.465] <-- END HTTP (502-byte body)
[Fastbot][2026-06-19 03:50:54.505] [Proxy Server] Detected script method: click
[Fastbot][2026-06-19 03:50:54.505] [Proxy Server] Forwarding
[Fastbot][2026-06-19 03:50:54.506] --> POST http://127.0.0.1:9008/jsonrpc/0
[Fastbot][2026-06-19 03:50:54.506] Content-Type: application/json; charset=utf-8
[Fastbot][2026-06-19 03:50:54.506] Content-Length: 73
[Fastbot][2026-06-19 03:50:54.506] 
[Fastbot][2026-06-19 03:50:54.506] {"jsonrpc": "2.0", "id": 1, "method": "click", "params": [135.0, 2013.0]}
[Fastbot][2026-06-19 03:50:54.506] --> END POST (73-byte body)
[Fastbot][2026-06-19 03:50:54.643] <-- 200 OK  http://127.0.0.1:9008/jsonrpc/0 (136ms)
[Fastbot][2026-06-19 03:50:54.644] Content-Type: application/json
[Fastbot][2026-06-19 03:50:54.644] Date: Fri, 19 Jun 2026 03:50:54 GMT
[Fastbot][2026-06-19 03:50:54.644] Connection: keep-alive
[Fastbot][2026-06-19 03:50:54.644] Transfer-Encoding: chunked
[Fastbot][2026-06-19 03:50:54.645] 
[Fastbot][2026-06-19 03:50:54.645] {"jsonrpc":"2.0","id":1,"result":true}

[Fastbot][2026-06-19 03:50:54.646] <-- END HTTP (39-byte body)
[Fastbot][2026-06-19 03:50:55.694] [Proxy Server] Forwarding
[Fastbot][2026-06-19 03:50:55.695] --> POST http://127.0.0.1:9008/jsonrpc/0
[Fastbot][2026-06-19 03:50:55.695] Content-Type: application/json; charset=utf-8
[Fastbot][2026-06-19 03:50:55.695] Content-Length: 202
[Fastbot][2026-06-19 03:50:55.696] 
[Fastbot][2026-06-19 03:50:55.696] {"jsonrpc": "2.0", "id": 1, "method": "waitForExists", "params": [{"mask": 2097152, "childOrSibling": [], "childOrSiblingSelector": [], "resourceId": "net.gsantner.markor_test:id/action_go_to"}, 20000]}
[Fastbot][2026-06-19 03:50:55.696] --> END POST (202-byte body)
[Fastbot][2026-06-19 03:50:55.708] <-- 200 OK  http://127.0.0.1:9008/jsonrpc/0 (11ms)
[Fastbot][2026-06-19 03:50:55.708] Content-Type: application/json
[Fastbot][2026-06-19 03:50:55.708] Date: Fri, 19 Jun 2026 03:50:55 GMT
[Fastbot][2026-06-19 03:50:55.709] Connection: keep-alive
[Fastbot][2026-06-19 03:50:55.709] Transfer-Encoding: chunked
[Fastbot][2026-06-19 03:50:55.709] 
[Fastbot][2026-06-19 03:50:55.710] {"jsonrpc":"2.0","id":1,"result":true}

[Fastbot][2026-06-19 03:50:55.710] <-- END HTTP (39-byte body)
[Fastbot][2026-06-19 03:50:55.741] [Proxy Server] Forwarding
[Fastbot][2026-06-19 03:50:55.741] --> POST http://127.0.0.1:9008/jsonrpc/0
[Fastbot][2026-06-19 03:50:55.742] Content-Type: application/json; charset=utf-8
[Fastbot][2026-06-19 03:50:55.742] Content-Length: 189
[Fastbot][2026-06-19 03:50:55.742] 
[Fastbot][2026-06-19 03:50:55.742] {"jsonrpc": "2.0", "id": 1, "method": "objInfo", "params": [{"mask": 2097152, "childOrSibling": [], "childOrSiblingSelector": [], "resourceId": "net.gsantner.markor_test:id/action_go_to"}]}
[Fastbot][2026-06-19 03:50:55.743] --> END POST (189-byte body)
[Fastbot][2026-06-19 03:50:55.767] <-- 200 OK  http://127.0.0.1:9008/jsonrpc/0 (24ms)
[Fastbot][2026-06-19 03:50:55.767] Content-Type: application/json
[Fastbot][2026-06-19 03:50:55.767] Date: Fri, 19 Jun 2026 03:50:55 GMT
[Fastbot][2026-06-19 03:50:55.767] Connection: keep-alive
[Fastbot][2026-06-19 03:50:55.768] Transfer-Encoding: chunked
[Fastbot][2026-06-19 03:50:55.768] 
[Fastbot][2026-06-19 03:50:55.769] {"jsonrpc":"2.0","id":1,"result":{"bounds":{"bottom":275,"left":639,"right":749,"top":143},"childCount":0,"className":"android.widget.TextView","contentDescription":"Go to","packageName":"net.gsantner.markor_test","resourceName":"net.gsantner.markor_test:id/action_go_to","text":null,"visibleBounds":...[truncated]
[Fastbot][2026-06-19 03:50:55.769] <-- END HTTP (506-byte body)
[Fastbot][2026-06-19 03:50:55.784] [Proxy Server] Detected script method: click
[Fastbot][2026-06-19 03:50:55.785] [Proxy Server] Forwarding
[Fastbot][2026-06-19 03:50:55.786] --> POST http://127.0.0.1:9008/jsonrpc/0
[Fastbot][2026-06-19 03:50:55.786] Content-Type: application/json; charset=utf-8
[Fastbot][2026-06-19 03:50:55.786] Content-Length: 72
[Fastbot][2026-06-19 03:50:55.786] 
[Fastbot][2026-06-19 03:50:55.787] {"jsonrpc": "2.0", "id": 1, "method": "click", "params": [694.0, 209.0]}
[Fastbot][2026-06-19 03:50:55.787] --> END POST (72-byte body)
[Fastbot][2026-06-19 03:50:55.911] <-- 200 OK  http://127.0.0.1:9008/jsonrpc/0 (123ms)
[Fastbot][2026-06-19 03:50:55.911] Content-Type: application/json
[Fastbot][2026-06-19 03:50:55.911] Date: Fri, 19 Jun 2026 03:50:55 GMT
[Fastbot][2026-06-19 03:50:55.911] Connection: keep-alive
[Fastbot][2026-06-19 03:50:55.911] Transfer-Encoding: chunked
[Fastbot][2026-06-19 03:50:55.956] 
[Fastbot][2026-06-19 03:50:55.956] {"jsonrpc":"2.0","id":1,"result":true}

[Fastbot][2026-06-19 03:50:55.957] <-- END HTTP (39-byte body)
[Fastbot][2026-06-19 03:50:56.991] [Proxy Server] Forwarding
[Fastbot][2026-06-19 03:50:56.991] --> POST http://127.0.0.1:9008/jsonrpc/0
[Fastbot][2026-06-19 03:50:56.993] Content-Type: application/json; charset=utf-8
[Fastbot][2026-06-19 03:50:56.993] Content-Length: 215
[Fastbot][2026-06-19 03:50:56.993] 
[Fastbot][2026-06-19 03:50:56.993] {"jsonrpc": "2.0", "id": 1, "method": "waitForExists", "params": [{"mask": 2097153, "childOrSibling": [], "childOrSiblingSelector": [], "resourceId": "net.gsantner.markor_test:id/title", "text": "Notebook"}, 20000]}
[Fastbot][2026-06-19 03:50:56.994] --> END POST (215-byte body)
[Fastbot][2026-06-19 03:50:57.009] <-- 200 OK  http://127.0.0.1:9008/jsonrpc/0 (14ms)
[Fastbot][2026-06-19 03:50:57.009] Content-Type: application/json
[Fastbot][2026-06-19 03:50:57.009] Date: Fri, 19 Jun 2026 03:50:57 GMT
[Fastbot][2026-06-19 03:50:57.009] Connection: keep-alive
[Fastbot][2026-06-19 03:50:57.009] Transfer-Encoding: chunked
[Fastbot][2026-06-19 03:50:57.010] 
[Fastbot][2026-06-19 03:50:57.010] {"jsonrpc":"2.0","id":1,"result":true}

[Fastbot][2026-06-19 03:50:57.010] <-- END HTTP (39-byte body)
[Fastbot][2026-06-19 03:50:57.037] [Proxy Server] Forwarding
[Fastbot][2026-06-19 03:50:57.037] --> POST http://127.0.0.1:9008/jsonrpc/0
[Fastbot][2026-06-19 03:50:57.037] Content-Type: application/json; charset=utf-8
[Fastbot][2026-06-19 03:50:57.037] Content-Length: 202
[Fastbot][2026-06-19 03:50:57.038] 
[Fastbot][2026-06-19 03:50:57.038] {"jsonrpc": "2.0", "id": 1, "method": "objInfo", "params": [{"mask": 2097153, "childOrSibling": [], "childOrSiblingSelector": [], "resourceId": "net.gsantner.markor_test:id/title", "text": "Notebook"}]}
[Fastbot][2026-06-19 03:50:57.038] --> END POST (202-byte body)
[Fastbot][2026-06-19 03:50:57.061] <-- 200 OK  http://127.0.0.1:9008/jsonrpc/0 (22ms)
[Fastbot][2026-06-19 03:50:57.061] Content-Type: application/json
[Fastbot][2026-06-19 03:50:57.061] Date: Fri, 19 Jun 2026 03:50:57 GMT
[Fastbot][2026-06-19 03:50:57.061] Connection: keep-alive
[Fastbot][2026-06-19 03:50:57.061] Transfer-Encoding: chunked
[Fastbot][2026-06-19 03:50:57.105] 
[Fastbot][2026-06-19 03:50:57.105] {"jsonrpc":"2.0","id":1,"result":{"bounds":{"bottom":1111,"left":443,"right":992,"top":1103},"childCount":0,"className":"android.widget.TextView","contentDescription":null,"packageName":"net.gsantner.markor_test","resourceName":"net.gsantner.markor_test:id/title","text":"Notebook","visibleBounds":{"...[truncated]
[Fastbot][2026-06-19 03:50:57.105] <-- END HTTP (509-byte body)
[Fastbot][2026-06-19 03:50:57.132] [Proxy Server] Detected script method: click
[Fastbot][2026-06-19 03:50:57.133] [Proxy Server] Forwarding
[Fastbot][2026-06-19 03:50:57.133] --> POST http://127.0.0.1:9008/jsonrpc/0
[Fastbot][2026-06-19 03:50:57.134] Content-Type: application/json; charset=utf-8
[Fastbot][2026-06-19 03:50:57.134] Content-Length: 73
[Fastbot][2026-06-19 03:50:57.134] 
[Fastbot][2026-06-19 03:50:57.134] {"jsonrpc": "2.0", "id": 1, "method": "click", "params": [717.5, 1107.0]}
[Fastbot][2026-06-19 03:50:57.134] --> END POST (73-byte body)
[Fastbot][2026-06-19 03:50:57.272] <-- 200 OK  http://127.0.0.1:9008/jsonrpc/0 (137ms)
[Fastbot][2026-06-19 03:50:57.272] Content-Type: application/json
[Fastbot][2026-06-19 03:50:57.272] Date: Fri, 19 Jun 2026 03:50:57 GMT
[Fastbot][2026-06-19 03:50:57.272] Connection: keep-alive
[Fastbot][2026-06-19 03:50:57.272] Transfer-Encoding: chunked
[Fastbot][2026-06-19 03:50:57.304] 
[Fastbot][2026-06-19 03:50:57.305] {"jsonrpc":"2.0","id":1,"result":true}

[Fastbot][2026-06-19 03:50:57.305] <-- END HTTP (39-byte body)
[Fastbot][2026-06-19 03:50:58.343] [Proxy Server] Forwarding
[Fastbot][2026-06-19 03:50:58.343] --> POST http://127.0.0.1:9008/jsonrpc/0
[Fastbot][2026-06-19 03:50:58.344] Content-Type: application/json; charset=utf-8
[Fastbot][2026-06-19 03:50:58.344] Content-Length: 202
[Fastbot][2026-06-19 03:50:58.344] 
[Fastbot][2026-06-19 03:50:58.344] {"jsonrpc": "2.0", "id": 1, "method": "count", "params": [{"mask": 2097152, "childOrSibling": [], "childOrSiblingSelector": [], "resourceId": "net.gsantner.markor_test:id/opoc_filesystem_item__title"}]}
[Fastbot][2026-06-19 03:50:58.344] --> END POST (202-byte body)
[Fastbot][2026-06-19 03:50:58.365] <-- 200 OK  http://127.0.0.1:9008/jsonrpc/0 (21ms)
[Fastbot][2026-06-19 03:50:58.366] Content-Type: application/json
[Fastbot][2026-06-19 03:50:58.366] Date: Fri, 19 Jun 2026 03:50:58 GMT
[Fastbot][2026-06-19 03:50:58.366] Connection: keep-alive
[Fastbot][2026-06-19 03:50:58.366] Transfer-Encoding: chunked
[Fastbot][2026-06-19 03:50:58.366] 
[Fastbot][2026-06-19 03:50:58.366] {"jsonrpc":"2.0","id":1,"result":4}

[Fastbot][2026-06-19 03:50:58.366] <-- END HTTP (36-byte body)
[Fastbot][2026-06-19 03:50:58.405] [Proxy Server] Forwarding
[Fastbot][2026-06-19 03:50:58.406] --> POST http://127.0.0.1:9008/jsonrpc/0
[Fastbot][2026-06-19 03:50:58.406] Content-Type: application/json; charset=utf-8
[Fastbot][2026-06-19 03:50:58.406] Content-Length: 233
[Fastbot][2026-06-19 03:50:58.406] 
[Fastbot][2026-06-19 03:50:58.407] {"jsonrpc": "2.0", "id": 1, "method": "waitForExists", "params": [{"mask": 18874368, "childOrSibling": [], "childOrSiblingSelector": [], "resourceId": "net.gsantner.markor_test:id/opoc_filesystem_item__title", "instance": 0}, 20000]}
[Fastbot][2026-06-19 03:50:58.407] --> END POST (233-byte body)
[Fastbot][2026-06-19 03:50:58.414] <-- 200 OK  http://127.0.0.1:9008/jsonrpc/0 (6ms)
[Fastbot][2026-06-19 03:50:58.414] Content-Type: application/json
[Fastbot][2026-06-19 03:50:58.414] Date: Fri, 19 Jun 2026 03:50:58 GMT
[Fastbot][2026-06-19 03:50:58.414] Connection: keep-alive
[Fastbot][2026-06-19 03:50:58.414] Transfer-Encoding: chunked
[Fastbot][2026-06-19 03:50:58.415] 
[Fastbot][2026-06-19 03:50:58.415] {"jsonrpc":"2.0","id":1,"result":true}

[Fastbot][2026-06-19 03:50:58.415] <-- END HTTP (39-byte body)
[Fastbot][2026-06-19 03:50:58.466] [Proxy Server] Forwarding
[Fastbot][2026-06-19 03:50:58.467] --> POST http://127.0.0.1:9008/jsonrpc/0
[Fastbot][2026-06-19 03:50:58.467] Content-Type: application/json; charset=utf-8
[Fastbot][2026-06-19 03:50:58.467] Content-Length: 220
[Fastbot][2026-06-19 03:50:58.467] 
[Fastbot][2026-06-19 03:50:58.467] {"jsonrpc": "2.0", "id": 1, "method": "getText", "params": [{"mask": 18874368, "childOrSibling": [], "childOrSiblingSelector": [], "resourceId": "net.gsantner.markor_test:id/opoc_filesystem_item__title", "instance": 0}]}
[Fastbot][2026-06-19 03:50:58.467] --> END POST (220-byte body)
[Fastbot][2026-06-19 03:50:58.473] <-- 200 OK  http://127.0.0.1:9008/jsonrpc/0 (5ms)
[Fastbot][2026-06-19 03:50:58.473] Content-Type: application/json
[Fastbot][2026-06-19 03:50:58.473] Date: Fri, 19 Jun 2026 03:50:58 GMT
[Fastbot][2026-06-19 03:50:58.473] Connection: keep-alive
[Fastbot][2026-06-19 03:50:58.473] Transfer-Encoding: chunked
[Fastbot][2026-06-19 03:50:58.474] 
[Fastbot][2026-06-19 03:50:58.474] {"jsonrpc":"2.0","id":1,"result":".."}

[Fastbot][2026-06-19 03:50:58.474] <-- END HTTP (39-byte body)
[Fastbot][2026-06-19 03:50:58.514] [Proxy Server] Forwarding
[Fastbot][2026-06-19 03:50:58.514] --> POST http://127.0.0.1:9008/jsonrpc/0
[Fastbot][2026-06-19 03:50:58.514] Content-Type: application/json; charset=utf-8
[Fastbot][2026-06-19 03:50:58.515] Content-Length: 233
[Fastbot][2026-06-19 03:50:58.515] 
[Fastbot][2026-06-19 03:50:58.515] {"jsonrpc": "2.0", "id": 1, "method": "waitForExists", "params": [{"mask": 18874368, "childOrSibling": [], "childOrSiblingSelector": [], "resourceId": "net.gsantner.markor_test:id/opoc_filesystem_item__title", "instance": 1}, 20000]}
[Fastbot][2026-06-19 03:50:58.515] --> END POST (233-byte body)
[Fastbot][2026-06-19 03:50:58.522] <-- 200 OK  http://127.0.0.1:9008/jsonrpc/0 (6ms)
[Fastbot][2026-06-19 03:50:58.522] Content-Type: application/json
[Fastbot][2026-06-19 03:50:58.522] Date: Fri, 19 Jun 2026 03:50:58 GMT
[Fastbot][2026-06-19 03:50:58.522] Connection: keep-alive
[Fastbot][2026-06-19 03:50:58.522] Transfer-Encoding: chunked
[Fastbot][2026-06-19 03:50:58.523] 
[Fastbot][2026-06-19 03:50:58.523] {"jsonrpc":"2.0","id":1,"result":true}

[Fastbot][2026-06-19 03:50:58.523] <-- END HTTP (39-byte body)
[Fastbot][2026-06-19 03:50:58.577] [Proxy Server] Forwarding
[Fastbot][2026-06-19 03:50:58.577] --> POST http://127.0.0.1:9008/jsonrpc/0
[Fastbot][2026-06-19 03:50:58.577] Content-Type: application/json; charset=utf-8
[Fastbot][2026-06-19 03:50:58.578] Content-Length: 220
[Fastbot][2026-06-19 03:50:58.578] 
[Fastbot][2026-06-19 03:50:58.578] {"jsonrpc": "2.0", "id": 1, "method": "getText", "params": [{"mask": 18874368, "childOrSibling": [], "childOrSiblingSelector": [], "resourceId": "net.gsantner.markor_test:id/opoc_filesystem_item__title", "instance": 1}]}
[Fastbot][2026-06-19 03:50:58.578] --> END POST (220-byte body)
[Fastbot][2026-06-19 03:50:58.585] <-- 200 OK  http://127.0.0.1:9008/jsonrpc/0 (6ms)
[Fastbot][2026-06-19 03:50:58.585] Content-Type: application/json
[Fastbot][2026-06-19 03:50:58.585] Date: Fri, 19 Jun 2026 03:50:58 GMT
[Fastbot][2026-06-19 03:50:58.585] Connection: keep-alive
[Fastbot][2026-06-19 03:50:58.585] Transfer-Encoding: chunked
[Fastbot][2026-06-19 03:50:58.585] 
[Fastbot][2026-06-19 03:50:58.585] {"jsonrpc":"2.0","id":1,"result":"A.txt"}

[Fastbot][2026-06-19 03:50:58.585] <-- END HTTP (42-byte body)
[Fastbot][2026-06-19 03:50:58.623] [Proxy Server] Forwarding
[Fastbot][2026-06-19 03:50:58.623] --> POST http://127.0.0.1:9008/jsonrpc/0
[Fastbot][2026-06-19 03:50:58.624] Content-Type: application/json; charset=utf-8
[Fastbot][2026-06-19 03:50:58.624] Content-Length: 233
[Fastbot][2026-06-19 03:50:58.624] 
[Fastbot][2026-06-19 03:50:58.624] {"jsonrpc": "2.0", "id": 1, "method": "waitForExists", "params": [{"mask": 18874368, "childOrSibling": [], "childOrSiblingSelector": [], "resourceId": "net.gsantner.markor_test:id/opoc_filesystem_item__title", "instance": 2}, 20000]}
[Fastbot][2026-06-19 03:50:58.624] --> END POST (233-byte body)
[Fastbot][2026-06-19 03:50:58.632] <-- 200 OK  http://127.0.0.1:9008/jsonrpc/0 (7ms)
[Fastbot][2026-06-19 03:50:58.632] Content-Type: application/json
[Fastbot][2026-06-19 03:50:58.632] Date: Fri, 19 Jun 2026 03:50:58 GMT
[Fastbot][2026-06-19 03:50:58.632] Connection: keep-alive
[Fastbot][2026-06-19 03:50:58.633] Transfer-Encoding: chunked
[Fastbot][2026-06-19 03:50:58.633] 
[Fastbot][2026-06-19 03:50:58.633] {"jsonrpc":"2.0","id":1,"result":true}

[Fastbot][2026-06-19 03:50:58.633] <-- END HTTP (39-byte body)
[Fastbot][2026-06-19 03:50:58.669] [Proxy Server] Forwarding
[Fastbot][2026-06-19 03:50:58.670] --> POST http://127.0.0.1:9008/jsonrpc/0
[Fastbot][2026-06-19 03:50:58.670] Content-Type: application/json; charset=utf-8
[Fastbot][2026-06-19 03:50:58.670] Content-Length: 220
[Fastbot][2026-06-19 03:50:58.670] 
[Fastbot][2026-06-19 03:50:58.670] {"jsonrpc": "2.0", "id": 1, "method": "getText", "params": [{"mask": 18874368, "childOrSibling": [], "childOrSiblingSelector": [], "resourceId": "net.gsantner.markor_test:id/opoc_filesystem_item__title", "instance": 2}]}
[Fastbot][2026-06-19 03:50:58.670] --> END POST (220-byte body)
[Fastbot][2026-06-19 03:50:58.677] <-- 200 OK  http://127.0.0.1:9008/jsonrpc/0 (6ms)
[Fastbot][2026-06-19 03:50:58.677] Content-Type: application/json
[Fastbot][2026-06-19 03:50:58.678] Date: Fri, 19 Jun 2026 03:50:58 GMT
[Fastbot][2026-06-19 03:50:58.678] Connection: keep-alive
[Fastbot][2026-06-19 03:50:58.678] Transfer-Encoding: chunked
[Fastbot][2026-06-19 03:50:58.678] 
[Fastbot][2026-06-19 03:50:58.678] {"jsonrpc":"2.0","id":1,"result":"DXTkt.md"}

[Fastbot][2026-06-19 03:50:58.678] <-- END HTTP (45-byte body)
[Fastbot][2026-06-19 03:50:58.733] [Proxy Server] Forwarding
[Fastbot][2026-06-19 03:50:58.734] --> POST http://127.0.0.1:9008/jsonrpc/0
[Fastbot][2026-06-19 03:50:58.734] Content-Type: application/json; charset=utf-8
[Fastbot][2026-06-19 03:50:58.734] Content-Length: 233
[Fastbot][2026-06-19 03:50:58.734] 
[Fastbot][2026-06-19 03:50:58.734] {"jsonrpc": "2.0", "id": 1, "method": "waitForExists", "params": [{"mask": 18874368, "childOrSibling": [], "childOrSiblingSelector": [], "resourceId": "net.gsantner.markor_test:id/opoc_filesystem_item__title", "instance": 2}, 20000]}
[Fastbot][2026-06-19 03:50:58.734] --> END POST (233-byte body)
[Fastbot][2026-06-19 03:50:58.743] <-- 200 OK  http://127.0.0.1:9008/jsonrpc/0 (8ms)
[Fastbot][2026-06-19 03:50:58.743] Content-Type: application/json
[Fastbot][2026-06-19 03:50:58.743] Date: Fri, 19 Jun 2026 03:50:58 GMT
[Fastbot][2026-06-19 03:50:58.743] Connection: keep-alive
[Fastbot][2026-06-19 03:50:58.743] Transfer-Encoding: chunked
[Fastbot][2026-06-19 03:50:58.744] 
[Fastbot][2026-06-19 03:50:58.744] {"jsonrpc":"2.0","id":1,"result":true}

[Fastbot][2026-06-19 03:50:58.744] <-- END HTTP (39-byte body)
[Fastbot][2026-06-19 03:50:58.779] [Proxy Server] Forwarding
[Fastbot][2026-06-19 03:50:58.780] --> POST http://127.0.0.1:9008/jsonrpc/0
[Fastbot][2026-06-19 03:50:58.780] Content-Type: application/json; charset=utf-8
[Fastbot][2026-06-19 03:50:58.780] Content-Length: 220
[Fastbot][2026-06-19 03:50:58.780] 
[Fastbot][2026-06-19 03:50:58.780] {"jsonrpc": "2.0", "id": 1, "method": "getText", "params": [{"mask": 18874368, "childOrSibling": [], "childOrSiblingSelector": [], "resourceId": "net.gsantner.markor_test:id/opoc_filesystem_item__title", "instance": 2}]}
[Fastbot][2026-06-19 03:50:58.780] --> END POST (220-byte body)
[Fastbot][2026-06-19 03:50:58.786] <-- 200 OK  http://127.0.0.1:9008/jsonrpc/0 (5ms)
[Fastbot][2026-06-19 03:50:58.786] Content-Type: application/json
[Fastbot][2026-06-19 03:50:58.786] Date: Fri, 19 Jun 2026 03:50:58 GMT
[Fastbot][2026-06-19 03:50:58.786] Connection: keep-alive
[Fastbot][2026-06-19 03:50:58.786] Transfer-Encoding: chunked
[Fastbot][2026-06-19 03:50:58.787] 
[Fastbot][2026-06-19 03:50:58.787] {"jsonrpc":"2.0","id":1,"result":"DXTkt.md"}

[Fastbot][2026-06-19 03:50:58.787] <-- END HTTP (45-byte body)
[Fastbot][2026-06-19 03:50:58.826] [Proxy Server] Forwarding
[Fastbot][2026-06-19 03:50:58.826] --> POST http://127.0.0.1:9008/jsonrpc/0
[Fastbot][2026-06-19 03:50:58.826] Content-Type: application/json; charset=utf-8
[Fastbot][2026-06-19 03:50:58.826] Content-Length: 233
[Fastbot][2026-06-19 03:50:58.827] 
[Fastbot][2026-06-19 03:50:58.827] {"jsonrpc": "2.0", "id": 1, "method": "waitForExists", "params": [{"mask": 18874368, "childOrSibling": [], "childOrSiblingSelector": [], "resourceId": "net.gsantner.markor_test:id/opoc_filesystem_item__title", "instance": 3}, 20000]}
[Fastbot][2026-06-19 03:50:58.827] --> END POST (233-byte body)
[Fastbot][2026-06-19 03:50:58.833] <-- 200 OK  http://127.0.0.1:9008/jsonrpc/0 (6ms)
[Fastbot][2026-06-19 03:50:58.834] Content-Type: application/json
[Fastbot][2026-06-19 03:50:58.834] Date: Fri, 19 Jun 2026 03:50:58 GMT
[Fastbot][2026-06-19 03:50:58.834] Connection: keep-alive
[Fastbot][2026-06-19 03:50:58.834] Transfer-Encoding: chunked
[Fastbot][2026-06-19 03:50:58.834] 
[Fastbot][2026-06-19 03:50:58.834] {"jsonrpc":"2.0","id":1,"result":true}

[Fastbot][2026-06-19 03:50:58.834] <-- END HTTP (39-byte body)
[Fastbot][2026-06-19 03:50:58.873] [Proxy Server] Forwarding
[Fastbot][2026-06-19 03:50:58.873] --> POST http://127.0.0.1:9008/jsonrpc/0
[Fastbot][2026-06-19 03:50:58.873] Content-Type: application/json; charset=utf-8
[Fastbot][2026-06-19 03:50:58.873] Content-Length: 220
[Fastbot][2026-06-19 03:50:58.874] 
[Fastbot][2026-06-19 03:50:58.874] {"jsonrpc": "2.0", "id": 1, "method": "getText", "params": [{"mask": 18874368, "childOrSibling": [], "childOrSiblingSelector": [], "resourceId": "net.gsantner.markor_test:id/opoc_filesystem_item__title", "instance": 3}]}
[Fastbot][2026-06-19 03:50:58.875] --> END POST (220-byte body)
[Fastbot][2026-06-19 03:50:58.880] <-- 200 OK  http://127.0.0.1:9008/jsonrpc/0 (5ms)
[Fastbot][2026-06-19 03:50:58.880] Content-Type: application/json
[Fastbot][2026-06-19 03:50:58.880] Date: Fri, 19 Jun 2026 03:50:58 GMT
[Fastbot][2026-06-19 03:50:58.880] Connection: keep-alive
[Fastbot][2026-06-19 03:50:58.880] Transfer-Encoding: chunked
[Fastbot][2026-06-19 03:50:58.881] 
[Fastbot][2026-06-19 03:50:58.881] {"jsonrpc":"2.0","id":1,"result":"k9qMhDEC7s.md"}

[Fastbot][2026-06-19 03:50:58.881] <-- END HTTP (50-byte body)
[Fastbot][2026-06-19 03:50:58.896] [Proxy Server] Forwarding
[Fastbot][2026-06-19 03:50:58.896] --> POST http://127.0.0.1:9008/jsonrpc/0
[Fastbot][2026-06-19 03:50:58.896] Content-Type: application/json; charset=utf-8
[Fastbot][2026-06-19 03:50:58.896] Content-Length: 233
[Fastbot][2026-06-19 03:50:58.897] 
[Fastbot][2026-06-19 03:50:58.897] {"jsonrpc": "2.0", "id": 1, "method": "waitForExists", "params": [{"mask": 18874368, "childOrSibling": [], "childOrSiblingSelector": [], "resourceId": "net.gsantner.markor_test:id/opoc_filesystem_item__title", "instance": 3}, 20000]}
[Fastbot][2026-06-19 03:50:58.897] --> END POST (233-byte body)
[Fastbot][2026-06-19 03:50:58.905] <-- 200 OK  http://127.0.0.1:9008/jsonrpc/0 (7ms)
[Fastbot][2026-06-19 03:50:58.905] Content-Type: application/json
[Fastbot][2026-06-19 03:50:58.905] Date: Fri, 19 Jun 2026 03:50:58 GMT
[Fastbot][2026-06-19 03:50:58.905] Connection: keep-alive
[Fastbot][2026-06-19 03:50:58.906] Transfer-Encoding: chunked
[Fastbot][2026-06-19 03:50:58.944] 
[Fastbot][2026-06-19 03:50:58.944] {"jsonrpc":"2.0","id":1,"result":true}

[Fastbot][2026-06-19 03:50:58.944] <-- END HTTP (39-byte body)
[Fastbot][2026-06-19 03:50:58.999] [Proxy Server] Forwarding
[Fastbot][2026-06-19 03:50:58.999] --> POST http://127.0.0.1:9008/jsonrpc/0
[Fastbot][2026-06-19 03:50:58.999] Content-Type: application/json; charset=utf-8
[Fastbot][2026-06-19 03:50:58.999] Content-Length: 220
[Fastbot][2026-06-19 03:50:58.999] 
[Fastbot][2026-06-19 03:50:58.999] {"jsonrpc": "2.0", "id": 1, "method": "getText", "params": [{"mask": 18874368, "childOrSibling": [], "childOrSiblingSelector": [], "resourceId": "net.gsantner.markor_test:id/opoc_filesystem_item__title", "instance": 3}]}
[Fastbot][2026-06-19 03:50:59.000] --> END POST (220-byte body)
[Fastbot][2026-06-19 03:50:59.005] <-- 200 OK  http://127.0.0.1:9008/jsonrpc/0 (5ms)
[Fastbot][2026-06-19 03:50:59.005] Content-Type: application/json
[Fastbot][2026-06-19 03:50:59.005] Date: Fri, 19 Jun 2026 03:50:59 GMT
[Fastbot][2026-06-19 03:50:59.005] Connection: keep-alive
[Fastbot][2026-06-19 03:50:59.005] Transfer-Encoding: chunked
[Fastbot][2026-06-19 03:50:59.006] 
[Fastbot][2026-06-19 03:50:59.006] {"jsonrpc":"2.0","id":1,"result":"k9qMhDEC7s.md"}

[Fastbot][2026-06-19 03:50:59.006] <-- END HTTP (50-byte body)
[Fastbot][2026-06-19 03:50:59.044] [Proxy Server] Forwarding
[Fastbot][2026-06-19 03:50:59.045] --> POST http://127.0.0.1:9008/jsonrpc/0
[Fastbot][2026-06-19 03:50:59.045] Content-Type: application/json; charset=utf-8
[Fastbot][2026-06-19 03:50:59.045] Content-Length: 242
[Fastbot][2026-06-19 03:50:59.045] 
[Fastbot][2026-06-19 03:50:59.045] {"jsonrpc": "2.0", "id": 1, "method": "waitForExists", "params": [{"mask": 2097153, "childOrSibling": [], "childOrSiblingSelector": [], "resourceId": "net.gsantner.markor_test:id/opoc_filesystem_item__title", "text": "k9qMhDEC7s.md"}, 20000]}
[Fastbot][2026-06-19 03:50:59.045] --> END POST (242-byte body)
[Fastbot][2026-06-19 03:50:59.066] <-- 200 OK  http://127.0.0.1:9008/jsonrpc/0 (20ms)
[Fastbot][2026-06-19 03:50:59.066] Content-Type: application/json
[Fastbot][2026-06-19 03:50:59.067] Date: Fri, 19 Jun 2026 03:50:59 GMT
[Fastbot][2026-06-19 03:50:59.067] Connection: keep-alive
[Fastbot][2026-06-19 03:50:59.067] Transfer-Encoding: chunked
[Fastbot][2026-06-19 03:50:59.067] 
[Fastbot][2026-06-19 03:50:59.067] {"jsonrpc":"2.0","id":1,"result":true}

[Fastbot][2026-06-19 03:50:59.067] <-- END HTTP (39-byte body)
[Fastbot][2026-06-19 03:50:59.107] [Proxy Server] Forwarding
[Fastbot][2026-06-19 03:50:59.107] --> POST http://127.0.0.1:9008/jsonrpc/0
[Fastbot][2026-06-19 03:50:59.107] Content-Type: application/json; charset=utf-8
[Fastbot][2026-06-19 03:50:59.107] Content-Length: 229
[Fastbot][2026-06-19 03:50:59.107] 
[Fastbot][2026-06-19 03:50:59.107] {"jsonrpc": "2.0", "id": 1, "method": "objInfo", "params": [{"mask": 2097153, "childOrSibling": [], "childOrSiblingSelector": [], "resourceId": "net.gsantner.markor_test:id/opoc_filesystem_item__title", "text": "k9qMhDEC7s.md"}]}
[Fastbot][2026-06-19 03:50:59.107] --> END POST (229-byte body)
[Fastbot][2026-06-19 03:50:59.132] <-- 200 OK  http://127.0.0.1:9008/jsonrpc/0 (24ms)
[Fastbot][2026-06-19 03:50:59.132] Content-Type: application/json
[Fastbot][2026-06-19 03:50:59.132] Date: Fri, 19 Jun 2026 03:50:59 GMT
[Fastbot][2026-06-19 03:50:59.132] Connection: keep-alive
[Fastbot][2026-06-19 03:50:59.132] Transfer-Encoding: chunked
[Fastbot][2026-06-19 03:50:59.133] 
[Fastbot][2026-06-19 03:50:59.133] {"jsonrpc":"2.0","id":1,"result":{"bounds":{"bottom":809,"left":165,"right":570,"top":739},"childCount":0,"className":"android.widget.TextView","contentDescription":null,"packageName":"net.gsantner.markor_test","resourceName":"net.gsantner.markor_test:id/opoc_filesystem_item__title","text":"k9qMhDEC...[truncated]
[Fastbot][2026-06-19 03:50:59.133] <-- END HTTP (532-byte body)
[Fastbot][2026-06-19 03:50:59.171] [Proxy Server] Detected script method: click
[Fastbot][2026-06-19 03:50:59.171] [Proxy Server] Forwarding
[Fastbot][2026-06-19 03:50:59.171] --> POST http://127.0.0.1:9008/jsonrpc/0
[Fastbot][2026-06-19 03:50:59.171] Content-Type: application/json; charset=utf-8
[Fastbot][2026-06-19 03:50:59.172] Content-Length: 77
[Fastbot][2026-06-19 03:50:59.172] 
[Fastbot][2026-06-19 03:50:59.172] {"jsonrpc": "2.0", "id": 1, "method": "click", "params": [367.5, 774.0, 500]}
[Fastbot][2026-06-19 03:50:59.172] --> END POST (77-byte body)
[Fastbot][2026-06-19 03:50:59.779] <-- 200 OK  http://127.0.0.1:9008/jsonrpc/0 (606ms)
[Fastbot][2026-06-19 03:50:59.779] Content-Type: application/json
[Fastbot][2026-06-19 03:50:59.780] Date: Fri, 19 Jun 2026 03:50:59 GMT
[Fastbot][2026-06-19 03:50:59.780] Connection: keep-alive
[Fastbot][2026-06-19 03:50:59.780] Transfer-Encoding: chunked
[Fastbot][2026-06-19 03:50:59.780] 
[Fastbot][2026-06-19 03:50:59.780] {"jsonrpc":"2.0","id":1,"result":true}

[Fastbot][2026-06-19 03:50:59.781] <-- END HTTP (39-byte body)
[Fastbot][2026-06-19 03:51:00.821] [Proxy Server] Forwarding
[Fastbot][2026-06-19 03:51:00.821] --> POST http://127.0.0.1:9008/jsonrpc/0
[Fastbot][2026-06-19 03:51:00.822] Content-Type: application/json; charset=utf-8
[Fastbot][2026-06-19 03:51:00.822] Content-Length: 217
[Fastbot][2026-06-19 03:51:00.822] 
[Fastbot][2026-06-19 03:51:00.822] {"jsonrpc": "2.0", "id": 1, "method": "waitForExists", "params": [{"mask": 2097152, "childOrSibling": [], "childOrSiblingSelector": [], "resourceId": "net.gsantner.markor_test:id/action_rename_selected_item"}, 20000]}
[Fastbot][2026-06-19 03:51:00.822] --> END POST (217-byte body)
[Fastbot][2026-06-19 03:51:00.836] <-- 200 OK  http://127.0.0.1:9008/jsonrpc/0 (13ms)
[Fastbot][2026-06-19 03:51:00.836] Content-Type: application/json
[Fastbot][2026-06-19 03:51:00.836] Date: Fri, 19 Jun 2026 03:51:00 GMT
[Fastbot][2026-06-19 03:51:00.836] Connection: keep-alive
[Fastbot][2026-06-19 03:51:00.836] Transfer-Encoding: chunked
[Fastbot][2026-06-19 03:51:00.836] 
[Fastbot][2026-06-19 03:51:00.836] {"jsonrpc":"2.0","id":1,"result":true}

[Fastbot][2026-06-19 03:51:00.837] <-- END HTTP (39-byte body)
[Fastbot][2026-06-19 03:51:00.882] [Proxy Server] Forwarding
[Fastbot][2026-06-19 03:51:00.883] --> POST http://127.0.0.1:9008/jsonrpc/0
[Fastbot][2026-06-19 03:51:00.883] Content-Type: application/json; charset=utf-8
[Fastbot][2026-06-19 03:51:00.883] Content-Length: 204
[Fastbot][2026-06-19 03:51:00.883] 
[Fastbot][2026-06-19 03:51:00.883] {"jsonrpc": "2.0", "id": 1, "method": "objInfo", "params": [{"mask": 2097152, "childOrSibling": [], "childOrSiblingSelector": [], "resourceId": "net.gsantner.markor_test:id/action_rename_selected_item"}]}
[Fastbot][2026-06-19 03:51:00.884] --> END POST (204-byte body)
[Fastbot][2026-06-19 03:51:00.907] <-- 200 OK  http://127.0.0.1:9008/jsonrpc/0 (23ms)
[Fastbot][2026-06-19 03:51:00.907] Content-Type: application/json
[Fastbot][2026-06-19 03:51:00.907] Date: Fri, 19 Jun 2026 03:51:00 GMT
[Fastbot][2026-06-19 03:51:00.908] Connection: keep-alive
[Fastbot][2026-06-19 03:51:00.908] Transfer-Encoding: chunked
[Fastbot][2026-06-19 03:51:00.908] 
[Fastbot][2026-06-19 03:51:00.908] {"jsonrpc":"2.0","id":1,"result":{"bounds":{"bottom":275,"left":639,"right":749,"top":143},"childCount":0,"className":"android.widget.TextView","contentDescription":"Rename","packageName":"net.gsantner.markor_test","resourceName":"net.gsantner.markor_test:id/action_rename_selected_item","text":null,...[truncated]
[Fastbot][2026-06-19 03:51:00.908] <-- END HTTP (522-byte body)
[Fastbot][2026-06-19 03:51:00.960] [Proxy Server] Detected script method: click
[Fastbot][2026-06-19 03:51:00.961] [Proxy Server] Forwarding
[Fastbot][2026-06-19 03:51:00.961] --> POST http://127.0.0.1:9008/jsonrpc/0
[Fastbot][2026-06-19 03:51:00.961] Content-Type: application/json; charset=utf-8
[Fastbot][2026-06-19 03:51:00.962] Content-Length: 72
[Fastbot][2026-06-19 03:51:00.962] 
[Fastbot][2026-06-19 03:51:00.962] {"jsonrpc": "2.0", "id": 1, "method": "click", "params": [694.0, 209.0]}
[Fastbot][2026-06-19 03:51:00.963] --> END POST (72-byte body)
[Fastbot][2026-06-19 03:51:01.098] <-- 200 OK  http://127.0.0.1:9008/jsonrpc/0 (134ms)
[Fastbot][2026-06-19 03:51:01.098] Content-Type: application/json
[Fastbot][2026-06-19 03:51:01.099] Date: Fri, 19 Jun 2026 03:51:01 GMT
[Fastbot][2026-06-19 03:51:01.099] Connection: keep-alive
[Fastbot][2026-06-19 03:51:01.099] Transfer-Encoding: chunked
[Fastbot][2026-06-19 03:51:01.100] 
[Fastbot][2026-06-19 03:51:01.100] {"jsonrpc":"2.0","id":1,"result":true}

[Fastbot][2026-06-19 03:51:01.101] <-- END HTTP (39-byte body)
[Fastbot][2026-06-19 03:51:02.148] [Proxy Server] Forwarding
[Fastbot][2026-06-19 03:51:02.148] --> POST http://127.0.0.1:9008/jsonrpc/0
[Fastbot][2026-06-19 03:51:02.149] Content-Type: application/json; charset=utf-8
[Fastbot][2026-06-19 03:51:02.149] Content-Length: 198
[Fastbot][2026-06-19 03:51:02.149] 
[Fastbot][2026-06-19 03:51:02.149] {"jsonrpc": "2.0", "id": 1, "method": "waitForExists", "params": [{"mask": 2097152, "childOrSibling": [], "childOrSiblingSelector": [], "resourceId": "net.gsantner.markor_test:id/new_name"}, 20000]}
[Fastbot][2026-06-19 03:51:02.149] --> END POST (198-byte body)
[Fastbot][2026-06-19 03:51:02.162] <-- 200 OK  http://127.0.0.1:9008/jsonrpc/0 (13ms)
[Fastbot][2026-06-19 03:51:02.162] Content-Type: application/json
[Fastbot][2026-06-19 03:51:02.163] Date: Fri, 19 Jun 2026 03:51:02 GMT
[Fastbot][2026-06-19 03:51:02.163] Connection: keep-alive
[Fastbot][2026-06-19 03:51:02.163] Transfer-Encoding: chunked
[Fastbot][2026-06-19 03:51:02.164] 
[Fastbot][2026-06-19 03:51:02.164] {"jsonrpc":"2.0","id":1,"result":true}

[Fastbot][2026-06-19 03:51:02.164] <-- END HTTP (39-byte body)
[Fastbot][2026-06-19 03:51:02.178] [Proxy Server] Detected script method: setText
[Fastbot][2026-06-19 03:51:02.179] [Proxy Server] Forwarding
[Fastbot][2026-06-19 03:51:02.179] --> POST http://127.0.0.1:9008/jsonrpc/0
[Fastbot][2026-06-19 03:51:02.180] Content-Type: application/json; charset=utf-8
[Fastbot][2026-06-19 03:51:02.180] Content-Length: 197
[Fastbot][2026-06-19 03:51:02.180] 
[Fastbot][2026-06-19 03:51:02.180] {"jsonrpc": "2.0", "id": 1, "method": "setText", "params": [{"mask": 2097152, "childOrSibling": [], "childOrSiblingSelector": [], "resourceId": "net.gsantner.markor_test:id/new_name"}, "dxtkt.md"]}
[Fastbot][2026-06-19 03:51:02.181] --> END POST (197-byte body)
[Fastbot][2026-06-19 03:51:02.325] <-- 200 OK  http://127.0.0.1:9008/jsonrpc/0 (144ms)
[Fastbot][2026-06-19 03:51:02.326] Content-Type: application/json
[Fastbot][2026-06-19 03:51:02.326] Date: Fri, 19 Jun 2026 03:51:02 GMT
[Fastbot][2026-06-19 03:51:02.326] Connection: keep-alive
[Fastbot][2026-06-19 03:51:02.326] Transfer-Encoding: chunked
[Fastbot][2026-06-19 03:51:02.365] 
[Fastbot][2026-06-19 03:51:02.365] {"jsonrpc":"2.0","id":1,"result":true}

[Fastbot][2026-06-19 03:51:02.365] <-- END HTTP (39-byte body)
[Fastbot][2026-06-19 03:51:03.413] [Proxy Server] Forwarding
[Fastbot][2026-06-19 03:51:03.414] --> POST http://127.0.0.1:9008/jsonrpc/0
[Fastbot][2026-06-19 03:51:03.414] Content-Type: application/json; charset=utf-8
[Fastbot][2026-06-19 03:51:03.414] Content-Length: 194
[Fastbot][2026-06-19 03:51:03.414] 
[Fastbot][2026-06-19 03:51:03.414] {"jsonrpc": "2.0", "id": 1, "method": "waitForExists", "params": [{"mask": 2097153, "childOrSibling": [], "childOrSiblingSelector": [], "resourceId": "android:id/button1", "text": "OK"}, 20000]}
[Fastbot][2026-06-19 03:51:03.414] --> END POST (194-byte body)
[Fastbot][2026-06-19 03:51:03.423] <-- 200 OK  http://127.0.0.1:9008/jsonrpc/0 (8ms)
[Fastbot][2026-06-19 03:51:03.423] Content-Type: application/json
[Fastbot][2026-06-19 03:51:03.423] Date: Fri, 19 Jun 2026 03:51:03 GMT
[Fastbot][2026-06-19 03:51:03.423] Connection: keep-alive
[Fastbot][2026-06-19 03:51:03.424] Transfer-Encoding: chunked
[Fastbot][2026-06-19 03:51:03.424] 
[Fastbot][2026-06-19 03:51:03.424] {"jsonrpc":"2.0","id":1,"result":true}

[Fastbot][2026-06-19 03:51:03.424] <-- END HTTP (39-byte body)
[Fastbot][2026-06-19 03:51:03.459] [Proxy Server] Forwarding
[Fastbot][2026-06-19 03:51:03.459] --> POST http://127.0.0.1:9008/jsonrpc/0
[Fastbot][2026-06-19 03:51:03.459] Content-Type: application/json; charset=utf-8
[Fastbot][2026-06-19 03:51:03.460] Content-Length: 181
[Fastbot][2026-06-19 03:51:03.460] 
[Fastbot][2026-06-19 03:51:03.460] {"jsonrpc": "2.0", "id": 1, "method": "objInfo", "params": [{"mask": 2097153, "childOrSibling": [], "childOrSiblingSelector": [], "resourceId": "android:id/button1", "text": "OK"}]}
[Fastbot][2026-06-19 03:51:03.460] --> END POST (181-byte body)
[Fastbot][2026-06-19 03:51:03.481] <-- 200 OK  http://127.0.0.1:9008/jsonrpc/0 (21ms)
[Fastbot][2026-06-19 03:51:03.482] Content-Type: application/json
[Fastbot][2026-06-19 03:51:03.482] Date: Fri, 19 Jun 2026 03:51:03 GMT
[Fastbot][2026-06-19 03:51:03.482] Connection: keep-alive
[Fastbot][2026-06-19 03:51:03.482] Transfer-Encoding: chunked
[Fastbot][2026-06-19 03:51:03.483] 
[Fastbot][2026-06-19 03:51:03.484] {"jsonrpc":"2.0","id":1,"result":{"bounds":{"bottom":1399,"left":669,"right":834,"top":1283},"childCount":0,"className":"android.widget.Button","contentDescription":null,"packageName":"net.gsantner.markor_test","resourceName":"android:id/button1","text":"OK","visibleBounds":{"bottom":1399,"left":669...[truncated]
[Fastbot][2026-06-19 03:51:03.484] <-- END HTTP (484-byte body)
[Fastbot][2026-06-19 03:51:03.540] [Proxy Server] Detected script method: click
[Fastbot][2026-06-19 03:51:03.540] [Proxy Server] Forwarding
[Fastbot][2026-06-19 03:51:03.540] --> POST http://127.0.0.1:9008/jsonrpc/0
[Fastbot][2026-06-19 03:51:03.540] Content-Type: application/json; charset=utf-8
[Fastbot][2026-06-19 03:51:03.541] Content-Length: 73
[Fastbot][2026-06-19 03:51:03.541] 
[Fastbot][2026-06-19 03:51:03.541] {"jsonrpc": "2.0", "id": 1, "method": "click", "params": [751.5, 1341.0]}
[Fastbot][2026-06-19 03:51:03.542] --> END POST (73-byte body)
[Fastbot][2026-06-19 03:51:03.677] <-- 200 OK  http://127.0.0.1:9008/jsonrpc/0 (135ms)
[Fastbot][2026-06-19 03:51:03.677] Content-Type: application/json
[Fastbot][2026-06-19 03:51:03.677] Date: Fri, 19 Jun 2026 03:51:03 GMT
[Fastbot][2026-06-19 03:51:03.677] Connection: keep-alive
[Fastbot][2026-06-19 03:51:03.678] Transfer-Encoding: chunked
[Fastbot][2026-06-19 03:51:03.678] 
[Fastbot][2026-06-19 03:51:03.678] {"jsonrpc":"2.0","id":1,"result":true}

[Fastbot][2026-06-19 03:51:03.678] <-- END HTTP (39-byte body)
[Fastbot][2026-06-19 03:51:04.716] [Proxy Server] Forwarding
[Fastbot][2026-06-19 03:51:04.716] --> POST http://127.0.0.1:9008/jsonrpc/0
[Fastbot][2026-06-19 03:51:04.716] Content-Type: application/json; charset=utf-8
[Fastbot][2026-06-19 03:51:04.716] Content-Length: 83
[Fastbot][2026-06-19 03:51:04.716] 
[Fastbot][2026-06-19 03:51:04.716] {"jsonrpc": "2.0", "id": 1, "method": "dumpWindowHierarchy", "params": [false, 50]}
[Fastbot][2026-06-19 03:51:04.716] --> END POST (83-byte body)
[Fastbot][2026-06-19 03:51:04.748] <-- 200 OK  http://127.0.0.1:9008/jsonrpc/0 (31ms)
[Fastbot][2026-06-19 03:51:04.748] Content-Type: application/json
[Fastbot][2026-06-19 03:51:04.748] Date: Fri, 19 Jun 2026 03:51:04 GMT
[Fastbot][2026-06-19 03:51:04.748] Connection: keep-alive
[Fastbot][2026-06-19 03:51:04.748] Transfer-Encoding: chunked
[Fastbot][2026-06-19 03:51:04.752] 
[Fastbot][2026-06-19 03:51:04.753] {"jsonrpc":"2.0","id":1,"result":"<?xml version='1.0' encoding='UTF-8' standalone='yes' ?>\r\n<hierarchy rotation=\"0\">\r\n  <node index=\"0\" text=\"\" resource-id=\"\" class=\"android.widget.FrameLayout\" package=\"com.android.systemui\" content-desc=\"\" checkable=\"false\" checked=\"false\" cli...[truncated]
[Fastbot][2026-06-19 03:51:04.753] <-- END HTTP (46106-byte body)
[Fastbot][2026-06-19 03:51:04.796] [Proxy Server] Detected script method: swipe
[Fastbot][2026-06-19 03:51:04.796] [Proxy Server] Forwarding
[Fastbot][2026-06-19 03:51:04.796] --> POST http://127.0.0.1:9008/jsonrpc/0
[Fastbot][2026-06-19 03:51:04.796] Content-Type: application/json; charset=utf-8
[Fastbot][2026-06-19 03:51:04.797] Content-Length: 83
[Fastbot][2026-06-19 03:51:04.797] 
[Fastbot][2026-06-19 03:51:04.797] {"jsonrpc": "2.0", "id": 1, "method": "swipe", "params": [500, 1600, 500, 800, 55]}
[Fastbot][2026-06-19 03:51:04.797] --> END POST (83-byte body)
[Fastbot][2026-06-19 03:51:05.827] <-- 200 OK  http://127.0.0.1:9008/jsonrpc/0 (1029ms)
[Fastbot][2026-06-19 03:51:05.827] Content-Type: application/json
[Fastbot][2026-06-19 03:51:05.828] Date: Fri, 19 Jun 2026 03:51:05 GMT
[Fastbot][2026-06-19 03:51:05.828] Connection: keep-alive
[Fastbot][2026-06-19 03:51:05.828] Transfer-Encoding: chunked
[Fastbot][2026-06-19 03:51:05.828] 
[Fastbot][2026-06-19 03:51:05.828] {"jsonrpc":"2.0","id":1,"result":true}

[Fastbot][2026-06-19 03:51:05.828] <-- END HTTP (39-byte body)
[Fastbot][2026-06-19 03:51:06.856] [Proxy Server] Forwarding
[Fastbot][2026-06-19 03:51:06.856] --> POST http://127.0.0.1:9008/jsonrpc/0
[Fastbot][2026-06-19 03:51:06.856] Content-Type: application/json; charset=utf-8
[Fastbot][2026-06-19 03:51:06.856] Content-Length: 83
[Fastbot][2026-06-19 03:51:06.856] 
[Fastbot][2026-06-19 03:51:06.857] {"jsonrpc": "2.0", "id": 1, "method": "dumpWindowHierarchy", "params": [false, 50]}
[Fastbot][2026-06-19 03:51:06.857] --> END POST (83-byte body)
[Fastbot][2026-06-19 03:51:06.891] <-- 200 OK  http://127.0.0.1:9008/jsonrpc/0 (34ms)
[Fastbot][2026-06-19 03:51:06.891] Content-Type: application/json
[Fastbot][2026-06-19 03:51:06.891] Date: Fri, 19 Jun 2026 03:51:06 GMT
[Fastbot][2026-06-19 03:51:06.891] Connection: keep-alive
[Fastbot][2026-06-19 03:51:06.891] Transfer-Encoding: chunked
[Fastbot][2026-06-19 03:51:06.896] 
[Fastbot][2026-06-19 03:51:06.896] {"jsonrpc":"2.0","id":1,"result":"<?xml version='1.0' encoding='UTF-8' standalone='yes' ?>\r\n<hierarchy rotation=\"0\">\r\n  <node index=\"0\" text=\"\" resource-id=\"\" class=\"android.widget.FrameLayout\" package=\"com.android.systemui\" content-desc=\"\" checkable=\"false\" checked=\"false\" cli...[truncated]
[Fastbot][2026-06-19 03:51:06.897] <-- END HTTP (46106-byte body)
[Fastbot][2026-06-19 03:51:06.951] [Proxy Server] Detected script method: swipe
[Fastbot][2026-06-19 03:51:06.951] [Proxy Server] Forwarding
[Fastbot][2026-06-19 03:51:06.952] --> POST http://127.0.0.1:9008/jsonrpc/0
[Fastbot][2026-06-19 03:51:06.952] Content-Type: application/json; charset=utf-8
[Fastbot][2026-06-19 03:51:06.952] Content-Length: 83
[Fastbot][2026-06-19 03:51:06.952] 
[Fastbot][2026-06-19 03:51:06.952] {"jsonrpc": "2.0", "id": 1, "method": "swipe", "params": [500, 1600, 500, 800, 55]}
[Fastbot][2026-06-19 03:51:06.952] --> END POST (83-byte body)
[Fastbot][2026-06-19 03:51:07.880] <-- 200 OK  http://127.0.0.1:9008/jsonrpc/0 (927ms)
[Fastbot][2026-06-19 03:51:07.880] Content-Type: application/json
[Fastbot][2026-06-19 03:51:07.880] Date: Fri, 19 Jun 2026 03:51:07 GMT
[Fastbot][2026-06-19 03:51:07.880] Connection: keep-alive
[Fastbot][2026-06-19 03:51:07.880] Transfer-Encoding: chunked
[Fastbot][2026-06-19 03:51:07.881] 
[Fastbot][2026-06-19 03:51:07.881] {"jsonrpc":"2.0","id":1,"result":true}

[Fastbot][2026-06-19 03:51:07.881] <-- END HTTP (39-byte body)
[Fastbot][2026-06-19 03:51:08.929] [Proxy Server] Detected script method: swipe
[Fastbot][2026-06-19 03:51:08.929] [Proxy Server] Forwarding
[Fastbot][2026-06-19 03:51:08.930] --> POST http://127.0.0.1:9008/jsonrpc/0
[Fastbot][2026-06-19 03:51:08.930] Content-Type: application/json; charset=utf-8
[Fastbot][2026-06-19 03:51:08.930] Content-Length: 83
[Fastbot][2026-06-19 03:51:08.930] 
[Fastbot][2026-06-19 03:51:08.930] {"jsonrpc": "2.0", "id": 1, "method": "swipe", "params": [500, 800, 500, 1600, 55]}
[Fastbot][2026-06-19 03:51:08.930] --> END POST (83-byte body)
[Fastbot][2026-06-19 03:51:09.949] <-- 200 OK  http://127.0.0.1:9008/jsonrpc/0 (1018ms)
[Fastbot][2026-06-19 03:51:09.949] Content-Type: application/json
[Fastbot][2026-06-19 03:51:09.949] Date: Fri, 19 Jun 2026 03:51:09 GMT
[Fastbot][2026-06-19 03:51:09.949] Connection: keep-alive
[Fastbot][2026-06-19 03:51:09.949] Transfer-Encoding: chunked
[Fastbot][2026-06-19 03:51:09.950] 
[Fastbot][2026-06-19 03:51:09.950] {"jsonrpc":"2.0","id":1,"result":true}

[Fastbot][2026-06-19 03:51:09.950] <-- END HTTP (39-byte body)
[Fastbot][2026-06-19 03:51:11.235] --> POST http://127.0.0.1:9008/jsonrpc/0
[Fastbot][2026-06-19 03:51:11.236] Content-Type: application/json; charset=utf-8
[Fastbot][2026-06-19 03:51:11.236] Content-Length: 75
[Fastbot][2026-06-19 03:51:11.236] 
[Fastbot][2026-06-19 03:51:11.236] {"id":1,"jsonrpc":"2.0","method":"dumpWindowHierarchy","params":[false,50]}
[Fastbot][2026-06-19 03:51:11.236] --> END POST (75-byte body)
[Fastbot][2026-06-19 03:51:11.266] <-- 200 OK  http://127.0.0.1:9008/jsonrpc/0 (29ms)
[Fastbot][2026-06-19 03:51:11.266] Content-Type: application/json
[Fastbot][2026-06-19 03:51:11.266] Date: Fri, 19 Jun 2026 03:51:11 GMT
[Fastbot][2026-06-19 03:51:11.266] Connection: keep-alive
[Fastbot][2026-06-19 03:51:11.266] Transfer-Encoding: chunked
[Fastbot][2026-06-19 03:51:11.267] 
[Fastbot][2026-06-19 03:51:11.267] {"jsonrpc":"2.0","id":1,"result":"<?xml version='1.0' encoding='UTF-8' standalone='yes' ?>\r\n<hierarchy rotation=\"0\">\r\n  <node index=\"0\" text=\"\" resource-id=\"\" class=\"android.widget.FrameLayout\" package=\"com.android.systemui\" content-desc=\"\" checkable=\"false\" checked=\"false\" cli...[truncated]
[Fastbot][2026-06-19 03:51:11.267] <-- END HTTP (46106-byte body)
[Fastbot][2026-06-19 03:51:11.347] [Proxy Server] Forwarding
[Fastbot][2026-06-19 03:51:11.347] --> POST http://127.0.0.1:9008/jsonrpc/0
[Fastbot][2026-06-19 03:51:11.347] Content-Type: application/json; charset=utf-8
[Fastbot][2026-06-19 03:51:11.347] Content-Length: 194
[Fastbot][2026-06-19 03:51:11.347] 
[Fastbot][2026-06-19 03:51:11.348] {"jsonrpc": "2.0", "id": 1, "method": "waitForExists", "params": [{"mask": 2097152, "childOrSibling": [], "childOrSiblingSelector": [], "resourceId": "net.gsantner.markor_test:id/icon"}, 20000]}
[Fastbot][2026-06-19 03:51:11.348] --> END POST (194-byte body)
[Fastbot][2026-06-19 03:51:11.360] <-- 200 OK  http://127.0.0.1:9008/jsonrpc/0 (12ms)
[Fastbot][2026-06-19 03:51:11.360] Content-Type: application/json
[Fastbot][2026-06-19 03:51:11.360] Date: Fri, 19 Jun 2026 03:51:11 GMT
[Fastbot][2026-06-19 03:51:11.361] Connection: keep-alive
[Fastbot][2026-06-19 03:51:11.361] Transfer-Encoding: chunked
[Fastbot][2026-06-19 03:51:11.362] 
[Fastbot][2026-06-19 03:51:11.362] {"jsonrpc":"2.0","id":1,"result":true}

[Fastbot][2026-06-19 03:51:11.362] <-- END HTTP (39-byte body)
[Fastbot][2026-06-19 03:51:11.409] [Proxy Server] Forwarding
[Fastbot][2026-06-19 03:51:11.409] --> POST http://127.0.0.1:9008/jsonrpc/0
[Fastbot][2026-06-19 03:51:11.409] Content-Type: application/json; charset=utf-8
[Fastbot][2026-06-19 03:51:11.409] Content-Length: 181
[Fastbot][2026-06-19 03:51:11.410] 
[Fastbot][2026-06-19 03:51:11.410] {"jsonrpc": "2.0", "id": 1, "method": "objInfo", "params": [{"mask": 2097152, "childOrSibling": [], "childOrSiblingSelector": [], "resourceId": "net.gsantner.markor_test:id/icon"}]}
[Fastbot][2026-06-19 03:51:11.410] --> END POST (181-byte body)
[Fastbot][2026-06-19 03:51:11.438] <-- 200 OK  http://127.0.0.1:9008/jsonrpc/0 (27ms)
[Fastbot][2026-06-19 03:51:11.438] Content-Type: application/json
[Fastbot][2026-06-19 03:51:11.438] Date: Fri, 19 Jun 2026 03:51:11 GMT
[Fastbot][2026-06-19 03:51:11.438] Connection: keep-alive
[Fastbot][2026-06-19 03:51:11.438] Transfer-Encoding: chunked
[Fastbot][2026-06-19 03:51:11.439] 
[Fastbot][2026-06-19 03:51:11.439] {"jsonrpc":"2.0","id":1,"result":{"bounds":{"bottom":2016,"left":102,"right":168,"top":2010},"childCount":0,"className":"android.widget.ImageView","contentDescription":null,"packageName":"net.gsantner.markor_test","resourceName":"net.gsantner.markor_test:id/icon","text":null,"visibleBounds":{"bottom...[truncated]
[Fastbot][2026-06-19 03:51:11.439] <-- END HTTP (502-byte body)
[Fastbot][2026-06-19 03:51:11.458] [Proxy Server] Detected script method: click
[Fastbot][2026-06-19 03:51:11.458] [Proxy Server] Forwarding
[Fastbot][2026-06-19 03:51:11.458] --> POST http://127.0.0.1:9008/jsonrpc/0
[Fastbot][2026-06-19 03:51:11.458] Content-Type: application/json; charset=utf-8
[Fastbot][2026-06-19 03:51:11.458] Content-Length: 73
[Fastbot][2026-06-19 03:51:11.459] 
[Fastbot][2026-06-19 03:51:11.459] {"jsonrpc": "2.0", "id": 1, "method": "click", "params": [135.0, 2013.0]}
[Fastbot][2026-06-19 03:51:11.459] --> END POST (73-byte body)
[Fastbot][2026-06-19 03:51:11.599] <-- 200 OK  http://127.0.0.1:9008/jsonrpc/0 (139ms)
[Fastbot][2026-06-19 03:51:11.599] Content-Type: application/json
[Fastbot][2026-06-19 03:51:11.599] Date: Fri, 19 Jun 2026 03:51:11 GMT
[Fastbot][2026-06-19 03:51:11.599] Connection: keep-alive
[Fastbot][2026-06-19 03:51:11.599] Transfer-Encoding: chunked
[Fastbot][2026-06-19 03:51:11.645] 
[Fastbot][2026-06-19 03:51:11.646] {"jsonrpc":"2.0","id":1,"result":true}

[Fastbot][2026-06-19 03:51:11.646] <-- END HTTP (39-byte body)
[Fastbot][2026-06-19 03:51:12.683] [Proxy Server] Forwarding
[Fastbot][2026-06-19 03:51:12.683] --> POST http://127.0.0.1:9008/jsonrpc/0
[Fastbot][2026-06-19 03:51:12.684] Content-Type: application/json; charset=utf-8
[Fastbot][2026-06-19 03:51:12.684] Content-Length: 202
[Fastbot][2026-06-19 03:51:12.684] 
[Fastbot][2026-06-19 03:51:12.684] {"jsonrpc": "2.0", "id": 1, "method": "waitForExists", "params": [{"mask": 2097152, "childOrSibling": [], "childOrSiblingSelector": [], "resourceId": "net.gsantner.markor_test:id/action_go_to"}, 20000]}
[Fastbot][2026-06-19 03:51:12.685] --> END POST (202-byte body)
[Fastbot][2026-06-19 03:51:12.699] <-- 200 OK  http://127.0.0.1:9008/jsonrpc/0 (14ms)
[Fastbot][2026-06-19 03:51:12.699] Content-Type: application/json
[Fastbot][2026-06-19 03:51:12.699] Date: Fri, 19 Jun 2026 03:51:12 GMT
[Fastbot][2026-06-19 03:51:12.699] Connection: keep-alive
[Fastbot][2026-06-19 03:51:12.699] Transfer-Encoding: chunked
[Fastbot][2026-06-19 03:51:12.700] 
[Fastbot][2026-06-19 03:51:12.700] {"jsonrpc":"2.0","id":1,"result":true}

[Fastbot][2026-06-19 03:51:12.700] <-- END HTTP (39-byte body)
[Fastbot][2026-06-19 03:51:12.731] [Proxy Server] Forwarding
[Fastbot][2026-06-19 03:51:12.731] --> POST http://127.0.0.1:9008/jsonrpc/0
[Fastbot][2026-06-19 03:51:12.732] Content-Type: application/json; charset=utf-8
[Fastbot][2026-06-19 03:51:12.732] Content-Length: 189
[Fastbot][2026-06-19 03:51:12.732] 
[Fastbot][2026-06-19 03:51:12.733] {"jsonrpc": "2.0", "id": 1, "method": "objInfo", "params": [{"mask": 2097152, "childOrSibling": [], "childOrSiblingSelector": [], "resourceId": "net.gsantner.markor_test:id/action_go_to"}]}
[Fastbot][2026-06-19 03:51:12.733] --> END POST (189-byte body)
[Fastbot][2026-06-19 03:51:12.763] <-- 200 OK  http://127.0.0.1:9008/jsonrpc/0 (29ms)
[Fastbot][2026-06-19 03:51:12.764] Content-Type: application/json
[Fastbot][2026-06-19 03:51:12.764] Date: Fri, 19 Jun 2026 03:51:12 GMT
[Fastbot][2026-06-19 03:51:12.764] Connection: keep-alive
[Fastbot][2026-06-19 03:51:12.764] Transfer-Encoding: chunked
[Fastbot][2026-06-19 03:51:12.765] 
[Fastbot][2026-06-19 03:51:12.765] {"jsonrpc":"2.0","id":1,"result":{"bounds":{"bottom":275,"left":639,"right":749,"top":143},"childCount":0,"className":"android.widget.TextView","contentDescription":"Go to","packageName":"net.gsantner.markor_test","resourceName":"net.gsantner.markor_test:id/action_go_to","text":null,"visibleBounds":...[truncated]
[Fastbot][2026-06-19 03:51:12.766] <-- END HTTP (506-byte body)
[Fastbot][2026-06-19 03:51:12.808] [Proxy Server] Detected script method: click
[Fastbot][2026-06-19 03:51:12.809] [Proxy Server] Forwarding
[Fastbot][2026-06-19 03:51:12.809] --> POST http://127.0.0.1:9008/jsonrpc/0
[Fastbot][2026-06-19 03:51:12.809] Content-Type: application/json; charset=utf-8
[Fastbot][2026-06-19 03:51:12.809] Content-Length: 72
[Fastbot][2026-06-19 03:51:12.809] 
[Fastbot][2026-06-19 03:51:12.810] {"jsonrpc": "2.0", "id": 1, "method": "click", "params": [694.0, 209.0]}
[Fastbot][2026-06-19 03:51:12.810] --> END POST (72-byte body)
[Fastbot][2026-06-19 03:51:12.946] <-- 200 OK  http://127.0.0.1:9008/jsonrpc/0 (136ms)
[Fastbot][2026-06-19 03:51:12.946] Content-Type: application/json
[Fastbot][2026-06-19 03:51:12.946] Date: Fri, 19 Jun 2026 03:51:12 GMT
[Fastbot][2026-06-19 03:51:12.946] Connection: keep-alive
[Fastbot][2026-06-19 03:51:12.946] Transfer-Encoding: chunked
[Fastbot][2026-06-19 03:51:12.947] 
[Fastbot][2026-06-19 03:51:12.947] {"jsonrpc":"2.0","id":1,"result":true}

[Fastbot][2026-06-19 03:51:12.947] <-- END HTTP (39-byte body)
[Fastbot][2026-06-19 03:51:14.006] [Proxy Server] Forwarding
[Fastbot][2026-06-19 03:51:14.007] --> POST http://127.0.0.1:9008/jsonrpc/0
[Fastbot][2026-06-19 03:51:14.007] Content-Type: application/json; charset=utf-8
[Fastbot][2026-06-19 03:51:14.007] Content-Length: 215
[Fastbot][2026-06-19 03:51:14.007] 
[Fastbot][2026-06-19 03:51:14.007] {"jsonrpc": "2.0", "id": 1, "method": "waitForExists", "params": [{"mask": 2097153, "childOrSibling": [], "childOrSiblingSelector": [], "resourceId": "net.gsantner.markor_test:id/title", "text": "Notebook"}, 20000]}
[Fastbot][2026-06-19 03:51:14.007] --> END POST (215-byte body)
[Fastbot][2026-06-19 03:51:14.020] <-- 200 OK  http://127.0.0.1:9008/jsonrpc/0 (13ms)
[Fastbot][2026-06-19 03:51:14.021] Content-Type: application/json
[Fastbot][2026-06-19 03:51:14.021] Date: Fri, 19 Jun 2026 03:51:14 GMT
[Fastbot][2026-06-19 03:51:14.021] Connection: keep-alive
[Fastbot][2026-06-19 03:51:14.021] Transfer-Encoding: chunked
[Fastbot][2026-06-19 03:51:14.021] 
[Fastbot][2026-06-19 03:51:14.022] {"jsonrpc":"2.0","id":1,"result":true}

[Fastbot][2026-06-19 03:51:14.022] <-- END HTTP (39-byte body)
[Fastbot][2026-06-19 03:51:14.054] [Proxy Server] Forwarding
[Fastbot][2026-06-19 03:51:14.054] --> POST http://127.0.0.1:9008/jsonrpc/0
[Fastbot][2026-06-19 03:51:14.054] Content-Type: application/json; charset=utf-8
[Fastbot][2026-06-19 03:51:14.055] Content-Length: 202
[Fastbot][2026-06-19 03:51:14.055] 
[Fastbot][2026-06-19 03:51:14.055] {"jsonrpc": "2.0", "id": 1, "method": "objInfo", "params": [{"mask": 2097153, "childOrSibling": [], "childOrSiblingSelector": [], "resourceId": "net.gsantner.markor_test:id/title", "text": "Notebook"}]}
[Fastbot][2026-06-19 03:51:14.055] --> END POST (202-byte body)
[Fastbot][2026-06-19 03:51:14.080] <-- 200 OK  http://127.0.0.1:9008/jsonrpc/0 (24ms)
[Fastbot][2026-06-19 03:51:14.080] Content-Type: application/json
[Fastbot][2026-06-19 03:51:14.080] Date: Fri, 19 Jun 2026 03:51:14 GMT
[Fastbot][2026-06-19 03:51:14.080] Connection: keep-alive
[Fastbot][2026-06-19 03:51:14.080] Transfer-Encoding: chunked
[Fastbot][2026-06-19 03:51:14.081] 
[Fastbot][2026-06-19 03:51:14.081] {"jsonrpc":"2.0","id":1,"result":{"bounds":{"bottom":1111,"left":443,"right":992,"top":1103},"childCount":0,"className":"android.widget.TextView","contentDescription":null,"packageName":"net.gsantner.markor_test","resourceName":"net.gsantner.markor_test:id/title","text":"Notebook","visibleBounds":{"...[truncated]
[Fastbot][2026-06-19 03:51:14.081] <-- END HTTP (509-byte body)
[Fastbot][2026-06-19 03:51:14.115] [Proxy Server] Detected script method: click
[Fastbot][2026-06-19 03:51:14.116] [Proxy Server] Forwarding
[Fastbot][2026-06-19 03:51:14.116] --> POST http://127.0.0.1:9008/jsonrpc/0
[Fastbot][2026-06-19 03:51:14.116] Content-Type: application/json; charset=utf-8
[Fastbot][2026-06-19 03:51:14.116] Content-Length: 73
[Fastbot][2026-06-19 03:51:14.116] 
[Fastbot][2026-06-19 03:51:14.116] {"jsonrpc": "2.0", "id": 1, "method": "click", "params": [717.5, 1107.0]}
[Fastbot][2026-06-19 03:51:14.117] --> END POST (73-byte body)
[Fastbot][2026-06-19 03:51:14.256] <-- 200 OK  http://127.0.0.1:9008/jsonrpc/0 (139ms)
[Fastbot][2026-06-19 03:51:14.256] Content-Type: application/json
[Fastbot][2026-06-19 03:51:14.256] Date: Fri, 19 Jun 2026 03:51:14 GMT
[Fastbot][2026-06-19 03:51:14.256] Connection: keep-alive
[Fastbot][2026-06-19 03:51:14.257] Transfer-Encoding: chunked
[Fastbot][2026-06-19 03:51:14.258] 
[Fastbot][2026-06-19 03:51:14.258] {"jsonrpc":"2.0","id":1,"result":true}

[Fastbot][2026-06-19 03:51:14.258] <-- END HTTP (39-byte body)
[Fastbot][2026-06-19 03:51:15.298] [Proxy Server] Forwarding
[Fastbot][2026-06-19 03:51:15.298] --> POST http://127.0.0.1:9008/jsonrpc/0
[Fastbot][2026-06-19 03:51:15.298] Content-Type: application/json; charset=utf-8
[Fastbot][2026-06-19 03:51:15.298] Content-Length: 202
[Fastbot][2026-06-19 03:51:15.298] 
[Fastbot][2026-06-19 03:51:15.298] {"jsonrpc": "2.0", "id": 1, "method": "count", "params": [{"mask": 2097152, "childOrSibling": [], "childOrSiblingSelector": [], "resourceId": "net.gsantner.markor_test:id/opoc_filesystem_item__title"}]}
[Fastbot][2026-06-19 03:51:15.298] --> END POST (202-byte body)
[Fastbot][2026-06-19 03:51:15.316] <-- 200 OK  http://127.0.0.1:9008/jsonrpc/0 (17ms)
[Fastbot][2026-06-19 03:51:15.317] Content-Type: application/json
[Fastbot][2026-06-19 03:51:15.317] Date: Fri, 19 Jun 2026 03:51:15 GMT
[Fastbot][2026-06-19 03:51:15.317] Connection: keep-alive
[Fastbot][2026-06-19 03:51:15.317] Transfer-Encoding: chunked
[Fastbot][2026-06-19 03:51:15.317] 
[Fastbot][2026-06-19 03:51:15.318] {"jsonrpc":"2.0","id":1,"result":3}

[Fastbot][2026-06-19 03:51:15.318] <-- END HTTP (36-byte body)
[Fastbot][2026-06-19 03:51:15.359] [Proxy Server] Forwarding
[Fastbot][2026-06-19 03:51:15.360] --> POST http://127.0.0.1:9008/jsonrpc/0
[Fastbot][2026-06-19 03:51:15.360] Content-Type: application/json; charset=utf-8
[Fastbot][2026-06-19 03:51:15.360] Content-Length: 233
[Fastbot][2026-06-19 03:51:15.361] 
[Fastbot][2026-06-19 03:51:15.361] {"jsonrpc": "2.0", "id": 1, "method": "waitForExists", "params": [{"mask": 18874368, "childOrSibling": [], "childOrSiblingSelector": [], "resourceId": "net.gsantner.markor_test:id/opoc_filesystem_item__title", "instance": 0}, 20000]}
[Fastbot][2026-06-19 03:51:15.361] --> END POST (233-byte body)
[Fastbot][2026-06-19 03:51:15.368] <-- 200 OK  http://127.0.0.1:9008/jsonrpc/0 (6ms)
[Fastbot][2026-06-19 03:51:15.368] Content-Type: application/json
[Fastbot][2026-06-19 03:51:15.368] Date: Fri, 19 Jun 2026 03:51:15 GMT
[Fastbot][2026-06-19 03:51:15.368] Connection: keep-alive
[Fastbot][2026-06-19 03:51:15.368] Transfer-Encoding: chunked
[Fastbot][2026-06-19 03:51:15.369] 
[Fastbot][2026-06-19 03:51:15.369] {"jsonrpc":"2.0","id":1,"result":true}

[Fastbot][2026-06-19 03:51:15.370] <-- END HTTP (39-byte body)
[Fastbot][2026-06-19 03:51:15.405] [Proxy Server] Forwarding
[Fastbot][2026-06-19 03:51:15.406] --> POST http://127.0.0.1:9008/jsonrpc/0
[Fastbot][2026-06-19 03:51:15.406] Content-Type: application/json; charset=utf-8
[Fastbot][2026-06-19 03:51:15.406] Content-Length: 220
[Fastbot][2026-06-19 03:51:15.407] 
[Fastbot][2026-06-19 03:51:15.407] {"jsonrpc": "2.0", "id": 1, "method": "getText", "params": [{"mask": 18874368, "childOrSibling": [], "childOrSiblingSelector": [], "resourceId": "net.gsantner.markor_test:id/opoc_filesystem_item__title", "instance": 0}]}
[Fastbot][2026-06-19 03:51:15.407] --> END POST (220-byte body)
[Fastbot][2026-06-19 03:51:15.415] <-- 200 OK  http://127.0.0.1:9008/jsonrpc/0 (7ms)
[Fastbot][2026-06-19 03:51:15.415] Content-Type: application/json
[Fastbot][2026-06-19 03:51:15.416] Date: Fri, 19 Jun 2026 03:51:15 GMT
[Fastbot][2026-06-19 03:51:15.416] Connection: keep-alive
[Fastbot][2026-06-19 03:51:15.417] Transfer-Encoding: chunked
[Fastbot][2026-06-19 03:51:15.418] 
[Fastbot][2026-06-19 03:51:15.418] {"jsonrpc":"2.0","id":1,"result":".."}

[Fastbot][2026-06-19 03:51:15.418] <-- END HTTP (39-byte body)
[Fastbot][2026-06-19 03:51:15.455] [Proxy Server] Forwarding
[Fastbot][2026-06-19 03:51:15.455] --> POST http://127.0.0.1:9008/jsonrpc/0
[Fastbot][2026-06-19 03:51:15.455] Content-Type: application/json; charset=utf-8
[Fastbot][2026-06-19 03:51:15.456] Content-Length: 233
[Fastbot][2026-06-19 03:51:15.456] 
[Fastbot][2026-06-19 03:51:15.456] {"jsonrpc": "2.0", "id": 1, "method": "waitForExists", "params": [{"mask": 18874368, "childOrSibling": [], "childOrSiblingSelector": [], "resourceId": "net.gsantner.markor_test:id/opoc_filesystem_item__title", "instance": 1}, 20000]}
[Fastbot][2026-06-19 03:51:15.456] --> END POST (233-byte body)
[Fastbot][2026-06-19 03:51:15.464] <-- 200 OK  http://127.0.0.1:9008/jsonrpc/0 (8ms)
[Fastbot][2026-06-19 03:51:15.465] Content-Type: application/json
[Fastbot][2026-06-19 03:51:15.465] Date: Fri, 19 Jun 2026 03:51:15 GMT
[Fastbot][2026-06-19 03:51:15.465] Connection: keep-alive
[Fastbot][2026-06-19 03:51:15.465] Transfer-Encoding: chunked
[Fastbot][2026-06-19 03:51:15.466] 
[Fastbot][2026-06-19 03:51:15.466] {"jsonrpc":"2.0","id":1,"result":true}

[Fastbot][2026-06-19 03:51:15.466] <-- END HTTP (39-byte body)
[Fastbot][2026-06-19 03:51:15.516] [Proxy Server] Forwarding
[Fastbot][2026-06-19 03:51:15.517] --> POST http://127.0.0.1:9008/jsonrpc/0
[Fastbot][2026-06-19 03:51:15.517] Content-Type: application/json; charset=utf-8
[Fastbot][2026-06-19 03:51:15.517] Content-Length: 220
[Fastbot][2026-06-19 03:51:15.517] 
[Fastbot][2026-06-19 03:51:15.517] {"jsonrpc": "2.0", "id": 1, "method": "getText", "params": [{"mask": 18874368, "childOrSibling": [], "childOrSiblingSelector": [], "resourceId": "net.gsantner.markor_test:id/opoc_filesystem_item__title", "instance": 1}]}
[Fastbot][2026-06-19 03:51:15.517] --> END POST (220-byte body)
[Fastbot][2026-06-19 03:51:15.525] <-- 200 OK  http://127.0.0.1:9008/jsonrpc/0 (7ms)
[Fastbot][2026-06-19 03:51:15.525] Content-Type: application/json
[Fastbot][2026-06-19 03:51:15.525] Date: Fri, 19 Jun 2026 03:51:15 GMT
[Fastbot][2026-06-19 03:51:15.525] Connection: keep-alive
[Fastbot][2026-06-19 03:51:15.525] Transfer-Encoding: chunked
[Fastbot][2026-06-19 03:51:15.526] 
[Fastbot][2026-06-19 03:51:15.526] {"jsonrpc":"2.0","id":1,"result":"A.txt"}

[Fastbot][2026-06-19 03:51:15.526] <-- END HTTP (42-byte body)
[Fastbot][2026-06-19 03:51:15.564] [Proxy Server] Forwarding
[Fastbot][2026-06-19 03:51:15.564] --> POST http://127.0.0.1:9008/jsonrpc/0
[Fastbot][2026-06-19 03:51:15.564] Content-Type: application/json; charset=utf-8
[Fastbot][2026-06-19 03:51:15.564] Content-Length: 233
[Fastbot][2026-06-19 03:51:15.564] 
[Fastbot][2026-06-19 03:51:15.564] {"jsonrpc": "2.0", "id": 1, "method": "waitForExists", "params": [{"mask": 18874368, "childOrSibling": [], "childOrSiblingSelector": [], "resourceId": "net.gsantner.markor_test:id/opoc_filesystem_item__title", "instance": 2}, 20000]}
[Fastbot][2026-06-19 03:51:15.565] --> END POST (233-byte body)
[Fastbot][2026-06-19 03:51:15.571] <-- 200 OK  http://127.0.0.1:9008/jsonrpc/0 (6ms)
[Fastbot][2026-06-19 03:51:15.571] Content-Type: application/json
[Fastbot][2026-06-19 03:51:15.572] Date: Fri, 19 Jun 2026 03:51:15 GMT
[Fastbot][2026-06-19 03:51:15.572] Connection: keep-alive
[Fastbot][2026-06-19 03:51:15.572] Transfer-Encoding: chunked
[Fastbot][2026-06-19 03:51:15.572] 
[Fastbot][2026-06-19 03:51:15.572] {"jsonrpc":"2.0","id":1,"result":true}

[Fastbot][2026-06-19 03:51:15.572] <-- END HTTP (39-byte body)
[Fastbot][2026-06-19 03:51:15.626] [Proxy Server] Forwarding
[Fastbot][2026-06-19 03:51:15.626] --> POST http://127.0.0.1:9008/jsonrpc/0
[Fastbot][2026-06-19 03:51:15.626] Content-Type: application/json; charset=utf-8
[Fastbot][2026-06-19 03:51:15.627] Content-Length: 220
[Fastbot][2026-06-19 03:51:15.627] 
[Fastbot][2026-06-19 03:51:15.627] {"jsonrpc": "2.0", "id": 1, "method": "getText", "params": [{"mask": 18874368, "childOrSibling": [], "childOrSiblingSelector": [], "resourceId": "net.gsantner.markor_test:id/opoc_filesystem_item__title", "instance": 2}]}
[Fastbot][2026-06-19 03:51:15.627] --> END POST (220-byte body)
[Fastbot][2026-06-19 03:51:15.633] <-- 200 OK  http://127.0.0.1:9008/jsonrpc/0 (5ms)
[Fastbot][2026-06-19 03:51:15.633] Content-Type: application/json
[Fastbot][2026-06-19 03:51:15.633] Date: Fri, 19 Jun 2026 03:51:15 GMT
[Fastbot][2026-06-19 03:51:15.633] Connection: keep-alive
[Fastbot][2026-06-19 03:51:15.633] Transfer-Encoding: chunked
[Fastbot][2026-06-19 03:51:15.634] 
[Fastbot][2026-06-19 03:51:15.634] {"jsonrpc":"2.0","id":1,"result":"DXTkt.md"}

[Fastbot][2026-06-19 03:51:15.634] <-- END HTTP (45-byte body)
[Fastbot][2026-06-19 03:51:15.673] [Proxy Server] Forwarding
[Fastbot][2026-06-19 03:51:15.673] --> POST http://127.0.0.1:9008/jsonrpc/0
[Fastbot][2026-06-19 03:51:15.673] Content-Type: application/json; charset=utf-8
[Fastbot][2026-06-19 03:51:15.673] Content-Length: 233
[Fastbot][2026-06-19 03:51:15.673] 
[Fastbot][2026-06-19 03:51:15.673] {"jsonrpc": "2.0", "id": 1, "method": "waitForExists", "params": [{"mask": 18874368, "childOrSibling": [], "childOrSiblingSelector": [], "resourceId": "net.gsantner.markor_test:id/opoc_filesystem_item__title", "instance": 2}, 20000]}
[Fastbot][2026-06-19 03:51:15.673] --> END POST (233-byte body)
[Fastbot][2026-06-19 03:51:15.679] <-- 200 OK  http://127.0.0.1:9008/jsonrpc/0 (5ms)
[Fastbot][2026-06-19 03:51:15.679] Content-Type: application/json
[Fastbot][2026-06-19 03:51:15.679] Date: Fri, 19 Jun 2026 03:51:15 GMT
[Fastbot][2026-06-19 03:51:15.680] Connection: keep-alive
[Fastbot][2026-06-19 03:51:15.680] Transfer-Encoding: chunked
[Fastbot][2026-06-19 03:51:15.680] 
[Fastbot][2026-06-19 03:51:15.680] {"jsonrpc":"2.0","id":1,"result":true}

[Fastbot][2026-06-19 03:51:15.681] <-- END HTTP (39-byte body)
[Fastbot][2026-06-19 03:51:15.697] [Proxy Server] Forwarding
[Fastbot][2026-06-19 03:51:15.698] --> POST http://127.0.0.1:9008/jsonrpc/0
[Fastbot][2026-06-19 03:51:15.698] Content-Type: application/json; charset=utf-8
[Fastbot][2026-06-19 03:51:15.698] Content-Length: 220
[Fastbot][2026-06-19 03:51:15.698] 
[Fastbot][2026-06-19 03:51:15.698] {"jsonrpc": "2.0", "id": 1, "method": "getText", "params": [{"mask": 18874368, "childOrSibling": [], "childOrSiblingSelector": [], "resourceId": "net.gsantner.markor_test:id/opoc_filesystem_item__title", "instance": 2}]}
[Fastbot][2026-06-19 03:51:15.698] --> END POST (220-byte body)
[Fastbot][2026-06-19 03:51:15.709] <-- 200 OK  http://127.0.0.1:9008/jsonrpc/0 (10ms)
[Fastbot][2026-06-19 03:51:15.710] Content-Type: application/json
[Fastbot][2026-06-19 03:51:15.710] Date: Fri, 19 Jun 2026 03:51:15 GMT
[Fastbot][2026-06-19 03:51:15.710] Connection: keep-alive
[Fastbot][2026-06-19 03:51:15.711] Transfer-Encoding: chunked
[Fastbot][2026-06-19 03:51:15.756] 
[Fastbot][2026-06-19 03:51:15.756] {"jsonrpc":"2.0","id":1,"result":"DXTkt.md"}

[Fastbot][2026-06-19 03:51:15.756] <-- END HTTP (45-byte body)
[Fastbot][2026-06-19 03:51:15.796] [Proxy Server] Forwarding
[Fastbot][2026-06-19 03:51:15.797] --> POST http://127.0.0.1:9008/jsonrpc/0
[Fastbot][2026-06-19 03:51:15.797] Content-Type: application/json; charset=utf-8
[Fastbot][2026-06-19 03:51:15.797] Content-Length: 237
[Fastbot][2026-06-19 03:51:15.797] 
[Fastbot][2026-06-19 03:51:15.797] {"jsonrpc": "2.0", "id": 1, "method": "waitForExists", "params": [{"mask": 2097153, "childOrSibling": [], "childOrSiblingSelector": [], "resourceId": "net.gsantner.markor_test:id/opoc_filesystem_item__title", "text": "DXTkt.md"}, 20000]}
[Fastbot][2026-06-19 03:51:15.797] --> END POST (237-byte body)
[Fastbot][2026-06-19 03:51:15.811] <-- 200 OK  http://127.0.0.1:9008/jsonrpc/0 (13ms)
[Fastbot][2026-06-19 03:51:15.811] Content-Type: application/json
[Fastbot][2026-06-19 03:51:15.811] Date: Fri, 19 Jun 2026 03:51:15 GMT
[Fastbot][2026-06-19 03:51:15.811] Connection: keep-alive
[Fastbot][2026-06-19 03:51:15.811] Transfer-Encoding: chunked
[Fastbot][2026-06-19 03:51:15.812] 
[Fastbot][2026-06-19 03:51:15.812] {"jsonrpc":"2.0","id":1,"result":true}

[Fastbot][2026-06-19 03:51:15.812] <-- END HTTP (39-byte body)
[Fastbot][2026-06-19 03:51:15.857] [Proxy Server] Forwarding
[Fastbot][2026-06-19 03:51:15.857] --> POST http://127.0.0.1:9008/jsonrpc/0
[Fastbot][2026-06-19 03:51:15.858] Content-Type: application/json; charset=utf-8
[Fastbot][2026-06-19 03:51:15.858] Content-Length: 224
[Fastbot][2026-06-19 03:51:15.858] 
[Fastbot][2026-06-19 03:51:15.858] {"jsonrpc": "2.0", "id": 1, "method": "objInfo", "params": [{"mask": 2097153, "childOrSibling": [], "childOrSiblingSelector": [], "resourceId": "net.gsantner.markor_test:id/opoc_filesystem_item__title", "text": "DXTkt.md"}]}
[Fastbot][2026-06-19 03:51:15.858] --> END POST (224-byte body)
[Fastbot][2026-06-19 03:51:15.880] <-- 200 OK  http://127.0.0.1:9008/jsonrpc/0 (21ms)
[Fastbot][2026-06-19 03:51:15.880] Content-Type: application/json
[Fastbot][2026-06-19 03:51:15.880] Date: Fri, 19 Jun 2026 03:51:15 GMT
[Fastbot][2026-06-19 03:51:15.880] Connection: keep-alive
[Fastbot][2026-06-19 03:51:15.880] Transfer-Encoding: chunked
[Fastbot][2026-06-19 03:51:15.881] 
[Fastbot][2026-06-19 03:51:15.881] {"jsonrpc":"2.0","id":1,"result":{"bounds":{"bottom":658,"left":165,"right":396,"top":588},"childCount":0,"className":"android.widget.TextView","contentDescription":null,"packageName":"net.gsantner.markor_test","resourceName":"net.gsantner.markor_test:id/opoc_filesystem_item__title","text":"DXTkt.md...[truncated]
[Fastbot][2026-06-19 03:51:15.881] <-- END HTTP (527-byte body)
[Fastbot][2026-06-19 03:51:15.897] [Proxy Server] Detected script method: click
[Fastbot][2026-06-19 03:51:15.897] [Proxy Server] Forwarding
[Fastbot][2026-06-19 03:51:15.898] --> POST http://127.0.0.1:9008/jsonrpc/0
[Fastbot][2026-06-19 03:51:15.898] Content-Type: application/json; charset=utf-8
[Fastbot][2026-06-19 03:51:15.898] Content-Length: 77
[Fastbot][2026-06-19 03:51:15.898] 
[Fastbot][2026-06-19 03:51:15.898] {"jsonrpc": "2.0", "id": 1, "method": "click", "params": [280.5, 623.0, 500]}
[Fastbot][2026-06-19 03:51:15.898] --> END POST (77-byte body)
[Fastbot][2026-06-19 03:51:16.764] <-- 200 OK  http://127.0.0.1:9008/jsonrpc/0 (864ms)
[Fastbot][2026-06-19 03:51:16.764] Content-Type: application/json
[Fastbot][2026-06-19 03:51:16.764] Date: Fri, 19 Jun 2026 03:51:16 GMT
[Fastbot][2026-06-19 03:51:16.764] Connection: keep-alive
[Fastbot][2026-06-19 03:51:16.764] Transfer-Encoding: chunked
[Fastbot][2026-06-19 03:51:16.804] 
[Fastbot][2026-06-19 03:51:16.804] {"jsonrpc":"2.0","id":1,"result":true}

[Fastbot][2026-06-19 03:51:16.804] <-- END HTTP (39-byte body)
[Fastbot][2026-06-19 03:51:17.845] [Proxy Server] Forwarding
[Fastbot][2026-06-19 03:51:17.845] --> POST http://127.0.0.1:9008/jsonrpc/0
[Fastbot][2026-06-19 03:51:17.845] Content-Type: application/json; charset=utf-8
[Fastbot][2026-06-19 03:51:17.845] Content-Length: 217
[Fastbot][2026-06-19 03:51:17.845] 
[Fastbot][2026-06-19 03:51:17.846] {"jsonrpc": "2.0", "id": 1, "method": "waitForExists", "params": [{"mask": 2097152, "childOrSibling": [], "childOrSiblingSelector": [], "resourceId": "net.gsantner.markor_test:id/action_rename_selected_item"}, 20000]}
[Fastbot][2026-06-19 03:51:17.846] --> END POST (217-byte body)
[Fastbot][2026-06-19 03:51:17.859] <-- 200 OK  http://127.0.0.1:9008/jsonrpc/0 (13ms)
[Fastbot][2026-06-19 03:51:17.859] Content-Type: application/json
[Fastbot][2026-06-19 03:51:17.859] Date: Fri, 19 Jun 2026 03:51:17 GMT
[Fastbot][2026-06-19 03:51:17.859] Connection: keep-alive
[Fastbot][2026-06-19 03:51:17.859] Transfer-Encoding: chunked
[Fastbot][2026-06-19 03:51:17.860] 
[Fastbot][2026-06-19 03:51:17.860] {"jsonrpc":"2.0","id":1,"result":true}

[Fastbot][2026-06-19 03:51:17.860] <-- END HTTP (39-byte body)
[Fastbot][2026-06-19 03:51:17.906] [Proxy Server] Forwarding
[Fastbot][2026-06-19 03:51:17.906] --> POST http://127.0.0.1:9008/jsonrpc/0
[Fastbot][2026-06-19 03:51:17.907] Content-Type: application/json; charset=utf-8
[Fastbot][2026-06-19 03:51:17.907] Content-Length: 204
[Fastbot][2026-06-19 03:51:17.907] 
[Fastbot][2026-06-19 03:51:17.907] {"jsonrpc": "2.0", "id": 1, "method": "objInfo", "params": [{"mask": 2097152, "childOrSibling": [], "childOrSiblingSelector": [], "resourceId": "net.gsantner.markor_test:id/action_rename_selected_item"}]}
[Fastbot][2026-06-19 03:51:17.907] --> END POST (204-byte body)
[Fastbot][2026-06-19 03:51:17.932] <-- 200 OK  http://127.0.0.1:9008/jsonrpc/0 (24ms)
[Fastbot][2026-06-19 03:51:17.932] Content-Type: application/json
[Fastbot][2026-06-19 03:51:17.932] Date: Fri, 19 Jun 2026 03:51:17 GMT
[Fastbot][2026-06-19 03:51:17.932] Connection: keep-alive
[Fastbot][2026-06-19 03:51:17.932] Transfer-Encoding: chunked
[Fastbot][2026-06-19 03:51:17.932] 
[Fastbot][2026-06-19 03:51:17.932] {"jsonrpc":"2.0","id":1,"result":{"bounds":{"bottom":275,"left":639,"right":749,"top":143},"childCount":0,"className":"android.widget.TextView","contentDescription":"Rename","packageName":"net.gsantner.markor_test","resourceName":"net.gsantner.markor_test:id/action_rename_selected_item","text":null,...[truncated]
[Fastbot][2026-06-19 03:51:17.932] <-- END HTTP (522-byte body)
[Fastbot][2026-06-19 03:51:17.983] [Proxy Server] Detected script method: click
[Fastbot][2026-06-19 03:51:17.984] [Proxy Server] Forwarding
[Fastbot][2026-06-19 03:51:17.984] --> POST http://127.0.0.1:9008/jsonrpc/0
[Fastbot][2026-06-19 03:51:17.984] Content-Type: application/json; charset=utf-8
[Fastbot][2026-06-19 03:51:17.985] Content-Length: 72
[Fastbot][2026-06-19 03:51:17.985] 
[Fastbot][2026-06-19 03:51:17.985] {"jsonrpc": "2.0", "id": 1, "method": "click", "params": [694.0, 209.0]}
[Fastbot][2026-06-19 03:51:17.985] --> END POST (72-byte body)
[Fastbot][2026-06-19 03:51:18.116] <-- 200 OK  http://127.0.0.1:9008/jsonrpc/0 (130ms)
[Fastbot][2026-06-19 03:51:18.117] Content-Type: application/json
[Fastbot][2026-06-19 03:51:18.117] Date: Fri, 19 Jun 2026 03:51:18 GMT
[Fastbot][2026-06-19 03:51:18.117] Connection: keep-alive
[Fastbot][2026-06-19 03:51:18.117] Transfer-Encoding: chunked
[Fastbot][2026-06-19 03:51:18.119] 
[Fastbot][2026-06-19 03:51:18.119] {"jsonrpc":"2.0","id":1,"result":true}

[Fastbot][2026-06-19 03:51:18.119] <-- END HTTP (39-byte body)
[Fastbot][2026-06-19 03:51:19.172] [Proxy Server] Forwarding
[Fastbot][2026-06-19 03:51:19.173] --> POST http://127.0.0.1:9008/jsonrpc/0
[Fastbot][2026-06-19 03:51:19.173] Content-Type: application/json; charset=utf-8
[Fastbot][2026-06-19 03:51:19.173] Content-Length: 198
[Fastbot][2026-06-19 03:51:19.173] 
[Fastbot][2026-06-19 03:51:19.173] {"jsonrpc": "2.0", "id": 1, "method": "waitForExists", "params": [{"mask": 2097152, "childOrSibling": [], "childOrSiblingSelector": [], "resourceId": "net.gsantner.markor_test:id/new_name"}, 20000]}
[Fastbot][2026-06-19 03:51:19.174] --> END POST (198-byte body)
[Fastbot][2026-06-19 03:51:19.186] <-- 200 OK  http://127.0.0.1:9008/jsonrpc/0 (12ms)
[Fastbot][2026-06-19 03:51:19.187] Content-Type: application/json
[Fastbot][2026-06-19 03:51:19.187] Date: Fri, 19 Jun 2026 03:51:19 GMT
[Fastbot][2026-06-19 03:51:19.187] Connection: keep-alive
[Fastbot][2026-06-19 03:51:19.187] Transfer-Encoding: chunked
[Fastbot][2026-06-19 03:51:19.187] 
[Fastbot][2026-06-19 03:51:19.188] {"jsonrpc":"2.0","id":1,"result":true}

[Fastbot][2026-06-19 03:51:19.188] <-- END HTTP (39-byte body)
[Fastbot][2026-06-19 03:51:19.221] [Proxy Server] Detected script method: setText
[Fastbot][2026-06-19 03:51:19.221] [Proxy Server] Forwarding
[Fastbot][2026-06-19 03:51:19.222] --> POST http://127.0.0.1:9008/jsonrpc/0
[Fastbot][2026-06-19 03:51:19.222] Content-Type: application/json; charset=utf-8
[Fastbot][2026-06-19 03:51:19.222] Content-Length: 195
[Fastbot][2026-06-19 03:51:19.222] 
[Fastbot][2026-06-19 03:51:19.222] {"jsonrpc": "2.0", "id": 1, "method": "setText", "params": [{"mask": 2097152, "childOrSibling": [], "childOrSiblingSelector": [], "resourceId": "net.gsantner.markor_test:id/new_name"}, "HVH.md"]}
[Fastbot][2026-06-19 03:51:19.222] --> END POST (195-byte body)
[Fastbot][2026-06-19 03:51:19.350] <-- 200 OK  http://127.0.0.1:9008/jsonrpc/0 (127ms)
[Fastbot][2026-06-19 03:51:19.350] Content-Type: application/json
[Fastbot][2026-06-19 03:51:19.350] Date: Fri, 19 Jun 2026 03:51:19 GMT
[Fastbot][2026-06-19 03:51:19.350] Connection: keep-alive
[Fastbot][2026-06-19 03:51:19.350] Transfer-Encoding: chunked
[Fastbot][2026-06-19 03:51:19.352] 
[Fastbot][2026-06-19 03:51:19.352] {"jsonrpc":"2.0","id":1,"result":true}

[Fastbot][2026-06-19 03:51:19.352] <-- END HTTP (39-byte body)
[Fastbot][2026-06-19 03:51:20.389] [Proxy Server] Forwarding
[Fastbot][2026-06-19 03:51:20.390] --> POST http://127.0.0.1:9008/jsonrpc/0
[Fastbot][2026-06-19 03:51:20.390] Content-Type: application/json; charset=utf-8
[Fastbot][2026-06-19 03:51:20.390] Content-Length: 194
[Fastbot][2026-06-19 03:51:20.390] 
[Fastbot][2026-06-19 03:51:20.390] {"jsonrpc": "2.0", "id": 1, "method": "waitForExists", "params": [{"mask": 2097153, "childOrSibling": [], "childOrSiblingSelector": [], "resourceId": "android:id/button1", "text": "OK"}, 20000]}
[Fastbot][2026-06-19 03:51:20.391] --> END POST (194-byte body)
[Fastbot][2026-06-19 03:51:20.407] <-- 200 OK  http://127.0.0.1:9008/jsonrpc/0 (16ms)
[Fastbot][2026-06-19 03:51:20.407] Content-Type: application/json
[Fastbot][2026-06-19 03:51:20.407] Date: Fri, 19 Jun 2026 03:51:20 GMT
[Fastbot][2026-06-19 03:51:20.407] Connection: keep-alive
[Fastbot][2026-06-19 03:51:20.407] Transfer-Encoding: chunked
[Fastbot][2026-06-19 03:51:20.408] 
[Fastbot][2026-06-19 03:51:20.408] {"jsonrpc":"2.0","id":1,"result":true}

[Fastbot][2026-06-19 03:51:20.408] <-- END HTTP (39-byte body)
[Fastbot][2026-06-19 03:51:20.436] [Proxy Server] Forwarding
[Fastbot][2026-06-19 03:51:20.436] --> POST http://127.0.0.1:9008/jsonrpc/0
[Fastbot][2026-06-19 03:51:20.436] Content-Type: application/json; charset=utf-8
[Fastbot][2026-06-19 03:51:20.436] Content-Length: 181
[Fastbot][2026-06-19 03:51:20.436] 
[Fastbot][2026-06-19 03:51:20.436] {"jsonrpc": "2.0", "id": 1, "method": "objInfo", "params": [{"mask": 2097153, "childOrSibling": [], "childOrSiblingSelector": [], "resourceId": "android:id/button1", "text": "OK"}]}
[Fastbot][2026-06-19 03:51:20.437] --> END POST (181-byte body)
[Fastbot][2026-06-19 03:51:20.461] <-- 200 OK  http://127.0.0.1:9008/jsonrpc/0 (23ms)
[Fastbot][2026-06-19 03:51:20.461] Content-Type: application/json
[Fastbot][2026-06-19 03:51:20.461] Date: Fri, 19 Jun 2026 03:51:20 GMT
[Fastbot][2026-06-19 03:51:20.461] Connection: keep-alive
[Fastbot][2026-06-19 03:51:20.461] Transfer-Encoding: chunked
[Fastbot][2026-06-19 03:51:20.504] 
[Fastbot][2026-06-19 03:51:20.504] {"jsonrpc":"2.0","id":1,"result":{"bounds":{"bottom":1399,"left":669,"right":834,"top":1283},"childCount":0,"className":"android.widget.Button","contentDescription":null,"packageName":"net.gsantner.markor_test","resourceName":"android:id/button1","text":"OK","visibleBounds":{"bottom":1399,"left":669...[truncated]
[Fastbot][2026-06-19 03:51:20.504] <-- END HTTP (484-byte body)
[Fastbot][2026-06-19 03:51:20.545] [Proxy Server] Detected script method: click
[Fastbot][2026-06-19 03:51:20.545] [Proxy Server] Forwarding
[Fastbot][2026-06-19 03:51:20.545] --> POST http://127.0.0.1:9008/jsonrpc/0
[Fastbot][2026-06-19 03:51:20.545] Content-Type: application/json; charset=utf-8
[Fastbot][2026-06-19 03:51:20.545] Content-Length: 73
[Fastbot][2026-06-19 03:51:20.545] 
[Fastbot][2026-06-19 03:51:20.546] {"jsonrpc": "2.0", "id": 1, "method": "click", "params": [751.5, 1341.0]}
[Fastbot][2026-06-19 03:51:20.546] --> END POST (73-byte body)
[Fastbot][2026-06-19 03:51:20.679] <-- 200 OK  http://127.0.0.1:9008/jsonrpc/0 (132ms)
[Fastbot][2026-06-19 03:51:20.679] Content-Type: application/json
[Fastbot][2026-06-19 03:51:20.679] Date: Fri, 19 Jun 2026 03:51:20 GMT
[Fastbot][2026-06-19 03:51:20.681] Connection: keep-alive
[Fastbot][2026-06-19 03:51:20.681] Transfer-Encoding: chunked
[Fastbot][2026-06-19 03:51:20.681] 
[Fastbot][2026-06-19 03:51:20.681] {"jsonrpc":"2.0","id":1,"result":true}

[Fastbot][2026-06-19 03:51:20.681] <-- END HTTP (39-byte body)
[Fastbot][2026-06-19 03:51:21.699] [Proxy Server] Forwarding
[Fastbot][2026-06-19 03:51:21.700] --> POST http://127.0.0.1:9008/jsonrpc/0
[Fastbot][2026-06-19 03:51:21.700] Content-Type: application/json; charset=utf-8
[Fastbot][2026-06-19 03:51:21.700] Content-Length: 83
[Fastbot][2026-06-19 03:51:21.700] 
[Fastbot][2026-06-19 03:51:21.700] {"jsonrpc": "2.0", "id": 1, "method": "dumpWindowHierarchy", "params": [false, 50]}
[Fastbot][2026-06-19 03:51:21.701] --> END POST (83-byte body)
[Fastbot][2026-06-19 03:51:21.727] <-- 200 OK  http://127.0.0.1:9008/jsonrpc/0 (26ms)
[Fastbot][2026-06-19 03:51:21.727] Content-Type: application/json
[Fastbot][2026-06-19 03:51:21.727] Date: Fri, 19 Jun 2026 03:51:21 GMT
[Fastbot][2026-06-19 03:51:21.728] Connection: keep-alive
[Fastbot][2026-06-19 03:51:21.728] Transfer-Encoding: chunked
[Fastbot][2026-06-19 03:51:21.735] 
[Fastbot][2026-06-19 03:51:21.735] {"jsonrpc":"2.0","id":1,"result":"<?xml version='1.0' encoding='UTF-8' standalone='yes' ?>\r\n<hierarchy rotation=\"0\">\r\n  <node index=\"0\" text=\"\" resource-id=\"\" class=\"android.widget.FrameLayout\" package=\"com.android.systemui\" content-desc=\"\" checkable=\"false\" checked=\"false\" cli...[truncated]
[Fastbot][2026-06-19 03:51:21.735] <-- END HTTP (46102-byte body)
[Fastbot][2026-06-19 03:51:22.038] --> POST http://127.0.0.1:9008/jsonrpc/0
[Fastbot][2026-06-19 03:51:22.038] Content-Type: application/json; charset=utf-8
[Fastbot][2026-06-19 03:51:22.038] Content-Length: 75
[Fastbot][2026-06-19 03:51:22.038] 
[Fastbot][2026-06-19 03:51:22.039] {"id":1,"jsonrpc":"2.0","method":"dumpWindowHierarchy","params":[false,50]}
[Fastbot][2026-06-19 03:51:22.039] --> END POST (75-byte body)
[Fastbot][2026-06-19 03:51:22.063] <-- 200 OK  http://127.0.0.1:9008/jsonrpc/0 (24ms)
[Fastbot][2026-06-19 03:51:22.063] Content-Type: application/json
[Fastbot][2026-06-19 03:51:22.064] Date: Fri, 19 Jun 2026 03:51:22 GMT
[Fastbot][2026-06-19 03:51:22.064] Connection: keep-alive
[Fastbot][2026-06-19 03:51:22.064] Transfer-Encoding: chunked
[Fastbot][2026-06-19 03:51:22.066] 
[Fastbot][2026-06-19 03:51:22.066] {"jsonrpc":"2.0","id":1,"result":"<?xml version='1.0' encoding='UTF-8' standalone='yes' ?>\r\n<hierarchy rotation=\"0\">\r\n  <node index=\"0\" text=\"\" resource-id=\"\" class=\"android.widget.FrameLayout\" package=\"com.android.systemui\" content-desc=\"\" checkable=\"false\" checked=\"false\" cli...[truncated]
[Fastbot][2026-06-19 03:51:22.066] <-- END HTTP (46102-byte body)
[Fastbot][2026-06-19 03:51:22.164] [Proxy Server] Forwarding
[Fastbot][2026-06-19 03:51:22.165] --> POST http://127.0.0.1:9008/jsonrpc/0
[Fastbot][2026-06-19 03:51:22.165] Content-Type: application/json; charset=utf-8
[Fastbot][2026-06-19 03:51:22.165] Content-Length: 194
[Fastbot][2026-06-19 03:51:22.165] 
[Fastbot][2026-06-19 03:51:22.165] {"jsonrpc": "2.0", "id": 1, "method": "waitForExists", "params": [{"mask": 2097152, "childOrSibling": [], "childOrSiblingSelector": [], "resourceId": "net.gsantner.markor_test:id/icon"}, 20000]}
[Fastbot][2026-06-19 03:51:22.165] --> END POST (194-byte body)
[Fastbot][2026-06-19 03:51:22.178] <-- 200 OK  http://127.0.0.1:9008/jsonrpc/0 (12ms)
[Fastbot][2026-06-19 03:51:22.178] Content-Type: application/json
[Fastbot][2026-06-19 03:51:22.178] Date: Fri, 19 Jun 2026 03:51:22 GMT
[Fastbot][2026-06-19 03:51:22.178] Connection: keep-alive
[Fastbot][2026-06-19 03:51:22.178] Transfer-Encoding: chunked
[Fastbot][2026-06-19 03:51:22.179] 
[Fastbot][2026-06-19 03:51:22.179] {"jsonrpc":"2.0","id":1,"result":true}

[Fastbot][2026-06-19 03:51:22.179] <-- END HTTP (39-byte body)
[Fastbot][2026-06-19 03:51:22.214] [Proxy Server] Forwarding
[Fastbot][2026-06-19 03:51:22.214] --> POST http://127.0.0.1:9008/jsonrpc/0
[Fastbot][2026-06-19 03:51:22.214] Content-Type: application/json; charset=utf-8
[Fastbot][2026-06-19 03:51:22.214] Content-Length: 181
[Fastbot][2026-06-19 03:51:22.215] 
[Fastbot][2026-06-19 03:51:22.215] {"jsonrpc": "2.0", "id": 1, "method": "objInfo", "params": [{"mask": 2097152, "childOrSibling": [], "childOrSiblingSelector": [], "resourceId": "net.gsantner.markor_test:id/icon"}]}
[Fastbot][2026-06-19 03:51:22.215] --> END POST (181-byte body)
[Fastbot][2026-06-19 03:51:22.238] <-- 200 OK  http://127.0.0.1:9008/jsonrpc/0 (22ms)
[Fastbot][2026-06-19 03:51:22.238] Content-Type: application/json
[Fastbot][2026-06-19 03:51:22.238] Date: Fri, 19 Jun 2026 03:51:22 GMT
[Fastbot][2026-06-19 03:51:22.238] Connection: keep-alive
[Fastbot][2026-06-19 03:51:22.238] Transfer-Encoding: chunked
[Fastbot][2026-06-19 03:51:22.239] 
[Fastbot][2026-06-19 03:51:22.239] {"jsonrpc":"2.0","id":1,"result":{"bounds":{"bottom":2016,"left":102,"right":168,"top":2010},"childCount":0,"className":"android.widget.ImageView","contentDescription":null,"packageName":"net.gsantner.markor_test","resourceName":"net.gsantner.markor_test:id/icon","text":null,"visibleBounds":{"bottom...[truncated]
[Fastbot][2026-06-19 03:51:22.239] <-- END HTTP (502-byte body)
[Fastbot][2026-06-19 03:51:22.292] [Proxy Server] Detected script method: click
[Fastbot][2026-06-19 03:51:22.292] [Proxy Server] Forwarding
[Fastbot][2026-06-19 03:51:22.293] --> POST http://127.0.0.1:9008/jsonrpc/0
[Fastbot][2026-06-19 03:51:22.293] Content-Type: application/json; charset=utf-8
[Fastbot][2026-06-19 03:51:22.293] Content-Length: 73
[Fastbot][2026-06-19 03:51:22.293] 
[Fastbot][2026-06-19 03:51:22.293] {"jsonrpc": "2.0", "id": 1, "method": "click", "params": [135.0, 2013.0]}
[Fastbot][2026-06-19 03:51:22.294] --> END POST (73-byte body)
[Fastbot][2026-06-19 03:51:22.431] <-- 200 OK  http://127.0.0.1:9008/jsonrpc/0 (136ms)
[Fastbot][2026-06-19 03:51:22.431] Content-Type: application/json
[Fastbot][2026-06-19 03:51:22.432] Date: Fri, 19 Jun 2026 03:51:22 GMT
[Fastbot][2026-06-19 03:51:22.432] Connection: keep-alive
[Fastbot][2026-06-19 03:51:22.432] Transfer-Encoding: chunked
[Fastbot][2026-06-19 03:51:22.433] 
[Fastbot][2026-06-19 03:51:22.434] {"jsonrpc":"2.0","id":1,"result":true}

[Fastbot][2026-06-19 03:51:22.434] <-- END HTTP (39-byte body)
[Fastbot][2026-06-19 03:51:23.450] [Proxy Server] Forwarding
[Fastbot][2026-06-19 03:51:23.451] --> POST http://127.0.0.1:9008/jsonrpc/0
[Fastbot][2026-06-19 03:51:23.451] Content-Type: application/json; charset=utf-8
[Fastbot][2026-06-19 03:51:23.451] Content-Length: 202
[Fastbot][2026-06-19 03:51:23.451] 
[Fastbot][2026-06-19 03:51:23.451] {"jsonrpc": "2.0", "id": 1, "method": "waitForExists", "params": [{"mask": 2097152, "childOrSibling": [], "childOrSiblingSelector": [], "resourceId": "net.gsantner.markor_test:id/action_go_to"}, 20000]}
[Fastbot][2026-06-19 03:51:23.452] --> END POST (202-byte body)
[Fastbot][2026-06-19 03:51:23.469] <-- 200 OK  http://127.0.0.1:9008/jsonrpc/0 (17ms)
[Fastbot][2026-06-19 03:51:23.469] Content-Type: application/json
[Fastbot][2026-06-19 03:51:23.469] Date: Fri, 19 Jun 2026 03:51:23 GMT
[Fastbot][2026-06-19 03:51:23.470] Connection: keep-alive
[Fastbot][2026-06-19 03:51:23.470] Transfer-Encoding: chunked
[Fastbot][2026-06-19 03:51:23.470] 
[Fastbot][2026-06-19 03:51:23.470] {"jsonrpc":"2.0","id":1,"result":true}

[Fastbot][2026-06-19 03:51:23.471] <-- END HTTP (39-byte body)
[Fastbot][2026-06-19 03:51:23.509] [Proxy Server] Forwarding
[Fastbot][2026-06-19 03:51:23.509] --> POST http://127.0.0.1:9008/jsonrpc/0
[Fastbot][2026-06-19 03:51:23.509] Content-Type: application/json; charset=utf-8
[Fastbot][2026-06-19 03:51:23.510] Content-Length: 189
[Fastbot][2026-06-19 03:51:23.510] 
[Fastbot][2026-06-19 03:51:23.510] {"jsonrpc": "2.0", "id": 1, "method": "objInfo", "params": [{"mask": 2097152, "childOrSibling": [], "childOrSiblingSelector": [], "resourceId": "net.gsantner.markor_test:id/action_go_to"}]}
[Fastbot][2026-06-19 03:51:23.510] --> END POST (189-byte body)
[Fastbot][2026-06-19 03:51:23.537] <-- 200 OK  http://127.0.0.1:9008/jsonrpc/0 (27ms)
[Fastbot][2026-06-19 03:51:23.538] Content-Type: application/json
[Fastbot][2026-06-19 03:51:23.538] Date: Fri, 19 Jun 2026 03:51:23 GMT
[Fastbot][2026-06-19 03:51:23.538] Connection: keep-alive
[Fastbot][2026-06-19 03:51:23.538] Transfer-Encoding: chunked
[Fastbot][2026-06-19 03:51:23.538] 
[Fastbot][2026-06-19 03:51:23.538] {"jsonrpc":"2.0","id":1,"result":{"bounds":{"bottom":275,"left":639,"right":749,"top":143},"childCount":0,"className":"android.widget.TextView","contentDescription":"Go to","packageName":"net.gsantner.markor_test","resourceName":"net.gsantner.markor_test:id/action_go_to","text":null,"visibleBounds":...[truncated]
[Fastbot][2026-06-19 03:51:23.538] <-- END HTTP (506-byte body)
[Fastbot][2026-06-19 03:51:23.571] [Proxy Server] Detected script method: click
[Fastbot][2026-06-19 03:51:23.571] [Proxy Server] Forwarding
[Fastbot][2026-06-19 03:51:23.572] --> POST http://127.0.0.1:9008/jsonrpc/0
[Fastbot][2026-06-19 03:51:23.572] Content-Type: application/json; charset=utf-8
[Fastbot][2026-06-19 03:51:23.572] Content-Length: 72
[Fastbot][2026-06-19 03:51:23.572] 
[Fastbot][2026-06-19 03:51:23.572] {"jsonrpc": "2.0", "id": 1, "method": "click", "params": [694.0, 209.0]}
[Fastbot][2026-06-19 03:51:23.572] --> END POST (72-byte body)
[Fastbot][2026-06-19 03:51:23.711] <-- 200 OK  http://127.0.0.1:9008/jsonrpc/0 (138ms)
[Fastbot][2026-06-19 03:51:23.711] Content-Type: application/json
[Fastbot][2026-06-19 03:51:23.711] Date: Fri, 19 Jun 2026 03:51:23 GMT
[Fastbot][2026-06-19 03:51:23.711] Connection: keep-alive
[Fastbot][2026-06-19 03:51:23.711] Transfer-Encoding: chunked
[Fastbot][2026-06-19 03:51:23.712] 
[Fastbot][2026-06-19 03:51:23.712] {"jsonrpc":"2.0","id":1,"result":true}

[Fastbot][2026-06-19 03:51:23.712] <-- END HTTP (39-byte body)
[Fastbot][2026-06-19 03:51:24.762] [Proxy Server] Forwarding
[Fastbot][2026-06-19 03:51:24.763] --> POST http://127.0.0.1:9008/jsonrpc/0
[Fastbot][2026-06-19 03:51:24.763] Content-Type: application/json; charset=utf-8
[Fastbot][2026-06-19 03:51:24.763] Content-Length: 215
[Fastbot][2026-06-19 03:51:24.763] 
[Fastbot][2026-06-19 03:51:24.763] {"jsonrpc": "2.0", "id": 1, "method": "waitForExists", "params": [{"mask": 2097153, "childOrSibling": [], "childOrSiblingSelector": [], "resourceId": "net.gsantner.markor_test:id/title", "text": "Notebook"}, 20000]}
[Fastbot][2026-06-19 03:51:24.763] --> END POST (215-byte body)
[Fastbot][2026-06-19 03:51:24.780] <-- 200 OK  http://127.0.0.1:9008/jsonrpc/0 (16ms)
[Fastbot][2026-06-19 03:51:24.780] Content-Type: application/json
[Fastbot][2026-06-19 03:51:24.780] Date: Fri, 19 Jun 2026 03:51:24 GMT
[Fastbot][2026-06-19 03:51:24.781] Connection: keep-alive
[Fastbot][2026-06-19 03:51:24.781] Transfer-Encoding: chunked
[Fastbot][2026-06-19 03:51:24.781] 
[Fastbot][2026-06-19 03:51:24.781] {"jsonrpc":"2.0","id":1,"result":true}

[Fastbot][2026-06-19 03:51:24.781] <-- END HTTP (39-byte body)
[Fastbot][2026-06-19 03:51:24.809] [Proxy Server] Forwarding
[Fastbot][2026-06-19 03:51:24.810] --> POST http://127.0.0.1:9008/jsonrpc/0
[Fastbot][2026-06-19 03:51:24.810] Content-Type: application/json; charset=utf-8
[Fastbot][2026-06-19 03:51:24.810] Content-Length: 202
[Fastbot][2026-06-19 03:51:24.810] 
[Fastbot][2026-06-19 03:51:24.810] {"jsonrpc": "2.0", "id": 1, "method": "objInfo", "params": [{"mask": 2097153, "childOrSibling": [], "childOrSiblingSelector": [], "resourceId": "net.gsantner.markor_test:id/title", "text": "Notebook"}]}
[Fastbot][2026-06-19 03:51:24.810] --> END POST (202-byte body)
[Fastbot][2026-06-19 03:51:24.836] <-- 200 OK  http://127.0.0.1:9008/jsonrpc/0 (25ms)
[Fastbot][2026-06-19 03:51:24.836] Content-Type: application/json
[Fastbot][2026-06-19 03:51:24.836] Date: Fri, 19 Jun 2026 03:51:24 GMT
[Fastbot][2026-06-19 03:51:24.836] Connection: keep-alive
[Fastbot][2026-06-19 03:51:24.836] Transfer-Encoding: chunked
[Fastbot][2026-06-19 03:51:24.885] 
[Fastbot][2026-06-19 03:51:24.885] {"jsonrpc":"2.0","id":1,"result":{"bounds":{"bottom":1111,"left":443,"right":992,"top":1103},"childCount":0,"className":"android.widget.TextView","contentDescription":null,"packageName":"net.gsantner.markor_test","resourceName":"net.gsantner.markor_test:id/title","text":"Notebook","visibleBounds":{"...[truncated]
[Fastbot][2026-06-19 03:51:24.885] <-- END HTTP (509-byte body)
[Fastbot][2026-06-19 03:51:24.919] [Proxy Server] Detected script method: click
[Fastbot][2026-06-19 03:51:24.919] [Proxy Server] Forwarding
[Fastbot][2026-06-19 03:51:24.919] --> POST http://127.0.0.1:9008/jsonrpc/0
[Fastbot][2026-06-19 03:51:24.920] Content-Type: application/json; charset=utf-8
[Fastbot][2026-06-19 03:51:24.920] Content-Length: 73
[Fastbot][2026-06-19 03:51:24.920] 
[Fastbot][2026-06-19 03:51:24.920] {"jsonrpc": "2.0", "id": 1, "method": "click", "params": [717.5, 1107.0]}
[Fastbot][2026-06-19 03:51:24.920] --> END POST (73-byte body)
[Fastbot][2026-06-19 03:51:25.046] <-- 200 OK  http://127.0.0.1:9008/jsonrpc/0 (125ms)
[Fastbot][2026-06-19 03:51:25.046] Content-Type: application/json
[Fastbot][2026-06-19 03:51:25.047] Date: Fri, 19 Jun 2026 03:51:25 GMT
[Fastbot][2026-06-19 03:51:25.047] Connection: keep-alive
[Fastbot][2026-06-19 03:51:25.047] Transfer-Encoding: chunked
[Fastbot][2026-06-19 03:51:25.094] 
[Fastbot][2026-06-19 03:51:25.094] {"jsonrpc":"2.0","id":1,"result":true}

[Fastbot][2026-06-19 03:51:25.094] <-- END HTTP (39-byte body)
[Fastbot][2026-06-19 03:51:26.126] [Proxy Server] Forwarding
[Fastbot][2026-06-19 03:51:26.127] --> POST http://127.0.0.1:9008/jsonrpc/0
[Fastbot][2026-06-19 03:51:26.127] Content-Type: application/json; charset=utf-8
[Fastbot][2026-06-19 03:51:26.127] Content-Length: 202
[Fastbot][2026-06-19 03:51:26.127] 
[Fastbot][2026-06-19 03:51:26.127] {"jsonrpc": "2.0", "id": 1, "method": "count", "params": [{"mask": 2097152, "childOrSibling": [], "childOrSiblingSelector": [], "resourceId": "net.gsantner.markor_test:id/opoc_filesystem_item__title"}]}
[Fastbot][2026-06-19 03:51:26.127] --> END POST (202-byte body)
[Fastbot][2026-06-19 03:51:26.143] <-- 200 OK  http://127.0.0.1:9008/jsonrpc/0 (15ms)
[Fastbot][2026-06-19 03:51:26.143] Content-Type: application/json
[Fastbot][2026-06-19 03:51:26.143] Date: Fri, 19 Jun 2026 03:51:26 GMT
[Fastbot][2026-06-19 03:51:26.143] Connection: keep-alive
[Fastbot][2026-06-19 03:51:26.143] Transfer-Encoding: chunked
[Fastbot][2026-06-19 03:51:26.144] 
[Fastbot][2026-06-19 03:51:26.144] {"jsonrpc":"2.0","id":1,"result":3}

[Fastbot][2026-06-19 03:51:26.144] <-- END HTTP (36-byte body)
[Fastbot][2026-06-19 03:51:26.174] [Proxy Server] Forwarding
[Fastbot][2026-06-19 03:51:26.174] --> POST http://127.0.0.1:9008/jsonrpc/0
[Fastbot][2026-06-19 03:51:26.174] Content-Type: application/json; charset=utf-8
[Fastbot][2026-06-19 03:51:26.174] Content-Length: 233
[Fastbot][2026-06-19 03:51:26.174] 
[Fastbot][2026-06-19 03:51:26.175] {"jsonrpc": "2.0", "id": 1, "method": "waitForExists", "params": [{"mask": 18874368, "childOrSibling": [], "childOrSiblingSelector": [], "resourceId": "net.gsantner.markor_test:id/opoc_filesystem_item__title", "instance": 0}, 20000]}
[Fastbot][2026-06-19 03:51:26.175] --> END POST (233-byte body)
[Fastbot][2026-06-19 03:51:26.187] <-- 200 OK  http://127.0.0.1:9008/jsonrpc/0 (11ms)
[Fastbot][2026-06-19 03:51:26.187] Content-Type: application/json
[Fastbot][2026-06-19 03:51:26.187] Date: Fri, 19 Jun 2026 03:51:26 GMT
[Fastbot][2026-06-19 03:51:26.188] Connection: keep-alive
[Fastbot][2026-06-19 03:51:26.188] Transfer-Encoding: chunked
[Fastbot][2026-06-19 03:51:26.188] 
[Fastbot][2026-06-19 03:51:26.188] {"jsonrpc":"2.0","id":1,"result":true}

[Fastbot][2026-06-19 03:51:26.188] <-- END HTTP (39-byte body)
[Fastbot][2026-06-19 03:51:26.220] [Proxy Server] Forwarding
[Fastbot][2026-06-19 03:51:26.220] --> POST http://127.0.0.1:9008/jsonrpc/0
[Fastbot][2026-06-19 03:51:26.221] Content-Type: application/json; charset=utf-8
[Fastbot][2026-06-19 03:51:26.221] Content-Length: 220
[Fastbot][2026-06-19 03:51:26.221] 
[Fastbot][2026-06-19 03:51:26.221] {"jsonrpc": "2.0", "id": 1, "method": "getText", "params": [{"mask": 18874368, "childOrSibling": [], "childOrSiblingSelector": [], "resourceId": "net.gsantner.markor_test:id/opoc_filesystem_item__title", "instance": 0}]}
[Fastbot][2026-06-19 03:51:26.221] --> END POST (220-byte body)
[Fastbot][2026-06-19 03:51:26.229] <-- 200 OK  http://127.0.0.1:9008/jsonrpc/0 (7ms)
[Fastbot][2026-06-19 03:51:26.229] Content-Type: application/json
[Fastbot][2026-06-19 03:51:26.229] Date: Fri, 19 Jun 2026 03:51:26 GMT
[Fastbot][2026-06-19 03:51:26.229] Connection: keep-alive
[Fastbot][2026-06-19 03:51:26.229] Transfer-Encoding: chunked
[Fastbot][2026-06-19 03:51:26.229] 
[Fastbot][2026-06-19 03:51:26.229] {"jsonrpc":"2.0","id":1,"result":".."}

[Fastbot][2026-06-19 03:51:26.230] <-- END HTTP (39-byte body)
[Fastbot][2026-06-19 03:51:26.269] [Proxy Server] Forwarding
[Fastbot][2026-06-19 03:51:26.269] --> POST http://127.0.0.1:9008/jsonrpc/0
[Fastbot][2026-06-19 03:51:26.269] Content-Type: application/json; charset=utf-8
[Fastbot][2026-06-19 03:51:26.269] Content-Length: 233
[Fastbot][2026-06-19 03:51:26.269] 
[Fastbot][2026-06-19 03:51:26.269] {"jsonrpc": "2.0", "id": 1, "method": "waitForExists", "params": [{"mask": 18874368, "childOrSibling": [], "childOrSiblingSelector": [], "resourceId": "net.gsantner.markor_test:id/opoc_filesystem_item__title", "instance": 1}, 20000]}
[Fastbot][2026-06-19 03:51:26.269] --> END POST (233-byte body)
[Fastbot][2026-06-19 03:51:26.275] <-- 200 OK  http://127.0.0.1:9008/jsonrpc/0 (5ms)
[Fastbot][2026-06-19 03:51:26.275] Content-Type: application/json
[Fastbot][2026-06-19 03:51:26.275] Date: Fri, 19 Jun 2026 03:51:26 GMT
[Fastbot][2026-06-19 03:51:26.276] Connection: keep-alive
[Fastbot][2026-06-19 03:51:26.276] Transfer-Encoding: chunked
[Fastbot][2026-06-19 03:51:26.276] 
[Fastbot][2026-06-19 03:51:26.277] {"jsonrpc":"2.0","id":1,"result":true}

[Fastbot][2026-06-19 03:51:26.277] <-- END HTTP (39-byte body)
[Fastbot][2026-06-19 03:51:26.331] [Proxy Server] Forwarding
[Fastbot][2026-06-19 03:51:26.331] --> POST http://127.0.0.1:9008/jsonrpc/0
[Fastbot][2026-06-19 03:51:26.331] Content-Type: application/json; charset=utf-8
[Fastbot][2026-06-19 03:51:26.331] Content-Length: 220
[Fastbot][2026-06-19 03:51:26.331] 
[Fastbot][2026-06-19 03:51:26.332] {"jsonrpc": "2.0", "id": 1, "method": "getText", "params": [{"mask": 18874368, "childOrSibling": [], "childOrSiblingSelector": [], "resourceId": "net.gsantner.markor_test:id/opoc_filesystem_item__title", "instance": 1}]}
[Fastbot][2026-06-19 03:51:26.332] --> END POST (220-byte body)
[Fastbot][2026-06-19 03:51:26.337] <-- 200 OK  http://127.0.0.1:9008/jsonrpc/0 (5ms)
[Fastbot][2026-06-19 03:51:26.337] Content-Type: application/json
[Fastbot][2026-06-19 03:51:26.337] Date: Fri, 19 Jun 2026 03:51:26 GMT
[Fastbot][2026-06-19 03:51:26.337] Connection: keep-alive
[Fastbot][2026-06-19 03:51:26.337] Transfer-Encoding: chunked
[Fastbot][2026-06-19 03:51:26.338] 
[Fastbot][2026-06-19 03:51:26.338] {"jsonrpc":"2.0","id":1,"result":"A.txt"}

[Fastbot][2026-06-19 03:51:26.339] <-- END HTTP (42-byte body)
[Fastbot][2026-06-19 03:51:26.352] [Proxy Server] Forwarding
[Fastbot][2026-06-19 03:51:26.352] --> POST http://127.0.0.1:9008/jsonrpc/0
[Fastbot][2026-06-19 03:51:26.352] Content-Type: application/json; charset=utf-8
[Fastbot][2026-06-19 03:51:26.353] Content-Length: 233
[Fastbot][2026-06-19 03:51:26.353] 
[Fastbot][2026-06-19 03:51:26.353] {"jsonrpc": "2.0", "id": 1, "method": "waitForExists", "params": [{"mask": 18874368, "childOrSibling": [], "childOrSiblingSelector": [], "resourceId": "net.gsantner.markor_test:id/opoc_filesystem_item__title", "instance": 2}, 20000]}
[Fastbot][2026-06-19 03:51:26.353] --> END POST (233-byte body)
[Fastbot][2026-06-19 03:51:26.358] <-- 200 OK  http://127.0.0.1:9008/jsonrpc/0 (4ms)
[Fastbot][2026-06-19 03:51:26.358] Content-Type: application/json
[Fastbot][2026-06-19 03:51:26.358] Date: Fri, 19 Jun 2026 03:51:26 GMT
[Fastbot][2026-06-19 03:51:26.358] Connection: keep-alive
[Fastbot][2026-06-19 03:51:26.358] Transfer-Encoding: chunked
[Fastbot][2026-06-19 03:51:26.404] 
[Fastbot][2026-06-19 03:51:26.404] {"jsonrpc":"2.0","id":1,"result":true}

[Fastbot][2026-06-19 03:51:26.404] <-- END HTTP (39-byte body)
[Fastbot][2026-06-19 03:51:26.441] [Proxy Server] Forwarding
[Fastbot][2026-06-19 03:51:26.441] --> POST http://127.0.0.1:9008/jsonrpc/0
[Fastbot][2026-06-19 03:51:26.441] Content-Type: application/json; charset=utf-8
[Fastbot][2026-06-19 03:51:26.441] Content-Length: 220
[Fastbot][2026-06-19 03:51:26.441] 
[Fastbot][2026-06-19 03:51:26.442] {"jsonrpc": "2.0", "id": 1, "method": "getText", "params": [{"mask": 18874368, "childOrSibling": [], "childOrSiblingSelector": [], "resourceId": "net.gsantner.markor_test:id/opoc_filesystem_item__title", "instance": 2}]}
[Fastbot][2026-06-19 03:51:26.442] --> END POST (220-byte body)
[Fastbot][2026-06-19 03:51:26.449] <-- 200 OK  http://127.0.0.1:9008/jsonrpc/0 (7ms)
[Fastbot][2026-06-19 03:51:26.449] Content-Type: application/json
[Fastbot][2026-06-19 03:51:26.449] Date: Fri, 19 Jun 2026 03:51:26 GMT
[Fastbot][2026-06-19 03:51:26.449] Connection: keep-alive
[Fastbot][2026-06-19 03:51:26.449] Transfer-Encoding: chunked
[Fastbot][2026-06-19 03:51:26.450] 
[Fastbot][2026-06-19 03:51:26.450] {"jsonrpc":"2.0","id":1,"result":"HVH.md"}

[Fastbot][2026-06-19 03:51:26.450] <-- END HTTP (43-byte body)
[Fastbot][2026-06-19 03:51:26.487] [Proxy Server] Forwarding
[Fastbot][2026-06-19 03:51:26.488] --> POST http://127.0.0.1:9008/jsonrpc/0
[Fastbot][2026-06-19 03:51:26.488] Content-Type: application/json; charset=utf-8
[Fastbot][2026-06-19 03:51:26.488] Content-Length: 233
[Fastbot][2026-06-19 03:51:26.488] 
[Fastbot][2026-06-19 03:51:26.488] {"jsonrpc": "2.0", "id": 1, "method": "waitForExists", "params": [{"mask": 18874368, "childOrSibling": [], "childOrSiblingSelector": [], "resourceId": "net.gsantner.markor_test:id/opoc_filesystem_item__title", "instance": 2}, 20000]}
[Fastbot][2026-06-19 03:51:26.488] --> END POST (233-byte body)
[Fastbot][2026-06-19 03:51:26.495] <-- 200 OK  http://127.0.0.1:9008/jsonrpc/0 (7ms)
[Fastbot][2026-06-19 03:51:26.495] Content-Type: application/json
[Fastbot][2026-06-19 03:51:26.495] Date: Fri, 19 Jun 2026 03:51:26 GMT
[Fastbot][2026-06-19 03:51:26.496] Connection: keep-alive
[Fastbot][2026-06-19 03:51:26.496] Transfer-Encoding: chunked
[Fastbot][2026-06-19 03:51:26.496] 
[Fastbot][2026-06-19 03:51:26.496] {"jsonrpc":"2.0","id":1,"result":true}

[Fastbot][2026-06-19 03:51:26.496] <-- END HTTP (39-byte body)
[Fastbot][2026-06-19 03:51:26.550] [Proxy Server] Forwarding
[Fastbot][2026-06-19 03:51:26.551] --> POST http://127.0.0.1:9008/jsonrpc/0
[Fastbot][2026-06-19 03:51:26.551] Content-Type: application/json; charset=utf-8
[Fastbot][2026-06-19 03:51:26.551] Content-Length: 220
[Fastbot][2026-06-19 03:51:26.551] 
[Fastbot][2026-06-19 03:51:26.551] {"jsonrpc": "2.0", "id": 1, "method": "getText", "params": [{"mask": 18874368, "childOrSibling": [], "childOrSiblingSelector": [], "resourceId": "net.gsantner.markor_test:id/opoc_filesystem_item__title", "instance": 2}]}
[Fastbot][2026-06-19 03:51:26.551] --> END POST (220-byte body)
[Fastbot][2026-06-19 03:51:26.559] <-- 200 OK  http://127.0.0.1:9008/jsonrpc/0 (6ms)
[Fastbot][2026-06-19 03:51:26.559] Content-Type: application/json
[Fastbot][2026-06-19 03:51:26.559] Date: Fri, 19 Jun 2026 03:51:26 GMT
[Fastbot][2026-06-19 03:51:26.560] Connection: keep-alive
[Fastbot][2026-06-19 03:51:26.560] Transfer-Encoding: chunked
[Fastbot][2026-06-19 03:51:26.560] 
[Fastbot][2026-06-19 03:51:26.560] {"jsonrpc":"2.0","id":1,"result":"HVH.md"}

[Fastbot][2026-06-19 03:51:26.560] <-- END HTTP (43-byte body)
[Fastbot][2026-06-19 03:51:26.596] [Proxy Server] Forwarding
[Fastbot][2026-06-19 03:51:26.597] --> POST http://127.0.0.1:9008/jsonrpc/0
[Fastbot][2026-06-19 03:51:26.597] Content-Type: application/json; charset=utf-8
[Fastbot][2026-06-19 03:51:26.597] Content-Length: 235
[Fastbot][2026-06-19 03:51:26.597] 
[Fastbot][2026-06-19 03:51:26.597] {"jsonrpc": "2.0", "id": 1, "method": "waitForExists", "params": [{"mask": 2097153, "childOrSibling": [], "childOrSiblingSelector": [], "resourceId": "net.gsantner.markor_test:id/opoc_filesystem_item__title", "text": "HVH.md"}, 20000]}
[Fastbot][2026-06-19 03:51:26.597] --> END POST (235-byte body)
[Fastbot][2026-06-19 03:51:26.611] <-- 200 OK  http://127.0.0.1:9008/jsonrpc/0 (13ms)
[Fastbot][2026-06-19 03:51:26.611] Content-Type: application/json
[Fastbot][2026-06-19 03:51:26.611] Date: Fri, 19 Jun 2026 03:51:26 GMT
[Fastbot][2026-06-19 03:51:26.611] Connection: keep-alive
[Fastbot][2026-06-19 03:51:26.611] Transfer-Encoding: chunked
[Fastbot][2026-06-19 03:51:26.611] 
[Fastbot][2026-06-19 03:51:26.611] {"jsonrpc":"2.0","id":1,"result":true}

[Fastbot][2026-06-19 03:51:26.611] <-- END HTTP (39-byte body)
[Fastbot][2026-06-19 03:51:26.645] [Proxy Server] Forwarding
[Fastbot][2026-06-19 03:51:26.645] --> POST http://127.0.0.1:9008/jsonrpc/0
[Fastbot][2026-06-19 03:51:26.645] Content-Type: application/json; charset=utf-8
[Fastbot][2026-06-19 03:51:26.645] Content-Length: 222
[Fastbot][2026-06-19 03:51:26.647] 
[Fastbot][2026-06-19 03:51:26.647] {"jsonrpc": "2.0", "id": 1, "method": "objInfo", "params": [{"mask": 2097153, "childOrSibling": [], "childOrSiblingSelector": [], "resourceId": "net.gsantner.markor_test:id/opoc_filesystem_item__title", "text": "HVH.md"}]}
[Fastbot][2026-06-19 03:51:26.647] --> END POST (222-byte body)
[Fastbot][2026-06-19 03:51:26.675] <-- 200 OK  http://127.0.0.1:9008/jsonrpc/0 (28ms)
[Fastbot][2026-06-19 03:51:26.676] Content-Type: application/json
[Fastbot][2026-06-19 03:51:26.676] Date: Fri, 19 Jun 2026 03:51:26 GMT
[Fastbot][2026-06-19 03:51:26.676] Connection: keep-alive
[Fastbot][2026-06-19 03:51:26.676] Transfer-Encoding: chunked
[Fastbot][2026-06-19 03:51:26.676] 
[Fastbot][2026-06-19 03:51:26.677] {"jsonrpc":"2.0","id":1,"result":{"bounds":{"bottom":658,"left":165,"right":362,"top":588},"childCount":0,"className":"android.widget.TextView","contentDescription":null,"packageName":"net.gsantner.markor_test","resourceName":"net.gsantner.markor_test:id/opoc_filesystem_item__title","text":"HVH.md",...[truncated]
[Fastbot][2026-06-19 03:51:26.677] <-- END HTTP (525-byte body)
[Fastbot][2026-06-19 03:51:26.706] [Proxy Server] Detected script method: click
[Fastbot][2026-06-19 03:51:26.706] [Proxy Server] Forwarding
[Fastbot][2026-06-19 03:51:26.706] --> POST http://127.0.0.1:9008/jsonrpc/0
[Fastbot][2026-06-19 03:51:26.706] Content-Type: application/json; charset=utf-8
[Fastbot][2026-06-19 03:51:26.706] Content-Length: 77
[Fastbot][2026-06-19 03:51:26.707] 
[Fastbot][2026-06-19 03:51:26.707] {"jsonrpc": "2.0", "id": 1, "method": "click", "params": [263.5, 623.0, 500]}
[Fastbot][2026-06-19 03:51:26.707] --> END POST (77-byte body)
[Fastbot][2026-06-19 03:51:27.562] <-- 200 OK  http://127.0.0.1:9008/jsonrpc/0 (854ms)
[Fastbot][2026-06-19 03:51:27.562] Content-Type: application/json
[Fastbot][2026-06-19 03:51:27.562] Date: Fri, 19 Jun 2026 03:51:27 GMT
[Fastbot][2026-06-19 03:51:27.562] Connection: keep-alive
[Fastbot][2026-06-19 03:51:27.562] Transfer-Encoding: chunked
[Fastbot][2026-06-19 03:51:27.604] 
[Fastbot][2026-06-19 03:51:27.605] {"jsonrpc":"2.0","id":1,"result":true}

[Fastbot][2026-06-19 03:51:27.605] <-- END HTTP (39-byte body)
[Fastbot][2026-06-19 03:51:28.657] [Proxy Server] Forwarding
[Fastbot][2026-06-19 03:51:28.658] --> POST http://127.0.0.1:9008/jsonrpc/0
[Fastbot][2026-06-19 03:51:28.658] Content-Type: application/json; charset=utf-8
[Fastbot][2026-06-19 03:51:28.658] Content-Length: 217
[Fastbot][2026-06-19 03:51:28.658] 
[Fastbot][2026-06-19 03:51:28.658] {"jsonrpc": "2.0", "id": 1, "method": "waitForExists", "params": [{"mask": 2097152, "childOrSibling": [], "childOrSiblingSelector": [], "resourceId": "net.gsantner.markor_test:id/action_rename_selected_item"}, 20000]}
[Fastbot][2026-06-19 03:51:28.659] --> END POST (217-byte body)
[Fastbot][2026-06-19 03:51:28.676] <-- 200 OK  http://127.0.0.1:9008/jsonrpc/0 (16ms)
[Fastbot][2026-06-19 03:51:28.676] Content-Type: application/json
[Fastbot][2026-06-19 03:51:28.676] Date: Fri, 19 Jun 2026 03:51:28 GMT
[Fastbot][2026-06-19 03:51:28.676] Connection: keep-alive
[Fastbot][2026-06-19 03:51:28.676] Transfer-Encoding: chunked
[Fastbot][2026-06-19 03:51:28.677] 
[Fastbot][2026-06-19 03:51:28.677] {"jsonrpc":"2.0","id":1,"result":true}

[Fastbot][2026-06-19 03:51:28.677] <-- END HTTP (39-byte body)
[Fastbot][2026-06-19 03:51:28.692] [Proxy Server] Forwarding
[Fastbot][2026-06-19 03:51:28.693] --> POST http://127.0.0.1:9008/jsonrpc/0
[Fastbot][2026-06-19 03:51:28.693] Content-Type: application/json; charset=utf-8
[Fastbot][2026-06-19 03:51:28.693] Content-Length: 204
[Fastbot][2026-06-19 03:51:28.693] 
[Fastbot][2026-06-19 03:51:28.693] {"jsonrpc": "2.0", "id": 1, "method": "objInfo", "params": [{"mask": 2097152, "childOrSibling": [], "childOrSiblingSelector": [], "resourceId": "net.gsantner.markor_test:id/action_rename_selected_item"}]}
[Fastbot][2026-06-19 03:51:28.694] --> END POST (204-byte body)
[Fastbot][2026-06-19 03:51:28.723] <-- 200 OK  http://127.0.0.1:9008/jsonrpc/0 (29ms)
[Fastbot][2026-06-19 03:51:28.723] Content-Type: application/json
[Fastbot][2026-06-19 03:51:28.724] Date: Fri, 19 Jun 2026 03:51:28 GMT
[Fastbot][2026-06-19 03:51:28.724] Connection: keep-alive
[Fastbot][2026-06-19 03:51:28.724] Transfer-Encoding: chunked
[Fastbot][2026-06-19 03:51:28.766] 
[Fastbot][2026-06-19 03:51:28.766] {"jsonrpc":"2.0","id":1,"result":{"bounds":{"bottom":275,"left":639,"right":749,"top":143},"childCount":0,"className":"android.widget.TextView","contentDescription":"Rename","packageName":"net.gsantner.markor_test","resourceName":"net.gsantner.markor_test:id/action_rename_selected_item","text":null,...[truncated]
[Fastbot][2026-06-19 03:51:28.766] <-- END HTTP (522-byte body)
[Fastbot][2026-06-19 03:51:28.813] [Proxy Server] Detected script method: click
[Fastbot][2026-06-19 03:51:28.814] [Proxy Server] Forwarding
[Fastbot][2026-06-19 03:51:28.814] --> POST http://127.0.0.1:9008/jsonrpc/0
[Fastbot][2026-06-19 03:51:28.814] Content-Type: application/json; charset=utf-8
[Fastbot][2026-06-19 03:51:28.814] Content-Length: 72
[Fastbot][2026-06-19 03:51:28.814] 
[Fastbot][2026-06-19 03:51:28.814] {"jsonrpc": "2.0", "id": 1, "method": "click", "params": [694.0, 209.0]}
[Fastbot][2026-06-19 03:51:28.814] --> END POST (72-byte body)
[Fastbot][2026-06-19 03:51:28.947] <-- 200 OK  http://127.0.0.1:9008/jsonrpc/0 (132ms)
[Fastbot][2026-06-19 03:51:28.947] Content-Type: application/json
[Fastbot][2026-06-19 03:51:28.947] Date: Fri, 19 Jun 2026 03:51:28 GMT
[Fastbot][2026-06-19 03:51:28.947] Connection: keep-alive
[Fastbot][2026-06-19 03:51:28.947] Transfer-Encoding: chunked
[Fastbot][2026-06-19 03:51:28.948] 
[Fastbot][2026-06-19 03:51:28.948] {"jsonrpc":"2.0","id":1,"result":true}

[Fastbot][2026-06-19 03:51:28.948] <-- END HTTP (39-byte body)
[Fastbot][2026-06-19 03:51:29.985] [Proxy Server] Forwarding
[Fastbot][2026-06-19 03:51:29.985] --> POST http://127.0.0.1:9008/jsonrpc/0
[Fastbot][2026-06-19 03:51:29.985] Content-Type: application/json; charset=utf-8
[Fastbot][2026-06-19 03:51:29.986] Content-Length: 198
[Fastbot][2026-06-19 03:51:29.986] 
[Fastbot][2026-06-19 03:51:29.986] {"jsonrpc": "2.0", "id": 1, "method": "waitForExists", "params": [{"mask": 2097152, "childOrSibling": [], "childOrSiblingSelector": [], "resourceId": "net.gsantner.markor_test:id/new_name"}, 20000]}
[Fastbot][2026-06-19 03:51:29.986] --> END POST (198-byte body)
[Fastbot][2026-06-19 03:51:30.000] <-- 200 OK  http://127.0.0.1:9008/jsonrpc/0 (14ms)
[Fastbot][2026-06-19 03:51:30.000] Content-Type: application/json
[Fastbot][2026-06-19 03:51:30.000] Date: Fri, 19 Jun 2026 03:51:30 GMT
[Fastbot][2026-06-19 03:51:30.000] Connection: keep-alive
[Fastbot][2026-06-19 03:51:30.001] Transfer-Encoding: chunked
[Fastbot][2026-06-19 03:51:30.001] 
[Fastbot][2026-06-19 03:51:30.001] {"jsonrpc":"2.0","id":1,"result":true}

[Fastbot][2026-06-19 03:51:30.001] <-- END HTTP (39-byte body)
[Fastbot][2026-06-19 03:51:30.032] [Proxy Server] Detected script method: setText
[Fastbot][2026-06-19 03:51:30.033] [Proxy Server] Forwarding
[Fastbot][2026-06-19 03:51:30.034] --> POST http://127.0.0.1:9008/jsonrpc/0
[Fastbot][2026-06-19 03:51:30.034] Content-Type: application/json; charset=utf-8
[Fastbot][2026-06-19 03:51:30.034] Content-Length: 195
[Fastbot][2026-06-19 03:51:30.035] 
[Fastbot][2026-06-19 03:51:30.035] {"jsonrpc": "2.0", "id": 1, "method": "setText", "params": [{"mask": 2097152, "childOrSibling": [], "childOrSiblingSelector": [], "resourceId": "net.gsantner.markor_test:id/new_name"}, "JpQ.md"]}
[Fastbot][2026-06-19 03:51:30.036] --> END POST (195-byte body)
[Fastbot][2026-06-19 03:51:30.169] <-- 200 OK  http://127.0.0.1:9008/jsonrpc/0 (132ms)
[Fastbot][2026-06-19 03:51:30.169] Content-Type: application/json
[Fastbot][2026-06-19 03:51:30.169] Date: Fri, 19 Jun 2026 03:51:30 GMT
[Fastbot][2026-06-19 03:51:30.169] Connection: keep-alive
[Fastbot][2026-06-19 03:51:30.179] Transfer-Encoding: chunked
[Fastbot][2026-06-19 03:51:30.180] 
[Fastbot][2026-06-19 03:51:30.181] {"jsonrpc":"2.0","id":1,"result":true}

[Fastbot][2026-06-19 03:51:30.181] <-- END HTTP (39-byte body)
[Fastbot][2026-06-19 03:51:31.222] [Proxy Server] Forwarding
[Fastbot][2026-06-19 03:51:31.222] --> POST http://127.0.0.1:9008/jsonrpc/0
[Fastbot][2026-06-19 03:51:31.223] Content-Type: application/json; charset=utf-8
[Fastbot][2026-06-19 03:51:31.223] Content-Length: 194
[Fastbot][2026-06-19 03:51:31.223] 
[Fastbot][2026-06-19 03:51:31.223] {"jsonrpc": "2.0", "id": 1, "method": "waitForExists", "params": [{"mask": 2097153, "childOrSibling": [], "childOrSiblingSelector": [], "resourceId": "android:id/button1", "text": "OK"}, 20000]}
[Fastbot][2026-06-19 03:51:31.223] --> END POST (194-byte body)
[Fastbot][2026-06-19 03:51:31.235] <-- 200 OK  http://127.0.0.1:9008/jsonrpc/0 (12ms)
[Fastbot][2026-06-19 03:51:31.235] Content-Type: application/json
[Fastbot][2026-06-19 03:51:31.235] Date: Fri, 19 Jun 2026 03:51:31 GMT
[Fastbot][2026-06-19 03:51:31.235] Connection: keep-alive
[Fastbot][2026-06-19 03:51:31.236] Transfer-Encoding: chunked
[Fastbot][2026-06-19 03:51:31.236] 
[Fastbot][2026-06-19 03:51:31.236] {"jsonrpc":"2.0","id":1,"result":true}

[Fastbot][2026-06-19 03:51:31.236] <-- END HTTP (39-byte body)
[Fastbot][2026-06-19 03:51:31.271] [Proxy Server] Forwarding
[Fastbot][2026-06-19 03:51:31.272] --> POST http://127.0.0.1:9008/jsonrpc/0
[Fastbot][2026-06-19 03:51:31.272] Content-Type: application/json; charset=utf-8
[Fastbot][2026-06-19 03:51:31.272] Content-Length: 181
[Fastbot][2026-06-19 03:51:31.272] 
[Fastbot][2026-06-19 03:51:31.272] {"jsonrpc": "2.0", "id": 1, "method": "objInfo", "params": [{"mask": 2097153, "childOrSibling": [], "childOrSiblingSelector": [], "resourceId": "android:id/button1", "text": "OK"}]}
[Fastbot][2026-06-19 03:51:31.272] --> END POST (181-byte body)
[Fastbot][2026-06-19 03:51:31.294] <-- 200 OK  http://127.0.0.1:9008/jsonrpc/0 (21ms)
[Fastbot][2026-06-19 03:51:31.294] Content-Type: application/json
[Fastbot][2026-06-19 03:51:31.294] Date: Fri, 19 Jun 2026 03:51:31 GMT
[Fastbot][2026-06-19 03:51:31.294] Connection: keep-alive
[Fastbot][2026-06-19 03:51:31.294] Transfer-Encoding: chunked
[Fastbot][2026-06-19 03:51:31.295] 
[Fastbot][2026-06-19 03:51:31.295] {"jsonrpc":"2.0","id":1,"result":{"bounds":{"bottom":1399,"left":669,"right":834,"top":1283},"childCount":0,"className":"android.widget.Button","contentDescription":null,"packageName":"net.gsantner.markor_test","resourceName":"android:id/button1","text":"OK","visibleBounds":{"bottom":1399,"left":669...[truncated]
[Fastbot][2026-06-19 03:51:31.295] <-- END HTTP (484-byte body)
[Fastbot][2026-06-19 03:51:31.333] [Proxy Server] Detected script method: click
[Fastbot][2026-06-19 03:51:31.333] [Proxy Server] Forwarding
[Fastbot][2026-06-19 03:51:31.334] --> POST http://127.0.0.1:9008/jsonrpc/0
[Fastbot][2026-06-19 03:51:31.334] Content-Type: application/json; charset=utf-8
[Fastbot][2026-06-19 03:51:31.334] Content-Length: 73
[Fastbot][2026-06-19 03:51:31.334] 
[Fastbot][2026-06-19 03:51:31.334] {"jsonrpc": "2.0", "id": 1, "method": "click", "params": [751.5, 1341.0]}
[Fastbot][2026-06-19 03:51:31.334] --> END POST (73-byte body)
[Fastbot][2026-06-19 03:51:31.461] <-- 200 OK  http://127.0.0.1:9008/jsonrpc/0 (126ms)
[Fastbot][2026-06-19 03:51:31.461] Content-Type: application/json
[Fastbot][2026-06-19 03:51:31.461] Date: Fri, 19 Jun 2026 03:51:31 GMT
[Fastbot][2026-06-19 03:51:31.461] Connection: keep-alive
[Fastbot][2026-06-19 03:51:31.461] Transfer-Encoding: chunked
[Fastbot][2026-06-19 03:51:31.462] 
[Fastbot][2026-06-19 03:51:31.462] {"jsonrpc":"2.0","id":1,"result":true}

[Fastbot][2026-06-19 03:51:31.462] <-- END HTTP (39-byte body)
[Fastbot][2026-06-19 03:51:32.489] [Proxy Server] Forwarding
[Fastbot][2026-06-19 03:51:32.489] --> POST http://127.0.0.1:9008/jsonrpc/0
[Fastbot][2026-06-19 03:51:32.489] Content-Type: application/json; charset=utf-8
[Fastbot][2026-06-19 03:51:32.490] Content-Length: 83
[Fastbot][2026-06-19 03:51:32.490] 
[Fastbot][2026-06-19 03:51:32.490] {"jsonrpc": "2.0", "id": 1, "method": "dumpWindowHierarchy", "params": [false, 50]}
[Fastbot][2026-06-19 03:51:32.490] --> END POST (83-byte body)
[Fastbot][2026-06-19 03:51:32.520] <-- 200 OK  http://127.0.0.1:9008/jsonrpc/0 (29ms)
[Fastbot][2026-06-19 03:51:32.520] Content-Type: application/json
[Fastbot][2026-06-19 03:51:32.520] Date: Fri, 19 Jun 2026 03:51:32 GMT
[Fastbot][2026-06-19 03:51:32.520] Connection: keep-alive
[Fastbot][2026-06-19 03:51:32.520] Transfer-Encoding: chunked
[Fastbot][2026-06-19 03:51:32.522] 
[Fastbot][2026-06-19 03:51:32.523] {"jsonrpc":"2.0","id":1,"result":"<?xml version='1.0' encoding='UTF-8' standalone='yes' ?>\r\n<hierarchy rotation=\"0\">\r\n  <node index=\"0\" text=\"\" resource-id=\"\" class=\"android.widget.FrameLayout\" package=\"com.android.systemui\" content-desc=\"\" checkable=\"false\" checked=\"false\" cli...[truncated]
[Fastbot][2026-06-19 03:51:32.523] <-- END HTTP (46102-byte body)
[Fastbot][2026-06-19 03:51:32.785] --> POST http://127.0.0.1:9008/jsonrpc/0
[Fastbot][2026-06-19 03:51:32.786] Content-Type: application/json; charset=utf-8
[Fastbot][2026-06-19 03:51:32.786] Content-Length: 75
[Fastbot][2026-06-19 03:51:32.786] 
[Fastbot][2026-06-19 03:51:32.786] {"id":1,"jsonrpc":"2.0","method":"dumpWindowHierarchy","params":[false,50]}
[Fastbot][2026-06-19 03:51:32.786] --> END POST (75-byte body)
[Fastbot][2026-06-19 03:51:32.816] <-- 200 OK  http://127.0.0.1:9008/jsonrpc/0 (29ms)
[Fastbot][2026-06-19 03:51:32.816] Content-Type: application/json
[Fastbot][2026-06-19 03:51:32.816] Date: Fri, 19 Jun 2026 03:51:32 GMT
[Fastbot][2026-06-19 03:51:32.816] Connection: keep-alive
[Fastbot][2026-06-19 03:51:32.816] Transfer-Encoding: chunked
[Fastbot][2026-06-19 03:51:32.818] 
[Fastbot][2026-06-19 03:51:32.819] {"jsonrpc":"2.0","id":1,"result":"<?xml version='1.0' encoding='UTF-8' standalone='yes' ?>\r\n<hierarchy rotation=\"0\">\r\n  <node index=\"0\" text=\"\" resource-id=\"\" class=\"android.widget.FrameLayout\" package=\"com.android.systemui\" content-desc=\"\" checkable=\"false\" checked=\"false\" cli...[truncated]
[Fastbot][2026-06-19 03:51:32.819] <-- END HTTP (46102-byte body)
[Fastbot][2026-06-19 03:51:32.879] [Proxy Server] Forwarding
[Fastbot][2026-06-19 03:51:32.879] --> POST http://127.0.0.1:9008/jsonrpc/0
[Fastbot][2026-06-19 03:51:32.880] Content-Type: application/json; charset=utf-8
[Fastbot][2026-06-19 03:51:32.880] Content-Length: 194
[Fastbot][2026-06-19 03:51:32.880] 
[Fastbot][2026-06-19 03:51:32.880] {"jsonrpc": "2.0", "id": 1, "method": "waitForExists", "params": [{"mask": 2097152, "childOrSibling": [], "childOrSiblingSelector": [], "resourceId": "net.gsantner.markor_test:id/icon"}, 20000]}
[Fastbot][2026-06-19 03:51:32.880] --> END POST (194-byte body)
[Fastbot][2026-06-19 03:51:32.893] <-- 200 OK  http://127.0.0.1:9008/jsonrpc/0 (13ms)
[Fastbot][2026-06-19 03:51:32.893] Content-Type: application/json
[Fastbot][2026-06-19 03:51:32.894] Date: Fri, 19 Jun 2026 03:51:32 GMT
[Fastbot][2026-06-19 03:51:32.894] Connection: keep-alive
[Fastbot][2026-06-19 03:51:32.894] Transfer-Encoding: chunked
[Fastbot][2026-06-19 03:51:32.895] 
[Fastbot][2026-06-19 03:51:32.895] {"jsonrpc":"2.0","id":1,"result":true}

[Fastbot][2026-06-19 03:51:32.895] <-- END HTTP (39-byte body)
[Fastbot][2026-06-19 03:51:32.926] [Proxy Server] Forwarding
[Fastbot][2026-06-19 03:51:32.926] --> POST http://127.0.0.1:9008/jsonrpc/0
[Fastbot][2026-06-19 03:51:32.926] Content-Type: application/json; charset=utf-8
[Fastbot][2026-06-19 03:51:32.926] Content-Length: 181
[Fastbot][2026-06-19 03:51:32.926] 
[Fastbot][2026-06-19 03:51:32.926] {"jsonrpc": "2.0", "id": 1, "method": "objInfo", "params": [{"mask": 2097152, "childOrSibling": [], "childOrSiblingSelector": [], "resourceId": "net.gsantner.markor_test:id/icon"}]}
[Fastbot][2026-06-19 03:51:32.926] --> END POST (181-byte body)
[Fastbot][2026-06-19 03:51:32.954] <-- 200 OK  http://127.0.0.1:9008/jsonrpc/0 (27ms)
[Fastbot][2026-06-19 03:51:32.954] Content-Type: application/json
[Fastbot][2026-06-19 03:51:32.954] Date: Fri, 19 Jun 2026 03:51:32 GMT
[Fastbot][2026-06-19 03:51:32.954] Connection: keep-alive
[Fastbot][2026-06-19 03:51:32.954] Transfer-Encoding: chunked
[Fastbot][2026-06-19 03:51:32.955] 
[Fastbot][2026-06-19 03:51:32.955] {"jsonrpc":"2.0","id":1,"result":{"bounds":{"bottom":2016,"left":102,"right":168,"top":2010},"childCount":0,"className":"android.widget.ImageView","contentDescription":null,"packageName":"net.gsantner.markor_test","resourceName":"net.gsantner.markor_test:id/icon","text":null,"visibleBounds":{"bottom...[truncated]
[Fastbot][2026-06-19 03:51:32.955] <-- END HTTP (502-byte body)
[Fastbot][2026-06-19 03:51:33.002] [Proxy Server] Detected script method: click
[Fastbot][2026-06-19 03:51:33.003] [Proxy Server] Forwarding
[Fastbot][2026-06-19 03:51:33.003] --> POST http://127.0.0.1:9008/jsonrpc/0
[Fastbot][2026-06-19 03:51:33.003] Content-Type: application/json; charset=utf-8
[Fastbot][2026-06-19 03:51:33.003] Content-Length: 73
[Fastbot][2026-06-19 03:51:33.004] 
[Fastbot][2026-06-19 03:51:33.004] {"jsonrpc": "2.0", "id": 1, "method": "click", "params": [135.0, 2013.0]}
[Fastbot][2026-06-19 03:51:33.004] --> END POST (73-byte body)
[Fastbot][2026-06-19 03:51:33.128] <-- 200 OK  http://127.0.0.1:9008/jsonrpc/0 (124ms)
[Fastbot][2026-06-19 03:51:33.128] Content-Type: application/json
[Fastbot][2026-06-19 03:51:33.128] Date: Fri, 19 Jun 2026 03:51:33 GMT
[Fastbot][2026-06-19 03:51:33.128] Connection: keep-alive
[Fastbot][2026-06-19 03:51:33.128] Transfer-Encoding: chunked
[Fastbot][2026-06-19 03:51:33.129] 
[Fastbot][2026-06-19 03:51:33.129] {"jsonrpc":"2.0","id":1,"result":true}

[Fastbot][2026-06-19 03:51:33.129] <-- END HTTP (39-byte body)
[Fastbot][2026-06-19 03:51:34.171] [Proxy Server] Forwarding
[Fastbot][2026-06-19 03:51:34.172] --> POST http://127.0.0.1:9008/jsonrpc/0
[Fastbot][2026-06-19 03:51:34.172] Content-Type: application/json; charset=utf-8
[Fastbot][2026-06-19 03:51:34.172] Content-Length: 202
[Fastbot][2026-06-19 03:51:34.172] 
[Fastbot][2026-06-19 03:51:34.172] {"jsonrpc": "2.0", "id": 1, "method": "waitForExists", "params": [{"mask": 2097152, "childOrSibling": [], "childOrSiblingSelector": [], "resourceId": "net.gsantner.markor_test:id/action_go_to"}, 20000]}
[Fastbot][2026-06-19 03:51:34.172] --> END POST (202-byte body)
[Fastbot][2026-06-19 03:51:34.193] <-- 200 OK  http://127.0.0.1:9008/jsonrpc/0 (20ms)
[Fastbot][2026-06-19 03:51:34.193] Content-Type: application/json
[Fastbot][2026-06-19 03:51:34.193] Date: Fri, 19 Jun 2026 03:51:34 GMT
[Fastbot][2026-06-19 03:51:34.193] Connection: keep-alive
[Fastbot][2026-06-19 03:51:34.194] Transfer-Encoding: chunked
[Fastbot][2026-06-19 03:51:34.194] 
[Fastbot][2026-06-19 03:51:34.195] {"jsonrpc":"2.0","id":1,"result":true}

[Fastbot][2026-06-19 03:51:34.195] <-- END HTTP (39-byte body)
[Fastbot][2026-06-19 03:51:34.233] [Proxy Server] Forwarding
[Fastbot][2026-06-19 03:51:34.234] --> POST http://127.0.0.1:9008/jsonrpc/0
[Fastbot][2026-06-19 03:51:34.234] Content-Type: application/json; charset=utf-8
[Fastbot][2026-06-19 03:51:34.234] Content-Length: 189
[Fastbot][2026-06-19 03:51:34.234] 
[Fastbot][2026-06-19 03:51:34.234] {"jsonrpc": "2.0", "id": 1, "method": "objInfo", "params": [{"mask": 2097152, "childOrSibling": [], "childOrSiblingSelector": [], "resourceId": "net.gsantner.markor_test:id/action_go_to"}]}
[Fastbot][2026-06-19 03:51:34.234] --> END POST (189-byte body)
[Fastbot][2026-06-19 03:51:34.260] <-- 200 OK  http://127.0.0.1:9008/jsonrpc/0 (25ms)
[Fastbot][2026-06-19 03:51:34.260] Content-Type: application/json
[Fastbot][2026-06-19 03:51:34.260] Date: Fri, 19 Jun 2026 03:51:34 GMT
[Fastbot][2026-06-19 03:51:34.260] Connection: keep-alive
[Fastbot][2026-06-19 03:51:34.260] Transfer-Encoding: chunked
[Fastbot][2026-06-19 03:51:34.261] 
[Fastbot][2026-06-19 03:51:34.261] {"jsonrpc":"2.0","id":1,"result":{"bounds":{"bottom":275,"left":639,"right":749,"top":143},"childCount":0,"className":"android.widget.TextView","contentDescription":"Go to","packageName":"net.gsantner.markor_test","resourceName":"net.gsantner.markor_test:id/action_go_to","text":null,"visibleBounds":...[truncated]
[Fastbot][2026-06-19 03:51:34.261] <-- END HTTP (506-byte body)
[Fastbot][2026-06-19 03:51:34.276] [Proxy Server] Detected script method: click
[Fastbot][2026-06-19 03:51:34.278] [Proxy Server] Forwarding
[Fastbot][2026-06-19 03:51:34.279] --> POST http://127.0.0.1:9008/jsonrpc/0
[Fastbot][2026-06-19 03:51:34.279] Content-Type: application/json; charset=utf-8
[Fastbot][2026-06-19 03:51:34.279] Content-Length: 72
[Fastbot][2026-06-19 03:51:34.279] 
[Fastbot][2026-06-19 03:51:34.279] {"jsonrpc": "2.0", "id": 1, "method": "click", "params": [694.0, 209.0]}
[Fastbot][2026-06-19 03:51:34.280] --> END POST (72-byte body)
[Fastbot][2026-06-19 03:51:34.413] <-- 200 OK  http://127.0.0.1:9008/jsonrpc/0 (133ms)
[Fastbot][2026-06-19 03:51:34.415] Content-Type: application/json
[Fastbot][2026-06-19 03:51:34.415] Date: Fri, 19 Jun 2026 03:51:34 GMT
[Fastbot][2026-06-19 03:51:34.415] Connection: keep-alive
[Fastbot][2026-06-19 03:51:34.415] Transfer-Encoding: chunked
[Fastbot][2026-06-19 03:51:34.460] 
[Fastbot][2026-06-19 03:51:34.460] {"jsonrpc":"2.0","id":1,"result":true}

[Fastbot][2026-06-19 03:51:34.460] <-- END HTTP (39-byte body)
[Fastbot][2026-06-19 03:51:35.496] [Proxy Server] Forwarding
[Fastbot][2026-06-19 03:51:35.496] --> POST http://127.0.0.1:9008/jsonrpc/0
[Fastbot][2026-06-19 03:51:35.496] Content-Type: application/json; charset=utf-8
[Fastbot][2026-06-19 03:51:35.496] Content-Length: 215
[Fastbot][2026-06-19 03:51:35.496] 
[Fastbot][2026-06-19 03:51:35.496] {"jsonrpc": "2.0", "id": 1, "method": "waitForExists", "params": [{"mask": 2097153, "childOrSibling": [], "childOrSiblingSelector": [], "resourceId": "net.gsantner.markor_test:id/title", "text": "Notebook"}, 20000]}
[Fastbot][2026-06-19 03:51:35.497] --> END POST (215-byte body)
[Fastbot][2026-06-19 03:51:35.508] <-- 200 OK  http://127.0.0.1:9008/jsonrpc/0 (11ms)
[Fastbot][2026-06-19 03:51:35.508] Content-Type: application/json
[Fastbot][2026-06-19 03:51:35.508] Date: Fri, 19 Jun 2026 03:51:35 GMT
[Fastbot][2026-06-19 03:51:35.508] Connection: keep-alive
[Fastbot][2026-06-19 03:51:35.508] Transfer-Encoding: chunked
[Fastbot][2026-06-19 03:51:35.509] 
[Fastbot][2026-06-19 03:51:35.510] {"jsonrpc":"2.0","id":1,"result":true}

[Fastbot][2026-06-19 03:51:35.510] <-- END HTTP (39-byte body)
[Fastbot][2026-06-19 03:51:35.542] [Proxy Server] Forwarding
[Fastbot][2026-06-19 03:51:35.543] --> POST http://127.0.0.1:9008/jsonrpc/0
[Fastbot][2026-06-19 03:51:35.543] Content-Type: application/json; charset=utf-8
[Fastbot][2026-06-19 03:51:35.543] Content-Length: 202
[Fastbot][2026-06-19 03:51:35.543] 
[Fastbot][2026-06-19 03:51:35.543] {"jsonrpc": "2.0", "id": 1, "method": "objInfo", "params": [{"mask": 2097153, "childOrSibling": [], "childOrSiblingSelector": [], "resourceId": "net.gsantner.markor_test:id/title", "text": "Notebook"}]}
[Fastbot][2026-06-19 03:51:35.543] --> END POST (202-byte body)
[Fastbot][2026-06-19 03:51:35.568] <-- 200 OK  http://127.0.0.1:9008/jsonrpc/0 (24ms)
[Fastbot][2026-06-19 03:51:35.568] Content-Type: application/json
[Fastbot][2026-06-19 03:51:35.569] Date: Fri, 19 Jun 2026 03:51:35 GMT
[Fastbot][2026-06-19 03:51:35.569] Connection: keep-alive
[Fastbot][2026-06-19 03:51:35.569] Transfer-Encoding: chunked
[Fastbot][2026-06-19 03:51:35.569] 
[Fastbot][2026-06-19 03:51:35.569] {"jsonrpc":"2.0","id":1,"result":{"bounds":{"bottom":1111,"left":443,"right":992,"top":1103},"childCount":0,"className":"android.widget.TextView","contentDescription":null,"packageName":"net.gsantner.markor_test","resourceName":"net.gsantner.markor_test:id/title","text":"Notebook","visibleBounds":{"...[truncated]
[Fastbot][2026-06-19 03:51:35.569] <-- END HTTP (509-byte body)
[Fastbot][2026-06-19 03:51:35.625] [Proxy Server] Detected script method: click
[Fastbot][2026-06-19 03:51:35.626] [Proxy Server] Forwarding
[Fastbot][2026-06-19 03:51:35.626] --> POST http://127.0.0.1:9008/jsonrpc/0
[Fastbot][2026-06-19 03:51:35.626] Content-Type: application/json; charset=utf-8
[Fastbot][2026-06-19 03:51:35.626] Content-Length: 73
[Fastbot][2026-06-19 03:51:35.627] 
[Fastbot][2026-06-19 03:51:35.627] {"jsonrpc": "2.0", "id": 1, "method": "click", "params": [717.5, 1107.0]}
[Fastbot][2026-06-19 03:51:35.627] --> END POST (73-byte body)
[Fastbot][2026-06-19 03:51:35.763] <-- 200 OK  http://127.0.0.1:9008/jsonrpc/0 (136ms)
[Fastbot][2026-06-19 03:51:35.764] Content-Type: application/json
[Fastbot][2026-06-19 03:51:35.764] Date: Fri, 19 Jun 2026 03:51:35 GMT
[Fastbot][2026-06-19 03:51:35.764] Connection: keep-alive
[Fastbot][2026-06-19 03:51:35.764] Transfer-Encoding: chunked
[Fastbot][2026-06-19 03:51:35.764] 
[Fastbot][2026-06-19 03:51:35.765] {"jsonrpc":"2.0","id":1,"result":true}

[Fastbot][2026-06-19 03:51:35.765] <-- END HTTP (39-byte body)
[Fastbot][2026-06-19 03:51:36.816] [Proxy Server] Forwarding
[Fastbot][2026-06-19 03:51:36.817] --> POST http://127.0.0.1:9008/jsonrpc/0
[Fastbot][2026-06-19 03:51:36.817] Content-Type: application/json; charset=utf-8
[Fastbot][2026-06-19 03:51:36.817] Content-Length: 202
[Fastbot][2026-06-19 03:51:36.817] 
[Fastbot][2026-06-19 03:51:36.817] {"jsonrpc": "2.0", "id": 1, "method": "count", "params": [{"mask": 2097152, "childOrSibling": [], "childOrSiblingSelector": [], "resourceId": "net.gsantner.markor_test:id/opoc_filesystem_item__title"}]}
[Fastbot][2026-06-19 03:51:36.817] --> END POST (202-byte body)
[Fastbot][2026-06-19 03:51:36.831] <-- 200 OK  http://127.0.0.1:9008/jsonrpc/0 (13ms)
[Fastbot][2026-06-19 03:51:36.831] Content-Type: application/json
[Fastbot][2026-06-19 03:51:36.831] Date: Fri, 19 Jun 2026 03:51:36 GMT
[Fastbot][2026-06-19 03:51:36.831] Connection: keep-alive
[Fastbot][2026-06-19 03:51:36.831] Transfer-Encoding: chunked
[Fastbot][2026-06-19 03:51:36.831] 
[Fastbot][2026-06-19 03:51:36.832] {"jsonrpc":"2.0","id":1,"result":3}

[Fastbot][2026-06-19 03:51:36.832] <-- END HTTP (36-byte body)
[Fastbot][2026-06-19 03:51:36.863] [Proxy Server] Forwarding
[Fastbot][2026-06-19 03:51:36.863] --> POST http://127.0.0.1:9008/jsonrpc/0
[Fastbot][2026-06-19 03:51:36.864] Content-Type: application/json; charset=utf-8
[Fastbot][2026-06-19 03:51:36.864] Content-Length: 233
[Fastbot][2026-06-19 03:51:36.864] 
[Fastbot][2026-06-19 03:51:36.864] {"jsonrpc": "2.0", "id": 1, "method": "waitForExists", "params": [{"mask": 18874368, "childOrSibling": [], "childOrSiblingSelector": [], "resourceId": "net.gsantner.markor_test:id/opoc_filesystem_item__title", "instance": 0}, 20000]}
[Fastbot][2026-06-19 03:51:36.864] --> END POST (233-byte body)
[Fastbot][2026-06-19 03:51:36.870] <-- 200 OK  http://127.0.0.1:9008/jsonrpc/0 (5ms)
[Fastbot][2026-06-19 03:51:36.870] Content-Type: application/json
[Fastbot][2026-06-19 03:51:36.870] Date: Fri, 19 Jun 2026 03:51:36 GMT
[Fastbot][2026-06-19 03:51:36.870] Connection: keep-alive
[Fastbot][2026-06-19 03:51:36.870] Transfer-Encoding: chunked
[Fastbot][2026-06-19 03:51:36.870] 
[Fastbot][2026-06-19 03:51:36.870] {"jsonrpc":"2.0","id":1,"result":true}

[Fastbot][2026-06-19 03:51:36.870] <-- END HTTP (39-byte body)
[Fastbot][2026-06-19 03:51:36.925] [Proxy Server] Forwarding
[Fastbot][2026-06-19 03:51:36.926] --> POST http://127.0.0.1:9008/jsonrpc/0
[Fastbot][2026-06-19 03:51:36.926] Content-Type: application/json; charset=utf-8
[Fastbot][2026-06-19 03:51:36.926] Content-Length: 220
[Fastbot][2026-06-19 03:51:36.926] 
[Fastbot][2026-06-19 03:51:36.926] {"jsonrpc": "2.0", "id": 1, "method": "getText", "params": [{"mask": 18874368, "childOrSibling": [], "childOrSiblingSelector": [], "resourceId": "net.gsantner.markor_test:id/opoc_filesystem_item__title", "instance": 0}]}
[Fastbot][2026-06-19 03:51:36.926] --> END POST (220-byte body)
[Fastbot][2026-06-19 03:51:36.932] <-- 200 OK  http://127.0.0.1:9008/jsonrpc/0 (5ms)
[Fastbot][2026-06-19 03:51:36.932] Content-Type: application/json
[Fastbot][2026-06-19 03:51:36.932] Date: Fri, 19 Jun 2026 03:51:36 GMT
[Fastbot][2026-06-19 03:51:36.932] Connection: keep-alive
[Fastbot][2026-06-19 03:51:36.932] Transfer-Encoding: chunked
[Fastbot][2026-06-19 03:51:36.932] 
[Fastbot][2026-06-19 03:51:36.933] {"jsonrpc":"2.0","id":1,"result":".."}

[Fastbot][2026-06-19 03:51:36.933] <-- END HTTP (39-byte body)
[Fastbot][2026-06-19 03:51:36.987] [Proxy Server] Forwarding
[Fastbot][2026-06-19 03:51:36.987] --> POST http://127.0.0.1:9008/jsonrpc/0
[Fastbot][2026-06-19 03:51:36.988] Content-Type: application/json; charset=utf-8
[Fastbot][2026-06-19 03:51:36.988] Content-Length: 233
[Fastbot][2026-06-19 03:51:36.988] 
[Fastbot][2026-06-19 03:51:36.988] {"jsonrpc": "2.0", "id": 1, "method": "waitForExists", "params": [{"mask": 18874368, "childOrSibling": [], "childOrSiblingSelector": [], "resourceId": "net.gsantner.markor_test:id/opoc_filesystem_item__title", "instance": 1}, 20000]}
[Fastbot][2026-06-19 03:51:36.988] --> END POST (233-byte body)
[Fastbot][2026-06-19 03:51:36.998] <-- 200 OK  http://127.0.0.1:9008/jsonrpc/0 (10ms)
[Fastbot][2026-06-19 03:51:36.998] Content-Type: application/json
[Fastbot][2026-06-19 03:51:36.998] Date: Fri, 19 Jun 2026 03:51:36 GMT
[Fastbot][2026-06-19 03:51:36.998] Connection: keep-alive
[Fastbot][2026-06-19 03:51:36.998] Transfer-Encoding: chunked
[Fastbot][2026-06-19 03:51:37.000] 
[Fastbot][2026-06-19 03:51:37.000] {"jsonrpc":"2.0","id":1,"result":true}

[Fastbot][2026-06-19 03:51:37.000] <-- END HTTP (39-byte body)
[Fastbot][2026-06-19 03:51:37.034] [Proxy Server] Forwarding
[Fastbot][2026-06-19 03:51:37.035] --> POST http://127.0.0.1:9008/jsonrpc/0
[Fastbot][2026-06-19 03:51:37.035] Content-Type: application/json; charset=utf-8
[Fastbot][2026-06-19 03:51:37.035] Content-Length: 220
[Fastbot][2026-06-19 03:51:37.035] 
[Fastbot][2026-06-19 03:51:37.035] {"jsonrpc": "2.0", "id": 1, "method": "getText", "params": [{"mask": 18874368, "childOrSibling": [], "childOrSiblingSelector": [], "resourceId": "net.gsantner.markor_test:id/opoc_filesystem_item__title", "instance": 1}]}
[Fastbot][2026-06-19 03:51:37.035] --> END POST (220-byte body)
[Fastbot][2026-06-19 03:51:37.042] <-- 200 OK  http://127.0.0.1:9008/jsonrpc/0 (6ms)
[Fastbot][2026-06-19 03:51:37.042] Content-Type: application/json
[Fastbot][2026-06-19 03:51:37.042] Date: Fri, 19 Jun 2026 03:51:37 GMT
[Fastbot][2026-06-19 03:51:37.042] Connection: keep-alive
[Fastbot][2026-06-19 03:51:37.042] Transfer-Encoding: chunked
[Fastbot][2026-06-19 03:51:37.043] 
[Fastbot][2026-06-19 03:51:37.043] {"jsonrpc":"2.0","id":1,"result":"A.txt"}

[Fastbot][2026-06-19 03:51:37.043] <-- END HTTP (42-byte body)
[Fastbot][2026-06-19 03:51:37.097] [Proxy Server] Forwarding
[Fastbot][2026-06-19 03:51:37.097] --> POST http://127.0.0.1:9008/jsonrpc/0
[Fastbot][2026-06-19 03:51:37.097] Content-Type: application/json; charset=utf-8
[Fastbot][2026-06-19 03:51:37.097] Content-Length: 233
[Fastbot][2026-06-19 03:51:37.098] 
[Fastbot][2026-06-19 03:51:37.098] {"jsonrpc": "2.0", "id": 1, "method": "waitForExists", "params": [{"mask": 18874368, "childOrSibling": [], "childOrSiblingSelector": [], "resourceId": "net.gsantner.markor_test:id/opoc_filesystem_item__title", "instance": 2}, 20000]}
[Fastbot][2026-06-19 03:51:37.098] --> END POST (233-byte body)
[Fastbot][2026-06-19 03:51:37.105] <-- 200 OK  http://127.0.0.1:9008/jsonrpc/0 (7ms)
[Fastbot][2026-06-19 03:51:37.105] Content-Type: application/json
[Fastbot][2026-06-19 03:51:37.105] Date: Fri, 19 Jun 2026 03:51:37 GMT
[Fastbot][2026-06-19 03:51:37.105] Connection: keep-alive
[Fastbot][2026-06-19 03:51:37.105] Transfer-Encoding: chunked
[Fastbot][2026-06-19 03:51:37.106] 
[Fastbot][2026-06-19 03:51:37.106] {"jsonrpc":"2.0","id":1,"result":true}

[Fastbot][2026-06-19 03:51:37.106] <-- END HTTP (39-byte body)
[Fastbot][2026-06-19 03:51:37.160] [Proxy Server] Forwarding
[Fastbot][2026-06-19 03:51:37.160] --> POST http://127.0.0.1:9008/jsonrpc/0
[Fastbot][2026-06-19 03:51:37.160] Content-Type: application/json; charset=utf-8
[Fastbot][2026-06-19 03:51:37.160] Content-Length: 220
[Fastbot][2026-06-19 03:51:37.160] 
[Fastbot][2026-06-19 03:51:37.160] {"jsonrpc": "2.0", "id": 1, "method": "getText", "params": [{"mask": 18874368, "childOrSibling": [], "childOrSiblingSelector": [], "resourceId": "net.gsantner.markor_test:id/opoc_filesystem_item__title", "instance": 2}]}
[Fastbot][2026-06-19 03:51:37.161] --> END POST (220-byte body)
[Fastbot][2026-06-19 03:51:37.167] <-- 200 OK  http://127.0.0.1:9008/jsonrpc/0 (6ms)
[Fastbot][2026-06-19 03:51:37.167] Content-Type: application/json
[Fastbot][2026-06-19 03:51:37.167] Date: Fri, 19 Jun 2026 03:51:37 GMT
[Fastbot][2026-06-19 03:51:37.167] Connection: keep-alive
[Fastbot][2026-06-19 03:51:37.167] Transfer-Encoding: chunked
[Fastbot][2026-06-19 03:51:37.168] 
[Fastbot][2026-06-19 03:51:37.168] {"jsonrpc":"2.0","id":1,"result":"JpQ.md"}

[Fastbot][2026-06-19 03:51:37.168] <-- END HTTP (43-byte body)
[Fastbot][2026-06-19 03:51:37.206] [Proxy Server] Forwarding
[Fastbot][2026-06-19 03:51:37.206] --> POST http://127.0.0.1:9008/jsonrpc/0
[Fastbot][2026-06-19 03:51:37.206] Content-Type: application/json; charset=utf-8
[Fastbot][2026-06-19 03:51:37.206] Content-Length: 233
[Fastbot][2026-06-19 03:51:37.207] 
[Fastbot][2026-06-19 03:51:37.207] {"jsonrpc": "2.0", "id": 1, "method": "waitForExists", "params": [{"mask": 18874368, "childOrSibling": [], "childOrSiblingSelector": [], "resourceId": "net.gsantner.markor_test:id/opoc_filesystem_item__title", "instance": 2}, 20000]}
[Fastbot][2026-06-19 03:51:37.207] --> END POST (233-byte body)
[Fastbot][2026-06-19 03:51:37.213] <-- 200 OK  http://127.0.0.1:9008/jsonrpc/0 (6ms)
[Fastbot][2026-06-19 03:51:37.213] Content-Type: application/json
[Fastbot][2026-06-19 03:51:37.213] Date: Fri, 19 Jun 2026 03:51:37 GMT
[Fastbot][2026-06-19 03:51:37.213] Connection: keep-alive
[Fastbot][2026-06-19 03:51:37.213] Transfer-Encoding: chunked
[Fastbot][2026-06-19 03:51:37.214] 
[Fastbot][2026-06-19 03:51:37.214] {"jsonrpc":"2.0","id":1,"result":true}

[Fastbot][2026-06-19 03:51:37.214] <-- END HTTP (39-byte body)
[Fastbot][2026-06-19 03:51:37.253] [Proxy Server] Forwarding
[Fastbot][2026-06-19 03:51:37.253] --> POST http://127.0.0.1:9008/jsonrpc/0
[Fastbot][2026-06-19 03:51:37.253] Content-Type: application/json; charset=utf-8
[Fastbot][2026-06-19 03:51:37.253] Content-Length: 220
[Fastbot][2026-06-19 03:51:37.253] 
[Fastbot][2026-06-19 03:51:37.253] {"jsonrpc": "2.0", "id": 1, "method": "getText", "params": [{"mask": 18874368, "childOrSibling": [], "childOrSiblingSelector": [], "resourceId": "net.gsantner.markor_test:id/opoc_filesystem_item__title", "instance": 2}]}
[Fastbot][2026-06-19 03:51:37.254] --> END POST (220-byte body)
[Fastbot][2026-06-19 03:51:37.260] <-- 200 OK  http://127.0.0.1:9008/jsonrpc/0 (6ms)
[Fastbot][2026-06-19 03:51:37.260] Content-Type: application/json
[Fastbot][2026-06-19 03:51:37.260] Date: Fri, 19 Jun 2026 03:51:37 GMT
[Fastbot][2026-06-19 03:51:37.260] Connection: keep-alive
[Fastbot][2026-06-19 03:51:37.260] Transfer-Encoding: chunked
[Fastbot][2026-06-19 03:51:37.261] 
[Fastbot][2026-06-19 03:51:37.261] {"jsonrpc":"2.0","id":1,"result":"JpQ.md"}

[Fastbot][2026-06-19 03:51:37.261] <-- END HTTP (43-byte body)
[Fastbot][2026-06-19 03:51:37.300] [Proxy Server] Forwarding
[Fastbot][2026-06-19 03:51:37.300] --> POST http://127.0.0.1:9008/jsonrpc/0
[Fastbot][2026-06-19 03:51:37.300] Content-Type: application/json; charset=utf-8
[Fastbot][2026-06-19 03:51:37.300] Content-Length: 235
[Fastbot][2026-06-19 03:51:37.301] 
[Fastbot][2026-06-19 03:51:37.301] {"jsonrpc": "2.0", "id": 1, "method": "waitForExists", "params": [{"mask": 2097153, "childOrSibling": [], "childOrSiblingSelector": [], "resourceId": "net.gsantner.markor_test:id/opoc_filesystem_item__title", "text": "JpQ.md"}, 20000]}
[Fastbot][2026-06-19 03:51:37.301] --> END POST (235-byte body)
[Fastbot][2026-06-19 03:51:37.314] <-- 200 OK  http://127.0.0.1:9008/jsonrpc/0 (13ms)
[Fastbot][2026-06-19 03:51:37.314] Content-Type: application/json
[Fastbot][2026-06-19 03:51:37.314] Date: Fri, 19 Jun 2026 03:51:37 GMT
[Fastbot][2026-06-19 03:51:37.315] Connection: keep-alive
[Fastbot][2026-06-19 03:51:37.315] Transfer-Encoding: chunked
[Fastbot][2026-06-19 03:51:37.315] 
[Fastbot][2026-06-19 03:51:37.315] {"jsonrpc":"2.0","id":1,"result":true}

[Fastbot][2026-06-19 03:51:37.315] <-- END HTTP (39-byte body)
[Fastbot][2026-06-19 03:51:37.362] [Proxy Server] Forwarding
[Fastbot][2026-06-19 03:51:37.363] --> POST http://127.0.0.1:9008/jsonrpc/0
[Fastbot][2026-06-19 03:51:37.363] Content-Type: application/json; charset=utf-8
[Fastbot][2026-06-19 03:51:37.363] Content-Length: 222
[Fastbot][2026-06-19 03:51:37.364] 
[Fastbot][2026-06-19 03:51:37.364] {"jsonrpc": "2.0", "id": 1, "method": "objInfo", "params": [{"mask": 2097153, "childOrSibling": [], "childOrSiblingSelector": [], "resourceId": "net.gsantner.markor_test:id/opoc_filesystem_item__title", "text": "JpQ.md"}]}
[Fastbot][2026-06-19 03:51:37.364] --> END POST (222-byte body)
[Fastbot][2026-06-19 03:51:37.392] <-- 200 OK  http://127.0.0.1:9008/jsonrpc/0 (27ms)
[Fastbot][2026-06-19 03:51:37.392] Content-Type: application/json
[Fastbot][2026-06-19 03:51:37.392] Date: Fri, 19 Jun 2026 03:51:37 GMT
[Fastbot][2026-06-19 03:51:37.392] Connection: keep-alive
[Fastbot][2026-06-19 03:51:37.392] Transfer-Encoding: chunked
[Fastbot][2026-06-19 03:51:37.394] 
[Fastbot][2026-06-19 03:51:37.394] {"jsonrpc":"2.0","id":1,"result":{"bounds":{"bottom":658,"left":165,"right":348,"top":588},"childCount":0,"className":"android.widget.TextView","contentDescription":null,"packageName":"net.gsantner.markor_test","resourceName":"net.gsantner.markor_test:id/opoc_filesystem_item__title","text":"JpQ.md",...[truncated]
[Fastbot][2026-06-19 03:51:37.394] <-- END HTTP (525-byte body)
[Fastbot][2026-06-19 03:51:37.424] [Proxy Server] Detected script method: click
[Fastbot][2026-06-19 03:51:37.425] [Proxy Server] Forwarding
[Fastbot][2026-06-19 03:51:37.425] --> POST http://127.0.0.1:9008/jsonrpc/0
[Fastbot][2026-06-19 03:51:37.425] Content-Type: application/json; charset=utf-8
[Fastbot][2026-06-19 03:51:37.425] Content-Length: 77
[Fastbot][2026-06-19 03:51:37.425] 
[Fastbot][2026-06-19 03:51:37.426] {"jsonrpc": "2.0", "id": 1, "method": "click", "params": [256.5, 623.0, 500]}
[Fastbot][2026-06-19 03:51:37.426] --> END POST (77-byte body)
[Fastbot][2026-06-19 03:51:38.280] <-- 200 OK  http://127.0.0.1:9008/jsonrpc/0 (853ms)
[Fastbot][2026-06-19 03:51:38.280] Content-Type: application/json
[Fastbot][2026-06-19 03:51:38.280] Date: Fri, 19 Jun 2026 03:51:38 GMT
[Fastbot][2026-06-19 03:51:38.280] Connection: keep-alive
[Fastbot][2026-06-19 03:51:38.280] Transfer-Encoding: chunked
[Fastbot][2026-06-19 03:51:38.281] 
[Fastbot][2026-06-19 03:51:38.281] {"jsonrpc":"2.0","id":1,"result":true}

[Fastbot][2026-06-19 03:51:38.281] <-- END HTTP (39-byte body)
[Fastbot][2026-06-19 03:51:39.315] [Proxy Server] Forwarding
[Fastbot][2026-06-19 03:51:39.315] --> POST http://127.0.0.1:9008/jsonrpc/0
[Fastbot][2026-06-19 03:51:39.315] Content-Type: application/json; charset=utf-8
[Fastbot][2026-06-19 03:51:39.315] Content-Length: 217
[Fastbot][2026-06-19 03:51:39.316] 
[Fastbot][2026-06-19 03:51:39.316] {"jsonrpc": "2.0", "id": 1, "method": "waitForExists", "params": [{"mask": 2097152, "childOrSibling": [], "childOrSiblingSelector": [], "resourceId": "net.gsantner.markor_test:id/action_rename_selected_item"}, 20000]}
[Fastbot][2026-06-19 03:51:39.316] --> END POST (217-byte body)
[Fastbot][2026-06-19 03:51:39.335] <-- 200 OK  http://127.0.0.1:9008/jsonrpc/0 (19ms)
[Fastbot][2026-06-19 03:51:39.336] Content-Type: application/json
[Fastbot][2026-06-19 03:51:39.336] Date: Fri, 19 Jun 2026 03:51:39 GMT
[Fastbot][2026-06-19 03:51:39.336] Connection: keep-alive
[Fastbot][2026-06-19 03:51:39.337] Transfer-Encoding: chunked
[Fastbot][2026-06-19 03:51:39.337] 
[Fastbot][2026-06-19 03:51:39.337] {"jsonrpc":"2.0","id":1,"result":true}

[Fastbot][2026-06-19 03:51:39.337] <-- END HTTP (39-byte body)
[Fastbot][2026-06-19 03:51:39.375] [Proxy Server] Forwarding
[Fastbot][2026-06-19 03:51:39.375] --> POST http://127.0.0.1:9008/jsonrpc/0
[Fastbot][2026-06-19 03:51:39.375] Content-Type: application/json; charset=utf-8
[Fastbot][2026-06-19 03:51:39.375] Content-Length: 204
[Fastbot][2026-06-19 03:51:39.376] 
[Fastbot][2026-06-19 03:51:39.376] {"jsonrpc": "2.0", "id": 1, "method": "objInfo", "params": [{"mask": 2097152, "childOrSibling": [], "childOrSiblingSelector": [], "resourceId": "net.gsantner.markor_test:id/action_rename_selected_item"}]}
[Fastbot][2026-06-19 03:51:39.376] --> END POST (204-byte body)
[Fastbot][2026-06-19 03:51:39.401] <-- 200 OK  http://127.0.0.1:9008/jsonrpc/0 (24ms)
[Fastbot][2026-06-19 03:51:39.401] Content-Type: application/json
[Fastbot][2026-06-19 03:51:39.401] Date: Fri, 19 Jun 2026 03:51:39 GMT
[Fastbot][2026-06-19 03:51:39.401] Connection: keep-alive
[Fastbot][2026-06-19 03:51:39.401] Transfer-Encoding: chunked
[Fastbot][2026-06-19 03:51:39.401] 
[Fastbot][2026-06-19 03:51:39.401] {"jsonrpc":"2.0","id":1,"result":{"bounds":{"bottom":275,"left":639,"right":749,"top":143},"childCount":0,"className":"android.widget.TextView","contentDescription":"Rename","packageName":"net.gsantner.markor_test","resourceName":"net.gsantner.markor_test:id/action_rename_selected_item","text":null,...[truncated]
[Fastbot][2026-06-19 03:51:39.401] <-- END HTTP (522-byte body)
[Fastbot][2026-06-19 03:51:39.416] [Proxy Server] Detected script method: click
[Fastbot][2026-06-19 03:51:39.417] [Proxy Server] Forwarding
[Fastbot][2026-06-19 03:51:39.417] --> POST http://127.0.0.1:9008/jsonrpc/0
[Fastbot][2026-06-19 03:51:39.417] Content-Type: application/json; charset=utf-8
[Fastbot][2026-06-19 03:51:39.417] Content-Length: 72
[Fastbot][2026-06-19 03:51:39.418] 
[Fastbot][2026-06-19 03:51:39.418] {"jsonrpc": "2.0", "id": 1, "method": "click", "params": [694.0, 209.0]}
[Fastbot][2026-06-19 03:51:39.418] --> END POST (72-byte body)
[Fastbot][2026-06-19 03:51:39.548] <-- 200 OK  http://127.0.0.1:9008/jsonrpc/0 (129ms)
[Fastbot][2026-06-19 03:51:39.548] Content-Type: application/json
[Fastbot][2026-06-19 03:51:39.548] Date: Fri, 19 Jun 2026 03:51:39 GMT
[Fastbot][2026-06-19 03:51:39.549] Connection: keep-alive
[Fastbot][2026-06-19 03:51:39.549] Transfer-Encoding: chunked
[Fastbot][2026-06-19 03:51:39.594] 
[Fastbot][2026-06-19 03:51:39.594] {"jsonrpc":"2.0","id":1,"result":true}

[Fastbot][2026-06-19 03:51:39.594] <-- END HTTP (39-byte body)
[Fastbot][2026-06-19 03:51:40.623] [Proxy Server] Forwarding
[Fastbot][2026-06-19 03:51:40.623] --> POST http://127.0.0.1:9008/jsonrpc/0
[Fastbot][2026-06-19 03:51:40.623] Content-Type: application/json; charset=utf-8
[Fastbot][2026-06-19 03:51:40.624] Content-Length: 198
[Fastbot][2026-06-19 03:51:40.624] 
[Fastbot][2026-06-19 03:51:40.624] {"jsonrpc": "2.0", "id": 1, "method": "waitForExists", "params": [{"mask": 2097152, "childOrSibling": [], "childOrSiblingSelector": [], "resourceId": "net.gsantner.markor_test:id/new_name"}, 20000]}
[Fastbot][2026-06-19 03:51:40.624] --> END POST (198-byte body)
[Fastbot][2026-06-19 03:51:40.636] <-- 200 OK  http://127.0.0.1:9008/jsonrpc/0 (11ms)
[Fastbot][2026-06-19 03:51:40.636] Content-Type: application/json
[Fastbot][2026-06-19 03:51:40.636] Date: Fri, 19 Jun 2026 03:51:40 GMT
[Fastbot][2026-06-19 03:51:40.636] Connection: keep-alive
[Fastbot][2026-06-19 03:51:40.636] Transfer-Encoding: chunked
[Fastbot][2026-06-19 03:51:40.636] 
[Fastbot][2026-06-19 03:51:40.636] {"jsonrpc":"2.0","id":1,"result":true}

[Fastbot][2026-06-19 03:51:40.636] <-- END HTTP (39-byte body)
[Fastbot][2026-06-19 03:51:40.670] [Proxy Server] Detected script method: setText
[Fastbot][2026-06-19 03:51:40.670] [Proxy Server] Forwarding
[Fastbot][2026-06-19 03:51:40.670] --> POST http://127.0.0.1:9008/jsonrpc/0
[Fastbot][2026-06-19 03:51:40.671] Content-Type: application/json; charset=utf-8
[Fastbot][2026-06-19 03:51:40.671] Content-Length: 202
[Fastbot][2026-06-19 03:51:40.671] 
[Fastbot][2026-06-19 03:51:40.671] {"jsonrpc": "2.0", "id": 1, "method": "setText", "params": [{"mask": 2097152, "childOrSibling": [], "childOrSiblingSelector": [], "resourceId": "net.gsantner.markor_test:id/new_name"}, "EYZyr6bZs1.md"]}
[Fastbot][2026-06-19 03:51:40.671] --> END POST (202-byte body)
[Fastbot][2026-06-19 03:51:40.803] <-- 200 OK  http://127.0.0.1:9008/jsonrpc/0 (131ms)
[Fastbot][2026-06-19 03:51:40.803] Content-Type: application/json
[Fastbot][2026-06-19 03:51:40.803] Date: Fri, 19 Jun 2026 03:51:40 GMT
[Fastbot][2026-06-19 03:51:40.803] Connection: keep-alive
[Fastbot][2026-06-19 03:51:40.803] Transfer-Encoding: chunked
[Fastbot][2026-06-19 03:51:40.845] 
[Fastbot][2026-06-19 03:51:40.845] {"jsonrpc":"2.0","id":1,"result":true}

[Fastbot][2026-06-19 03:51:40.845] <-- END HTTP (39-byte body)
[Fastbot][2026-06-19 03:51:41.889] [Proxy Server] Forwarding
[Fastbot][2026-06-19 03:51:41.889] --> POST http://127.0.0.1:9008/jsonrpc/0
[Fastbot][2026-06-19 03:51:41.889] Content-Type: application/json; charset=utf-8
[Fastbot][2026-06-19 03:51:41.889] Content-Length: 194
[Fastbot][2026-06-19 03:51:41.890] 
[Fastbot][2026-06-19 03:51:41.890] {"jsonrpc": "2.0", "id": 1, "method": "waitForExists", "params": [{"mask": 2097153, "childOrSibling": [], "childOrSiblingSelector": [], "resourceId": "android:id/button1", "text": "OK"}, 20000]}
[Fastbot][2026-06-19 03:51:41.890] --> END POST (194-byte body)
[Fastbot][2026-06-19 03:51:41.900] <-- 200 OK  http://127.0.0.1:9008/jsonrpc/0 (10ms)
[Fastbot][2026-06-19 03:51:41.900] Content-Type: application/json
[Fastbot][2026-06-19 03:51:41.901] Date: Fri, 19 Jun 2026 03:51:41 GMT
[Fastbot][2026-06-19 03:51:41.901] Connection: keep-alive
[Fastbot][2026-06-19 03:51:41.901] Transfer-Encoding: chunked
[Fastbot][2026-06-19 03:51:41.901] 
[Fastbot][2026-06-19 03:51:41.901] {"jsonrpc":"2.0","id":1,"result":true}

[Fastbot][2026-06-19 03:51:41.902] <-- END HTTP (39-byte body)
[Fastbot][2026-06-19 03:51:41.953] [Proxy Server] Forwarding
[Fastbot][2026-06-19 03:51:41.954] --> POST http://127.0.0.1:9008/jsonrpc/0
[Fastbot][2026-06-19 03:51:41.954] Content-Type: application/json; charset=utf-8
[Fastbot][2026-06-19 03:51:41.954] Content-Length: 181
[Fastbot][2026-06-19 03:51:41.954] 
[Fastbot][2026-06-19 03:51:41.954] {"jsonrpc": "2.0", "id": 1, "method": "objInfo", "params": [{"mask": 2097153, "childOrSibling": [], "childOrSiblingSelector": [], "resourceId": "android:id/button1", "text": "OK"}]}
[Fastbot][2026-06-19 03:51:41.954] --> END POST (181-byte body)
[Fastbot][2026-06-19 03:51:41.980] <-- 200 OK  http://127.0.0.1:9008/jsonrpc/0 (25ms)
[Fastbot][2026-06-19 03:51:41.980] Content-Type: application/json
[Fastbot][2026-06-19 03:51:41.980] Date: Fri, 19 Jun 2026 03:51:41 GMT
[Fastbot][2026-06-19 03:51:41.980] Connection: keep-alive
[Fastbot][2026-06-19 03:51:41.980] Transfer-Encoding: chunked
[Fastbot][2026-06-19 03:51:41.981] 
[Fastbot][2026-06-19 03:51:41.981] {"jsonrpc":"2.0","id":1,"result":{"bounds":{"bottom":1399,"left":669,"right":834,"top":1283},"childCount":0,"className":"android.widget.Button","contentDescription":null,"packageName":"net.gsantner.markor_test","resourceName":"android:id/button1","text":"OK","visibleBounds":{"bottom":1399,"left":669...[truncated]
[Fastbot][2026-06-19 03:51:41.981] <-- END HTTP (484-byte body)
[Fastbot][2026-06-19 03:51:42.032] [Proxy Server] Detected script method: click
[Fastbot][2026-06-19 03:51:42.032] [Proxy Server] Forwarding
[Fastbot][2026-06-19 03:51:42.032] --> POST http://127.0.0.1:9008/jsonrpc/0
[Fastbot][2026-06-19 03:51:42.033] Content-Type: application/json; charset=utf-8
[Fastbot][2026-06-19 03:51:42.033] Content-Length: 73
[Fastbot][2026-06-19 03:51:42.033] 
[Fastbot][2026-06-19 03:51:42.033] {"jsonrpc": "2.0", "id": 1, "method": "click", "params": [751.5, 1341.0]}
[Fastbot][2026-06-19 03:51:42.033] --> END POST (73-byte body)
[Fastbot][2026-06-19 03:51:42.160] <-- 200 OK  http://127.0.0.1:9008/jsonrpc/0 (127ms)
[Fastbot][2026-06-19 03:51:42.160] Content-Type: application/json
[Fastbot][2026-06-19 03:51:42.160] Date: Fri, 19 Jun 2026 03:51:42 GMT
[Fastbot][2026-06-19 03:51:42.161] Connection: keep-alive
[Fastbot][2026-06-19 03:51:42.161] Transfer-Encoding: chunked
[Fastbot][2026-06-19 03:51:42.161] 
[Fastbot][2026-06-19 03:51:42.161] {"jsonrpc":"2.0","id":1,"result":true}

[Fastbot][2026-06-19 03:51:42.161] <-- END HTTP (39-byte body)
[Fastbot][2026-06-19 03:51:43.189] [Proxy Server] Forwarding
[Fastbot][2026-06-19 03:51:43.190] --> POST http://127.0.0.1:9008/jsonrpc/0
[Fastbot][2026-06-19 03:51:43.190] Content-Type: application/json; charset=utf-8
[Fastbot][2026-06-19 03:51:43.190] Content-Length: 83
[Fastbot][2026-06-19 03:51:43.190] 
[Fastbot][2026-06-19 03:51:43.190] {"jsonrpc": "2.0", "id": 1, "method": "dumpWindowHierarchy", "params": [false, 50]}
[Fastbot][2026-06-19 03:51:43.190] --> END POST (83-byte body)
[Fastbot][2026-06-19 03:51:43.218] <-- 200 OK  http://127.0.0.1:9008/jsonrpc/0 (27ms)
[Fastbot][2026-06-19 03:51:43.218] Content-Type: application/json
[Fastbot][2026-06-19 03:51:43.218] Date: Fri, 19 Jun 2026 03:51:43 GMT
[Fastbot][2026-06-19 03:51:43.218] Connection: keep-alive
[Fastbot][2026-06-19 03:51:43.218] Transfer-Encoding: chunked
[Fastbot][2026-06-19 03:51:43.220] 
[Fastbot][2026-06-19 03:51:43.220] {"jsonrpc":"2.0","id":1,"result":"<?xml version='1.0' encoding='UTF-8' standalone='yes' ?>\r\n<hierarchy rotation=\"0\">\r\n  <node index=\"0\" text=\"\" resource-id=\"\" class=\"android.widget.FrameLayout\" package=\"com.android.systemui\" content-desc=\"\" checkable=\"false\" checked=\"false\" cli...[truncated]
[Fastbot][2026-06-19 03:51:43.221] <-- END HTTP (46116-byte body)
[Fastbot][2026-06-19 03:51:43.501] --> POST http://127.0.0.1:9008/jsonrpc/0
[Fastbot][2026-06-19 03:51:43.501] Content-Type: application/json; charset=utf-8
[Fastbot][2026-06-19 03:51:43.501] Content-Length: 75
[Fastbot][2026-06-19 03:51:43.501] 
[Fastbot][2026-06-19 03:51:43.502] {"id":1,"jsonrpc":"2.0","method":"dumpWindowHierarchy","params":[false,50]}
[Fastbot][2026-06-19 03:51:43.502] --> END POST (75-byte body)
[Fastbot][2026-06-19 03:51:43.534] <-- 200 OK  http://127.0.0.1:9008/jsonrpc/0 (32ms)
[Fastbot][2026-06-19 03:51:43.534] Content-Type: application/json
[Fastbot][2026-06-19 03:51:43.534] Date: Fri, 19 Jun 2026 03:51:43 GMT
[Fastbot][2026-06-19 03:51:43.535] Connection: keep-alive
[Fastbot][2026-06-19 03:51:43.535] Transfer-Encoding: chunked
[Fastbot][2026-06-19 03:51:43.536] 
[Fastbot][2026-06-19 03:51:43.536] {"jsonrpc":"2.0","id":1,"result":"<?xml version='1.0' encoding='UTF-8' standalone='yes' ?>\r\n<hierarchy rotation=\"0\">\r\n  <node index=\"0\" text=\"\" resource-id=\"\" class=\"android.widget.FrameLayout\" package=\"com.android.systemui\" content-desc=\"\" checkable=\"false\" checked=\"false\" cli...[truncated]
[Fastbot][2026-06-19 03:51:43.537] <-- END HTTP (46116-byte body)
[Fastbot][2026-06-19 03:51:43.565] [ProxyServer] stepsCount: 7
[Fastbot][2026-06-19 03:51:43.565] [ProxyServer] receive request: stepMonkey
[Fastbot][2026-06-19 03:51:43.566] [MonkeySourceApeU2] stepsCount: 7
[Fastbot][2026-06-19 03:51:43.566] [MonkeySourceApeU2] Latest event is MonkeyEvent. Use the cached hierarchy.
[Fastbot][2026-06-19 03:51:43.566] [MonkeySourceApeU2] Successfully Got hierarchy
[Fastbot][2026-06-19 03:51:43.568] // Event id: 47
[Fastbot][2026-06-19 03:51:43.568] topActivity Name: ComponentInfo{net.gsantner.markor_test/net.gsantner.markor.activity.MainActivity}
[Fastbot][2026-06-19 03:51:43.568] // Dumped stringOfGuiTree
[Fastbot][2026-06-19 03:51:43.568] topActivityName: net.gsantner.markor.activity.MainActivity
[Fastbot][2026-06-19 03:51:43.570] action type: CLICK
[Fastbot][2026-06-19 03:51:43.570] rpc cost time: 2
[Fastbot][2026-06-19 03:51:43.581]   mshowrequested=true mshowexplicitlyrequested=true mshowforced=false minputshown=false
[Fastbot][2026-06-19 03:51:43.582] mInputShown not found, getInputMethodWindowVisibleHeight is used.
[Fastbot][2026-06-19 03:51:43.583] :Sending rotation degree=0, persist=false
java.lang.NullPointerException: Attempt to read from field 'com.android.server.wm.DisplayFrames com.android.server.wm.DisplayContent.mDisplayFrames' on a null object reference
	at android.os.Parcel.createException(Parcel.java:2077)
	at android.os.Parcel.readException(Parcel.java:2039)
	at android.os.Parcel.readException(Parcel.java:1987)
	at com.android.internal.view.IInputMethodManager$Stub$Proxy.getInputMethodWindowVisibleHeight(IInputMethodManager.java:809)
	at android.view.inputmethod.InputMethodManager.getInputMethodWindowVisibleHeight(InputMethodManager.java:2844)
	at com.android.commands.monkey.framework.AndroidDevice.isVirtualKeyboardOpened(AndroidDevice.java:217)
	at com.android.commands.monkey.source.MonkeySourceApeU2.doInput(MonkeySourceApeU2.java:1018)
	at com.android.commands.monkey.source.MonkeySourceApeU2.generateEventsForActionInternal(MonkeySourceApeU2.java:945)
	at com.android.commands.monkey.source.MonkeySourceApeU2.generateEventsForAction(MonkeySourceApeU2.java:907)
	at com.android.commands.monkey.source.MonkeySourceApeU2.generateEvents(MonkeySourceApeU2.java:827)
	at com.android.commands.monkey.source.MonkeySourceApeU2.getNextEvent(MonkeySourceApeU2.java:422)
	at com.android.commands.monkey.Monkey.runMonkeyCycles(Monkey.java:1576)
	at com.android.commands.monkey.Monkey.run(Monkey.java:874)
	at com.android.commands.monkey.Monkey.main(Monkey.java:473)
	at com.android.internal.os.RuntimeInit.nativeFinishInit(Native Method)
	at com.android.internal.os.RuntimeInit.main(RuntimeInit.java:338)
Caused by: android.os.RemoteException: Remote stack trace:
	at com.android.server.wm.WindowManagerService$LocalService.getInputMethodWindowVisibleHeight(WindowManagerService.java:7310)
	at com.android.server.inputmethod.InputMethodManagerService.getInputMethodWindowVisibleHeight(InputMethodManagerService.java:3467)
	at com.android.internal.view.IInputMethodManager$Stub.onTransact(IInputMethodManager.java:413)
	at com.android.server.inputmethod.InputMethodManagerService.onTransact(InputMethodManagerService.java:1592)
	at android.os.Binder.execTransactInternal(Binder.java:1021)

[Fastbot][2026-06-19 03:51:43.590] :Sending Touch (ACTION_DOWN): 0:(241.0,185.0)
[Fastbot][2026-06-19 03:51:43.596] :Sending Touch (ACTION_UP): 0:(241.0,185.0)
[Fastbot][2026-06-19 03:51:43.599] Sleeping for 200 milliseconds
[Fastbot][2026-06-19 03:51:43.801] [ProxyServer] Finish monkey step. Dumping hierarchy
[Fastbot][2026-06-19 03:51:43.802] --> POST http://127.0.0.1:9008/jsonrpc/0
[Fastbot][2026-06-19 03:51:43.802] Content-Type: application/json; charset=utf-8
[Fastbot][2026-06-19 03:51:43.802] Content-Length: 75
[Fastbot][2026-06-19 03:51:43.802] 
[Fastbot][2026-06-19 03:51:43.802] {"id":1,"jsonrpc":"2.0","method":"dumpWindowHierarchy","params":[false,50]}
[Fastbot][2026-06-19 03:51:43.802] --> END POST (75-byte body)
[Fastbot][2026-06-19 03:51:43.834] <-- 200 OK  http://127.0.0.1:9008/jsonrpc/0 (31ms)
[Fastbot][2026-06-19 03:51:43.835] Content-Type: application/json
[Fastbot][2026-06-19 03:51:43.835] Date: Fri, 19 Jun 2026 03:51:43 GMT
[Fastbot][2026-06-19 03:51:43.835] Connection: keep-alive
[Fastbot][2026-06-19 03:51:43.835] Transfer-Encoding: chunked
[Fastbot][2026-06-19 03:51:43.836] 
[Fastbot][2026-06-19 03:51:43.836] {"jsonrpc":"2.0","id":1,"result":"<?xml version='1.0' encoding='UTF-8' standalone='yes' ?>\r\n<hierarchy rotation=\"0\">\r\n  <node index=\"0\" text=\"\" resource-id=\"\" class=\"android.widget.FrameLayout\" package=\"com.android.systemui\" content-desc=\"\" checkable=\"false\" checked=\"false\" cli...[truncated]
[Fastbot][2026-06-19 03:51:43.836] <-- END HTTP (46116-byte body)
[Fastbot][2026-06-19 03:51:43.892] [ProxyServer] stepsCount: 8
[Fastbot][2026-06-19 03:51:43.892] [ProxyServer] receive request: stepMonkey
[Fastbot][2026-06-19 03:51:43.892] [MonkeySourceApeU2] stepsCount: 8
[Fastbot][2026-06-19 03:51:43.893] [MonkeySourceApeU2] Latest event is MonkeyEvent. Use the cached hierarchy.
[Fastbot][2026-06-19 03:51:43.893] [MonkeySourceApeU2] Successfully Got hierarchy
[Fastbot][2026-06-19 03:51:43.899] // Event id: 51
[Fastbot][2026-06-19 03:51:43.899] topActivity Name: ComponentInfo{net.gsantner.markor_test/net.gsantner.markor.activity.MainActivity}
[Fastbot][2026-06-19 03:51:43.899] // Dumped stringOfGuiTree
[Fastbot][2026-06-19 03:51:43.899] topActivityName: net.gsantner.markor.activity.MainActivity
[Fastbot][2026-06-19 03:51:43.901] action type: LONG_CLICK
[Fastbot][2026-06-19 03:51:43.901] rpc cost time: 2
[Fastbot][2026-06-19 03:51:43.902] :Sending rotation degree=0, persist=false
[Fastbot][2026-06-19 03:51:43.909] :Sending Touch (ACTION_DOWN): 0:(775.0,200.0)
[Fastbot][2026-06-19 03:51:43.914] Wait Event for 1000 milliseconds
[Fastbot][2026-06-19 03:51:44.916] :Sending Touch (ACTION_UP): 0:(775.0,200.0)
[Fastbot][2026-06-19 03:51:44.919] Sleeping for 280 milliseconds
[Fastbot][2026-06-19 03:51:45.202] [ProxyServer] Finish monkey step. Dumping hierarchy
[Fastbot][2026-06-19 03:51:45.202] --> POST http://127.0.0.1:9008/jsonrpc/0
[Fastbot][2026-06-19 03:51:45.202] Content-Type: application/json; charset=utf-8
[Fastbot][2026-06-19 03:51:45.202] Content-Length: 75
[Fastbot][2026-06-19 03:51:45.202] 
[Fastbot][2026-06-19 03:51:45.203] {"id":1,"jsonrpc":"2.0","method":"dumpWindowHierarchy","params":[false,50]}
[Fastbot][2026-06-19 03:51:45.203] --> END POST (75-byte body)
[Fastbot][2026-06-19 03:51:45.232] <-- 200 OK  http://127.0.0.1:9008/jsonrpc/0 (29ms)
[Fastbot][2026-06-19 03:51:45.232] Content-Type: application/json
[Fastbot][2026-06-19 03:51:45.232] Date: Fri, 19 Jun 2026 03:51:45 GMT
[Fastbot][2026-06-19 03:51:45.232] Connection: keep-alive
[Fastbot][2026-06-19 03:51:45.232] Transfer-Encoding: chunked
[Fastbot][2026-06-19 03:51:45.234] 
[Fastbot][2026-06-19 03:51:45.234] {"jsonrpc":"2.0","id":1,"result":"<?xml version='1.0' encoding='UTF-8' standalone='yes' ?>\r\n<hierarchy rotation=\"0\">\r\n  <node index=\"0\" text=\"\" resource-id=\"\" class=\"android.widget.FrameLayout\" package=\"com.android.systemui\" content-desc=\"\" checkable=\"false\" checked=\"false\" cli...[truncated]
[Fastbot][2026-06-19 03:51:45.234] <-- END HTTP (46116-byte body)
[Fastbot][2026-06-19 03:51:45.295] [Proxy Server] Forwarding
[Fastbot][2026-06-19 03:51:45.295] --> POST http://127.0.0.1:9008/jsonrpc/0
[Fastbot][2026-06-19 03:51:45.295] Content-Type: application/json; charset=utf-8
[Fastbot][2026-06-19 03:51:45.295] Content-Length: 194
[Fastbot][2026-06-19 03:51:45.295] 
[Fastbot][2026-06-19 03:51:45.296] {"jsonrpc": "2.0", "id": 1, "method": "waitForExists", "params": [{"mask": 2097152, "childOrSibling": [], "childOrSiblingSelector": [], "resourceId": "net.gsantner.markor_test:id/icon"}, 20000]}
[Fastbot][2026-06-19 03:51:45.296] --> END POST (194-byte body)
[Fastbot][2026-06-19 03:51:45.308] <-- 200 OK  http://127.0.0.1:9008/jsonrpc/0 (12ms)
[Fastbot][2026-06-19 03:51:45.309] Content-Type: application/json
[Fastbot][2026-06-19 03:51:45.309] Date: Fri, 19 Jun 2026 03:51:45 GMT
[Fastbot][2026-06-19 03:51:45.309] Connection: keep-alive
[Fastbot][2026-06-19 03:51:45.309] Transfer-Encoding: chunked
[Fastbot][2026-06-19 03:51:45.309] 
[Fastbot][2026-06-19 03:51:45.309] {"jsonrpc":"2.0","id":1,"result":true}

[Fastbot][2026-06-19 03:51:45.309] <-- END HTTP (39-byte body)
[Fastbot][2026-06-19 03:51:45.358] [Proxy Server] Forwarding
[Fastbot][2026-06-19 03:51:45.359] --> POST http://127.0.0.1:9008/jsonrpc/0
[Fastbot][2026-06-19 03:51:45.359] Content-Type: application/json; charset=utf-8
[Fastbot][2026-06-19 03:51:45.359] Content-Length: 181
[Fastbot][2026-06-19 03:51:45.359] 
[Fastbot][2026-06-19 03:51:45.359] {"jsonrpc": "2.0", "id": 1, "method": "objInfo", "params": [{"mask": 2097152, "childOrSibling": [], "childOrSiblingSelector": [], "resourceId": "net.gsantner.markor_test:id/icon"}]}
[Fastbot][2026-06-19 03:51:45.359] --> END POST (181-byte body)
[Fastbot][2026-06-19 03:51:45.385] <-- 200 OK  http://127.0.0.1:9008/jsonrpc/0 (25ms)
[Fastbot][2026-06-19 03:51:45.385] Content-Type: application/json
[Fastbot][2026-06-19 03:51:45.386] Date: Fri, 19 Jun 2026 03:51:45 GMT
[Fastbot][2026-06-19 03:51:45.386] Connection: keep-alive
[Fastbot][2026-06-19 03:51:45.386] Transfer-Encoding: chunked
[Fastbot][2026-06-19 03:51:45.387] 
[Fastbot][2026-06-19 03:51:45.387] {"jsonrpc":"2.0","id":1,"result":{"bounds":{"bottom":2016,"left":102,"right":168,"top":2010},"childCount":0,"className":"android.widget.ImageView","contentDescription":null,"packageName":"net.gsantner.markor_test","resourceName":"net.gsantner.markor_test:id/icon","text":null,"visibleBounds":{"bottom...[truncated]
[Fastbot][2026-06-19 03:51:45.387] <-- END HTTP (502-byte body)
[Fastbot][2026-06-19 03:51:45.402] [Proxy Server] Detected script method: click
[Fastbot][2026-06-19 03:51:45.403] [Proxy Server] Forwarding
[Fastbot][2026-06-19 03:51:45.403] --> POST http://127.0.0.1:9008/jsonrpc/0
[Fastbot][2026-06-19 03:51:45.403] Content-Type: application/json; charset=utf-8
[Fastbot][2026-06-19 03:51:45.403] Content-Length: 73
[Fastbot][2026-06-19 03:51:45.403] 
[Fastbot][2026-06-19 03:51:45.403] {"jsonrpc": "2.0", "id": 1, "method": "click", "params": [135.0, 2013.0]}
[Fastbot][2026-06-19 03:51:45.403] --> END POST (73-byte body)
[Fastbot][2026-06-19 03:51:45.598] <-- 200 OK  http://127.0.0.1:9008/jsonrpc/0 (195ms)
[Fastbot][2026-06-19 03:51:45.598] Content-Type: application/json
[Fastbot][2026-06-19 03:51:45.598] Date: Fri, 19 Jun 2026 03:51:45 GMT
[Fastbot][2026-06-19 03:51:45.598] Connection: keep-alive
[Fastbot][2026-06-19 03:51:45.599] Transfer-Encoding: chunked
[Fastbot][2026-06-19 03:51:45.645] 
[Fastbot][2026-06-19 03:51:45.645] {"jsonrpc":"2.0","id":1,"result":true}

[Fastbot][2026-06-19 03:51:45.645] <-- END HTTP (39-byte body)
[Fastbot][2026-06-19 03:51:46.683] [Proxy Server] Forwarding
[Fastbot][2026-06-19 03:51:46.683] --> POST http://127.0.0.1:9008/jsonrpc/0
[Fastbot][2026-06-19 03:51:46.683] Content-Type: application/json; charset=utf-8
[Fastbot][2026-06-19 03:51:46.683] Content-Length: 202
[Fastbot][2026-06-19 03:51:46.684] 
[Fastbot][2026-06-19 03:51:46.684] {"jsonrpc": "2.0", "id": 1, "method": "waitForExists", "params": [{"mask": 2097152, "childOrSibling": [], "childOrSiblingSelector": [], "resourceId": "net.gsantner.markor_test:id/action_go_to"}, 20000]}
[Fastbot][2026-06-19 03:51:46.684] --> END POST (202-byte body)
[Fastbot][2026-06-19 03:51:46.698] <-- 200 OK  http://127.0.0.1:9008/jsonrpc/0 (13ms)
[Fastbot][2026-06-19 03:51:46.698] Content-Type: application/json
[Fastbot][2026-06-19 03:51:46.698] Date: Fri, 19 Jun 2026 03:51:46 GMT
[Fastbot][2026-06-19 03:51:46.698] Connection: keep-alive
[Fastbot][2026-06-19 03:51:46.698] Transfer-Encoding: chunked
[Fastbot][2026-06-19 03:51:46.698] 
[Fastbot][2026-06-19 03:51:46.698] {"jsonrpc":"2.0","id":1,"result":true}

[Fastbot][2026-06-19 03:51:46.698] <-- END HTTP (39-byte body)
[Fastbot][2026-06-19 03:51:46.730] [Proxy Server] Forwarding
[Fastbot][2026-06-19 03:51:46.730] --> POST http://127.0.0.1:9008/jsonrpc/0
[Fastbot][2026-06-19 03:51:46.730] Content-Type: application/json; charset=utf-8
[Fastbot][2026-06-19 03:51:46.730] Content-Length: 189
[Fastbot][2026-06-19 03:51:46.730] 
[Fastbot][2026-06-19 03:51:46.730] {"jsonrpc": "2.0", "id": 1, "method": "objInfo", "params": [{"mask": 2097152, "childOrSibling": [], "childOrSiblingSelector": [], "resourceId": "net.gsantner.markor_test:id/action_go_to"}]}
[Fastbot][2026-06-19 03:51:46.730] --> END POST (189-byte body)
[Fastbot][2026-06-19 03:51:46.758] <-- 200 OK  http://127.0.0.1:9008/jsonrpc/0 (28ms)
[Fastbot][2026-06-19 03:51:46.759] Content-Type: application/json
[Fastbot][2026-06-19 03:51:46.759] Date: Fri, 19 Jun 2026 03:51:46 GMT
[Fastbot][2026-06-19 03:51:46.759] Connection: keep-alive
[Fastbot][2026-06-19 03:51:46.759] Transfer-Encoding: chunked
[Fastbot][2026-06-19 03:51:46.804] 
[Fastbot][2026-06-19 03:51:46.804] {"jsonrpc":"2.0","id":1,"result":{"bounds":{"bottom":275,"left":639,"right":749,"top":143},"childCount":0,"className":"android.widget.TextView","contentDescription":"Go to","packageName":"net.gsantner.markor_test","resourceName":"net.gsantner.markor_test:id/action_go_to","text":null,"visibleBounds":...[truncated]
[Fastbot][2026-06-19 03:51:46.804] <-- END HTTP (506-byte body)
[Fastbot][2026-06-19 03:51:46.837] [Proxy Server] Detected script method: click
[Fastbot][2026-06-19 03:51:46.837] [Proxy Server] Forwarding
[Fastbot][2026-06-19 03:51:46.837] --> POST http://127.0.0.1:9008/jsonrpc/0
[Fastbot][2026-06-19 03:51:46.837] Content-Type: application/json; charset=utf-8
[Fastbot][2026-06-19 03:51:46.838] Content-Length: 72
[Fastbot][2026-06-19 03:51:46.838] 
[Fastbot][2026-06-19 03:51:46.838] {"jsonrpc": "2.0", "id": 1, "method": "click", "params": [694.0, 209.0]}
[Fastbot][2026-06-19 03:51:46.838] --> END POST (72-byte body)
[Fastbot][2026-06-19 03:51:46.964] <-- 200 OK  http://127.0.0.1:9008/jsonrpc/0 (126ms)
[Fastbot][2026-06-19 03:51:46.964] Content-Type: application/json
[Fastbot][2026-06-19 03:51:46.964] Date: Fri, 19 Jun 2026 03:51:46 GMT
[Fastbot][2026-06-19 03:51:46.964] Connection: keep-alive
[Fastbot][2026-06-19 03:51:46.964] Transfer-Encoding: chunked
[Fastbot][2026-06-19 03:51:47.015] 
[Fastbot][2026-06-19 03:51:47.015] {"jsonrpc":"2.0","id":1,"result":true}

[Fastbot][2026-06-19 03:51:47.015] <-- END HTTP (39-byte body)
[Fastbot][2026-06-19 03:51:48.071] [Proxy Server] Forwarding
[Fastbot][2026-06-19 03:51:48.071] --> POST http://127.0.0.1:9008/jsonrpc/0
[Fastbot][2026-06-19 03:51:48.071] Content-Type: application/json; charset=utf-8
[Fastbot][2026-06-19 03:51:48.071] Content-Length: 215
[Fastbot][2026-06-19 03:51:48.071] 
[Fastbot][2026-06-19 03:51:48.071] {"jsonrpc": "2.0", "id": 1, "method": "waitForExists", "params": [{"mask": 2097153, "childOrSibling": [], "childOrSiblingSelector": [], "resourceId": "net.gsantner.markor_test:id/title", "text": "Notebook"}, 20000]}
[Fastbot][2026-06-19 03:51:48.071] --> END POST (215-byte body)
[Fastbot][2026-06-19 03:51:48.085] <-- 200 OK  http://127.0.0.1:9008/jsonrpc/0 (13ms)
[Fastbot][2026-06-19 03:51:48.085] Content-Type: application/json
[Fastbot][2026-06-19 03:51:48.085] Date: Fri, 19 Jun 2026 03:51:48 GMT
[Fastbot][2026-06-19 03:51:48.085] Connection: keep-alive
[Fastbot][2026-06-19 03:51:48.085] Transfer-Encoding: chunked
[Fastbot][2026-06-19 03:51:48.085] 
[Fastbot][2026-06-19 03:51:48.086] {"jsonrpc":"2.0","id":1,"result":true}

[Fastbot][2026-06-19 03:51:48.086] <-- END HTTP (39-byte body)
[Fastbot][2026-06-19 03:51:48.118] [Proxy Server] Forwarding
[Fastbot][2026-06-19 03:51:48.119] --> POST http://127.0.0.1:9008/jsonrpc/0
[Fastbot][2026-06-19 03:51:48.119] Content-Type: application/json; charset=utf-8
[Fastbot][2026-06-19 03:51:48.119] Content-Length: 202
[Fastbot][2026-06-19 03:51:48.119] 
[Fastbot][2026-06-19 03:51:48.119] {"jsonrpc": "2.0", "id": 1, "method": "objInfo", "params": [{"mask": 2097153, "childOrSibling": [], "childOrSiblingSelector": [], "resourceId": "net.gsantner.markor_test:id/title", "text": "Notebook"}]}
[Fastbot][2026-06-19 03:51:48.119] --> END POST (202-byte body)
[Fastbot][2026-06-19 03:51:48.142] <-- 200 OK  http://127.0.0.1:9008/jsonrpc/0 (22ms)
[Fastbot][2026-06-19 03:51:48.142] Content-Type: application/json
[Fastbot][2026-06-19 03:51:48.142] Date: Fri, 19 Jun 2026 03:51:48 GMT
[Fastbot][2026-06-19 03:51:48.142] Connection: keep-alive
[Fastbot][2026-06-19 03:51:48.142] Transfer-Encoding: chunked
[Fastbot][2026-06-19 03:51:48.185] 
[Fastbot][2026-06-19 03:51:48.185] {"jsonrpc":"2.0","id":1,"result":{"bounds":{"bottom":1111,"left":443,"right":992,"top":1103},"childCount":0,"className":"android.widget.TextView","contentDescription":null,"packageName":"net.gsantner.markor_test","resourceName":"net.gsantner.markor_test:id/title","text":"Notebook","visibleBounds":{"...[truncated]
[Fastbot][2026-06-19 03:51:48.185] <-- END HTTP (509-byte body)
[Fastbot][2026-06-19 03:51:48.228] [Proxy Server] Detected script method: click
[Fastbot][2026-06-19 03:51:48.228] [Proxy Server] Forwarding
[Fastbot][2026-06-19 03:51:48.228] --> POST http://127.0.0.1:9008/jsonrpc/0
[Fastbot][2026-06-19 03:51:48.229] Content-Type: application/json; charset=utf-8
[Fastbot][2026-06-19 03:51:48.229] Content-Length: 73
[Fastbot][2026-06-19 03:51:48.229] 
[Fastbot][2026-06-19 03:51:48.229] {"jsonrpc": "2.0", "id": 1, "method": "click", "params": [717.5, 1107.0]}
[Fastbot][2026-06-19 03:51:48.229] --> END POST (73-byte body)
[Fastbot][2026-06-19 03:51:48.364] <-- 200 OK  http://127.0.0.1:9008/jsonrpc/0 (135ms)
[Fastbot][2026-06-19 03:51:48.364] Content-Type: application/json
[Fastbot][2026-06-19 03:51:48.364] Date: Fri, 19 Jun 2026 03:51:48 GMT
[Fastbot][2026-06-19 03:51:48.365] Connection: keep-alive
[Fastbot][2026-06-19 03:51:48.365] Transfer-Encoding: chunked
[Fastbot][2026-06-19 03:51:48.365] 
[Fastbot][2026-06-19 03:51:48.365] {"jsonrpc":"2.0","id":1,"result":true}

[Fastbot][2026-06-19 03:51:48.365] <-- END HTTP (39-byte body)
[Fastbot][2026-06-19 03:51:49.396] [Proxy Server] Forwarding
[Fastbot][2026-06-19 03:51:49.396] --> POST http://127.0.0.1:9008/jsonrpc/0
[Fastbot][2026-06-19 03:51:49.396] Content-Type: application/json; charset=utf-8
[Fastbot][2026-06-19 03:51:49.396] Content-Length: 202
[Fastbot][2026-06-19 03:51:49.396] 
[Fastbot][2026-06-19 03:51:49.396] {"jsonrpc": "2.0", "id": 1, "method": "count", "params": [{"mask": 2097152, "childOrSibling": [], "childOrSiblingSelector": [], "resourceId": "net.gsantner.markor_test:id/opoc_filesystem_item__title"}]}
[Fastbot][2026-06-19 03:51:49.396] --> END POST (202-byte body)
[Fastbot][2026-06-19 03:51:49.412] <-- 200 OK  http://127.0.0.1:9008/jsonrpc/0 (15ms)
[Fastbot][2026-06-19 03:51:49.412] Content-Type: application/json
[Fastbot][2026-06-19 03:51:49.412] Date: Fri, 19 Jun 2026 03:51:49 GMT
[Fastbot][2026-06-19 03:51:49.412] Connection: keep-alive
[Fastbot][2026-06-19 03:51:49.412] Transfer-Encoding: chunked
[Fastbot][2026-06-19 03:51:49.413] 
[Fastbot][2026-06-19 03:51:49.413] {"jsonrpc":"2.0","id":1,"result":3}

[Fastbot][2026-06-19 03:51:49.413] <-- END HTTP (36-byte body)
[Fastbot][2026-06-19 03:51:49.443] [Proxy Server] Forwarding
[Fastbot][2026-06-19 03:51:49.443] --> POST http://127.0.0.1:9008/jsonrpc/0
[Fastbot][2026-06-19 03:51:49.443] Content-Type: application/json; charset=utf-8
[Fastbot][2026-06-19 03:51:49.443] Content-Length: 233
[Fastbot][2026-06-19 03:51:49.443] 
[Fastbot][2026-06-19 03:51:49.443] {"jsonrpc": "2.0", "id": 1, "method": "waitForExists", "params": [{"mask": 18874368, "childOrSibling": [], "childOrSiblingSelector": [], "resourceId": "net.gsantner.markor_test:id/opoc_filesystem_item__title", "instance": 0}, 20000]}
[Fastbot][2026-06-19 03:51:49.443] --> END POST (233-byte body)
[Fastbot][2026-06-19 03:51:49.448] <-- 200 OK  http://127.0.0.1:9008/jsonrpc/0 (5ms)
[Fastbot][2026-06-19 03:51:49.448] Content-Type: application/json
[Fastbot][2026-06-19 03:51:49.448] Date: Fri, 19 Jun 2026 03:51:49 GMT
[Fastbot][2026-06-19 03:51:49.449] Connection: keep-alive
[Fastbot][2026-06-19 03:51:49.449] Transfer-Encoding: chunked
[Fastbot][2026-06-19 03:51:49.449] 
[Fastbot][2026-06-19 03:51:49.449] {"jsonrpc":"2.0","id":1,"result":true}

[Fastbot][2026-06-19 03:51:49.449] <-- END HTTP (39-byte body)
[Fastbot][2026-06-19 03:51:49.489] [Proxy Server] Forwarding
[Fastbot][2026-06-19 03:51:49.490] --> POST http://127.0.0.1:9008/jsonrpc/0
[Fastbot][2026-06-19 03:51:49.490] Content-Type: application/json; charset=utf-8
[Fastbot][2026-06-19 03:51:49.490] Content-Length: 220
[Fastbot][2026-06-19 03:51:49.490] 
[Fastbot][2026-06-19 03:51:49.490] {"jsonrpc": "2.0", "id": 1, "method": "getText", "params": [{"mask": 18874368, "childOrSibling": [], "childOrSiblingSelector": [], "resourceId": "net.gsantner.markor_test:id/opoc_filesystem_item__title", "instance": 0}]}
[Fastbot][2026-06-19 03:51:49.490] --> END POST (220-byte body)
[Fastbot][2026-06-19 03:51:49.500] <-- 200 OK  http://127.0.0.1:9008/jsonrpc/0 (9ms)
[Fastbot][2026-06-19 03:51:49.500] Content-Type: application/json
[Fastbot][2026-06-19 03:51:49.500] Date: Fri, 19 Jun 2026 03:51:49 GMT
[Fastbot][2026-06-19 03:51:49.500] Connection: keep-alive
[Fastbot][2026-06-19 03:51:49.500] Transfer-Encoding: chunked
[Fastbot][2026-06-19 03:51:49.501] 
[Fastbot][2026-06-19 03:51:49.501] {"jsonrpc":"2.0","id":1,"result":".."}

[Fastbot][2026-06-19 03:51:49.501] <-- END HTTP (39-byte body)
[Fastbot][2026-06-19 03:51:49.552] [Proxy Server] Forwarding
[Fastbot][2026-06-19 03:51:49.553] --> POST http://127.0.0.1:9008/jsonrpc/0
[Fastbot][2026-06-19 03:51:49.553] Content-Type: application/json; charset=utf-8
[Fastbot][2026-06-19 03:51:49.553] Content-Length: 233
[Fastbot][2026-06-19 03:51:49.553] 
[Fastbot][2026-06-19 03:51:49.553] {"jsonrpc": "2.0", "id": 1, "method": "waitForExists", "params": [{"mask": 18874368, "childOrSibling": [], "childOrSiblingSelector": [], "resourceId": "net.gsantner.markor_test:id/opoc_filesystem_item__title", "instance": 1}, 20000]}
[Fastbot][2026-06-19 03:51:49.554] --> END POST (233-byte body)
[Fastbot][2026-06-19 03:51:49.561] <-- 200 OK  http://127.0.0.1:9008/jsonrpc/0 (6ms)
[Fastbot][2026-06-19 03:51:49.561] Content-Type: application/json
[Fastbot][2026-06-19 03:51:49.561] Date: Fri, 19 Jun 2026 03:51:49 GMT
[Fastbot][2026-06-19 03:51:49.561] Connection: keep-alive
[Fastbot][2026-06-19 03:51:49.561] Transfer-Encoding: chunked
[Fastbot][2026-06-19 03:51:49.561] 
[Fastbot][2026-06-19 03:51:49.561] {"jsonrpc":"2.0","id":1,"result":true}

[Fastbot][2026-06-19 03:51:49.561] <-- END HTTP (39-byte body)
[Fastbot][2026-06-19 03:51:49.600] [Proxy Server] Forwarding
[Fastbot][2026-06-19 03:51:49.600] --> POST http://127.0.0.1:9008/jsonrpc/0
[Fastbot][2026-06-19 03:51:49.600] Content-Type: application/json; charset=utf-8
[Fastbot][2026-06-19 03:51:49.600] Content-Length: 220
[Fastbot][2026-06-19 03:51:49.600] 
[Fastbot][2026-06-19 03:51:49.600] {"jsonrpc": "2.0", "id": 1, "method": "getText", "params": [{"mask": 18874368, "childOrSibling": [], "childOrSiblingSelector": [], "resourceId": "net.gsantner.markor_test:id/opoc_filesystem_item__title", "instance": 1}]}
[Fastbot][2026-06-19 03:51:49.600] --> END POST (220-byte body)
[Fastbot][2026-06-19 03:51:49.607] <-- 200 OK  http://127.0.0.1:9008/jsonrpc/0 (6ms)
[Fastbot][2026-06-19 03:51:49.607] Content-Type: application/json
[Fastbot][2026-06-19 03:51:49.607] Date: Fri, 19 Jun 2026 03:51:49 GMT
[Fastbot][2026-06-19 03:51:49.607] Connection: keep-alive
[Fastbot][2026-06-19 03:51:49.607] Transfer-Encoding: chunked
[Fastbot][2026-06-19 03:51:49.608] 
[Fastbot][2026-06-19 03:51:49.608] {"jsonrpc":"2.0","id":1,"result":"A.txt"}

[Fastbot][2026-06-19 03:51:49.608] <-- END HTTP (42-byte body)
[Fastbot][2026-06-19 03:51:49.647] [Proxy Server] Forwarding
[Fastbot][2026-06-19 03:51:49.647] --> POST http://127.0.0.1:9008/jsonrpc/0
[Fastbot][2026-06-19 03:51:49.647] Content-Type: application/json; charset=utf-8
[Fastbot][2026-06-19 03:51:49.647] Content-Length: 233
[Fastbot][2026-06-19 03:51:49.648] 
[Fastbot][2026-06-19 03:51:49.648] {"jsonrpc": "2.0", "id": 1, "method": "waitForExists", "params": [{"mask": 18874368, "childOrSibling": [], "childOrSiblingSelector": [], "resourceId": "net.gsantner.markor_test:id/opoc_filesystem_item__title", "instance": 2}, 20000]}
[Fastbot][2026-06-19 03:51:49.648] --> END POST (233-byte body)
[Fastbot][2026-06-19 03:51:49.653] <-- 200 OK  http://127.0.0.1:9008/jsonrpc/0 (4ms)
[Fastbot][2026-06-19 03:51:49.653] Content-Type: application/json
[Fastbot][2026-06-19 03:51:49.653] Date: Fri, 19 Jun 2026 03:51:49 GMT
[Fastbot][2026-06-19 03:51:49.653] Connection: keep-alive
[Fastbot][2026-06-19 03:51:49.653] Transfer-Encoding: chunked
[Fastbot][2026-06-19 03:51:49.653] 
[Fastbot][2026-06-19 03:51:49.653] {"jsonrpc":"2.0","id":1,"result":true}

[Fastbot][2026-06-19 03:51:49.653] <-- END HTTP (39-byte body)
[Fastbot][2026-06-19 03:51:49.678] [Proxy Server] Forwarding
[Fastbot][2026-06-19 03:51:49.678] --> POST http://127.0.0.1:9008/jsonrpc/0
[Fastbot][2026-06-19 03:51:49.678] Content-Type: application/json; charset=utf-8
[Fastbot][2026-06-19 03:51:49.678] Content-Length: 220
[Fastbot][2026-06-19 03:51:49.678] 
[Fastbot][2026-06-19 03:51:49.678] {"jsonrpc": "2.0", "id": 1, "method": "getText", "params": [{"mask": 18874368, "childOrSibling": [], "childOrSiblingSelector": [], "resourceId": "net.gsantner.markor_test:id/opoc_filesystem_item__title", "instance": 2}]}
[Fastbot][2026-06-19 03:51:49.678] --> END POST (220-byte body)
[Fastbot][2026-06-19 03:51:49.685] <-- 200 OK  http://127.0.0.1:9008/jsonrpc/0 (6ms)
[Fastbot][2026-06-19 03:51:49.685] Content-Type: application/json
[Fastbot][2026-06-19 03:51:49.685] Date: Fri, 19 Jun 2026 03:51:49 GMT
[Fastbot][2026-06-19 03:51:49.685] Connection: keep-alive
[Fastbot][2026-06-19 03:51:49.686] Transfer-Encoding: chunked
[Fastbot][2026-06-19 03:51:49.734] 
[Fastbot][2026-06-19 03:51:49.735] {"jsonrpc":"2.0","id":1,"result":"EYZyr6bZs1.md"}

[Fastbot][2026-06-19 03:51:49.735] <-- END HTTP (50-byte body)
[Fastbot][2026-06-19 03:51:49.787] [Proxy Server] Forwarding
[Fastbot][2026-06-19 03:51:49.788] --> POST http://127.0.0.1:9008/jsonrpc/0
[Fastbot][2026-06-19 03:51:49.788] Content-Type: application/json; charset=utf-8
[Fastbot][2026-06-19 03:51:49.788] Content-Length: 233
[Fastbot][2026-06-19 03:51:49.788] 
[Fastbot][2026-06-19 03:51:49.788] {"jsonrpc": "2.0", "id": 1, "method": "waitForExists", "params": [{"mask": 18874368, "childOrSibling": [], "childOrSiblingSelector": [], "resourceId": "net.gsantner.markor_test:id/opoc_filesystem_item__title", "instance": 2}, 20000]}
[Fastbot][2026-06-19 03:51:49.788] --> END POST (233-byte body)
[Fastbot][2026-06-19 03:51:49.795] <-- 200 OK  http://127.0.0.1:9008/jsonrpc/0 (6ms)
[Fastbot][2026-06-19 03:51:49.795] Content-Type: application/json
[Fastbot][2026-06-19 03:51:49.795] Date: Fri, 19 Jun 2026 03:51:49 GMT
[Fastbot][2026-06-19 03:51:49.795] Connection: keep-alive
[Fastbot][2026-06-19 03:51:49.795] Transfer-Encoding: chunked
[Fastbot][2026-06-19 03:51:49.796] 
[Fastbot][2026-06-19 03:51:49.796] {"jsonrpc":"2.0","id":1,"result":true}

[Fastbot][2026-06-19 03:51:49.796] <-- END HTTP (39-byte body)
[Fastbot][2026-06-19 03:51:49.835] [Proxy Server] Forwarding
[Fastbot][2026-06-19 03:51:49.835] --> POST http://127.0.0.1:9008/jsonrpc/0
[Fastbot][2026-06-19 03:51:49.835] Content-Type: application/json; charset=utf-8
[Fastbot][2026-06-19 03:51:49.835] Content-Length: 220
[Fastbot][2026-06-19 03:51:49.836] 
[Fastbot][2026-06-19 03:51:49.836] {"jsonrpc": "2.0", "id": 1, "method": "getText", "params": [{"mask": 18874368, "childOrSibling": [], "childOrSiblingSelector": [], "resourceId": "net.gsantner.markor_test:id/opoc_filesystem_item__title", "instance": 2}]}
[Fastbot][2026-06-19 03:51:49.836] --> END POST (220-byte body)
[Fastbot][2026-06-19 03:51:49.842] <-- 200 OK  http://127.0.0.1:9008/jsonrpc/0 (5ms)
[Fastbot][2026-06-19 03:51:49.842] Content-Type: application/json
[Fastbot][2026-06-19 03:51:49.842] Date: Fri, 19 Jun 2026 03:51:49 GMT
[Fastbot][2026-06-19 03:51:49.842] Connection: keep-alive
[Fastbot][2026-06-19 03:51:49.842] Transfer-Encoding: chunked
[Fastbot][2026-06-19 03:51:49.842] 
[Fastbot][2026-06-19 03:51:49.842] {"jsonrpc":"2.0","id":1,"result":"EYZyr6bZs1.md"}

[Fastbot][2026-06-19 03:51:49.843] <-- END HTTP (50-byte body)
[Fastbot][2026-06-19 03:51:49.881] [Proxy Server] Forwarding
[Fastbot][2026-06-19 03:51:49.881] --> POST http://127.0.0.1:9008/jsonrpc/0
[Fastbot][2026-06-19 03:51:49.881] Content-Type: application/json; charset=utf-8
[Fastbot][2026-06-19 03:51:49.881] Content-Length: 242
[Fastbot][2026-06-19 03:51:49.881] 
[Fastbot][2026-06-19 03:51:49.882] {"jsonrpc": "2.0", "id": 1, "method": "waitForExists", "params": [{"mask": 2097153, "childOrSibling": [], "childOrSiblingSelector": [], "resourceId": "net.gsantner.markor_test:id/opoc_filesystem_item__title", "text": "EYZyr6bZs1.md"}, 20000]}
[Fastbot][2026-06-19 03:51:49.882] --> END POST (242-byte body)
[Fastbot][2026-06-19 03:51:49.898] <-- 200 OK  http://127.0.0.1:9008/jsonrpc/0 (16ms)
[Fastbot][2026-06-19 03:51:49.898] Content-Type: application/json
[Fastbot][2026-06-19 03:51:49.898] Date: Fri, 19 Jun 2026 03:51:49 GMT
[Fastbot][2026-06-19 03:51:49.898] Connection: keep-alive
[Fastbot][2026-06-19 03:51:49.898] Transfer-Encoding: chunked
[Fastbot][2026-06-19 03:51:49.899] 
[Fastbot][2026-06-19 03:51:49.899] {"jsonrpc":"2.0","id":1,"result":true}

[Fastbot][2026-06-19 03:51:49.899] <-- END HTTP (39-byte body)
[Fastbot][2026-06-19 03:51:49.943] [Proxy Server] Forwarding
[Fastbot][2026-06-19 03:51:49.943] --> POST http://127.0.0.1:9008/jsonrpc/0
[Fastbot][2026-06-19 03:51:49.944] Content-Type: application/json; charset=utf-8
[Fastbot][2026-06-19 03:51:49.944] Content-Length: 229
[Fastbot][2026-06-19 03:51:49.944] 
[Fastbot][2026-06-19 03:51:49.944] {"jsonrpc": "2.0", "id": 1, "method": "objInfo", "params": [{"mask": 2097153, "childOrSibling": [], "childOrSiblingSelector": [], "resourceId": "net.gsantner.markor_test:id/opoc_filesystem_item__title", "text": "EYZyr6bZs1.md"}]}
[Fastbot][2026-06-19 03:51:49.944] --> END POST (229-byte body)
[Fastbot][2026-06-19 03:51:49.969] <-- 200 OK  http://127.0.0.1:9008/jsonrpc/0 (24ms)
[Fastbot][2026-06-19 03:51:49.969] Content-Type: application/json
[Fastbot][2026-06-19 03:51:49.969] Date: Fri, 19 Jun 2026 03:51:49 GMT
[Fastbot][2026-06-19 03:51:49.969] Connection: keep-alive
[Fastbot][2026-06-19 03:51:49.969] Transfer-Encoding: chunked
[Fastbot][2026-06-19 03:51:49.970] 
[Fastbot][2026-06-19 03:51:49.970] {"jsonrpc":"2.0","id":1,"result":{"bounds":{"bottom":658,"left":165,"right":535,"top":588},"childCount":0,"className":"android.widget.TextView","contentDescription":null,"packageName":"net.gsantner.markor_test","resourceName":"net.gsantner.markor_test:id/opoc_filesystem_item__title","text":"EYZyr6bZ...[truncated]
[Fastbot][2026-06-19 03:51:49.970] <-- END HTTP (532-byte body)
[Fastbot][2026-06-19 03:51:50.020] [Proxy Server] Detected script method: click
[Fastbot][2026-06-19 03:51:50.021] [Proxy Server] Forwarding
[Fastbot][2026-06-19 03:51:50.021] --> POST http://127.0.0.1:9008/jsonrpc/0
[Fastbot][2026-06-19 03:51:50.021] Content-Type: application/json; charset=utf-8
[Fastbot][2026-06-19 03:51:50.021] Content-Length: 77
[Fastbot][2026-06-19 03:51:50.021] 
[Fastbot][2026-06-19 03:51:50.021] {"jsonrpc": "2.0", "id": 1, "method": "click", "params": [350.0, 623.0, 500]}
[Fastbot][2026-06-19 03:51:50.022] --> END POST (77-byte body)
[Fastbot][2026-06-19 03:51:50.878] <-- 200 OK  http://127.0.0.1:9008/jsonrpc/0 (856ms)
[Fastbot][2026-06-19 03:51:50.878] Content-Type: application/json
[Fastbot][2026-06-19 03:51:50.878] Date: Fri, 19 Jun 2026 03:51:50 GMT
[Fastbot][2026-06-19 03:51:50.878] Connection: keep-alive
[Fastbot][2026-06-19 03:51:50.878] Transfer-Encoding: chunked
[Fastbot][2026-06-19 03:51:50.879] 
[Fastbot][2026-06-19 03:51:50.879] {"jsonrpc":"2.0","id":1,"result":true}

[Fastbot][2026-06-19 03:51:50.879] <-- END HTTP (39-byte body)
[Fastbot][2026-06-19 03:51:51.912] [Proxy Server] Forwarding
[Fastbot][2026-06-19 03:51:51.912] --> POST http://127.0.0.1:9008/jsonrpc/0
[Fastbot][2026-06-19 03:51:51.913] Content-Type: application/json; charset=utf-8
[Fastbot][2026-06-19 03:51:51.913] Content-Length: 217
[Fastbot][2026-06-19 03:51:51.913] 
[Fastbot][2026-06-19 03:51:51.913] {"jsonrpc": "2.0", "id": 1, "method": "waitForExists", "params": [{"mask": 2097152, "childOrSibling": [], "childOrSiblingSelector": [], "resourceId": "net.gsantner.markor_test:id/action_rename_selected_item"}, 20000]}
[Fastbot][2026-06-19 03:51:51.914] --> END POST (217-byte body)
[Fastbot][2026-06-19 03:51:51.929] <-- 200 OK  http://127.0.0.1:9008/jsonrpc/0 (14ms)
[Fastbot][2026-06-19 03:51:51.929] Content-Type: application/json
[Fastbot][2026-06-19 03:51:51.929] Date: Fri, 19 Jun 2026 03:51:51 GMT
[Fastbot][2026-06-19 03:51:51.929] Connection: keep-alive
[Fastbot][2026-06-19 03:51:51.929] Transfer-Encoding: chunked
[Fastbot][2026-06-19 03:51:51.929] 
[Fastbot][2026-06-19 03:51:51.929] {"jsonrpc":"2.0","id":1,"result":true}

[Fastbot][2026-06-19 03:51:51.929] <-- END HTTP (39-byte body)
[Fastbot][2026-06-19 03:51:51.973] [Proxy Server] Forwarding
[Fastbot][2026-06-19 03:51:51.973] --> POST http://127.0.0.1:9008/jsonrpc/0
[Fastbot][2026-06-19 03:51:51.973] Content-Type: application/json; charset=utf-8
[Fastbot][2026-06-19 03:51:51.973] Content-Length: 204
[Fastbot][2026-06-19 03:51:51.974] 
[Fastbot][2026-06-19 03:51:51.974] {"jsonrpc": "2.0", "id": 1, "method": "objInfo", "params": [{"mask": 2097152, "childOrSibling": [], "childOrSiblingSelector": [], "resourceId": "net.gsantner.markor_test:id/action_rename_selected_item"}]}
[Fastbot][2026-06-19 03:51:51.974] --> END POST (204-byte body)
[Fastbot][2026-06-19 03:51:51.996] <-- 200 OK  http://127.0.0.1:9008/jsonrpc/0 (22ms)
[Fastbot][2026-06-19 03:51:51.996] Content-Type: application/json
[Fastbot][2026-06-19 03:51:51.996] Date: Fri, 19 Jun 2026 03:51:51 GMT
[Fastbot][2026-06-19 03:51:51.996] Connection: keep-alive
[Fastbot][2026-06-19 03:51:51.997] Transfer-Encoding: chunked
[Fastbot][2026-06-19 03:51:51.997] 
[Fastbot][2026-06-19 03:51:51.997] {"jsonrpc":"2.0","id":1,"result":{"bounds":{"bottom":275,"left":639,"right":749,"top":143},"childCount":0,"className":"android.widget.TextView","contentDescription":"Rename","packageName":"net.gsantner.markor_test","resourceName":"net.gsantner.markor_test:id/action_rename_selected_item","text":null,...[truncated]
[Fastbot][2026-06-19 03:51:51.997] <-- END HTTP (522-byte body)
[Fastbot][2026-06-19 03:51:52.037] [Proxy Server] Detected script method: click
[Fastbot][2026-06-19 03:51:52.037] [Proxy Server] Forwarding
[Fastbot][2026-06-19 03:51:52.037] --> POST http://127.0.0.1:9008/jsonrpc/0
[Fastbot][2026-06-19 03:51:52.038] Content-Type: application/json; charset=utf-8
[Fastbot][2026-06-19 03:51:52.038] Content-Length: 72
[Fastbot][2026-06-19 03:51:52.038] 
[Fastbot][2026-06-19 03:51:52.038] {"jsonrpc": "2.0", "id": 1, "method": "click", "params": [694.0, 209.0]}
[Fastbot][2026-06-19 03:51:52.038] --> END POST (72-byte body)
[Fastbot][2026-06-19 03:51:52.182] <-- 200 OK  http://127.0.0.1:9008/jsonrpc/0 (143ms)
[Fastbot][2026-06-19 03:51:52.183] Content-Type: application/json
[Fastbot][2026-06-19 03:51:52.184] Date: Fri, 19 Jun 2026 03:51:52 GMT
[Fastbot][2026-06-19 03:51:52.184] Connection: keep-alive
[Fastbot][2026-06-19 03:51:52.184] Transfer-Encoding: chunked
[Fastbot][2026-06-19 03:51:52.185] 
[Fastbot][2026-06-19 03:51:52.185] {"jsonrpc":"2.0","id":1,"result":true}

[Fastbot][2026-06-19 03:51:52.185] <-- END HTTP (39-byte body)
[Fastbot][2026-06-19 03:51:53.237] [Proxy Server] Forwarding
[Fastbot][2026-06-19 03:51:53.237] --> POST http://127.0.0.1:9008/jsonrpc/0
[Fastbot][2026-06-19 03:51:53.237] Content-Type: application/json; charset=utf-8
[Fastbot][2026-06-19 03:51:53.238] Content-Length: 198
[Fastbot][2026-06-19 03:51:53.238] 
[Fastbot][2026-06-19 03:51:53.238] {"jsonrpc": "2.0", "id": 1, "method": "waitForExists", "params": [{"mask": 2097152, "childOrSibling": [], "childOrSiblingSelector": [], "resourceId": "net.gsantner.markor_test:id/new_name"}, 20000]}
[Fastbot][2026-06-19 03:51:53.238] --> END POST (198-byte body)
[Fastbot][2026-06-19 03:51:53.256] <-- 200 OK  http://127.0.0.1:9008/jsonrpc/0 (17ms)
[Fastbot][2026-06-19 03:51:53.256] Content-Type: application/json
[Fastbot][2026-06-19 03:51:53.256] Date: Fri, 19 Jun 2026 03:51:53 GMT
[Fastbot][2026-06-19 03:51:53.256] Connection: keep-alive
[Fastbot][2026-06-19 03:51:53.256] Transfer-Encoding: chunked
[Fastbot][2026-06-19 03:51:53.256] 
[Fastbot][2026-06-19 03:51:53.256] {"jsonrpc":"2.0","id":1,"result":true}

[Fastbot][2026-06-19 03:51:53.256] <-- END HTTP (39-byte body)
[Fastbot][2026-06-19 03:51:53.285] [Proxy Server] Detected script method: setText
[Fastbot][2026-06-19 03:51:53.285] [Proxy Server] Forwarding
[Fastbot][2026-06-19 03:51:53.286] --> POST http://127.0.0.1:9008/jsonrpc/0
[Fastbot][2026-06-19 03:51:53.286] Content-Type: application/json; charset=utf-8
[Fastbot][2026-06-19 03:51:53.286] Content-Length: 202
[Fastbot][2026-06-19 03:51:53.286] 
[Fastbot][2026-06-19 03:51:53.286] {"jsonrpc": "2.0", "id": 1, "method": "setText", "params": [{"mask": 2097152, "childOrSibling": [], "childOrSiblingSelector": [], "resourceId": "net.gsantner.markor_test:id/new_name"}, "HEP1p3Ccu1.md"]}
[Fastbot][2026-06-19 03:51:53.287] --> END POST (202-byte body)
[Fastbot][2026-06-19 03:51:53.431] <-- 200 OK  http://127.0.0.1:9008/jsonrpc/0 (144ms)
[Fastbot][2026-06-19 03:51:53.432] Content-Type: application/json
[Fastbot][2026-06-19 03:51:53.432] Date: Fri, 19 Jun 2026 03:51:53 GMT
[Fastbot][2026-06-19 03:51:53.432] Connection: keep-alive
[Fastbot][2026-06-19 03:51:53.432] Transfer-Encoding: chunked
[Fastbot][2026-06-19 03:51:53.477] 
[Fastbot][2026-06-19 03:51:53.477] {"jsonrpc":"2.0","id":1,"result":true}

[Fastbot][2026-06-19 03:51:53.478] <-- END HTTP (39-byte body)
[Fastbot][2026-06-19 03:51:54.534] [Proxy Server] Forwarding
[Fastbot][2026-06-19 03:51:54.534] --> POST http://127.0.0.1:9008/jsonrpc/0
[Fastbot][2026-06-19 03:51:54.534] Content-Type: application/json; charset=utf-8
[Fastbot][2026-06-19 03:51:54.534] Content-Length: 194
[Fastbot][2026-06-19 03:51:54.534] 
[Fastbot][2026-06-19 03:51:54.534] {"jsonrpc": "2.0", "id": 1, "method": "waitForExists", "params": [{"mask": 2097153, "childOrSibling": [], "childOrSiblingSelector": [], "resourceId": "android:id/button1", "text": "OK"}, 20000]}
[Fastbot][2026-06-19 03:51:54.534] --> END POST (194-byte body)
[Fastbot][2026-06-19 03:51:54.544] <-- 200 OK  http://127.0.0.1:9008/jsonrpc/0 (9ms)
[Fastbot][2026-06-19 03:51:54.544] Content-Type: application/json
[Fastbot][2026-06-19 03:51:54.544] Date: Fri, 19 Jun 2026 03:51:54 GMT
[Fastbot][2026-06-19 03:51:54.544] Connection: keep-alive
[Fastbot][2026-06-19 03:51:54.544] Transfer-Encoding: chunked
[Fastbot][2026-06-19 03:51:54.545] 
[Fastbot][2026-06-19 03:51:54.545] {"jsonrpc":"2.0","id":1,"result":true}

[Fastbot][2026-06-19 03:51:54.545] <-- END HTTP (39-byte body)
[Fastbot][2026-06-19 03:51:54.596] [Proxy Server] Forwarding
[Fastbot][2026-06-19 03:51:54.596] --> POST http://127.0.0.1:9008/jsonrpc/0
[Fastbot][2026-06-19 03:51:54.596] Content-Type: application/json; charset=utf-8
[Fastbot][2026-06-19 03:51:54.596] Content-Length: 181
[Fastbot][2026-06-19 03:51:54.597] 
[Fastbot][2026-06-19 03:51:54.597] {"jsonrpc": "2.0", "id": 1, "method": "objInfo", "params": [{"mask": 2097153, "childOrSibling": [], "childOrSiblingSelector": [], "resourceId": "android:id/button1", "text": "OK"}]}
[Fastbot][2026-06-19 03:51:54.597] --> END POST (181-byte body)
[Fastbot][2026-06-19 03:51:54.620] <-- 200 OK  http://127.0.0.1:9008/jsonrpc/0 (22ms)
[Fastbot][2026-06-19 03:51:54.620] Content-Type: application/json
[Fastbot][2026-06-19 03:51:54.620] Date: Fri, 19 Jun 2026 03:51:54 GMT
[Fastbot][2026-06-19 03:51:54.620] Connection: keep-alive
[Fastbot][2026-06-19 03:51:54.620] Transfer-Encoding: chunked
[Fastbot][2026-06-19 03:51:54.620] 
[Fastbot][2026-06-19 03:51:54.621] {"jsonrpc":"2.0","id":1,"result":{"bounds":{"bottom":1399,"left":669,"right":834,"top":1283},"childCount":0,"className":"android.widget.Button","contentDescription":null,"packageName":"net.gsantner.markor_test","resourceName":"android:id/button1","text":"OK","visibleBounds":{"bottom":1399,"left":669...[truncated]
[Fastbot][2026-06-19 03:51:54.621] <-- END HTTP (484-byte body)
[Fastbot][2026-06-19 03:51:54.660] [Proxy Server] Detected script method: click
[Fastbot][2026-06-19 03:51:54.660] [Proxy Server] Forwarding
[Fastbot][2026-06-19 03:51:54.660] --> POST http://127.0.0.1:9008/jsonrpc/0
[Fastbot][2026-06-19 03:51:54.660] Content-Type: application/json; charset=utf-8
[Fastbot][2026-06-19 03:51:54.660] Content-Length: 73
[Fastbot][2026-06-19 03:51:54.660] 
[Fastbot][2026-06-19 03:51:54.661] {"jsonrpc": "2.0", "id": 1, "method": "click", "params": [751.5, 1341.0]}
[Fastbot][2026-06-19 03:51:54.661] --> END POST (73-byte body)
[Fastbot][2026-06-19 03:51:54.798] <-- 200 OK  http://127.0.0.1:9008/jsonrpc/0 (136ms)
[Fastbot][2026-06-19 03:51:54.798] Content-Type: application/json
[Fastbot][2026-06-19 03:51:54.798] Date: Fri, 19 Jun 2026 03:51:54 GMT
[Fastbot][2026-06-19 03:51:54.798] Connection: keep-alive
[Fastbot][2026-06-19 03:51:54.798] Transfer-Encoding: chunked
[Fastbot][2026-06-19 03:51:54.799] 
[Fastbot][2026-06-19 03:51:54.799] {"jsonrpc":"2.0","id":1,"result":true}

[Fastbot][2026-06-19 03:51:54.799] <-- END HTTP (39-byte body)
[Fastbot][2026-06-19 03:51:55.828] [Proxy Server] Forwarding
[Fastbot][2026-06-19 03:51:55.828] --> POST http://127.0.0.1:9008/jsonrpc/0
[Fastbot][2026-06-19 03:51:55.828] Content-Type: application/json; charset=utf-8
[Fastbot][2026-06-19 03:51:55.828] Content-Length: 83
[Fastbot][2026-06-19 03:51:55.829] 
[Fastbot][2026-06-19 03:51:55.829] {"jsonrpc": "2.0", "id": 1, "method": "dumpWindowHierarchy", "params": [false, 50]}
[Fastbot][2026-06-19 03:51:55.829] --> END POST (83-byte body)
[Fastbot][2026-06-19 03:51:55.855] <-- 200 OK  http://127.0.0.1:9008/jsonrpc/0 (25ms)
[Fastbot][2026-06-19 03:51:55.855] Content-Type: application/json
[Fastbot][2026-06-19 03:51:55.855] Date: Fri, 19 Jun 2026 03:51:55 GMT
[Fastbot][2026-06-19 03:51:55.855] Connection: keep-alive
[Fastbot][2026-06-19 03:51:55.855] Transfer-Encoding: chunked
[Fastbot][2026-06-19 03:51:55.857] 
[Fastbot][2026-06-19 03:51:55.857] {"jsonrpc":"2.0","id":1,"result":"<?xml version='1.0' encoding='UTF-8' standalone='yes' ?>\r\n<hierarchy rotation=\"0\">\r\n  <node index=\"0\" text=\"\" resource-id=\"\" class=\"android.widget.FrameLayout\" package=\"com.android.systemui\" content-desc=\"\" checkable=\"false\" checked=\"false\" cli...[truncated]
[Fastbot][2026-06-19 03:51:55.857] <-- END HTTP (46116-byte body)
[Fastbot][2026-06-19 03:51:56.141] --> POST http://127.0.0.1:9008/jsonrpc/0
[Fastbot][2026-06-19 03:51:56.141] Content-Type: application/json; charset=utf-8
[Fastbot][2026-06-19 03:51:56.141] Content-Length: 75
[Fastbot][2026-06-19 03:51:56.141] 
[Fastbot][2026-06-19 03:51:56.142] {"id":1,"jsonrpc":"2.0","method":"dumpWindowHierarchy","params":[false,50]}
[Fastbot][2026-06-19 03:51:56.142] --> END POST (75-byte body)
[Fastbot][2026-06-19 03:51:56.172] <-- 200 OK  http://127.0.0.1:9008/jsonrpc/0 (30ms)
[Fastbot][2026-06-19 03:51:56.172] Content-Type: application/json
[Fastbot][2026-06-19 03:51:56.172] Date: Fri, 19 Jun 2026 03:51:56 GMT
[Fastbot][2026-06-19 03:51:56.172] Connection: keep-alive
[Fastbot][2026-06-19 03:51:56.172] Transfer-Encoding: chunked
[Fastbot][2026-06-19 03:51:56.175] 
[Fastbot][2026-06-19 03:51:56.175] {"jsonrpc":"2.0","id":1,"result":"<?xml version='1.0' encoding='UTF-8' standalone='yes' ?>\r\n<hierarchy rotation=\"0\">\r\n  <node index=\"0\" text=\"\" resource-id=\"\" class=\"android.widget.FrameLayout\" package=\"com.android.systemui\" content-desc=\"\" checkable=\"false\" checked=\"false\" cli...[truncated]
[Fastbot][2026-06-19 03:51:56.175] <-- END HTTP (46116-byte body)
[Fastbot][2026-06-19 03:51:56.250] [Proxy Server] Forwarding
[Fastbot][2026-06-19 03:51:56.251] --> POST http://127.0.0.1:9008/jsonrpc/0
[Fastbot][2026-06-19 03:51:56.251] Content-Type: application/json; charset=utf-8
[Fastbot][2026-06-19 03:51:56.251] Content-Length: 194
[Fastbot][2026-06-19 03:51:56.251] 
[Fastbot][2026-06-19 03:51:56.251] {"jsonrpc": "2.0", "id": 1, "method": "waitForExists", "params": [{"mask": 2097152, "childOrSibling": [], "childOrSiblingSelector": [], "resourceId": "net.gsantner.markor_test:id/icon"}, 20000]}
[Fastbot][2026-06-19 03:51:56.251] --> END POST (194-byte body)
[Fastbot][2026-06-19 03:51:56.263] <-- 200 OK  http://127.0.0.1:9008/jsonrpc/0 (11ms)
[Fastbot][2026-06-19 03:51:56.263] Content-Type: application/json
[Fastbot][2026-06-19 03:51:56.263] Date: Fri, 19 Jun 2026 03:51:56 GMT
[Fastbot][2026-06-19 03:51:56.263] Connection: keep-alive
[Fastbot][2026-06-19 03:51:56.263] Transfer-Encoding: chunked
[Fastbot][2026-06-19 03:51:56.263] 
[Fastbot][2026-06-19 03:51:56.263] {"jsonrpc":"2.0","id":1,"result":true}

[Fastbot][2026-06-19 03:51:56.263] <-- END HTTP (39-byte body)
[Fastbot][2026-06-19 03:51:56.313] [Proxy Server] Forwarding
[Fastbot][2026-06-19 03:51:56.313] --> POST http://127.0.0.1:9008/jsonrpc/0
[Fastbot][2026-06-19 03:51:56.314] Content-Type: application/json; charset=utf-8
[Fastbot][2026-06-19 03:51:56.314] Content-Length: 181
[Fastbot][2026-06-19 03:51:56.314] 
[Fastbot][2026-06-19 03:51:56.314] {"jsonrpc": "2.0", "id": 1, "method": "objInfo", "params": [{"mask": 2097152, "childOrSibling": [], "childOrSiblingSelector": [], "resourceId": "net.gsantner.markor_test:id/icon"}]}
[Fastbot][2026-06-19 03:51:56.314] --> END POST (181-byte body)
[Fastbot][2026-06-19 03:51:56.338] <-- 200 OK  http://127.0.0.1:9008/jsonrpc/0 (23ms)
[Fastbot][2026-06-19 03:51:56.338] Content-Type: application/json
[Fastbot][2026-06-19 03:51:56.338] Date: Fri, 19 Jun 2026 03:51:56 GMT
[Fastbot][2026-06-19 03:51:56.338] Connection: keep-alive
[Fastbot][2026-06-19 03:51:56.338] Transfer-Encoding: chunked
[Fastbot][2026-06-19 03:51:56.339] 
[Fastbot][2026-06-19 03:51:56.339] {"jsonrpc":"2.0","id":1,"result":{"bounds":{"bottom":2016,"left":102,"right":168,"top":2010},"childCount":0,"className":"android.widget.ImageView","contentDescription":null,"packageName":"net.gsantner.markor_test","resourceName":"net.gsantner.markor_test:id/icon","text":null,"visibleBounds":{"bottom...[truncated]
[Fastbot][2026-06-19 03:51:56.339] <-- END HTTP (502-byte body)
[Fastbot][2026-06-19 03:51:56.374] [Proxy Server] Detected script method: click
[Fastbot][2026-06-19 03:51:56.375] [Proxy Server] Forwarding
[Fastbot][2026-06-19 03:51:56.376] --> POST http://127.0.0.1:9008/jsonrpc/0
[Fastbot][2026-06-19 03:51:56.376] Content-Type: application/json; charset=utf-8
[Fastbot][2026-06-19 03:51:56.376] Content-Length: 73
[Fastbot][2026-06-19 03:51:56.376] 
[Fastbot][2026-06-19 03:51:56.376] {"jsonrpc": "2.0", "id": 1, "method": "click", "params": [135.0, 2013.0]}
[Fastbot][2026-06-19 03:51:56.376] --> END POST (73-byte body)
[Fastbot][2026-06-19 03:51:56.511] <-- 200 OK  http://127.0.0.1:9008/jsonrpc/0 (135ms)
[Fastbot][2026-06-19 03:51:56.512] Content-Type: application/json
[Fastbot][2026-06-19 03:51:56.512] Date: Fri, 19 Jun 2026 03:51:56 GMT
[Fastbot][2026-06-19 03:51:56.512] Connection: keep-alive
[Fastbot][2026-06-19 03:51:56.512] Transfer-Encoding: chunked
[Fastbot][2026-06-19 03:51:56.512] 
[Fastbot][2026-06-19 03:51:56.512] {"jsonrpc":"2.0","id":1,"result":true}

[Fastbot][2026-06-19 03:51:56.512] <-- END HTTP (39-byte body)
[Fastbot][2026-06-19 03:51:57.545] [Proxy Server] Forwarding
[Fastbot][2026-06-19 03:51:57.545] --> POST http://127.0.0.1:9008/jsonrpc/0
[Fastbot][2026-06-19 03:51:57.545] Content-Type: application/json; charset=utf-8
[Fastbot][2026-06-19 03:51:57.545] Content-Length: 202
[Fastbot][2026-06-19 03:51:57.546] 
[Fastbot][2026-06-19 03:51:57.546] {"jsonrpc": "2.0", "id": 1, "method": "waitForExists", "params": [{"mask": 2097152, "childOrSibling": [], "childOrSiblingSelector": [], "resourceId": "net.gsantner.markor_test:id/action_go_to"}, 20000]}
[Fastbot][2026-06-19 03:51:57.546] --> END POST (202-byte body)
[Fastbot][2026-06-19 03:51:57.559] <-- 200 OK  http://127.0.0.1:9008/jsonrpc/0 (12ms)
[Fastbot][2026-06-19 03:51:57.559] Content-Type: application/json
[Fastbot][2026-06-19 03:51:57.560] Date: Fri, 19 Jun 2026 03:51:57 GMT
[Fastbot][2026-06-19 03:51:57.560] Connection: keep-alive
[Fastbot][2026-06-19 03:51:57.560] Transfer-Encoding: chunked
[Fastbot][2026-06-19 03:51:57.561] 
[Fastbot][2026-06-19 03:51:57.561] {"jsonrpc":"2.0","id":1,"result":true}

[Fastbot][2026-06-19 03:51:57.561] <-- END HTTP (39-byte body)
[Fastbot][2026-06-19 03:51:57.606] [Proxy Server] Forwarding
[Fastbot][2026-06-19 03:51:57.606] --> POST http://127.0.0.1:9008/jsonrpc/0
[Fastbot][2026-06-19 03:51:57.607] Content-Type: application/json; charset=utf-8
[Fastbot][2026-06-19 03:51:57.607] Content-Length: 189
[Fastbot][2026-06-19 03:51:57.607] 
[Fastbot][2026-06-19 03:51:57.607] {"jsonrpc": "2.0", "id": 1, "method": "objInfo", "params": [{"mask": 2097152, "childOrSibling": [], "childOrSiblingSelector": [], "resourceId": "net.gsantner.markor_test:id/action_go_to"}]}
[Fastbot][2026-06-19 03:51:57.607] --> END POST (189-byte body)
[Fastbot][2026-06-19 03:51:57.632] <-- 200 OK  http://127.0.0.1:9008/jsonrpc/0 (24ms)
[Fastbot][2026-06-19 03:51:57.632] Content-Type: application/json
[Fastbot][2026-06-19 03:51:57.632] Date: Fri, 19 Jun 2026 03:51:57 GMT
[Fastbot][2026-06-19 03:51:57.632] Connection: keep-alive
[Fastbot][2026-06-19 03:51:57.633] Transfer-Encoding: chunked
[Fastbot][2026-06-19 03:51:57.633] 
[Fastbot][2026-06-19 03:51:57.633] {"jsonrpc":"2.0","id":1,"result":{"bounds":{"bottom":275,"left":639,"right":749,"top":143},"childCount":0,"className":"android.widget.TextView","contentDescription":"Go to","packageName":"net.gsantner.markor_test","resourceName":"net.gsantner.markor_test:id/action_go_to","text":null,"visibleBounds":...[truncated]
[Fastbot][2026-06-19 03:51:57.633] <-- END HTTP (506-byte body)
[Fastbot][2026-06-19 03:51:57.670] [Proxy Server] Detected script method: click
[Fastbot][2026-06-19 03:51:57.670] [Proxy Server] Forwarding
[Fastbot][2026-06-19 03:51:57.671] --> POST http://127.0.0.1:9008/jsonrpc/0
[Fastbot][2026-06-19 03:51:57.671] Content-Type: application/json; charset=utf-8
[Fastbot][2026-06-19 03:51:57.671] Content-Length: 72
[Fastbot][2026-06-19 03:51:57.671] 
[Fastbot][2026-06-19 03:51:57.671] {"jsonrpc": "2.0", "id": 1, "method": "click", "params": [694.0, 209.0]}
[Fastbot][2026-06-19 03:51:57.671] --> END POST (72-byte body)
[Fastbot][2026-06-19 03:51:57.814] <-- 200 OK  http://127.0.0.1:9008/jsonrpc/0 (142ms)
[Fastbot][2026-06-19 03:51:57.814] Content-Type: application/json
[Fastbot][2026-06-19 03:51:57.814] Date: Fri, 19 Jun 2026 03:51:57 GMT
[Fastbot][2026-06-19 03:51:57.815] Connection: keep-alive
[Fastbot][2026-06-19 03:51:57.815] Transfer-Encoding: chunked
[Fastbot][2026-06-19 03:51:57.815] 
[Fastbot][2026-06-19 03:51:57.815] {"jsonrpc":"2.0","id":1,"result":true}

[Fastbot][2026-06-19 03:51:57.815] <-- END HTTP (39-byte body)
[Fastbot][2026-06-19 03:51:58.845] [Proxy Server] Forwarding
[Fastbot][2026-06-19 03:51:58.846] --> POST http://127.0.0.1:9008/jsonrpc/0
[Fastbot][2026-06-19 03:51:58.846] Content-Type: application/json; charset=utf-8
[Fastbot][2026-06-19 03:51:58.846] Content-Length: 215
[Fastbot][2026-06-19 03:51:58.846] 
[Fastbot][2026-06-19 03:51:58.846] {"jsonrpc": "2.0", "id": 1, "method": "waitForExists", "params": [{"mask": 2097153, "childOrSibling": [], "childOrSiblingSelector": [], "resourceId": "net.gsantner.markor_test:id/title", "text": "Notebook"}, 20000]}
[Fastbot][2026-06-19 03:51:58.846] --> END POST (215-byte body)
[Fastbot][2026-06-19 03:51:58.859] <-- 200 OK  http://127.0.0.1:9008/jsonrpc/0 (12ms)
[Fastbot][2026-06-19 03:51:58.859] Content-Type: application/json
[Fastbot][2026-06-19 03:51:58.859] Date: Fri, 19 Jun 2026 03:51:58 GMT
[Fastbot][2026-06-19 03:51:58.859] Connection: keep-alive
[Fastbot][2026-06-19 03:51:58.859] Transfer-Encoding: chunked
[Fastbot][2026-06-19 03:51:58.860] 
[Fastbot][2026-06-19 03:51:58.860] {"jsonrpc":"2.0","id":1,"result":true}

[Fastbot][2026-06-19 03:51:58.860] <-- END HTTP (39-byte body)
[Fastbot][2026-06-19 03:51:58.907] [Proxy Server] Forwarding
[Fastbot][2026-06-19 03:51:58.908] --> POST http://127.0.0.1:9008/jsonrpc/0
[Fastbot][2026-06-19 03:51:58.908] Content-Type: application/json; charset=utf-8
[Fastbot][2026-06-19 03:51:58.908] Content-Length: 202
[Fastbot][2026-06-19 03:51:58.908] 
[Fastbot][2026-06-19 03:51:58.908] {"jsonrpc": "2.0", "id": 1, "method": "objInfo", "params": [{"mask": 2097153, "childOrSibling": [], "childOrSiblingSelector": [], "resourceId": "net.gsantner.markor_test:id/title", "text": "Notebook"}]}
[Fastbot][2026-06-19 03:51:58.909] --> END POST (202-byte body)
[Fastbot][2026-06-19 03:51:58.932] <-- 200 OK  http://127.0.0.1:9008/jsonrpc/0 (22ms)
[Fastbot][2026-06-19 03:51:58.932] Content-Type: application/json
[Fastbot][2026-06-19 03:51:58.932] Date: Fri, 19 Jun 2026 03:51:58 GMT
[Fastbot][2026-06-19 03:51:58.932] Connection: keep-alive
[Fastbot][2026-06-19 03:51:58.932] Transfer-Encoding: chunked
[Fastbot][2026-06-19 03:51:58.932] 
[Fastbot][2026-06-19 03:51:58.932] {"jsonrpc":"2.0","id":1,"result":{"bounds":{"bottom":1111,"left":443,"right":992,"top":1103},"childCount":0,"className":"android.widget.TextView","contentDescription":null,"packageName":"net.gsantner.markor_test","resourceName":"net.gsantner.markor_test:id/title","text":"Notebook","visibleBounds":{"...[truncated]
[Fastbot][2026-06-19 03:51:58.933] <-- END HTTP (509-byte body)
[Fastbot][2026-06-19 03:51:58.971] [Proxy Server] Detected script method: click
[Fastbot][2026-06-19 03:51:58.971] [Proxy Server] Forwarding
[Fastbot][2026-06-19 03:51:58.972] --> POST http://127.0.0.1:9008/jsonrpc/0
[Fastbot][2026-06-19 03:51:58.972] Content-Type: application/json; charset=utf-8
[Fastbot][2026-06-19 03:51:58.972] Content-Length: 73
[Fastbot][2026-06-19 03:51:58.972] 
[Fastbot][2026-06-19 03:51:58.972] {"jsonrpc": "2.0", "id": 1, "method": "click", "params": [717.5, 1107.0]}
[Fastbot][2026-06-19 03:51:58.972] --> END POST (73-byte body)
[Fastbot][2026-06-19 03:51:59.115] <-- 200 OK  http://127.0.0.1:9008/jsonrpc/0 (142ms)
[Fastbot][2026-06-19 03:51:59.116] Content-Type: application/json
[Fastbot][2026-06-19 03:51:59.116] Date: Fri, 19 Jun 2026 03:51:59 GMT
[Fastbot][2026-06-19 03:51:59.116] Connection: keep-alive
[Fastbot][2026-06-19 03:51:59.116] Transfer-Encoding: chunked
[Fastbot][2026-06-19 03:51:59.116] 
[Fastbot][2026-06-19 03:51:59.116] {"jsonrpc":"2.0","id":1,"result":true}

[Fastbot][2026-06-19 03:51:59.116] <-- END HTTP (39-byte body)
[Fastbot][2026-06-19 03:52:00.168] [Proxy Server] Forwarding
[Fastbot][2026-06-19 03:52:00.168] --> POST http://127.0.0.1:9008/jsonrpc/0
[Fastbot][2026-06-19 03:52:00.168] Content-Type: application/json; charset=utf-8
[Fastbot][2026-06-19 03:52:00.168] Content-Length: 202
[Fastbot][2026-06-19 03:52:00.169] 
[Fastbot][2026-06-19 03:52:00.169] {"jsonrpc": "2.0", "id": 1, "method": "count", "params": [{"mask": 2097152, "childOrSibling": [], "childOrSiblingSelector": [], "resourceId": "net.gsantner.markor_test:id/opoc_filesystem_item__title"}]}
[Fastbot][2026-06-19 03:52:00.169] --> END POST (202-byte body)
[Fastbot][2026-06-19 03:52:00.184] <-- 200 OK  http://127.0.0.1:9008/jsonrpc/0 (14ms)
[Fastbot][2026-06-19 03:52:00.184] Content-Type: application/json
[Fastbot][2026-06-19 03:52:00.184] Date: Fri, 19 Jun 2026 03:52:00 GMT
[Fastbot][2026-06-19 03:52:00.184] Connection: keep-alive
[Fastbot][2026-06-19 03:52:00.184] Transfer-Encoding: chunked
[Fastbot][2026-06-19 03:52:00.184] 
[Fastbot][2026-06-19 03:52:00.184] {"jsonrpc":"2.0","id":1,"result":3}

[Fastbot][2026-06-19 03:52:00.185] <-- END HTTP (36-byte body)
[Fastbot][2026-06-19 03:52:00.214] [Proxy Server] Forwarding
[Fastbot][2026-06-19 03:52:00.214] --> POST http://127.0.0.1:9008/jsonrpc/0
[Fastbot][2026-06-19 03:52:00.215] Content-Type: application/json; charset=utf-8
[Fastbot][2026-06-19 03:52:00.215] Content-Length: 233
[Fastbot][2026-06-19 03:52:00.215] 
[Fastbot][2026-06-19 03:52:00.215] {"jsonrpc": "2.0", "id": 1, "method": "waitForExists", "params": [{"mask": 18874368, "childOrSibling": [], "childOrSiblingSelector": [], "resourceId": "net.gsantner.markor_test:id/opoc_filesystem_item__title", "instance": 0}, 20000]}
[Fastbot][2026-06-19 03:52:00.215] --> END POST (233-byte body)
[Fastbot][2026-06-19 03:52:00.220] <-- 200 OK  http://127.0.0.1:9008/jsonrpc/0 (5ms)
[Fastbot][2026-06-19 03:52:00.220] Content-Type: application/json
[Fastbot][2026-06-19 03:52:00.220] Date: Fri, 19 Jun 2026 03:52:00 GMT
[Fastbot][2026-06-19 03:52:00.220] Connection: keep-alive
[Fastbot][2026-06-19 03:52:00.220] Transfer-Encoding: chunked
[Fastbot][2026-06-19 03:52:00.221] 
[Fastbot][2026-06-19 03:52:00.221] {"jsonrpc":"2.0","id":1,"result":true}

[Fastbot][2026-06-19 03:52:00.221] <-- END HTTP (39-byte body)
[Fastbot][2026-06-19 03:52:00.245] [Proxy Server] Forwarding
[Fastbot][2026-06-19 03:52:00.245] --> POST http://127.0.0.1:9008/jsonrpc/0
[Fastbot][2026-06-19 03:52:00.245] Content-Type: application/json; charset=utf-8
[Fastbot][2026-06-19 03:52:00.245] Content-Length: 220
[Fastbot][2026-06-19 03:52:00.245] 
[Fastbot][2026-06-19 03:52:00.245] {"jsonrpc": "2.0", "id": 1, "method": "getText", "params": [{"mask": 18874368, "childOrSibling": [], "childOrSiblingSelector": [], "resourceId": "net.gsantner.markor_test:id/opoc_filesystem_item__title", "instance": 0}]}
[Fastbot][2026-06-19 03:52:00.245] --> END POST (220-byte body)
[Fastbot][2026-06-19 03:52:00.254] <-- 200 OK  http://127.0.0.1:9008/jsonrpc/0 (8ms)
[Fastbot][2026-06-19 03:52:00.254] Content-Type: application/json
[Fastbot][2026-06-19 03:52:00.254] Date: Fri, 19 Jun 2026 03:52:00 GMT
[Fastbot][2026-06-19 03:52:00.254] Connection: keep-alive
[Fastbot][2026-06-19 03:52:00.254] Transfer-Encoding: chunked
[Fastbot][2026-06-19 03:52:00.305] 
[Fastbot][2026-06-19 03:52:00.305] {"jsonrpc":"2.0","id":1,"result":".."}

[Fastbot][2026-06-19 03:52:00.305] <-- END HTTP (39-byte body)
[Fastbot][2026-06-19 03:52:00.356] [Proxy Server] Forwarding
[Fastbot][2026-06-19 03:52:00.356] --> POST http://127.0.0.1:9008/jsonrpc/0
[Fastbot][2026-06-19 03:52:00.356] Content-Type: application/json; charset=utf-8
[Fastbot][2026-06-19 03:52:00.356] Content-Length: 233
[Fastbot][2026-06-19 03:52:00.356] 
[Fastbot][2026-06-19 03:52:00.356] {"jsonrpc": "2.0", "id": 1, "method": "waitForExists", "params": [{"mask": 18874368, "childOrSibling": [], "childOrSiblingSelector": [], "resourceId": "net.gsantner.markor_test:id/opoc_filesystem_item__title", "instance": 1}, 20000]}
[Fastbot][2026-06-19 03:52:00.357] --> END POST (233-byte body)
[Fastbot][2026-06-19 03:52:00.362] <-- 200 OK  http://127.0.0.1:9008/jsonrpc/0 (5ms)
[Fastbot][2026-06-19 03:52:00.362] Content-Type: application/json
[Fastbot][2026-06-19 03:52:00.362] Date: Fri, 19 Jun 2026 03:52:00 GMT
[Fastbot][2026-06-19 03:52:00.362] Connection: keep-alive
[Fastbot][2026-06-19 03:52:00.363] Transfer-Encoding: chunked
[Fastbot][2026-06-19 03:52:00.363] 
[Fastbot][2026-06-19 03:52:00.364] {"jsonrpc":"2.0","id":1,"result":true}

[Fastbot][2026-06-19 03:52:00.364] <-- END HTTP (39-byte body)
[Fastbot][2026-06-19 03:52:00.403] [Proxy Server] Forwarding
[Fastbot][2026-06-19 03:52:00.403] --> POST http://127.0.0.1:9008/jsonrpc/0
[Fastbot][2026-06-19 03:52:00.403] Content-Type: application/json; charset=utf-8
[Fastbot][2026-06-19 03:52:00.403] Content-Length: 220
[Fastbot][2026-06-19 03:52:00.403] 
[Fastbot][2026-06-19 03:52:00.403] {"jsonrpc": "2.0", "id": 1, "method": "getText", "params": [{"mask": 18874368, "childOrSibling": [], "childOrSiblingSelector": [], "resourceId": "net.gsantner.markor_test:id/opoc_filesystem_item__title", "instance": 1}]}
[Fastbot][2026-06-19 03:52:00.403] --> END POST (220-byte body)
[Fastbot][2026-06-19 03:52:00.410] <-- 200 OK  http://127.0.0.1:9008/jsonrpc/0 (7ms)
[Fastbot][2026-06-19 03:52:00.411] Content-Type: application/json
[Fastbot][2026-06-19 03:52:00.411] Date: Fri, 19 Jun 2026 03:52:00 GMT
[Fastbot][2026-06-19 03:52:00.411] Connection: keep-alive
[Fastbot][2026-06-19 03:52:00.411] Transfer-Encoding: chunked
[Fastbot][2026-06-19 03:52:00.411] 
[Fastbot][2026-06-19 03:52:00.411] {"jsonrpc":"2.0","id":1,"result":"A.txt"}

[Fastbot][2026-06-19 03:52:00.412] <-- END HTTP (42-byte body)
[Fastbot][2026-06-19 03:52:00.426] [Proxy Server] Forwarding
[Fastbot][2026-06-19 03:52:00.426] --> POST http://127.0.0.1:9008/jsonrpc/0
[Fastbot][2026-06-19 03:52:00.426] Content-Type: application/json; charset=utf-8
[Fastbot][2026-06-19 03:52:00.426] Content-Length: 233
[Fastbot][2026-06-19 03:52:00.426] 
[Fastbot][2026-06-19 03:52:00.426] {"jsonrpc": "2.0", "id": 1, "method": "waitForExists", "params": [{"mask": 18874368, "childOrSibling": [], "childOrSiblingSelector": [], "resourceId": "net.gsantner.markor_test:id/opoc_filesystem_item__title", "instance": 2}, 20000]}
[Fastbot][2026-06-19 03:52:00.426] --> END POST (233-byte body)
[Fastbot][2026-06-19 03:52:00.432] <-- 200 OK  http://127.0.0.1:9008/jsonrpc/0 (5ms)
[Fastbot][2026-06-19 03:52:00.432] Content-Type: application/json
[Fastbot][2026-06-19 03:52:00.432] Date: Fri, 19 Jun 2026 03:52:00 GMT
[Fastbot][2026-06-19 03:52:00.432] Connection: keep-alive
[Fastbot][2026-06-19 03:52:00.432] Transfer-Encoding: chunked
[Fastbot][2026-06-19 03:52:00.474] 
[Fastbot][2026-06-19 03:52:00.474] {"jsonrpc":"2.0","id":1,"result":true}

[Fastbot][2026-06-19 03:52:00.474] <-- END HTTP (39-byte body)
[Fastbot][2026-06-19 03:52:00.513] [Proxy Server] Forwarding
[Fastbot][2026-06-19 03:52:00.513] --> POST http://127.0.0.1:9008/jsonrpc/0
[Fastbot][2026-06-19 03:52:00.513] Content-Type: application/json; charset=utf-8
[Fastbot][2026-06-19 03:52:00.513] Content-Length: 220
[Fastbot][2026-06-19 03:52:00.513] 
[Fastbot][2026-06-19 03:52:00.513] {"jsonrpc": "2.0", "id": 1, "method": "getText", "params": [{"mask": 18874368, "childOrSibling": [], "childOrSiblingSelector": [], "resourceId": "net.gsantner.markor_test:id/opoc_filesystem_item__title", "instance": 2}]}
[Fastbot][2026-06-19 03:52:00.513] --> END POST (220-byte body)
[Fastbot][2026-06-19 03:52:00.521] <-- 200 OK  http://127.0.0.1:9008/jsonrpc/0 (6ms)
[Fastbot][2026-06-19 03:52:00.521] Content-Type: application/json
[Fastbot][2026-06-19 03:52:00.521] Date: Fri, 19 Jun 2026 03:52:00 GMT
[Fastbot][2026-06-19 03:52:00.521] Connection: keep-alive
[Fastbot][2026-06-19 03:52:00.521] Transfer-Encoding: chunked
[Fastbot][2026-06-19 03:52:00.521] 
[Fastbot][2026-06-19 03:52:00.521] {"jsonrpc":"2.0","id":1,"result":"HEP1p3Ccu1.md"}

[Fastbot][2026-06-19 03:52:00.521] <-- END HTTP (50-byte body)
[Fastbot][2026-06-19 03:52:00.559] [Proxy Server] Forwarding
[Fastbot][2026-06-19 03:52:00.560] --> POST http://127.0.0.1:9008/jsonrpc/0
[Fastbot][2026-06-19 03:52:00.560] Content-Type: application/json; charset=utf-8
[Fastbot][2026-06-19 03:52:00.560] Content-Length: 233
[Fastbot][2026-06-19 03:52:00.560] 
[Fastbot][2026-06-19 03:52:00.560] {"jsonrpc": "2.0", "id": 1, "method": "waitForExists", "params": [{"mask": 18874368, "childOrSibling": [], "childOrSiblingSelector": [], "resourceId": "net.gsantner.markor_test:id/opoc_filesystem_item__title", "instance": 2}, 20000]}
[Fastbot][2026-06-19 03:52:00.560] --> END POST (233-byte body)
[Fastbot][2026-06-19 03:52:00.566] <-- 200 OK  http://127.0.0.1:9008/jsonrpc/0 (5ms)
[Fastbot][2026-06-19 03:52:00.566] Content-Type: application/json
[Fastbot][2026-06-19 03:52:00.567] Date: Fri, 19 Jun 2026 03:52:00 GMT
[Fastbot][2026-06-19 03:52:00.567] Connection: keep-alive
[Fastbot][2026-06-19 03:52:00.567] Transfer-Encoding: chunked
[Fastbot][2026-06-19 03:52:00.567] 
[Fastbot][2026-06-19 03:52:00.567] {"jsonrpc":"2.0","id":1,"result":true}

[Fastbot][2026-06-19 03:52:00.567] <-- END HTTP (39-byte body)
[Fastbot][2026-06-19 03:52:00.621] [Proxy Server] Forwarding
[Fastbot][2026-06-19 03:52:00.621] --> POST http://127.0.0.1:9008/jsonrpc/0
[Fastbot][2026-06-19 03:52:00.622] Content-Type: application/json; charset=utf-8
[Fastbot][2026-06-19 03:52:00.622] Content-Length: 220
[Fastbot][2026-06-19 03:52:00.622] 
[Fastbot][2026-06-19 03:52:00.622] {"jsonrpc": "2.0", "id": 1, "method": "getText", "params": [{"mask": 18874368, "childOrSibling": [], "childOrSiblingSelector": [], "resourceId": "net.gsantner.markor_test:id/opoc_filesystem_item__title", "instance": 2}]}
[Fastbot][2026-06-19 03:52:00.622] --> END POST (220-byte body)
[Fastbot][2026-06-19 03:52:00.629] <-- 200 OK  http://127.0.0.1:9008/jsonrpc/0 (6ms)
[Fastbot][2026-06-19 03:52:00.629] Content-Type: application/json
[Fastbot][2026-06-19 03:52:00.629] Date: Fri, 19 Jun 2026 03:52:00 GMT
[Fastbot][2026-06-19 03:52:00.629] Connection: keep-alive
[Fastbot][2026-06-19 03:52:00.629] Transfer-Encoding: chunked
[Fastbot][2026-06-19 03:52:00.629] 
[Fastbot][2026-06-19 03:52:00.630] {"jsonrpc":"2.0","id":1,"result":"HEP1p3Ccu1.md"}

[Fastbot][2026-06-19 03:52:00.630] <-- END HTTP (50-byte body)
[Fastbot][2026-06-19 03:52:00.668] [Proxy Server] Forwarding
[Fastbot][2026-06-19 03:52:00.668] --> POST http://127.0.0.1:9008/jsonrpc/0
[Fastbot][2026-06-19 03:52:00.668] Content-Type: application/json; charset=utf-8
[Fastbot][2026-06-19 03:52:00.668] Content-Length: 242
[Fastbot][2026-06-19 03:52:00.669] 
[Fastbot][2026-06-19 03:52:00.669] {"jsonrpc": "2.0", "id": 1, "method": "waitForExists", "params": [{"mask": 2097153, "childOrSibling": [], "childOrSiblingSelector": [], "resourceId": "net.gsantner.markor_test:id/opoc_filesystem_item__title", "text": "HEP1p3Ccu1.md"}, 20000]}
[Fastbot][2026-06-19 03:52:00.669] --> END POST (242-byte body)
[Fastbot][2026-06-19 03:52:00.685] <-- 200 OK  http://127.0.0.1:9008/jsonrpc/0 (15ms)
[Fastbot][2026-06-19 03:52:00.685] Content-Type: application/json
[Fastbot][2026-06-19 03:52:00.685] Date: Fri, 19 Jun 2026 03:52:00 GMT
[Fastbot][2026-06-19 03:52:00.685] Connection: keep-alive
[Fastbot][2026-06-19 03:52:00.685] Transfer-Encoding: chunked
[Fastbot][2026-06-19 03:52:00.686] 
[Fastbot][2026-06-19 03:52:00.686] {"jsonrpc":"2.0","id":1,"result":true}

[Fastbot][2026-06-19 03:52:00.686] <-- END HTTP (39-byte body)
[Fastbot][2026-06-19 03:52:00.716] [Proxy Server] Forwarding
[Fastbot][2026-06-19 03:52:00.716] --> POST http://127.0.0.1:9008/jsonrpc/0
[Fastbot][2026-06-19 03:52:00.717] Content-Type: application/json; charset=utf-8
[Fastbot][2026-06-19 03:52:00.717] Content-Length: 229
[Fastbot][2026-06-19 03:52:00.717] 
[Fastbot][2026-06-19 03:52:00.718] {"jsonrpc": "2.0", "id": 1, "method": "objInfo", "params": [{"mask": 2097153, "childOrSibling": [], "childOrSiblingSelector": [], "resourceId": "net.gsantner.markor_test:id/opoc_filesystem_item__title", "text": "HEP1p3Ccu1.md"}]}
[Fastbot][2026-06-19 03:52:00.718] --> END POST (229-byte body)
[Fastbot][2026-06-19 03:52:00.743] <-- 200 OK  http://127.0.0.1:9008/jsonrpc/0 (24ms)
[Fastbot][2026-06-19 03:52:00.743] Content-Type: application/json
[Fastbot][2026-06-19 03:52:00.743] Date: Fri, 19 Jun 2026 03:52:00 GMT
[Fastbot][2026-06-19 03:52:00.743] Connection: keep-alive
[Fastbot][2026-06-19 03:52:00.743] Transfer-Encoding: chunked
[Fastbot][2026-06-19 03:52:00.786] 
[Fastbot][2026-06-19 03:52:00.786] {"jsonrpc":"2.0","id":1,"result":{"bounds":{"bottom":658,"left":165,"right":562,"top":588},"childCount":0,"className":"android.widget.TextView","contentDescription":null,"packageName":"net.gsantner.markor_test","resourceName":"net.gsantner.markor_test:id/opoc_filesystem_item__title","text":"HEP1p3Cc...[truncated]
[Fastbot][2026-06-19 03:52:00.786] <-- END HTTP (532-byte body)
[Fastbot][2026-06-19 03:52:00.825] [Proxy Server] Detected script method: click
[Fastbot][2026-06-19 03:52:00.825] [Proxy Server] Forwarding
[Fastbot][2026-06-19 03:52:00.826] --> POST http://127.0.0.1:9008/jsonrpc/0
[Fastbot][2026-06-19 03:52:00.826] Content-Type: application/json; charset=utf-8
[Fastbot][2026-06-19 03:52:00.826] Content-Length: 77
[Fastbot][2026-06-19 03:52:00.826] 
[Fastbot][2026-06-19 03:52:00.826] {"jsonrpc": "2.0", "id": 1, "method": "click", "params": [363.5, 623.0, 500]}
[Fastbot][2026-06-19 03:52:00.827] --> END POST (77-byte body)
[Fastbot][2026-06-19 03:52:01.628] <-- 200 OK  http://127.0.0.1:9008/jsonrpc/0 (800ms)
[Fastbot][2026-06-19 03:52:01.628] Content-Type: application/json
[Fastbot][2026-06-19 03:52:01.628] Date: Fri, 19 Jun 2026 03:52:01 GMT
[Fastbot][2026-06-19 03:52:01.628] Connection: keep-alive
[Fastbot][2026-06-19 03:52:01.628] Transfer-Encoding: chunked
[Fastbot][2026-06-19 03:52:01.628] 
[Fastbot][2026-06-19 03:52:01.628] {"jsonrpc":"2.0","id":1,"result":true}

[Fastbot][2026-06-19 03:52:01.628] <-- END HTTP (39-byte body)
[Fastbot][2026-06-19 03:52:02.676] [Proxy Server] Forwarding
[Fastbot][2026-06-19 03:52:02.677] --> POST http://127.0.0.1:9008/jsonrpc/0
[Fastbot][2026-06-19 03:52:02.677] Content-Type: application/json; charset=utf-8
[Fastbot][2026-06-19 03:52:02.677] Content-Length: 217
[Fastbot][2026-06-19 03:52:02.677] 
[Fastbot][2026-06-19 03:52:02.677] {"jsonrpc": "2.0", "id": 1, "method": "waitForExists", "params": [{"mask": 2097152, "childOrSibling": [], "childOrSiblingSelector": [], "resourceId": "net.gsantner.markor_test:id/action_rename_selected_item"}, 20000]}
[Fastbot][2026-06-19 03:52:02.678] --> END POST (217-byte body)
[Fastbot][2026-06-19 03:52:02.695] <-- 200 OK  http://127.0.0.1:9008/jsonrpc/0 (17ms)
[Fastbot][2026-06-19 03:52:02.695] Content-Type: application/json
[Fastbot][2026-06-19 03:52:02.695] Date: Fri, 19 Jun 2026 03:52:02 GMT
[Fastbot][2026-06-19 03:52:02.695] Connection: keep-alive
[Fastbot][2026-06-19 03:52:02.696] Transfer-Encoding: chunked
[Fastbot][2026-06-19 03:52:02.696] 
[Fastbot][2026-06-19 03:52:02.696] {"jsonrpc":"2.0","id":1,"result":true}

[Fastbot][2026-06-19 03:52:02.696] <-- END HTTP (39-byte body)
[Fastbot][2026-06-19 03:52:02.739] [Proxy Server] Forwarding
[Fastbot][2026-06-19 03:52:02.739] --> POST http://127.0.0.1:9008/jsonrpc/0
[Fastbot][2026-06-19 03:52:02.739] Content-Type: application/json; charset=utf-8
[Fastbot][2026-06-19 03:52:02.739] Content-Length: 204
[Fastbot][2026-06-19 03:52:02.740] 
[Fastbot][2026-06-19 03:52:02.740] {"jsonrpc": "2.0", "id": 1, "method": "objInfo", "params": [{"mask": 2097152, "childOrSibling": [], "childOrSiblingSelector": [], "resourceId": "net.gsantner.markor_test:id/action_rename_selected_item"}]}
[Fastbot][2026-06-19 03:52:02.740] --> END POST (204-byte body)
[Fastbot][2026-06-19 03:52:02.764] <-- 200 OK  http://127.0.0.1:9008/jsonrpc/0 (23ms)
[Fastbot][2026-06-19 03:52:02.764] Content-Type: application/json
[Fastbot][2026-06-19 03:52:02.764] Date: Fri, 19 Jun 2026 03:52:02 GMT
[Fastbot][2026-06-19 03:52:02.764] Connection: keep-alive
[Fastbot][2026-06-19 03:52:02.764] Transfer-Encoding: chunked
[Fastbot][2026-06-19 03:52:02.765] 
[Fastbot][2026-06-19 03:52:02.765] {"jsonrpc":"2.0","id":1,"result":{"bounds":{"bottom":275,"left":639,"right":749,"top":143},"childCount":0,"className":"android.widget.TextView","contentDescription":"Rename","packageName":"net.gsantner.markor_test","resourceName":"net.gsantner.markor_test:id/action_rename_selected_item","text":null,...[truncated]
[Fastbot][2026-06-19 03:52:02.765] <-- END HTTP (522-byte body)
[Fastbot][2026-06-19 03:52:02.801] [Proxy Server] Detected script method: click
[Fastbot][2026-06-19 03:52:02.801] [Proxy Server] Forwarding
[Fastbot][2026-06-19 03:52:02.801] --> POST http://127.0.0.1:9008/jsonrpc/0
[Fastbot][2026-06-19 03:52:02.801] Content-Type: application/json; charset=utf-8
[Fastbot][2026-06-19 03:52:02.802] Content-Length: 72
[Fastbot][2026-06-19 03:52:02.802] 
[Fastbot][2026-06-19 03:52:02.802] {"jsonrpc": "2.0", "id": 1, "method": "click", "params": [694.0, 209.0]}
[Fastbot][2026-06-19 03:52:02.802] --> END POST (72-byte body)
[Fastbot][2026-06-19 03:52:02.936] <-- 200 OK  http://127.0.0.1:9008/jsonrpc/0 (133ms)
[Fastbot][2026-06-19 03:52:02.936] Content-Type: application/json
[Fastbot][2026-06-19 03:52:02.936] Date: Fri, 19 Jun 2026 03:52:02 GMT
[Fastbot][2026-06-19 03:52:02.936] Connection: keep-alive
[Fastbot][2026-06-19 03:52:02.936] Transfer-Encoding: chunked
[Fastbot][2026-06-19 03:52:02.936] 
[Fastbot][2026-06-19 03:52:02.936] {"jsonrpc":"2.0","id":1,"result":true}

[Fastbot][2026-06-19 03:52:02.937] <-- END HTTP (39-byte body)
[Fastbot][2026-06-19 03:52:03.970] [Proxy Server] Forwarding
[Fastbot][2026-06-19 03:52:03.970] --> POST http://127.0.0.1:9008/jsonrpc/0
[Fastbot][2026-06-19 03:52:03.970] Content-Type: application/json; charset=utf-8
[Fastbot][2026-06-19 03:52:03.970] Content-Length: 198
[Fastbot][2026-06-19 03:52:03.970] 
[Fastbot][2026-06-19 03:52:03.970] {"jsonrpc": "2.0", "id": 1, "method": "waitForExists", "params": [{"mask": 2097152, "childOrSibling": [], "childOrSiblingSelector": [], "resourceId": "net.gsantner.markor_test:id/new_name"}, 20000]}
[Fastbot][2026-06-19 03:52:03.970] --> END POST (198-byte body)
[Fastbot][2026-06-19 03:52:03.982] <-- 200 OK  http://127.0.0.1:9008/jsonrpc/0 (11ms)
[Fastbot][2026-06-19 03:52:03.982] Content-Type: application/json
[Fastbot][2026-06-19 03:52:03.982] Date: Fri, 19 Jun 2026 03:52:03 GMT
[Fastbot][2026-06-19 03:52:03.982] Connection: keep-alive
[Fastbot][2026-06-19 03:52:03.982] Transfer-Encoding: chunked
[Fastbot][2026-06-19 03:52:03.983] 
[Fastbot][2026-06-19 03:52:03.983] {"jsonrpc":"2.0","id":1,"result":true}

[Fastbot][2026-06-19 03:52:03.983] <-- END HTTP (39-byte body)
[Fastbot][2026-06-19 03:52:04.017] [Proxy Server] Detected script method: setText
[Fastbot][2026-06-19 03:52:04.017] [Proxy Server] Forwarding
[Fastbot][2026-06-19 03:52:04.017] --> POST http://127.0.0.1:9008/jsonrpc/0
[Fastbot][2026-06-19 03:52:04.017] Content-Type: application/json; charset=utf-8
[Fastbot][2026-06-19 03:52:04.017] Content-Length: 198
[Fastbot][2026-06-19 03:52:04.017] 
[Fastbot][2026-06-19 03:52:04.017] {"jsonrpc": "2.0", "id": 1, "method": "setText", "params": [{"mask": 2097152, "childOrSibling": [], "childOrSiblingSelector": [], "resourceId": "net.gsantner.markor_test:id/new_name"}, "p2Trrd.md"]}
[Fastbot][2026-06-19 03:52:04.018] --> END POST (198-byte body)
[Fastbot][2026-06-19 03:52:04.144] <-- 200 OK  http://127.0.0.1:9008/jsonrpc/0 (126ms)
[Fastbot][2026-06-19 03:52:04.145] Content-Type: application/json
[Fastbot][2026-06-19 03:52:04.145] Date: Fri, 19 Jun 2026 03:52:04 GMT
[Fastbot][2026-06-19 03:52:04.145] Connection: keep-alive
[Fastbot][2026-06-19 03:52:04.145] Transfer-Encoding: chunked
[Fastbot][2026-06-19 03:52:04.145] 
[Fastbot][2026-06-19 03:52:04.145] {"jsonrpc":"2.0","id":1,"result":true}

[Fastbot][2026-06-19 03:52:04.145] <-- END HTTP (39-byte body)
[Fastbot][2026-06-19 03:52:05.184] [Proxy Server] Forwarding
[Fastbot][2026-06-19 03:52:05.185] --> POST http://127.0.0.1:9008/jsonrpc/0
[Fastbot][2026-06-19 03:52:05.185] Content-Type: application/json; charset=utf-8
[Fastbot][2026-06-19 03:52:05.185] Content-Length: 194
[Fastbot][2026-06-19 03:52:05.185] 
[Fastbot][2026-06-19 03:52:05.185] {"jsonrpc": "2.0", "id": 1, "method": "waitForExists", "params": [{"mask": 2097153, "childOrSibling": [], "childOrSiblingSelector": [], "resourceId": "android:id/button1", "text": "OK"}, 20000]}
[Fastbot][2026-06-19 03:52:05.185] --> END POST (194-byte body)
[Fastbot][2026-06-19 03:52:05.198] <-- 200 OK  http://127.0.0.1:9008/jsonrpc/0 (12ms)
[Fastbot][2026-06-19 03:52:05.199] Content-Type: application/json
[Fastbot][2026-06-19 03:52:05.199] Date: Fri, 19 Jun 2026 03:52:05 GMT
[Fastbot][2026-06-19 03:52:05.199] Connection: keep-alive
[Fastbot][2026-06-19 03:52:05.199] Transfer-Encoding: chunked
[Fastbot][2026-06-19 03:52:05.199] 
[Fastbot][2026-06-19 03:52:05.199] {"jsonrpc":"2.0","id":1,"result":true}

[Fastbot][2026-06-19 03:52:05.199] <-- END HTTP (39-byte body)
[Fastbot][2026-06-19 03:52:05.214] [Proxy Server] Forwarding
[Fastbot][2026-06-19 03:52:05.215] --> POST http://127.0.0.1:9008/jsonrpc/0
[Fastbot][2026-06-19 03:52:05.215] Content-Type: application/json; charset=utf-8
[Fastbot][2026-06-19 03:52:05.215] Content-Length: 181
[Fastbot][2026-06-19 03:52:05.215] 
[Fastbot][2026-06-19 03:52:05.215] {"jsonrpc": "2.0", "id": 1, "method": "objInfo", "params": [{"mask": 2097153, "childOrSibling": [], "childOrSiblingSelector": [], "resourceId": "android:id/button1", "text": "OK"}]}
[Fastbot][2026-06-19 03:52:05.215] --> END POST (181-byte body)
[Fastbot][2026-06-19 03:52:05.235] <-- 200 OK  http://127.0.0.1:9008/jsonrpc/0 (19ms)
[Fastbot][2026-06-19 03:52:05.235] Content-Type: application/json
[Fastbot][2026-06-19 03:52:05.235] Date: Fri, 19 Jun 2026 03:52:05 GMT
[Fastbot][2026-06-19 03:52:05.235] Connection: keep-alive
[Fastbot][2026-06-19 03:52:05.235] Transfer-Encoding: chunked
[Fastbot][2026-06-19 03:52:05.284] 
[Fastbot][2026-06-19 03:52:05.284] {"jsonrpc":"2.0","id":1,"result":{"bounds":{"bottom":1399,"left":669,"right":834,"top":1283},"childCount":0,"className":"android.widget.Button","contentDescription":null,"packageName":"net.gsantner.markor_test","resourceName":"android:id/button1","text":"OK","visibleBounds":{"bottom":1399,"left":669...[truncated]
[Fastbot][2026-06-19 03:52:05.284] <-- END HTTP (484-byte body)
[Fastbot][2026-06-19 03:52:05.324] [Proxy Server] Detected script method: click
[Fastbot][2026-06-19 03:52:05.325] [Proxy Server] Forwarding
[Fastbot][2026-06-19 03:52:05.325] --> POST http://127.0.0.1:9008/jsonrpc/0
[Fastbot][2026-06-19 03:52:05.325] Content-Type: application/json; charset=utf-8
[Fastbot][2026-06-19 03:52:05.325] Content-Length: 73
[Fastbot][2026-06-19 03:52:05.325] 
[Fastbot][2026-06-19 03:52:05.325] {"jsonrpc": "2.0", "id": 1, "method": "click", "params": [751.5, 1341.0]}
[Fastbot][2026-06-19 03:52:05.325] --> END POST (73-byte body)
[Fastbot][2026-06-19 03:52:05.464] <-- 200 OK  http://127.0.0.1:9008/jsonrpc/0 (137ms)
[Fastbot][2026-06-19 03:52:05.464] Content-Type: application/json
[Fastbot][2026-06-19 03:52:05.464] Date: Fri, 19 Jun 2026 03:52:05 GMT
[Fastbot][2026-06-19 03:52:05.464] Connection: keep-alive
[Fastbot][2026-06-19 03:52:05.464] Transfer-Encoding: chunked
[Fastbot][2026-06-19 03:52:05.465] 
[Fastbot][2026-06-19 03:52:05.466] {"jsonrpc":"2.0","id":1,"result":true}

[Fastbot][2026-06-19 03:52:05.466] <-- END HTTP (39-byte body)
[Fastbot][2026-06-19 03:52:06.500] [Proxy Server] Forwarding
[Fastbot][2026-06-19 03:52:06.500] --> POST http://127.0.0.1:9008/jsonrpc/0
[Fastbot][2026-06-19 03:52:06.500] Content-Type: application/json; charset=utf-8
[Fastbot][2026-06-19 03:52:06.500] Content-Length: 83
[Fastbot][2026-06-19 03:52:06.500] 
[Fastbot][2026-06-19 03:52:06.500] {"jsonrpc": "2.0", "id": 1, "method": "dumpWindowHierarchy", "params": [false, 50]}
[Fastbot][2026-06-19 03:52:06.501] --> END POST (83-byte body)
[Fastbot][2026-06-19 03:52:06.534] <-- 200 OK  http://127.0.0.1:9008/jsonrpc/0 (33ms)
[Fastbot][2026-06-19 03:52:06.534] Content-Type: application/json
[Fastbot][2026-06-19 03:52:06.535] Date: Fri, 19 Jun 2026 03:52:06 GMT
[Fastbot][2026-06-19 03:52:06.535] Connection: keep-alive
[Fastbot][2026-06-19 03:52:06.535] Transfer-Encoding: chunked
[Fastbot][2026-06-19 03:52:06.537] 
[Fastbot][2026-06-19 03:52:06.537] {"jsonrpc":"2.0","id":1,"result":"<?xml version='1.0' encoding='UTF-8' standalone='yes' ?>\r\n<hierarchy rotation=\"0\">\r\n  <node index=\"0\" text=\"\" resource-id=\"\" class=\"android.widget.FrameLayout\" package=\"com.android.systemui\" content-desc=\"\" checkable=\"false\" checked=\"false\" cli...[truncated]
[Fastbot][2026-06-19 03:52:06.537] <-- END HTTP (46108-byte body)
[Fastbot][2026-06-19 03:52:06.827] --> POST http://127.0.0.1:9008/jsonrpc/0
[Fastbot][2026-06-19 03:52:06.827] Content-Type: application/json; charset=utf-8
[Fastbot][2026-06-19 03:52:06.827] Content-Length: 75
[Fastbot][2026-06-19 03:52:06.827] 
[Fastbot][2026-06-19 03:52:06.827] {"id":1,"jsonrpc":"2.0","method":"dumpWindowHierarchy","params":[false,50]}
[Fastbot][2026-06-19 03:52:06.827] --> END POST (75-byte body)
[Fastbot][2026-06-19 03:52:06.856] <-- 200 OK  http://127.0.0.1:9008/jsonrpc/0 (28ms)
[Fastbot][2026-06-19 03:52:06.856] Content-Type: application/json
[Fastbot][2026-06-19 03:52:06.856] Date: Fri, 19 Jun 2026 03:52:06 GMT
[Fastbot][2026-06-19 03:52:06.856] Connection: keep-alive
[Fastbot][2026-06-19 03:52:06.856] Transfer-Encoding: chunked
[Fastbot][2026-06-19 03:52:06.859] 
[Fastbot][2026-06-19 03:52:06.859] {"jsonrpc":"2.0","id":1,"result":"<?xml version='1.0' encoding='UTF-8' standalone='yes' ?>\r\n<hierarchy rotation=\"0\">\r\n  <node index=\"0\" text=\"\" resource-id=\"\" class=\"android.widget.FrameLayout\" package=\"com.android.systemui\" content-desc=\"\" checkable=\"false\" checked=\"false\" cli...[truncated]
[Fastbot][2026-06-19 03:52:06.859] <-- END HTTP (46108-byte body)
[Fastbot][2026-06-19 03:52:06.905] [ProxyServer] stepsCount: 9
[Fastbot][2026-06-19 03:52:06.905] [ProxyServer] receive request: stepMonkey
[Fastbot][2026-06-19 03:52:06.905] [MonkeySourceApeU2] stepsCount: 9
[Fastbot][2026-06-19 03:52:06.905] [MonkeySourceApeU2] Latest event is MonkeyEvent. Use the cached hierarchy.
[Fastbot][2026-06-19 03:52:06.906] [MonkeySourceApeU2] Successfully Got hierarchy
[Fastbot][2026-06-19 03:52:06.909] // Event id: 56
[Fastbot][2026-06-19 03:52:06.909] topActivity Name: ComponentInfo{net.gsantner.markor_test/net.gsantner.markor.activity.MainActivity}
[Fastbot][2026-06-19 03:52:06.909] // Dumped stringOfGuiTree
[Fastbot][2026-06-19 03:52:06.909] topActivityName: net.gsantner.markor.activity.MainActivity
[Fastbot][2026-06-19 03:52:06.911] action type: LONG_CLICK
[Fastbot][2026-06-19 03:52:06.911] rpc cost time: 2
[Fastbot][2026-06-19 03:52:06.913] :Sending rotation degree=0, persist=false
[Fastbot][2026-06-19 03:52:06.917] :Sending Touch (ACTION_DOWN): 0:(966.0,180.0)
[Fastbot][2026-06-19 03:52:06.918] Wait Event for 1000 milliseconds
[Fastbot][2026-06-19 03:52:07.920] :Sending Touch (ACTION_UP): 0:(966.0,180.0)
[Fastbot][2026-06-19 03:52:07.922] Sleeping for 272 milliseconds
[Fastbot][2026-06-19 03:52:08.197] [ProxyServer] Finish monkey step. Dumping hierarchy
[Fastbot][2026-06-19 03:52:08.198] --> POST http://127.0.0.1:9008/jsonrpc/0
[Fastbot][2026-06-19 03:52:08.198] Content-Type: application/json; charset=utf-8
[Fastbot][2026-06-19 03:52:08.198] Content-Length: 75
[Fastbot][2026-06-19 03:52:08.198] 
[Fastbot][2026-06-19 03:52:08.198] {"id":1,"jsonrpc":"2.0","method":"dumpWindowHierarchy","params":[false,50]}
[Fastbot][2026-06-19 03:52:08.198] --> END POST (75-byte body)
[Fastbot][2026-06-19 03:52:08.231] <-- 200 OK  http://127.0.0.1:9008/jsonrpc/0 (32ms)
[Fastbot][2026-06-19 03:52:08.231] Content-Type: application/json
[Fastbot][2026-06-19 03:52:08.231] Date: Fri, 19 Jun 2026 03:52:08 GMT
[Fastbot][2026-06-19 03:52:08.231] Connection: keep-alive
[Fastbot][2026-06-19 03:52:08.231] Transfer-Encoding: chunked
[Fastbot][2026-06-19 03:52:08.233] 
[Fastbot][2026-06-19 03:52:08.233] {"jsonrpc":"2.0","id":1,"result":"<?xml version='1.0' encoding='UTF-8' standalone='yes' ?>\r\n<hierarchy rotation=\"0\">\r\n  <node index=\"0\" text=\"\" resource-id=\"\" class=\"android.widget.FrameLayout\" package=\"com.android.systemui\" content-desc=\"\" checkable=\"false\" checked=\"false\" cli...[truncated]
[Fastbot][2026-06-19 03:52:08.233] <-- END HTTP (46108-byte body)
[Fastbot][2026-06-19 03:52:08.277] [ProxyServer] stepsCount: 10
[Fastbot][2026-06-19 03:52:08.277] [ProxyServer] receive request: stepMonkey
[Fastbot][2026-06-19 03:52:08.277] [MonkeySourceApeU2] stepsCount: 10
[Fastbot][2026-06-19 03:52:08.278] [MonkeySourceApeU2] Latest event is MonkeyEvent. Use the cached hierarchy.
[Fastbot][2026-06-19 03:52:08.278] [MonkeySourceApeU2] Successfully Got hierarchy
[Fastbot][2026-06-19 03:52:08.281] // Event id: 61
[Fastbot][2026-06-19 03:52:08.282] topActivity Name: ComponentInfo{net.gsantner.markor_test/net.gsantner.markor.activity.MainActivity}
[Fastbot][2026-06-19 03:52:08.282] // Dumped stringOfGuiTree
[Fastbot][2026-06-19 03:52:08.282] topActivityName: net.gsantner.markor.activity.MainActivity
[Fastbot][2026-06-19 03:52:08.287] action type: LONG_CLICK
[Fastbot][2026-06-19 03:52:08.287] rpc cost time: 5
[Fastbot][2026-06-19 03:52:08.289] :Sending rotation degree=0, persist=false
[Fastbot][2026-06-19 03:52:08.297] :Sending Touch (ACTION_DOWN): 0:(104.0,339.0)
[Fastbot][2026-06-19 03:52:08.299] Wait Event for 1000 milliseconds
[Fastbot][2026-06-19 03:52:09.302] :Sending Touch (ACTION_UP): 0:(104.0,339.0)
[Fastbot][2026-06-19 03:52:09.304] Sleeping for 260 milliseconds
[Fastbot][2026-06-19 03:52:09.567] [ProxyServer] Finish monkey step. Dumping hierarchy
[Fastbot][2026-06-19 03:52:09.567] --> POST http://127.0.0.1:9008/jsonrpc/0
[Fastbot][2026-06-19 03:52:09.567] Content-Type: application/json; charset=utf-8
[Fastbot][2026-06-19 03:52:09.567] Content-Length: 75
[Fastbot][2026-06-19 03:52:09.568] 
[Fastbot][2026-06-19 03:52:09.568] {"id":1,"jsonrpc":"2.0","method":"dumpWindowHierarchy","params":[false,50]}
[Fastbot][2026-06-19 03:52:09.568] --> END POST (75-byte body)
[Fastbot][2026-06-19 03:52:09.592] <-- 200 OK  http://127.0.0.1:9008/jsonrpc/0 (23ms)
[Fastbot][2026-06-19 03:52:09.592] Content-Type: application/json
[Fastbot][2026-06-19 03:52:09.592] Date: Fri, 19 Jun 2026 03:52:09 GMT
[Fastbot][2026-06-19 03:52:09.592] Connection: keep-alive
[Fastbot][2026-06-19 03:52:09.592] Transfer-Encoding: chunked
[Fastbot][2026-06-19 03:52:09.601] 
[Fastbot][2026-06-19 03:52:09.601] {"jsonrpc":"2.0","id":1,"result":"<?xml version='1.0' encoding='UTF-8' standalone='yes' ?>\r\n<hierarchy rotation=\"0\">\r\n  <node index=\"0\" text=\"\" resource-id=\"\" class=\"android.widget.FrameLayout\" package=\"com.android.systemui\" content-desc=\"\" checkable=\"false\" checked=\"false\" cli...[truncated]
[Fastbot][2026-06-19 03:52:09.601] <-- END HTTP (46108-byte body)
[Fastbot][2026-06-19 03:52:09.684] [Proxy Server] Forwarding
[Fastbot][2026-06-19 03:52:09.684] --> POST http://127.0.0.1:9008/jsonrpc/0
[Fastbot][2026-06-19 03:52:09.685] Content-Type: application/json; charset=utf-8
[Fastbot][2026-06-19 03:52:09.685] Content-Length: 194
[Fastbot][2026-06-19 03:52:09.685] 
[Fastbot][2026-06-19 03:52:09.685] {"jsonrpc": "2.0", "id": 1, "method": "waitForExists", "params": [{"mask": 2097152, "childOrSibling": [], "childOrSiblingSelector": [], "resourceId": "net.gsantner.markor_test:id/icon"}, 20000]}
[Fastbot][2026-06-19 03:52:09.685] --> END POST (194-byte body)
[Fastbot][2026-06-19 03:52:09.699] <-- 200 OK  http://127.0.0.1:9008/jsonrpc/0 (13ms)
[Fastbot][2026-06-19 03:52:09.699] Content-Type: application/json
[Fastbot][2026-06-19 03:52:09.700] Date: Fri, 19 Jun 2026 03:52:09 GMT
[Fastbot][2026-06-19 03:52:09.700] Connection: keep-alive
[Fastbot][2026-06-19 03:52:09.700] Transfer-Encoding: chunked
[Fastbot][2026-06-19 03:52:09.700] 
[Fastbot][2026-06-19 03:52:09.701] {"jsonrpc":"2.0","id":1,"result":true}

[Fastbot][2026-06-19 03:52:09.701] <-- END HTTP (39-byte body)
[Fastbot][2026-06-19 03:52:09.717] [Proxy Server] Forwarding
[Fastbot][2026-06-19 03:52:09.717] --> POST http://127.0.0.1:9008/jsonrpc/0
[Fastbot][2026-06-19 03:52:09.718] Content-Type: application/json; charset=utf-8
[Fastbot][2026-06-19 03:52:09.718] Content-Length: 181
[Fastbot][2026-06-19 03:52:09.718] 
[Fastbot][2026-06-19 03:52:09.719] {"jsonrpc": "2.0", "id": 1, "method": "objInfo", "params": [{"mask": 2097152, "childOrSibling": [], "childOrSiblingSelector": [], "resourceId": "net.gsantner.markor_test:id/icon"}]}
[Fastbot][2026-06-19 03:52:09.719] --> END POST (181-byte body)
[Fastbot][2026-06-19 03:52:09.744] <-- 200 OK  http://127.0.0.1:9008/jsonrpc/0 (25ms)
[Fastbot][2026-06-19 03:52:09.745] Content-Type: application/json
[Fastbot][2026-06-19 03:52:09.745] Date: Fri, 19 Jun 2026 03:52:09 GMT
[Fastbot][2026-06-19 03:52:09.745] Connection: keep-alive
[Fastbot][2026-06-19 03:52:09.745] Transfer-Encoding: chunked
[Fastbot][2026-06-19 03:52:09.794] 
[Fastbot][2026-06-19 03:52:09.795] {"jsonrpc":"2.0","id":1,"result":{"bounds":{"bottom":2016,"left":102,"right":168,"top":2010},"childCount":0,"className":"android.widget.ImageView","contentDescription":null,"packageName":"net.gsantner.markor_test","resourceName":"net.gsantner.markor_test:id/icon","text":null,"visibleBounds":{"bottom...[truncated]
[Fastbot][2026-06-19 03:52:09.795] <-- END HTTP (502-byte body)
[Fastbot][2026-06-19 03:52:09.825] [Proxy Server] Detected script method: click
[Fastbot][2026-06-19 03:52:09.826] [Proxy Server] Forwarding
[Fastbot][2026-06-19 03:52:09.826] --> POST http://127.0.0.1:9008/jsonrpc/0
[Fastbot][2026-06-19 03:52:09.826] Content-Type: application/json; charset=utf-8
[Fastbot][2026-06-19 03:52:09.826] Content-Length: 73
[Fastbot][2026-06-19 03:52:09.827] 
[Fastbot][2026-06-19 03:52:09.827] {"jsonrpc": "2.0", "id": 1, "method": "click", "params": [135.0, 2013.0]}
[Fastbot][2026-06-19 03:52:09.827] --> END POST (73-byte body)
[Fastbot][2026-06-19 03:52:09.966] <-- 200 OK  http://127.0.0.1:9008/jsonrpc/0 (138ms)
[Fastbot][2026-06-19 03:52:09.966] Content-Type: application/json
[Fastbot][2026-06-19 03:52:09.966] Date: Fri, 19 Jun 2026 03:52:09 GMT
[Fastbot][2026-06-19 03:52:09.967] Connection: keep-alive
[Fastbot][2026-06-19 03:52:09.967] Transfer-Encoding: chunked
[Fastbot][2026-06-19 03:52:10.014] 
[Fastbot][2026-06-19 03:52:10.015] {"jsonrpc":"2.0","id":1,"result":true}

[Fastbot][2026-06-19 03:52:10.015] <-- END HTTP (39-byte body)
[Fastbot][2026-06-19 03:52:11.048] [Proxy Server] Forwarding
[Fastbot][2026-06-19 03:52:11.049] --> POST http://127.0.0.1:9008/jsonrpc/0
[Fastbot][2026-06-19 03:52:11.049] Content-Type: application/json; charset=utf-8
[Fastbot][2026-06-19 03:52:11.049] Content-Length: 202
[Fastbot][2026-06-19 03:52:11.049] 
[Fastbot][2026-06-19 03:52:11.049] {"jsonrpc": "2.0", "id": 1, "method": "waitForExists", "params": [{"mask": 2097152, "childOrSibling": [], "childOrSiblingSelector": [], "resourceId": "net.gsantner.markor_test:id/action_go_to"}, 20000]}
[Fastbot][2026-06-19 03:52:11.049] --> END POST (202-byte body)
[Fastbot][2026-06-19 03:52:11.068] <-- 200 OK  http://127.0.0.1:9008/jsonrpc/0 (18ms)
[Fastbot][2026-06-19 03:52:11.068] Content-Type: application/json
[Fastbot][2026-06-19 03:52:11.068] Date: Fri, 19 Jun 2026 03:52:11 GMT
[Fastbot][2026-06-19 03:52:11.068] Connection: keep-alive
[Fastbot][2026-06-19 03:52:11.068] Transfer-Encoding: chunked
[Fastbot][2026-06-19 03:52:11.069] 
[Fastbot][2026-06-19 03:52:11.069] {"jsonrpc":"2.0","id":1,"result":true}

[Fastbot][2026-06-19 03:52:11.069] <-- END HTTP (39-byte body)
[Fastbot][2026-06-19 03:52:11.107] [Proxy Server] Forwarding
[Fastbot][2026-06-19 03:52:11.107] --> POST http://127.0.0.1:9008/jsonrpc/0
[Fastbot][2026-06-19 03:52:11.107] Content-Type: application/json; charset=utf-8
[Fastbot][2026-06-19 03:52:11.107] Content-Length: 189
[Fastbot][2026-06-19 03:52:11.107] 
[Fastbot][2026-06-19 03:52:11.107] {"jsonrpc": "2.0", "id": 1, "method": "objInfo", "params": [{"mask": 2097152, "childOrSibling": [], "childOrSiblingSelector": [], "resourceId": "net.gsantner.markor_test:id/action_go_to"}]}
[Fastbot][2026-06-19 03:52:11.107] --> END POST (189-byte body)
[Fastbot][2026-06-19 03:52:11.138] <-- 200 OK  http://127.0.0.1:9008/jsonrpc/0 (30ms)
[Fastbot][2026-06-19 03:52:11.138] Content-Type: application/json
[Fastbot][2026-06-19 03:52:11.138] Date: Fri, 19 Jun 2026 03:52:11 GMT
[Fastbot][2026-06-19 03:52:11.138] Connection: keep-alive
[Fastbot][2026-06-19 03:52:11.138] Transfer-Encoding: chunked
[Fastbot][2026-06-19 03:52:11.138] 
[Fastbot][2026-06-19 03:52:11.139] {"jsonrpc":"2.0","id":1,"result":{"bounds":{"bottom":275,"left":639,"right":749,"top":143},"childCount":0,"className":"android.widget.TextView","contentDescription":"Go to","packageName":"net.gsantner.markor_test","resourceName":"net.gsantner.markor_test:id/action_go_to","text":null,"visibleBounds":...[truncated]
[Fastbot][2026-06-19 03:52:11.139] <-- END HTTP (506-byte body)
[Fastbot][2026-06-19 03:52:11.169] [Proxy Server] Detected script method: click
[Fastbot][2026-06-19 03:52:11.170] [Proxy Server] Forwarding
[Fastbot][2026-06-19 03:52:11.170] --> POST http://127.0.0.1:9008/jsonrpc/0
[Fastbot][2026-06-19 03:52:11.170] Content-Type: application/json; charset=utf-8
[Fastbot][2026-06-19 03:52:11.170] Content-Length: 72
[Fastbot][2026-06-19 03:52:11.170] 
[Fastbot][2026-06-19 03:52:11.170] {"jsonrpc": "2.0", "id": 1, "method": "click", "params": [694.0, 209.0]}
[Fastbot][2026-06-19 03:52:11.171] --> END POST (72-byte body)
[Fastbot][2026-06-19 03:52:11.360] <-- 200 OK  http://127.0.0.1:9008/jsonrpc/0 (189ms)
[Fastbot][2026-06-19 03:52:11.361] Content-Type: application/json
[Fastbot][2026-06-19 03:52:11.361] Date: Fri, 19 Jun 2026 03:52:11 GMT
[Fastbot][2026-06-19 03:52:11.361] Connection: keep-alive
[Fastbot][2026-06-19 03:52:11.361] Transfer-Encoding: chunked
[Fastbot][2026-06-19 03:52:11.405] 
[Fastbot][2026-06-19 03:52:11.405] {"jsonrpc":"2.0","id":1,"result":true}

[Fastbot][2026-06-19 03:52:11.405] <-- END HTTP (39-byte body)
[Fastbot][2026-06-19 03:52:12.423] [Proxy Server] Forwarding
[Fastbot][2026-06-19 03:52:12.423] --> POST http://127.0.0.1:9008/jsonrpc/0
[Fastbot][2026-06-19 03:52:12.423] Content-Type: application/json; charset=utf-8
[Fastbot][2026-06-19 03:52:12.423] Content-Length: 215
[Fastbot][2026-06-19 03:52:12.423] 
[Fastbot][2026-06-19 03:52:12.423] {"jsonrpc": "2.0", "id": 1, "method": "waitForExists", "params": [{"mask": 2097153, "childOrSibling": [], "childOrSiblingSelector": [], "resourceId": "net.gsantner.markor_test:id/title", "text": "Notebook"}, 20000]}
[Fastbot][2026-06-19 03:52:12.424] --> END POST (215-byte body)
[Fastbot][2026-06-19 03:52:12.438] <-- 200 OK  http://127.0.0.1:9008/jsonrpc/0 (14ms)
[Fastbot][2026-06-19 03:52:12.438] Content-Type: application/json
[Fastbot][2026-06-19 03:52:12.438] Date: Fri, 19 Jun 2026 03:52:12 GMT
[Fastbot][2026-06-19 03:52:12.438] Connection: keep-alive
[Fastbot][2026-06-19 03:52:12.438] Transfer-Encoding: chunked
[Fastbot][2026-06-19 03:52:12.439] 
[Fastbot][2026-06-19 03:52:12.439] {"jsonrpc":"2.0","id":1,"result":true}

[Fastbot][2026-06-19 03:52:12.439] <-- END HTTP (39-byte body)
[Fastbot][2026-06-19 03:52:12.484] [Proxy Server] Forwarding
[Fastbot][2026-06-19 03:52:12.484] --> POST http://127.0.0.1:9008/jsonrpc/0
[Fastbot][2026-06-19 03:52:12.484] Content-Type: application/json; charset=utf-8
[Fastbot][2026-06-19 03:52:12.484] Content-Length: 202
[Fastbot][2026-06-19 03:52:12.485] 
[Fastbot][2026-06-19 03:52:12.485] {"jsonrpc": "2.0", "id": 1, "method": "objInfo", "params": [{"mask": 2097153, "childOrSibling": [], "childOrSiblingSelector": [], "resourceId": "net.gsantner.markor_test:id/title", "text": "Notebook"}]}
[Fastbot][2026-06-19 03:52:12.485] --> END POST (202-byte body)
[Fastbot][2026-06-19 03:52:12.505] <-- 200 OK  http://127.0.0.1:9008/jsonrpc/0 (20ms)
[Fastbot][2026-06-19 03:52:12.505] Content-Type: application/json
[Fastbot][2026-06-19 03:52:12.505] Date: Fri, 19 Jun 2026 03:52:12 GMT
[Fastbot][2026-06-19 03:52:12.505] Connection: keep-alive
[Fastbot][2026-06-19 03:52:12.505] Transfer-Encoding: chunked
[Fastbot][2026-06-19 03:52:12.506] 
[Fastbot][2026-06-19 03:52:12.506] {"jsonrpc":"2.0","id":1,"result":{"bounds":{"bottom":1111,"left":443,"right":992,"top":1103},"childCount":0,"className":"android.widget.TextView","contentDescription":null,"packageName":"net.gsantner.markor_test","resourceName":"net.gsantner.markor_test:id/title","text":"Notebook","visibleBounds":{"...[truncated]
[Fastbot][2026-06-19 03:52:12.506] <-- END HTTP (509-byte body)
[Fastbot][2026-06-19 03:52:12.547] [Proxy Server] Detected script method: click
[Fastbot][2026-06-19 03:52:12.547] [Proxy Server] Forwarding
[Fastbot][2026-06-19 03:52:12.548] --> POST http://127.0.0.1:9008/jsonrpc/0
[Fastbot][2026-06-19 03:52:12.548] Content-Type: application/json; charset=utf-8
[Fastbot][2026-06-19 03:52:12.548] Content-Length: 73
[Fastbot][2026-06-19 03:52:12.548] 
[Fastbot][2026-06-19 03:52:12.548] {"jsonrpc": "2.0", "id": 1, "method": "click", "params": [717.5, 1107.0]}
[Fastbot][2026-06-19 03:52:12.548] --> END POST (73-byte body)
[Fastbot][2026-06-19 03:52:12.682] <-- 200 OK  http://127.0.0.1:9008/jsonrpc/0 (133ms)
[Fastbot][2026-06-19 03:52:12.682] Content-Type: application/json
[Fastbot][2026-06-19 03:52:12.682] Date: Fri, 19 Jun 2026 03:52:12 GMT
[Fastbot][2026-06-19 03:52:12.683] Connection: keep-alive
[Fastbot][2026-06-19 03:52:12.683] Transfer-Encoding: chunked
[Fastbot][2026-06-19 03:52:12.683] 
[Fastbot][2026-06-19 03:52:12.683] {"jsonrpc":"2.0","id":1,"result":true}

[Fastbot][2026-06-19 03:52:12.683] <-- END HTTP (39-byte body)
[Fastbot][2026-06-19 03:52:13.721] [Proxy Server] Forwarding
[Fastbot][2026-06-19 03:52:13.721] --> POST http://127.0.0.1:9008/jsonrpc/0
[Fastbot][2026-06-19 03:52:13.721] Content-Type: application/json; charset=utf-8
[Fastbot][2026-06-19 03:52:13.721] Content-Length: 202
[Fastbot][2026-06-19 03:52:13.721] 
[Fastbot][2026-06-19 03:52:13.722] {"jsonrpc": "2.0", "id": 1, "method": "count", "params": [{"mask": 2097152, "childOrSibling": [], "childOrSiblingSelector": [], "resourceId": "net.gsantner.markor_test:id/opoc_filesystem_item__title"}]}
[Fastbot][2026-06-19 03:52:13.722] --> END POST (202-byte body)
[Fastbot][2026-06-19 03:52:13.740] <-- 200 OK  http://127.0.0.1:9008/jsonrpc/0 (17ms)
[Fastbot][2026-06-19 03:52:13.740] Content-Type: application/json
[Fastbot][2026-06-19 03:52:13.740] Date: Fri, 19 Jun 2026 03:52:13 GMT
[Fastbot][2026-06-19 03:52:13.740] Connection: keep-alive
[Fastbot][2026-06-19 03:52:13.740] Transfer-Encoding: chunked
[Fastbot][2026-06-19 03:52:13.740] 
[Fastbot][2026-06-19 03:52:13.740] {"jsonrpc":"2.0","id":1,"result":3}

[Fastbot][2026-06-19 03:52:13.741] <-- END HTTP (36-byte body)
[Fastbot][2026-06-19 03:52:13.783] [Proxy Server] Forwarding
[Fastbot][2026-06-19 03:52:13.783] --> POST http://127.0.0.1:9008/jsonrpc/0
[Fastbot][2026-06-19 03:52:13.783] Content-Type: application/json; charset=utf-8
[Fastbot][2026-06-19 03:52:13.783] Content-Length: 233
[Fastbot][2026-06-19 03:52:13.783] 
[Fastbot][2026-06-19 03:52:13.784] {"jsonrpc": "2.0", "id": 1, "method": "waitForExists", "params": [{"mask": 18874368, "childOrSibling": [], "childOrSiblingSelector": [], "resourceId": "net.gsantner.markor_test:id/opoc_filesystem_item__title", "instance": 0}, 20000]}
[Fastbot][2026-06-19 03:52:13.784] --> END POST (233-byte body)
[Fastbot][2026-06-19 03:52:13.789] <-- 200 OK  http://127.0.0.1:9008/jsonrpc/0 (5ms)
[Fastbot][2026-06-19 03:52:13.790] Content-Type: application/json
[Fastbot][2026-06-19 03:52:13.790] Date: Fri, 19 Jun 2026 03:52:13 GMT
[Fastbot][2026-06-19 03:52:13.790] Connection: keep-alive
[Fastbot][2026-06-19 03:52:13.790] Transfer-Encoding: chunked
[Fastbot][2026-06-19 03:52:13.790] 
[Fastbot][2026-06-19 03:52:13.790] {"jsonrpc":"2.0","id":1,"result":true}

[Fastbot][2026-06-19 03:52:13.790] <-- END HTTP (39-byte body)
[Fastbot][2026-06-19 03:52:13.844] [Proxy Server] Forwarding
[Fastbot][2026-06-19 03:52:13.844] --> POST http://127.0.0.1:9008/jsonrpc/0
[Fastbot][2026-06-19 03:52:13.844] Content-Type: application/json; charset=utf-8
[Fastbot][2026-06-19 03:52:13.844] Content-Length: 220
[Fastbot][2026-06-19 03:52:13.844] 
[Fastbot][2026-06-19 03:52:13.845] {"jsonrpc": "2.0", "id": 1, "method": "getText", "params": [{"mask": 18874368, "childOrSibling": [], "childOrSiblingSelector": [], "resourceId": "net.gsantner.markor_test:id/opoc_filesystem_item__title", "instance": 0}]}
[Fastbot][2026-06-19 03:52:13.845] --> END POST (220-byte body)
[Fastbot][2026-06-19 03:52:13.851] <-- 200 OK  http://127.0.0.1:9008/jsonrpc/0 (6ms)
[Fastbot][2026-06-19 03:52:13.851] Content-Type: application/json
[Fastbot][2026-06-19 03:52:13.852] Date: Fri, 19 Jun 2026 03:52:13 GMT
[Fastbot][2026-06-19 03:52:13.852] Connection: keep-alive
[Fastbot][2026-06-19 03:52:13.852] Transfer-Encoding: chunked
[Fastbot][2026-06-19 03:52:13.852] 
[Fastbot][2026-06-19 03:52:13.852] {"jsonrpc":"2.0","id":1,"result":".."}

[Fastbot][2026-06-19 03:52:13.852] <-- END HTTP (39-byte body)
[Fastbot][2026-06-19 03:52:13.889] [Proxy Server] Forwarding
[Fastbot][2026-06-19 03:52:13.890] --> POST http://127.0.0.1:9008/jsonrpc/0
[Fastbot][2026-06-19 03:52:13.890] Content-Type: application/json; charset=utf-8
[Fastbot][2026-06-19 03:52:13.890] Content-Length: 233
[Fastbot][2026-06-19 03:52:13.890] 
[Fastbot][2026-06-19 03:52:13.890] {"jsonrpc": "2.0", "id": 1, "method": "waitForExists", "params": [{"mask": 18874368, "childOrSibling": [], "childOrSiblingSelector": [], "resourceId": "net.gsantner.markor_test:id/opoc_filesystem_item__title", "instance": 1}, 20000]}
[Fastbot][2026-06-19 03:52:13.890] --> END POST (233-byte body)
[Fastbot][2026-06-19 03:52:13.897] <-- 200 OK  http://127.0.0.1:9008/jsonrpc/0 (6ms)
[Fastbot][2026-06-19 03:52:13.897] Content-Type: application/json
[Fastbot][2026-06-19 03:52:13.897] Date: Fri, 19 Jun 2026 03:52:13 GMT
[Fastbot][2026-06-19 03:52:13.897] Connection: keep-alive
[Fastbot][2026-06-19 03:52:13.897] Transfer-Encoding: chunked
[Fastbot][2026-06-19 03:52:13.898] 
[Fastbot][2026-06-19 03:52:13.898] {"jsonrpc":"2.0","id":1,"result":true}

[Fastbot][2026-06-19 03:52:13.898] <-- END HTTP (39-byte body)
[Fastbot][2026-06-19 03:52:13.937] [Proxy Server] Forwarding
[Fastbot][2026-06-19 03:52:13.937] --> POST http://127.0.0.1:9008/jsonrpc/0
[Fastbot][2026-06-19 03:52:13.937] Content-Type: application/json; charset=utf-8
[Fastbot][2026-06-19 03:52:13.937] Content-Length: 220
[Fastbot][2026-06-19 03:52:13.937] 
[Fastbot][2026-06-19 03:52:13.937] {"jsonrpc": "2.0", "id": 1, "method": "getText", "params": [{"mask": 18874368, "childOrSibling": [], "childOrSiblingSelector": [], "resourceId": "net.gsantner.markor_test:id/opoc_filesystem_item__title", "instance": 1}]}
[Fastbot][2026-06-19 03:52:13.938] --> END POST (220-byte body)
[Fastbot][2026-06-19 03:52:13.943] <-- 200 OK  http://127.0.0.1:9008/jsonrpc/0 (5ms)
[Fastbot][2026-06-19 03:52:13.943] Content-Type: application/json
[Fastbot][2026-06-19 03:52:13.943] Date: Fri, 19 Jun 2026 03:52:13 GMT
[Fastbot][2026-06-19 03:52:13.943] Connection: keep-alive
[Fastbot][2026-06-19 03:52:13.943] Transfer-Encoding: chunked
[Fastbot][2026-06-19 03:52:13.944] 
[Fastbot][2026-06-19 03:52:13.944] {"jsonrpc":"2.0","id":1,"result":"A.txt"}

[Fastbot][2026-06-19 03:52:13.944] <-- END HTTP (42-byte body)
[Fastbot][2026-06-19 03:52:13.998] [Proxy Server] Forwarding
[Fastbot][2026-06-19 03:52:13.999] --> POST http://127.0.0.1:9008/jsonrpc/0
[Fastbot][2026-06-19 03:52:13.999] Content-Type: application/json; charset=utf-8
[Fastbot][2026-06-19 03:52:13.999] Content-Length: 233
[Fastbot][2026-06-19 03:52:13.999] 
[Fastbot][2026-06-19 03:52:13.999] {"jsonrpc": "2.0", "id": 1, "method": "waitForExists", "params": [{"mask": 18874368, "childOrSibling": [], "childOrSiblingSelector": [], "resourceId": "net.gsantner.markor_test:id/opoc_filesystem_item__title", "instance": 2}, 20000]}
[Fastbot][2026-06-19 03:52:13.999] --> END POST (233-byte body)
[Fastbot][2026-06-19 03:52:14.007] <-- 200 OK  http://127.0.0.1:9008/jsonrpc/0 (7ms)
[Fastbot][2026-06-19 03:52:14.007] Content-Type: application/json
[Fastbot][2026-06-19 03:52:14.007] Date: Fri, 19 Jun 2026 03:52:14 GMT
[Fastbot][2026-06-19 03:52:14.007] Connection: keep-alive
[Fastbot][2026-06-19 03:52:14.007] Transfer-Encoding: chunked
[Fastbot][2026-06-19 03:52:14.007] 
[Fastbot][2026-06-19 03:52:14.008] {"jsonrpc":"2.0","id":1,"result":true}

[Fastbot][2026-06-19 03:52:14.008] <-- END HTTP (39-byte body)
[Fastbot][2026-06-19 03:52:14.062] [Proxy Server] Forwarding
[Fastbot][2026-06-19 03:52:14.062] --> POST http://127.0.0.1:9008/jsonrpc/0
[Fastbot][2026-06-19 03:52:14.062] Content-Type: application/json; charset=utf-8
[Fastbot][2026-06-19 03:52:14.062] Content-Length: 220
[Fastbot][2026-06-19 03:52:14.062] 
[Fastbot][2026-06-19 03:52:14.062] {"jsonrpc": "2.0", "id": 1, "method": "getText", "params": [{"mask": 18874368, "childOrSibling": [], "childOrSiblingSelector": [], "resourceId": "net.gsantner.markor_test:id/opoc_filesystem_item__title", "instance": 2}]}
[Fastbot][2026-06-19 03:52:14.062] --> END POST (220-byte body)
[Fastbot][2026-06-19 03:52:14.074] <-- 200 OK  http://127.0.0.1:9008/jsonrpc/0 (11ms)
[Fastbot][2026-06-19 03:52:14.075] Content-Type: application/json
[Fastbot][2026-06-19 03:52:14.076] Date: Fri, 19 Jun 2026 03:52:14 GMT
[Fastbot][2026-06-19 03:52:14.076] Connection: keep-alive
[Fastbot][2026-06-19 03:52:14.076] Transfer-Encoding: chunked
[Fastbot][2026-06-19 03:52:14.076] 
[Fastbot][2026-06-19 03:52:14.076] {"jsonrpc":"2.0","id":1,"result":"p2Trrd.md"}

[Fastbot][2026-06-19 03:52:14.076] <-- END HTTP (46-byte body)
[Fastbot][2026-06-19 03:52:14.109] [Proxy Server] Forwarding
[Fastbot][2026-06-19 03:52:14.109] --> POST http://127.0.0.1:9008/jsonrpc/0
[Fastbot][2026-06-19 03:52:14.109] Content-Type: application/json; charset=utf-8
[Fastbot][2026-06-19 03:52:14.109] Content-Length: 233
[Fastbot][2026-06-19 03:52:14.109] 
[Fastbot][2026-06-19 03:52:14.109] {"jsonrpc": "2.0", "id": 1, "method": "waitForExists", "params": [{"mask": 18874368, "childOrSibling": [], "childOrSiblingSelector": [], "resourceId": "net.gsantner.markor_test:id/opoc_filesystem_item__title", "instance": 2}, 20000]}
[Fastbot][2026-06-19 03:52:14.109] --> END POST (233-byte body)
[Fastbot][2026-06-19 03:52:14.116] <-- 200 OK  http://127.0.0.1:9008/jsonrpc/0 (6ms)
[Fastbot][2026-06-19 03:52:14.116] Content-Type: application/json
[Fastbot][2026-06-19 03:52:14.116] Date: Fri, 19 Jun 2026 03:52:14 GMT
[Fastbot][2026-06-19 03:52:14.116] Connection: keep-alive
[Fastbot][2026-06-19 03:52:14.116] Transfer-Encoding: chunked
[Fastbot][2026-06-19 03:52:14.117] 
[Fastbot][2026-06-19 03:52:14.117] {"jsonrpc":"2.0","id":1,"result":true}

[Fastbot][2026-06-19 03:52:14.117] <-- END HTTP (39-byte body)
[Fastbot][2026-06-19 03:52:14.172] [Proxy Server] Forwarding
[Fastbot][2026-06-19 03:52:14.172] --> POST http://127.0.0.1:9008/jsonrpc/0
[Fastbot][2026-06-19 03:52:14.172] Content-Type: application/json; charset=utf-8
[Fastbot][2026-06-19 03:52:14.172] Content-Length: 220
[Fastbot][2026-06-19 03:52:14.172] 
[Fastbot][2026-06-19 03:52:14.173] {"jsonrpc": "2.0", "id": 1, "method": "getText", "params": [{"mask": 18874368, "childOrSibling": [], "childOrSiblingSelector": [], "resourceId": "net.gsantner.markor_test:id/opoc_filesystem_item__title", "instance": 2}]}
[Fastbot][2026-06-19 03:52:14.173] --> END POST (220-byte body)
[Fastbot][2026-06-19 03:52:14.179] <-- 200 OK  http://127.0.0.1:9008/jsonrpc/0 (5ms)
[Fastbot][2026-06-19 03:52:14.179] Content-Type: application/json
[Fastbot][2026-06-19 03:52:14.179] Date: Fri, 19 Jun 2026 03:52:14 GMT
[Fastbot][2026-06-19 03:52:14.179] Connection: keep-alive
[Fastbot][2026-06-19 03:52:14.179] Transfer-Encoding: chunked
[Fastbot][2026-06-19 03:52:14.180] 
[Fastbot][2026-06-19 03:52:14.180] {"jsonrpc":"2.0","id":1,"result":"p2Trrd.md"}

[Fastbot][2026-06-19 03:52:14.180] <-- END HTTP (46-byte body)
[Fastbot][2026-06-19 03:52:14.234] [Proxy Server] Forwarding
[Fastbot][2026-06-19 03:52:14.235] --> POST http://127.0.0.1:9008/jsonrpc/0
[Fastbot][2026-06-19 03:52:14.235] Content-Type: application/json; charset=utf-8
[Fastbot][2026-06-19 03:52:14.235] Content-Length: 238
[Fastbot][2026-06-19 03:52:14.235] 
[Fastbot][2026-06-19 03:52:14.235] {"jsonrpc": "2.0", "id": 1, "method": "waitForExists", "params": [{"mask": 2097153, "childOrSibling": [], "childOrSiblingSelector": [], "resourceId": "net.gsantner.markor_test:id/opoc_filesystem_item__title", "text": "p2Trrd.md"}, 20000]}
[Fastbot][2026-06-19 03:52:14.235] --> END POST (238-byte body)
[Fastbot][2026-06-19 03:52:14.250] <-- 200 OK  http://127.0.0.1:9008/jsonrpc/0 (15ms)
[Fastbot][2026-06-19 03:52:14.250] Content-Type: application/json
[Fastbot][2026-06-19 03:52:14.251] Date: Fri, 19 Jun 2026 03:52:14 GMT
[Fastbot][2026-06-19 03:52:14.251] Connection: keep-alive
[Fastbot][2026-06-19 03:52:14.251] Transfer-Encoding: chunked
[Fastbot][2026-06-19 03:52:14.252] 
[Fastbot][2026-06-19 03:52:14.252] {"jsonrpc":"2.0","id":1,"result":true}

[Fastbot][2026-06-19 03:52:14.252] <-- END HTTP (39-byte body)
[Fastbot][2026-06-19 03:52:14.282] [Proxy Server] Forwarding
[Fastbot][2026-06-19 03:52:14.282] --> POST http://127.0.0.1:9008/jsonrpc/0
[Fastbot][2026-06-19 03:52:14.282] Content-Type: application/json; charset=utf-8
[Fastbot][2026-06-19 03:52:14.282] Content-Length: 225
[Fastbot][2026-06-19 03:52:14.283] 
[Fastbot][2026-06-19 03:52:14.283] {"jsonrpc": "2.0", "id": 1, "method": "objInfo", "params": [{"mask": 2097153, "childOrSibling": [], "childOrSiblingSelector": [], "resourceId": "net.gsantner.markor_test:id/opoc_filesystem_item__title", "text": "p2Trrd.md"}]}
[Fastbot][2026-06-19 03:52:14.283] --> END POST (225-byte body)
[Fastbot][2026-06-19 03:52:14.307] <-- 200 OK  http://127.0.0.1:9008/jsonrpc/0 (23ms)
[Fastbot][2026-06-19 03:52:14.307] Content-Type: application/json
[Fastbot][2026-06-19 03:52:14.307] Date: Fri, 19 Jun 2026 03:52:14 GMT
[Fastbot][2026-06-19 03:52:14.307] Connection: keep-alive
[Fastbot][2026-06-19 03:52:14.307] Transfer-Encoding: chunked
[Fastbot][2026-06-19 03:52:14.308] 
[Fastbot][2026-06-19 03:52:14.308] {"jsonrpc":"2.0","id":1,"result":{"bounds":{"bottom":658,"left":165,"right":408,"top":588},"childCount":0,"className":"android.widget.TextView","contentDescription":null,"packageName":"net.gsantner.markor_test","resourceName":"net.gsantner.markor_test:id/opoc_filesystem_item__title","text":"p2Trrd.m...[truncated]
[Fastbot][2026-06-19 03:52:14.308] <-- END HTTP (528-byte body)
[Fastbot][2026-06-19 03:52:14.344] [Proxy Server] Detected script method: click
[Fastbot][2026-06-19 03:52:14.345] [Proxy Server] Forwarding
[Fastbot][2026-06-19 03:52:14.345] --> POST http://127.0.0.1:9008/jsonrpc/0
[Fastbot][2026-06-19 03:52:14.345] Content-Type: application/json; charset=utf-8
[Fastbot][2026-06-19 03:52:14.346] Content-Length: 77
[Fastbot][2026-06-19 03:52:14.346] 
[Fastbot][2026-06-19 03:52:14.346] {"jsonrpc": "2.0", "id": 1, "method": "click", "params": [286.5, 623.0, 500]}
[Fastbot][2026-06-19 03:52:14.346] --> END POST (77-byte body)
[Fastbot][2026-06-19 03:52:15.198] <-- 200 OK  http://127.0.0.1:9008/jsonrpc/0 (851ms)
[Fastbot][2026-06-19 03:52:15.198] Content-Type: application/json
[Fastbot][2026-06-19 03:52:15.198] Date: Fri, 19 Jun 2026 03:52:15 GMT
[Fastbot][2026-06-19 03:52:15.198] Connection: keep-alive
[Fastbot][2026-06-19 03:52:15.198] Transfer-Encoding: chunked
[Fastbot][2026-06-19 03:52:15.198] 
[Fastbot][2026-06-19 03:52:15.198] {"jsonrpc":"2.0","id":1,"result":true}

[Fastbot][2026-06-19 03:52:15.198] <-- END HTTP (39-byte body)
[Fastbot][2026-06-19 03:52:16.236] [Proxy Server] Forwarding
[Fastbot][2026-06-19 03:52:16.237] --> POST http://127.0.0.1:9008/jsonrpc/0
[Fastbot][2026-06-19 03:52:16.237] Content-Type: application/json; charset=utf-8
[Fastbot][2026-06-19 03:52:16.237] Content-Length: 217
[Fastbot][2026-06-19 03:52:16.238] 
[Fastbot][2026-06-19 03:52:16.238] {"jsonrpc": "2.0", "id": 1, "method": "waitForExists", "params": [{"mask": 2097152, "childOrSibling": [], "childOrSiblingSelector": [], "resourceId": "net.gsantner.markor_test:id/action_rename_selected_item"}, 20000]}
[Fastbot][2026-06-19 03:52:16.238] --> END POST (217-byte body)
[Fastbot][2026-06-19 03:52:16.254] <-- 200 OK  http://127.0.0.1:9008/jsonrpc/0 (15ms)
[Fastbot][2026-06-19 03:52:16.254] Content-Type: application/json
[Fastbot][2026-06-19 03:52:16.254] Date: Fri, 19 Jun 2026 03:52:16 GMT
[Fastbot][2026-06-19 03:52:16.254] Connection: keep-alive
[Fastbot][2026-06-19 03:52:16.254] Transfer-Encoding: chunked
[Fastbot][2026-06-19 03:52:16.255] 
[Fastbot][2026-06-19 03:52:16.255] {"jsonrpc":"2.0","id":1,"result":true}

[Fastbot][2026-06-19 03:52:16.255] <-- END HTTP (39-byte body)
[Fastbot][2026-06-19 03:52:16.297] [Proxy Server] Forwarding
[Fastbot][2026-06-19 03:52:16.297] --> POST http://127.0.0.1:9008/jsonrpc/0
[Fastbot][2026-06-19 03:52:16.298] Content-Type: application/json; charset=utf-8
[Fastbot][2026-06-19 03:52:16.298] Content-Length: 204
[Fastbot][2026-06-19 03:52:16.298] 
[Fastbot][2026-06-19 03:52:16.298] {"jsonrpc": "2.0", "id": 1, "method": "objInfo", "params": [{"mask": 2097152, "childOrSibling": [], "childOrSiblingSelector": [], "resourceId": "net.gsantner.markor_test:id/action_rename_selected_item"}]}
[Fastbot][2026-06-19 03:52:16.298] --> END POST (204-byte body)
[Fastbot][2026-06-19 03:52:16.322] <-- 200 OK  http://127.0.0.1:9008/jsonrpc/0 (23ms)
[Fastbot][2026-06-19 03:52:16.322] Content-Type: application/json
[Fastbot][2026-06-19 03:52:16.322] Date: Fri, 19 Jun 2026 03:52:16 GMT
[Fastbot][2026-06-19 03:52:16.322] Connection: keep-alive
[Fastbot][2026-06-19 03:52:16.322] Transfer-Encoding: chunked
[Fastbot][2026-06-19 03:52:16.322] 
[Fastbot][2026-06-19 03:52:16.323] {"jsonrpc":"2.0","id":1,"result":{"bounds":{"bottom":275,"left":639,"right":749,"top":143},"childCount":0,"className":"android.widget.TextView","contentDescription":"Rename","packageName":"net.gsantner.markor_test","resourceName":"net.gsantner.markor_test:id/action_rename_selected_item","text":null,...[truncated]
[Fastbot][2026-06-19 03:52:16.323] <-- END HTTP (522-byte body)
[Fastbot][2026-06-19 03:52:16.359] [Proxy Server] Detected script method: click
[Fastbot][2026-06-19 03:52:16.359] [Proxy Server] Forwarding
[Fastbot][2026-06-19 03:52:16.359] --> POST http://127.0.0.1:9008/jsonrpc/0
[Fastbot][2026-06-19 03:52:16.360] Content-Type: application/json; charset=utf-8
[Fastbot][2026-06-19 03:52:16.360] Content-Length: 72
[Fastbot][2026-06-19 03:52:16.360] 
[Fastbot][2026-06-19 03:52:16.360] {"jsonrpc": "2.0", "id": 1, "method": "click", "params": [694.0, 209.0]}
[Fastbot][2026-06-19 03:52:16.361] --> END POST (72-byte body)
[Fastbot][2026-06-19 03:52:16.497] <-- 200 OK  http://127.0.0.1:9008/jsonrpc/0 (136ms)
[Fastbot][2026-06-19 03:52:16.497] Content-Type: application/json
[Fastbot][2026-06-19 03:52:16.498] Date: Fri, 19 Jun 2026 03:52:16 GMT
[Fastbot][2026-06-19 03:52:16.498] Connection: keep-alive
[Fastbot][2026-06-19 03:52:16.498] Transfer-Encoding: chunked
[Fastbot][2026-06-19 03:52:16.498] 
[Fastbot][2026-06-19 03:52:16.498] {"jsonrpc":"2.0","id":1,"result":true}

[Fastbot][2026-06-19 03:52:16.498] <-- END HTTP (39-byte body)
[Fastbot][2026-06-19 03:52:17.516] [Proxy Server] Forwarding
[Fastbot][2026-06-19 03:52:17.516] --> POST http://127.0.0.1:9008/jsonrpc/0
[Fastbot][2026-06-19 03:52:17.516] Content-Type: application/json; charset=utf-8
[Fastbot][2026-06-19 03:52:17.517] Content-Length: 198
[Fastbot][2026-06-19 03:52:17.517] 
[Fastbot][2026-06-19 03:52:17.517] {"jsonrpc": "2.0", "id": 1, "method": "waitForExists", "params": [{"mask": 2097152, "childOrSibling": [], "childOrSiblingSelector": [], "resourceId": "net.gsantner.markor_test:id/new_name"}, 20000]}
[Fastbot][2026-06-19 03:52:17.517] --> END POST (198-byte body)
[Fastbot][2026-06-19 03:52:17.534] <-- 200 OK  http://127.0.0.1:9008/jsonrpc/0 (16ms)
[Fastbot][2026-06-19 03:52:17.534] Content-Type: application/json
[Fastbot][2026-06-19 03:52:17.534] Date: Fri, 19 Jun 2026 03:52:17 GMT
[Fastbot][2026-06-19 03:52:17.534] Connection: keep-alive
[Fastbot][2026-06-19 03:52:17.534] Transfer-Encoding: chunked
[Fastbot][2026-06-19 03:52:17.535] 
[Fastbot][2026-06-19 03:52:17.535] {"jsonrpc":"2.0","id":1,"result":true}

[Fastbot][2026-06-19 03:52:17.535] <-- END HTTP (39-byte body)
[Fastbot][2026-06-19 03:52:17.565] [Proxy Server] Detected script method: setText
[Fastbot][2026-06-19 03:52:17.565] [Proxy Server] Forwarding
[Fastbot][2026-06-19 03:52:17.565] --> POST http://127.0.0.1:9008/jsonrpc/0
[Fastbot][2026-06-19 03:52:17.565] Content-Type: application/json; charset=utf-8
[Fastbot][2026-06-19 03:52:17.565] Content-Length: 202
[Fastbot][2026-06-19 03:52:17.566] 
[Fastbot][2026-06-19 03:52:17.566] {"jsonrpc": "2.0", "id": 1, "method": "setText", "params": [{"mask": 2097152, "childOrSibling": [], "childOrSiblingSelector": [], "resourceId": "net.gsantner.markor_test:id/new_name"}, "lU0nNJzDck.md"]}
[Fastbot][2026-06-19 03:52:17.566] --> END POST (202-byte body)
[Fastbot][2026-06-19 03:52:17.701] <-- 200 OK  http://127.0.0.1:9008/jsonrpc/0 (135ms)
[Fastbot][2026-06-19 03:52:17.701] Content-Type: application/json
[Fastbot][2026-06-19 03:52:17.701] Date: Fri, 19 Jun 2026 03:52:17 GMT
[Fastbot][2026-06-19 03:52:17.701] Connection: keep-alive
[Fastbot][2026-06-19 03:52:17.701] Transfer-Encoding: chunked
[Fastbot][2026-06-19 03:52:17.702] 
[Fastbot][2026-06-19 03:52:17.702] {"jsonrpc":"2.0","id":1,"result":true}

[Fastbot][2026-06-19 03:52:17.702] <-- END HTTP (39-byte body)
[Fastbot][2026-06-19 03:52:18.749] [Proxy Server] Forwarding
[Fastbot][2026-06-19 03:52:18.750] --> POST http://127.0.0.1:9008/jsonrpc/0
[Fastbot][2026-06-19 03:52:18.750] Content-Type: application/json; charset=utf-8
[Fastbot][2026-06-19 03:52:18.750] Content-Length: 194
[Fastbot][2026-06-19 03:52:18.750] 
[Fastbot][2026-06-19 03:52:18.750] {"jsonrpc": "2.0", "id": 1, "method": "waitForExists", "params": [{"mask": 2097153, "childOrSibling": [], "childOrSiblingSelector": [], "resourceId": "android:id/button1", "text": "OK"}, 20000]}
[Fastbot][2026-06-19 03:52:18.750] --> END POST (194-byte body)
[Fastbot][2026-06-19 03:52:18.762] <-- 200 OK  http://127.0.0.1:9008/jsonrpc/0 (11ms)
[Fastbot][2026-06-19 03:52:18.762] Content-Type: application/json
[Fastbot][2026-06-19 03:52:18.762] Date: Fri, 19 Jun 2026 03:52:18 GMT
[Fastbot][2026-06-19 03:52:18.762] Connection: keep-alive
[Fastbot][2026-06-19 03:52:18.762] Transfer-Encoding: chunked
[Fastbot][2026-06-19 03:52:18.762] 
[Fastbot][2026-06-19 03:52:18.762] {"jsonrpc":"2.0","id":1,"result":true}

[Fastbot][2026-06-19 03:52:18.762] <-- END HTTP (39-byte body)
[Fastbot][2026-06-19 03:52:18.797] [Proxy Server] Forwarding
[Fastbot][2026-06-19 03:52:18.797] --> POST http://127.0.0.1:9008/jsonrpc/0
[Fastbot][2026-06-19 03:52:18.797] Content-Type: application/json; charset=utf-8
[Fastbot][2026-06-19 03:52:18.797] Content-Length: 181
[Fastbot][2026-06-19 03:52:18.797] 
[Fastbot][2026-06-19 03:52:18.797] {"jsonrpc": "2.0", "id": 1, "method": "objInfo", "params": [{"mask": 2097153, "childOrSibling": [], "childOrSiblingSelector": [], "resourceId": "android:id/button1", "text": "OK"}]}
[Fastbot][2026-06-19 03:52:18.798] --> END POST (181-byte body)
[Fastbot][2026-06-19 03:52:18.820] <-- 200 OK  http://127.0.0.1:9008/jsonrpc/0 (21ms)
[Fastbot][2026-06-19 03:52:18.820] Content-Type: application/json
[Fastbot][2026-06-19 03:52:18.820] Date: Fri, 19 Jun 2026 03:52:18 GMT
[Fastbot][2026-06-19 03:52:18.820] Connection: keep-alive
[Fastbot][2026-06-19 03:52:18.820] Transfer-Encoding: chunked
[Fastbot][2026-06-19 03:52:18.820] 
[Fastbot][2026-06-19 03:52:18.821] {"jsonrpc":"2.0","id":1,"result":{"bounds":{"bottom":1399,"left":669,"right":834,"top":1283},"childCount":0,"className":"android.widget.Button","contentDescription":null,"packageName":"net.gsantner.markor_test","resourceName":"android:id/button1","text":"OK","visibleBounds":{"bottom":1399,"left":669...[truncated]
[Fastbot][2026-06-19 03:52:18.821] <-- END HTTP (484-byte body)
[Fastbot][2026-06-19 03:52:18.859] [Proxy Server] Detected script method: click
[Fastbot][2026-06-19 03:52:18.859] [Proxy Server] Forwarding
[Fastbot][2026-06-19 03:52:18.859] --> POST http://127.0.0.1:9008/jsonrpc/0
[Fastbot][2026-06-19 03:52:18.859] Content-Type: application/json; charset=utf-8
[Fastbot][2026-06-19 03:52:18.859] Content-Length: 73
[Fastbot][2026-06-19 03:52:18.859] 
[Fastbot][2026-06-19 03:52:18.860] {"jsonrpc": "2.0", "id": 1, "method": "click", "params": [751.5, 1341.0]}
[Fastbot][2026-06-19 03:52:18.860] --> END POST (73-byte body)
[Fastbot][2026-06-19 03:52:18.994] <-- 200 OK  http://127.0.0.1:9008/jsonrpc/0 (134ms)
[Fastbot][2026-06-19 03:52:18.994] Content-Type: application/json
[Fastbot][2026-06-19 03:52:18.994] Date: Fri, 19 Jun 2026 03:52:18 GMT
[Fastbot][2026-06-19 03:52:18.995] Connection: keep-alive
[Fastbot][2026-06-19 03:52:18.995] Transfer-Encoding: chunked
[Fastbot][2026-06-19 03:52:18.995] 
[Fastbot][2026-06-19 03:52:18.995] {"jsonrpc":"2.0","id":1,"result":true}

[Fastbot][2026-06-19 03:52:18.995] <-- END HTTP (39-byte body)
[Fastbot][2026-06-19 03:52:20.049] [Proxy Server] Forwarding
[Fastbot][2026-06-19 03:52:20.050] --> POST http://127.0.0.1:9008/jsonrpc/0
[Fastbot][2026-06-19 03:52:20.050] Content-Type: application/json; charset=utf-8
[Fastbot][2026-06-19 03:52:20.050] Content-Length: 83
[Fastbot][2026-06-19 03:52:20.050] 
[Fastbot][2026-06-19 03:52:20.050] {"jsonrpc": "2.0", "id": 1, "method": "dumpWindowHierarchy", "params": [false, 50]}
[Fastbot][2026-06-19 03:52:20.050] --> END POST (83-byte body)
[Fastbot][2026-06-19 03:52:20.079] <-- 200 OK  http://127.0.0.1:9008/jsonrpc/0 (29ms)
[Fastbot][2026-06-19 03:52:20.080] Content-Type: application/json
[Fastbot][2026-06-19 03:52:20.080] Date: Fri, 19 Jun 2026 03:52:20 GMT
[Fastbot][2026-06-19 03:52:20.080] Connection: keep-alive
[Fastbot][2026-06-19 03:52:20.080] Transfer-Encoding: chunked
[Fastbot][2026-06-19 03:52:20.081] 
[Fastbot][2026-06-19 03:52:20.082] {"jsonrpc":"2.0","id":1,"result":"<?xml version='1.0' encoding='UTF-8' standalone='yes' ?>\r\n<hierarchy rotation=\"0\">\r\n  <node index=\"0\" text=\"\" resource-id=\"\" class=\"android.widget.FrameLayout\" package=\"com.android.systemui\" content-desc=\"\" checkable=\"false\" checked=\"false\" cli...[truncated]
[Fastbot][2026-06-19 03:52:20.082] <-- END HTTP (46116-byte body)
[Fastbot][2026-06-19 03:52:20.375] --> POST http://127.0.0.1:9008/jsonrpc/0
[Fastbot][2026-06-19 03:52:20.376] Content-Type: application/json; charset=utf-8
[Fastbot][2026-06-19 03:52:20.376] Content-Length: 75
[Fastbot][2026-06-19 03:52:20.376] 
[Fastbot][2026-06-19 03:52:20.376] {"id":1,"jsonrpc":"2.0","method":"dumpWindowHierarchy","params":[false,50]}
[Fastbot][2026-06-19 03:52:20.376] --> END POST (75-byte body)
[Fastbot][2026-06-19 03:52:20.401] <-- 200 OK  http://127.0.0.1:9008/jsonrpc/0 (25ms)
[Fastbot][2026-06-19 03:52:20.402] Content-Type: application/json
[Fastbot][2026-06-19 03:52:20.402] Date: Fri, 19 Jun 2026 03:52:20 GMT
[Fastbot][2026-06-19 03:52:20.402] Connection: keep-alive
[Fastbot][2026-06-19 03:52:20.402] Transfer-Encoding: chunked
[Fastbot][2026-06-19 03:52:20.403] 
[Fastbot][2026-06-19 03:52:20.403] {"jsonrpc":"2.0","id":1,"result":"<?xml version='1.0' encoding='UTF-8' standalone='yes' ?>\r\n<hierarchy rotation=\"0\">\r\n  <node index=\"0\" text=\"\" resource-id=\"\" class=\"android.widget.FrameLayout\" package=\"com.android.systemui\" content-desc=\"\" checkable=\"false\" checked=\"false\" cli...[truncated]
[Fastbot][2026-06-19 03:52:20.403] <-- END HTTP (46116-byte body)
[Fastbot][2026-06-19 03:52:20.453] [Proxy Server] Forwarding
[Fastbot][2026-06-19 03:52:20.453] --> POST http://127.0.0.1:9008/jsonrpc/0
[Fastbot][2026-06-19 03:52:20.453] Content-Type: application/json; charset=utf-8
[Fastbot][2026-06-19 03:52:20.453] Content-Length: 194
[Fastbot][2026-06-19 03:52:20.454] 
[Fastbot][2026-06-19 03:52:20.454] {"jsonrpc": "2.0", "id": 1, "method": "waitForExists", "params": [{"mask": 2097152, "childOrSibling": [], "childOrSiblingSelector": [], "resourceId": "net.gsantner.markor_test:id/icon"}, 20000]}
[Fastbot][2026-06-19 03:52:20.454] --> END POST (194-byte body)
[Fastbot][2026-06-19 03:52:20.468] <-- 200 OK  http://127.0.0.1:9008/jsonrpc/0 (14ms)
[Fastbot][2026-06-19 03:52:20.468] Content-Type: application/json
[Fastbot][2026-06-19 03:52:20.468] Date: Fri, 19 Jun 2026 03:52:20 GMT
[Fastbot][2026-06-19 03:52:20.468] Connection: keep-alive
[Fastbot][2026-06-19 03:52:20.469] Transfer-Encoding: chunked
[Fastbot][2026-06-19 03:52:20.469] 
[Fastbot][2026-06-19 03:52:20.469] {"jsonrpc":"2.0","id":1,"result":true}

[Fastbot][2026-06-19 03:52:20.469] <-- END HTTP (39-byte body)
[Fastbot][2026-06-19 03:52:20.517] [Proxy Server] Forwarding
[Fastbot][2026-06-19 03:52:20.518] --> POST http://127.0.0.1:9008/jsonrpc/0
[Fastbot][2026-06-19 03:52:20.518] Content-Type: application/json; charset=utf-8
[Fastbot][2026-06-19 03:52:20.518] Content-Length: 181
[Fastbot][2026-06-19 03:52:20.518] 
[Fastbot][2026-06-19 03:52:20.518] {"jsonrpc": "2.0", "id": 1, "method": "objInfo", "params": [{"mask": 2097152, "childOrSibling": [], "childOrSiblingSelector": [], "resourceId": "net.gsantner.markor_test:id/icon"}]}
[Fastbot][2026-06-19 03:52:20.518] --> END POST (181-byte body)
[Fastbot][2026-06-19 03:52:20.541] <-- 200 OK  http://127.0.0.1:9008/jsonrpc/0 (23ms)
[Fastbot][2026-06-19 03:52:20.542] Content-Type: application/json
[Fastbot][2026-06-19 03:52:20.542] Date: Fri, 19 Jun 2026 03:52:20 GMT
[Fastbot][2026-06-19 03:52:20.542] Connection: keep-alive
[Fastbot][2026-06-19 03:52:20.542] Transfer-Encoding: chunked
[Fastbot][2026-06-19 03:52:20.543] 
[Fastbot][2026-06-19 03:52:20.543] {"jsonrpc":"2.0","id":1,"result":{"bounds":{"bottom":2016,"left":102,"right":168,"top":2010},"childCount":0,"className":"android.widget.ImageView","contentDescription":null,"packageName":"net.gsantner.markor_test","resourceName":"net.gsantner.markor_test:id/icon","text":null,"visibleBounds":{"bottom...[truncated]
[Fastbot][2026-06-19 03:52:20.543] <-- END HTTP (502-byte body)
[Fastbot][2026-06-19 03:52:20.579] [Proxy Server] Detected script method: click
[Fastbot][2026-06-19 03:52:20.579] [Proxy Server] Forwarding
[Fastbot][2026-06-19 03:52:20.579] --> POST http://127.0.0.1:9008/jsonrpc/0
[Fastbot][2026-06-19 03:52:20.579] Content-Type: application/json; charset=utf-8
[Fastbot][2026-06-19 03:52:20.579] Content-Length: 73
[Fastbot][2026-06-19 03:52:20.579] 
[Fastbot][2026-06-19 03:52:20.579] {"jsonrpc": "2.0", "id": 1, "method": "click", "params": [135.0, 2013.0]}
[Fastbot][2026-06-19 03:52:20.580] --> END POST (73-byte body)
[Fastbot][2026-06-19 03:52:20.711] <-- 200 OK  http://127.0.0.1:9008/jsonrpc/0 (130ms)
[Fastbot][2026-06-19 03:52:20.711] Content-Type: application/json
[Fastbot][2026-06-19 03:52:20.711] Date: Fri, 19 Jun 2026 03:52:20 GMT
[Fastbot][2026-06-19 03:52:20.711] Connection: keep-alive
[Fastbot][2026-06-19 03:52:20.711] Transfer-Encoding: chunked
[Fastbot][2026-06-19 03:52:20.712] 
[Fastbot][2026-06-19 03:52:20.712] {"jsonrpc":"2.0","id":1,"result":true}

[Fastbot][2026-06-19 03:52:20.712] <-- END HTTP (39-byte body)
[Fastbot][2026-06-19 03:52:21.752] [Proxy Server] Forwarding
[Fastbot][2026-06-19 03:52:21.752] --> POST http://127.0.0.1:9008/jsonrpc/0
[Fastbot][2026-06-19 03:52:21.752] Content-Type: application/json; charset=utf-8
[Fastbot][2026-06-19 03:52:21.752] Content-Length: 202
[Fastbot][2026-06-19 03:52:21.752] 
[Fastbot][2026-06-19 03:52:21.752] {"jsonrpc": "2.0", "id": 1, "method": "waitForExists", "params": [{"mask": 2097152, "childOrSibling": [], "childOrSiblingSelector": [], "resourceId": "net.gsantner.markor_test:id/action_go_to"}, 20000]}
[Fastbot][2026-06-19 03:52:21.753] --> END POST (202-byte body)
[Fastbot][2026-06-19 03:52:21.767] <-- 200 OK  http://127.0.0.1:9008/jsonrpc/0 (14ms)
[Fastbot][2026-06-19 03:52:21.767] Content-Type: application/json
[Fastbot][2026-06-19 03:52:21.767] Date: Fri, 19 Jun 2026 03:52:21 GMT
[Fastbot][2026-06-19 03:52:21.767] Connection: keep-alive
[Fastbot][2026-06-19 03:52:21.767] Transfer-Encoding: chunked
[Fastbot][2026-06-19 03:52:21.768] 
[Fastbot][2026-06-19 03:52:21.768] {"jsonrpc":"2.0","id":1,"result":true}

[Fastbot][2026-06-19 03:52:21.768] <-- END HTTP (39-byte body)
[Fastbot][2026-06-19 03:52:21.816] [Proxy Server] Forwarding
[Fastbot][2026-06-19 03:52:21.816] --> POST http://127.0.0.1:9008/jsonrpc/0
[Fastbot][2026-06-19 03:52:21.816] Content-Type: application/json; charset=utf-8
[Fastbot][2026-06-19 03:52:21.816] Content-Length: 189
[Fastbot][2026-06-19 03:52:21.816] 
[Fastbot][2026-06-19 03:52:21.816] {"jsonrpc": "2.0", "id": 1, "method": "objInfo", "params": [{"mask": 2097152, "childOrSibling": [], "childOrSiblingSelector": [], "resourceId": "net.gsantner.markor_test:id/action_go_to"}]}
[Fastbot][2026-06-19 03:52:21.816] --> END POST (189-byte body)
[Fastbot][2026-06-19 03:52:21.845] <-- 200 OK  http://127.0.0.1:9008/jsonrpc/0 (28ms)
[Fastbot][2026-06-19 03:52:21.845] Content-Type: application/json
[Fastbot][2026-06-19 03:52:21.845] Date: Fri, 19 Jun 2026 03:52:21 GMT
[Fastbot][2026-06-19 03:52:21.846] Connection: keep-alive
[Fastbot][2026-06-19 03:52:21.846] Transfer-Encoding: chunked
[Fastbot][2026-06-19 03:52:21.847] 
[Fastbot][2026-06-19 03:52:21.847] {"jsonrpc":"2.0","id":1,"result":{"bounds":{"bottom":275,"left":639,"right":749,"top":143},"childCount":0,"className":"android.widget.TextView","contentDescription":"Go to","packageName":"net.gsantner.markor_test","resourceName":"net.gsantner.markor_test:id/action_go_to","text":null,"visibleBounds":...[truncated]
[Fastbot][2026-06-19 03:52:21.847] <-- END HTTP (506-byte body)
[Fastbot][2026-06-19 03:52:21.865] [Proxy Server] Detected script method: click
[Fastbot][2026-06-19 03:52:21.865] [Proxy Server] Forwarding
[Fastbot][2026-06-19 03:52:21.865] --> POST http://127.0.0.1:9008/jsonrpc/0
[Fastbot][2026-06-19 03:52:21.866] Content-Type: application/json; charset=utf-8
[Fastbot][2026-06-19 03:52:21.866] Content-Length: 72
[Fastbot][2026-06-19 03:52:21.866] 
[Fastbot][2026-06-19 03:52:21.866] {"jsonrpc": "2.0", "id": 1, "method": "click", "params": [694.0, 209.0]}
[Fastbot][2026-06-19 03:52:21.867] --> END POST (72-byte body)
[Fastbot][2026-06-19 03:52:21.996] <-- 200 OK  http://127.0.0.1:9008/jsonrpc/0 (128ms)
[Fastbot][2026-06-19 03:52:22.001] Content-Type: application/json
[Fastbot][2026-06-19 03:52:22.002] Date: Fri, 19 Jun 2026 03:52:21 GMT
[Fastbot][2026-06-19 03:52:22.003] Connection: keep-alive
[Fastbot][2026-06-19 03:52:22.003] Transfer-Encoding: chunked
[Fastbot][2026-06-19 03:52:22.045] 
[Fastbot][2026-06-19 03:52:22.046] {"jsonrpc":"2.0","id":1,"result":true}

[Fastbot][2026-06-19 03:52:22.046] <-- END HTTP (39-byte body)
[Fastbot][2026-06-19 03:52:23.093] [Proxy Server] Forwarding
[Fastbot][2026-06-19 03:52:23.093] --> POST http://127.0.0.1:9008/jsonrpc/0
[Fastbot][2026-06-19 03:52:23.093] Content-Type: application/json; charset=utf-8
[Fastbot][2026-06-19 03:52:23.093] Content-Length: 215
[Fastbot][2026-06-19 03:52:23.093] 
[Fastbot][2026-06-19 03:52:23.093] {"jsonrpc": "2.0", "id": 1, "method": "waitForExists", "params": [{"mask": 2097153, "childOrSibling": [], "childOrSiblingSelector": [], "resourceId": "net.gsantner.markor_test:id/title", "text": "Notebook"}, 20000]}
[Fastbot][2026-06-19 03:52:23.094] --> END POST (215-byte body)
[Fastbot][2026-06-19 03:52:23.107] <-- 200 OK  http://127.0.0.1:9008/jsonrpc/0 (12ms)
[Fastbot][2026-06-19 03:52:23.107] Content-Type: application/json
[Fastbot][2026-06-19 03:52:23.107] Date: Fri, 19 Jun 2026 03:52:23 GMT
[Fastbot][2026-06-19 03:52:23.107] Connection: keep-alive
[Fastbot][2026-06-19 03:52:23.107] Transfer-Encoding: chunked
[Fastbot][2026-06-19 03:52:23.107] 
[Fastbot][2026-06-19 03:52:23.107] {"jsonrpc":"2.0","id":1,"result":true}

[Fastbot][2026-06-19 03:52:23.107] <-- END HTTP (39-byte body)
[Fastbot][2026-06-19 03:52:23.154] [Proxy Server] Forwarding
[Fastbot][2026-06-19 03:52:23.154] --> POST http://127.0.0.1:9008/jsonrpc/0
[Fastbot][2026-06-19 03:52:23.154] Content-Type: application/json; charset=utf-8
[Fastbot][2026-06-19 03:52:23.155] Content-Length: 202
[Fastbot][2026-06-19 03:52:23.155] 
[Fastbot][2026-06-19 03:52:23.155] {"jsonrpc": "2.0", "id": 1, "method": "objInfo", "params": [{"mask": 2097153, "childOrSibling": [], "childOrSiblingSelector": [], "resourceId": "net.gsantner.markor_test:id/title", "text": "Notebook"}]}
[Fastbot][2026-06-19 03:52:23.155] --> END POST (202-byte body)
[Fastbot][2026-06-19 03:52:23.180] <-- 200 OK  http://127.0.0.1:9008/jsonrpc/0 (24ms)
[Fastbot][2026-06-19 03:52:23.180] Content-Type: application/json
[Fastbot][2026-06-19 03:52:23.180] Date: Fri, 19 Jun 2026 03:52:23 GMT
[Fastbot][2026-06-19 03:52:23.180] Connection: keep-alive
[Fastbot][2026-06-19 03:52:23.180] Transfer-Encoding: chunked
[Fastbot][2026-06-19 03:52:23.180] 
[Fastbot][2026-06-19 03:52:23.180] {"jsonrpc":"2.0","id":1,"result":{"bounds":{"bottom":1111,"left":443,"right":992,"top":1103},"childCount":0,"className":"android.widget.TextView","contentDescription":null,"packageName":"net.gsantner.markor_test","resourceName":"net.gsantner.markor_test:id/title","text":"Notebook","visibleBounds":{"...[truncated]
[Fastbot][2026-06-19 03:52:23.181] <-- END HTTP (509-byte body)
[Fastbot][2026-06-19 03:52:23.219] [Proxy Server] Detected script method: click
[Fastbot][2026-06-19 03:52:23.219] [Proxy Server] Forwarding
[Fastbot][2026-06-19 03:52:23.219] --> POST http://127.0.0.1:9008/jsonrpc/0
[Fastbot][2026-06-19 03:52:23.220] Content-Type: application/json; charset=utf-8
[Fastbot][2026-06-19 03:52:23.220] Content-Length: 73
[Fastbot][2026-06-19 03:52:23.220] 
[Fastbot][2026-06-19 03:52:23.220] {"jsonrpc": "2.0", "id": 1, "method": "click", "params": [717.5, 1107.0]}
[Fastbot][2026-06-19 03:52:23.220] --> END POST (73-byte body)
[Fastbot][2026-06-19 03:52:23.349] <-- 200 OK  http://127.0.0.1:9008/jsonrpc/0 (128ms)
[Fastbot][2026-06-19 03:52:23.349] Content-Type: application/json
[Fastbot][2026-06-19 03:52:23.349] Date: Fri, 19 Jun 2026 03:52:23 GMT
[Fastbot][2026-06-19 03:52:23.350] Connection: keep-alive
[Fastbot][2026-06-19 03:52:23.350] Transfer-Encoding: chunked
[Fastbot][2026-06-19 03:52:23.351] 
[Fastbot][2026-06-19 03:52:23.351] {"jsonrpc":"2.0","id":1,"result":true}

[Fastbot][2026-06-19 03:52:23.351] <-- END HTTP (39-byte body)
[Fastbot][2026-06-19 03:52:24.387] [Proxy Server] Forwarding
[Fastbot][2026-06-19 03:52:24.387] --> POST http://127.0.0.1:9008/jsonrpc/0
[Fastbot][2026-06-19 03:52:24.387] Content-Type: application/json; charset=utf-8
[Fastbot][2026-06-19 03:52:24.387] Content-Length: 202
[Fastbot][2026-06-19 03:52:24.387] 
[Fastbot][2026-06-19 03:52:24.387] {"jsonrpc": "2.0", "id": 1, "method": "count", "params": [{"mask": 2097152, "childOrSibling": [], "childOrSiblingSelector": [], "resourceId": "net.gsantner.markor_test:id/opoc_filesystem_item__title"}]}
[Fastbot][2026-06-19 03:52:24.387] --> END POST (202-byte body)
[Fastbot][2026-06-19 03:52:24.403] <-- 200 OK  http://127.0.0.1:9008/jsonrpc/0 (15ms)
[Fastbot][2026-06-19 03:52:24.403] Content-Type: application/json
[Fastbot][2026-06-19 03:52:24.403] Date: Fri, 19 Jun 2026 03:52:24 GMT
[Fastbot][2026-06-19 03:52:24.403] Connection: keep-alive
[Fastbot][2026-06-19 03:52:24.403] Transfer-Encoding: chunked
[Fastbot][2026-06-19 03:52:24.404] 
[Fastbot][2026-06-19 03:52:24.404] {"jsonrpc":"2.0","id":1,"result":3}

[Fastbot][2026-06-19 03:52:24.404] <-- END HTTP (36-byte body)
[Fastbot][2026-06-19 03:52:24.432] [Proxy Server] Forwarding
[Fastbot][2026-06-19 03:52:24.433] --> POST http://127.0.0.1:9008/jsonrpc/0
[Fastbot][2026-06-19 03:52:24.433] Content-Type: application/json; charset=utf-8
[Fastbot][2026-06-19 03:52:24.433] Content-Length: 233
[Fastbot][2026-06-19 03:52:24.433] 
[Fastbot][2026-06-19 03:52:24.433] {"jsonrpc": "2.0", "id": 1, "method": "waitForExists", "params": [{"mask": 18874368, "childOrSibling": [], "childOrSiblingSelector": [], "resourceId": "net.gsantner.markor_test:id/opoc_filesystem_item__title", "instance": 0}, 20000]}
[Fastbot][2026-06-19 03:52:24.433] --> END POST (233-byte body)
[Fastbot][2026-06-19 03:52:24.442] <-- 200 OK  http://127.0.0.1:9008/jsonrpc/0 (9ms)
[Fastbot][2026-06-19 03:52:24.442] Content-Type: application/json
[Fastbot][2026-06-19 03:52:24.442] Date: Fri, 19 Jun 2026 03:52:24 GMT
[Fastbot][2026-06-19 03:52:24.442] Connection: keep-alive
[Fastbot][2026-06-19 03:52:24.443] Transfer-Encoding: chunked
[Fastbot][2026-06-19 03:52:24.443] 
[Fastbot][2026-06-19 03:52:24.443] {"jsonrpc":"2.0","id":1,"result":true}

[Fastbot][2026-06-19 03:52:24.443] <-- END HTTP (39-byte body)
[Fastbot][2026-06-19 03:52:24.479] [Proxy Server] Forwarding
[Fastbot][2026-06-19 03:52:24.479] --> POST http://127.0.0.1:9008/jsonrpc/0
[Fastbot][2026-06-19 03:52:24.479] Content-Type: application/json; charset=utf-8
[Fastbot][2026-06-19 03:52:24.479] Content-Length: 220
[Fastbot][2026-06-19 03:52:24.479] 
[Fastbot][2026-06-19 03:52:24.479] {"jsonrpc": "2.0", "id": 1, "method": "getText", "params": [{"mask": 18874368, "childOrSibling": [], "childOrSiblingSelector": [], "resourceId": "net.gsantner.markor_test:id/opoc_filesystem_item__title", "instance": 0}]}
[Fastbot][2026-06-19 03:52:24.479] --> END POST (220-byte body)
[Fastbot][2026-06-19 03:52:24.485] <-- 200 OK  http://127.0.0.1:9008/jsonrpc/0 (5ms)
[Fastbot][2026-06-19 03:52:24.485] Content-Type: application/json
[Fastbot][2026-06-19 03:52:24.485] Date: Fri, 19 Jun 2026 03:52:24 GMT
[Fastbot][2026-06-19 03:52:24.485] Connection: keep-alive
[Fastbot][2026-06-19 03:52:24.485] Transfer-Encoding: chunked
[Fastbot][2026-06-19 03:52:24.485] 
[Fastbot][2026-06-19 03:52:24.486] {"jsonrpc":"2.0","id":1,"result":".."}

[Fastbot][2026-06-19 03:52:24.486] <-- END HTTP (39-byte body)
[Fastbot][2026-06-19 03:52:24.511] [Proxy Server] Forwarding
[Fastbot][2026-06-19 03:52:24.511] --> POST http://127.0.0.1:9008/jsonrpc/0
[Fastbot][2026-06-19 03:52:24.512] Content-Type: application/json; charset=utf-8
[Fastbot][2026-06-19 03:52:24.512] Content-Length: 233
[Fastbot][2026-06-19 03:52:24.512] 
[Fastbot][2026-06-19 03:52:24.512] {"jsonrpc": "2.0", "id": 1, "method": "waitForExists", "params": [{"mask": 18874368, "childOrSibling": [], "childOrSiblingSelector": [], "resourceId": "net.gsantner.markor_test:id/opoc_filesystem_item__title", "instance": 1}, 20000]}
[Fastbot][2026-06-19 03:52:24.512] --> END POST (233-byte body)
[Fastbot][2026-06-19 03:52:24.517] <-- 200 OK  http://127.0.0.1:9008/jsonrpc/0 (5ms)
[Fastbot][2026-06-19 03:52:24.517] Content-Type: application/json
[Fastbot][2026-06-19 03:52:24.517] Date: Fri, 19 Jun 2026 03:52:24 GMT
[Fastbot][2026-06-19 03:52:24.517] Connection: keep-alive
[Fastbot][2026-06-19 03:52:24.518] Transfer-Encoding: chunked
[Fastbot][2026-06-19 03:52:24.564] 
[Fastbot][2026-06-19 03:52:24.565] {"jsonrpc":"2.0","id":1,"result":true}

[Fastbot][2026-06-19 03:52:24.565] <-- END HTTP (39-byte body)
[Fastbot][2026-06-19 03:52:24.605] [Proxy Server] Forwarding
[Fastbot][2026-06-19 03:52:24.605] --> POST http://127.0.0.1:9008/jsonrpc/0
[Fastbot][2026-06-19 03:52:24.606] Content-Type: application/json; charset=utf-8
[Fastbot][2026-06-19 03:52:24.606] Content-Length: 220
[Fastbot][2026-06-19 03:52:24.606] 
[Fastbot][2026-06-19 03:52:24.606] {"jsonrpc": "2.0", "id": 1, "method": "getText", "params": [{"mask": 18874368, "childOrSibling": [], "childOrSiblingSelector": [], "resourceId": "net.gsantner.markor_test:id/opoc_filesystem_item__title", "instance": 1}]}
[Fastbot][2026-06-19 03:52:24.606] --> END POST (220-byte body)
[Fastbot][2026-06-19 03:52:24.612] <-- 200 OK  http://127.0.0.1:9008/jsonrpc/0 (6ms)
[Fastbot][2026-06-19 03:52:24.612] Content-Type: application/json
[Fastbot][2026-06-19 03:52:24.612] Date: Fri, 19 Jun 2026 03:52:24 GMT
[Fastbot][2026-06-19 03:52:24.613] Connection: keep-alive
[Fastbot][2026-06-19 03:52:24.613] Transfer-Encoding: chunked
[Fastbot][2026-06-19 03:52:24.613] 
[Fastbot][2026-06-19 03:52:24.613] {"jsonrpc":"2.0","id":1,"result":"A.txt"}

[Fastbot][2026-06-19 03:52:24.613] <-- END HTTP (42-byte body)
[Fastbot][2026-06-19 03:52:24.668] [Proxy Server] Forwarding
[Fastbot][2026-06-19 03:52:24.668] --> POST http://127.0.0.1:9008/jsonrpc/0
[Fastbot][2026-06-19 03:52:24.668] Content-Type: application/json; charset=utf-8
[Fastbot][2026-06-19 03:52:24.668] Content-Length: 233
[Fastbot][2026-06-19 03:52:24.668] 
[Fastbot][2026-06-19 03:52:24.668] {"jsonrpc": "2.0", "id": 1, "method": "waitForExists", "params": [{"mask": 18874368, "childOrSibling": [], "childOrSiblingSelector": [], "resourceId": "net.gsantner.markor_test:id/opoc_filesystem_item__title", "instance": 2}, 20000]}
[Fastbot][2026-06-19 03:52:24.668] --> END POST (233-byte body)
[Fastbot][2026-06-19 03:52:24.675] <-- 200 OK  http://127.0.0.1:9008/jsonrpc/0 (6ms)
[Fastbot][2026-06-19 03:52:24.675] Content-Type: application/json
[Fastbot][2026-06-19 03:52:24.675] Date: Fri, 19 Jun 2026 03:52:24 GMT
[Fastbot][2026-06-19 03:52:24.675] Connection: keep-alive
[Fastbot][2026-06-19 03:52:24.675] Transfer-Encoding: chunked
[Fastbot][2026-06-19 03:52:24.675] 
[Fastbot][2026-06-19 03:52:24.675] {"jsonrpc":"2.0","id":1,"result":true}

[Fastbot][2026-06-19 03:52:24.675] <-- END HTTP (39-byte body)
[Fastbot][2026-06-19 03:52:24.713] [Proxy Server] Forwarding
[Fastbot][2026-06-19 03:52:24.713] --> POST http://127.0.0.1:9008/jsonrpc/0
[Fastbot][2026-06-19 03:52:24.714] Content-Type: application/json; charset=utf-8
[Fastbot][2026-06-19 03:52:24.714] Content-Length: 220
[Fastbot][2026-06-19 03:52:24.714] 
[Fastbot][2026-06-19 03:52:24.714] {"jsonrpc": "2.0", "id": 1, "method": "getText", "params": [{"mask": 18874368, "childOrSibling": [], "childOrSiblingSelector": [], "resourceId": "net.gsantner.markor_test:id/opoc_filesystem_item__title", "instance": 2}]}
[Fastbot][2026-06-19 03:52:24.714] --> END POST (220-byte body)
[Fastbot][2026-06-19 03:52:24.719] <-- 200 OK  http://127.0.0.1:9008/jsonrpc/0 (4ms)
[Fastbot][2026-06-19 03:52:24.719] Content-Type: application/json
[Fastbot][2026-06-19 03:52:24.719] Date: Fri, 19 Jun 2026 03:52:24 GMT
[Fastbot][2026-06-19 03:52:24.719] Connection: keep-alive
[Fastbot][2026-06-19 03:52:24.719] Transfer-Encoding: chunked
[Fastbot][2026-06-19 03:52:24.719] 
[Fastbot][2026-06-19 03:52:24.719] {"jsonrpc":"2.0","id":1,"result":"lU0nNJzDck.md"}

[Fastbot][2026-06-19 03:52:24.719] <-- END HTTP (50-byte body)
[Fastbot][2026-06-19 03:52:24.744] [Proxy Server] Forwarding
[Fastbot][2026-06-19 03:52:24.744] --> POST http://127.0.0.1:9008/jsonrpc/0
[Fastbot][2026-06-19 03:52:24.744] Content-Type: application/json; charset=utf-8
[Fastbot][2026-06-19 03:52:24.744] Content-Length: 233
[Fastbot][2026-06-19 03:52:24.745] 
[Fastbot][2026-06-19 03:52:24.745] {"jsonrpc": "2.0", "id": 1, "method": "waitForExists", "params": [{"mask": 18874368, "childOrSibling": [], "childOrSiblingSelector": [], "resourceId": "net.gsantner.markor_test:id/opoc_filesystem_item__title", "instance": 2}, 20000]}
[Fastbot][2026-06-19 03:52:24.745] --> END POST (233-byte body)
[Fastbot][2026-06-19 03:52:24.750] <-- 200 OK  http://127.0.0.1:9008/jsonrpc/0 (4ms)
[Fastbot][2026-06-19 03:52:24.750] Content-Type: application/json
[Fastbot][2026-06-19 03:52:24.750] Date: Fri, 19 Jun 2026 03:52:24 GMT
[Fastbot][2026-06-19 03:52:24.750] Connection: keep-alive
[Fastbot][2026-06-19 03:52:24.750] Transfer-Encoding: chunked
[Fastbot][2026-06-19 03:52:24.794] 
[Fastbot][2026-06-19 03:52:24.794] {"jsonrpc":"2.0","id":1,"result":true}

[Fastbot][2026-06-19 03:52:24.794] <-- END HTTP (39-byte body)
[Fastbot][2026-06-19 03:52:24.822] [Proxy Server] Forwarding
[Fastbot][2026-06-19 03:52:24.823] --> POST http://127.0.0.1:9008/jsonrpc/0
[Fastbot][2026-06-19 03:52:24.823] Content-Type: application/json; charset=utf-8
[Fastbot][2026-06-19 03:52:24.823] Content-Length: 220
[Fastbot][2026-06-19 03:52:24.823] 
[Fastbot][2026-06-19 03:52:24.823] {"jsonrpc": "2.0", "id": 1, "method": "getText", "params": [{"mask": 18874368, "childOrSibling": [], "childOrSiblingSelector": [], "resourceId": "net.gsantner.markor_test:id/opoc_filesystem_item__title", "instance": 2}]}
[Fastbot][2026-06-19 03:52:24.823] --> END POST (220-byte body)
[Fastbot][2026-06-19 03:52:24.834] <-- 200 OK  http://127.0.0.1:9008/jsonrpc/0 (10ms)
[Fastbot][2026-06-19 03:52:24.835] Content-Type: application/json
[Fastbot][2026-06-19 03:52:24.835] Date: Fri, 19 Jun 2026 03:52:24 GMT
[Fastbot][2026-06-19 03:52:24.835] Connection: keep-alive
[Fastbot][2026-06-19 03:52:24.835] Transfer-Encoding: chunked
[Fastbot][2026-06-19 03:52:24.885] 
[Fastbot][2026-06-19 03:52:24.885] {"jsonrpc":"2.0","id":1,"result":"lU0nNJzDck.md"}

[Fastbot][2026-06-19 03:52:24.885] <-- END HTTP (50-byte body)
[Fastbot][2026-06-19 03:52:24.931] [Proxy Server] Forwarding
[Fastbot][2026-06-19 03:52:24.932] --> POST http://127.0.0.1:9008/jsonrpc/0
[Fastbot][2026-06-19 03:52:24.932] Content-Type: application/json; charset=utf-8
[Fastbot][2026-06-19 03:52:24.932] Content-Length: 242
[Fastbot][2026-06-19 03:52:24.932] 
[Fastbot][2026-06-19 03:52:24.932] {"jsonrpc": "2.0", "id": 1, "method": "waitForExists", "params": [{"mask": 2097153, "childOrSibling": [], "childOrSiblingSelector": [], "resourceId": "net.gsantner.markor_test:id/opoc_filesystem_item__title", "text": "lU0nNJzDck.md"}, 20000]}
[Fastbot][2026-06-19 03:52:24.932] --> END POST (242-byte body)
[Fastbot][2026-06-19 03:52:24.949] <-- 200 OK  http://127.0.0.1:9008/jsonrpc/0 (16ms)
[Fastbot][2026-06-19 03:52:24.949] Content-Type: application/json
[Fastbot][2026-06-19 03:52:24.949] Date: Fri, 19 Jun 2026 03:52:24 GMT
[Fastbot][2026-06-19 03:52:24.949] Connection: keep-alive
[Fastbot][2026-06-19 03:52:24.949] Transfer-Encoding: chunked
[Fastbot][2026-06-19 03:52:24.950] 
[Fastbot][2026-06-19 03:52:24.950] {"jsonrpc":"2.0","id":1,"result":true}

[Fastbot][2026-06-19 03:52:24.950] <-- END HTTP (39-byte body)
[Fastbot][2026-06-19 03:52:24.977] [Proxy Server] Forwarding
[Fastbot][2026-06-19 03:52:24.977] --> POST http://127.0.0.1:9008/jsonrpc/0
[Fastbot][2026-06-19 03:52:24.977] Content-Type: application/json; charset=utf-8
[Fastbot][2026-06-19 03:52:24.977] Content-Length: 229
[Fastbot][2026-06-19 03:52:24.977] 
[Fastbot][2026-06-19 03:52:24.977] {"jsonrpc": "2.0", "id": 1, "method": "objInfo", "params": [{"mask": 2097153, "childOrSibling": [], "childOrSiblingSelector": [], "resourceId": "net.gsantner.markor_test:id/opoc_filesystem_item__title", "text": "lU0nNJzDck.md"}]}
[Fastbot][2026-06-19 03:52:24.977] --> END POST (229-byte body)
[Fastbot][2026-06-19 03:52:25.003] <-- 200 OK  http://127.0.0.1:9008/jsonrpc/0 (25ms)
[Fastbot][2026-06-19 03:52:25.003] Content-Type: application/json
[Fastbot][2026-06-19 03:52:25.003] Date: Fri, 19 Jun 2026 03:52:25 GMT
[Fastbot][2026-06-19 03:52:25.003] Connection: keep-alive
[Fastbot][2026-06-19 03:52:25.003] Transfer-Encoding: chunked
[Fastbot][2026-06-19 03:52:25.045] 
[Fastbot][2026-06-19 03:52:25.045] {"jsonrpc":"2.0","id":1,"result":{"bounds":{"bottom":658,"left":165,"right":540,"top":588},"childCount":0,"className":"android.widget.TextView","contentDescription":null,"packageName":"net.gsantner.markor_test","resourceName":"net.gsantner.markor_test:id/opoc_filesystem_item__title","text":"lU0nNJzD...[truncated]
[Fastbot][2026-06-19 03:52:25.045] <-- END HTTP (532-byte body)
[Fastbot][2026-06-19 03:52:25.086] [Proxy Server] Detected script method: click
[Fastbot][2026-06-19 03:52:25.086] [Proxy Server] Forwarding
[Fastbot][2026-06-19 03:52:25.086] --> POST http://127.0.0.1:9008/jsonrpc/0
[Fastbot][2026-06-19 03:52:25.086] Content-Type: application/json; charset=utf-8
[Fastbot][2026-06-19 03:52:25.086] Content-Length: 77
[Fastbot][2026-06-19 03:52:25.086] 
[Fastbot][2026-06-19 03:52:25.086] {"jsonrpc": "2.0", "id": 1, "method": "click", "params": [352.5, 623.0, 500]}
[Fastbot][2026-06-19 03:52:25.086] --> END POST (77-byte body)
[Fastbot][2026-06-19 03:52:25.864] <-- 200 OK  http://127.0.0.1:9008/jsonrpc/0 (777ms)
[Fastbot][2026-06-19 03:52:25.864] Content-Type: application/json
[Fastbot][2026-06-19 03:52:25.864] Date: Fri, 19 Jun 2026 03:52:25 GMT
[Fastbot][2026-06-19 03:52:25.864] Connection: keep-alive
[Fastbot][2026-06-19 03:52:25.864] Transfer-Encoding: chunked
[Fastbot][2026-06-19 03:52:25.865] 
[Fastbot][2026-06-19 03:52:25.865] {"jsonrpc":"2.0","id":1,"result":true}

[Fastbot][2026-06-19 03:52:25.865] <-- END HTTP (39-byte body)
[Fastbot][2026-06-19 03:52:26.895] [Proxy Server] Forwarding
[Fastbot][2026-06-19 03:52:26.896] --> POST http://127.0.0.1:9008/jsonrpc/0
[Fastbot][2026-06-19 03:52:26.896] Content-Type: application/json; charset=utf-8
[Fastbot][2026-06-19 03:52:26.896] Content-Length: 217
[Fastbot][2026-06-19 03:52:26.896] 
[Fastbot][2026-06-19 03:52:26.897] {"jsonrpc": "2.0", "id": 1, "method": "waitForExists", "params": [{"mask": 2097152, "childOrSibling": [], "childOrSiblingSelector": [], "resourceId": "net.gsantner.markor_test:id/action_rename_selected_item"}, 20000]}
[Fastbot][2026-06-19 03:52:26.897] --> END POST (217-byte body)
[Fastbot][2026-06-19 03:52:26.911] <-- 200 OK  http://127.0.0.1:9008/jsonrpc/0 (14ms)
[Fastbot][2026-06-19 03:52:26.911] Content-Type: application/json
[Fastbot][2026-06-19 03:52:26.911] Date: Fri, 19 Jun 2026 03:52:26 GMT
[Fastbot][2026-06-19 03:52:26.911] Connection: keep-alive
[Fastbot][2026-06-19 03:52:26.911] Transfer-Encoding: chunked
[Fastbot][2026-06-19 03:52:26.912] 
[Fastbot][2026-06-19 03:52:26.912] {"jsonrpc":"2.0","id":1,"result":true}

[Fastbot][2026-06-19 03:52:26.912] <-- END HTTP (39-byte body)
[Fastbot][2026-06-19 03:52:26.938] [Proxy Server] Forwarding
[Fastbot][2026-06-19 03:52:26.939] --> POST http://127.0.0.1:9008/jsonrpc/0
[Fastbot][2026-06-19 03:52:26.939] Content-Type: application/json; charset=utf-8
[Fastbot][2026-06-19 03:52:26.939] Content-Length: 204
[Fastbot][2026-06-19 03:52:26.939] 
[Fastbot][2026-06-19 03:52:26.939] {"jsonrpc": "2.0", "id": 1, "method": "objInfo", "params": [{"mask": 2097152, "childOrSibling": [], "childOrSiblingSelector": [], "resourceId": "net.gsantner.markor_test:id/action_rename_selected_item"}]}
[Fastbot][2026-06-19 03:52:26.939] --> END POST (204-byte body)
[Fastbot][2026-06-19 03:52:26.960] <-- 200 OK  http://127.0.0.1:9008/jsonrpc/0 (20ms)
[Fastbot][2026-06-19 03:52:26.961] Content-Type: application/json
[Fastbot][2026-06-19 03:52:26.961] Date: Fri, 19 Jun 2026 03:52:26 GMT
[Fastbot][2026-06-19 03:52:26.961] Connection: keep-alive
[Fastbot][2026-06-19 03:52:26.961] Transfer-Encoding: chunked
[Fastbot][2026-06-19 03:52:27.005] 
[Fastbot][2026-06-19 03:52:27.005] {"jsonrpc":"2.0","id":1,"result":{"bounds":{"bottom":275,"left":639,"right":749,"top":143},"childCount":0,"className":"android.widget.TextView","contentDescription":"Rename","packageName":"net.gsantner.markor_test","resourceName":"net.gsantner.markor_test:id/action_rename_selected_item","text":null,...[truncated]
[Fastbot][2026-06-19 03:52:27.005] <-- END HTTP (522-byte body)
[Fastbot][2026-06-19 03:52:27.032] [Proxy Server] Detected script method: click
[Fastbot][2026-06-19 03:52:27.033] [Proxy Server] Forwarding
[Fastbot][2026-06-19 03:52:27.033] --> POST http://127.0.0.1:9008/jsonrpc/0
[Fastbot][2026-06-19 03:52:27.034] Content-Type: application/json; charset=utf-8
[Fastbot][2026-06-19 03:52:27.034] Content-Length: 72
[Fastbot][2026-06-19 03:52:27.034] 
[Fastbot][2026-06-19 03:52:27.034] {"jsonrpc": "2.0", "id": 1, "method": "click", "params": [694.0, 209.0]}
[Fastbot][2026-06-19 03:52:27.034] --> END POST (72-byte body)
[Fastbot][2026-06-19 03:52:27.165] <-- 200 OK  http://127.0.0.1:9008/jsonrpc/0 (130ms)
[Fastbot][2026-06-19 03:52:27.165] Content-Type: application/json
[Fastbot][2026-06-19 03:52:27.165] Date: Fri, 19 Jun 2026 03:52:27 GMT
[Fastbot][2026-06-19 03:52:27.165] Connection: keep-alive
[Fastbot][2026-06-19 03:52:27.165] Transfer-Encoding: chunked
[Fastbot][2026-06-19 03:52:27.215] 
[Fastbot][2026-06-19 03:52:27.216] {"jsonrpc":"2.0","id":1,"result":true}

[Fastbot][2026-06-19 03:52:27.216] <-- END HTTP (39-byte body)
[Fastbot][2026-06-19 03:52:28.252] [Proxy Server] Forwarding
[Fastbot][2026-06-19 03:52:28.252] --> POST http://127.0.0.1:9008/jsonrpc/0
[Fastbot][2026-06-19 03:52:28.252] Content-Type: application/json; charset=utf-8
[Fastbot][2026-06-19 03:52:28.253] Content-Length: 198
[Fastbot][2026-06-19 03:52:28.253] 
[Fastbot][2026-06-19 03:52:28.253] {"jsonrpc": "2.0", "id": 1, "method": "waitForExists", "params": [{"mask": 2097152, "childOrSibling": [], "childOrSiblingSelector": [], "resourceId": "net.gsantner.markor_test:id/new_name"}, 20000]}
[Fastbot][2026-06-19 03:52:28.253] --> END POST (198-byte body)
[Fastbot][2026-06-19 03:52:28.266] <-- 200 OK  http://127.0.0.1:9008/jsonrpc/0 (13ms)
[Fastbot][2026-06-19 03:52:28.267] Content-Type: application/json
[Fastbot][2026-06-19 03:52:28.267] Date: Fri, 19 Jun 2026 03:52:28 GMT
[Fastbot][2026-06-19 03:52:28.267] Connection: keep-alive
[Fastbot][2026-06-19 03:52:28.267] Transfer-Encoding: chunked
[Fastbot][2026-06-19 03:52:28.267] 
[Fastbot][2026-06-19 03:52:28.267] {"jsonrpc":"2.0","id":1,"result":true}

[Fastbot][2026-06-19 03:52:28.267] <-- END HTTP (39-byte body)
[Fastbot][2026-06-19 03:52:28.299] [Proxy Server] Detected script method: setText
[Fastbot][2026-06-19 03:52:28.299] [Proxy Server] Forwarding
[Fastbot][2026-06-19 03:52:28.300] --> POST http://127.0.0.1:9008/jsonrpc/0
[Fastbot][2026-06-19 03:52:28.300] Content-Type: application/json; charset=utf-8
[Fastbot][2026-06-19 03:52:28.300] Content-Length: 196
[Fastbot][2026-06-19 03:52:28.300] 
[Fastbot][2026-06-19 03:52:28.301] {"jsonrpc": "2.0", "id": 1, "method": "setText", "params": [{"mask": 2097152, "childOrSibling": [], "childOrSiblingSelector": [], "resourceId": "net.gsantner.markor_test:id/new_name"}, "cVd5.md"]}
[Fastbot][2026-06-19 03:52:28.301] --> END POST (196-byte body)
[Fastbot][2026-06-19 03:52:28.434] <-- 200 OK  http://127.0.0.1:9008/jsonrpc/0 (132ms)
[Fastbot][2026-06-19 03:52:28.434] Content-Type: application/json
[Fastbot][2026-06-19 03:52:28.434] Date: Fri, 19 Jun 2026 03:52:28 GMT
[Fastbot][2026-06-19 03:52:28.434] Connection: keep-alive
[Fastbot][2026-06-19 03:52:28.434] Transfer-Encoding: chunked
[Fastbot][2026-06-19 03:52:28.474] 
[Fastbot][2026-06-19 03:52:28.474] {"jsonrpc":"2.0","id":1,"result":true}

[Fastbot][2026-06-19 03:52:28.475] <-- END HTTP (39-byte body)
[Fastbot][2026-06-19 03:52:29.517] [Proxy Server] Forwarding
[Fastbot][2026-06-19 03:52:29.517] --> POST http://127.0.0.1:9008/jsonrpc/0
[Fastbot][2026-06-19 03:52:29.517] Content-Type: application/json; charset=utf-8
[Fastbot][2026-06-19 03:52:29.517] Content-Length: 194
[Fastbot][2026-06-19 03:52:29.517] 
[Fastbot][2026-06-19 03:52:29.517] {"jsonrpc": "2.0", "id": 1, "method": "waitForExists", "params": [{"mask": 2097153, "childOrSibling": [], "childOrSiblingSelector": [], "resourceId": "android:id/button1", "text": "OK"}, 20000]}
[Fastbot][2026-06-19 03:52:29.518] --> END POST (194-byte body)
[Fastbot][2026-06-19 03:52:29.527] <-- 200 OK  http://127.0.0.1:9008/jsonrpc/0 (9ms)
[Fastbot][2026-06-19 03:52:29.528] Content-Type: application/json
[Fastbot][2026-06-19 03:52:29.528] Date: Fri, 19 Jun 2026 03:52:29 GMT
[Fastbot][2026-06-19 03:52:29.528] Connection: keep-alive
[Fastbot][2026-06-19 03:52:29.528] Transfer-Encoding: chunked
[Fastbot][2026-06-19 03:52:29.528] 
[Fastbot][2026-06-19 03:52:29.528] {"jsonrpc":"2.0","id":1,"result":true}

[Fastbot][2026-06-19 03:52:29.528] <-- END HTTP (39-byte body)
[Fastbot][2026-06-19 03:52:29.562] [Proxy Server] Forwarding
[Fastbot][2026-06-19 03:52:29.563] --> POST http://127.0.0.1:9008/jsonrpc/0
[Fastbot][2026-06-19 03:52:29.563] Content-Type: application/json; charset=utf-8
[Fastbot][2026-06-19 03:52:29.563] Content-Length: 181
[Fastbot][2026-06-19 03:52:29.563] 
[Fastbot][2026-06-19 03:52:29.564] {"jsonrpc": "2.0", "id": 1, "method": "objInfo", "params": [{"mask": 2097153, "childOrSibling": [], "childOrSiblingSelector": [], "resourceId": "android:id/button1", "text": "OK"}]}
[Fastbot][2026-06-19 03:52:29.564] --> END POST (181-byte body)
[Fastbot][2026-06-19 03:52:29.589] <-- 200 OK  http://127.0.0.1:9008/jsonrpc/0 (25ms)
[Fastbot][2026-06-19 03:52:29.589] Content-Type: application/json
[Fastbot][2026-06-19 03:52:29.589] Date: Fri, 19 Jun 2026 03:52:29 GMT
[Fastbot][2026-06-19 03:52:29.589] Connection: keep-alive
[Fastbot][2026-06-19 03:52:29.590] Transfer-Encoding: chunked
[Fastbot][2026-06-19 03:52:29.590] 
[Fastbot][2026-06-19 03:52:29.590] {"jsonrpc":"2.0","id":1,"result":{"bounds":{"bottom":1399,"left":669,"right":834,"top":1283},"childCount":0,"className":"android.widget.Button","contentDescription":null,"packageName":"net.gsantner.markor_test","resourceName":"android:id/button1","text":"OK","visibleBounds":{"bottom":1399,"left":669...[truncated]
[Fastbot][2026-06-19 03:52:29.590] <-- END HTTP (484-byte body)
[Fastbot][2026-06-19 03:52:29.623] [Proxy Server] Detected script method: click
[Fastbot][2026-06-19 03:52:29.624] [Proxy Server] Forwarding
[Fastbot][2026-06-19 03:52:29.624] --> POST http://127.0.0.1:9008/jsonrpc/0
[Fastbot][2026-06-19 03:52:29.624] Content-Type: application/json; charset=utf-8
[Fastbot][2026-06-19 03:52:29.624] Content-Length: 73
[Fastbot][2026-06-19 03:52:29.624] 
[Fastbot][2026-06-19 03:52:29.624] {"jsonrpc": "2.0", "id": 1, "method": "click", "params": [751.5, 1341.0]}
[Fastbot][2026-06-19 03:52:29.624] --> END POST (73-byte body)
[Fastbot][2026-06-19 03:52:29.764] <-- 200 OK  http://127.0.0.1:9008/jsonrpc/0 (138ms)
[Fastbot][2026-06-19 03:52:29.764] Content-Type: application/json
[Fastbot][2026-06-19 03:52:29.764] Date: Fri, 19 Jun 2026 03:52:29 GMT
[Fastbot][2026-06-19 03:52:29.765] Connection: keep-alive
[Fastbot][2026-06-19 03:52:29.765] Transfer-Encoding: chunked
[Fastbot][2026-06-19 03:52:29.766] 
[Fastbot][2026-06-19 03:52:29.766] {"jsonrpc":"2.0","id":1,"result":true}

[Fastbot][2026-06-19 03:52:29.766] <-- END HTTP (39-byte body)
[Fastbot][2026-06-19 03:52:30.795] [Proxy Server] Forwarding
[Fastbot][2026-06-19 03:52:30.795] --> POST http://127.0.0.1:9008/jsonrpc/0
[Fastbot][2026-06-19 03:52:30.795] Content-Type: application/json; charset=utf-8
[Fastbot][2026-06-19 03:52:30.795] Content-Length: 83
[Fastbot][2026-06-19 03:52:30.796] 
[Fastbot][2026-06-19 03:52:30.796] {"jsonrpc": "2.0", "id": 1, "method": "dumpWindowHierarchy", "params": [false, 50]}
[Fastbot][2026-06-19 03:52:30.796] --> END POST (83-byte body)
[Fastbot][2026-06-19 03:52:30.820] <-- 200 OK  http://127.0.0.1:9008/jsonrpc/0 (24ms)
[Fastbot][2026-06-19 03:52:30.820] Content-Type: application/json
[Fastbot][2026-06-19 03:52:30.820] Date: Fri, 19 Jun 2026 03:52:30 GMT
[Fastbot][2026-06-19 03:52:30.820] Connection: keep-alive
[Fastbot][2026-06-19 03:52:30.820] Transfer-Encoding: chunked
[Fastbot][2026-06-19 03:52:30.822] 
[Fastbot][2026-06-19 03:52:30.822] {"jsonrpc":"2.0","id":1,"result":"<?xml version='1.0' encoding='UTF-8' standalone='yes' ?>\r\n<hierarchy rotation=\"0\">\r\n  <node index=\"0\" text=\"\" resource-id=\"\" class=\"android.widget.FrameLayout\" package=\"com.android.systemui\" content-desc=\"\" checkable=\"false\" checked=\"false\" cli...[truncated]
[Fastbot][2026-06-19 03:52:30.822] <-- END HTTP (46104-byte body)
[Fastbot][2026-06-19 03:52:31.072] --> POST http://127.0.0.1:9008/jsonrpc/0
[Fastbot][2026-06-19 03:52:31.072] Content-Type: application/json; charset=utf-8
[Fastbot][2026-06-19 03:52:31.073] Content-Length: 75
[Fastbot][2026-06-19 03:52:31.073] 
[Fastbot][2026-06-19 03:52:31.073] {"id":1,"jsonrpc":"2.0","method":"dumpWindowHierarchy","params":[false,50]}
[Fastbot][2026-06-19 03:52:31.073] --> END POST (75-byte body)
[Fastbot][2026-06-19 03:52:31.107] <-- 200 OK  http://127.0.0.1:9008/jsonrpc/0 (33ms)
[Fastbot][2026-06-19 03:52:31.107] Content-Type: application/json
[Fastbot][2026-06-19 03:52:31.107] Date: Fri, 19 Jun 2026 03:52:31 GMT
[Fastbot][2026-06-19 03:52:31.107] Connection: keep-alive
[Fastbot][2026-06-19 03:52:31.107] Transfer-Encoding: chunked
[Fastbot][2026-06-19 03:52:31.108] 
[Fastbot][2026-06-19 03:52:31.109] {"jsonrpc":"2.0","id":1,"result":"<?xml version='1.0' encoding='UTF-8' standalone='yes' ?>\r\n<hierarchy rotation=\"0\">\r\n  <node index=\"0\" text=\"\" resource-id=\"\" class=\"android.widget.FrameLayout\" package=\"com.android.systemui\" content-desc=\"\" checkable=\"false\" checked=\"false\" cli...[truncated]
[Fastbot][2026-06-19 03:52:31.109] <-- END HTTP (46104-byte body)
[Fastbot][2026-06-19 03:52:31.154] [ProxyServer] stepsCount: 11
[Fastbot][2026-06-19 03:52:31.154] [ProxyServer] receive request: stepMonkey
[Fastbot][2026-06-19 03:52:31.154] [MonkeySourceApeU2] stepsCount: 11
[Fastbot][2026-06-19 03:52:31.154] [MonkeySourceApeU2] Latest event is MonkeyEvent. Use the cached hierarchy.
[Fastbot][2026-06-19 03:52:31.155] [MonkeySourceApeU2] Successfully Got hierarchy
[Fastbot][2026-06-19 03:52:31.156] // Event id: 66
[Fastbot][2026-06-19 03:52:31.156] topActivity Name: ComponentInfo{net.gsantner.markor_test/net.gsantner.markor.activity.MainActivity}
[Fastbot][2026-06-19 03:52:31.157] // Dumped stringOfGuiTree
[Fastbot][2026-06-19 03:52:31.157] topActivityName: net.gsantner.markor.activity.MainActivity
[Fastbot][2026-06-19 03:52:31.159] action type: LONG_CLICK
[Fastbot][2026-06-19 03:52:31.159] rpc cost time: 2
[Fastbot][2026-06-19 03:52:31.160] :Sending rotation degree=0, persist=false
[Fastbot][2026-06-19 03:52:31.167] :Sending Touch (ACTION_DOWN): 0:(988.0,236.0)
[Fastbot][2026-06-19 03:52:31.169] Wait Event for 1000 milliseconds
[Fastbot][2026-06-19 03:52:32.172] :Sending Touch (ACTION_UP): 0:(988.0,236.0)
[Fastbot][2026-06-19 03:52:32.175] Sleeping for 295 milliseconds
[Fastbot][2026-06-19 03:52:32.473] [ProxyServer] Finish monkey step. Dumping hierarchy
[Fastbot][2026-06-19 03:52:32.473] --> POST http://127.0.0.1:9008/jsonrpc/0
[Fastbot][2026-06-19 03:52:32.474] Content-Type: application/json; charset=utf-8
[Fastbot][2026-06-19 03:52:32.474] Content-Length: 75
[Fastbot][2026-06-19 03:52:32.474] 
[Fastbot][2026-06-19 03:52:32.474] {"id":1,"jsonrpc":"2.0","method":"dumpWindowHierarchy","params":[false,50]}
[Fastbot][2026-06-19 03:52:32.474] --> END POST (75-byte body)
[Fastbot][2026-06-19 03:52:32.501] <-- 200 OK  http://127.0.0.1:9008/jsonrpc/0 (26ms)
[Fastbot][2026-06-19 03:52:32.502] Content-Type: application/json
[Fastbot][2026-06-19 03:52:32.502] Date: Fri, 19 Jun 2026 03:52:32 GMT
[Fastbot][2026-06-19 03:52:32.502] Connection: keep-alive
[Fastbot][2026-06-19 03:52:32.502] Transfer-Encoding: chunked
[Fastbot][2026-06-19 03:52:32.506] 
[Fastbot][2026-06-19 03:52:32.506] {"jsonrpc":"2.0","id":1,"result":"<?xml version='1.0' encoding='UTF-8' standalone='yes' ?>\r\n<hierarchy rotation=\"0\">\r\n  <node index=\"0\" text=\"\" resource-id=\"\" class=\"android.widget.FrameLayout\" package=\"com.android.systemui\" content-desc=\"\" checkable=\"false\" checked=\"false\" cli...[truncated]
[Fastbot][2026-06-19 03:52:32.506] <-- END HTTP (46104-byte body)
[Fastbot][2026-06-19 03:52:32.591] [Proxy Server] Forwarding
[Fastbot][2026-06-19 03:52:32.591] --> POST http://127.0.0.1:9008/jsonrpc/0
[Fastbot][2026-06-19 03:52:32.591] Content-Type: application/json; charset=utf-8
[Fastbot][2026-06-19 03:52:32.591] Content-Length: 194
[Fastbot][2026-06-19 03:52:32.591] 
[Fastbot][2026-06-19 03:52:32.591] {"jsonrpc": "2.0", "id": 1, "method": "waitForExists", "params": [{"mask": 2097152, "childOrSibling": [], "childOrSiblingSelector": [], "resourceId": "net.gsantner.markor_test:id/icon"}, 20000]}
[Fastbot][2026-06-19 03:52:32.591] --> END POST (194-byte body)
[Fastbot][2026-06-19 03:52:32.609] <-- 200 OK  http://127.0.0.1:9008/jsonrpc/0 (17ms)
[Fastbot][2026-06-19 03:52:32.609] Content-Type: application/json
[Fastbot][2026-06-19 03:52:32.610] Date: Fri, 19 Jun 2026 03:52:32 GMT
[Fastbot][2026-06-19 03:52:32.610] Connection: keep-alive
[Fastbot][2026-06-19 03:52:32.610] Transfer-Encoding: chunked
[Fastbot][2026-06-19 03:52:32.610] 
[Fastbot][2026-06-19 03:52:32.611] {"jsonrpc":"2.0","id":1,"result":true}

[Fastbot][2026-06-19 03:52:32.611] <-- END HTTP (39-byte body)
[Fastbot][2026-06-19 03:52:32.627] [Proxy Server] Forwarding
[Fastbot][2026-06-19 03:52:32.628] --> POST http://127.0.0.1:9008/jsonrpc/0
[Fastbot][2026-06-19 03:52:32.628] Content-Type: application/json; charset=utf-8
[Fastbot][2026-06-19 03:52:32.628] Content-Length: 181
[Fastbot][2026-06-19 03:52:32.628] 
[Fastbot][2026-06-19 03:52:32.628] {"jsonrpc": "2.0", "id": 1, "method": "objInfo", "params": [{"mask": 2097152, "childOrSibling": [], "childOrSiblingSelector": [], "resourceId": "net.gsantner.markor_test:id/icon"}]}
[Fastbot][2026-06-19 03:52:32.628] --> END POST (181-byte body)
[Fastbot][2026-06-19 03:52:32.653] <-- 200 OK  http://127.0.0.1:9008/jsonrpc/0 (24ms)
[Fastbot][2026-06-19 03:52:32.653] Content-Type: application/json
[Fastbot][2026-06-19 03:52:32.653] Date: Fri, 19 Jun 2026 03:52:32 GMT
[Fastbot][2026-06-19 03:52:32.653] Connection: keep-alive
[Fastbot][2026-06-19 03:52:32.653] Transfer-Encoding: chunked
[Fastbot][2026-06-19 03:52:32.694] 
[Fastbot][2026-06-19 03:52:32.695] {"jsonrpc":"2.0","id":1,"result":{"bounds":{"bottom":2016,"left":102,"right":168,"top":2010},"childCount":0,"className":"android.widget.ImageView","contentDescription":null,"packageName":"net.gsantner.markor_test","resourceName":"net.gsantner.markor_test:id/icon","text":null,"visibleBounds":{"bottom...[truncated]
[Fastbot][2026-06-19 03:52:32.695] <-- END HTTP (502-byte body)
[Fastbot][2026-06-19 03:52:32.733] [Proxy Server] Detected script method: click
[Fastbot][2026-06-19 03:52:32.734] [Proxy Server] Forwarding
[Fastbot][2026-06-19 03:52:32.734] --> POST http://127.0.0.1:9008/jsonrpc/0
[Fastbot][2026-06-19 03:52:32.734] Content-Type: application/json; charset=utf-8
[Fastbot][2026-06-19 03:52:32.734] Content-Length: 73
[Fastbot][2026-06-19 03:52:32.735] 
[Fastbot][2026-06-19 03:52:32.735] {"jsonrpc": "2.0", "id": 1, "method": "click", "params": [135.0, 2013.0]}
[Fastbot][2026-06-19 03:52:32.735] --> END POST (73-byte body)
[Fastbot][2026-06-19 03:52:32.932] <-- 200 OK  http://127.0.0.1:9008/jsonrpc/0 (197ms)
[Fastbot][2026-06-19 03:52:32.932] Content-Type: application/json
[Fastbot][2026-06-19 03:52:32.933] Date: Fri, 19 Jun 2026 03:52:32 GMT
[Fastbot][2026-06-19 03:52:32.933] Connection: keep-alive
[Fastbot][2026-06-19 03:52:32.934] Transfer-Encoding: chunked
[Fastbot][2026-06-19 03:52:32.934] 
[Fastbot][2026-06-19 03:52:32.934] {"jsonrpc":"2.0","id":1,"result":true}

[Fastbot][2026-06-19 03:52:32.934] <-- END HTTP (39-byte body)
[Fastbot][2026-06-19 03:52:33.967] [Proxy Server] Forwarding
[Fastbot][2026-06-19 03:52:33.967] --> POST http://127.0.0.1:9008/jsonrpc/0
[Fastbot][2026-06-19 03:52:33.967] Content-Type: application/json; charset=utf-8
[Fastbot][2026-06-19 03:52:33.967] Content-Length: 202
[Fastbot][2026-06-19 03:52:33.967] 
[Fastbot][2026-06-19 03:52:33.967] {"jsonrpc": "2.0", "id": 1, "method": "waitForExists", "params": [{"mask": 2097152, "childOrSibling": [], "childOrSiblingSelector": [], "resourceId": "net.gsantner.markor_test:id/action_go_to"}, 20000]}
[Fastbot][2026-06-19 03:52:33.967] --> END POST (202-byte body)
[Fastbot][2026-06-19 03:52:33.981] <-- 200 OK  http://127.0.0.1:9008/jsonrpc/0 (12ms)
[Fastbot][2026-06-19 03:52:33.981] Content-Type: application/json
[Fastbot][2026-06-19 03:52:33.981] Date: Fri, 19 Jun 2026 03:52:33 GMT
[Fastbot][2026-06-19 03:52:33.981] Connection: keep-alive
[Fastbot][2026-06-19 03:52:33.981] Transfer-Encoding: chunked
[Fastbot][2026-06-19 03:52:33.981] 
[Fastbot][2026-06-19 03:52:33.981] {"jsonrpc":"2.0","id":1,"result":true}

[Fastbot][2026-06-19 03:52:33.981] <-- END HTTP (39-byte body)
[Fastbot][2026-06-19 03:52:34.030] [Proxy Server] Forwarding
[Fastbot][2026-06-19 03:52:34.030] --> POST http://127.0.0.1:9008/jsonrpc/0
[Fastbot][2026-06-19 03:52:34.030] Content-Type: application/json; charset=utf-8
[Fastbot][2026-06-19 03:52:34.030] Content-Length: 189
[Fastbot][2026-06-19 03:52:34.031] 
[Fastbot][2026-06-19 03:52:34.031] {"jsonrpc": "2.0", "id": 1, "method": "objInfo", "params": [{"mask": 2097152, "childOrSibling": [], "childOrSiblingSelector": [], "resourceId": "net.gsantner.markor_test:id/action_go_to"}]}
[Fastbot][2026-06-19 03:52:34.031] --> END POST (189-byte body)
[Fastbot][2026-06-19 03:52:34.054] <-- 200 OK  http://127.0.0.1:9008/jsonrpc/0 (22ms)
[Fastbot][2026-06-19 03:52:34.054] Content-Type: application/json
[Fastbot][2026-06-19 03:52:34.054] Date: Fri, 19 Jun 2026 03:52:34 GMT
[Fastbot][2026-06-19 03:52:34.054] Connection: keep-alive
[Fastbot][2026-06-19 03:52:34.054] Transfer-Encoding: chunked
[Fastbot][2026-06-19 03:52:34.054] 
[Fastbot][2026-06-19 03:52:34.055] {"jsonrpc":"2.0","id":1,"result":{"bounds":{"bottom":275,"left":639,"right":749,"top":143},"childCount":0,"className":"android.widget.TextView","contentDescription":"Go to","packageName":"net.gsantner.markor_test","resourceName":"net.gsantner.markor_test:id/action_go_to","text":null,"visibleBounds":...[truncated]
[Fastbot][2026-06-19 03:52:34.055] <-- END HTTP (506-byte body)
[Fastbot][2026-06-19 03:52:34.093] [Proxy Server] Detected script method: click
[Fastbot][2026-06-19 03:52:34.094] [Proxy Server] Forwarding
[Fastbot][2026-06-19 03:52:34.094] --> POST http://127.0.0.1:9008/jsonrpc/0
[Fastbot][2026-06-19 03:52:34.094] Content-Type: application/json; charset=utf-8
[Fastbot][2026-06-19 03:52:34.094] Content-Length: 72
[Fastbot][2026-06-19 03:52:34.094] 
[Fastbot][2026-06-19 03:52:34.094] {"jsonrpc": "2.0", "id": 1, "method": "click", "params": [694.0, 209.0]}
[Fastbot][2026-06-19 03:52:34.094] --> END POST (72-byte body)
[Fastbot][2026-06-19 03:52:34.231] <-- 200 OK  http://127.0.0.1:9008/jsonrpc/0 (136ms)
[Fastbot][2026-06-19 03:52:34.231] Content-Type: application/json
[Fastbot][2026-06-19 03:52:34.231] Date: Fri, 19 Jun 2026 03:52:34 GMT
[Fastbot][2026-06-19 03:52:34.231] Connection: keep-alive
[Fastbot][2026-06-19 03:52:34.231] Transfer-Encoding: chunked
[Fastbot][2026-06-19 03:52:34.232] 
[Fastbot][2026-06-19 03:52:34.232] {"jsonrpc":"2.0","id":1,"result":true}

[Fastbot][2026-06-19 03:52:34.232] <-- END HTTP (39-byte body)
[Fastbot][2026-06-19 03:52:35.278] [Proxy Server] Forwarding
[Fastbot][2026-06-19 03:52:35.279] --> POST http://127.0.0.1:9008/jsonrpc/0
[Fastbot][2026-06-19 03:52:35.279] Content-Type: application/json; charset=utf-8
[Fastbot][2026-06-19 03:52:35.279] Content-Length: 215
[Fastbot][2026-06-19 03:52:35.279] 
[Fastbot][2026-06-19 03:52:35.279] {"jsonrpc": "2.0", "id": 1, "method": "waitForExists", "params": [{"mask": 2097153, "childOrSibling": [], "childOrSiblingSelector": [], "resourceId": "net.gsantner.markor_test:id/title", "text": "Notebook"}, 20000]}
[Fastbot][2026-06-19 03:52:35.279] --> END POST (215-byte body)
[Fastbot][2026-06-19 03:52:35.290] <-- 200 OK  http://127.0.0.1:9008/jsonrpc/0 (11ms)
[Fastbot][2026-06-19 03:52:35.290] Content-Type: application/json
[Fastbot][2026-06-19 03:52:35.291] Date: Fri, 19 Jun 2026 03:52:35 GMT
[Fastbot][2026-06-19 03:52:35.291] Connection: keep-alive
[Fastbot][2026-06-19 03:52:35.291] Transfer-Encoding: chunked
[Fastbot][2026-06-19 03:52:35.292] 
[Fastbot][2026-06-19 03:52:35.292] {"jsonrpc":"2.0","id":1,"result":true}

[Fastbot][2026-06-19 03:52:35.293] <-- END HTTP (39-byte body)
[Fastbot][2026-06-19 03:52:35.327] [Proxy Server] Forwarding
[Fastbot][2026-06-19 03:52:35.327] --> POST http://127.0.0.1:9008/jsonrpc/0
[Fastbot][2026-06-19 03:52:35.327] Content-Type: application/json; charset=utf-8
[Fastbot][2026-06-19 03:52:35.327] Content-Length: 202
[Fastbot][2026-06-19 03:52:35.327] 
[Fastbot][2026-06-19 03:52:35.327] {"jsonrpc": "2.0", "id": 1, "method": "objInfo", "params": [{"mask": 2097153, "childOrSibling": [], "childOrSiblingSelector": [], "resourceId": "net.gsantner.markor_test:id/title", "text": "Notebook"}]}
[Fastbot][2026-06-19 03:52:35.327] --> END POST (202-byte body)
[Fastbot][2026-06-19 03:52:35.351] <-- 200 OK  http://127.0.0.1:9008/jsonrpc/0 (24ms)
[Fastbot][2026-06-19 03:52:35.352] Content-Type: application/json
[Fastbot][2026-06-19 03:52:35.352] Date: Fri, 19 Jun 2026 03:52:35 GMT
[Fastbot][2026-06-19 03:52:35.352] Connection: keep-alive
[Fastbot][2026-06-19 03:52:35.352] Transfer-Encoding: chunked
[Fastbot][2026-06-19 03:52:35.352] 
[Fastbot][2026-06-19 03:52:35.352] {"jsonrpc":"2.0","id":1,"result":{"bounds":{"bottom":1111,"left":443,"right":992,"top":1103},"childCount":0,"className":"android.widget.TextView","contentDescription":null,"packageName":"net.gsantner.markor_test","resourceName":"net.gsantner.markor_test:id/title","text":"Notebook","visibleBounds":{"...[truncated]
[Fastbot][2026-06-19 03:52:35.352] <-- END HTTP (509-byte body)
[Fastbot][2026-06-19 03:52:35.388] [Proxy Server] Detected script method: click
[Fastbot][2026-06-19 03:52:35.388] [Proxy Server] Forwarding
[Fastbot][2026-06-19 03:52:35.389] --> POST http://127.0.0.1:9008/jsonrpc/0
[Fastbot][2026-06-19 03:52:35.389] Content-Type: application/json; charset=utf-8
[Fastbot][2026-06-19 03:52:35.389] Content-Length: 73
[Fastbot][2026-06-19 03:52:35.389] 
[Fastbot][2026-06-19 03:52:35.389] {"jsonrpc": "2.0", "id": 1, "method": "click", "params": [717.5, 1107.0]}
[Fastbot][2026-06-19 03:52:35.389] --> END POST (73-byte body)
[Fastbot][2026-06-19 03:52:35.527] <-- 200 OK  http://127.0.0.1:9008/jsonrpc/0 (138ms)
[Fastbot][2026-06-19 03:52:35.527] Content-Type: application/json
[Fastbot][2026-06-19 03:52:35.527] Date: Fri, 19 Jun 2026 03:52:35 GMT
[Fastbot][2026-06-19 03:52:35.527] Connection: keep-alive
[Fastbot][2026-06-19 03:52:35.528] Transfer-Encoding: chunked
[Fastbot][2026-06-19 03:52:35.528] 
[Fastbot][2026-06-19 03:52:35.528] {"jsonrpc":"2.0","id":1,"result":true}

[Fastbot][2026-06-19 03:52:35.528] <-- END HTTP (39-byte body)
[Fastbot][2026-06-19 03:52:36.576] [Proxy Server] Forwarding
[Fastbot][2026-06-19 03:52:36.577] --> POST http://127.0.0.1:9008/jsonrpc/0
[Fastbot][2026-06-19 03:52:36.577] Content-Type: application/json; charset=utf-8
[Fastbot][2026-06-19 03:52:36.577] Content-Length: 202
[Fastbot][2026-06-19 03:52:36.577] 
[Fastbot][2026-06-19 03:52:36.577] {"jsonrpc": "2.0", "id": 1, "method": "count", "params": [{"mask": 2097152, "childOrSibling": [], "childOrSiblingSelector": [], "resourceId": "net.gsantner.markor_test:id/opoc_filesystem_item__title"}]}
[Fastbot][2026-06-19 03:52:36.577] --> END POST (202-byte body)
[Fastbot][2026-06-19 03:52:36.593] <-- 200 OK  http://127.0.0.1:9008/jsonrpc/0 (15ms)
[Fastbot][2026-06-19 03:52:36.593] Content-Type: application/json
[Fastbot][2026-06-19 03:52:36.594] Date: Fri, 19 Jun 2026 03:52:36 GMT
[Fastbot][2026-06-19 03:52:36.594] Connection: keep-alive
[Fastbot][2026-06-19 03:52:36.594] Transfer-Encoding: chunked
[Fastbot][2026-06-19 03:52:36.594] 
[Fastbot][2026-06-19 03:52:36.595] {"jsonrpc":"2.0","id":1,"result":3}

[Fastbot][2026-06-19 03:52:36.595] <-- END HTTP (36-byte body)
[Fastbot][2026-06-19 03:52:36.621] [Proxy Server] Forwarding
[Fastbot][2026-06-19 03:52:36.622] --> POST http://127.0.0.1:9008/jsonrpc/0
[Fastbot][2026-06-19 03:52:36.622] Content-Type: application/json; charset=utf-8
[Fastbot][2026-06-19 03:52:36.622] Content-Length: 233
[Fastbot][2026-06-19 03:52:36.622] 
[Fastbot][2026-06-19 03:52:36.622] {"jsonrpc": "2.0", "id": 1, "method": "waitForExists", "params": [{"mask": 18874368, "childOrSibling": [], "childOrSiblingSelector": [], "resourceId": "net.gsantner.markor_test:id/opoc_filesystem_item__title", "instance": 0}, 20000]}
[Fastbot][2026-06-19 03:52:36.622] --> END POST (233-byte body)
[Fastbot][2026-06-19 03:52:36.630] <-- 200 OK  http://127.0.0.1:9008/jsonrpc/0 (6ms)
[Fastbot][2026-06-19 03:52:36.630] Content-Type: application/json
[Fastbot][2026-06-19 03:52:36.630] Date: Fri, 19 Jun 2026 03:52:36 GMT
[Fastbot][2026-06-19 03:52:36.630] Connection: keep-alive
[Fastbot][2026-06-19 03:52:36.630] Transfer-Encoding: chunked
[Fastbot][2026-06-19 03:52:36.630] 
[Fastbot][2026-06-19 03:52:36.630] {"jsonrpc":"2.0","id":1,"result":true}

[Fastbot][2026-06-19 03:52:36.631] <-- END HTTP (39-byte body)
[Fastbot][2026-06-19 03:52:36.646] [Proxy Server] Forwarding
[Fastbot][2026-06-19 03:52:36.646] --> POST http://127.0.0.1:9008/jsonrpc/0
[Fastbot][2026-06-19 03:52:36.646] Content-Type: application/json; charset=utf-8
[Fastbot][2026-06-19 03:52:36.646] Content-Length: 220
[Fastbot][2026-06-19 03:52:36.646] 
[Fastbot][2026-06-19 03:52:36.646] {"jsonrpc": "2.0", "id": 1, "method": "getText", "params": [{"mask": 18874368, "childOrSibling": [], "childOrSiblingSelector": [], "resourceId": "net.gsantner.markor_test:id/opoc_filesystem_item__title", "instance": 0}]}
[Fastbot][2026-06-19 03:52:36.646] --> END POST (220-byte body)
[Fastbot][2026-06-19 03:52:36.651] <-- 200 OK  http://127.0.0.1:9008/jsonrpc/0 (4ms)
[Fastbot][2026-06-19 03:52:36.651] Content-Type: application/json
[Fastbot][2026-06-19 03:52:36.652] Date: Fri, 19 Jun 2026 03:52:36 GMT
[Fastbot][2026-06-19 03:52:36.652] Connection: keep-alive
[Fastbot][2026-06-19 03:52:36.652] Transfer-Encoding: chunked
[Fastbot][2026-06-19 03:52:36.694] 
[Fastbot][2026-06-19 03:52:36.694] {"jsonrpc":"2.0","id":1,"result":".."}

[Fastbot][2026-06-19 03:52:36.694] <-- END HTTP (39-byte body)
[Fastbot][2026-06-19 03:52:36.710] [Proxy Server] Forwarding
[Fastbot][2026-06-19 03:52:36.710] --> POST http://127.0.0.1:9008/jsonrpc/0
[Fastbot][2026-06-19 03:52:36.710] Content-Type: application/json; charset=utf-8
[Fastbot][2026-06-19 03:52:36.710] Content-Length: 233
[Fastbot][2026-06-19 03:52:36.710] 
[Fastbot][2026-06-19 03:52:36.710] {"jsonrpc": "2.0", "id": 1, "method": "waitForExists", "params": [{"mask": 18874368, "childOrSibling": [], "childOrSiblingSelector": [], "resourceId": "net.gsantner.markor_test:id/opoc_filesystem_item__title", "instance": 1}, 20000]}
[Fastbot][2026-06-19 03:52:36.711] --> END POST (233-byte body)
[Fastbot][2026-06-19 03:52:36.716] <-- 200 OK  http://127.0.0.1:9008/jsonrpc/0 (5ms)
[Fastbot][2026-06-19 03:52:36.716] Content-Type: application/json
[Fastbot][2026-06-19 03:52:36.716] Date: Fri, 19 Jun 2026 03:52:36 GMT
[Fastbot][2026-06-19 03:52:36.717] Connection: keep-alive
[Fastbot][2026-06-19 03:52:36.717] Transfer-Encoding: chunked
[Fastbot][2026-06-19 03:52:36.764] 
[Fastbot][2026-06-19 03:52:36.764] {"jsonrpc":"2.0","id":1,"result":true}

[Fastbot][2026-06-19 03:52:36.764] <-- END HTTP (39-byte body)
[Fastbot][2026-06-19 03:52:36.795] [Proxy Server] Forwarding
[Fastbot][2026-06-19 03:52:36.795] --> POST http://127.0.0.1:9008/jsonrpc/0
[Fastbot][2026-06-19 03:52:36.796] Content-Type: application/json; charset=utf-8
[Fastbot][2026-06-19 03:52:36.796] Content-Length: 220
[Fastbot][2026-06-19 03:52:36.796] 
[Fastbot][2026-06-19 03:52:36.796] {"jsonrpc": "2.0", "id": 1, "method": "getText", "params": [{"mask": 18874368, "childOrSibling": [], "childOrSiblingSelector": [], "resourceId": "net.gsantner.markor_test:id/opoc_filesystem_item__title", "instance": 1}]}
[Fastbot][2026-06-19 03:52:36.796] --> END POST (220-byte body)
[Fastbot][2026-06-19 03:52:36.802] <-- 200 OK  http://127.0.0.1:9008/jsonrpc/0 (6ms)
[Fastbot][2026-06-19 03:52:36.802] Content-Type: application/json
[Fastbot][2026-06-19 03:52:36.803] Date: Fri, 19 Jun 2026 03:52:36 GMT
[Fastbot][2026-06-19 03:52:36.803] Connection: keep-alive
[Fastbot][2026-06-19 03:52:36.803] Transfer-Encoding: chunked
[Fastbot][2026-06-19 03:52:36.844] 
[Fastbot][2026-06-19 03:52:36.844] {"jsonrpc":"2.0","id":1,"result":"A.txt"}

[Fastbot][2026-06-19 03:52:36.844] <-- END HTTP (42-byte body)
[Fastbot][2026-06-19 03:52:36.888] [Proxy Server] Forwarding
[Fastbot][2026-06-19 03:52:36.889] --> POST http://127.0.0.1:9008/jsonrpc/0
[Fastbot][2026-06-19 03:52:36.889] Content-Type: application/json; charset=utf-8
[Fastbot][2026-06-19 03:52:36.889] Content-Length: 233
[Fastbot][2026-06-19 03:52:36.889] 
[Fastbot][2026-06-19 03:52:36.889] {"jsonrpc": "2.0", "id": 1, "method": "waitForExists", "params": [{"mask": 18874368, "childOrSibling": [], "childOrSiblingSelector": [], "resourceId": "net.gsantner.markor_test:id/opoc_filesystem_item__title", "instance": 2}, 20000]}
[Fastbot][2026-06-19 03:52:36.889] --> END POST (233-byte body)
[Fastbot][2026-06-19 03:52:36.896] <-- 200 OK  http://127.0.0.1:9008/jsonrpc/0 (6ms)
[Fastbot][2026-06-19 03:52:36.896] Content-Type: application/json
[Fastbot][2026-06-19 03:52:36.896] Date: Fri, 19 Jun 2026 03:52:36 GMT
[Fastbot][2026-06-19 03:52:36.896] Connection: keep-alive
[Fastbot][2026-06-19 03:52:36.896] Transfer-Encoding: chunked
[Fastbot][2026-06-19 03:52:36.897] 
[Fastbot][2026-06-19 03:52:36.897] {"jsonrpc":"2.0","id":1,"result":true}

[Fastbot][2026-06-19 03:52:36.897] <-- END HTTP (39-byte body)
[Fastbot][2026-06-19 03:52:36.935] [Proxy Server] Forwarding
[Fastbot][2026-06-19 03:52:36.935] --> POST http://127.0.0.1:9008/jsonrpc/0
[Fastbot][2026-06-19 03:52:36.936] Content-Type: application/json; charset=utf-8
[Fastbot][2026-06-19 03:52:36.936] Content-Length: 220
[Fastbot][2026-06-19 03:52:36.936] 
[Fastbot][2026-06-19 03:52:36.936] {"jsonrpc": "2.0", "id": 1, "method": "getText", "params": [{"mask": 18874368, "childOrSibling": [], "childOrSiblingSelector": [], "resourceId": "net.gsantner.markor_test:id/opoc_filesystem_item__title", "instance": 2}]}
[Fastbot][2026-06-19 03:52:36.937] --> END POST (220-byte body)
[Fastbot][2026-06-19 03:52:36.943] <-- 200 OK  http://127.0.0.1:9008/jsonrpc/0 (6ms)
[Fastbot][2026-06-19 03:52:36.943] Content-Type: application/json
[Fastbot][2026-06-19 03:52:36.943] Date: Fri, 19 Jun 2026 03:52:36 GMT
[Fastbot][2026-06-19 03:52:36.943] Connection: keep-alive
[Fastbot][2026-06-19 03:52:36.943] Transfer-Encoding: chunked
[Fastbot][2026-06-19 03:52:36.944] 
[Fastbot][2026-06-19 03:52:36.944] {"jsonrpc":"2.0","id":1,"result":"cVd5.md"}

[Fastbot][2026-06-19 03:52:36.944] <-- END HTTP (44-byte body)
[Fastbot][2026-06-19 03:52:36.981] [Proxy Server] Forwarding
[Fastbot][2026-06-19 03:52:36.981] --> POST http://127.0.0.1:9008/jsonrpc/0
[Fastbot][2026-06-19 03:52:36.981] Content-Type: application/json; charset=utf-8
[Fastbot][2026-06-19 03:52:36.981] Content-Length: 233
[Fastbot][2026-06-19 03:52:36.982] 
[Fastbot][2026-06-19 03:52:36.982] {"jsonrpc": "2.0", "id": 1, "method": "waitForExists", "params": [{"mask": 18874368, "childOrSibling": [], "childOrSiblingSelector": [], "resourceId": "net.gsantner.markor_test:id/opoc_filesystem_item__title", "instance": 2}, 20000]}
[Fastbot][2026-06-19 03:52:36.982] --> END POST (233-byte body)
[Fastbot][2026-06-19 03:52:36.991] <-- 200 OK  http://127.0.0.1:9008/jsonrpc/0 (8ms)
[Fastbot][2026-06-19 03:52:36.991] Content-Type: application/json
[Fastbot][2026-06-19 03:52:36.991] Date: Fri, 19 Jun 2026 03:52:36 GMT
[Fastbot][2026-06-19 03:52:36.991] Connection: keep-alive
[Fastbot][2026-06-19 03:52:36.992] Transfer-Encoding: chunked
[Fastbot][2026-06-19 03:52:36.992] 
[Fastbot][2026-06-19 03:52:36.993] {"jsonrpc":"2.0","id":1,"result":true}

[Fastbot][2026-06-19 03:52:36.993] <-- END HTTP (39-byte body)
[Fastbot][2026-06-19 03:52:37.029] [Proxy Server] Forwarding
[Fastbot][2026-06-19 03:52:37.029] --> POST http://127.0.0.1:9008/jsonrpc/0
[Fastbot][2026-06-19 03:52:37.030] Content-Type: application/json; charset=utf-8
[Fastbot][2026-06-19 03:52:37.030] Content-Length: 220
[Fastbot][2026-06-19 03:52:37.030] 
[Fastbot][2026-06-19 03:52:37.030] {"jsonrpc": "2.0", "id": 1, "method": "getText", "params": [{"mask": 18874368, "childOrSibling": [], "childOrSiblingSelector": [], "resourceId": "net.gsantner.markor_test:id/opoc_filesystem_item__title", "instance": 2}]}
[Fastbot][2026-06-19 03:52:37.030] --> END POST (220-byte body)
[Fastbot][2026-06-19 03:52:37.036] <-- 200 OK  http://127.0.0.1:9008/jsonrpc/0 (5ms)
[Fastbot][2026-06-19 03:52:37.036] Content-Type: application/json
[Fastbot][2026-06-19 03:52:37.036] Date: Fri, 19 Jun 2026 03:52:37 GMT
[Fastbot][2026-06-19 03:52:37.036] Connection: keep-alive
[Fastbot][2026-06-19 03:52:37.037] Transfer-Encoding: chunked
[Fastbot][2026-06-19 03:52:37.037] 
[Fastbot][2026-06-19 03:52:37.037] {"jsonrpc":"2.0","id":1,"result":"cVd5.md"}

[Fastbot][2026-06-19 03:52:37.038] <-- END HTTP (44-byte body)
[Fastbot][2026-06-19 03:52:37.053] [Proxy Server] Forwarding
[Fastbot][2026-06-19 03:52:37.053] --> POST http://127.0.0.1:9008/jsonrpc/0
[Fastbot][2026-06-19 03:52:37.053] Content-Type: application/json; charset=utf-8
[Fastbot][2026-06-19 03:52:37.053] Content-Length: 236
[Fastbot][2026-06-19 03:52:37.053] 
[Fastbot][2026-06-19 03:52:37.053] {"jsonrpc": "2.0", "id": 1, "method": "waitForExists", "params": [{"mask": 2097153, "childOrSibling": [], "childOrSiblingSelector": [], "resourceId": "net.gsantner.markor_test:id/opoc_filesystem_item__title", "text": "cVd5.md"}, 20000]}
[Fastbot][2026-06-19 03:52:37.053] --> END POST (236-byte body)
[Fastbot][2026-06-19 03:52:37.069] <-- 200 OK  http://127.0.0.1:9008/jsonrpc/0 (15ms)
[Fastbot][2026-06-19 03:52:37.069] Content-Type: application/json
[Fastbot][2026-06-19 03:52:37.069] Date: Fri, 19 Jun 2026 03:52:37 GMT
[Fastbot][2026-06-19 03:52:37.069] Connection: keep-alive
[Fastbot][2026-06-19 03:52:37.070] Transfer-Encoding: chunked
[Fastbot][2026-06-19 03:52:37.114] 
[Fastbot][2026-06-19 03:52:37.114] {"jsonrpc":"2.0","id":1,"result":true}

[Fastbot][2026-06-19 03:52:37.115] <-- END HTTP (39-byte body)
[Fastbot][2026-06-19 03:52:37.153] [Proxy Server] Forwarding
[Fastbot][2026-06-19 03:52:37.154] --> POST http://127.0.0.1:9008/jsonrpc/0
[Fastbot][2026-06-19 03:52:37.154] Content-Type: application/json; charset=utf-8
[Fastbot][2026-06-19 03:52:37.154] Content-Length: 223
[Fastbot][2026-06-19 03:52:37.154] 
[Fastbot][2026-06-19 03:52:37.154] {"jsonrpc": "2.0", "id": 1, "method": "objInfo", "params": [{"mask": 2097153, "childOrSibling": [], "childOrSiblingSelector": [], "resourceId": "net.gsantner.markor_test:id/opoc_filesystem_item__title", "text": "cVd5.md"}]}
[Fastbot][2026-06-19 03:52:37.154] --> END POST (223-byte body)
[Fastbot][2026-06-19 03:52:37.179] <-- 200 OK  http://127.0.0.1:9008/jsonrpc/0 (24ms)
[Fastbot][2026-06-19 03:52:37.179] Content-Type: application/json
[Fastbot][2026-06-19 03:52:37.179] Date: Fri, 19 Jun 2026 03:52:37 GMT
[Fastbot][2026-06-19 03:52:37.180] Connection: keep-alive
[Fastbot][2026-06-19 03:52:37.180] Transfer-Encoding: chunked
[Fastbot][2026-06-19 03:52:37.180] 
[Fastbot][2026-06-19 03:52:37.180] {"jsonrpc":"2.0","id":1,"result":{"bounds":{"bottom":658,"left":165,"right":373,"top":588},"childCount":0,"className":"android.widget.TextView","contentDescription":null,"packageName":"net.gsantner.markor_test","resourceName":"net.gsantner.markor_test:id/opoc_filesystem_item__title","text":"cVd5.md"...[truncated]
[Fastbot][2026-06-19 03:52:37.181] <-- END HTTP (526-byte body)
[Fastbot][2026-06-19 03:52:37.232] [Proxy Server] Detected script method: click
[Fastbot][2026-06-19 03:52:37.233] [Proxy Server] Forwarding
[Fastbot][2026-06-19 03:52:37.233] --> POST http://127.0.0.1:9008/jsonrpc/0
[Fastbot][2026-06-19 03:52:37.233] Content-Type: application/json; charset=utf-8
[Fastbot][2026-06-19 03:52:37.233] Content-Length: 77
[Fastbot][2026-06-19 03:52:37.233] 
[Fastbot][2026-06-19 03:52:37.233] {"jsonrpc": "2.0", "id": 1, "method": "click", "params": [269.0, 623.0, 500]}
[Fastbot][2026-06-19 03:52:37.233] --> END POST (77-byte body)
[Fastbot][2026-06-19 03:52:38.047] <-- 200 OK  http://127.0.0.1:9008/jsonrpc/0 (813ms)
[Fastbot][2026-06-19 03:52:38.047] Content-Type: application/json
[Fastbot][2026-06-19 03:52:38.047] Date: Fri, 19 Jun 2026 03:52:38 GMT
[Fastbot][2026-06-19 03:52:38.047] Connection: keep-alive
[Fastbot][2026-06-19 03:52:38.047] Transfer-Encoding: chunked
[Fastbot][2026-06-19 03:52:38.047] 
[Fastbot][2026-06-19 03:52:38.047] {"jsonrpc":"2.0","id":1,"result":true}

[Fastbot][2026-06-19 03:52:38.048] <-- END HTTP (39-byte body)
[Fastbot][2026-06-19 03:52:39.079] [Proxy Server] Forwarding
[Fastbot][2026-06-19 03:52:39.080] --> POST http://127.0.0.1:9008/jsonrpc/0
[Fastbot][2026-06-19 03:52:39.080] Content-Type: application/json; charset=utf-8
[Fastbot][2026-06-19 03:52:39.080] Content-Length: 217
[Fastbot][2026-06-19 03:52:39.080] 
[Fastbot][2026-06-19 03:52:39.080] {"jsonrpc": "2.0", "id": 1, "method": "waitForExists", "params": [{"mask": 2097152, "childOrSibling": [], "childOrSiblingSelector": [], "resourceId": "net.gsantner.markor_test:id/action_rename_selected_item"}, 20000]}
[Fastbot][2026-06-19 03:52:39.080] --> END POST (217-byte body)
[Fastbot][2026-06-19 03:52:39.096] <-- 200 OK  http://127.0.0.1:9008/jsonrpc/0 (14ms)
[Fastbot][2026-06-19 03:52:39.096] Content-Type: application/json
[Fastbot][2026-06-19 03:52:39.096] Date: Fri, 19 Jun 2026 03:52:39 GMT
[Fastbot][2026-06-19 03:52:39.096] Connection: keep-alive
[Fastbot][2026-06-19 03:52:39.096] Transfer-Encoding: chunked
[Fastbot][2026-06-19 03:52:39.097] 
[Fastbot][2026-06-19 03:52:39.097] {"jsonrpc":"2.0","id":1,"result":true}

[Fastbot][2026-06-19 03:52:39.097] <-- END HTTP (39-byte body)
[Fastbot][2026-06-19 03:52:39.126] [Proxy Server] Forwarding
[Fastbot][2026-06-19 03:52:39.127] --> POST http://127.0.0.1:9008/jsonrpc/0
[Fastbot][2026-06-19 03:52:39.127] Content-Type: application/json; charset=utf-8
[Fastbot][2026-06-19 03:52:39.127] Content-Length: 204
[Fastbot][2026-06-19 03:52:39.127] 
[Fastbot][2026-06-19 03:52:39.127] {"jsonrpc": "2.0", "id": 1, "method": "objInfo", "params": [{"mask": 2097152, "childOrSibling": [], "childOrSiblingSelector": [], "resourceId": "net.gsantner.markor_test:id/action_rename_selected_item"}]}
[Fastbot][2026-06-19 03:52:39.127] --> END POST (204-byte body)
[Fastbot][2026-06-19 03:52:39.153] <-- 200 OK  http://127.0.0.1:9008/jsonrpc/0 (25ms)
[Fastbot][2026-06-19 03:52:39.153] Content-Type: application/json
[Fastbot][2026-06-19 03:52:39.153] Date: Fri, 19 Jun 2026 03:52:39 GMT
[Fastbot][2026-06-19 03:52:39.153] Connection: keep-alive
[Fastbot][2026-06-19 03:52:39.153] Transfer-Encoding: chunked
[Fastbot][2026-06-19 03:52:39.194] 
[Fastbot][2026-06-19 03:52:39.194] {"jsonrpc":"2.0","id":1,"result":{"bounds":{"bottom":275,"left":639,"right":749,"top":143},"childCount":0,"className":"android.widget.TextView","contentDescription":"Rename","packageName":"net.gsantner.markor_test","resourceName":"net.gsantner.markor_test:id/action_rename_selected_item","text":null,...[truncated]
[Fastbot][2026-06-19 03:52:39.194] <-- END HTTP (522-byte body)
[Fastbot][2026-06-19 03:52:39.234] [Proxy Server] Detected script method: click
[Fastbot][2026-06-19 03:52:39.234] [Proxy Server] Forwarding
[Fastbot][2026-06-19 03:52:39.235] --> POST http://127.0.0.1:9008/jsonrpc/0
[Fastbot][2026-06-19 03:52:39.235] Content-Type: application/json; charset=utf-8
[Fastbot][2026-06-19 03:52:39.235] Content-Length: 72
[Fastbot][2026-06-19 03:52:39.235] 
[Fastbot][2026-06-19 03:52:39.235] {"jsonrpc": "2.0", "id": 1, "method": "click", "params": [694.0, 209.0]}
[Fastbot][2026-06-19 03:52:39.235] --> END POST (72-byte body)
[Fastbot][2026-06-19 03:52:39.365] <-- 200 OK  http://127.0.0.1:9008/jsonrpc/0 (129ms)
[Fastbot][2026-06-19 03:52:39.365] Content-Type: application/json
[Fastbot][2026-06-19 03:52:39.365] Date: Fri, 19 Jun 2026 03:52:39 GMT
[Fastbot][2026-06-19 03:52:39.366] Connection: keep-alive
[Fastbot][2026-06-19 03:52:39.366] Transfer-Encoding: chunked
[Fastbot][2026-06-19 03:52:39.367] 
[Fastbot][2026-06-19 03:52:39.367] {"jsonrpc":"2.0","id":1,"result":true}

[Fastbot][2026-06-19 03:52:39.368] <-- END HTTP (39-byte body)
[Fastbot][2026-06-19 03:52:40.410] [Proxy Server] Forwarding
[Fastbot][2026-06-19 03:52:40.410] --> POST http://127.0.0.1:9008/jsonrpc/0
[Fastbot][2026-06-19 03:52:40.410] Content-Type: application/json; charset=utf-8
[Fastbot][2026-06-19 03:52:40.411] Content-Length: 198
[Fastbot][2026-06-19 03:52:40.411] 
[Fastbot][2026-06-19 03:52:40.411] {"jsonrpc": "2.0", "id": 1, "method": "waitForExists", "params": [{"mask": 2097152, "childOrSibling": [], "childOrSiblingSelector": [], "resourceId": "net.gsantner.markor_test:id/new_name"}, 20000]}
[Fastbot][2026-06-19 03:52:40.411] --> END POST (198-byte body)
[Fastbot][2026-06-19 03:52:40.422] <-- 200 OK  http://127.0.0.1:9008/jsonrpc/0 (10ms)
[Fastbot][2026-06-19 03:52:40.422] Content-Type: application/json
[Fastbot][2026-06-19 03:52:40.422] Date: Fri, 19 Jun 2026 03:52:40 GMT
[Fastbot][2026-06-19 03:52:40.422] Connection: keep-alive
[Fastbot][2026-06-19 03:52:40.422] Transfer-Encoding: chunked
[Fastbot][2026-06-19 03:52:40.422] 
[Fastbot][2026-06-19 03:52:40.423] {"jsonrpc":"2.0","id":1,"result":true}

[Fastbot][2026-06-19 03:52:40.423] <-- END HTTP (39-byte body)
[Fastbot][2026-06-19 03:52:40.455] [Proxy Server] Detected script method: setText
[Fastbot][2026-06-19 03:52:40.455] [Proxy Server] Forwarding
[Fastbot][2026-06-19 03:52:40.455] --> POST http://127.0.0.1:9008/jsonrpc/0
[Fastbot][2026-06-19 03:52:40.455] Content-Type: application/json; charset=utf-8
[Fastbot][2026-06-19 03:52:40.455] Content-Length: 201
[Fastbot][2026-06-19 03:52:40.455] 
[Fastbot][2026-06-19 03:52:40.456] {"jsonrpc": "2.0", "id": 1, "method": "setText", "params": [{"mask": 2097152, "childOrSibling": [], "childOrSiblingSelector": [], "resourceId": "net.gsantner.markor_test:id/new_name"}, "iG1wCdrg1.md"]}
[Fastbot][2026-06-19 03:52:40.456] --> END POST (201-byte body)
[Fastbot][2026-06-19 03:52:40.567] <-- 200 OK  http://127.0.0.1:9008/jsonrpc/0 (111ms)
[Fastbot][2026-06-19 03:52:40.568] Content-Type: application/json
[Fastbot][2026-06-19 03:52:40.568] Date: Fri, 19 Jun 2026 03:52:40 GMT
[Fastbot][2026-06-19 03:52:40.568] Connection: keep-alive
[Fastbot][2026-06-19 03:52:40.568] Transfer-Encoding: chunked
[Fastbot][2026-06-19 03:52:40.568] 
[Fastbot][2026-06-19 03:52:40.568] {"jsonrpc":"2.0","id":1,"result":true}

[Fastbot][2026-06-19 03:52:40.568] <-- END HTTP (39-byte body)
[Fastbot][2026-06-19 03:52:41.612] [Proxy Server] Forwarding
[Fastbot][2026-06-19 03:52:41.612] --> POST http://127.0.0.1:9008/jsonrpc/0
[Fastbot][2026-06-19 03:52:41.612] Content-Type: application/json; charset=utf-8
[Fastbot][2026-06-19 03:52:41.612] Content-Length: 194
[Fastbot][2026-06-19 03:52:41.612] 
[Fastbot][2026-06-19 03:52:41.612] {"jsonrpc": "2.0", "id": 1, "method": "waitForExists", "params": [{"mask": 2097153, "childOrSibling": [], "childOrSiblingSelector": [], "resourceId": "android:id/button1", "text": "OK"}, 20000]}
[Fastbot][2026-06-19 03:52:41.613] --> END POST (194-byte body)
[Fastbot][2026-06-19 03:52:41.624] <-- 200 OK  http://127.0.0.1:9008/jsonrpc/0 (11ms)
[Fastbot][2026-06-19 03:52:41.624] Content-Type: application/json
[Fastbot][2026-06-19 03:52:41.624] Date: Fri, 19 Jun 2026 03:52:41 GMT
[Fastbot][2026-06-19 03:52:41.624] Connection: keep-alive
[Fastbot][2026-06-19 03:52:41.624] Transfer-Encoding: chunked
[Fastbot][2026-06-19 03:52:41.625] 
[Fastbot][2026-06-19 03:52:41.626] {"jsonrpc":"2.0","id":1,"result":true}

[Fastbot][2026-06-19 03:52:41.626] <-- END HTTP (39-byte body)
[Fastbot][2026-06-19 03:52:41.656] [Proxy Server] Forwarding
[Fastbot][2026-06-19 03:52:41.656] --> POST http://127.0.0.1:9008/jsonrpc/0
[Fastbot][2026-06-19 03:52:41.657] Content-Type: application/json; charset=utf-8
[Fastbot][2026-06-19 03:52:41.657] Content-Length: 181
[Fastbot][2026-06-19 03:52:41.657] 
[Fastbot][2026-06-19 03:52:41.657] {"jsonrpc": "2.0", "id": 1, "method": "objInfo", "params": [{"mask": 2097153, "childOrSibling": [], "childOrSiblingSelector": [], "resourceId": "android:id/button1", "text": "OK"}]}
[Fastbot][2026-06-19 03:52:41.657] --> END POST (181-byte body)
[Fastbot][2026-06-19 03:52:41.679] <-- 200 OK  http://127.0.0.1:9008/jsonrpc/0 (21ms)
[Fastbot][2026-06-19 03:52:41.679] Content-Type: application/json
[Fastbot][2026-06-19 03:52:41.679] Date: Fri, 19 Jun 2026 03:52:41 GMT
[Fastbot][2026-06-19 03:52:41.679] Connection: keep-alive
[Fastbot][2026-06-19 03:52:41.679] Transfer-Encoding: chunked
[Fastbot][2026-06-19 03:52:41.725] 
[Fastbot][2026-06-19 03:52:41.725] {"jsonrpc":"2.0","id":1,"result":{"bounds":{"bottom":1399,"left":669,"right":834,"top":1283},"childCount":0,"className":"android.widget.Button","contentDescription":null,"packageName":"net.gsantner.markor_test","resourceName":"android:id/button1","text":"OK","visibleBounds":{"bottom":1399,"left":669...[truncated]
[Fastbot][2026-06-19 03:52:41.725] <-- END HTTP (484-byte body)
[Fastbot][2026-06-19 03:52:41.779] [Proxy Server] Detected script method: click
[Fastbot][2026-06-19 03:52:41.780] [Proxy Server] Forwarding
[Fastbot][2026-06-19 03:52:41.780] --> POST http://127.0.0.1:9008/jsonrpc/0
[Fastbot][2026-06-19 03:52:41.780] Content-Type: application/json; charset=utf-8
[Fastbot][2026-06-19 03:52:41.780] Content-Length: 73
[Fastbot][2026-06-19 03:52:41.780] 
[Fastbot][2026-06-19 03:52:41.780] {"jsonrpc": "2.0", "id": 1, "method": "click", "params": [751.5, 1341.0]}
[Fastbot][2026-06-19 03:52:41.780] --> END POST (73-byte body)
[Fastbot][2026-06-19 03:52:41.910] <-- 200 OK  http://127.0.0.1:9008/jsonrpc/0 (129ms)
[Fastbot][2026-06-19 03:52:41.911] Content-Type: application/json
[Fastbot][2026-06-19 03:52:41.911] Date: Fri, 19 Jun 2026 03:52:41 GMT
[Fastbot][2026-06-19 03:52:41.911] Connection: keep-alive
[Fastbot][2026-06-19 03:52:41.911] Transfer-Encoding: chunked
[Fastbot][2026-06-19 03:52:41.912] 
[Fastbot][2026-06-19 03:52:41.912] {"jsonrpc":"2.0","id":1,"result":true}

[Fastbot][2026-06-19 03:52:41.912] <-- END HTTP (39-byte body)
[Fastbot][2026-06-19 03:52:42.971] [Proxy Server] Forwarding
[Fastbot][2026-06-19 03:52:42.971] --> POST http://127.0.0.1:9008/jsonrpc/0
[Fastbot][2026-06-19 03:52:42.971] Content-Type: application/json; charset=utf-8
[Fastbot][2026-06-19 03:52:42.971] Content-Length: 83
[Fastbot][2026-06-19 03:52:42.971] 
[Fastbot][2026-06-19 03:52:42.972] {"jsonrpc": "2.0", "id": 1, "method": "dumpWindowHierarchy", "params": [false, 50]}
[Fastbot][2026-06-19 03:52:42.972] --> END POST (83-byte body)
[Fastbot][2026-06-19 03:52:43.002] <-- 200 OK  http://127.0.0.1:9008/jsonrpc/0 (30ms)
[Fastbot][2026-06-19 03:52:43.002] Content-Type: application/json
[Fastbot][2026-06-19 03:52:43.002] Date: Fri, 19 Jun 2026 03:52:43 GMT
[Fastbot][2026-06-19 03:52:43.003] Connection: keep-alive
[Fastbot][2026-06-19 03:52:43.004] Transfer-Encoding: chunked
[Fastbot][2026-06-19 03:52:43.006] 
[Fastbot][2026-06-19 03:52:43.007] {"jsonrpc":"2.0","id":1,"result":"<?xml version='1.0' encoding='UTF-8' standalone='yes' ?>\r\n<hierarchy rotation=\"0\">\r\n  <node index=\"0\" text=\"\" resource-id=\"\" class=\"android.widget.FrameLayout\" package=\"com.android.systemui\" content-desc=\"\" checkable=\"false\" checked=\"false\" cli...[truncated]
[Fastbot][2026-06-19 03:52:43.007] <-- END HTTP (46114-byte body)
[Fastbot][2026-06-19 03:52:43.255] --> POST http://127.0.0.1:9008/jsonrpc/0
[Fastbot][2026-06-19 03:52:43.256] Content-Type: application/json; charset=utf-8
[Fastbot][2026-06-19 03:52:43.256] Content-Length: 75
[Fastbot][2026-06-19 03:52:43.256] 
[Fastbot][2026-06-19 03:52:43.256] {"id":1,"jsonrpc":"2.0","method":"dumpWindowHierarchy","params":[false,50]}
[Fastbot][2026-06-19 03:52:43.256] --> END POST (75-byte body)
[Fastbot][2026-06-19 03:52:43.282] <-- 200 OK  http://127.0.0.1:9008/jsonrpc/0 (26ms)
[Fastbot][2026-06-19 03:52:43.282] Content-Type: application/json
[Fastbot][2026-06-19 03:52:43.282] Date: Fri, 19 Jun 2026 03:52:43 GMT
[Fastbot][2026-06-19 03:52:43.283] Connection: keep-alive
[Fastbot][2026-06-19 03:52:43.283] Transfer-Encoding: chunked
[Fastbot][2026-06-19 03:52:43.286] 
[Fastbot][2026-06-19 03:52:43.286] {"jsonrpc":"2.0","id":1,"result":"<?xml version='1.0' encoding='UTF-8' standalone='yes' ?>\r\n<hierarchy rotation=\"0\">\r\n  <node index=\"0\" text=\"\" resource-id=\"\" class=\"android.widget.FrameLayout\" package=\"com.android.systemui\" content-desc=\"\" checkable=\"false\" checked=\"false\" cli...[truncated]
[Fastbot][2026-06-19 03:52:43.286] <-- END HTTP (46114-byte body)
[Fastbot][2026-06-19 03:52:43.316] [ProxyServer] stepsCount: 12
[Fastbot][2026-06-19 03:52:43.316] [ProxyServer] receive request: stepMonkey
[Fastbot][2026-06-19 03:52:43.317] [MonkeySourceApeU2] stepsCount: 12
[Fastbot][2026-06-19 03:52:43.317] [MonkeySourceApeU2] Latest event is MonkeyEvent. Use the cached hierarchy.
[Fastbot][2026-06-19 03:52:43.317] [MonkeySourceApeU2] Successfully Got hierarchy
[Fastbot][2026-06-19 03:52:43.319] // Event id: 71
[Fastbot][2026-06-19 03:52:43.320] topActivity Name: ComponentInfo{net.gsantner.markor_test/net.gsantner.markor.activity.MainActivity}
[Fastbot][2026-06-19 03:52:43.320] // Dumped stringOfGuiTree
[Fastbot][2026-06-19 03:52:43.320] topActivityName: net.gsantner.markor.activity.MainActivity
[Fastbot][2026-06-19 03:52:43.322] action type: CLICK
[Fastbot][2026-06-19 03:52:43.322] rpc cost time: 2
[Fastbot]*** WARNING *** checkVirtualKeyboard: Input only once.
[Fastbot][2026-06-19 03:52:43.324] :Sending rotation degree=0, persist=false
[Fastbot][2026-06-19 03:52:43.330] :Sending Touch (ACTION_DOWN): 0:(865.0,1995.0)
[Fastbot][2026-06-19 03:52:43.332] :Sending Touch (ACTION_UP): 0:(865.0,1995.0)
[Fastbot][2026-06-19 03:52:43.335] Sleeping for 237 milliseconds
[Fastbot][2026-06-19 03:52:43.575] [ProxyServer] Finish monkey step. Dumping hierarchy
[Fastbot][2026-06-19 03:52:43.576] --> POST http://127.0.0.1:9008/jsonrpc/0
[Fastbot][2026-06-19 03:52:43.577] Content-Type: application/json; charset=utf-8
[Fastbot][2026-06-19 03:52:43.577] Content-Length: 75
[Fastbot][2026-06-19 03:52:43.577] 
[Fastbot][2026-06-19 03:52:43.578] {"id":1,"jsonrpc":"2.0","method":"dumpWindowHierarchy","params":[false,50]}
[Fastbot][2026-06-19 03:52:43.578] --> END POST (75-byte body)
[Fastbot][2026-06-19 03:52:43.635] <-- 200 OK  http://127.0.0.1:9008/jsonrpc/0 (56ms)
[Fastbot][2026-06-19 03:52:43.635] Content-Type: application/json
[Fastbot][2026-06-19 03:52:43.635] Date: Fri, 19 Jun 2026 03:52:43 GMT
[Fastbot][2026-06-19 03:52:43.635] Connection: keep-alive
[Fastbot][2026-06-19 03:52:43.635] Transfer-Encoding: chunked
[Fastbot][2026-06-19 03:52:43.640] 
[Fastbot][2026-06-19 03:52:43.640] {"jsonrpc":"2.0","id":1,"result":"<?xml version='1.0' encoding='UTF-8' standalone='yes' ?>\r\n<hierarchy rotation=\"0\">\r\n  <node index=\"0\" text=\"\" resource-id=\"\" class=\"android.widget.FrameLayout\" package=\"com.android.systemui\" content-desc=\"\" checkable=\"false\" checked=\"false\" cli...[truncated]
[Fastbot][2026-06-19 03:52:43.640] <-- END HTTP (62476-byte body)
[Fastbot][2026-06-19 03:52:43.694] [ProxyServer] stepsCount: 13
[Fastbot][2026-06-19 03:52:43.694] [ProxyServer] receive request: stepMonkey
[Fastbot][2026-06-19 03:52:43.694] [MonkeySourceApeU2] stepsCount: 13
[Fastbot][2026-06-19 03:52:43.694] [MonkeySourceApeU2] Latest event is MonkeyEvent. Use the cached hierarchy.
[Fastbot][2026-06-19 03:52:43.695] [MonkeySourceApeU2] Successfully Got hierarchy
[Fastbot][2026-06-19 03:52:43.697] // Event id: 75
[Fastbot][2026-06-19 03:52:43.697] topActivity Name: ComponentInfo{net.gsantner.markor_test/net.gsantner.markor.activity.MainActivity}
[Fastbot][2026-06-19 03:52:43.697] // Dumped stringOfGuiTree
[Fastbot][2026-06-19 03:52:43.697] topActivityName: net.gsantner.markor.activity.MainActivity
[Fastbot][2026-06-19 03:52:43.701] action type: CLICK
[Fastbot][2026-06-19 03:52:43.701] rpc cost time: 4
[Fastbot]*** WARNING *** checkVirtualKeyboard: Input only once.
[Fastbot][2026-06-19 03:52:43.703] :Sending rotation degree=0, persist=false
[Fastbot][2026-06-19 03:52:43.713] :Sending Touch (ACTION_DOWN): 0:(271.0,400.0)
[Fastbot][2026-06-19 03:52:43.715] :Sending Touch (ACTION_UP): 0:(271.0,400.0)
[Fastbot][2026-06-19 03:52:43.717] Sleeping for 237 milliseconds
[Fastbot][2026-06-19 03:52:43.737] // the top activity is com.google.android.apps.chrome.IntentDispatcher, phone capture activity is com.android.camera.CaptureActivity
[Fastbot][2026-06-19 03:52:43.737]     // Rejecting start of Intent { act=android.intent.action.VIEW dat=https://gsantner.net/... cmp=com.android.chrome/com.google.android.apps.chrome.IntentDispatcher } in package com.android.chrome
[Fastbot][2026-06-19 03:52:43.957] [ProxyServer] Finish monkey step. Dumping hierarchy
[Fastbot][2026-06-19 03:52:43.958] --> POST http://127.0.0.1:9008/jsonrpc/0
[Fastbot][2026-06-19 03:52:43.958] Content-Type: application/json; charset=utf-8
[Fastbot][2026-06-19 03:52:43.959] Content-Length: 75
[Fastbot][2026-06-19 03:52:43.959] 
[Fastbot][2026-06-19 03:52:43.959] {"id":1,"jsonrpc":"2.0","method":"dumpWindowHierarchy","params":[false,50]}
[Fastbot][2026-06-19 03:52:43.959] --> END POST (75-byte body)
[Fastbot][2026-06-19 03:52:44.000] <-- 200 OK  http://127.0.0.1:9008/jsonrpc/0 (40ms)
[Fastbot][2026-06-19 03:52:44.000] Content-Type: application/json
[Fastbot][2026-06-19 03:52:44.000] Date: Fri, 19 Jun 2026 03:52:43 GMT
[Fastbot][2026-06-19 03:52:44.000] Connection: keep-alive
[Fastbot][2026-06-19 03:52:44.000] Transfer-Encoding: chunked
[Fastbot][2026-06-19 03:52:44.004] 
[Fastbot][2026-06-19 03:52:44.005] {"jsonrpc":"2.0","id":1,"result":"<?xml version='1.0' encoding='UTF-8' standalone='yes' ?>\r\n<hierarchy rotation=\"0\">\r\n  <node index=\"0\" text=\"\" resource-id=\"\" class=\"android.widget.FrameLayout\" package=\"com.android.systemui\" content-desc=\"\" checkable=\"false\" checked=\"false\" cli...[truncated]
[Fastbot][2026-06-19 03:52:44.005] <-- END HTTP (59119-byte body)
[Fastbot][2026-06-19 03:52:44.024] [ProxyServer] stepsCount: 14
[Fastbot][2026-06-19 03:52:44.024] [ProxyServer] receive request: stepMonkey
[Fastbot][2026-06-19 03:52:44.024] [MonkeySourceApeU2] stepsCount: 14
[Fastbot][2026-06-19 03:52:44.024] [MonkeySourceApeU2] Latest event is MonkeyEvent. Use the cached hierarchy.
[Fastbot][2026-06-19 03:52:44.025] [MonkeySourceApeU2] Successfully Got hierarchy
[Fastbot][2026-06-19 03:52:44.032] // Event id: 79
[Fastbot][2026-06-19 03:52:44.032] topActivity Name: ComponentInfo{net.gsantner.markor_test/net.gsantner.markor.activity.MainActivity}
[Fastbot][2026-06-19 03:52:44.033] // Dumped stringOfGuiTree
[Fastbot][2026-06-19 03:52:44.033] topActivityName: net.gsantner.markor.activity.MainActivity
[Fastbot][2026-06-19 03:52:44.039] action type: CLICK
[Fastbot][2026-06-19 03:52:44.039] rpc cost time: 7
[Fastbot]*** WARNING *** checkVirtualKeyboard: Input only once.
[Fastbot][2026-06-19 03:52:44.041] :Sending rotation degree=0, persist=false
[Fastbot][2026-06-19 03:52:44.051] :Sending Touch (ACTION_DOWN): 0:(1014.0,346.0)
[Fastbot][2026-06-19 03:52:44.053] :Sending Touch (ACTION_UP): 0:(1014.0,346.0)
[Fastbot][2026-06-19 03:52:44.055] Sleeping for 237 milliseconds
[Fastbot][2026-06-19 03:52:44.070] // the top activity is com.google.android.apps.chrome.IntentDispatcher, phone capture activity is com.android.camera.CaptureActivity
[Fastbot][2026-06-19 03:52:44.070]     // Rejecting start of Intent { act=android.intent.action.VIEW dat=https://gsantner.net/... cmp=com.android.chrome/com.google.android.apps.chrome.IntentDispatcher } in package com.android.chrome
[Fastbot][2026-06-19 03:52:44.296] [ProxyServer] Finish monkey step. Dumping hierarchy
[Fastbot][2026-06-19 03:52:44.297] --> POST http://127.0.0.1:9008/jsonrpc/0
[Fastbot][2026-06-19 03:52:44.297] Content-Type: application/json; charset=utf-8
[Fastbot][2026-06-19 03:52:44.297] Content-Length: 75
[Fastbot][2026-06-19 03:52:44.298] 
[Fastbot][2026-06-19 03:52:44.298] {"id":1,"jsonrpc":"2.0","method":"dumpWindowHierarchy","params":[false,50]}
[Fastbot][2026-06-19 03:52:44.298] --> END POST (75-byte body)
[Fastbot][2026-06-19 03:52:44.352] <-- 200 OK  http://127.0.0.1:9008/jsonrpc/0 (54ms)
[Fastbot][2026-06-19 03:52:44.352] Content-Type: application/json
[Fastbot][2026-06-19 03:52:44.352] Date: Fri, 19 Jun 2026 03:52:44 GMT
[Fastbot][2026-06-19 03:52:44.352] Connection: keep-alive
[Fastbot][2026-06-19 03:52:44.353] Transfer-Encoding: chunked
[Fastbot][2026-06-19 03:52:44.353] 
[Fastbot][2026-06-19 03:52:44.353] {"jsonrpc":"2.0","id":1,"result":"<?xml version='1.0' encoding='UTF-8' standalone='yes' ?>\r\n<hierarchy rotation=\"0\">\r\n  <node index=\"0\" text=\"\" resource-id=\"\" class=\"android.widget.FrameLayout\" package=\"com.android.systemui\" content-desc=\"\" checkable=\"false\" checked=\"false\" cli...[truncated]
[Fastbot][2026-06-19 03:52:44.353] <-- END HTTP (59119-byte body)
[Fastbot][2026-06-19 03:52:44.375] [ProxyServer] stepsCount: 15
[Fastbot][2026-06-19 03:52:44.375] [ProxyServer] receive request: stepMonkey
[Fastbot][2026-06-19 03:52:44.375] [MonkeySourceApeU2] stepsCount: 15
[Fastbot][2026-06-19 03:52:44.375] [MonkeySourceApeU2] Latest event is MonkeyEvent. Use the cached hierarchy.
[Fastbot][2026-06-19 03:52:44.376] [MonkeySourceApeU2] Successfully Got hierarchy
[Fastbot][2026-06-19 03:52:44.378] // Event id: 83
[Fastbot][2026-06-19 03:52:44.378] topActivity Name: ComponentInfo{net.gsantner.markor_test/net.gsantner.markor.activity.MainActivity}
[Fastbot][2026-06-19 03:52:44.378] // Dumped stringOfGuiTree
[Fastbot][2026-06-19 03:52:44.378] topActivityName: net.gsantner.markor.activity.MainActivity
[Fastbot][2026-06-19 03:52:44.383] action type: SCROLL_TOP_DOWN
[Fastbot][2026-06-19 03:52:44.384] rpc cost time: 5
[Fastbot][2026-06-19 03:52:44.386] :Sending rotation degree=0, persist=false
[Fastbot][2026-06-19 03:52:44.399] :Sending Touch (ACTION_DOWN): 0:(540.0,1008.0)
[Fastbot][2026-06-19 03:52:44.401] :Sending Touch (ACTION_MOVE): 0:(540.0,1008.0)
[Fastbot][2026-06-19 03:52:44.403] Wait Event for 20 milliseconds
[Fastbot][2026-06-19 03:52:44.425] :Sending Touch (ACTION_MOVE): 0:(540.0,1108.7)
[Fastbot][2026-06-19 03:52:44.431] Wait Event for 20 milliseconds
[Fastbot][2026-06-19 03:52:44.454] :Sending Touch (ACTION_MOVE): 0:(540.0,1209.4)
[Fastbot][2026-06-19 03:52:44.456] Wait Event for 20 milliseconds
[Fastbot][2026-06-19 03:52:44.478] :Sending Touch (ACTION_MOVE): 0:(540.0,1310.1)
[Fastbot][2026-06-19 03:52:44.480] Wait Event for 20 milliseconds
[Fastbot][2026-06-19 03:52:44.501] :Sending Touch (ACTION_MOVE): 0:(540.0,1410.8)
[Fastbot][2026-06-19 03:52:44.504] Wait Event for 20 milliseconds
[Fastbot][2026-06-19 03:52:44.527] :Sending Touch (ACTION_MOVE): 0:(540.0,1511.5)
[Fastbot][2026-06-19 03:52:44.529] Wait Event for 20 milliseconds
[Fastbot][2026-06-19 03:52:44.551] :Sending Touch (ACTION_MOVE): 0:(540.0,1612.2)
[Fastbot][2026-06-19 03:52:44.553] Wait Event for 20 milliseconds
[Fastbot][2026-06-19 03:52:44.580] :Sending Touch (ACTION_MOVE): 0:(540.0,1712.8999)
[Fastbot][2026-06-19 03:52:44.583] Wait Event for 20 milliseconds
[Fastbot][2026-06-19 03:52:44.605] :Sending Touch (ACTION_MOVE): 0:(540.0,1813.6001)
[Fastbot][2026-06-19 03:52:44.607] Wait Event for 20 milliseconds
[Fastbot][2026-06-19 03:52:44.631] :Sending Touch (ACTION_MOVE): 0:(540.0,1914.3)
[Fastbot][2026-06-19 03:52:44.634] Wait Event for 20 milliseconds
[Fastbot][2026-06-19 03:52:44.656] :Sending Touch (ACTION_UP): 0:(540.0,2015.0)
[Fastbot][2026-06-19 03:52:44.659] Sleeping for 284 milliseconds
[Fastbot][2026-06-19 03:52:44.948] [ProxyServer] Finish monkey step. Dumping hierarchy
[Fastbot][2026-06-19 03:52:44.949] --> POST http://127.0.0.1:9008/jsonrpc/0
[Fastbot][2026-06-19 03:52:44.949] Content-Type: application/json; charset=utf-8
[Fastbot][2026-06-19 03:52:44.949] Content-Length: 75
[Fastbot][2026-06-19 03:52:44.949] 
[Fastbot][2026-06-19 03:52:44.949] {"id":1,"jsonrpc":"2.0","method":"dumpWindowHierarchy","params":[false,50]}
[Fastbot][2026-06-19 03:52:44.949] --> END POST (75-byte body)
[Fastbot][2026-06-19 03:52:45.001] <-- 200 OK  http://127.0.0.1:9008/jsonrpc/0 (51ms)
[Fastbot][2026-06-19 03:52:45.001] Content-Type: application/json
[Fastbot][2026-06-19 03:52:45.002] Date: Fri, 19 Jun 2026 03:52:45 GMT
[Fastbot][2026-06-19 03:52:45.002] Connection: keep-alive
[Fastbot][2026-06-19 03:52:45.002] Transfer-Encoding: chunked
[Fastbot][2026-06-19 03:52:45.007] 
[Fastbot][2026-06-19 03:52:45.007] {"jsonrpc":"2.0","id":1,"result":"<?xml version='1.0' encoding='UTF-8' standalone='yes' ?>\r\n<hierarchy rotation=\"0\">\r\n  <node index=\"0\" text=\"\" resource-id=\"\" class=\"android.widget.FrameLayout\" package=\"com.android.systemui\" content-desc=\"\" checkable=\"false\" checked=\"false\" cli...[truncated]
[Fastbot][2026-06-19 03:52:45.008] <-- END HTTP (59119-byte body)
[Fastbot][2026-06-19 03:52:45.064] [ProxyServer] stepsCount: 16
[Fastbot][2026-06-19 03:52:45.064] [ProxyServer] receive request: stepMonkey
[Fastbot][2026-06-19 03:52:45.065] [MonkeySourceApeU2] stepsCount: 16
[Fastbot][2026-06-19 03:52:45.065] [MonkeySourceApeU2] Latest event is MonkeyEvent. Use the cached hierarchy.
[Fastbot][2026-06-19 03:52:45.066] [MonkeySourceApeU2] Successfully Got hierarchy
[Fastbot][2026-06-19 03:52:45.068] // Event id: 107
[Fastbot][2026-06-19 03:52:45.068] topActivity Name: ComponentInfo{net.gsantner.markor_test/net.gsantner.markor.activity.MainActivity}
[Fastbot][2026-06-19 03:52:45.068] // Dumped stringOfGuiTree
[Fastbot][2026-06-19 03:52:45.068] topActivityName: net.gsantner.markor.activity.MainActivity
[Fastbot][2026-06-19 03:52:45.072] action type: LONG_CLICK
[Fastbot][2026-06-19 03:52:45.073] rpc cost time: 5
[Fastbot][2026-06-19 03:52:45.074] :Sending rotation degree=0, persist=false
[Fastbot][2026-06-19 03:52:45.089] :Sending Touch (ACTION_DOWN): 0:(696.0,238.0)
[Fastbot][2026-06-19 03:52:45.090] Wait Event for 1000 milliseconds
[Fastbot][2026-06-19 03:52:46.094] :Sending Touch (ACTION_UP): 0:(696.0,238.0)
[Fastbot][2026-06-19 03:52:46.098] Sleeping for 219 milliseconds
[Fastbot][2026-06-19 03:52:46.319] [ProxyServer] Finish monkey step. Dumping hierarchy
[Fastbot][2026-06-19 03:52:46.320] --> POST http://127.0.0.1:9008/jsonrpc/0
[Fastbot][2026-06-19 03:52:46.320] Content-Type: application/json; charset=utf-8
[Fastbot][2026-06-19 03:52:46.320] Content-Length: 75
[Fastbot][2026-06-19 03:52:46.320] 
[Fastbot][2026-06-19 03:52:46.320] {"id":1,"jsonrpc":"2.0","method":"dumpWindowHierarchy","params":[false,50]}
[Fastbot][2026-06-19 03:52:46.320] --> END POST (75-byte body)
[Fastbot][2026-06-19 03:52:46.360] <-- 200 OK  http://127.0.0.1:9008/jsonrpc/0 (39ms)
[Fastbot][2026-06-19 03:52:46.360] Content-Type: application/json
[Fastbot][2026-06-19 03:52:46.360] Date: Fri, 19 Jun 2026 03:52:46 GMT
[Fastbot][2026-06-19 03:52:46.360] Connection: keep-alive
[Fastbot][2026-06-19 03:52:46.360] Transfer-Encoding: chunked
[Fastbot][2026-06-19 03:52:46.361] 
[Fastbot][2026-06-19 03:52:46.361] {"jsonrpc":"2.0","id":1,"result":"<?xml version='1.0' encoding='UTF-8' standalone='yes' ?>\r\n<hierarchy rotation=\"0\">\r\n  <node index=\"0\" text=\"\" resource-id=\"\" class=\"android.widget.FrameLayout\" package=\"com.android.systemui\" content-desc=\"\" checkable=\"false\" checked=\"false\" cli...[truncated]
[Fastbot][2026-06-19 03:52:46.361] <-- END HTTP (59119-byte body)
[Fastbot][2026-06-19 03:52:46.382] [ProxyServer] stepsCount: 17
[Fastbot][2026-06-19 03:52:46.382] [ProxyServer] receive request: stepMonkey
[Fastbot][2026-06-19 03:52:46.382] [MonkeySourceApeU2] stepsCount: 17
[Fastbot][2026-06-19 03:52:46.383] [MonkeySourceApeU2] Latest event is MonkeyEvent. Use the cached hierarchy.
[Fastbot][2026-06-19 03:52:46.383] [MonkeySourceApeU2] Successfully Got hierarchy
[Fastbot][2026-06-19 03:52:46.386] // Event id: 112
[Fastbot][2026-06-19 03:52:46.386] topActivity Name: ComponentInfo{net.gsantner.markor_test/net.gsantner.markor.activity.MainActivity}
[Fastbot][2026-06-19 03:52:46.387] // Dumped stringOfGuiTree
[Fastbot][2026-06-19 03:52:46.387] topActivityName: net.gsantner.markor.activity.MainActivity
[Fastbot][2026-06-19 03:52:46.393] action type: CLICK
[Fastbot][2026-06-19 03:52:46.394] rpc cost time: 7
[Fastbot]*** WARNING *** checkVirtualKeyboard: Input only once.
[Fastbot][2026-06-19 03:52:46.395] :Sending rotation degree=0, persist=false
[Fastbot][2026-06-19 03:52:46.401] :Sending Touch (ACTION_DOWN): 0:(998.0,197.0)
[Fastbot][2026-06-19 03:52:46.402] :Sending Touch (ACTION_UP): 0:(998.0,197.0)
[Fastbot][2026-06-19 03:52:46.403] Sleeping for 276 milliseconds
[Fastbot][2026-06-19 03:52:46.681] [ProxyServer] Finish monkey step. Dumping hierarchy
[Fastbot][2026-06-19 03:52:46.682] --> POST http://127.0.0.1:9008/jsonrpc/0
[Fastbot][2026-06-19 03:52:46.682] Content-Type: application/json; charset=utf-8
[Fastbot][2026-06-19 03:52:46.682] Content-Length: 75
[Fastbot][2026-06-19 03:52:46.682] 
[Fastbot][2026-06-19 03:52:46.682] {"id":1,"jsonrpc":"2.0","method":"dumpWindowHierarchy","params":[false,50]}
[Fastbot][2026-06-19 03:52:46.682] --> END POST (75-byte body)
[Fastbot][2026-06-19 03:52:46.703] <-- 200 OK  http://127.0.0.1:9008/jsonrpc/0 (20ms)
[Fastbot][2026-06-19 03:52:46.703] Content-Type: application/json
[Fastbot][2026-06-19 03:52:46.704] Date: Fri, 19 Jun 2026 03:52:46 GMT
[Fastbot][2026-06-19 03:52:46.704] Connection: keep-alive
[Fastbot][2026-06-19 03:52:46.704] Transfer-Encoding: chunked
[Fastbot][2026-06-19 03:52:46.715] 
[Fastbot][2026-06-19 03:52:46.715] {"jsonrpc":"2.0","id":1,"result":"<?xml version='1.0' encoding='UTF-8' standalone='yes' ?>\r\n<hierarchy rotation=\"0\">\r\n  <node index=\"0\" text=\"\" resource-id=\"\" class=\"android.widget.FrameLayout\" package=\"com.android.systemui\" content-desc=\"\" checkable=\"false\" checked=\"false\" cli...[truncated]
[Fastbot][2026-06-19 03:52:46.716] <-- END HTTP (24396-byte body)
[Fastbot][2026-06-19 03:52:46.753] [ProxyServer] stepsCount: 18
[Fastbot][2026-06-19 03:52:46.753] [ProxyServer] receive request: stepMonkey
[Fastbot][2026-06-19 03:52:46.753] [MonkeySourceApeU2] stepsCount: 18
[Fastbot][2026-06-19 03:52:46.753] [MonkeySourceApeU2] Latest event is MonkeyEvent. Use the cached hierarchy.
[Fastbot][2026-06-19 03:52:46.754] [MonkeySourceApeU2] Successfully Got hierarchy
[Fastbot][2026-06-19 03:52:46.755] // Event id: 116
[Fastbot][2026-06-19 03:52:46.755] topActivity Name: ComponentInfo{net.gsantner.markor_test/net.gsantner.markor.activity.MainActivity}
[Fastbot][2026-06-19 03:52:46.756] // Dumped stringOfGuiTree
[Fastbot][2026-06-19 03:52:46.756] topActivityName: net.gsantner.markor.activity.MainActivity
[Fastbot][2026-06-19 03:52:46.756] action type: SCROLL_RIGHT_LEFT
[Fastbot][2026-06-19 03:52:46.756] rpc cost time: 1
[Fastbot][2026-06-19 03:52:46.759] :Sending rotation degree=0, persist=false
[Fastbot][2026-06-19 03:52:46.766] :Sending Touch (ACTION_DOWN): 0:(755.5,165.0)
[Fastbot][2026-06-19 03:52:46.768]     //[calendar_time:2026-06-19 03:52:46.767  system_uptime:2819144]
[Fastbot][2026-06-19 03:52:46.768]     // Sending event #100
[Fastbot][2026-06-19 03:52:46.768] :Sending Touch (ACTION_MOVE): 0:(755.5,165.0)
[Fastbot][2026-06-19 03:52:46.770] Wait Event for 20 milliseconds
[Fastbot][2026-06-19 03:52:46.791] :Sending Touch (ACTION_MOVE): 0:(679.95,165.0)
[Fastbot][2026-06-19 03:52:46.793] Wait Event for 20 milliseconds
[Fastbot][2026-06-19 03:52:46.815] :Sending Touch (ACTION_MOVE): 0:(604.4,165.0)
[Fastbot][2026-06-19 03:52:46.816] Wait Event for 20 milliseconds
[Fastbot][2026-06-19 03:52:46.838] :Sending Touch (ACTION_MOVE): 0:(528.85,165.0)
[Fastbot][2026-06-19 03:52:46.840] Wait Event for 20 milliseconds
[Fastbot][2026-06-19 03:52:46.861] :Sending Touch (ACTION_MOVE): 0:(453.3,165.0)
[Fastbot][2026-06-19 03:52:46.863] Wait Event for 20 milliseconds
[Fastbot][2026-06-19 03:52:46.885] :Sending Touch (ACTION_MOVE): 0:(377.75,165.0)
[Fastbot][2026-06-19 03:52:46.886] Wait Event for 20 milliseconds
[Fastbot][2026-06-19 03:52:46.909] :Sending Touch (ACTION_MOVE): 0:(302.19998,165.0)
[Fastbot][2026-06-19 03:52:46.911] Wait Event for 20 milliseconds
[Fastbot][2026-06-19 03:52:46.934] :Sending Touch (ACTION_MOVE): 0:(226.65002,165.0)
[Fastbot][2026-06-19 03:52:46.936] Wait Event for 20 milliseconds
[Fastbot][2026-06-19 03:52:46.962] :Sending Touch (ACTION_MOVE): 0:(151.09998,165.0)
[Fastbot][2026-06-19 03:52:46.964] Wait Event for 20 milliseconds
[Fastbot][2026-06-19 03:52:46.987] :Sending Touch (ACTION_MOVE): 0:(75.54999,165.0)
[Fastbot][2026-06-19 03:52:46.989] Wait Event for 20 milliseconds
[Fastbot][2026-06-19 03:52:47.014] :Sending Touch (ACTION_UP): 0:(0.0,165.0)
[Fastbot][2026-06-19 03:52:47.017] Sleeping for 276 milliseconds
[Fastbot][2026-06-19 03:52:47.296] [ProxyServer] Finish monkey step. Dumping hierarchy
[Fastbot][2026-06-19 03:52:47.296] --> POST http://127.0.0.1:9008/jsonrpc/0
[Fastbot][2026-06-19 03:52:47.296] Content-Type: application/json; charset=utf-8
[Fastbot][2026-06-19 03:52:47.296] Content-Length: 75
[Fastbot][2026-06-19 03:52:47.296] 
[Fastbot][2026-06-19 03:52:47.296] {"id":1,"jsonrpc":"2.0","method":"dumpWindowHierarchy","params":[false,50]}
[Fastbot][2026-06-19 03:52:47.297] --> END POST (75-byte body)
[Fastbot][2026-06-19 03:52:47.322] <-- 200 OK  http://127.0.0.1:9008/jsonrpc/0 (25ms)
[Fastbot][2026-06-19 03:52:47.322] Content-Type: application/json
[Fastbot][2026-06-19 03:52:47.322] Date: Fri, 19 Jun 2026 03:52:47 GMT
[Fastbot][2026-06-19 03:52:47.322] Connection: keep-alive
[Fastbot][2026-06-19 03:52:47.322] Transfer-Encoding: chunked
[Fastbot][2026-06-19 03:52:47.325] 
[Fastbot][2026-06-19 03:52:47.325] {"jsonrpc":"2.0","id":1,"result":"<?xml version='1.0' encoding='UTF-8' standalone='yes' ?>\r\n<hierarchy rotation=\"0\">\r\n  <node index=\"0\" text=\"\" resource-id=\"\" class=\"android.widget.FrameLayout\" package=\"com.android.systemui\" content-desc=\"\" checkable=\"false\" checked=\"false\" cli...[truncated]
[Fastbot][2026-06-19 03:52:47.325] <-- END HTTP (24396-byte body)
[Fastbot][2026-06-19 03:52:47.357] [ProxyServer] stepsCount: 19
[Fastbot][2026-06-19 03:52:47.358] [ProxyServer] receive request: stepMonkey
[Fastbot][2026-06-19 03:52:47.358] [MonkeySourceApeU2] stepsCount: 19
[Fastbot][2026-06-19 03:52:47.358] [MonkeySourceApeU2] Latest event is MonkeyEvent. Use the cached hierarchy.
[Fastbot][2026-06-19 03:52:47.358] [MonkeySourceApeU2] Successfully Got hierarchy
[Fastbot][2026-06-19 03:52:47.361] // Event id: 140
[Fastbot][2026-06-19 03:52:47.361] topActivity Name: ComponentInfo{net.gsantner.markor_test/net.gsantner.markor.activity.MainActivity}
[Fastbot][2026-06-19 03:52:47.361] // Dumped stringOfGuiTree
[Fastbot][2026-06-19 03:52:47.361] topActivityName: net.gsantner.markor.activity.MainActivity
[Fastbot][2026-06-19 03:52:47.362] action type: SCROLL_TOP_DOWN
[Fastbot][2026-06-19 03:52:47.362] rpc cost time: 1
[Fastbot][2026-06-19 03:52:47.363] :Sending rotation degree=0, persist=false
[Fastbot][2026-06-19 03:52:47.369] :Sending Touch (ACTION_DOWN): 0:(755.5,165.0)
[Fastbot][2026-06-19 03:52:47.371] :Sending Touch (ACTION_MOVE): 0:(755.5,165.0)
[Fastbot][2026-06-19 03:52:47.373] Wait Event for 20 milliseconds
[Fastbot][2026-06-19 03:52:47.396] :Sending Touch (ACTION_MOVE): 0:(755.5,350.0)
[Fastbot][2026-06-19 03:52:47.397] Wait Event for 20 milliseconds
[Fastbot][2026-06-19 03:52:47.418] :Sending Touch (ACTION_MOVE): 0:(755.5,535.0)
[Fastbot][2026-06-19 03:52:47.419] Wait Event for 20 milliseconds
[Fastbot][2026-06-19 03:52:47.441] :Sending Touch (ACTION_MOVE): 0:(755.5,720.0)
[Fastbot][2026-06-19 03:52:47.442] Wait Event for 20 milliseconds
[Fastbot][2026-06-19 03:52:47.464] :Sending Touch (ACTION_MOVE): 0:(755.5,905.0)
[Fastbot][2026-06-19 03:52:47.465] Wait Event for 20 milliseconds
[Fastbot][2026-06-19 03:52:47.488] :Sending Touch (ACTION_MOVE): 0:(755.5,1090.0)
[Fastbot][2026-06-19 03:52:47.490] Wait Event for 20 milliseconds
[Fastbot][2026-06-19 03:52:47.512] :Sending Touch (ACTION_MOVE): 0:(755.5,1275.0)
[Fastbot][2026-06-19 03:52:47.514] Wait Event for 20 milliseconds
[Fastbot][2026-06-19 03:52:47.537] :Sending Touch (ACTION_MOVE): 0:(755.5,1460.0)
[Fastbot][2026-06-19 03:52:47.538] Wait Event for 20 milliseconds
[Fastbot][2026-06-19 03:52:47.561] :Sending Touch (ACTION_MOVE): 0:(755.5,1645.0)
[Fastbot][2026-06-19 03:52:47.563] Wait Event for 20 milliseconds
[Fastbot][2026-06-19 03:52:47.587] :Sending Touch (ACTION_MOVE): 0:(755.5,1830.0)
[Fastbot][2026-06-19 03:52:47.588] Wait Event for 20 milliseconds
[Fastbot][2026-06-19 03:52:47.610] :Sending Touch (ACTION_UP): 0:(755.5,2015.0)
[Fastbot][2026-06-19 03:52:47.612] Sleeping for 289 milliseconds
[Fastbot][2026-06-19 03:52:47.904] [ProxyServer] Finish monkey step. Dumping hierarchy
[Fastbot][2026-06-19 03:52:47.905] --> POST http://127.0.0.1:9008/jsonrpc/0
[Fastbot][2026-06-19 03:52:47.905] Content-Type: application/json; charset=utf-8
[Fastbot][2026-06-19 03:52:47.905] Content-Length: 75
[Fastbot][2026-06-19 03:52:47.905] 
[Fastbot][2026-06-19 03:52:47.905] {"id":1,"jsonrpc":"2.0","method":"dumpWindowHierarchy","params":[false,50]}
[Fastbot][2026-06-19 03:52:47.905] --> END POST (75-byte body)
[Fastbot][2026-06-19 03:52:47.932] <-- 200 OK  http://127.0.0.1:9008/jsonrpc/0 (26ms)
[Fastbot][2026-06-19 03:52:47.932] Content-Type: application/json
[Fastbot][2026-06-19 03:52:47.933] Date: Fri, 19 Jun 2026 03:52:47 GMT
[Fastbot][2026-06-19 03:52:47.933] Connection: keep-alive
[Fastbot][2026-06-19 03:52:47.933] Transfer-Encoding: chunked
[Fastbot][2026-06-19 03:52:47.936] 
[Fastbot][2026-06-19 03:52:47.936] {"jsonrpc":"2.0","id":1,"result":"<?xml version='1.0' encoding='UTF-8' standalone='yes' ?>\r\n<hierarchy rotation=\"0\">\r\n  <node index=\"0\" text=\"\" resource-id=\"\" class=\"android.widget.FrameLayout\" package=\"com.android.systemui\" content-desc=\"\" checkable=\"false\" checked=\"false\" cli...[truncated]
[Fastbot][2026-06-19 03:52:47.936] <-- END HTTP (24396-byte body)
[Fastbot][2026-06-19 03:52:47.955] [ProxyServer] stepsCount: 20
[Fastbot][2026-06-19 03:52:47.955] [ProxyServer] receive request: stepMonkey
[Fastbot][2026-06-19 03:52:47.955] [MonkeySourceApeU2] stepsCount: 20
[Fastbot][2026-06-19 03:52:47.955] [MonkeySourceApeU2] Latest event is MonkeyEvent. Use the cached hierarchy.
[Fastbot][2026-06-19 03:52:47.956] [MonkeySourceApeU2] Successfully Got hierarchy
[Fastbot][2026-06-19 03:52:47.958] // Event id: 164
[Fastbot][2026-06-19 03:52:47.958] topActivity Name: ComponentInfo{net.gsantner.markor_test/net.gsantner.markor.activity.MainActivity}
[Fastbot][2026-06-19 03:52:47.958] // Dumped stringOfGuiTree
[Fastbot][2026-06-19 03:52:47.958] topActivityName: net.gsantner.markor.activity.MainActivity
[Fastbot][2026-06-19 03:52:47.959] action type: SCROLL_LEFT_RIGHT
[Fastbot][2026-06-19 03:52:47.959] rpc cost time: 1
[Fastbot][2026-06-19 03:52:47.960] :Sending rotation degree=0, persist=false
[Fastbot][2026-06-19 03:52:47.967] :Sending Touch (ACTION_DOWN): 0:(755.5,165.0)
[Fastbot][2026-06-19 03:52:47.969] :Sending Touch (ACTION_MOVE): 0:(755.5,165.0)
[Fastbot][2026-06-19 03:52:47.970] Wait Event for 20 milliseconds
[Fastbot][2026-06-19 03:52:47.992] :Sending Touch (ACTION_MOVE): 0:(787.85,165.0)
[Fastbot][2026-06-19 03:52:47.994] Wait Event for 20 milliseconds
[Fastbot][2026-06-19 03:52:48.015] :Sending Touch (ACTION_MOVE): 0:(820.2,165.0)
[Fastbot][2026-06-19 03:52:48.017] Wait Event for 20 milliseconds
[Fastbot][2026-06-19 03:52:48.040] :Sending Touch (ACTION_MOVE): 0:(852.55,165.0)
[Fastbot][2026-06-19 03:52:48.042] Wait Event for 20 milliseconds
[Fastbot][2026-06-19 03:52:48.065] :Sending Touch (ACTION_MOVE): 0:(884.9,165.0)
[Fastbot][2026-06-19 03:52:48.067] Wait Event for 20 milliseconds
[Fastbot][2026-06-19 03:52:48.089] :Sending Touch (ACTION_MOVE): 0:(917.25,165.0)
[Fastbot][2026-06-19 03:52:48.090] Wait Event for 20 milliseconds
[Fastbot][2026-06-19 03:52:48.112] :Sending Touch (ACTION_MOVE): 0:(949.6,165.0)
[Fastbot][2026-06-19 03:52:48.114] Wait Event for 20 milliseconds
[Fastbot][2026-06-19 03:52:48.137] :Sending Touch (ACTION_MOVE): 0:(981.95,165.0)
[Fastbot][2026-06-19 03:52:48.138] Wait Event for 20 milliseconds
[Fastbot][2026-06-19 03:52:48.161] :Sending Touch (ACTION_MOVE): 0:(1014.30005,165.0)
[Fastbot][2026-06-19 03:52:48.162] Wait Event for 20 milliseconds
[Fastbot][2026-06-19 03:52:48.185] :Sending Touch (ACTION_MOVE): 0:(1046.65,165.0)
[Fastbot][2026-06-19 03:52:48.187] Wait Event for 20 milliseconds
[Fastbot][2026-06-19 03:52:48.209] :Sending Touch (ACTION_UP): 0:(1079.0,165.0)
[Fastbot][2026-06-19 03:52:48.219] Sleeping for 289 milliseconds
[Fastbot][2026-06-19 03:52:48.510] [ProxyServer] Finish monkey step. Dumping hierarchy
[Fastbot][2026-06-19 03:52:48.511] --> POST http://127.0.0.1:9008/jsonrpc/0
[Fastbot][2026-06-19 03:52:48.511] Content-Type: application/json; charset=utf-8
[Fastbot][2026-06-19 03:52:48.512] Content-Length: 75
[Fastbot][2026-06-19 03:52:48.512] 
[Fastbot][2026-06-19 03:52:48.513] {"id":1,"jsonrpc":"2.0","method":"dumpWindowHierarchy","params":[false,50]}
[Fastbot][2026-06-19 03:52:48.513] --> END POST (75-byte body)
[Fastbot][2026-06-19 03:52:48.542] <-- 200 OK  http://127.0.0.1:9008/jsonrpc/0 (29ms)
[Fastbot][2026-06-19 03:52:48.543] Content-Type: application/json
[Fastbot][2026-06-19 03:52:48.543] Date: Fri, 19 Jun 2026 03:52:48 GMT
[Fastbot][2026-06-19 03:52:48.543] Connection: keep-alive
[Fastbot][2026-06-19 03:52:48.544] Transfer-Encoding: chunked
[Fastbot][2026-06-19 03:52:48.544] 
[Fastbot][2026-06-19 03:52:48.545] {"jsonrpc":"2.0","id":1,"result":"<?xml version='1.0' encoding='UTF-8' standalone='yes' ?>\r\n<hierarchy rotation=\"0\">\r\n  <node index=\"0\" text=\"\" resource-id=\"\" class=\"android.widget.FrameLayout\" package=\"com.android.systemui\" content-desc=\"\" checkable=\"false\" checked=\"false\" cli...[truncated]
[Fastbot][2026-06-19 03:52:48.545] <-- END HTTP (24396-byte body)
[Fastbot][2026-06-19 03:52:48.597] [ProxyServer] stepsCount: 21
[Fastbot][2026-06-19 03:52:48.597] [ProxyServer] receive request: stepMonkey
[Fastbot][2026-06-19 03:52:48.597] [MonkeySourceApeU2] stepsCount: 21
[Fastbot][2026-06-19 03:52:48.597] [MonkeySourceApeU2] Latest event is MonkeyEvent. Use the cached hierarchy.
[Fastbot][2026-06-19 03:52:48.598] [MonkeySourceApeU2] Successfully Got hierarchy
[Fastbot][2026-06-19 03:52:48.599] // Event id: 188
[Fastbot][2026-06-19 03:52:48.599] topActivity Name: ComponentInfo{net.gsantner.markor_test/net.gsantner.markor.activity.MainActivity}
[Fastbot][2026-06-19 03:52:48.599] // Dumped stringOfGuiTree
[Fastbot][2026-06-19 03:52:48.599] topActivityName: net.gsantner.markor.activity.MainActivity
[Fastbot][2026-06-19 03:52:48.602] action type: SCROLL_BOTTOM_UP
[Fastbot][2026-06-19 03:52:48.602] rpc cost time: 3
[Fastbot][2026-06-19 03:52:48.605] :Sending rotation degree=0, persist=false
[Fastbot][2026-06-19 03:52:48.614] :Sending Touch (ACTION_DOWN): 0:(755.5,165.0)
[Fastbot][2026-06-19 03:52:48.615] :Sending Touch (ACTION_MOVE): 0:(755.5,165.0)
[Fastbot][2026-06-19 03:52:48.616] Wait Event for 20 milliseconds
[Fastbot][2026-06-19 03:52:48.638] :Sending Touch (ACTION_MOVE): 0:(755.5,155.1)
[Fastbot][2026-06-19 03:52:48.639] Wait Event for 20 milliseconds
[Fastbot][2026-06-19 03:52:48.662] :Sending Touch (ACTION_MOVE): 0:(755.5,145.2)
[Fastbot][2026-06-19 03:52:48.664] Wait Event for 20 milliseconds
[Fastbot][2026-06-19 03:52:48.685] :Sending Touch (ACTION_MOVE): 0:(755.5,135.3)
[Fastbot][2026-06-19 03:52:48.686] Wait Event for 20 milliseconds
[Fastbot][2026-06-19 03:52:48.708] :Sending Touch (ACTION_MOVE): 0:(755.5,125.399994)
[Fastbot][2026-06-19 03:52:48.710] Wait Event for 20 milliseconds
[Fastbot][2026-06-19 03:52:48.732] :Sending Touch (ACTION_MOVE): 0:(755.5,115.5)
[Fastbot][2026-06-19 03:52:48.734] Wait Event for 20 milliseconds
[Fastbot][2026-06-19 03:52:48.756] :Sending Touch (ACTION_MOVE): 0:(755.5,105.6)
[Fastbot][2026-06-19 03:52:48.758] Wait Event for 20 milliseconds
[Fastbot][2026-06-19 03:52:48.781] :Sending Touch (ACTION_MOVE): 0:(755.5,95.700005)
[Fastbot][2026-06-19 03:52:48.782] Wait Event for 20 milliseconds
[Fastbot][2026-06-19 03:52:48.805] :Sending Touch (ACTION_MOVE): 0:(755.5,85.799995)
[Fastbot][2026-06-19 03:52:48.807] Wait Event for 20 milliseconds
[Fastbot][2026-06-19 03:52:48.830] :Sending Touch (ACTION_MOVE): 0:(755.5,82.0)
[Fastbot][2026-06-19 03:52:48.832] Wait Event for 20 milliseconds
[Fastbot][2026-06-19 03:52:48.854] :Sending Touch (ACTION_UP): 0:(755.5,82.0)
[Fastbot][2026-06-19 03:52:48.857] Sleeping for 263 milliseconds
[Fastbot][2026-06-19 03:52:49.122] [ProxyServer] Finish monkey step. Dumping hierarchy
[Fastbot][2026-06-19 03:52:49.123] --> POST http://127.0.0.1:9008/jsonrpc/0
[Fastbot][2026-06-19 03:52:49.123] Content-Type: application/json; charset=utf-8
[Fastbot][2026-06-19 03:52:49.123] Content-Length: 75
[Fastbot][2026-06-19 03:52:49.123] 
[Fastbot][2026-06-19 03:52:49.123] {"id":1,"jsonrpc":"2.0","method":"dumpWindowHierarchy","params":[false,50]}
[Fastbot][2026-06-19 03:52:49.123] --> END POST (75-byte body)
[Fastbot][2026-06-19 03:52:49.147] <-- 200 OK  http://127.0.0.1:9008/jsonrpc/0 (24ms)
[Fastbot][2026-06-19 03:52:49.148] Content-Type: application/json
[Fastbot][2026-06-19 03:52:49.148] Date: Fri, 19 Jun 2026 03:52:49 GMT
[Fastbot][2026-06-19 03:52:49.148] Connection: keep-alive
[Fastbot][2026-06-19 03:52:49.148] Transfer-Encoding: chunked
[Fastbot][2026-06-19 03:52:49.150] 
[Fastbot][2026-06-19 03:52:49.150] {"jsonrpc":"2.0","id":1,"result":"<?xml version='1.0' encoding='UTF-8' standalone='yes' ?>\r\n<hierarchy rotation=\"0\">\r\n  <node index=\"0\" text=\"\" resource-id=\"\" class=\"android.widget.FrameLayout\" package=\"com.android.systemui\" content-desc=\"\" checkable=\"false\" checked=\"false\" cli...[truncated]
[Fastbot][2026-06-19 03:52:49.150] <-- END HTTP (24396-byte body)
[Fastbot][2026-06-19 03:52:49.207] [ProxyServer] stepsCount: 22
[Fastbot][2026-06-19 03:52:49.207] [ProxyServer] receive request: stepMonkey
[Fastbot][2026-06-19 03:52:49.208] [MonkeySourceApeU2] stepsCount: 22
[Fastbot][2026-06-19 03:52:49.208] [MonkeySourceApeU2] Latest event is MonkeyEvent. Use the cached hierarchy.
[Fastbot][2026-06-19 03:52:49.210] [MonkeySourceApeU2] Successfully Got hierarchy
[Fastbot][2026-06-19 03:52:49.211] // Event id: 212
[Fastbot][2026-06-19 03:52:49.211] topActivity Name: ComponentInfo{net.gsantner.markor_test/net.gsantner.markor.activity.MainActivity}
[Fastbot][2026-06-19 03:52:49.211] // Dumped stringOfGuiTree
[Fastbot][2026-06-19 03:52:49.211] topActivityName: net.gsantner.markor.activity.MainActivity
[Fastbot][2026-06-19 03:52:49.212] action type: BACK
[Fastbot][2026-06-19 03:52:49.212] rpc cost time: 1
[Fastbot][2026-06-19 03:52:49.250] :Sending rotation degree=0, persist=false
[Fastbot][2026-06-19 03:52:49.258] :Sending Key (ACTION_DOWN): 4    // KEYCODE_BACK
[Fastbot][2026-06-19 03:52:49.264] :Sending Key (ACTION_UP): 4    // KEYCODE_BACK
[Fastbot][2026-06-19 03:52:49.265] Sleeping for 250 milliseconds
[Fastbot][2026-06-19 03:52:49.518] [ProxyServer] Finish monkey step. Dumping hierarchy
[Fastbot][2026-06-19 03:52:49.518] --> POST http://127.0.0.1:9008/jsonrpc/0
[Fastbot][2026-06-19 03:52:49.518] Content-Type: application/json; charset=utf-8
[Fastbot][2026-06-19 03:52:49.518] Content-Length: 75
[Fastbot][2026-06-19 03:52:49.518] 
[Fastbot][2026-06-19 03:52:49.519] {"id":1,"jsonrpc":"2.0","method":"dumpWindowHierarchy","params":[false,50]}
[Fastbot][2026-06-19 03:52:49.519] --> END POST (75-byte body)
[Fastbot][2026-06-19 03:52:49.572] <-- 200 OK  http://127.0.0.1:9008/jsonrpc/0 (53ms)
[Fastbot][2026-06-19 03:52:49.572] Content-Type: application/json
[Fastbot][2026-06-19 03:52:49.572] Date: Fri, 19 Jun 2026 03:52:49 GMT
[Fastbot][2026-06-19 03:52:49.572] Connection: keep-alive
[Fastbot][2026-06-19 03:52:49.572] Transfer-Encoding: chunked
[Fastbot][2026-06-19 03:52:49.577] 
[Fastbot][2026-06-19 03:52:49.577] {"jsonrpc":"2.0","id":1,"result":"<?xml version='1.0' encoding='UTF-8' standalone='yes' ?>\r\n<hierarchy rotation=\"0\">\r\n  <node index=\"0\" text=\"\" resource-id=\"\" class=\"android.widget.FrameLayout\" package=\"com.android.systemui\" content-desc=\"\" checkable=\"false\" checked=\"false\" cli...[truncated]
[Fastbot][2026-06-19 03:52:49.577] <-- END HTTP (59119-byte body)
[Fastbot][2026-06-19 03:52:49.609] [ProxyServer] stepsCount: 23
[Fastbot][2026-06-19 03:52:49.609] [ProxyServer] receive request: stepMonkey
[Fastbot][2026-06-19 03:52:49.612] [MonkeySourceApeU2] stepsCount: 23
[Fastbot][2026-06-19 03:52:49.612] [MonkeySourceApeU2] Latest event is MonkeyEvent. Use the cached hierarchy.
[Fastbot][2026-06-19 03:52:49.613] [MonkeySourceApeU2] Successfully Got hierarchy
[Fastbot][2026-06-19 03:52:49.615] // Event id: 216
[Fastbot][2026-06-19 03:52:49.616] topActivity Name: ComponentInfo{net.gsantner.markor_test/net.gsantner.markor.activity.MainActivity}
[Fastbot][2026-06-19 03:52:49.616] // Dumped stringOfGuiTree
[Fastbot][2026-06-19 03:52:49.616] topActivityName: net.gsantner.markor.activity.MainActivity
[Fastbot][2026-06-19 03:52:49.618] action type: CLICK
[Fastbot][2026-06-19 03:52:49.618] rpc cost time: 2
[Fastbot]*** WARNING *** checkVirtualKeyboard: Input only once.
[Fastbot][2026-06-19 03:52:49.619] :Sending rotation degree=0, persist=false
[Fastbot][2026-06-19 03:52:49.624] :Sending Touch (ACTION_DOWN): 0:(659.0,194.0)
[Fastbot][2026-06-19 03:52:49.629] :Sending Touch (ACTION_UP): 0:(659.0,194.0)
[Fastbot][2026-06-19 03:52:49.632] Sleeping for 276 milliseconds
[Fastbot][2026-06-19 03:52:49.910] [ProxyServer] Finish monkey step. Dumping hierarchy
[Fastbot][2026-06-19 03:52:49.911] --> POST http://127.0.0.1:9008/jsonrpc/0
[Fastbot][2026-06-19 03:52:49.911] Content-Type: application/json; charset=utf-8
[Fastbot][2026-06-19 03:52:49.911] Content-Length: 75
[Fastbot][2026-06-19 03:52:49.911] 
[Fastbot][2026-06-19 03:52:49.911] {"id":1,"jsonrpc":"2.0","method":"dumpWindowHierarchy","params":[false,50]}
[Fastbot][2026-06-19 03:52:49.911] --> END POST (75-byte body)
[Fastbot][2026-06-19 03:52:49.945] <-- 200 OK  http://127.0.0.1:9008/jsonrpc/0 (33ms)
[Fastbot][2026-06-19 03:52:49.945] Content-Type: application/json
[Fastbot][2026-06-19 03:52:49.945] Date: Fri, 19 Jun 2026 03:52:49 GMT
[Fastbot][2026-06-19 03:52:49.945] Connection: keep-alive
[Fastbot][2026-06-19 03:52:49.945] Transfer-Encoding: chunked
[Fastbot][2026-06-19 03:52:49.949] 
[Fastbot][2026-06-19 03:52:49.949] {"jsonrpc":"2.0","id":1,"result":"<?xml version='1.0' encoding='UTF-8' standalone='yes' ?>\r\n<hierarchy rotation=\"0\">\r\n  <node index=\"0\" text=\"\" resource-id=\"\" class=\"android.widget.FrameLayout\" package=\"com.android.systemui\" content-desc=\"\" checkable=\"false\" checked=\"false\" cli...[truncated]
[Fastbot][2026-06-19 03:52:49.949] <-- END HTTP (59119-byte body)
[Fastbot][2026-06-19 03:52:50.002] [ProxyServer] stepsCount: 24
[Fastbot][2026-06-19 03:52:50.003] [ProxyServer] receive request: stepMonkey
[Fastbot][2026-06-19 03:52:50.003] [MonkeySourceApeU2] stepsCount: 24
[Fastbot][2026-06-19 03:52:50.003] [MonkeySourceApeU2] Latest event is MonkeyEvent. Use the cached hierarchy.
[Fastbot][2026-06-19 03:52:50.003] [MonkeySourceApeU2] Successfully Got hierarchy
[Fastbot][2026-06-19 03:52:50.005] // Event id: 220
[Fastbot][2026-06-19 03:52:50.006] topActivity Name: ComponentInfo{net.gsantner.markor_test/net.gsantner.markor.activity.MainActivity}
[Fastbot][2026-06-19 03:52:50.006] // Dumped stringOfGuiTree
[Fastbot][2026-06-19 03:52:50.006] topActivityName: net.gsantner.markor.activity.MainActivity
[Fastbot][2026-06-19 03:52:50.009] action type: LONG_CLICK
[Fastbot][2026-06-19 03:52:50.009] rpc cost time: 3
[Fastbot][2026-06-19 03:52:50.010] :Sending rotation degree=0, persist=false
[Fastbot][2026-06-19 03:52:50.017] :Sending Touch (ACTION_DOWN): 0:(995.0,263.0)
[Fastbot][2026-06-19 03:52:50.019] Wait Event for 1000 milliseconds
[Fastbot][2026-06-19 03:52:51.021] Events injected: 199
[Fastbot][2026-06-19 03:52:51.021] // Monkey is over!
[Fastbot][2026-06-19 03:52:51.021] :Sending rotation degree=0, persist=false
[Fastbot][2026-06-19 03:52:51.034] Total app activities:
[Fastbot][2026-06-19 03:52:51.034]    1 net.gsantner.markor.activity.IntroActivity
[Fastbot][2026-06-19 03:52:51.034]    2 net.gsantner.markor.activity.DocumentActivity
[Fastbot][2026-06-19 03:52:51.034]    3 net.gsantner.markor.activity.ActionOrderActivity
[Fastbot][2026-06-19 03:52:51.034]    4 net.gsantner.markor.activity.openeditor.OpenEditorFromShortcutOrWidgetActivity
[Fastbot][2026-06-19 03:52:51.034]    5 net.gsantner.markor.activity.MainActivity
[Fastbot][2026-06-19 03:52:51.034]    6 net.gsantner.markor.activity.SettingsActivity
[Fastbot][2026-06-19 03:52:51.034]    7 other.writeily.widget.WrWidgetConfigure
[Fastbot][2026-06-19 03:52:51.034] Explored app activities:
[Fastbot][2026-06-19 03:52:51.034]    1 net.gsantner.markor.activity.DocumentActivity
[Fastbot][2026-06-19 03:52:51.034]    2 net.gsantner.markor.activity.MainActivity
[Fastbot][2026-06-19 03:52:51.034] Activity of Coverage: 28.57143%
[Fastbot]*** ERROR *** findMethod() error, NoSuchMethodException happened, there is no such method: setActivityController
:Dropped: keys=0 pointers=0 trackballs=0 flips=0 rotations=0
[Fastbot][2026-06-19 03:52:51.036] // Monkey finished
