▄▄▄▄▄▄▄▄▄▄▄  ▄▄▄▄▄▄▄▄▄▄▄  ▄▄▄▄▄▄▄▄▄▄▄  ▄▄▄▄▄▄▄▄▄▄▄  ▄▄▄▄▄▄▄▄▄▄   ▄▄▄▄▄▄▄▄▄▄▄  ▄▄▄▄▄▄▄▄▄▄▄ 
▐░░░░░░░░░░░▌▐░░░░░░░░░░░▌▐░░░░░░░░░░░▌▐░░░░░░░░░░░▌▐░░░░░░░░░░▌ ▐░░░░░░░░░░░▌▐░░░░░░░░░░░▌
▐░█▀▀▀▀▀▀▀▀▀ ▐░█▀▀▀▀▀▀▀█░▌▐░█▀▀▀▀▀▀▀▀▀  ▀▀▀▀█░█▀▀▀▀ ▐░█▀▀▀▀▀▀▀█░▌▐░█▀▀▀▀▀▀▀█░▌ ▀▀▀▀█░█▀▀▀▀ 
▐░▌          ▐░▌       ▐░▌▐░▌               ▐░▌     ▐░▌       ▐░▌▐░▌       ▐░▌     ▐░▌     
▐░█▄▄▄▄▄▄▄▄▄ ▐░█▄▄▄▄▄▄▄█░▌▐░█▄▄▄▄▄▄▄▄▄      ▐░▌     ▐░█▄▄▄▄▄▄▄█░▌▐░▌       ▐░▌     ▐░▌     
▐░░░░░░░░░░░▌▐░░░░░░░░░░░▌▐░░░░░░░░░░░▌     ▐░▌     ▐░░░░░░░░░░▌ ▐░▌       ▐░▌     ▐░▌     
▐░█▀▀▀▀▀▀▀▀▀ ▐░█▀▀▀▀▀▀▀█░▌ ▀▀▀▀▀▀▀▀▀█░▌     ▐░▌     ▐░█▀▀▀▀▀▀▀█░▌▐░▌       ▐░▌     ▐░▌     
▐░▌          ▐░▌       ▐░▌          ▐░▌     ▐░▌     ▐░▌       ▐░▌▐░▌       ▐░▌     ▐░▌     
▐░▌          ▐░▌       ▐░▌ ▄▄▄▄▄▄▄▄▄█░▌     ▐░▌     ▐░█▄▄▄▄▄▄▄█░▌▐░█▄▄▄▄▄▄▄█░▌     ▐░▌     
▐░▌          ▐░▌       ▐░▌▐░░░░░░░░░░░▌     ▐░▌     ▐░░░░░░░░░░▌ ▐░░░░░░░░░░░▌     ▐░▌     
 ▀            ▀         ▀  ▀▀▀▀▀▀▀▀▀▀▀       ▀       ▀▀▀▀▀▀▀▀▀▀   ▀▀▀▀▀▀▀▀▀▀▀       ▀
[Fastbot][2026-06-19 04:11:46.918]  @Version: 2.3.23.0810.1705-git
[Fastbot][2026-06-19 04:11:46.921] // Monkey: seed=1781895267781 count=1000


[Fastbot][2026-06-19 04:11:46.921] // AllowPackage: it.feio.android.omninotes.alpha
[Fastbot][2026-06-19 04:11:46.921] // IncludeCategory: android.intent.category.LAUNCHER
[Fastbot][2026-06-19 04:11:46.922] // IncludeCategory: android.intent.category.MONKEY
[Fastbot]*** ERROR *** findMethod() error, NoSuchMethodException happened, there is no such method: setActivityController
[Fastbot][2026-06-19 04:11:46.952] // Selecting main activities from category android.intent.category.LAUNCHER
[Fastbot][2026-06-19 04:11:46.952] //   - NOT USING main activity com.android.camera.CameraLauncher (from package com.android.camera2)
[Fastbot][2026-06-19 04:11:46.952] //   - NOT USING main activity com.google.android.apps.chrome.Main (from package com.android.chrome)
[Fastbot][2026-06-19 04:11:46.953] //   - NOT USING main activity com.android.contacts.activities.PeopleActivity (from package com.android.contacts)
[Fastbot][2026-06-19 04:11:46.953] //   - NOT USING main activity com.android.dialer.main.impl.MainActivity (from package com.android.dialer)
[Fastbot][2026-06-19 04:11:46.954] //   - NOT USING main activity com.android.settings.Settings (from package com.android.settings)
[Fastbot][2026-06-19 04:11:46.954] //   - NOT USING main activity com.android.vending.AssetBrowserActivity (from package com.android.vending)
[Fastbot][2026-06-19 04:11:46.955] //   - NOT USING main activity com.google.android.apps.docs.app.NewMainProxyActivity (from package com.google.android.apps.docs)
[Fastbot][2026-06-19 04:11:46.955] //   - NOT USING main activity com.google.android.maps.MapsActivity (from package com.google.android.apps.maps)
[Fastbot][2026-06-19 04:11:46.955] //   - NOT USING main activity com.google.android.apps.messaging.ui.ConversationListActivity (from package com.google.android.apps.messaging)
[Fastbot][2026-06-19 04:11:46.956] //   - NOT USING main activity com.google.android.apps.photos.home.HomeActivity (from package com.google.android.apps.photos)
[Fastbot][2026-06-19 04:11:46.956] //   - NOT USING main activity com.google.android.apps.tachyon.MainActivity (from package com.google.android.apps.tachyon)
[Fastbot][2026-06-19 04:11:46.956] //   - NOT USING main activity com.android.calendar.AllInOneActivity (from package com.google.android.calendar)
[Fastbot][2026-06-19 04:11:46.956] //   - NOT USING main activity com.android.deskclock.DeskClock (from package com.google.android.deskclock)
[Fastbot][2026-06-19 04:11:46.956] //   - NOT USING main activity com.google.android.gm.ConversationListActivityGmail (from package com.google.android.gm)
[Fastbot][2026-06-19 04:11:46.957] //   - NOT USING main activity com.android.music.activitymanagement.TopLevelActivity (from package com.google.android.music)
[Fastbot][2026-06-19 04:11:46.957] //   - NOT USING main activity com.google.android.youtube.videos.EntryPoint (from package com.google.android.videos)
[Fastbot][2026-06-19 04:11:46.957] //   - NOT USING main activity com.google.android.youtube.app.honeycomb.Shell$HomeActivity (from package com.google.android.youtube)
[Fastbot][2026-06-19 04:11:46.957] //   - NOT USING main activity de.danoeh.antennapod.activity.SplashActivity (from package de.danoeh.antennapod.debug)
[Fastbot][2026-06-19 04:11:46.958] //   - NOT USING main activity com.android.documentsui.LauncherActivity (from package com.android.documentsui)
[Fastbot][2026-06-19 04:11:46.958] //   - NOT USING main activity com.google.android.apps.wallpaper.picker.CategoryPickerActivity (from package com.google.android.apps.wallpaper)
[Fastbot][2026-06-19 04:11:46.958] //   - NOT USING main activity com.google.android.googlequicksearchbox.VoiceSearchActivity (from package com.google.android.googlequicksearchbox)
[Fastbot][2026-06-19 04:11:46.958] //   - NOT USING main activity com.google.android.googlequicksearchbox.SearchActivity (from package com.google.android.googlequicksearchbox)
[Fastbot][2026-06-19 04:11:46.959] //   - NOT USING main activity com.amaze.filemanager.ui.activities.MainActivity (from package com.amaze.filemanager.debug)
[Fastbot][2026-06-19 04:11:46.959] //   - NOT USING main activity com.github.uiautomator.MainActivity (from package com.github.uiautomator)
[Fastbot][2026-06-19 04:11:46.959] //   - NOT USING main activity com.ichi2.anki.IntentHandler (from package com.ichi2.anki.debug)
[Fastbot][2026-06-19 04:11:46.959] //   - NOT USING main activity leakcanary.internal.activity.LeakLauncherActivity (from package com.ichi2.anki.debug)
[Fastbot][2026-06-19 04:11:46.960] //   - NOT USING main activity de.rampro.activitydiary.ui.main.MainActivity (from package de.rampro.activitydiary.debug)
[Fastbot][2026-06-19 04:11:46.960] //   - NOT USING main activity fr.free.nrw.commons.auth.LoginActivity (from package fr.free.nrw.commons)
[Fastbot][2026-06-19 04:11:46.960] //   - NOT USING main activity it.feio.android.omninotes.MainActivity (from package it.feio.android.omninotes)
[Fastbot][2026-06-19 04:11:46.960] //   + Using main activity it.feio.android.omninotes.MainActivity (from package it.feio.android.omninotes.alpha)
[Fastbot][2026-06-19 04:11:46.960] //   - NOT USING main activity itkach.aard2.MainActivity (from package itkach.aard2)
[Fastbot][2026-06-19 04:11:46.960] //   - NOT USING main activity net.bible.android.activity.StartupActivity (from package net.bible.android.activity)
[Fastbot][2026-06-19 04:11:46.960] //   - NOT USING main activity net.programmierecke.radiodroid2.ActivityMain (from package net.programmierecke.radiodroid2)
[Fastbot][2026-06-19 04:11:46.961] //   - NOT USING main activity com.todoroo.astrid.activity.TaskListActivity (from package org.tasks)
[Fastbot][2026-06-19 04:11:46.961] //   - NOT USING main activity org.wikipedia.main.MainActivity (from package org.wikipedia.alpha)
[Fastbot][2026-06-19 04:11:46.964] // Selecting main activities from category android.intent.category.MONKEY
[Fastbot][2026-06-19 04:11:46.964] //   - NOT USING main activity com.android.settings.Settings$RunningServicesActivity (from package com.android.settings)
[Fastbot][2026-06-19 04:11:46.964] //   - NOT USING main activity com.android.settings.Settings$StorageUseActivity (from package com.android.settings)
[Fastbot][2026-06-19 04:11:46.964] //   - NOT USING main activity com.google.android.apps.nexuslauncher.NexusLauncherActivity (from package com.google.android.apps.nexuslauncher)
[Fastbot][2026-06-19 04:11:46.964] //   - NOT USING main activity com.google.android.googlequicksearchbox.SearchActivity (from package com.google.android.googlequicksearchbox)
[Fastbot][2026-06-19 04:11:49.966] // phone info： Google_Android SDK built for x86_10
[Fastbot][2026-06-19 04:11:49.966] // runing fastbot-U2
[Fastbot][2026-06-19 04:11:49.970] InputMethod ID: com.google.android.inputmethod.latin/com.android.inputmethod.latin.LatinIME
[Fastbot][2026-06-19 04:11:49.970] InputMethod ID: com.google.android.googlequicksearchbox/com.google.android.voicesearch.ime.VoiceInputMethodService
[Fastbot][2026-06-19 04:11:49.984] // device serial number is EMULATOR36X3X10X0
[Fastbot][2026-06-19 04:11:49.985] [MonkeySourceApeU2] ProfilePeriod: 25
[Fastbot][2026-06-19 04:11:50.033] --> GET http://127.0.0.1:9008/ping
[Fastbot][2026-06-19 04:11:50.033] --> END GET
[Fastbot][2026-06-19 04:11:50.046] <-- 200 OK  http://127.0.0.1:9008/ping (12ms)
[Fastbot][2026-06-19 04:11:50.046] Content-Type: text/html
[Fastbot][2026-06-19 04:11:50.046] Date: Fri, 19 Jun 2026 08:11:50 GMT
[Fastbot][2026-06-19 04:11:50.046] Connection: keep-alive
[Fastbot][2026-06-19 04:11:50.046] Transfer-Encoding: chunked
[Fastbot][2026-06-19 04:11:50.048] 
[Fastbot][2026-06-19 04:11:50.048] pong
[Fastbot][2026-06-19 04:11:50.048] <-- END HTTP (4-byte body)
[Fastbot][2026-06-19 04:11:52.050] --> GET http://127.0.0.1:9008/ping
[Fastbot][2026-06-19 04:11:52.050] --> END GET
[Fastbot][2026-06-19 04:11:52.052] <-- 200 OK  http://127.0.0.1:9008/ping (2ms)
[Fastbot][2026-06-19 04:11:52.053] Content-Type: text/html
[Fastbot][2026-06-19 04:11:52.053] Date: Fri, 19 Jun 2026 08:11:52 GMT
[Fastbot][2026-06-19 04:11:52.053] Connection: keep-alive
[Fastbot][2026-06-19 04:11:52.053] Transfer-Encoding: chunked
[Fastbot][2026-06-19 04:11:52.054] 
[Fastbot][2026-06-19 04:11:52.054] pong
[Fastbot][2026-06-19 04:11:52.054] <-- END HTTP (4-byte body)
[Fastbot][2026-06-19 04:11:52.054] // device uuid is bfcc207e-88e3-4899-826e-342cd998a52c
[Fastbot][2026-06-19 04:11:52.070] [MonkeySourceApeU2] proxyServer started. Listening tcp:8090
[Fastbot][2026-06-19 04:11:52.291] // init with reuse agent
[Fastbot][2026-06-19 04:11:52.294] fastbot native : library load!
[Fastbot][2026-06-19 04:11:52.294] fastbot native path is : /data/local/tmp/x86/libfastbot_native.so
[Fastbot][2026-06-19 04:11:52.295] --> GET http://127.0.0.1:9008/ping
[Fastbot][2026-06-19 04:11:52.295] --> END GET
[Fastbot][2026-06-19 04:11:52.297] <-- 200 OK  http://127.0.0.1:9008/ping (1ms)
[Fastbot][2026-06-19 04:11:52.297] Content-Type: text/html
[Fastbot][2026-06-19 04:11:52.297] Date: Fri, 19 Jun 2026 08:11:52 GMT
[Fastbot][2026-06-19 04:11:52.297] Connection: keep-alive
[Fastbot][2026-06-19 04:11:52.298] Transfer-Encoding: chunked
[Fastbot][2026-06-19 04:11:52.299] 
[Fastbot][2026-06-19 04:11:52.299] pong
[Fastbot][2026-06-19 04:11:52.299] <-- END HTTP (4-byte body)
[Fastbot][2026-06-19 04:11:52.300] Server validated
[Fastbot][2026-06-19 04:11:52.300] 

[Fastbot]*** ERROR *** findMethod() error, NoSuchMethodException happened, there is no such method: getTasks
[Fastbot][2026-06-19 04:11:52.301] // the top activity is com.google.android.apps.nexuslauncher.NexusLauncherActivity, not testing app, need inject restart app
[Fastbot][2026-06-19 04:11:52.304] Switch: #Intent;action=android.intent.action.MAIN;category=android.intent.category.LAUNCHER;launchFlags=0x10200000;component=it.feio.android.omninotes.alpha/it.feio.android.omninotes.MainActivity;end
[Fastbot][2026-06-19 04:11:52.306] // the top activity is it.feio.android.omninotes.MainActivity, phone capture activity is com.android.camera.CaptureActivity
[Fastbot][2026-06-19 04:11:52.306]     // Allowing start of Intent { act=android.intent.action.MAIN cat=[android.intent.category.LAUNCHER] cmp=it.feio.android.omninotes.alpha/it.feio.android.omninotes.MainActivity } in package it.feio.android.omninotes.alpha
[Fastbot][2026-06-19 04:11:52.315] // [Monkey] current activity is it.feio.android.omninotes.MainActivity
[Fastbot][2026-06-19 04:11:52.326] Sleeping for 2000 milliseconds
[Fastbot][2026-06-19 04:11:53.944] [Proxy Server] Forwarding
[Fastbot][2026-06-19 04:11:53.944] --> GET http://127.0.0.1:9008/ping
[Fastbot][2026-06-19 04:11:53.944] --> END GET
[Fastbot][2026-06-19 04:11:53.946] <-- 200 OK  http://127.0.0.1:9008/ping (2ms)
[Fastbot][2026-06-19 04:11:53.947] Content-Type: text/html
[Fastbot][2026-06-19 04:11:53.947] Date: Fri, 19 Jun 2026 08:11:53 GMT
[Fastbot][2026-06-19 04:11:53.947] Connection: keep-alive
[Fastbot][2026-06-19 04:11:53.947] Transfer-Encoding: chunked
[Fastbot][2026-06-19 04:11:53.948] 
[Fastbot][2026-06-19 04:11:53.948] pong
[Fastbot][2026-06-19 04:11:53.948] <-- END HTTP (4-byte body)
[Fastbot][2026-06-19 04:11:53.968] Init: 
[Fastbot][2026-06-19 04:11:53.969]     takeScreenshots: false
[Fastbot][2026-06-19 04:11:53.969]     preFailureScreenshots: 0
[Fastbot][2026-06-19 04:11:53.969]     postFailureScreenshots: 0
[Fastbot][2026-06-19 04:11:53.969]     logStamp: 2026061916_1145768838
[Fastbot][2026-06-19 04:11:53.969]     outputDir: /sdcard/output_2026061916_1145768838
[Fastbot][2026-06-19 04:11:53.969] take all screenshots.
[Fastbot][2026-06-19 04:11:54.003] [ProxyServer] stepsCount: 1
[Fastbot][2026-06-19 04:11:54.003] [ProxyServer] receive request: stepMonkey
[Fastbot][2026-06-19 04:11:54.328] [MonkeySourceApeU2] stepsCount: 1
[Fastbot][2026-06-19 04:11:54.330] --> POST http://127.0.0.1:9008/jsonrpc/0
[Fastbot][2026-06-19 04:11:54.330] Content-Type: application/json; charset=utf-8
[Fastbot][2026-06-19 04:11:54.330] Content-Length: 75
[Fastbot][2026-06-19 04:11:54.331] 
[Fastbot][2026-06-19 04:11:54.331] {"id":1,"jsonrpc":"2.0","method":"dumpWindowHierarchy","params":[false,50]}
[Fastbot][2026-06-19 04:11:54.332] --> END POST (75-byte body)
[Fastbot][2026-06-19 04:11:54.384] <-- 200 OK  http://127.0.0.1:9008/jsonrpc/0 (52ms)
[Fastbot][2026-06-19 04:11:54.385] Content-Type: application/json
[Fastbot][2026-06-19 04:11:54.385] Date: Fri, 19 Jun 2026 08:11:54 GMT
[Fastbot][2026-06-19 04:11:54.385] Connection: keep-alive
[Fastbot][2026-06-19 04:11:54.386] Transfer-Encoding: chunked
[Fastbot][2026-06-19 04:11:54.387] 
[Fastbot][2026-06-19 04:11:54.387] {"jsonrpc":"2.0","id":1,"result":"<?xml version='1.0' encoding='UTF-8' standalone='yes' ?>\r\n<hierarchy rotation=\"0\">\r\n  <node index=\"0\" text=\"\" resource-id=\"\" class=\"android.widget.FrameLayout\" package=\"it.feio.android.omninotes.alpha\" content-desc=\"\" checkable=\"false\" checked=\"...[truncated]
[Fastbot][2026-06-19 04:11:54.387] <-- END HTTP (34247-byte body)
[Fastbot][2026-06-19 04:11:54.394] [MonkeySourceApeU2] Successfully Got hierarchy
[Fastbot][2026-06-19 04:11:54.408] // Event id: 3
[Fastbot][2026-06-19 04:11:54.409] topActivity Name: ComponentInfo{it.feio.android.omninotes.alpha/it.feio.android.omninotes.MainActivity}
[Fastbot][2026-06-19 04:11:54.409] // Dumped stringOfGuiTree
[Fastbot][2026-06-19 04:11:54.409] topActivityName: it.feio.android.omninotes.MainActivity
[Fastbot][2026-06-19 04:11:54.416] action type: CLICK
[Fastbot][2026-06-19 04:11:54.416] rpc cost time: 7
[Fastbot][2026-06-19 04:11:54.430]   mshowrequested=false mshowexplicitlyrequested=false mshowforced=false minputshown=false
[Fastbot][2026-06-19 04:11:54.430] mInputShown not found, getInputMethodWindowVisibleHeight is used.
java.lang.NullPointerException: Attempt to read from field 'com.android.server.wm.DisplayFrames com.android.server.wm.DisplayContent.mDisplayFrames' on a null object reference
	at android.os.Parcel.createException(Parcel.java:2077)
	at android.os.Parcel.readException(Parcel.java:2039)
	at android.os.Parcel.readException(Parcel.java:1987)
	at com.android.internal.view.IInputMethodManager$Stub$Proxy.getInputMethodWindowVisibleHeight(IInputMethodManager.java:809)
	at android.view.inputmethod.InputMethodManager.getInputMethodWindowVisibleHeight(InputMethodManager.java:2844)
	at com.android.commands.monkey.framework.AndroidDevice.isVirtualKeyboardOpened(AndroidDevice.java:217)
	at com.android.commands.monkey.source.MonkeySourceApeU2.doInput(MonkeySourceApeU2.java:1018)
	at com.android.commands.monkey.source.MonkeySourceApeU2.generateEventsForActionInternal(MonkeySourceApeU2.java:945)
	at com.android.commands.monkey.source.MonkeySourceApeU2.generateEventsForAction(MonkeySourceApeU2.java:907)
	at com.android.commands.monkey.source.MonkeySourceApeU2.generateEvents(MonkeySourceApeU2.java:827)
	at com.android.commands.monkey.source.MonkeySourceApeU2.getNextEvent(MonkeySourceApeU2.java:422)
	at com.android.commands.monkey.Monkey.runMonkeyCycles(Monkey.java:1576)
	at com.android.commands.monkey.Monkey.run(Monkey.java:874)
	at com.android.commands.monkey.Monkey.main(Monkey.java:473)
	at com.android.internal.os.RuntimeInit.nativeFinishInit(Native Method)[Fastbot][2026-06-19 04:11:54.432] :Sending rotation degree=0, persist=false

	at com.android.internal.os.RuntimeInit.main(RuntimeInit.java:338)
Caused by: android.os.RemoteException: Remote stack trace:
	at com.android.server.wm.WindowManagerService$LocalService.getInputMethodWindowVisibleHeight(WindowManagerService.java:7310)
	at com.android.server.inputmethod.InputMethodManagerService.getInputMethodWindowVisibleHeight(InputMethodManagerService.java:3467)
	at com.android.internal.view.IInputMethodManager$Stub.onTransact(IInputMethodManager.java:413)
	at com.android.server.inputmethod.InputMethodManagerService.onTransact(InputMethodManagerService.java:1592)
	at android.os.Binder.execTransactInternal(Binder.java:1021)

[Fastbot][2026-06-19 04:11:54.436] :Sending Touch (ACTION_DOWN): 0:(920.0,236.0)
[Fastbot][2026-06-19 04:11:54.438] :Sending Touch (ACTION_UP): 0:(920.0,236.0)
[Fastbot][2026-06-19 04:11:54.440] Sleeping for 200 milliseconds
[Fastbot][2026-06-19 04:11:54.654] [ProxyServer] Finish monkey step. Dumping hierarchy
[Fastbot][2026-06-19 04:11:54.654] --> POST http://127.0.0.1:9008/jsonrpc/0
[Fastbot][2026-06-19 04:11:54.654] Content-Type: application/json; charset=utf-8
[Fastbot][2026-06-19 04:11:54.654] Content-Length: 75
[Fastbot][2026-06-19 04:11:54.654] 
[Fastbot][2026-06-19 04:11:54.655] {"id":1,"jsonrpc":"2.0","method":"dumpWindowHierarchy","params":[false,50]}
[Fastbot][2026-06-19 04:11:54.655] --> END POST (75-byte body)
[Fastbot][2026-06-19 04:11:54.797] <-- 200 OK  http://127.0.0.1:9008/jsonrpc/0 (142ms)
[Fastbot][2026-06-19 04:11:54.797] Content-Type: application/json
[Fastbot][2026-06-19 04:11:54.797] Date: Fri, 19 Jun 2026 08:11:54 GMT
[Fastbot][2026-06-19 04:11:54.797] Connection: keep-alive
[Fastbot][2026-06-19 04:11:54.797] Transfer-Encoding: chunked
[Fastbot][2026-06-19 04:11:54.798] 
[Fastbot][2026-06-19 04:11:54.799] {"jsonrpc":"2.0","id":1,"result":"<?xml version='1.0' encoding='UTF-8' standalone='yes' ?>\r\n<hierarchy rotation=\"0\">\r\n  <node index=\"0\" text=\"\" resource-id=\"\" class=\"android.widget.FrameLayout\" package=\"it.feio.android.omninotes.alpha\" content-desc=\"\" checkable=\"false\" checked=\"...[truncated]
[Fastbot][2026-06-19 04:11:54.801] <-- END HTTP (27203-byte body)
[Fastbot][2026-06-19 04:11:54.860] [ProxyServer] stepsCount: 2
[Fastbot][2026-06-19 04:11:54.860] [ProxyServer] receive request: stepMonkey
[Fastbot][2026-06-19 04:11:54.861] [MonkeySourceApeU2] stepsCount: 2
[Fastbot][2026-06-19 04:11:54.862] [MonkeySourceApeU2] Latest event is MonkeyEvent. Use the cached hierarchy.
[Fastbot][2026-06-19 04:11:54.862] [MonkeySourceApeU2] Successfully Got hierarchy
[Fastbot][2026-06-19 04:11:54.865] // Event id: 7
[Fastbot][2026-06-19 04:11:54.865] topActivity Name: ComponentInfo{it.feio.android.omninotes.alpha/it.feio.android.omninotes.MainActivity}
[Fastbot][2026-06-19 04:11:54.865] // Dumped stringOfGuiTree
[Fastbot][2026-06-19 04:11:54.865] topActivityName: it.feio.android.omninotes.MainActivity
[Fastbot][2026-06-19 04:11:54.869] action type: SCROLL_BOTTOM_UP
[Fastbot][2026-06-19 04:11:54.869] rpc cost time: 4
[Fastbot][2026-06-19 04:11:54.870] :Sending rotation degree=0, persist=false
[Fastbot][2026-06-19 04:11:54.875] :Sending Touch (ACTION_DOWN): 0:(729.0,408.0)
[Fastbot][2026-06-19 04:11:54.876] :Sending Touch (ACTION_MOVE): 0:(729.0,408.0)
[Fastbot][2026-06-19 04:11:54.878] Wait Event for 20 milliseconds
[Fastbot][2026-06-19 04:11:54.907] :Sending Touch (ACTION_MOVE): 0:(729.0,373.8)
[Fastbot][2026-06-19 04:11:54.909] Wait Event for 20 milliseconds
[Fastbot][2026-06-19 04:11:54.931] :Sending Touch (ACTION_MOVE): 0:(729.0,339.6)
[Fastbot][2026-06-19 04:11:54.934] Wait Event for 20 milliseconds
[Fastbot][2026-06-19 04:11:54.957] :Sending Touch (ACTION_MOVE): 0:(729.0,305.4)
[Fastbot][2026-06-19 04:11:54.958] Wait Event for 20 milliseconds
[Fastbot][2026-06-19 04:11:54.982] :Sending Touch (ACTION_MOVE): 0:(729.0,271.2)
[Fastbot][2026-06-19 04:11:54.985] Wait Event for 20 milliseconds
[Fastbot][2026-06-19 04:11:55.007] :Sending Touch (ACTION_MOVE): 0:(729.0,237.0)
[Fastbot][2026-06-19 04:11:55.009] Wait Event for 20 milliseconds
[Fastbot][2026-06-19 04:11:55.031] :Sending Touch (ACTION_MOVE): 0:(729.0,202.79999)
[Fastbot][2026-06-19 04:11:55.033] Wait Event for 20 milliseconds
[Fastbot][2026-06-19 04:11:55.055] :Sending Touch (ACTION_MOVE): 0:(729.0,168.6)
[Fastbot][2026-06-19 04:11:55.056] Wait Event for 20 milliseconds
[Fastbot][2026-06-19 04:11:55.078] :Sending Touch (ACTION_MOVE): 0:(729.0,134.4)
[Fastbot][2026-06-19 04:11:55.079] Wait Event for 20 milliseconds
[Fastbot][2026-06-19 04:11:55.102] :Sending Touch (ACTION_MOVE): 0:(729.0,100.20001)
[Fastbot][2026-06-19 04:11:55.102] Wait Event for 20 milliseconds
[Fastbot][2026-06-19 04:11:55.124] :Sending Touch (ACTION_UP): 0:(729.0,82.0)
[Fastbot][2026-06-19 04:11:55.126] Sleeping for 285 milliseconds
[Fastbot][2026-06-19 04:11:55.414] [ProxyServer] Finish monkey step. Dumping hierarchy
[Fastbot][2026-06-19 04:11:55.414] --> POST http://127.0.0.1:9008/jsonrpc/0
[Fastbot][2026-06-19 04:11:55.415] Content-Type: application/json; charset=utf-8
[Fastbot][2026-06-19 04:11:55.416] Content-Length: 75
[Fastbot][2026-06-19 04:11:55.416] 
[Fastbot][2026-06-19 04:11:55.416] {"id":1,"jsonrpc":"2.0","method":"dumpWindowHierarchy","params":[false,50]}
[Fastbot][2026-06-19 04:11:55.417] --> END POST (75-byte body)
[Fastbot][2026-06-19 04:11:55.455] <-- 200 OK  http://127.0.0.1:9008/jsonrpc/0 (38ms)
[Fastbot][2026-06-19 04:11:55.455] Content-Type: application/json
[Fastbot][2026-06-19 04:11:55.455] Date: Fri, 19 Jun 2026 08:11:55 GMT
[Fastbot][2026-06-19 04:11:55.455] Connection: keep-alive
[Fastbot][2026-06-19 04:11:55.455] Transfer-Encoding: chunked
[Fastbot][2026-06-19 04:11:55.457] 
[Fastbot][2026-06-19 04:11:55.457] {"jsonrpc":"2.0","id":1,"result":"<?xml version='1.0' encoding='UTF-8' standalone='yes' ?>\r\n<hierarchy rotation=\"0\">\r\n  <node index=\"0\" text=\"\" resource-id=\"\" class=\"android.widget.FrameLayout\" package=\"it.feio.android.omninotes.alpha\" content-desc=\"\" checkable=\"false\" checked=\"...[truncated]
[Fastbot][2026-06-19 04:11:55.457] <-- END HTTP (31716-byte body)
[Fastbot][2026-06-19 04:11:55.497] [ProxyServer] stepsCount: 3
[Fastbot][2026-06-19 04:11:55.498] [ProxyServer] receive request: stepMonkey
[Fastbot][2026-06-19 04:11:55.498] [MonkeySourceApeU2] stepsCount: 3
[Fastbot][2026-06-19 04:11:55.498] [MonkeySourceApeU2] Latest event is MonkeyEvent. Use the cached hierarchy.
[Fastbot][2026-06-19 04:11:55.498] [MonkeySourceApeU2] Successfully Got hierarchy
[Fastbot][2026-06-19 04:11:55.500] // Event id: 31
[Fastbot][2026-06-19 04:11:55.500] topActivity Name: ComponentInfo{it.feio.android.omninotes.alpha/it.feio.android.omninotes.MainActivity}
[Fastbot][2026-06-19 04:11:55.501] // Dumped stringOfGuiTree
[Fastbot][2026-06-19 04:11:55.501] topActivityName: it.feio.android.omninotes.MainActivity
[Fastbot][2026-06-19 04:11:55.503] action type: SCROLL_TOP_DOWN
[Fastbot][2026-06-19 04:11:55.503] rpc cost time: 3
[Fastbot][2026-06-19 04:11:55.504] :Sending rotation degree=0, persist=false
[Fastbot][2026-06-19 04:11:55.509] :Sending Touch (ACTION_DOWN): 0:(729.0,408.0)
[Fastbot][2026-06-19 04:11:55.510] :Sending Touch (ACTION_MOVE): 0:(729.0,408.0)
[Fastbot][2026-06-19 04:11:55.512] Wait Event for 20 milliseconds
[Fastbot][2026-06-19 04:11:55.535] :Sending Touch (ACTION_MOVE): 0:(729.0,568.7)
[Fastbot][2026-06-19 04:11:55.539] Wait Event for 20 milliseconds
[Fastbot][2026-06-19 04:11:55.561] :Sending Touch (ACTION_MOVE): 0:(729.0,729.4)
[Fastbot][2026-06-19 04:11:55.562] Wait Event for 20 milliseconds
[Fastbot][2026-06-19 04:11:55.584] :Sending Touch (ACTION_MOVE): 0:(729.0,890.1)
[Fastbot][2026-06-19 04:11:55.584] Wait Event for 20 milliseconds
[Fastbot][2026-06-19 04:11:55.606] :Sending Touch (ACTION_MOVE): 0:(729.0,1050.8)
[Fastbot][2026-06-19 04:11:55.607] Wait Event for 20 milliseconds
[Fastbot][2026-06-19 04:11:55.630] :Sending Touch (ACTION_MOVE): 0:(729.0,1211.5)
[Fastbot][2026-06-19 04:11:55.631] Wait Event for 20 milliseconds
[Fastbot][2026-06-19 04:11:55.653] :Sending Touch (ACTION_MOVE): 0:(729.0,1372.2)
[Fastbot][2026-06-19 04:11:55.654] Wait Event for 20 milliseconds
[Fastbot][2026-06-19 04:11:55.676] :Sending Touch (ACTION_MOVE): 0:(729.0,1532.9)
[Fastbot][2026-06-19 04:11:55.677] Wait Event for 20 milliseconds
[Fastbot][2026-06-19 04:11:55.700] :Sending Touch (ACTION_MOVE): 0:(729.0,1693.6)
[Fastbot][2026-06-19 04:11:55.701] Wait Event for 20 milliseconds
[Fastbot][2026-06-19 04:11:55.723] :Sending Touch (ACTION_MOVE): 0:(729.0,1854.2999)
[Fastbot][2026-06-19 04:11:55.724] Wait Event for 20 milliseconds
[Fastbot][2026-06-19 04:11:55.746] :Sending Touch (ACTION_UP): 0:(729.0,2015.0)
[Fastbot][2026-06-19 04:11:55.747] Sleeping for 285 milliseconds
[Fastbot][2026-06-19 04:11:56.035] [ProxyServer] Finish monkey step. Dumping hierarchy
[Fastbot][2026-06-19 04:11:56.036] --> POST http://127.0.0.1:9008/jsonrpc/0
[Fastbot][2026-06-19 04:11:56.036] Content-Type: application/json; charset=utf-8
[Fastbot][2026-06-19 04:11:56.036] Content-Length: 75
[Fastbot][2026-06-19 04:11:56.036] 
[Fastbot][2026-06-19 04:11:56.036] {"id":1,"jsonrpc":"2.0","method":"dumpWindowHierarchy","params":[false,50]}
[Fastbot][2026-06-19 04:11:56.036] --> END POST (75-byte body)
[Fastbot][2026-06-19 04:11:56.069] <-- 200 OK  http://127.0.0.1:9008/jsonrpc/0 (32ms)
[Fastbot][2026-06-19 04:11:56.069] Content-Type: application/json
[Fastbot][2026-06-19 04:11:56.069] Date: Fri, 19 Jun 2026 08:11:56 GMT
[Fastbot][2026-06-19 04:11:56.070] Connection: keep-alive
[Fastbot][2026-06-19 04:11:56.070] Transfer-Encoding: chunked
[Fastbot][2026-06-19 04:11:56.071] 
[Fastbot][2026-06-19 04:11:56.072] {"jsonrpc":"2.0","id":1,"result":"<?xml version='1.0' encoding='UTF-8' standalone='yes' ?>\r\n<hierarchy rotation=\"0\">\r\n  <node index=\"0\" text=\"\" resource-id=\"\" class=\"android.widget.FrameLayout\" package=\"it.feio.android.omninotes.alpha\" content-desc=\"\" checkable=\"false\" checked=\"...[truncated]
[Fastbot][2026-06-19 04:11:56.072] <-- END HTTP (31716-byte body)
[Fastbot][2026-06-19 04:11:56.107] [ProxyServer] stepsCount: 4
[Fastbot][2026-06-19 04:11:56.107] [ProxyServer] receive request: stepMonkey
[Fastbot][2026-06-19 04:11:56.107] [MonkeySourceApeU2] stepsCount: 4
[Fastbot][2026-06-19 04:11:56.107] [MonkeySourceApeU2] Latest event is MonkeyEvent. Use the cached hierarchy.
[Fastbot][2026-06-19 04:11:56.108] [MonkeySourceApeU2] Successfully Got hierarchy
[Fastbot][2026-06-19 04:11:56.109] // Event id: 55
[Fastbot][2026-06-19 04:11:56.110] topActivity Name: ComponentInfo{it.feio.android.omninotes.alpha/it.feio.android.omninotes.MainActivity}
[Fastbot][2026-06-19 04:11:56.110] // Dumped stringOfGuiTree
[Fastbot][2026-06-19 04:11:56.110] topActivityName: it.feio.android.omninotes.MainActivity
[Fastbot][2026-06-19 04:11:56.112] action type: CLICK
[Fastbot][2026-06-19 04:11:56.112] rpc cost time: 2
[Fastbot]*** WARNING *** checkVirtualKeyboard: Input only once.
[Fastbot][2026-06-19 04:11:56.114] :Sending rotation degree=0, persist=false
[Fastbot][2026-06-19 04:11:56.118] :Sending Touch (ACTION_DOWN): 0:(919.0,266.0)
[Fastbot][2026-06-19 04:11:56.120] :Sending Touch (ACTION_UP): 0:(919.0,266.0)
[Fastbot][2026-06-19 04:11:56.124] Sleeping for 243 milliseconds
[Fastbot][2026-06-19 04:11:56.369] [ProxyServer] Finish monkey step. Dumping hierarchy
[Fastbot][2026-06-19 04:11:56.370] --> POST http://127.0.0.1:9008/jsonrpc/0
[Fastbot][2026-06-19 04:11:56.370] Content-Type: application/json; charset=utf-8
[Fastbot][2026-06-19 04:11:56.370] Content-Length: 75
[Fastbot][2026-06-19 04:11:56.370] 
[Fastbot][2026-06-19 04:11:56.370] {"id":1,"jsonrpc":"2.0","method":"dumpWindowHierarchy","params":[false,50]}
[Fastbot][2026-06-19 04:11:56.370] --> END POST (75-byte body)
[Fastbot][2026-06-19 04:11:56.416] <-- 200 OK  http://127.0.0.1:9008/jsonrpc/0 (45ms)
[Fastbot][2026-06-19 04:11:56.416] Content-Type: application/json
[Fastbot][2026-06-19 04:11:56.417] Date: Fri, 19 Jun 2026 08:11:56 GMT
[Fastbot][2026-06-19 04:11:56.417] Connection: keep-alive
[Fastbot][2026-06-19 04:11:56.417] Transfer-Encoding: chunked
[Fastbot][2026-06-19 04:11:56.418] 
[Fastbot][2026-06-19 04:11:56.418] {"jsonrpc":"2.0","id":1,"result":"<?xml version='1.0' encoding='UTF-8' standalone='yes' ?>\r\n<hierarchy rotation=\"0\">\r\n  <node index=\"0\" text=\"\" resource-id=\"\" class=\"android.widget.FrameLayout\" package=\"it.feio.android.omninotes.alpha\" content-desc=\"\" checkable=\"false\" checked=\"...[truncated]
[Fastbot][2026-06-19 04:11:56.418] <-- END HTTP (34247-byte body)
[Fastbot][2026-06-19 04:11:56.449] [ProxyServer] stepsCount: 5
[Fastbot][2026-06-19 04:11:56.449] [ProxyServer] receive request: stepMonkey
[Fastbot][2026-06-19 04:11:56.450] [MonkeySourceApeU2] stepsCount: 5
[Fastbot][2026-06-19 04:11:56.450] [MonkeySourceApeU2] Latest event is MonkeyEvent. Use the cached hierarchy.
[Fastbot][2026-06-19 04:11:56.458] [MonkeySourceApeU2] Successfully Got hierarchy
[Fastbot][2026-06-19 04:11:56.460] // Event id: 59
[Fastbot][2026-06-19 04:11:56.460] topActivity Name: ComponentInfo{it.feio.android.omninotes.alpha/it.feio.android.omninotes.MainActivity}
[Fastbot][2026-06-19 04:11:56.460] // Dumped stringOfGuiTree
[Fastbot][2026-06-19 04:11:56.460] topActivityName: it.feio.android.omninotes.MainActivity
[Fastbot][2026-06-19 04:11:56.462] action type: SCROLL_LEFT_RIGHT
[Fastbot][2026-06-19 04:11:56.462] rpc cost time: 2
[Fastbot][2026-06-19 04:11:56.463] :Sending rotation degree=0, persist=false
[Fastbot][2026-06-19 04:11:56.475] :Sending Touch (ACTION_DOWN): 0:(540.0,1008.0)
[Fastbot][2026-06-19 04:11:56.477] :Sending Touch (ACTION_MOVE): 0:(540.0,1008.0)
[Fastbot][2026-06-19 04:11:56.479] Wait Event for 20 milliseconds
[Fastbot][2026-06-19 04:11:56.503] :Sending Touch (ACTION_MOVE): 0:(593.9,1008.0)
[Fastbot][2026-06-19 04:11:56.513] Wait Event for 20 milliseconds
[Fastbot][2026-06-19 04:11:56.540] :Sending Touch (ACTION_MOVE): 0:(647.8,1008.0)
[Fastbot][2026-06-19 04:11:56.541] Wait Event for 20 milliseconds
[Fastbot][2026-06-19 04:11:56.563] :Sending Touch (ACTION_MOVE): 0:(701.7,1008.0)
[Fastbot][2026-06-19 04:11:56.564] Wait Event for 20 milliseconds
[Fastbot][2026-06-19 04:11:56.586] :Sending Touch (ACTION_MOVE): 0:(755.6,1008.0)
[Fastbot][2026-06-19 04:11:56.587] Wait Event for 20 milliseconds
[Fastbot][2026-06-19 04:11:56.609] :Sending Touch (ACTION_MOVE): 0:(809.5,1008.0)
[Fastbot][2026-06-19 04:11:56.611] Wait Event for 20 milliseconds
[Fastbot][2026-06-19 04:11:56.633] :Sending Touch (ACTION_MOVE): 0:(863.4,1008.0)
[Fastbot][2026-06-19 04:11:56.634] Wait Event for 20 milliseconds
[Fastbot][2026-06-19 04:11:56.656] :Sending Touch (ACTION_MOVE): 0:(917.3,1008.0)
[Fastbot][2026-06-19 04:11:56.657] Wait Event for 20 milliseconds
[Fastbot][2026-06-19 04:11:56.680] :Sending Touch (ACTION_MOVE): 0:(971.2,1008.0)
[Fastbot][2026-06-19 04:11:56.681] Wait Event for 20 milliseconds
[Fastbot][2026-06-19 04:11:56.703] :Sending Touch (ACTION_MOVE): 0:(1025.1,1008.0)
[Fastbot][2026-06-19 04:11:56.704] Wait Event for 20 milliseconds
[Fastbot][2026-06-19 04:11:56.726] :Sending Touch (ACTION_UP): 0:(1079.0,1008.0)
[Fastbot][2026-06-19 04:11:56.727] Sleeping for 283 milliseconds
[Fastbot][2026-06-19 04:11:57.012] [ProxyServer] Finish monkey step. Dumping hierarchy
[Fastbot][2026-06-19 04:11:57.013] --> POST http://127.0.0.1:9008/jsonrpc/0
[Fastbot][2026-06-19 04:11:57.013] Content-Type: application/json; charset=utf-8
[Fastbot][2026-06-19 04:11:57.013] Content-Length: 75
[Fastbot][2026-06-19 04:11:57.013] 
[Fastbot][2026-06-19 04:11:57.013] {"id":1,"jsonrpc":"2.0","method":"dumpWindowHierarchy","params":[false,50]}
[Fastbot][2026-06-19 04:11:57.013] --> END POST (75-byte body)
[Fastbot][2026-06-19 04:11:57.051] <-- 200 OK  http://127.0.0.1:9008/jsonrpc/0 (37ms)
[Fastbot][2026-06-19 04:11:57.052] Content-Type: application/json
[Fastbot][2026-06-19 04:11:57.052] Date: Fri, 19 Jun 2026 08:11:57 GMT
[Fastbot][2026-06-19 04:11:57.052] Connection: keep-alive
[Fastbot][2026-06-19 04:11:57.052] Transfer-Encoding: chunked
[Fastbot][2026-06-19 04:11:57.053] 
[Fastbot][2026-06-19 04:11:57.054] {"jsonrpc":"2.0","id":1,"result":"<?xml version='1.0' encoding='UTF-8' standalone='yes' ?>\r\n<hierarchy rotation=\"0\">\r\n  <node index=\"0\" text=\"\" resource-id=\"\" class=\"android.widget.FrameLayout\" package=\"it.feio.android.omninotes.alpha\" content-desc=\"\" checkable=\"false\" checked=\"...[truncated]
[Fastbot][2026-06-19 04:11:57.054] <-- END HTTP (34247-byte body)
[Fastbot][2026-06-19 04:11:57.138] [Proxy Server] Forwarding
[Fastbot][2026-06-19 04:11:57.138] --> POST http://127.0.0.1:9008/jsonrpc/0
[Fastbot][2026-06-19 04:11:57.138] Content-Type: application/json; charset=utf-8
[Fastbot][2026-06-19 04:11:57.140] Content-Length: 219
[Fastbot][2026-06-19 04:11:57.140] 
[Fastbot][2026-06-19 04:11:57.140] {"jsonrpc": "2.0", "id": 1, "method": "waitForExists", "params": [{"mask": 2097152, "childOrSibling": [], "childOrSiblingSelector": [], "resourceId": "it.feio.android.omninotes.alpha:id/fab_expand_menu_button"}, 20000]}
[Fastbot][2026-06-19 04:11:57.140] --> END POST (219-byte body)
[Fastbot][2026-06-19 04:11:57.158] <-- 200 OK  http://127.0.0.1:9008/jsonrpc/0 (17ms)
[Fastbot][2026-06-19 04:11:57.158] Content-Type: application/json
[Fastbot][2026-06-19 04:11:57.158] Date: Fri, 19 Jun 2026 08:11:57 GMT
[Fastbot][2026-06-19 04:11:57.158] Connection: keep-alive
[Fastbot][2026-06-19 04:11:57.158] Transfer-Encoding: chunked
[Fastbot][2026-06-19 04:11:57.159] 
[Fastbot][2026-06-19 04:11:57.159] {"jsonrpc":"2.0","id":1,"result":true}

[Fastbot][2026-06-19 04:11:57.159] <-- END HTTP (39-byte body)
[Fastbot][2026-06-19 04:11:57.199] [Proxy Server] Forwarding
[Fastbot][2026-06-19 04:11:57.200] --> POST http://127.0.0.1:9008/jsonrpc/0
[Fastbot][2026-06-19 04:11:57.200] Content-Type: application/json; charset=utf-8
[Fastbot][2026-06-19 04:11:57.200] Content-Length: 206
[Fastbot][2026-06-19 04:11:57.200] 
[Fastbot][2026-06-19 04:11:57.201] {"jsonrpc": "2.0", "id": 1, "method": "objInfo", "params": [{"mask": 2097152, "childOrSibling": [], "childOrSiblingSelector": [], "resourceId": "it.feio.android.omninotes.alpha:id/fab_expand_menu_button"}]}
[Fastbot][2026-06-19 04:11:57.201] --> END POST (206-byte body)
[Fastbot][2026-06-19 04:11:57.230] <-- 200 OK  http://127.0.0.1:9008/jsonrpc/0 (28ms)
[Fastbot][2026-06-19 04:11:57.230] Content-Type: application/json
[Fastbot][2026-06-19 04:11:57.230] Date: Fri, 19 Jun 2026 08:11:57 GMT
[Fastbot][2026-06-19 04:11:57.230] Connection: keep-alive
[Fastbot][2026-06-19 04:11:57.230] Transfer-Encoding: chunked
[Fastbot][2026-06-19 04:11:57.231] 
[Fastbot][2026-06-19 04:11:57.231] {"jsonrpc":"2.0","id":1,"result":{"bounds":{"bottom":2016,"left":856,"right":1058,"top":1923},"childCount":0,"className":"android.widget.ImageButton","contentDescription":null,"packageName":"it.feio.android.omninotes.alpha","resourceName":"it.feio.android.omninotes.alpha:id/fab_expand_menu_button","...[truncated]
[Fastbot][2026-06-19 04:11:57.231] <-- END HTTP (536-byte body)
[Fastbot][2026-06-19 04:11:57.276] [Proxy Server] Detected script method: click
[Fastbot][2026-06-19 04:11:57.277] [Proxy Server] Forwarding
[Fastbot][2026-06-19 04:11:57.277] --> POST http://127.0.0.1:9008/jsonrpc/0
[Fastbot][2026-06-19 04:11:57.277] Content-Type: application/json; charset=utf-8
[Fastbot][2026-06-19 04:11:57.277] Content-Length: 73
[Fastbot][2026-06-19 04:11:57.277] 
[Fastbot][2026-06-19 04:11:57.278] {"jsonrpc": "2.0", "id": 1, "method": "click", "params": [957.0, 1969.5]}
[Fastbot][2026-06-19 04:11:57.278] --> END POST (73-byte body)
[Fastbot][2026-06-19 04:11:57.403] <-- 200 OK  http://127.0.0.1:9008/jsonrpc/0 (124ms)
[Fastbot][2026-06-19 04:11:57.403] Content-Type: application/json
[Fastbot][2026-06-19 04:11:57.403] Date: Fri, 19 Jun 2026 08:11:57 GMT
[Fastbot][2026-06-19 04:11:57.403] Connection: keep-alive
[Fastbot][2026-06-19 04:11:57.403] Transfer-Encoding: chunked
[Fastbot][2026-06-19 04:11:57.404] 
[Fastbot][2026-06-19 04:11:57.405] {"jsonrpc":"2.0","id":1,"result":true}

[Fastbot][2026-06-19 04:11:57.405] <-- END HTTP (39-byte body)
[Fastbot][2026-06-19 04:11:57.963] [Proxy Server] Forwarding
[Fastbot][2026-06-19 04:11:57.964] --> POST http://127.0.0.1:9008/jsonrpc/0
[Fastbot][2026-06-19 04:11:57.964] Content-Type: application/json; charset=utf-8
[Fastbot][2026-06-19 04:11:57.964] Content-Length: 205
[Fastbot][2026-06-19 04:11:57.964] 
[Fastbot][2026-06-19 04:11:57.964] {"jsonrpc": "2.0", "id": 1, "method": "waitForExists", "params": [{"mask": 2097152, "childOrSibling": [], "childOrSiblingSelector": [], "resourceId": "it.feio.android.omninotes.alpha:id/fab_note"}, 20000]}
[Fastbot][2026-06-19 04:11:57.965] --> END POST (205-byte body)
[Fastbot][2026-06-19 04:11:57.979] <-- 200 OK  http://127.0.0.1:9008/jsonrpc/0 (14ms)
[Fastbot][2026-06-19 04:11:57.979] Content-Type: application/json
[Fastbot][2026-06-19 04:11:57.979] Date: Fri, 19 Jun 2026 08:11:57 GMT
[Fastbot][2026-06-19 04:11:57.979] Connection: keep-alive
[Fastbot][2026-06-19 04:11:57.979] Transfer-Encoding: chunked
[Fastbot][2026-06-19 04:11:57.980] 
[Fastbot][2026-06-19 04:11:57.980] {"jsonrpc":"2.0","id":1,"result":true}

[Fastbot][2026-06-19 04:11:57.980] <-- END HTTP (39-byte body)
[Fastbot][2026-06-19 04:11:58.009] [Proxy Server] Forwarding
[Fastbot][2026-06-19 04:11:58.009] --> POST http://127.0.0.1:9008/jsonrpc/0
[Fastbot][2026-06-19 04:11:58.009] Content-Type: application/json; charset=utf-8
[Fastbot][2026-06-19 04:11:58.009] Content-Length: 192
[Fastbot][2026-06-19 04:11:58.009] 
[Fastbot][2026-06-19 04:11:58.010] {"jsonrpc": "2.0", "id": 1, "method": "objInfo", "params": [{"mask": 2097152, "childOrSibling": [], "childOrSiblingSelector": [], "resourceId": "it.feio.android.omninotes.alpha:id/fab_note"}]}
[Fastbot][2026-06-19 04:11:58.010] --> END POST (192-byte body)
[Fastbot][2026-06-19 04:11:58.035] <-- 200 OK  http://127.0.0.1:9008/jsonrpc/0 (24ms)
[Fastbot][2026-06-19 04:11:58.035] Content-Type: application/json
[Fastbot][2026-06-19 04:11:58.035] Date: Fri, 19 Jun 2026 08:11:58 GMT
[Fastbot][2026-06-19 04:11:58.035] Connection: keep-alive
[Fastbot][2026-06-19 04:11:58.035] Transfer-Encoding: chunked
[Fastbot][2026-06-19 04:11:58.036] 
[Fastbot][2026-06-19 04:11:58.036] {"jsonrpc":"2.0","id":1,"result":{"bounds":{"bottom":1912,"left":878,"right":1037,"top":1753},"childCount":0,"className":"android.widget.ImageButton","contentDescription":null,"packageName":"it.feio.android.omninotes.alpha","resourceName":"it.feio.android.omninotes.alpha:id/fab_note","text":null,"vi...[truncated]
[Fastbot][2026-06-19 04:11:58.036] <-- END HTTP (523-byte body)
[Fastbot][2026-06-19 04:11:58.086] [Proxy Server] Detected script method: click
[Fastbot][2026-06-19 04:11:58.087] [Proxy Server] Forwarding
[Fastbot][2026-06-19 04:11:58.087] --> POST http://127.0.0.1:9008/jsonrpc/0
[Fastbot][2026-06-19 04:11:58.087] Content-Type: application/json; charset=utf-8
[Fastbot][2026-06-19 04:11:58.087] Content-Length: 73
[Fastbot][2026-06-19 04:11:58.088] 
[Fastbot][2026-06-19 04:11:58.088] {"jsonrpc": "2.0", "id": 1, "method": "click", "params": [957.5, 1832.5]}
[Fastbot][2026-06-19 04:11:58.089] --> END POST (73-byte body)
[Fastbot][2026-06-19 04:11:58.224] <-- 200 OK  http://127.0.0.1:9008/jsonrpc/0 (134ms)
[Fastbot][2026-06-19 04:11:58.224] Content-Type: application/json
[Fastbot][2026-06-19 04:11:58.224] Date: Fri, 19 Jun 2026 08:11:58 GMT
[Fastbot][2026-06-19 04:11:58.224] Connection: keep-alive
[Fastbot][2026-06-19 04:11:58.224] Transfer-Encoding: chunked
[Fastbot][2026-06-19 04:11:58.224] 
[Fastbot][2026-06-19 04:11:58.224] {"jsonrpc":"2.0","id":1,"result":true}

[Fastbot][2026-06-19 04:11:58.224] <-- END HTTP (39-byte body)
[Fastbot][2026-06-19 04:11:58.764] [Proxy Server] Forwarding
[Fastbot][2026-06-19 04:11:58.765] --> POST http://127.0.0.1:9008/jsonrpc/0
[Fastbot][2026-06-19 04:11:58.765] Content-Type: application/json; charset=utf-8
[Fastbot][2026-06-19 04:11:58.765] Content-Length: 209
[Fastbot][2026-06-19 04:11:58.765] 
[Fastbot][2026-06-19 04:11:58.765] {"jsonrpc": "2.0", "id": 1, "method": "waitForExists", "params": [{"mask": 2097152, "childOrSibling": [], "childOrSiblingSelector": [], "resourceId": "it.feio.android.omninotes.alpha:id/detail_title"}, 20000]}
[Fastbot][2026-06-19 04:11:58.765] --> END POST (209-byte body)
[Fastbot][2026-06-19 04:11:58.817] <-- 200 OK  http://127.0.0.1:9008/jsonrpc/0 (51ms)
[Fastbot][2026-06-19 04:11:58.817] Content-Type: application/json
[Fastbot][2026-06-19 04:11:58.818] Date: Fri, 19 Jun 2026 08:11:58 GMT
[Fastbot][2026-06-19 04:11:58.818] Connection: keep-alive
[Fastbot][2026-06-19 04:11:58.818] Transfer-Encoding: chunked
[Fastbot][2026-06-19 04:11:58.819] 
[Fastbot][2026-06-19 04:11:58.819] {"jsonrpc":"2.0","id":1,"result":true}

[Fastbot][2026-06-19 04:11:58.819] <-- END HTTP (39-byte body)
[Fastbot][2026-06-19 04:11:58.867] [Proxy Server] Detected script method: setText
[Fastbot][2026-06-19 04:11:58.870] [Proxy Server] Forwarding
[Fastbot][2026-06-19 04:11:58.870] --> POST http://127.0.0.1:9008/jsonrpc/0
[Fastbot][2026-06-19 04:11:58.870] Content-Type: application/json; charset=utf-8
[Fastbot][2026-06-19 04:11:58.871] Content-Length: 206
[Fastbot][2026-06-19 04:11:58.871] 
[Fastbot][2026-06-19 04:11:58.871] {"jsonrpc": "2.0", "id": 1, "method": "setText", "params": [{"mask": 2097152, "childOrSibling": [], "childOrSiblingSelector": [], "resourceId": "it.feio.android.omninotes.alpha:id/detail_title"}, "HOw7IM"]}
[Fastbot][2026-06-19 04:11:58.871] --> END POST (206-byte body)
[Fastbot][2026-06-19 04:11:58.978] <-- 200 OK  http://127.0.0.1:9008/jsonrpc/0 (106ms)
[Fastbot][2026-06-19 04:11:58.978] Content-Type: application/json
[Fastbot][2026-06-19 04:11:58.978] Date: Fri, 19 Jun 2026 08:11:58 GMT
[Fastbot][2026-06-19 04:11:58.978] Connection: keep-alive
[Fastbot][2026-06-19 04:11:58.978] Transfer-Encoding: chunked
[Fastbot][2026-06-19 04:11:58.978] 
[Fastbot][2026-06-19 04:11:58.978] {"jsonrpc":"2.0","id":1,"result":true}

[Fastbot][2026-06-19 04:11:58.978] <-- END HTTP (39-byte body)
[Fastbot][2026-06-19 04:11:59.006] [Proxy Server] Forwarding
[Fastbot][2026-06-19 04:11:59.007] --> POST http://127.0.0.1:9008/jsonrpc/0
[Fastbot][2026-06-19 04:11:59.007] Content-Type: application/json; charset=utf-8
[Fastbot][2026-06-19 04:11:59.007] Content-Length: 211
[Fastbot][2026-06-19 04:11:59.007] 
[Fastbot][2026-06-19 04:11:59.007] {"jsonrpc": "2.0", "id": 1, "method": "waitForExists", "params": [{"mask": 2097152, "childOrSibling": [], "childOrSiblingSelector": [], "resourceId": "it.feio.android.omninotes.alpha:id/detail_content"}, 20000]}
[Fastbot][2026-06-19 04:11:59.007] --> END POST (211-byte body)
[Fastbot][2026-06-19 04:11:59.021] <-- 200 OK  http://127.0.0.1:9008/jsonrpc/0 (12ms)
[Fastbot][2026-06-19 04:11:59.021] Content-Type: application/json
[Fastbot][2026-06-19 04:11:59.021] Date: Fri, 19 Jun 2026 08:11:59 GMT
[Fastbot][2026-06-19 04:11:59.021] Connection: keep-alive
[Fastbot][2026-06-19 04:11:59.021] Transfer-Encoding: chunked
[Fastbot][2026-06-19 04:11:59.063] 
[Fastbot][2026-06-19 04:11:59.063] {"jsonrpc":"2.0","id":1,"result":true}

[Fastbot][2026-06-19 04:11:59.063] <-- END HTTP (39-byte body)
[Fastbot][2026-06-19 04:11:59.099] [Proxy Server] Detected script method: setText
[Fastbot][2026-06-19 04:11:59.100] [Proxy Server] Forwarding
[Fastbot][2026-06-19 04:11:59.100] --> POST http://127.0.0.1:9008/jsonrpc/0
[Fastbot][2026-06-19 04:11:59.101] Content-Type: application/json; charset=utf-8
[Fastbot][2026-06-19 04:11:59.101] Content-Length: 214
[Fastbot][2026-06-19 04:11:59.101] 
[Fastbot][2026-06-19 04:11:59.101] {"jsonrpc": "2.0", "id": 1, "method": "setText", "params": [{"mask": 2097152, "childOrSibling": [], "childOrSiblingSelector": [], "resourceId": "it.feio.android.omninotes.alpha:id/detail_content"}, "test content"]}
[Fastbot][2026-06-19 04:11:59.102] --> END POST (214-byte body)
[Fastbot][2026-06-19 04:11:59.163] <-- 200 OK  http://127.0.0.1:9008/jsonrpc/0 (61ms)
[Fastbot][2026-06-19 04:11:59.164] Content-Type: application/json
[Fastbot][2026-06-19 04:11:59.164] Date: Fri, 19 Jun 2026 08:11:59 GMT
[Fastbot][2026-06-19 04:11:59.164] Connection: keep-alive
[Fastbot][2026-06-19 04:11:59.164] Transfer-Encoding: chunked
[Fastbot][2026-06-19 04:11:59.165] 
[Fastbot][2026-06-19 04:11:59.165] {"jsonrpc":"2.0","id":1,"result":true}

[Fastbot][2026-06-19 04:11:59.166] <-- END HTTP (39-byte body)
[Fastbot][2026-06-19 04:11:59.710] [Proxy Server] Forwarding
[Fastbot][2026-06-19 04:11:59.711] --> POST http://127.0.0.1:9008/jsonrpc/0
[Fastbot][2026-06-19 04:11:59.711] Content-Type: application/json; charset=utf-8
[Fastbot][2026-06-19 04:11:59.712] Content-Length: 210
[Fastbot][2026-06-19 04:11:59.712] 
[Fastbot][2026-06-19 04:11:59.712] {"jsonrpc": "2.0", "id": 1, "method": "waitForExists", "params": [{"mask": 2097152, "childOrSibling": [], "childOrSiblingSelector": [], "resourceId": "it.feio.android.omninotes.alpha:id/menu_category"}, 20000]}
[Fastbot][2026-06-19 04:11:59.712] --> END POST (210-byte body)
[Fastbot][2026-06-19 04:11:59.726] <-- 200 OK  http://127.0.0.1:9008/jsonrpc/0 (13ms)
[Fastbot][2026-06-19 04:11:59.726] Content-Type: application/json
[Fastbot][2026-06-19 04:11:59.726] Date: Fri, 19 Jun 2026 08:11:59 GMT
[Fastbot][2026-06-19 04:11:59.726] Connection: keep-alive
[Fastbot][2026-06-19 04:11:59.726] Transfer-Encoding: chunked
[Fastbot][2026-06-19 04:11:59.727] 
[Fastbot][2026-06-19 04:11:59.727] {"jsonrpc":"2.0","id":1,"result":true}

[Fastbot][2026-06-19 04:11:59.727] <-- END HTTP (39-byte body)
[Fastbot][2026-06-19 04:11:59.758] [Proxy Server] Forwarding
[Fastbot][2026-06-19 04:11:59.758] --> POST http://127.0.0.1:9008/jsonrpc/0
[Fastbot][2026-06-19 04:11:59.759] Content-Type: application/json; charset=utf-8
[Fastbot][2026-06-19 04:11:59.761] Content-Length: 197
[Fastbot][2026-06-19 04:11:59.761] 
[Fastbot][2026-06-19 04:11:59.762] {"jsonrpc": "2.0", "id": 1, "method": "objInfo", "params": [{"mask": 2097152, "childOrSibling": [], "childOrSiblingSelector": [], "resourceId": "it.feio.android.omninotes.alpha:id/menu_category"}]}
[Fastbot][2026-06-19 04:11:59.762] --> END POST (197-byte body)
[Fastbot][2026-06-19 04:11:59.785] <-- 200 OK  http://127.0.0.1:9008/jsonrpc/0 (22ms)
[Fastbot][2026-06-19 04:11:59.785] Content-Type: application/json
[Fastbot][2026-06-19 04:11:59.785] Date: Fri, 19 Jun 2026 08:11:59 GMT
[Fastbot][2026-06-19 04:11:59.785] Connection: keep-alive
[Fastbot][2026-06-19 04:11:59.785] Transfer-Encoding: chunked
[Fastbot][2026-06-19 04:11:59.785] 
[Fastbot][2026-06-19 04:11:59.785] {"jsonrpc":"2.0","id":1,"result":{"bounds":{"bottom":275,"left":573,"right":705,"top":143},"childCount":0,"className":"android.widget.Button","contentDescription":"Category","packageName":"it.feio.android.omninotes.alpha","resourceName":"it.feio.android.omninotes.alpha:id/menu_category","text":null,...[truncated]
[Fastbot][2026-06-19 04:11:59.785] <-- END HTTP (522-byte body)
[Fastbot][2026-06-19 04:11:59.821] [Proxy Server] Detected script method: click
[Fastbot][2026-06-19 04:11:59.821] [Proxy Server] Forwarding
[Fastbot][2026-06-19 04:11:59.822] --> POST http://127.0.0.1:9008/jsonrpc/0
[Fastbot][2026-06-19 04:11:59.822] Content-Type: application/json; charset=utf-8
[Fastbot][2026-06-19 04:11:59.822] Content-Length: 72
[Fastbot][2026-06-19 04:11:59.823] 
[Fastbot][2026-06-19 04:11:59.823] {"jsonrpc": "2.0", "id": 1, "method": "click", "params": [639.0, 209.0]}
[Fastbot][2026-06-19 04:11:59.823] --> END POST (72-byte body)
[Fastbot][2026-06-19 04:11:59.965] <-- 200 OK  http://127.0.0.1:9008/jsonrpc/0 (142ms)
[Fastbot][2026-06-19 04:11:59.966] Content-Type: application/json
[Fastbot][2026-06-19 04:11:59.966] Date: Fri, 19 Jun 2026 08:11:59 GMT
[Fastbot][2026-06-19 04:11:59.967] Connection: keep-alive
[Fastbot][2026-06-19 04:11:59.980] Transfer-Encoding: chunked
[Fastbot][2026-06-19 04:11:59.983] 
[Fastbot][2026-06-19 04:11:59.983] {"jsonrpc":"2.0","id":1,"result":true}

[Fastbot][2026-06-19 04:11:59.984] <-- END HTTP (39-byte body)
[Fastbot][2026-06-19 04:12:00.539] [Proxy Server] Forwarding
[Fastbot][2026-06-19 04:12:00.539] --> POST http://127.0.0.1:9008/jsonrpc/0
[Fastbot][2026-06-19 04:12:00.539] Content-Type: application/json; charset=utf-8
[Fastbot][2026-06-19 04:12:00.540] Content-Length: 221
[Fastbot][2026-06-19 04:12:00.540] 
[Fastbot][2026-06-19 04:12:00.540] {"jsonrpc": "2.0", "id": 1, "method": "waitForExists", "params": [{"mask": 2097152, "childOrSibling": [], "childOrSiblingSelector": [], "resourceId": "it.feio.android.omninotes.alpha:id/md_buttonDefaultPositive"}, 20000]}
[Fastbot][2026-06-19 04:12:00.541] --> END POST (221-byte body)
[Fastbot][2026-06-19 04:12:00.550] <-- 200 OK  http://127.0.0.1:9008/jsonrpc/0 (9ms)
[Fastbot][2026-06-19 04:12:00.551] Content-Type: application/json
[Fastbot][2026-06-19 04:12:00.551] Date: Fri, 19 Jun 2026 08:12:00 GMT
[Fastbot][2026-06-19 04:12:00.551] Connection: keep-alive
[Fastbot][2026-06-19 04:12:00.551] Transfer-Encoding: chunked
[Fastbot][2026-06-19 04:12:00.551] 
[Fastbot][2026-06-19 04:12:00.552] {"jsonrpc":"2.0","id":1,"result":true}

[Fastbot][2026-06-19 04:12:00.552] <-- END HTTP (39-byte body)
[Fastbot][2026-06-19 04:12:00.586] [Proxy Server] Forwarding
[Fastbot][2026-06-19 04:12:00.587] --> POST http://127.0.0.1:9008/jsonrpc/0
[Fastbot][2026-06-19 04:12:00.587] Content-Type: application/json; charset=utf-8
[Fastbot][2026-06-19 04:12:00.587] Content-Length: 208
[Fastbot][2026-06-19 04:12:00.588] 
[Fastbot][2026-06-19 04:12:00.588] {"jsonrpc": "2.0", "id": 1, "method": "objInfo", "params": [{"mask": 2097152, "childOrSibling": [], "childOrSiblingSelector": [], "resourceId": "it.feio.android.omninotes.alpha:id/md_buttonDefaultPositive"}]}
[Fastbot][2026-06-19 04:12:00.588] --> END POST (208-byte body)
[Fastbot][2026-06-19 04:12:00.610] <-- 200 OK  http://127.0.0.1:9008/jsonrpc/0 (22ms)
[Fastbot][2026-06-19 04:12:00.611] Content-Type: application/json
[Fastbot][2026-06-19 04:12:00.611] Date: Fri, 19 Jun 2026 08:12:00 GMT
[Fastbot][2026-06-19 04:12:00.611] Connection: keep-alive
[Fastbot][2026-06-19 04:12:00.611] Transfer-Encoding: chunked
[Fastbot][2026-06-19 04:12:00.612] 
[Fastbot][2026-06-19 04:12:00.612] {"jsonrpc":"2.0","id":1,"result":{"bounds":{"bottom":1248,"left":622,"right":915,"top":1182},"childCount":0,"className":"android.widget.TextView","contentDescription":null,"packageName":"it.feio.android.omninotes.alpha","resourceName":"it.feio.android.omninotes.alpha:id/md_buttonDefaultPositive","te...[truncated]
[Fastbot][2026-06-19 04:12:00.613] <-- END HTTP (544-byte body)
[Fastbot][2026-06-19 04:12:00.627] [Proxy Server] Detected script method: click
[Fastbot][2026-06-19 04:12:00.628] [Proxy Server] Forwarding
[Fastbot][2026-06-19 04:12:00.629] --> POST http://127.0.0.1:9008/jsonrpc/0
[Fastbot][2026-06-19 04:12:00.629] Content-Type: application/json; charset=utf-8
[Fastbot][2026-06-19 04:12:00.629] Content-Length: 73
[Fastbot][2026-06-19 04:12:00.629] 
[Fastbot][2026-06-19 04:12:00.630] {"jsonrpc": "2.0", "id": 1, "method": "click", "params": [768.5, 1215.0]}
[Fastbot][2026-06-19 04:12:00.630] --> END POST (73-byte body)
[Fastbot][2026-06-19 04:12:00.777] // the top activity is it.feio.android.omninotes.CategoryActivity, phone capture activity is com.android.camera.CaptureActivity
[Fastbot][2026-06-19 04:12:00.778]     // Allowing start of Intent { cmp=it.feio.android.omninotes.alpha/it.feio.android.omninotes.CategoryActivity } in package it.feio.android.omninotes.alpha
[Fastbot][2026-06-19 04:12:00.786] <-- 200 OK  http://127.0.0.1:9008/jsonrpc/0 (155ms)
[Fastbot][2026-06-19 04:12:00.786] Content-Type: application/json
[Fastbot][2026-06-19 04:12:00.786] Date: Fri, 19 Jun 2026 08:12:00 GMT
[Fastbot][2026-06-19 04:12:00.786] Connection: keep-alive
[Fastbot][2026-06-19 04:12:00.786] Transfer-Encoding: chunked
[Fastbot][2026-06-19 04:12:00.812] 
[Fastbot][2026-06-19 04:12:00.813] {"jsonrpc":"2.0","id":1,"result":true}

[Fastbot][2026-06-19 04:12:00.813] <-- END HTTP (39-byte body)
[Fastbot][2026-06-19 04:12:01.348] // [Script] current activity is it.feio.android.omninotes.CategoryActivity
[Fastbot][2026-06-19 04:12:01.348] [Proxy Server] Forwarding
[Fastbot][2026-06-19 04:12:01.348] --> POST http://127.0.0.1:9008/jsonrpc/0
[Fastbot][2026-06-19 04:12:01.348] Content-Type: application/json; charset=utf-8
[Fastbot][2026-06-19 04:12:01.349] Content-Length: 211
[Fastbot][2026-06-19 04:12:01.349] 
[Fastbot][2026-06-19 04:12:01.349] {"jsonrpc": "2.0", "id": 1, "method": "waitForExists", "params": [{"mask": 2097152, "childOrSibling": [], "childOrSiblingSelector": [], "resourceId": "it.feio.android.omninotes.alpha:id/category_title"}, 20000]}
[Fastbot][2026-06-19 04:12:01.349] --> END POST (211-byte body)
[Fastbot][2026-06-19 04:12:01.359] <-- 200 OK  http://127.0.0.1:9008/jsonrpc/0 (9ms)
[Fastbot][2026-06-19 04:12:01.360] Content-Type: application/json
[Fastbot][2026-06-19 04:12:01.360] Date: Fri, 19 Jun 2026 08:12:01 GMT
[Fastbot][2026-06-19 04:12:01.360] Connection: keep-alive
[Fastbot][2026-06-19 04:12:01.360] Transfer-Encoding: chunked
[Fastbot][2026-06-19 04:12:01.360] 
[Fastbot][2026-06-19 04:12:01.361] {"jsonrpc":"2.0","id":1,"result":true}

[Fastbot][2026-06-19 04:12:01.361] <-- END HTTP (39-byte body)
[Fastbot][2026-06-19 04:12:01.410] [Proxy Server] Detected script method: setText
[Fastbot][2026-06-19 04:12:01.410] [Proxy Server] Forwarding
[Fastbot][2026-06-19 04:12:01.410] --> POST http://127.0.0.1:9008/jsonrpc/0
[Fastbot][2026-06-19 04:12:01.411] Content-Type: application/json; charset=utf-8
[Fastbot][2026-06-19 04:12:01.411] Content-Length: 207
[Fastbot][2026-06-19 04:12:01.411] 
[Fastbot][2026-06-19 04:12:01.412] {"jsonrpc": "2.0", "id": 1, "method": "setText", "params": [{"mask": 2097152, "childOrSibling": [], "childOrSiblingSelector": [], "resourceId": "it.feio.android.omninotes.alpha:id/category_title"}, "rXFHz"]}
[Fastbot][2026-06-19 04:12:01.412] --> END POST (207-byte body)
[Fastbot][2026-06-19 04:12:01.505] <-- 200 OK  http://127.0.0.1:9008/jsonrpc/0 (92ms)
[Fastbot][2026-06-19 04:12:01.505] Content-Type: application/json
[Fastbot][2026-06-19 04:12:01.505] Date: Fri, 19 Jun 2026 08:12:01 GMT
[Fastbot][2026-06-19 04:12:01.505] Connection: keep-alive
[Fastbot][2026-06-19 04:12:01.505] Transfer-Encoding: chunked
[Fastbot][2026-06-19 04:12:01.507] 
[Fastbot][2026-06-19 04:12:01.509] {"jsonrpc":"2.0","id":1,"result":true}

[Fastbot][2026-06-19 04:12:01.512] <-- END HTTP (39-byte body)
[Fastbot][2026-06-19 04:12:01.550] [Proxy Server] Forwarding
[Fastbot][2026-06-19 04:12:01.551] --> POST http://127.0.0.1:9008/jsonrpc/0
[Fastbot][2026-06-19 04:12:01.551] Content-Type: application/json; charset=utf-8
[Fastbot][2026-06-19 04:12:01.551] Content-Length: 201
[Fastbot][2026-06-19 04:12:01.552] 
[Fastbot][2026-06-19 04:12:01.552] {"jsonrpc": "2.0", "id": 1, "method": "waitForExists", "params": [{"mask": 2097152, "childOrSibling": [], "childOrSiblingSelector": [], "resourceId": "it.feio.android.omninotes.alpha:id/save"}, 20000]}
[Fastbot][2026-06-19 04:12:01.552] --> END POST (201-byte body)
[Fastbot][2026-06-19 04:12:01.563] <-- 200 OK  http://127.0.0.1:9008/jsonrpc/0 (10ms)
[Fastbot][2026-06-19 04:12:01.563] Content-Type: application/json
[Fastbot][2026-06-19 04:12:01.563] Date: Fri, 19 Jun 2026 08:12:01 GMT
[Fastbot][2026-06-19 04:12:01.563] Connection: keep-alive
[Fastbot][2026-06-19 04:12:01.563] Transfer-Encoding: chunked
[Fastbot][2026-06-19 04:12:01.564] 
[Fastbot][2026-06-19 04:12:01.564] {"jsonrpc":"2.0","id":1,"result":true}

[Fastbot][2026-06-19 04:12:01.564] <-- END HTTP (39-byte body)
[Fastbot][2026-06-19 04:12:01.596] [Proxy Server] Forwarding
[Fastbot][2026-06-19 04:12:01.596] --> POST http://127.0.0.1:9008/jsonrpc/0
[Fastbot][2026-06-19 04:12:01.597] Content-Type: application/json; charset=utf-8
[Fastbot][2026-06-19 04:12:01.597] Content-Length: 188
[Fastbot][2026-06-19 04:12:01.597] 
[Fastbot][2026-06-19 04:12:01.597] {"jsonrpc": "2.0", "id": 1, "method": "objInfo", "params": [{"mask": 2097152, "childOrSibling": [], "childOrSiblingSelector": [], "resourceId": "it.feio.android.omninotes.alpha:id/save"}]}
[Fastbot][2026-06-19 04:12:01.597] --> END POST (188-byte body)
[Fastbot][2026-06-19 04:12:01.620] <-- 200 OK  http://127.0.0.1:9008/jsonrpc/0 (22ms)
[Fastbot][2026-06-19 04:12:01.620] Content-Type: application/json
[Fastbot][2026-06-19 04:12:01.620] Date: Fri, 19 Jun 2026 08:12:01 GMT
[Fastbot][2026-06-19 04:12:01.620] Connection: keep-alive
[Fastbot][2026-06-19 04:12:01.620] Transfer-Encoding: chunked
[Fastbot][2026-06-19 04:12:01.662] 
[Fastbot][2026-06-19 04:12:01.662] {"jsonrpc":"2.0","id":1,"result":{"bounds":{"bottom":1474,"left":543,"right":776,"top":1345},"childCount":0,"className":"android.widget.Button","contentDescription":null,"packageName":"it.feio.android.omninotes.alpha","resourceName":"it.feio.android.omninotes.alpha:id/save","text":"OK","visibleBound...[truncated]
[Fastbot][2026-06-19 04:12:01.662] <-- END HTTP (512-byte body)
[Fastbot][2026-06-19 04:12:01.691] [Proxy Server] Detected script method: click
[Fastbot][2026-06-19 04:12:01.691] [Proxy Server] Forwarding
[Fastbot][2026-06-19 04:12:01.692] --> POST http://127.0.0.1:9008/jsonrpc/0
[Fastbot][2026-06-19 04:12:01.692] Content-Type: application/json; charset=utf-8
[Fastbot][2026-06-19 04:12:01.693] Content-Length: 73
[Fastbot][2026-06-19 04:12:01.693] 
[Fastbot][2026-06-19 04:12:01.693] {"jsonrpc": "2.0", "id": 1, "method": "click", "params": [659.5, 1409.5]}
[Fastbot][2026-06-19 04:12:01.693] --> END POST (73-byte body)
[Fastbot][2026-06-19 04:12:01.815]     // activityResuming(it.feio.android.omninotes.alpha)
[Fastbot][2026-06-19 04:12:01.819] <-- 200 OK  http://127.0.0.1:9008/jsonrpc/0 (126ms)
[Fastbot][2026-06-19 04:12:01.820] Content-Type: application/json
[Fastbot][2026-06-19 04:12:01.820] Date: Fri, 19 Jun 2026 08:12:01 GMT
[Fastbot][2026-06-19 04:12:01.820] Connection: keep-alive
[Fastbot][2026-06-19 04:12:01.820] Transfer-Encoding: chunked
[Fastbot][2026-06-19 04:12:01.863] 
[Fastbot][2026-06-19 04:12:01.863] {"jsonrpc":"2.0","id":1,"result":true}

[Fastbot][2026-06-19 04:12:01.863] <-- END HTTP (39-byte body)
[Fastbot][2026-06-19 04:12:02.422] // [Script] current activity is it.feio.android.omninotes.MainActivity
[Fastbot][2026-06-19 04:12:02.422] [Proxy Server] Forwarding
[Fastbot][2026-06-19 04:12:02.422] --> POST http://127.0.0.1:9008/jsonrpc/0
[Fastbot][2026-06-19 04:12:02.423] Content-Type: application/json; charset=utf-8
[Fastbot][2026-06-19 04:12:02.423] Content-Length: 169
[Fastbot][2026-06-19 04:12:02.423] 
[Fastbot][2026-06-19 04:12:02.423] {"jsonrpc": "2.0", "id": 1, "method": "waitForExists", "params": [{"mask": 64, "childOrSibling": [], "childOrSiblingSelector": [], "description": "drawer open"}, 20000]}
[Fastbot][2026-06-19 04:12:02.423] --> END POST (169-byte body)
[Fastbot][2026-06-19 04:12:02.437] <-- 200 OK  http://127.0.0.1:9008/jsonrpc/0 (14ms)
[Fastbot][2026-06-19 04:12:02.438] Content-Type: application/json
[Fastbot][2026-06-19 04:12:02.438] Date: Fri, 19 Jun 2026 08:12:02 GMT
[Fastbot][2026-06-19 04:12:02.438] Connection: keep-alive
[Fastbot][2026-06-19 04:12:02.438] Transfer-Encoding: chunked
[Fastbot][2026-06-19 04:12:02.438] 
[Fastbot][2026-06-19 04:12:02.439] {"jsonrpc":"2.0","id":1,"result":true}

[Fastbot][2026-06-19 04:12:02.440] <-- END HTTP (39-byte body)
[Fastbot][2026-06-19 04:12:02.484] [Proxy Server] Forwarding
[Fastbot][2026-06-19 04:12:02.485] --> POST http://127.0.0.1:9008/jsonrpc/0
[Fastbot][2026-06-19 04:12:02.485] Content-Type: application/json; charset=utf-8
[Fastbot][2026-06-19 04:12:02.485] Content-Length: 156
[Fastbot][2026-06-19 04:12:02.485] 
[Fastbot][2026-06-19 04:12:02.486] {"jsonrpc": "2.0", "id": 1, "method": "objInfo", "params": [{"mask": 64, "childOrSibling": [], "childOrSiblingSelector": [], "description": "drawer open"}]}
[Fastbot][2026-06-19 04:12:02.486] --> END POST (156-byte body)
[Fastbot][2026-06-19 04:12:02.515] <-- 200 OK  http://127.0.0.1:9008/jsonrpc/0 (29ms)
[Fastbot][2026-06-19 04:12:02.516] Content-Type: application/json
[Fastbot][2026-06-19 04:12:02.516] Date: Fri, 19 Jun 2026 08:12:02 GMT
[Fastbot][2026-06-19 04:12:02.516] Connection: keep-alive
[Fastbot][2026-06-19 04:12:02.517] Transfer-Encoding: chunked
[Fastbot][2026-06-19 04:12:02.518] 
[Fastbot][2026-06-19 04:12:02.518] {"jsonrpc":"2.0","id":1,"result":{"bounds":{"bottom":286,"left":0,"right":154,"top":132},"childCount":0,"className":"android.widget.ImageButton","contentDescription":"drawer open","packageName":"it.feio.android.omninotes.alpha","resourceName":null,"text":null,"visibleBounds":{"bottom":286,"left":0,"...[truncated]
[Fastbot][2026-06-19 04:12:02.518] <-- END HTTP (481-byte body)
[Fastbot][2026-06-19 04:12:02.547] [Proxy Server] Detected script method: click
[Fastbot][2026-06-19 04:12:02.548] [Proxy Server] Forwarding
[Fastbot][2026-06-19 04:12:02.549] --> POST http://127.0.0.1:9008/jsonrpc/0
[Fastbot][2026-06-19 04:12:02.549] Content-Type: application/json; charset=utf-8
[Fastbot][2026-06-19 04:12:02.549] Content-Length: 71
[Fastbot][2026-06-19 04:12:02.550] 
[Fastbot][2026-06-19 04:12:02.550] {"jsonrpc": "2.0", "id": 1, "method": "click", "params": [77.0, 209.0]}
[Fastbot][2026-06-19 04:12:02.550] --> END POST (71-byte body)
[Fastbot][2026-06-19 04:12:02.706] <-- 200 OK  http://127.0.0.1:9008/jsonrpc/0 (153ms)
[Fastbot][2026-06-19 04:12:02.707] Content-Type: application/json
[Fastbot][2026-06-19 04:12:02.707] Date: Fri, 19 Jun 2026 08:12:02 GMT
[Fastbot][2026-06-19 04:12:02.707] Connection: keep-alive
[Fastbot][2026-06-19 04:12:02.708] Transfer-Encoding: chunked
[Fastbot][2026-06-19 04:12:02.709] 
[Fastbot][2026-06-19 04:12:02.709] {"jsonrpc":"2.0","id":1,"result":true}

[Fastbot][2026-06-19 04:12:02.709] <-- END HTTP (39-byte body)
[Fastbot][2026-06-19 04:12:03.263] [Proxy Server] Forwarding
[Fastbot][2026-06-19 04:12:03.264] --> POST http://127.0.0.1:9008/jsonrpc/0
[Fastbot][2026-06-19 04:12:03.264] Content-Type: application/json; charset=utf-8
[Fastbot][2026-06-19 04:12:03.264] Content-Length: 210
[Fastbot][2026-06-19 04:12:03.264] 
[Fastbot][2026-06-19 04:12:03.264] {"jsonrpc": "2.0", "id": 1, "method": "exist", "params": [{"mask": 2097153, "childOrSibling": [], "childOrSiblingSelector": [], "resourceId": "it.feio.android.omninotes.alpha:id/note_title", "text": "HOw7IM"}]}
[Fastbot][2026-06-19 04:12:03.265] --> END POST (210-byte body)
[Fastbot][2026-06-19 04:12:03.310] <-- 200 OK  http://127.0.0.1:9008/jsonrpc/0 (45ms)
[Fastbot][2026-06-19 04:12:03.311] Content-Type: application/json
[Fastbot][2026-06-19 04:12:03.311] Date: Fri, 19 Jun 2026 08:12:03 GMT
[Fastbot][2026-06-19 04:12:03.311] Connection: keep-alive
[Fastbot][2026-06-19 04:12:03.311] Transfer-Encoding: chunked
[Fastbot][2026-06-19 04:12:03.312] 
[Fastbot][2026-06-19 04:12:03.313] {"jsonrpc":"2.0","id":1,"result":true}

[Fastbot][2026-06-19 04:12:03.313] <-- END HTTP (39-byte body)
[Fastbot][2026-06-19 04:12:03.562] --> POST http://127.0.0.1:9008/jsonrpc/0
[Fastbot][2026-06-19 04:12:03.562] Content-Type: application/json; charset=utf-8
[Fastbot][2026-06-19 04:12:03.562] Content-Length: 75
[Fastbot][2026-06-19 04:12:03.562] 
[Fastbot][2026-06-19 04:12:03.562] {"id":1,"jsonrpc":"2.0","method":"dumpWindowHierarchy","params":[false,50]}
[Fastbot][2026-06-19 04:12:03.563] --> END POST (75-byte body)
[Fastbot][2026-06-19 04:12:03.633] <-- 200 OK  http://127.0.0.1:9008/jsonrpc/0 (69ms)
[Fastbot][2026-06-19 04:12:03.633] Content-Type: application/json
[Fastbot][2026-06-19 04:12:03.633] Date: Fri, 19 Jun 2026 08:12:03 GMT
[Fastbot][2026-06-19 04:12:03.633] Connection: keep-alive
[Fastbot][2026-06-19 04:12:03.633] Transfer-Encoding: chunked
[Fastbot][2026-06-19 04:12:03.635] 
[Fastbot][2026-06-19 04:12:03.635] {"jsonrpc":"2.0","id":1,"result":"<?xml version='1.0' encoding='UTF-8' standalone='yes' ?>\r\n<hierarchy rotation=\"0\">\r\n  <node index=\"0\" text=\"\" resource-id=\"\" class=\"android.widget.FrameLayout\" package=\"it.feio.android.omninotes.alpha\" content-desc=\"\" checkable=\"false\" checked=\"...[truncated]
[Fastbot][2026-06-19 04:12:03.635] <-- END HTTP (39536-byte body)
[Fastbot][2026-06-19 04:12:03.715] [Proxy Server] Forwarding
[Fastbot][2026-06-19 04:12:03.716] --> POST http://127.0.0.1:9008/jsonrpc/0
[Fastbot][2026-06-19 04:12:03.717] Content-Type: application/json; charset=utf-8
[Fastbot][2026-06-19 04:12:03.717] Content-Length: 169
[Fastbot][2026-06-19 04:12:03.717] 
[Fastbot][2026-06-19 04:12:03.717] {"jsonrpc": "2.0", "id": 1, "method": "waitForExists", "params": [{"mask": 64, "childOrSibling": [], "childOrSiblingSelector": [], "description": "drawer open"}, 20000]}
[Fastbot][2026-06-19 04:12:03.717] --> END POST (169-byte body)
[Fastbot][2026-06-19 04:12:03.733] <-- 200 OK  http://127.0.0.1:9008/jsonrpc/0 (15ms)
[Fastbot][2026-06-19 04:12:03.733] Content-Type: application/json
[Fastbot][2026-06-19 04:12:03.733] Date: Fri, 19 Jun 2026 08:12:03 GMT
[Fastbot][2026-06-19 04:12:03.734] Connection: keep-alive
[Fastbot][2026-06-19 04:12:03.734] Transfer-Encoding: chunked
[Fastbot][2026-06-19 04:12:03.735] 
[Fastbot][2026-06-19 04:12:03.735] {"jsonrpc":"2.0","id":1,"result":true}

[Fastbot][2026-06-19 04:12:03.735] <-- END HTTP (39-byte body)
[Fastbot][2026-06-19 04:12:03.777] [Proxy Server] Forwarding
[Fastbot][2026-06-19 04:12:03.777] --> POST http://127.0.0.1:9008/jsonrpc/0
[Fastbot][2026-06-19 04:12:03.777] Content-Type: application/json; charset=utf-8
[Fastbot][2026-06-19 04:12:03.777] Content-Length: 156
[Fastbot][2026-06-19 04:12:03.778] 
[Fastbot][2026-06-19 04:12:03.778] {"jsonrpc": "2.0", "id": 1, "method": "objInfo", "params": [{"mask": 64, "childOrSibling": [], "childOrSiblingSelector": [], "description": "drawer open"}]}
[Fastbot][2026-06-19 04:12:03.778] --> END POST (156-byte body)
[Fastbot][2026-06-19 04:12:03.801] <-- 200 OK  http://127.0.0.1:9008/jsonrpc/0 (22ms)
[Fastbot][2026-06-19 04:12:03.801] Content-Type: application/json
[Fastbot][2026-06-19 04:12:03.801] Date: Fri, 19 Jun 2026 08:12:03 GMT
[Fastbot][2026-06-19 04:12:03.801] Connection: keep-alive
[Fastbot][2026-06-19 04:12:03.801] Transfer-Encoding: chunked
[Fastbot][2026-06-19 04:12:03.802] 
[Fastbot][2026-06-19 04:12:03.803] {"jsonrpc":"2.0","id":1,"result":{"bounds":{"bottom":286,"left":0,"right":154,"top":132},"childCount":0,"className":"android.widget.ImageButton","contentDescription":"drawer open","packageName":"it.feio.android.omninotes.alpha","resourceName":null,"text":null,"visibleBounds":{"bottom":286,"left":0,"...[truncated]
[Fastbot][2026-06-19 04:12:03.804] <-- END HTTP (481-byte body)
[Fastbot][2026-06-19 04:12:03.855] [Proxy Server] Detected script method: click
[Fastbot][2026-06-19 04:12:03.855] [Proxy Server] Forwarding
[Fastbot][2026-06-19 04:12:03.856] --> POST http://127.0.0.1:9008/jsonrpc/0
[Fastbot][2026-06-19 04:12:03.856] Content-Type: application/json; charset=utf-8
[Fastbot][2026-06-19 04:12:03.856] Content-Length: 71
[Fastbot][2026-06-19 04:12:03.857] 
[Fastbot][2026-06-19 04:12:03.857] {"jsonrpc": "2.0", "id": 1, "method": "click", "params": [77.0, 209.0]}
[Fastbot][2026-06-19 04:12:03.857] --> END POST (71-byte body)
[Fastbot][2026-06-19 04:12:03.984] <-- 200 OK  http://127.0.0.1:9008/jsonrpc/0 (126ms)
[Fastbot][2026-06-19 04:12:03.984] Content-Type: application/json
[Fastbot][2026-06-19 04:12:03.984] Date: Fri, 19 Jun 2026 08:12:03 GMT
[Fastbot][2026-06-19 04:12:03.984] Connection: keep-alive
[Fastbot][2026-06-19 04:12:03.985] Transfer-Encoding: chunked
[Fastbot][2026-06-19 04:12:03.985] 
[Fastbot][2026-06-19 04:12:03.985] {"jsonrpc":"2.0","id":1,"result":true}

[Fastbot][2026-06-19 04:12:03.985] <-- END HTTP (39-byte body)
[Fastbot][2026-06-19 04:12:04.528] [Proxy Server] Forwarding
[Fastbot][2026-06-19 04:12:04.529] --> POST http://127.0.0.1:9008/jsonrpc/0
[Fastbot][2026-06-19 04:12:04.529] Content-Type: application/json; charset=utf-8
[Fastbot][2026-06-19 04:12:04.529] Content-Length: 187
[Fastbot][2026-06-19 04:12:04.529] 
[Fastbot][2026-06-19 04:12:04.529] {"jsonrpc": "2.0", "id": 1, "method": "count", "params": [{"mask": 2097152, "childOrSibling": [], "childOrSiblingSelector": [], "resourceId": "it.feio.android.omninotes.alpha:id/count"}]}
[Fastbot][2026-06-19 04:12:04.529] --> END POST (187-byte body)
[Fastbot][2026-06-19 04:12:04.647] <-- 200 OK  http://127.0.0.1:9008/jsonrpc/0 (117ms)
[Fastbot][2026-06-19 04:12:04.647] Content-Type: application/json
[Fastbot][2026-06-19 04:12:04.648] Date: Fri, 19 Jun 2026 08:12:04 GMT
[Fastbot][2026-06-19 04:12:04.648] Connection: keep-alive
[Fastbot][2026-06-19 04:12:04.648] Transfer-Encoding: chunked
[Fastbot][2026-06-19 04:12:04.649] 
[Fastbot][2026-06-19 04:12:04.650] {"jsonrpc":"2.0","id":1,"result":1}

[Fastbot][2026-06-19 04:12:04.650] <-- END HTTP (36-byte body)
[Fastbot][2026-06-19 04:12:04.691] [Proxy Server] Forwarding
[Fastbot][2026-06-19 04:12:04.691] --> POST http://127.0.0.1:9008/jsonrpc/0
[Fastbot][2026-06-19 04:12:04.692] Content-Type: application/json; charset=utf-8
[Fastbot][2026-06-19 04:12:04.692] Content-Length: 218
[Fastbot][2026-06-19 04:12:04.693] 
[Fastbot][2026-06-19 04:12:04.694] {"jsonrpc": "2.0", "id": 1, "method": "waitForExists", "params": [{"mask": 18874368, "childOrSibling": [], "childOrSiblingSelector": [], "resourceId": "it.feio.android.omninotes.alpha:id/count", "instance": 0}, 20000]}
[Fastbot][2026-06-19 04:12:04.694] --> END POST (218-byte body)
[Fastbot][2026-06-19 04:12:04.714] <-- 200 OK  http://127.0.0.1:9008/jsonrpc/0 (19ms)
[Fastbot][2026-06-19 04:12:04.714] Content-Type: application/json
[Fastbot][2026-06-19 04:12:04.714] Date: Fri, 19 Jun 2026 08:12:04 GMT
[Fastbot][2026-06-19 04:12:04.714] Connection: keep-alive
[Fastbot][2026-06-19 04:12:04.714] Transfer-Encoding: chunked
[Fastbot][2026-06-19 04:12:04.714] 
[Fastbot][2026-06-19 04:12:04.715] {"jsonrpc":"2.0","id":1,"result":true}

[Fastbot][2026-06-19 04:12:04.715] <-- END HTTP (39-byte body)
[Fastbot][2026-06-19 04:12:04.740] [Proxy Server] Forwarding
[Fastbot][2026-06-19 04:12:04.740] --> POST http://127.0.0.1:9008/jsonrpc/0
[Fastbot][2026-06-19 04:12:04.740] Content-Type: application/json; charset=utf-8
[Fastbot][2026-06-19 04:12:04.741] Content-Length: 205
[Fastbot][2026-06-19 04:12:04.741] 
[Fastbot][2026-06-19 04:12:04.741] {"jsonrpc": "2.0", "id": 1, "method": "getText", "params": [{"mask": 18874368, "childOrSibling": [], "childOrSiblingSelector": [], "resourceId": "it.feio.android.omninotes.alpha:id/count", "instance": 0}]}
[Fastbot][2026-06-19 04:12:04.742] --> END POST (205-byte body)
[Fastbot][2026-06-19 04:12:04.767] <-- 200 OK  http://127.0.0.1:9008/jsonrpc/0 (25ms)
[Fastbot][2026-06-19 04:12:04.768] Content-Type: application/json
[Fastbot][2026-06-19 04:12:04.768] Date: Fri, 19 Jun 2026 08:12:04 GMT
[Fastbot][2026-06-19 04:12:04.768] Connection: keep-alive
[Fastbot][2026-06-19 04:12:04.768] Transfer-Encoding: chunked
[Fastbot][2026-06-19 04:12:04.812] 
[Fastbot][2026-06-19 04:12:04.812] {"jsonrpc":"2.0","id":1,"result":"1"}

[Fastbot][2026-06-19 04:12:04.813] <-- END HTTP (38-byte body)
[Fastbot][2026-06-19 04:12:04.865] [Proxy Server] Forwarding
[Fastbot][2026-06-19 04:12:04.865] --> POST http://127.0.0.1:9008/jsonrpc/0
[Fastbot][2026-06-19 04:12:04.865] Content-Type: application/json; charset=utf-8
[Fastbot][2026-06-19 04:12:04.866] Content-Length: 187
[Fastbot][2026-06-19 04:12:04.869] 
[Fastbot][2026-06-19 04:12:04.870] {"jsonrpc": "2.0", "id": 1, "method": "count", "params": [{"mask": 2097152, "childOrSibling": [], "childOrSiblingSelector": [], "resourceId": "it.feio.android.omninotes.alpha:id/title"}]}
[Fastbot][2026-06-19 04:12:04.870] --> END POST (187-byte body)
[Fastbot][2026-06-19 04:12:04.945] <-- 200 OK  http://127.0.0.1:9008/jsonrpc/0 (74ms)
[Fastbot][2026-06-19 04:12:04.946] Content-Type: application/json
[Fastbot][2026-06-19 04:12:04.946] Date: Fri, 19 Jun 2026 08:12:04 GMT
[Fastbot][2026-06-19 04:12:04.946] Connection: keep-alive
[Fastbot][2026-06-19 04:12:04.947] Transfer-Encoding: chunked
[Fastbot][2026-06-19 04:12:04.948] 
[Fastbot][2026-06-19 04:12:04.948] {"jsonrpc":"2.0","id":1,"result":2}

[Fastbot][2026-06-19 04:12:04.948] <-- END HTTP (36-byte body)
[Fastbot][2026-06-19 04:12:04.996] [Proxy Server] Forwarding
[Fastbot][2026-06-19 04:12:04.997] --> POST http://127.0.0.1:9008/jsonrpc/0
[Fastbot][2026-06-19 04:12:04.997] Content-Type: application/json; charset=utf-8
[Fastbot][2026-06-19 04:12:04.997] Content-Length: 218
[Fastbot][2026-06-19 04:12:04.998] 
[Fastbot][2026-06-19 04:12:04.998] {"jsonrpc": "2.0", "id": 1, "method": "waitForExists", "params": [{"mask": 18874368, "childOrSibling": [], "childOrSiblingSelector": [], "resourceId": "it.feio.android.omninotes.alpha:id/title", "instance": 0}, 20000]}
[Fastbot][2026-06-19 04:12:04.998] --> END POST (218-byte body)
[Fastbot][2026-06-19 04:12:05.029] <-- 200 OK  http://127.0.0.1:9008/jsonrpc/0 (30ms)
[Fastbot][2026-06-19 04:12:05.030] Content-Type: application/json
[Fastbot][2026-06-19 04:12:05.030] Date: Fri, 19 Jun 2026 08:12:05 GMT
[Fastbot][2026-06-19 04:12:05.030] Connection: keep-alive
[Fastbot][2026-06-19 04:12:05.030] Transfer-Encoding: chunked
[Fastbot][2026-06-19 04:12:05.031] 
[Fastbot][2026-06-19 04:12:05.031] {"jsonrpc":"2.0","id":1,"result":true}

[Fastbot][2026-06-19 04:12:05.031] <-- END HTTP (39-byte body)
[Fastbot][2026-06-19 04:12:05.078] [Proxy Server] Forwarding
[Fastbot][2026-06-19 04:12:05.078] --> POST http://127.0.0.1:9008/jsonrpc/0
[Fastbot][2026-06-19 04:12:05.078] Content-Type: application/json; charset=utf-8
[Fastbot][2026-06-19 04:12:05.078] Content-Length: 205
[Fastbot][2026-06-19 04:12:05.078] 
[Fastbot][2026-06-19 04:12:05.079] {"jsonrpc": "2.0", "id": 1, "method": "getText", "params": [{"mask": 18874368, "childOrSibling": [], "childOrSiblingSelector": [], "resourceId": "it.feio.android.omninotes.alpha:id/title", "instance": 0}]}
[Fastbot][2026-06-19 04:12:05.079] --> END POST (205-byte body)
[Fastbot][2026-06-19 04:12:05.096] <-- 200 OK  http://127.0.0.1:9008/jsonrpc/0 (15ms)
[Fastbot][2026-06-19 04:12:05.096] Content-Type: application/json
[Fastbot][2026-06-19 04:12:05.096] Date: Fri, 19 Jun 2026 08:12:05 GMT
[Fastbot][2026-06-19 04:12:05.096] Connection: keep-alive
[Fastbot][2026-06-19 04:12:05.096] Transfer-Encoding: chunked
[Fastbot][2026-06-19 04:12:05.097] 
[Fastbot][2026-06-19 04:12:05.097] {"jsonrpc":"2.0","id":1,"result":"Notes"}

[Fastbot][2026-06-19 04:12:05.097] <-- END HTTP (42-byte body)
[Fastbot][2026-06-19 04:12:05.150] [Proxy Server] Forwarding
[Fastbot][2026-06-19 04:12:05.150] --> POST http://127.0.0.1:9008/jsonrpc/0
[Fastbot][2026-06-19 04:12:05.151] Content-Type: application/json; charset=utf-8
[Fastbot][2026-06-19 04:12:05.151] Content-Length: 218
[Fastbot][2026-06-19 04:12:05.151] 
[Fastbot][2026-06-19 04:12:05.152] {"jsonrpc": "2.0", "id": 1, "method": "waitForExists", "params": [{"mask": 18874368, "childOrSibling": [], "childOrSiblingSelector": [], "resourceId": "it.feio.android.omninotes.alpha:id/title", "instance": 1}, 20000]}
[Fastbot][2026-06-19 04:12:05.152] --> END POST (218-byte body)
[Fastbot][2026-06-19 04:12:05.164] <-- 200 OK  http://127.0.0.1:9008/jsonrpc/0 (12ms)
[Fastbot][2026-06-19 04:12:05.165] Content-Type: application/json
[Fastbot][2026-06-19 04:12:05.165] Date: Fri, 19 Jun 2026 08:12:05 GMT
[Fastbot][2026-06-19 04:12:05.165] Connection: keep-alive
[Fastbot][2026-06-19 04:12:05.165] Transfer-Encoding: chunked
[Fastbot][2026-06-19 04:12:05.166] 
[Fastbot][2026-06-19 04:12:05.166] {"jsonrpc":"2.0","id":1,"result":true}

[Fastbot][2026-06-19 04:12:05.167] <-- END HTTP (39-byte body)
[Fastbot][2026-06-19 04:12:05.196] [Proxy Server] Forwarding
[Fastbot][2026-06-19 04:12:05.196] --> POST http://127.0.0.1:9008/jsonrpc/0
[Fastbot][2026-06-19 04:12:05.197] Content-Type: application/json; charset=utf-8
[Fastbot][2026-06-19 04:12:05.197] Content-Length: 205
[Fastbot][2026-06-19 04:12:05.197] 
[Fastbot][2026-06-19 04:12:05.197] {"jsonrpc": "2.0", "id": 1, "method": "getText", "params": [{"mask": 18874368, "childOrSibling": [], "childOrSiblingSelector": [], "resourceId": "it.feio.android.omninotes.alpha:id/title", "instance": 1}]}
[Fastbot][2026-06-19 04:12:05.198] --> END POST (205-byte body)
[Fastbot][2026-06-19 04:12:05.207] <-- 200 OK  http://127.0.0.1:9008/jsonrpc/0 (8ms)
[Fastbot][2026-06-19 04:12:05.207] Content-Type: application/json
[Fastbot][2026-06-19 04:12:05.208] Date: Fri, 19 Jun 2026 08:12:05 GMT
[Fastbot][2026-06-19 04:12:05.208] Connection: keep-alive
[Fastbot][2026-06-19 04:12:05.208] Transfer-Encoding: chunked
[Fastbot][2026-06-19 04:12:05.253] 
[Fastbot][2026-06-19 04:12:05.253] {"jsonrpc":"2.0","id":1,"result":"rXFHz"}

[Fastbot][2026-06-19 04:12:05.253] <-- END HTTP (42-byte body)
[Fastbot][2026-06-19 04:12:05.289] [Proxy Server] Forwarding
[Fastbot][2026-06-19 04:12:05.290] --> POST http://127.0.0.1:9008/jsonrpc/0
[Fastbot][2026-06-19 04:12:05.290] Content-Type: application/json; charset=utf-8
[Fastbot][2026-06-19 04:12:05.290] Content-Length: 187
[Fastbot][2026-06-19 04:12:05.290] 
[Fastbot][2026-06-19 04:12:05.291] {"jsonrpc": "2.0", "id": 1, "method": "count", "params": [{"mask": 2097152, "childOrSibling": [], "childOrSiblingSelector": [], "resourceId": "it.feio.android.omninotes.alpha:id/title"}]}
[Fastbot][2026-06-19 04:12:05.291] --> END POST (187-byte body)
[Fastbot][2026-06-19 04:12:05.313] <-- 200 OK  http://127.0.0.1:9008/jsonrpc/0 (22ms)
[Fastbot][2026-06-19 04:12:05.313] Content-Type: application/json
[Fastbot][2026-06-19 04:12:05.314] Date: Fri, 19 Jun 2026 08:12:05 GMT
[Fastbot][2026-06-19 04:12:05.314] Connection: keep-alive
[Fastbot][2026-06-19 04:12:05.314] Transfer-Encoding: chunked
[Fastbot][2026-06-19 04:12:05.315] 
[Fastbot][2026-06-19 04:12:05.315] {"jsonrpc":"2.0","id":1,"result":2}

[Fastbot][2026-06-19 04:12:05.316] <-- END HTTP (36-byte body)
[Fastbot][2026-06-19 04:12:05.352] [Proxy Server] Forwarding
[Fastbot][2026-06-19 04:12:05.354] --> POST http://127.0.0.1:9008/jsonrpc/0
[Fastbot][2026-06-19 04:12:05.354] Content-Type: application/json; charset=utf-8
[Fastbot][2026-06-19 04:12:05.354] Content-Length: 218
[Fastbot][2026-06-19 04:12:05.355] 
[Fastbot][2026-06-19 04:12:05.355] {"jsonrpc": "2.0", "id": 1, "method": "waitForExists", "params": [{"mask": 18874368, "childOrSibling": [], "childOrSiblingSelector": [], "resourceId": "it.feio.android.omninotes.alpha:id/title", "instance": 0}, 20000]}
[Fastbot][2026-06-19 04:12:05.356] --> END POST (218-byte body)
[Fastbot][2026-06-19 04:12:05.365] <-- 200 OK  http://127.0.0.1:9008/jsonrpc/0 (8ms)
[Fastbot][2026-06-19 04:12:05.365] Content-Type: application/json
[Fastbot][2026-06-19 04:12:05.365] Date: Fri, 19 Jun 2026 08:12:05 GMT
[Fastbot][2026-06-19 04:12:05.365] Connection: keep-alive
[Fastbot][2026-06-19 04:12:05.366] Transfer-Encoding: chunked
[Fastbot][2026-06-19 04:12:05.368] 
[Fastbot][2026-06-19 04:12:05.368] {"jsonrpc":"2.0","id":1,"result":true}

[Fastbot][2026-06-19 04:12:05.369] <-- END HTTP (39-byte body)
[Fastbot][2026-06-19 04:12:05.398] [Proxy Server] Forwarding
[Fastbot][2026-06-19 04:12:05.399] --> POST http://127.0.0.1:9008/jsonrpc/0
[Fastbot][2026-06-19 04:12:05.399] Content-Type: application/json; charset=utf-8
[Fastbot][2026-06-19 04:12:05.399] Content-Length: 205
[Fastbot][2026-06-19 04:12:05.399] 
[Fastbot][2026-06-19 04:12:05.399] {"jsonrpc": "2.0", "id": 1, "method": "getText", "params": [{"mask": 18874368, "childOrSibling": [], "childOrSiblingSelector": [], "resourceId": "it.feio.android.omninotes.alpha:id/title", "instance": 0}]}
[Fastbot][2026-06-19 04:12:05.399] --> END POST (205-byte body)
[Fastbot][2026-06-19 04:12:05.408] <-- 200 OK  http://127.0.0.1:9008/jsonrpc/0 (8ms)
[Fastbot][2026-06-19 04:12:05.409] Content-Type: application/json
[Fastbot][2026-06-19 04:12:05.409] Date: Fri, 19 Jun 2026 08:12:05 GMT
[Fastbot][2026-06-19 04:12:05.409] Connection: keep-alive
[Fastbot][2026-06-19 04:12:05.410] Transfer-Encoding: chunked
[Fastbot][2026-06-19 04:12:05.410] 
[Fastbot][2026-06-19 04:12:05.411] {"jsonrpc":"2.0","id":1,"result":"Notes"}

[Fastbot][2026-06-19 04:12:05.412] <-- END HTTP (42-byte body)
[Fastbot][2026-06-19 04:12:05.443] [Proxy Server] Forwarding
[Fastbot][2026-06-19 04:12:05.443] --> POST http://127.0.0.1:9008/jsonrpc/0
[Fastbot][2026-06-19 04:12:05.443] Content-Type: application/json; charset=utf-8
[Fastbot][2026-06-19 04:12:05.444] Content-Length: 218
[Fastbot][2026-06-19 04:12:05.444] 
[Fastbot][2026-06-19 04:12:05.444] {"jsonrpc": "2.0", "id": 1, "method": "waitForExists", "params": [{"mask": 18874368, "childOrSibling": [], "childOrSiblingSelector": [], "resourceId": "it.feio.android.omninotes.alpha:id/title", "instance": 1}, 20000]}
[Fastbot][2026-06-19 04:12:05.445] --> END POST (218-byte body)
[Fastbot][2026-06-19 04:12:05.456] <-- 200 OK  http://127.0.0.1:9008/jsonrpc/0 (10ms)
[Fastbot][2026-06-19 04:12:05.456] Content-Type: application/json
[Fastbot][2026-06-19 04:12:05.456] Date: Fri, 19 Jun 2026 08:12:05 GMT
[Fastbot][2026-06-19 04:12:05.456] Connection: keep-alive
[Fastbot][2026-06-19 04:12:05.456] Transfer-Encoding: chunked
[Fastbot][2026-06-19 04:12:05.458] 
[Fastbot][2026-06-19 04:12:05.458] {"jsonrpc":"2.0","id":1,"result":true}

[Fastbot][2026-06-19 04:12:05.458] <-- END HTTP (39-byte body)
[Fastbot][2026-06-19 04:12:05.492] [Proxy Server] Forwarding
[Fastbot][2026-06-19 04:12:05.493] --> POST http://127.0.0.1:9008/jsonrpc/0
[Fastbot][2026-06-19 04:12:05.493] Content-Type: application/json; charset=utf-8
[Fastbot][2026-06-19 04:12:05.493] Content-Length: 205
[Fastbot][2026-06-19 04:12:05.495] 
[Fastbot][2026-06-19 04:12:05.495] {"jsonrpc": "2.0", "id": 1, "method": "getText", "params": [{"mask": 18874368, "childOrSibling": [], "childOrSiblingSelector": [], "resourceId": "it.feio.android.omninotes.alpha:id/title", "instance": 1}]}
[Fastbot][2026-06-19 04:12:05.496] --> END POST (205-byte body)
[Fastbot][2026-06-19 04:12:05.505] <-- 200 OK  http://127.0.0.1:9008/jsonrpc/0 (9ms)
[Fastbot][2026-06-19 04:12:05.505] Content-Type: application/json
[Fastbot][2026-06-19 04:12:05.505] Date: Fri, 19 Jun 2026 08:12:05 GMT
[Fastbot][2026-06-19 04:12:05.505] Connection: keep-alive
[Fastbot][2026-06-19 04:12:05.506] Transfer-Encoding: chunked
[Fastbot][2026-06-19 04:12:05.507] 
[Fastbot][2026-06-19 04:12:05.507] {"jsonrpc":"2.0","id":1,"result":"rXFHz"}

[Fastbot][2026-06-19 04:12:05.507] <-- END HTTP (42-byte body)
[Fastbot][2026-06-19 04:12:05.537] [Proxy Server] Detected script method: pressKey
[Fastbot][2026-06-19 04:12:05.538] [Proxy Server] Forwarding
[Fastbot][2026-06-19 04:12:05.538] --> POST http://127.0.0.1:9008/jsonrpc/0
[Fastbot][2026-06-19 04:12:05.539] Content-Type: application/json; charset=utf-8
[Fastbot][2026-06-19 04:12:05.539] Content-Length: 69
[Fastbot][2026-06-19 04:12:05.539] 
[Fastbot][2026-06-19 04:12:05.539] {"jsonrpc": "2.0", "id": 1, "method": "pressKey", "params": ["back"]}
[Fastbot][2026-06-19 04:12:05.540] --> END POST (69-byte body)
[Fastbot][2026-06-19 04:12:05.589] <-- 200 OK  http://127.0.0.1:9008/jsonrpc/0 (49ms)
[Fastbot][2026-06-19 04:12:05.589] Content-Type: application/json
[Fastbot][2026-06-19 04:12:05.589] Date: Fri, 19 Jun 2026 08:12:05 GMT
[Fastbot][2026-06-19 04:12:05.590] Connection: keep-alive
[Fastbot][2026-06-19 04:12:05.590] Transfer-Encoding: chunked
[Fastbot][2026-06-19 04:12:05.592] 
[Fastbot][2026-06-19 04:12:05.592] {"jsonrpc":"2.0","id":1,"result":true}

[Fastbot][2026-06-19 04:12:05.592] <-- END HTTP (39-byte body)
[Fastbot][2026-06-19 04:12:06.109] [Proxy Server] Forwarding
[Fastbot][2026-06-19 04:12:06.110] --> POST http://127.0.0.1:9008/jsonrpc/0
[Fastbot][2026-06-19 04:12:06.110] Content-Type: application/json; charset=utf-8
[Fastbot][2026-06-19 04:12:06.110] Content-Length: 225
[Fastbot][2026-06-19 04:12:06.110] 
[Fastbot][2026-06-19 04:12:06.110] {"jsonrpc": "2.0", "id": 1, "method": "waitForExists", "params": [{"mask": 2097153, "childOrSibling": [], "childOrSiblingSelector": [], "resourceId": "it.feio.android.omninotes.alpha:id/note_title", "text": "HOw7IM"}, 20000]}
[Fastbot][2026-06-19 04:12:06.110] --> END POST (225-byte body)
[Fastbot][2026-06-19 04:12:06.126] <-- 200 OK  http://127.0.0.1:9008/jsonrpc/0 (16ms)
[Fastbot][2026-06-19 04:12:06.127] Content-Type: application/json
[Fastbot][2026-06-19 04:12:06.127] Date: Fri, 19 Jun 2026 08:12:06 GMT
[Fastbot][2026-06-19 04:12:06.127] Connection: keep-alive
[Fastbot][2026-06-19 04:12:06.127] Transfer-Encoding: chunked
[Fastbot][2026-06-19 04:12:06.127] 
[Fastbot][2026-06-19 04:12:06.128] {"jsonrpc":"2.0","id":1,"result":true}

[Fastbot][2026-06-19 04:12:06.128] <-- END HTTP (39-byte body)
[Fastbot][2026-06-19 04:12:06.144] [Proxy Server] Forwarding
[Fastbot][2026-06-19 04:12:06.145] --> POST http://127.0.0.1:9008/jsonrpc/0
[Fastbot][2026-06-19 04:12:06.145] Content-Type: application/json; charset=utf-8
[Fastbot][2026-06-19 04:12:06.145] Content-Length: 212
[Fastbot][2026-06-19 04:12:06.145] 
[Fastbot][2026-06-19 04:12:06.145] {"jsonrpc": "2.0", "id": 1, "method": "objInfo", "params": [{"mask": 2097153, "childOrSibling": [], "childOrSiblingSelector": [], "resourceId": "it.feio.android.omninotes.alpha:id/note_title", "text": "HOw7IM"}]}
[Fastbot][2026-06-19 04:12:06.145] --> END POST (212-byte body)
[Fastbot][2026-06-19 04:12:06.177] <-- 200 OK  http://127.0.0.1:9008/jsonrpc/0 (31ms)
[Fastbot][2026-06-19 04:12:06.177] Content-Type: application/json
[Fastbot][2026-06-19 04:12:06.177] Date: Fri, 19 Jun 2026 08:12:06 GMT
[Fastbot][2026-06-19 04:12:06.178] Connection: keep-alive
[Fastbot][2026-06-19 04:12:06.179] Transfer-Encoding: chunked
[Fastbot][2026-06-19 04:12:06.222] 
[Fastbot][2026-06-19 04:12:06.222] {"jsonrpc":"2.0","id":1,"result":{"bounds":{"bottom":388,"left":58,"right":1014,"top":327},"childCount":0,"className":"android.widget.TextView","contentDescription":null,"packageName":"it.feio.android.omninotes.alpha","resourceName":"it.feio.android.omninotes.alpha:id/note_title","text":"HOw7IM","vi...[truncated]
[Fastbot][2026-06-19 04:12:06.222] <-- END HTTP (522-byte body)
[Fastbot][2026-06-19 04:12:06.273] [Proxy Server] Detected script method: click
[Fastbot][2026-06-19 04:12:06.273] [Proxy Server] Forwarding
[Fastbot][2026-06-19 04:12:06.273] --> POST http://127.0.0.1:9008/jsonrpc/0
[Fastbot][2026-06-19 04:12:06.273] Content-Type: application/json; charset=utf-8
[Fastbot][2026-06-19 04:12:06.273] Content-Length: 72
[Fastbot][2026-06-19 04:12:06.273] 
[Fastbot][2026-06-19 04:12:06.273] {"jsonrpc": "2.0", "id": 1, "method": "click", "params": [536.0, 357.5]}
[Fastbot][2026-06-19 04:12:06.274] --> END POST (72-byte body)
[Fastbot][2026-06-19 04:12:06.402] <-- 200 OK  http://127.0.0.1:9008/jsonrpc/0 (128ms)
[Fastbot][2026-06-19 04:12:06.403] Content-Type: application/json
[Fastbot][2026-06-19 04:12:06.403] Date: Fri, 19 Jun 2026 08:12:06 GMT
[Fastbot][2026-06-19 04:12:06.403] Connection: keep-alive
[Fastbot][2026-06-19 04:12:06.403] Transfer-Encoding: chunked
[Fastbot][2026-06-19 04:12:06.403] 
[Fastbot][2026-06-19 04:12:06.403] {"jsonrpc":"2.0","id":1,"result":true}

[Fastbot][2026-06-19 04:12:06.403] <-- END HTTP (39-byte body)
[Fastbot][2026-06-19 04:12:06.963] [Proxy Server] Forwarding
[Fastbot][2026-06-19 04:12:06.964] --> POST http://127.0.0.1:9008/jsonrpc/0
[Fastbot][2026-06-19 04:12:06.964] Content-Type: application/json; charset=utf-8
[Fastbot][2026-06-19 04:12:06.964] Content-Length: 210
[Fastbot][2026-06-19 04:12:06.964] 
[Fastbot][2026-06-19 04:12:06.964] {"jsonrpc": "2.0", "id": 1, "method": "waitForExists", "params": [{"mask": 2097152, "childOrSibling": [], "childOrSiblingSelector": [], "resourceId": "it.feio.android.omninotes.alpha:id/menu_category"}, 20000]}
[Fastbot][2026-06-19 04:12:06.965] --> END POST (210-byte body)
[Fastbot][2026-06-19 04:12:07.015] <-- 200 OK  http://127.0.0.1:9008/jsonrpc/0 (50ms)
[Fastbot][2026-06-19 04:12:07.016] Content-Type: application/json
[Fastbot][2026-06-19 04:12:07.016] Date: Fri, 19 Jun 2026 08:12:07 GMT
[Fastbot][2026-06-19 04:12:07.016] Connection: keep-alive
[Fastbot][2026-06-19 04:12:07.018] Transfer-Encoding: chunked
[Fastbot][2026-06-19 04:12:07.018] 
[Fastbot][2026-06-19 04:12:07.018] {"jsonrpc":"2.0","id":1,"result":true}

[Fastbot][2026-06-19 04:12:07.018] <-- END HTTP (39-byte body)
[Fastbot][2026-06-19 04:12:07.061] [Proxy Server] Forwarding
[Fastbot][2026-06-19 04:12:07.061] --> POST http://127.0.0.1:9008/jsonrpc/0
[Fastbot][2026-06-19 04:12:07.061] Content-Type: application/json; charset=utf-8
[Fastbot][2026-06-19 04:12:07.061] Content-Length: 197
[Fastbot][2026-06-19 04:12:07.061] 
[Fastbot][2026-06-19 04:12:07.062] {"jsonrpc": "2.0", "id": 1, "method": "objInfo", "params": [{"mask": 2097152, "childOrSibling": [], "childOrSiblingSelector": [], "resourceId": "it.feio.android.omninotes.alpha:id/menu_category"}]}
[Fastbot][2026-06-19 04:12:07.062] --> END POST (197-byte body)
[Fastbot][2026-06-19 04:12:07.098] <-- 200 OK  http://127.0.0.1:9008/jsonrpc/0 (35ms)
[Fastbot][2026-06-19 04:12:07.098] Content-Type: application/json
[Fastbot][2026-06-19 04:12:07.098] Date: Fri, 19 Jun 2026 08:12:07 GMT
[Fastbot][2026-06-19 04:12:07.098] Connection: keep-alive
[Fastbot][2026-06-19 04:12:07.098] Transfer-Encoding: chunked
[Fastbot][2026-06-19 04:12:07.099] 
[Fastbot][2026-06-19 04:12:07.099] {"jsonrpc":"2.0","id":1,"result":{"bounds":{"bottom":275,"left":573,"right":705,"top":143},"childCount":0,"className":"android.widget.Button","contentDescription":"Category","packageName":"it.feio.android.omninotes.alpha","resourceName":"it.feio.android.omninotes.alpha:id/menu_category","text":null,...[truncated]
[Fastbot][2026-06-19 04:12:07.099] <-- END HTTP (522-byte body)
[Fastbot][2026-06-19 04:12:07.130] [Proxy Server] Detected script method: click
[Fastbot][2026-06-19 04:12:07.130] [Proxy Server] Forwarding
[Fastbot][2026-06-19 04:12:07.130] --> POST http://127.0.0.1:9008/jsonrpc/0
[Fastbot][2026-06-19 04:12:07.131] Content-Type: application/json; charset=utf-8
[Fastbot][2026-06-19 04:12:07.131] Content-Length: 72
[Fastbot][2026-06-19 04:12:07.131] 
[Fastbot][2026-06-19 04:12:07.131] {"jsonrpc": "2.0", "id": 1, "method": "click", "params": [639.0, 209.0]}
[Fastbot][2026-06-19 04:12:07.131] --> END POST (72-byte body)
[Fastbot][2026-06-19 04:12:07.269] <-- 200 OK  http://127.0.0.1:9008/jsonrpc/0 (137ms)
[Fastbot][2026-06-19 04:12:07.269] Content-Type: application/json
[Fastbot][2026-06-19 04:12:07.269] Date: Fri, 19 Jun 2026 08:12:07 GMT
[Fastbot][2026-06-19 04:12:07.269] Connection: keep-alive
[Fastbot][2026-06-19 04:12:07.269] Transfer-Encoding: chunked
[Fastbot][2026-06-19 04:12:07.270] 
[Fastbot][2026-06-19 04:12:07.270] {"jsonrpc":"2.0","id":1,"result":true}

[Fastbot][2026-06-19 04:12:07.270] <-- END HTTP (39-byte body)
[Fastbot][2026-06-19 04:12:07.816] [Proxy Server] Forwarding
[Fastbot][2026-06-19 04:12:07.816] --> POST http://127.0.0.1:9008/jsonrpc/0
[Fastbot][2026-06-19 04:12:07.816] Content-Type: application/json; charset=utf-8
[Fastbot][2026-06-19 04:12:07.816] Content-Length: 187
[Fastbot][2026-06-19 04:12:07.817] 
[Fastbot][2026-06-19 04:12:07.817] {"jsonrpc": "2.0", "id": 1, "method": "count", "params": [{"mask": 2097152, "childOrSibling": [], "childOrSiblingSelector": [], "resourceId": "it.feio.android.omninotes.alpha:id/count"}]}
[Fastbot][2026-06-19 04:12:07.817] --> END POST (187-byte body)
[Fastbot][2026-06-19 04:12:07.825] <-- 200 OK  http://127.0.0.1:9008/jsonrpc/0 (7ms)
[Fastbot][2026-06-19 04:12:07.825] Content-Type: application/json
[Fastbot][2026-06-19 04:12:07.825] Date: Fri, 19 Jun 2026 08:12:07 GMT
[Fastbot][2026-06-19 04:12:07.825] Connection: keep-alive
[Fastbot][2026-06-19 04:12:07.825] Transfer-Encoding: chunked
[Fastbot][2026-06-19 04:12:07.826] 
[Fastbot][2026-06-19 04:12:07.826] {"jsonrpc":"2.0","id":1,"result":1}

[Fastbot][2026-06-19 04:12:07.826] <-- END HTTP (36-byte body)
[Fastbot][2026-06-19 04:12:07.878] [Proxy Server] Forwarding
[Fastbot][2026-06-19 04:12:07.878] --> POST http://127.0.0.1:9008/jsonrpc/0
[Fastbot][2026-06-19 04:12:07.878] Content-Type: application/json; charset=utf-8
[Fastbot][2026-06-19 04:12:07.878] Content-Length: 218
[Fastbot][2026-06-19 04:12:07.879] 
[Fastbot][2026-06-19 04:12:07.879] {"jsonrpc": "2.0", "id": 1, "method": "waitForExists", "params": [{"mask": 18874368, "childOrSibling": [], "childOrSiblingSelector": [], "resourceId": "it.feio.android.omninotes.alpha:id/count", "instance": 0}, 20000]}
[Fastbot][2026-06-19 04:12:07.879] --> END POST (218-byte body)
[Fastbot][2026-06-19 04:12:07.886] <-- 200 OK  http://127.0.0.1:9008/jsonrpc/0 (7ms)
[Fastbot][2026-06-19 04:12:07.886] Content-Type: application/json
[Fastbot][2026-06-19 04:12:07.886] Date: Fri, 19 Jun 2026 08:12:07 GMT
[Fastbot][2026-06-19 04:12:07.886] Connection: keep-alive
[Fastbot][2026-06-19 04:12:07.886] Transfer-Encoding: chunked
[Fastbot][2026-06-19 04:12:07.887] 
[Fastbot][2026-06-19 04:12:07.887] {"jsonrpc":"2.0","id":1,"result":true}

[Fastbot][2026-06-19 04:12:07.887] <-- END HTTP (39-byte body)
[Fastbot][2026-06-19 04:12:07.902] [Proxy Server] Forwarding
[Fastbot][2026-06-19 04:12:07.902] --> POST http://127.0.0.1:9008/jsonrpc/0
[Fastbot][2026-06-19 04:12:07.902] Content-Type: application/json; charset=utf-8
[Fastbot][2026-06-19 04:12:07.903] Content-Length: 205
[Fastbot][2026-06-19 04:12:07.903] 
[Fastbot][2026-06-19 04:12:07.903] {"jsonrpc": "2.0", "id": 1, "method": "getText", "params": [{"mask": 18874368, "childOrSibling": [], "childOrSiblingSelector": [], "resourceId": "it.feio.android.omninotes.alpha:id/count", "instance": 0}]}
[Fastbot][2026-06-19 04:12:07.903] --> END POST (205-byte body)
[Fastbot][2026-06-19 04:12:07.909] <-- 200 OK  http://127.0.0.1:9008/jsonrpc/0 (5ms)
[Fastbot][2026-06-19 04:12:07.909] Content-Type: application/json
[Fastbot][2026-06-19 04:12:07.909] Date: Fri, 19 Jun 2026 08:12:07 GMT
[Fastbot][2026-06-19 04:12:07.909] Connection: keep-alive
[Fastbot][2026-06-19 04:12:07.909] Transfer-Encoding: chunked
[Fastbot][2026-06-19 04:12:07.953] 
[Fastbot][2026-06-19 04:12:07.953] {"jsonrpc":"2.0","id":1,"result":"2"}

[Fastbot][2026-06-19 04:12:07.953] <-- END HTTP (38-byte body)
[Fastbot][2026-06-19 04:12:08.003] [Proxy Server] Forwarding
[Fastbot][2026-06-19 04:12:08.003] --> POST http://127.0.0.1:9008/jsonrpc/0
[Fastbot][2026-06-19 04:12:08.003] Content-Type: application/json; charset=utf-8
[Fastbot][2026-06-19 04:12:08.003] Content-Length: 187
[Fastbot][2026-06-19 04:12:08.004] 
[Fastbot][2026-06-19 04:12:08.004] {"jsonrpc": "2.0", "id": 1, "method": "count", "params": [{"mask": 2097152, "childOrSibling": [], "childOrSiblingSelector": [], "resourceId": "it.feio.android.omninotes.alpha:id/title"}]}
[Fastbot][2026-06-19 04:12:08.005] --> END POST (187-byte body)
[Fastbot][2026-06-19 04:12:08.014] <-- 200 OK  http://127.0.0.1:9008/jsonrpc/0 (8ms)
[Fastbot][2026-06-19 04:12:08.014] Content-Type: application/json
[Fastbot][2026-06-19 04:12:08.014] Date: Fri, 19 Jun 2026 08:12:08 GMT
[Fastbot][2026-06-19 04:12:08.014] Connection: keep-alive
[Fastbot][2026-06-19 04:12:08.014] Transfer-Encoding: chunked
[Fastbot][2026-06-19 04:12:08.015] 
[Fastbot][2026-06-19 04:12:08.015] {"jsonrpc":"2.0","id":1,"result":1}

[Fastbot][2026-06-19 04:12:08.015] <-- END HTTP (36-byte body)
[Fastbot][2026-06-19 04:12:08.051] [Proxy Server] Forwarding
[Fastbot][2026-06-19 04:12:08.051] --> POST http://127.0.0.1:9008/jsonrpc/0
[Fastbot][2026-06-19 04:12:08.052] Content-Type: application/json; charset=utf-8
[Fastbot][2026-06-19 04:12:08.052] Content-Length: 218
[Fastbot][2026-06-19 04:12:08.052] 
[Fastbot][2026-06-19 04:12:08.052] {"jsonrpc": "2.0", "id": 1, "method": "waitForExists", "params": [{"mask": 18874368, "childOrSibling": [], "childOrSiblingSelector": [], "resourceId": "it.feio.android.omninotes.alpha:id/title", "instance": 0}, 20000]}
[Fastbot][2026-06-19 04:12:08.052] --> END POST (218-byte body)
[Fastbot][2026-06-19 04:12:08.058] <-- 200 OK  http://127.0.0.1:9008/jsonrpc/0 (5ms)
[Fastbot][2026-06-19 04:12:08.058] Content-Type: application/json
[Fastbot][2026-06-19 04:12:08.058] Date: Fri, 19 Jun 2026 08:12:08 GMT
[Fastbot][2026-06-19 04:12:08.058] Connection: keep-alive
[Fastbot][2026-06-19 04:12:08.058] Transfer-Encoding: chunked
[Fastbot][2026-06-19 04:12:08.059] 
[Fastbot][2026-06-19 04:12:08.059] {"jsonrpc":"2.0","id":1,"result":true}

[Fastbot][2026-06-19 04:12:08.059] <-- END HTTP (39-byte body)
[Fastbot][2026-06-19 04:12:08.097] [Proxy Server] Forwarding
[Fastbot][2026-06-19 04:12:08.097] --> POST http://127.0.0.1:9008/jsonrpc/0
[Fastbot][2026-06-19 04:12:08.097] Content-Type: application/json; charset=utf-8
[Fastbot][2026-06-19 04:12:08.097] Content-Length: 205
[Fastbot][2026-06-19 04:12:08.098] 
[Fastbot][2026-06-19 04:12:08.098] {"jsonrpc": "2.0", "id": 1, "method": "getText", "params": [{"mask": 18874368, "childOrSibling": [], "childOrSiblingSelector": [], "resourceId": "it.feio.android.omninotes.alpha:id/title", "instance": 0}]}
[Fastbot][2026-06-19 04:12:08.099] --> END POST (205-byte body)
[Fastbot][2026-06-19 04:12:08.104] <-- 200 OK  http://127.0.0.1:9008/jsonrpc/0 (5ms)
[Fastbot][2026-06-19 04:12:08.105] Content-Type: application/json
[Fastbot][2026-06-19 04:12:08.105] Date: Fri, 19 Jun 2026 08:12:08 GMT
[Fastbot][2026-06-19 04:12:08.105] Connection: keep-alive
[Fastbot][2026-06-19 04:12:08.105] Transfer-Encoding: chunked
[Fastbot][2026-06-19 04:12:08.105] 
[Fastbot][2026-06-19 04:12:08.106] {"jsonrpc":"2.0","id":1,"result":"rXFHz"}

[Fastbot][2026-06-19 04:12:08.106] <-- END HTTP (42-byte body)
[Fastbot][2026-06-19 04:12:08.160] [Proxy Server] Detected script method: pressKey
[Fastbot][2026-06-19 04:12:08.160] [Proxy Server] Forwarding
[Fastbot][2026-06-19 04:12:08.160] --> POST http://127.0.0.1:9008/jsonrpc/0
[Fastbot][2026-06-19 04:12:08.160] Content-Type: application/json; charset=utf-8
[Fastbot][2026-06-19 04:12:08.160] Content-Length: 69
[Fastbot][2026-06-19 04:12:08.161] 
[Fastbot][2026-06-19 04:12:08.161] {"jsonrpc": "2.0", "id": 1, "method": "pressKey", "params": ["back"]}
[Fastbot][2026-06-19 04:12:08.161] --> END POST (69-byte body)
[Fastbot][2026-06-19 04:12:09.354] <-- 200 OK  http://127.0.0.1:9008/jsonrpc/0 (1193ms)
[Fastbot][2026-06-19 04:12:09.355] Content-Type: application/json
[Fastbot][2026-06-19 04:12:09.355] Date: Fri, 19 Jun 2026 08:12:09 GMT
[Fastbot][2026-06-19 04:12:09.355] Connection: keep-alive
[Fastbot][2026-06-19 04:12:09.355] Transfer-Encoding: chunked
[Fastbot][2026-06-19 04:12:09.355] 
[Fastbot][2026-06-19 04:12:09.356] {"jsonrpc":"2.0","id":1,"result":false}

[Fastbot][2026-06-19 04:12:09.356] <-- END HTTP (40-byte body)
[Fastbot][2026-06-19 04:12:09.890] [Proxy Server] Detected script method: pressKey
[Fastbot][2026-06-19 04:12:09.891] [Proxy Server] Forwarding
[Fastbot][2026-06-19 04:12:09.892] --> POST http://127.0.0.1:9008/jsonrpc/0
[Fastbot][2026-06-19 04:12:09.892] Content-Type: application/json; charset=utf-8
[Fastbot][2026-06-19 04:12:09.892] Content-Length: 69
[Fastbot][2026-06-19 04:12:09.893] 
[Fastbot][2026-06-19 04:12:09.893] {"jsonrpc": "2.0", "id": 1, "method": "pressKey", "params": ["back"]}
[Fastbot][2026-06-19 04:12:09.893] --> END POST (69-byte body)
[Fastbot][2026-06-19 04:12:09.929] <-- 200 OK  http://127.0.0.1:9008/jsonrpc/0 (33ms)
[Fastbot][2026-06-19 04:12:09.931] Content-Type: application/json
[Fastbot][2026-06-19 04:12:09.932] Date: Fri, 19 Jun 2026 08:12:09 GMT
[Fastbot][2026-06-19 04:12:09.932] Connection: keep-alive
[Fastbot][2026-06-19 04:12:09.932] Transfer-Encoding: chunked
[Fastbot][2026-06-19 04:12:09.932] 
[Fastbot][2026-06-19 04:12:09.933] {"jsonrpc":"2.0","id":1,"result":true}

[Fastbot][2026-06-19 04:12:09.934] <-- END HTTP (39-byte body)
[Fastbot][2026-06-19 04:12:10.681] --> POST http://127.0.0.1:9008/jsonrpc/0
[Fastbot][2026-06-19 04:12:10.681] Content-Type: application/json; charset=utf-8
[Fastbot][2026-06-19 04:12:10.682] Content-Length: 75
[Fastbot][2026-06-19 04:12:10.682] 
[Fastbot][2026-06-19 04:12:10.682] {"id":1,"jsonrpc":"2.0","method":"dumpWindowHierarchy","params":[false,50]}
[Fastbot][2026-06-19 04:12:10.683] --> END POST (75-byte body)
[Fastbot][2026-06-19 04:12:10.708] <-- 200 OK  http://127.0.0.1:9008/jsonrpc/0 (25ms)
[Fastbot][2026-06-19 04:12:10.708] Content-Type: application/json
[Fastbot][2026-06-19 04:12:10.709] Date: Fri, 19 Jun 2026 08:12:10 GMT
[Fastbot][2026-06-19 04:12:10.709] Connection: keep-alive
[Fastbot][2026-06-19 04:12:10.709] Transfer-Encoding: chunked
[Fastbot][2026-06-19 04:12:10.713] 
[Fastbot][2026-06-19 04:12:10.713] {"jsonrpc":"2.0","id":1,"result":"<?xml version='1.0' encoding='UTF-8' standalone='yes' ?>\r\n<hierarchy rotation=\"0\">\r\n  <node index=\"0\" text=\"\" resource-id=\"\" class=\"android.widget.FrameLayout\" package=\"it.feio.android.omninotes.alpha\" content-desc=\"\" checkable=\"false\" checked=\"...[truncated]
[Fastbot][2026-06-19 04:12:10.713] <-- END HTTP (38167-byte body)
[Fastbot][2026-06-19 04:12:10.793] [Proxy Server] Forwarding
[Fastbot][2026-06-19 04:12:10.793] --> POST http://127.0.0.1:9008/jsonrpc/0
[Fastbot][2026-06-19 04:12:10.793] Content-Type: application/json; charset=utf-8
[Fastbot][2026-06-19 04:12:10.793] Content-Length: 219
[Fastbot][2026-06-19 04:12:10.793] 
[Fastbot][2026-06-19 04:12:10.793] {"jsonrpc": "2.0", "id": 1, "method": "waitForExists", "params": [{"mask": 2097152, "childOrSibling": [], "childOrSiblingSelector": [], "resourceId": "it.feio.android.omninotes.alpha:id/fab_expand_menu_button"}, 20000]}
[Fastbot][2026-06-19 04:12:10.793] --> END POST (219-byte body)
[Fastbot][2026-06-19 04:12:10.806] <-- 200 OK  http://127.0.0.1:9008/jsonrpc/0 (12ms)
[Fastbot][2026-06-19 04:12:10.807] Content-Type: application/json
[Fastbot][2026-06-19 04:12:10.807] Date: Fri, 19 Jun 2026 08:12:10 GMT
[Fastbot][2026-06-19 04:12:10.807] Connection: keep-alive
[Fastbot][2026-06-19 04:12:10.807] Transfer-Encoding: chunked
[Fastbot][2026-06-19 04:12:10.808] 
[Fastbot][2026-06-19 04:12:10.809] {"jsonrpc":"2.0","id":1,"result":true}

[Fastbot][2026-06-19 04:12:10.809] <-- END HTTP (39-byte body)
[Fastbot][2026-06-19 04:12:10.856] [Proxy Server] Forwarding
[Fastbot][2026-06-19 04:12:10.856] --> POST http://127.0.0.1:9008/jsonrpc/0
[Fastbot][2026-06-19 04:12:10.856] Content-Type: application/json; charset=utf-8
[Fastbot][2026-06-19 04:12:10.856] Content-Length: 206
[Fastbot][2026-06-19 04:12:10.856] 
[Fastbot][2026-06-19 04:12:10.856] {"jsonrpc": "2.0", "id": 1, "method": "objInfo", "params": [{"mask": 2097152, "childOrSibling": [], "childOrSiblingSelector": [], "resourceId": "it.feio.android.omninotes.alpha:id/fab_expand_menu_button"}]}
[Fastbot][2026-06-19 04:12:10.857] --> END POST (206-byte body)
[Fastbot][2026-06-19 04:12:10.880] <-- 200 OK  http://127.0.0.1:9008/jsonrpc/0 (23ms)
[Fastbot][2026-06-19 04:12:10.881] Content-Type: application/json
[Fastbot][2026-06-19 04:12:10.881] Date: Fri, 19 Jun 2026 08:12:10 GMT
[Fastbot][2026-06-19 04:12:10.881] Connection: keep-alive
[Fastbot][2026-06-19 04:12:10.881] Transfer-Encoding: chunked
[Fastbot][2026-06-19 04:12:10.882] 
[Fastbot][2026-06-19 04:12:10.882] {"jsonrpc":"2.0","id":1,"result":{"bounds":{"bottom":2016,"left":856,"right":1058,"top":1923},"childCount":0,"className":"android.widget.ImageButton","contentDescription":null,"packageName":"it.feio.android.omninotes.alpha","resourceName":"it.feio.android.omninotes.alpha:id/fab_expand_menu_button","...[truncated]
[Fastbot][2026-06-19 04:12:10.882] <-- END HTTP (536-byte body)
[Fastbot][2026-06-19 04:12:10.917] [Proxy Server] Detected script method: click
[Fastbot][2026-06-19 04:12:10.918] [Proxy Server] Forwarding
[Fastbot][2026-06-19 04:12:10.918] --> POST http://127.0.0.1:9008/jsonrpc/0
[Fastbot][2026-06-19 04:12:10.918] Content-Type: application/json; charset=utf-8
[Fastbot][2026-06-19 04:12:10.918] Content-Length: 73
[Fastbot][2026-06-19 04:12:10.918] 
[Fastbot][2026-06-19 04:12:10.918] {"jsonrpc": "2.0", "id": 1, "method": "click", "params": [957.0, 1969.5]}
[Fastbot][2026-06-19 04:12:10.918] --> END POST (73-byte body)
[Fastbot][2026-06-19 04:12:11.058] <-- 200 OK  http://127.0.0.1:9008/jsonrpc/0 (138ms)
[Fastbot][2026-06-19 04:12:11.058] Content-Type: application/json
[Fastbot][2026-06-19 04:12:11.058] Date: Fri, 19 Jun 2026 08:12:11 GMT
[Fastbot][2026-06-19 04:12:11.058] Connection: keep-alive
[Fastbot][2026-06-19 04:12:11.059] Transfer-Encoding: chunked
[Fastbot][2026-06-19 04:12:11.059] 
[Fastbot][2026-06-19 04:12:11.059] {"jsonrpc":"2.0","id":1,"result":true}

[Fastbot][2026-06-19 04:12:11.059] <-- END HTTP (39-byte body)
[Fastbot][2026-06-19 04:12:11.594] [Proxy Server] Forwarding
[Fastbot][2026-06-19 04:12:11.594] --> POST http://127.0.0.1:9008/jsonrpc/0
[Fastbot][2026-06-19 04:12:11.594] Content-Type: application/json; charset=utf-8
[Fastbot][2026-06-19 04:12:11.594] Content-Length: 205
[Fastbot][2026-06-19 04:12:11.595] 
[Fastbot][2026-06-19 04:12:11.595] {"jsonrpc": "2.0", "id": 1, "method": "waitForExists", "params": [{"mask": 2097152, "childOrSibling": [], "childOrSiblingSelector": [], "resourceId": "it.feio.android.omninotes.alpha:id/fab_note"}, 20000]}
[Fastbot][2026-06-19 04:12:11.595] --> END POST (205-byte body)
[Fastbot][2026-06-19 04:12:11.665] <-- 200 OK  http://127.0.0.1:9008/jsonrpc/0 (69ms)
[Fastbot][2026-06-19 04:12:11.665] Content-Type: application/json
[Fastbot][2026-06-19 04:12:11.665] Date: Fri, 19 Jun 2026 08:12:11 GMT
[Fastbot][2026-06-19 04:12:11.665] Connection: keep-alive
[Fastbot][2026-06-19 04:12:11.665] Transfer-Encoding: chunked
[Fastbot][2026-06-19 04:12:11.666] 
[Fastbot][2026-06-19 04:12:11.667] {"jsonrpc":"2.0","id":1,"result":true}

[Fastbot][2026-06-19 04:12:11.667] <-- END HTTP (39-byte body)
[Fastbot][2026-06-19 04:12:11.717] [Proxy Server] Forwarding
[Fastbot][2026-06-19 04:12:11.717] --> POST http://127.0.0.1:9008/jsonrpc/0
[Fastbot][2026-06-19 04:12:11.718] Content-Type: application/json; charset=utf-8
[Fastbot][2026-06-19 04:12:11.718] Content-Length: 192
[Fastbot][2026-06-19 04:12:11.718] 
[Fastbot][2026-06-19 04:12:11.718] {"jsonrpc": "2.0", "id": 1, "method": "objInfo", "params": [{"mask": 2097152, "childOrSibling": [], "childOrSiblingSelector": [], "resourceId": "it.feio.android.omninotes.alpha:id/fab_note"}]}
[Fastbot][2026-06-19 04:12:11.718] --> END POST (192-byte body)
[Fastbot][2026-06-19 04:12:11.841] <-- 200 OK  http://127.0.0.1:9008/jsonrpc/0 (122ms)
[Fastbot][2026-06-19 04:12:11.841] Content-Type: application/json
[Fastbot][2026-06-19 04:12:11.841] Date: Fri, 19 Jun 2026 08:12:11 GMT
[Fastbot][2026-06-19 04:12:11.842] Connection: keep-alive
[Fastbot][2026-06-19 04:12:11.842] Transfer-Encoding: chunked
[Fastbot][2026-06-19 04:12:11.843] 
[Fastbot][2026-06-19 04:12:11.843] {"jsonrpc":"2.0","id":1,"result":{"bounds":{"bottom":1912,"left":878,"right":1037,"top":1753},"childCount":0,"className":"android.widget.ImageButton","contentDescription":null,"packageName":"it.feio.android.omninotes.alpha","resourceName":"it.feio.android.omninotes.alpha:id/fab_note","text":null,"vi...[truncated]
[Fastbot][2026-06-19 04:12:11.843] <-- END HTTP (523-byte body)
[Fastbot][2026-06-19 04:12:11.885] [Proxy Server] Detected script method: click
[Fastbot][2026-06-19 04:12:11.887] [Proxy Server] Forwarding
[Fastbot][2026-06-19 04:12:11.887] --> POST http://127.0.0.1:9008/jsonrpc/0
[Fastbot][2026-06-19 04:12:11.888] Content-Type: application/json; charset=utf-8
[Fastbot][2026-06-19 04:12:11.888] Content-Length: 73
[Fastbot][2026-06-19 04:12:11.888] 
[Fastbot][2026-06-19 04:12:11.889] {"jsonrpc": "2.0", "id": 1, "method": "click", "params": [957.5, 1832.5]}
[Fastbot][2026-06-19 04:12:11.889] --> END POST (73-byte body)
[Fastbot][2026-06-19 04:12:12.019] <-- 200 OK  http://127.0.0.1:9008/jsonrpc/0 (130ms)
[Fastbot][2026-06-19 04:12:12.020] Content-Type: application/json
[Fastbot][2026-06-19 04:12:12.020] Date: Fri, 19 Jun 2026 08:12:12 GMT
[Fastbot][2026-06-19 04:12:12.020] Connection: keep-alive
[Fastbot][2026-06-19 04:12:12.020] Transfer-Encoding: chunked
[Fastbot][2026-06-19 04:12:12.020] 
[Fastbot][2026-06-19 04:12:12.020] {"jsonrpc":"2.0","id":1,"result":true}

[Fastbot][2026-06-19 04:12:12.020] <-- END HTTP (39-byte body)
[Fastbot][2026-06-19 04:12:12.551] [Proxy Server] Forwarding
[Fastbot][2026-06-19 04:12:12.551] --> POST http://127.0.0.1:9008/jsonrpc/0
[Fastbot][2026-06-19 04:12:12.551] Content-Type: application/json; charset=utf-8
[Fastbot][2026-06-19 04:12:12.551] Content-Length: 209
[Fastbot][2026-06-19 04:12:12.552] 
[Fastbot][2026-06-19 04:12:12.552] {"jsonrpc": "2.0", "id": 1, "method": "waitForExists", "params": [{"mask": 2097152, "childOrSibling": [], "childOrSiblingSelector": [], "resourceId": "it.feio.android.omninotes.alpha:id/detail_title"}, 20000]}
[Fastbot][2026-06-19 04:12:12.552] --> END POST (209-byte body)
[Fastbot][2026-06-19 04:12:12.614] <-- 200 OK  http://127.0.0.1:9008/jsonrpc/0 (61ms)
[Fastbot][2026-06-19 04:12:12.614] Content-Type: application/json
[Fastbot][2026-06-19 04:12:12.614] Date: Fri, 19 Jun 2026 08:12:12 GMT
[Fastbot][2026-06-19 04:12:12.614] Connection: keep-alive
[Fastbot][2026-06-19 04:12:12.614] Transfer-Encoding: chunked
[Fastbot][2026-06-19 04:12:12.615] 
[Fastbot][2026-06-19 04:12:12.616] {"jsonrpc":"2.0","id":1,"result":true}

[Fastbot][2026-06-19 04:12:12.616] <-- END HTTP (39-byte body)
[Fastbot][2026-06-19 04:12:12.658] [Proxy Server] Detected script method: setText
[Fastbot][2026-06-19 04:12:12.659] [Proxy Server] Forwarding
[Fastbot][2026-06-19 04:12:12.659] --> POST http://127.0.0.1:9008/jsonrpc/0
[Fastbot][2026-06-19 04:12:12.659] Content-Type: application/json; charset=utf-8
[Fastbot][2026-06-19 04:12:12.659] Content-Length: 207
[Fastbot][2026-06-19 04:12:12.659] 
[Fastbot][2026-06-19 04:12:12.660] {"jsonrpc": "2.0", "id": 1, "method": "setText", "params": [{"mask": 2097152, "childOrSibling": [], "childOrSiblingSelector": [], "resourceId": "it.feio.android.omninotes.alpha:id/detail_title"}, "0m5Ut5D"]}
[Fastbot][2026-06-19 04:12:12.660] --> END POST (207-byte body)
[Fastbot][2026-06-19 04:12:12.756] <-- 200 OK  http://127.0.0.1:9008/jsonrpc/0 (95ms)
[Fastbot][2026-06-19 04:12:12.756] Content-Type: application/json
[Fastbot][2026-06-19 04:12:12.756] Date: Fri, 19 Jun 2026 08:12:12 GMT
[Fastbot][2026-06-19 04:12:12.756] Connection: keep-alive
[Fastbot][2026-06-19 04:12:12.756] Transfer-Encoding: chunked
[Fastbot][2026-06-19 04:12:12.757] 
[Fastbot][2026-06-19 04:12:12.757] {"jsonrpc":"2.0","id":1,"result":true}

[Fastbot][2026-06-19 04:12:12.758] <-- END HTTP (39-byte body)
[Fastbot][2026-06-19 04:12:12.799] [Proxy Server] Forwarding
[Fastbot][2026-06-19 04:12:12.800] --> POST http://127.0.0.1:9008/jsonrpc/0
[Fastbot][2026-06-19 04:12:12.800] Content-Type: application/json; charset=utf-8
[Fastbot][2026-06-19 04:12:12.800] Content-Length: 211
[Fastbot][2026-06-19 04:12:12.800] 
[Fastbot][2026-06-19 04:12:12.800] {"jsonrpc": "2.0", "id": 1, "method": "waitForExists", "params": [{"mask": 2097152, "childOrSibling": [], "childOrSiblingSelector": [], "resourceId": "it.feio.android.omninotes.alpha:id/detail_content"}, 20000]}
[Fastbot][2026-06-19 04:12:12.800] --> END POST (211-byte body)
[Fastbot][2026-06-19 04:12:12.813] <-- 200 OK  http://127.0.0.1:9008/jsonrpc/0 (12ms)
[Fastbot][2026-06-19 04:12:12.813] Content-Type: application/json
[Fastbot][2026-06-19 04:12:12.813] Date: Fri, 19 Jun 2026 08:12:12 GMT
[Fastbot][2026-06-19 04:12:12.813] Connection: keep-alive
[Fastbot][2026-06-19 04:12:12.813] Transfer-Encoding: chunked
[Fastbot][2026-06-19 04:12:12.815] 
[Fastbot][2026-06-19 04:12:12.815] {"jsonrpc":"2.0","id":1,"result":true}

[Fastbot][2026-06-19 04:12:12.815] <-- END HTTP (39-byte body)
[Fastbot][2026-06-19 04:12:12.845] [Proxy Server] Detected script method: setText
[Fastbot][2026-06-19 04:12:12.846] [Proxy Server] Forwarding
[Fastbot][2026-06-19 04:12:12.847] --> POST http://127.0.0.1:9008/jsonrpc/0
[Fastbot][2026-06-19 04:12:12.847] Content-Type: application/json; charset=utf-8
[Fastbot][2026-06-19 04:12:12.847] Content-Length: 214
[Fastbot][2026-06-19 04:12:12.847] 
[Fastbot][2026-06-19 04:12:12.848] {"jsonrpc": "2.0", "id": 1, "method": "setText", "params": [{"mask": 2097152, "childOrSibling": [], "childOrSiblingSelector": [], "resourceId": "it.feio.android.omninotes.alpha:id/detail_content"}, "test content"]}
[Fastbot][2026-06-19 04:12:12.848] --> END POST (214-byte body)
[Fastbot][2026-06-19 04:12:12.928] <-- 200 OK  http://127.0.0.1:9008/jsonrpc/0 (79ms)
[Fastbot][2026-06-19 04:12:12.928] Content-Type: application/json
[Fastbot][2026-06-19 04:12:12.928] Date: Fri, 19 Jun 2026 08:12:12 GMT
[Fastbot][2026-06-19 04:12:12.929] Connection: keep-alive
[Fastbot][2026-06-19 04:12:12.929] Transfer-Encoding: chunked
[Fastbot][2026-06-19 04:12:12.929] 
[Fastbot][2026-06-19 04:12:12.930] {"jsonrpc":"2.0","id":1,"result":true}

[Fastbot][2026-06-19 04:12:12.930] <-- END HTTP (39-byte body)
[Fastbot][2026-06-19 04:12:13.447] [Proxy Server] Detected script method: pressKey
[Fastbot][2026-06-19 04:12:13.447] [Proxy Server] Forwarding
[Fastbot][2026-06-19 04:12:13.447] --> POST http://127.0.0.1:9008/jsonrpc/0
[Fastbot][2026-06-19 04:12:13.448] Content-Type: application/json; charset=utf-8
[Fastbot][2026-06-19 04:12:13.448] Content-Length: 69
[Fastbot][2026-06-19 04:12:13.448] 
[Fastbot][2026-06-19 04:12:13.448] {"jsonrpc": "2.0", "id": 1, "method": "pressKey", "params": ["back"]}
[Fastbot][2026-06-19 04:12:13.448] --> END POST (69-byte body)
[Fastbot][2026-06-19 04:12:13.500] <-- 200 OK  http://127.0.0.1:9008/jsonrpc/0 (51ms)
[Fastbot][2026-06-19 04:12:13.500] Content-Type: application/json
[Fastbot][2026-06-19 04:12:13.500] Date: Fri, 19 Jun 2026 08:12:13 GMT
[Fastbot][2026-06-19 04:12:13.501] Connection: keep-alive
[Fastbot][2026-06-19 04:12:13.501] Transfer-Encoding: chunked
[Fastbot][2026-06-19 04:12:13.501] 
[Fastbot][2026-06-19 04:12:13.501] {"jsonrpc":"2.0","id":1,"result":true}

[Fastbot][2026-06-19 04:12:13.501] <-- END HTTP (39-byte body)
[Fastbot][2026-06-19 04:12:14.030] [Proxy Server] Forwarding
[Fastbot][2026-06-19 04:12:14.031] --> POST http://127.0.0.1:9008/jsonrpc/0
[Fastbot][2026-06-19 04:12:14.031] Content-Type: application/json; charset=utf-8
[Fastbot][2026-06-19 04:12:14.031] Content-Length: 211
[Fastbot][2026-06-19 04:12:14.031] 
[Fastbot][2026-06-19 04:12:14.031] {"jsonrpc": "2.0", "id": 1, "method": "exist", "params": [{"mask": 2097153, "childOrSibling": [], "childOrSiblingSelector": [], "resourceId": "it.feio.android.omninotes.alpha:id/note_title", "text": "0m5Ut5D"}]}
[Fastbot][2026-06-19 04:12:14.031] --> END POST (211-byte body)
[Fastbot][2026-06-19 04:12:14.051] <-- 200 OK  http://127.0.0.1:9008/jsonrpc/0 (19ms)
[Fastbot][2026-06-19 04:12:14.052] Content-Type: application/json
[Fastbot][2026-06-19 04:12:14.052] Date: Fri, 19 Jun 2026 08:12:14 GMT
[Fastbot][2026-06-19 04:12:14.052] Connection: keep-alive
[Fastbot][2026-06-19 04:12:14.052] Transfer-Encoding: chunked
[Fastbot][2026-06-19 04:12:14.052] 
[Fastbot][2026-06-19 04:12:14.052] {"jsonrpc":"2.0","id":1,"result":true}

[Fastbot][2026-06-19 04:12:14.052] <-- END HTTP (39-byte body)
[Fastbot][2026-06-19 04:12:14.340] --> POST http://127.0.0.1:9008/jsonrpc/0
[Fastbot][2026-06-19 04:12:14.340] Content-Type: application/json; charset=utf-8
[Fastbot][2026-06-19 04:12:14.340] Content-Length: 75
[Fastbot][2026-06-19 04:12:14.340] 
[Fastbot][2026-06-19 04:12:14.340] {"id":1,"jsonrpc":"2.0","method":"dumpWindowHierarchy","params":[false,50]}
[Fastbot][2026-06-19 04:12:14.340] --> END POST (75-byte body)
[Fastbot][2026-06-19 04:12:14.372] <-- 200 OK  http://127.0.0.1:9008/jsonrpc/0 (31ms)
[Fastbot][2026-06-19 04:12:14.372] Content-Type: application/json
[Fastbot][2026-06-19 04:12:14.372] Date: Fri, 19 Jun 2026 08:12:14 GMT
[Fastbot][2026-06-19 04:12:14.372] Connection: keep-alive
[Fastbot][2026-06-19 04:12:14.372] Transfer-Encoding: chunked
[Fastbot][2026-06-19 04:12:14.376] 
[Fastbot][2026-06-19 04:12:14.376] {"jsonrpc":"2.0","id":1,"result":"<?xml version='1.0' encoding='UTF-8' standalone='yes' ?>\r\n<hierarchy rotation=\"0\">\r\n  <node index=\"0\" text=\"\" resource-id=\"\" class=\"android.widget.FrameLayout\" package=\"it.feio.android.omninotes.alpha\" content-desc=\"\" checkable=\"false\" checked=\"...[truncated]
[Fastbot][2026-06-19 04:12:14.377] <-- END HTTP (43461-byte body)
[Fastbot][2026-06-19 04:12:14.436] [Proxy Server] Forwarding
[Fastbot][2026-06-19 04:12:14.436] --> POST http://127.0.0.1:9008/jsonrpc/0
[Fastbot][2026-06-19 04:12:14.436] Content-Type: application/json; charset=utf-8
[Fastbot][2026-06-19 04:12:14.437] Content-Length: 199
[Fastbot][2026-06-19 04:12:14.437] 
[Fastbot][2026-06-19 04:12:14.437] {"jsonrpc": "2.0", "id": 1, "method": "exist", "params": [{"mask": 80, "childOrSibling": [], "childOrSiblingSelector": [], "className": "android.widget.ImageButton", "description": "drawer closed"}]}
[Fastbot][2026-06-19 04:12:14.437] --> END POST (199-byte body)
[Fastbot][2026-06-19 04:12:14.454] <-- 200 OK  http://127.0.0.1:9008/jsonrpc/0 (16ms)
[Fastbot][2026-06-19 04:12:14.454] Content-Type: application/json
[Fastbot][2026-06-19 04:12:14.454] Date: Fri, 19 Jun 2026 08:12:14 GMT
[Fastbot][2026-06-19 04:12:14.454] Connection: keep-alive
[Fastbot][2026-06-19 04:12:14.454] Transfer-Encoding: chunked
[Fastbot][2026-06-19 04:12:14.455] 
[Fastbot][2026-06-19 04:12:14.455] {"jsonrpc":"2.0","id":1,"result":false}

[Fastbot][2026-06-19 04:12:14.455] <-- END HTTP (40-byte body)
[Fastbot][2026-06-19 04:12:14.484] [Proxy Server] Forwarding
[Fastbot][2026-06-19 04:12:14.484] --> POST http://127.0.0.1:9008/jsonrpc/0
[Fastbot][2026-06-19 04:12:14.485] Content-Type: application/json; charset=utf-8
[Fastbot][2026-06-19 04:12:14.485] Content-Length: 197
[Fastbot][2026-06-19 04:12:14.485] 
[Fastbot][2026-06-19 04:12:14.485] {"jsonrpc": "2.0", "id": 1, "method": "exist", "params": [{"mask": 80, "childOrSibling": [], "childOrSiblingSelector": [], "className": "android.widget.ImageButton", "description": "drawer open"}]}
[Fastbot][2026-06-19 04:12:14.485] --> END POST (197-byte body)
[Fastbot][2026-06-19 04:12:14.499] <-- 200 OK  http://127.0.0.1:9008/jsonrpc/0 (13ms)
[Fastbot][2026-06-19 04:12:14.499] Content-Type: application/json
[Fastbot][2026-06-19 04:12:14.499] Date: Fri, 19 Jun 2026 08:12:14 GMT
[Fastbot][2026-06-19 04:12:14.499] Connection: keep-alive
[Fastbot][2026-06-19 04:12:14.499] Transfer-Encoding: chunked
[Fastbot][2026-06-19 04:12:14.543] 
[Fastbot][2026-06-19 04:12:14.543] {"jsonrpc":"2.0","id":1,"result":true}

[Fastbot][2026-06-19 04:12:14.543] <-- END HTTP (39-byte body)
[Fastbot][2026-06-19 04:12:14.558] [Proxy Server] Forwarding
[Fastbot][2026-06-19 04:12:14.558] --> POST http://127.0.0.1:9008/jsonrpc/0
[Fastbot][2026-06-19 04:12:14.558] Content-Type: application/json; charset=utf-8
[Fastbot][2026-06-19 04:12:14.558] Content-Length: 212
[Fastbot][2026-06-19 04:12:14.558] 
[Fastbot][2026-06-19 04:12:14.558] {"jsonrpc": "2.0", "id": 1, "method": "waitForExists", "params": [{"mask": 80, "childOrSibling": [], "childOrSiblingSelector": [], "className": "android.widget.ImageButton", "description": "drawer open"}, 20000]}
[Fastbot][2026-06-19 04:12:14.558] --> END POST (212-byte body)
[Fastbot][2026-06-19 04:12:14.574] <-- 200 OK  http://127.0.0.1:9008/jsonrpc/0 (15ms)
[Fastbot][2026-06-19 04:12:14.574] Content-Type: application/json
[Fastbot][2026-06-19 04:12:14.574] Date: Fri, 19 Jun 2026 08:12:14 GMT
[Fastbot][2026-06-19 04:12:14.574] Connection: keep-alive
[Fastbot][2026-06-19 04:12:14.574] Transfer-Encoding: chunked
[Fastbot][2026-06-19 04:12:14.623] 
[Fastbot][2026-06-19 04:12:14.623] {"jsonrpc":"2.0","id":1,"result":true}

[Fastbot][2026-06-19 04:12:14.623] <-- END HTTP (39-byte body)
[Fastbot][2026-06-19 04:12:14.638] [Proxy Server] Forwarding
[Fastbot][2026-06-19 04:12:14.638] --> POST http://127.0.0.1:9008/jsonrpc/0
[Fastbot][2026-06-19 04:12:14.638] Content-Type: application/json; charset=utf-8
[Fastbot][2026-06-19 04:12:14.639] Content-Length: 199
[Fastbot][2026-06-19 04:12:14.639] 
[Fastbot][2026-06-19 04:12:14.639] {"jsonrpc": "2.0", "id": 1, "method": "objInfo", "params": [{"mask": 80, "childOrSibling": [], "childOrSiblingSelector": [], "className": "android.widget.ImageButton", "description": "drawer open"}]}
[Fastbot][2026-06-19 04:12:14.639] --> END POST (199-byte body)
[Fastbot][2026-06-19 04:12:14.667] <-- 200 OK  http://127.0.0.1:9008/jsonrpc/0 (27ms)
[Fastbot][2026-06-19 04:12:14.667] Content-Type: application/json
[Fastbot][2026-06-19 04:12:14.667] Date: Fri, 19 Jun 2026 08:12:14 GMT
[Fastbot][2026-06-19 04:12:14.667] Connection: keep-alive
[Fastbot][2026-06-19 04:12:14.667] Transfer-Encoding: chunked
[Fastbot][2026-06-19 04:12:14.714] 
[Fastbot][2026-06-19 04:12:14.714] {"jsonrpc":"2.0","id":1,"result":{"bounds":{"bottom":286,"left":0,"right":154,"top":132},"childCount":0,"className":"android.widget.ImageButton","contentDescription":"drawer open","packageName":"it.feio.android.omninotes.alpha","resourceName":null,"text":null,"visibleBounds":{"bottom":286,"left":0,"...[truncated]
[Fastbot][2026-06-19 04:12:14.714] <-- END HTTP (481-byte body)
[Fastbot][2026-06-19 04:12:14.757] [Proxy Server] Detected script method: click
[Fastbot][2026-06-19 04:12:14.758] [Proxy Server] Forwarding
[Fastbot][2026-06-19 04:12:14.758] --> POST http://127.0.0.1:9008/jsonrpc/0
[Fastbot][2026-06-19 04:12:14.758] Content-Type: application/json; charset=utf-8
[Fastbot][2026-06-19 04:12:14.758] Content-Length: 71
[Fastbot][2026-06-19 04:12:14.759] 
[Fastbot][2026-06-19 04:12:14.759] {"jsonrpc": "2.0", "id": 1, "method": "click", "params": [77.0, 209.0]}
[Fastbot][2026-06-19 04:12:14.759] --> END POST (71-byte body)
[Fastbot][2026-06-19 04:12:14.902] <-- 200 OK  http://127.0.0.1:9008/jsonrpc/0 (142ms)
[Fastbot][2026-06-19 04:12:14.902] Content-Type: application/json
[Fastbot][2026-06-19 04:12:14.903] Date: Fri, 19 Jun 2026 08:12:14 GMT
[Fastbot][2026-06-19 04:12:14.903] Connection: keep-alive
[Fastbot][2026-06-19 04:12:14.903] Transfer-Encoding: chunked
[Fastbot][2026-06-19 04:12:14.903] 
[Fastbot][2026-06-19 04:12:14.903] {"jsonrpc":"2.0","id":1,"result":true}

[Fastbot][2026-06-19 04:12:14.903] <-- END HTTP (39-byte body)
[Fastbot][2026-06-19 04:12:15.444] [Proxy Server] Forwarding
[Fastbot][2026-06-19 04:12:15.445] --> POST http://127.0.0.1:9008/jsonrpc/0
[Fastbot][2026-06-19 04:12:15.445] Content-Type: application/json; charset=utf-8
[Fastbot][2026-06-19 04:12:15.445] Content-Length: 225
[Fastbot][2026-06-19 04:12:15.445] 
[Fastbot][2026-06-19 04:12:15.445] {"jsonrpc": "2.0", "id": 1, "method": "waitForExists", "params": [{"mask": 2097153, "childOrSibling": [], "childOrSiblingSelector": [], "resourceId": "it.feio.android.omninotes.alpha:id/settings", "text": "Settings"}, 20000]}
[Fastbot][2026-06-19 04:12:15.446] --> END POST (225-byte body)
[Fastbot][2026-06-19 04:12:15.469] <-- 200 OK  http://127.0.0.1:9008/jsonrpc/0 (22ms)
[Fastbot][2026-06-19 04:12:15.469] Content-Type: application/json
[Fastbot][2026-06-19 04:12:15.469] Date: Fri, 19 Jun 2026 08:12:15 GMT
[Fastbot][2026-06-19 04:12:15.469] Connection: keep-alive
[Fastbot][2026-06-19 04:12:15.469] Transfer-Encoding: chunked
[Fastbot][2026-06-19 04:12:15.470] 
[Fastbot][2026-06-19 04:12:15.470] {"jsonrpc":"2.0","id":1,"result":true}

[Fastbot][2026-06-19 04:12:15.471] <-- END HTTP (39-byte body)
[Fastbot][2026-06-19 04:12:15.501] [Proxy Server] Forwarding
[Fastbot][2026-06-19 04:12:15.501] --> POST http://127.0.0.1:9008/jsonrpc/0
[Fastbot][2026-06-19 04:12:15.501] Content-Type: application/json; charset=utf-8
[Fastbot][2026-06-19 04:12:15.502] Content-Length: 212
[Fastbot][2026-06-19 04:12:15.502] 
[Fastbot][2026-06-19 04:12:15.502] {"jsonrpc": "2.0", "id": 1, "method": "objInfo", "params": [{"mask": 2097153, "childOrSibling": [], "childOrSiblingSelector": [], "resourceId": "it.feio.android.omninotes.alpha:id/settings", "text": "Settings"}]}
[Fastbot][2026-06-19 04:12:15.502] --> END POST (212-byte body)
[Fastbot][2026-06-19 04:12:15.531] <-- 200 OK  http://127.0.0.1:9008/jsonrpc/0 (28ms)
[Fastbot][2026-06-19 04:12:15.531] Content-Type: application/json
[Fastbot][2026-06-19 04:12:15.531] Date: Fri, 19 Jun 2026 08:12:15 GMT
[Fastbot][2026-06-19 04:12:15.531] Connection: keep-alive
[Fastbot][2026-06-19 04:12:15.531] Transfer-Encoding: chunked
[Fastbot][2026-06-19 04:12:15.532] 
[Fastbot][2026-06-19 04:12:15.532] {"jsonrpc":"2.0","id":1,"result":{"bounds":{"bottom":885,"left":121,"right":836,"top":753},"childCount":0,"className":"android.widget.TextView","contentDescription":null,"packageName":"it.feio.android.omninotes.alpha","resourceName":"it.feio.android.omninotes.alpha:id/settings","text":"Settings","vi...[truncated]
[Fastbot][2026-06-19 04:12:15.532] <-- END HTTP (522-byte body)
[Fastbot][2026-06-19 04:12:15.563] [Proxy Server] Detected script method: click
[Fastbot][2026-06-19 04:12:15.564] [Proxy Server] Forwarding
[Fastbot][2026-06-19 04:12:15.564] --> POST http://127.0.0.1:9008/jsonrpc/0
[Fastbot][2026-06-19 04:12:15.564] Content-Type: application/json; charset=utf-8
[Fastbot][2026-06-19 04:12:15.565] Content-Length: 72
[Fastbot][2026-06-19 04:12:15.565] 
[Fastbot][2026-06-19 04:12:15.565] {"jsonrpc": "2.0", "id": 1, "method": "click", "params": [478.5, 819.0]}
[Fastbot][2026-06-19 04:12:15.565] --> END POST (72-byte body)
[Fastbot][2026-06-19 04:12:15.702] <-- 200 OK  http://127.0.0.1:9008/jsonrpc/0 (136ms)
[Fastbot][2026-06-19 04:12:15.702] Content-Type: application/json
[Fastbot][2026-06-19 04:12:15.702] Date: Fri, 19 Jun 2026 08:12:15 GMT
[Fastbot][2026-06-19 04:12:15.702] Connection: keep-alive
[Fastbot][2026-06-19 04:12:15.702] Transfer-Encoding: chunked
[Fastbot][2026-06-19 04:12:15.703] 
[Fastbot][2026-06-19 04:12:15.703] {"jsonrpc":"2.0","id":1,"result":true}

[Fastbot][2026-06-19 04:12:15.703] <-- END HTTP (39-byte body)
[Fastbot][2026-06-19 04:12:15.708] // the top activity is it.feio.android.omninotes.SettingsActivity, phone capture activity is com.android.camera.CaptureActivity
[Fastbot][2026-06-19 04:12:15.711]     // Allowing start of Intent { cmp=it.feio.android.omninotes.alpha/it.feio.android.omninotes.SettingsActivity } in package it.feio.android.omninotes.alpha
[Fastbot][2026-06-19 04:12:16.251] // [Script] current activity is it.feio.android.omninotes.SettingsActivity
[Fastbot][2026-06-19 04:12:16.251] [Proxy Server] Forwarding
[Fastbot][2026-06-19 04:12:16.251] --> POST http://127.0.0.1:9008/jsonrpc/0
[Fastbot][2026-06-19 04:12:16.251] Content-Type: application/json; charset=utf-8
[Fastbot][2026-06-19 04:12:16.251] Content-Length: 199
[Fastbot][2026-06-19 04:12:16.251] 
[Fastbot][2026-06-19 04:12:16.251] {"jsonrpc": "2.0", "id": 1, "method": "waitForExists", "params": [{"mask": 2097153, "childOrSibling": [], "childOrSiblingSelector": [], "resourceId": "android:id/title", "text": "Behaviors"}, 20000]}
[Fastbot][2026-06-19 04:12:16.251] --> END POST (199-byte body)
[Fastbot][2026-06-19 04:12:16.277] <-- 200 OK  http://127.0.0.1:9008/jsonrpc/0 (25ms)
[Fastbot][2026-06-19 04:12:16.277] Content-Type: application/json
[Fastbot][2026-06-19 04:12:16.277] Date: Fri, 19 Jun 2026 08:12:16 GMT
[Fastbot][2026-06-19 04:12:16.277] Connection: keep-alive
[Fastbot][2026-06-19 04:12:16.277] Transfer-Encoding: chunked
[Fastbot][2026-06-19 04:12:16.277] 
[Fastbot][2026-06-19 04:12:16.278] {"jsonrpc":"2.0","id":1,"result":true}

[Fastbot][2026-06-19 04:12:16.278] <-- END HTTP (39-byte body)
[Fastbot][2026-06-19 04:12:16.311] [Proxy Server] Forwarding
[Fastbot][2026-06-19 04:12:16.311] --> POST http://127.0.0.1:9008/jsonrpc/0
[Fastbot][2026-06-19 04:12:16.311] Content-Type: application/json; charset=utf-8
[Fastbot][2026-06-19 04:12:16.312] Content-Length: 186
[Fastbot][2026-06-19 04:12:16.312] 
[Fastbot][2026-06-19 04:12:16.312] {"jsonrpc": "2.0", "id": 1, "method": "objInfo", "params": [{"mask": 2097153, "childOrSibling": [], "childOrSiblingSelector": [], "resourceId": "android:id/title", "text": "Behaviors"}]}
[Fastbot][2026-06-19 04:12:16.312] --> END POST (186-byte body)
[Fastbot][2026-06-19 04:12:16.396] <-- 200 OK  http://127.0.0.1:9008/jsonrpc/0 (83ms)
[Fastbot][2026-06-19 04:12:16.396] Content-Type: application/json
[Fastbot][2026-06-19 04:12:16.396] Date: Fri, 19 Jun 2026 08:12:16 GMT
[Fastbot][2026-06-19 04:12:16.396] Connection: keep-alive
[Fastbot][2026-06-19 04:12:16.396] Transfer-Encoding: chunked
[Fastbot][2026-06-19 04:12:16.397] 
[Fastbot][2026-06-19 04:12:16.397] {"jsonrpc":"2.0","id":1,"result":{"bounds":{"bottom":971,"left":44,"right":237,"top":912},"childCount":0,"className":"android.widget.TextView","contentDescription":null,"packageName":"it.feio.android.omninotes.alpha","resourceName":"android:id/title","text":"Behaviors","visibleBounds":{"bottom":971,...[truncated]
[Fastbot][2026-06-19 04:12:16.398] <-- END HTTP (494-byte body)
[Fastbot][2026-06-19 04:12:16.436] [Proxy Server] Detected script method: click
[Fastbot][2026-06-19 04:12:16.437] [Proxy Server] Forwarding
[Fastbot][2026-06-19 04:12:16.437] --> POST http://127.0.0.1:9008/jsonrpc/0
[Fastbot][2026-06-19 04:12:16.438] Content-Type: application/json; charset=utf-8
[Fastbot][2026-06-19 04:12:16.438] Content-Length: 72
[Fastbot][2026-06-19 04:12:16.438] 
[Fastbot][2026-06-19 04:12:16.438] {"jsonrpc": "2.0", "id": 1, "method": "click", "params": [140.5, 941.5]}
[Fastbot][2026-06-19 04:12:16.439] --> END POST (72-byte body)
[Fastbot][2026-06-19 04:12:16.596] <-- 200 OK  http://127.0.0.1:9008/jsonrpc/0 (156ms)
[Fastbot][2026-06-19 04:12:16.596] Content-Type: application/json
[Fastbot][2026-06-19 04:12:16.596] Date: Fri, 19 Jun 2026 08:12:16 GMT
[Fastbot][2026-06-19 04:12:16.597] Connection: keep-alive
[Fastbot][2026-06-19 04:12:16.597] Transfer-Encoding: chunked
[Fastbot][2026-06-19 04:12:16.597] 
[Fastbot][2026-06-19 04:12:16.598] {"jsonrpc":"2.0","id":1,"result":true}

[Fastbot][2026-06-19 04:12:16.598] <-- END HTTP (39-byte body)
[Fastbot][2026-06-19 04:12:17.135] [Proxy Server] Forwarding
[Fastbot][2026-06-19 04:12:17.135] --> POST http://127.0.0.1:9008/jsonrpc/0
[Fastbot][2026-06-19 04:12:17.135] Content-Type: application/json; charset=utf-8
[Fastbot][2026-06-19 04:12:17.136] Content-Length: 201
[Fastbot][2026-06-19 04:12:17.136] 
[Fastbot][2026-06-19 04:12:17.136] {"jsonrpc": "2.0", "id": 1, "method": "waitForExists", "params": [{"mask": 2097153, "childOrSibling": [], "childOrSiblingSelector": [], "resourceId": "android:id/switch_widget", "text": "OFF"}, 20000]}
[Fastbot][2026-06-19 04:12:17.136] --> END POST (201-byte body)
[Fastbot][2026-06-19 04:12:17.153] <-- 200 OK  http://127.0.0.1:9008/jsonrpc/0 (17ms)
[Fastbot][2026-06-19 04:12:17.154] Content-Type: application/json
[Fastbot][2026-06-19 04:12:17.154] Date: Fri, 19 Jun 2026 08:12:17 GMT
[Fastbot][2026-06-19 04:12:17.154] Connection: keep-alive
[Fastbot][2026-06-19 04:12:17.155] Transfer-Encoding: chunked
[Fastbot][2026-06-19 04:12:17.155] 
[Fastbot][2026-06-19 04:12:17.155] {"jsonrpc":"2.0","id":1,"result":true}

[Fastbot][2026-06-19 04:12:17.156] <-- END HTTP (39-byte body)
[Fastbot][2026-06-19 04:12:17.182] [Proxy Server] Forwarding
[Fastbot][2026-06-19 04:12:17.182] --> POST http://127.0.0.1:9008/jsonrpc/0
[Fastbot][2026-06-19 04:12:17.183] Content-Type: application/json; charset=utf-8
[Fastbot][2026-06-19 04:12:17.183] Content-Length: 188
[Fastbot][2026-06-19 04:12:17.183] 
[Fastbot][2026-06-19 04:12:17.183] {"jsonrpc": "2.0", "id": 1, "method": "objInfo", "params": [{"mask": 2097153, "childOrSibling": [], "childOrSiblingSelector": [], "resourceId": "android:id/switch_widget", "text": "OFF"}]}
[Fastbot][2026-06-19 04:12:17.183] --> END POST (188-byte body)
[Fastbot][2026-06-19 04:12:17.211] <-- 200 OK  http://127.0.0.1:9008/jsonrpc/0 (27ms)
[Fastbot][2026-06-19 04:12:17.211] Content-Type: application/json
[Fastbot][2026-06-19 04:12:17.211] Date: Fri, 19 Jun 2026 08:12:17 GMT
[Fastbot][2026-06-19 04:12:17.211] Connection: keep-alive
[Fastbot][2026-06-19 04:12:17.211] Transfer-Encoding: chunked
[Fastbot][2026-06-19 04:12:17.252] 
[Fastbot][2026-06-19 04:12:17.252] {"jsonrpc":"2.0","id":1,"result":{"bounds":{"bottom":596,"left":908,"right":1036,"top":522},"childCount":0,"className":"android.widget.Switch","contentDescription":null,"packageName":"it.feio.android.omninotes.alpha","resourceName":"android:id/switch_widget","text":"OFF","visibleBounds":{"bottom":59...[truncated]
[Fastbot][2026-06-19 04:12:17.252] <-- END HTTP (497-byte body)
[Fastbot][2026-06-19 04:12:17.293] [Proxy Server] Detected script method: click
[Fastbot][2026-06-19 04:12:17.293] [Proxy Server] Forwarding
[Fastbot][2026-06-19 04:12:17.294] --> POST http://127.0.0.1:9008/jsonrpc/0
[Fastbot][2026-06-19 04:12:17.294] Content-Type: application/json; charset=utf-8
[Fastbot][2026-06-19 04:12:17.294] Content-Length: 72
[Fastbot][2026-06-19 04:12:17.294] 
[Fastbot][2026-06-19 04:12:17.295] {"jsonrpc": "2.0", "id": 1, "method": "click", "params": [972.0, 559.0]}
[Fastbot][2026-06-19 04:12:17.295] --> END POST (72-byte body)
[Fastbot][2026-06-19 04:12:17.418] <-- 200 OK  http://127.0.0.1:9008/jsonrpc/0 (123ms)
[Fastbot][2026-06-19 04:12:17.418] Content-Type: application/json
[Fastbot][2026-06-19 04:12:17.419] Date: Fri, 19 Jun 2026 08:12:17 GMT
[Fastbot][2026-06-19 04:12:17.419] Connection: keep-alive
[Fastbot][2026-06-19 04:12:17.419] Transfer-Encoding: chunked
[Fastbot][2026-06-19 04:12:17.419] 
[Fastbot][2026-06-19 04:12:17.419] {"jsonrpc":"2.0","id":1,"result":true}

[Fastbot][2026-06-19 04:12:17.419] <-- END HTTP (39-byte body)
[Fastbot][2026-06-19 04:12:17.961] [Proxy Server] Forwarding
[Fastbot][2026-06-19 04:12:17.962] --> POST http://127.0.0.1:9008/jsonrpc/0
[Fastbot][2026-06-19 04:12:17.962] Content-Type: application/json; charset=utf-8
[Fastbot][2026-06-19 04:12:17.962] Content-Length: 200
[Fastbot][2026-06-19 04:12:17.962] 
[Fastbot][2026-06-19 04:12:17.963] {"jsonrpc": "2.0", "id": 1, "method": "waitForExists", "params": [{"mask": 2097153, "childOrSibling": [], "childOrSiblingSelector": [], "resourceId": "android:id/switch_widget", "text": "ON"}, 20000]}
[Fastbot][2026-06-19 04:12:17.963] --> END POST (200-byte body)
[Fastbot][2026-06-19 04:12:17.977] <-- 200 OK  http://127.0.0.1:9008/jsonrpc/0 (13ms)
[Fastbot][2026-06-19 04:12:17.977] Content-Type: application/json
[Fastbot][2026-06-19 04:12:17.977] Date: Fri, 19 Jun 2026 08:12:17 GMT
[Fastbot][2026-06-19 04:12:17.977] Connection: keep-alive
[Fastbot][2026-06-19 04:12:17.977] Transfer-Encoding: chunked
[Fastbot][2026-06-19 04:12:17.978] 
[Fastbot][2026-06-19 04:12:17.978] {"jsonrpc":"2.0","id":1,"result":true}

[Fastbot][2026-06-19 04:12:17.978] <-- END HTTP (39-byte body)
[Fastbot][2026-06-19 04:12:17.993] [Proxy Server] Forwarding
[Fastbot][2026-06-19 04:12:17.993] --> POST http://127.0.0.1:9008/jsonrpc/0
[Fastbot][2026-06-19 04:12:17.993] Content-Type: application/json; charset=utf-8
[Fastbot][2026-06-19 04:12:17.994] Content-Length: 187
[Fastbot][2026-06-19 04:12:17.994] 
[Fastbot][2026-06-19 04:12:17.994] {"jsonrpc": "2.0", "id": 1, "method": "objInfo", "params": [{"mask": 2097153, "childOrSibling": [], "childOrSiblingSelector": [], "resourceId": "android:id/switch_widget", "text": "ON"}]}
[Fastbot][2026-06-19 04:12:17.994] --> END POST (187-byte body)
[Fastbot][2026-06-19 04:12:18.018] <-- 200 OK  http://127.0.0.1:9008/jsonrpc/0 (23ms)
[Fastbot][2026-06-19 04:12:18.018] Content-Type: application/json
[Fastbot][2026-06-19 04:12:18.018] Date: Fri, 19 Jun 2026 08:12:18 GMT
[Fastbot][2026-06-19 04:12:18.018] Connection: keep-alive
[Fastbot][2026-06-19 04:12:18.018] Transfer-Encoding: chunked
[Fastbot][2026-06-19 04:12:18.062] 
[Fastbot][2026-06-19 04:12:18.063] {"jsonrpc":"2.0","id":1,"result":{"bounds":{"bottom":596,"left":908,"right":1036,"top":522},"childCount":0,"className":"android.widget.Switch","contentDescription":null,"packageName":"it.feio.android.omninotes.alpha","resourceName":"android:id/switch_widget","text":"ON","visibleBounds":{"bottom":596...[truncated]
[Fastbot][2026-06-19 04:12:18.063] <-- END HTTP (495-byte body)
[Fastbot][2026-06-19 04:12:18.080] [Proxy Server] Detected script method: click
[Fastbot][2026-06-19 04:12:18.080] [Proxy Server] Forwarding
[Fastbot][2026-06-19 04:12:18.081] --> POST http://127.0.0.1:9008/jsonrpc/0
[Fastbot][2026-06-19 04:12:18.081] Content-Type: application/json; charset=utf-8
[Fastbot][2026-06-19 04:12:18.081] Content-Length: 72
[Fastbot][2026-06-19 04:12:18.082] 
[Fastbot][2026-06-19 04:12:18.082] {"jsonrpc": "2.0", "id": 1, "method": "click", "params": [972.0, 559.0]}
[Fastbot][2026-06-19 04:12:18.082] --> END POST (72-byte body)
[Fastbot][2026-06-19 04:12:18.227] <-- 200 OK  http://127.0.0.1:9008/jsonrpc/0 (145ms)
[Fastbot][2026-06-19 04:12:18.228] Content-Type: application/json
[Fastbot][2026-06-19 04:12:18.228] Date: Fri, 19 Jun 2026 08:12:18 GMT
[Fastbot][2026-06-19 04:12:18.228] Connection: keep-alive
[Fastbot][2026-06-19 04:12:18.228] Transfer-Encoding: chunked
[Fastbot][2026-06-19 04:12:18.272] 
[Fastbot][2026-06-19 04:12:18.272] {"jsonrpc":"2.0","id":1,"result":true}

[Fastbot][2026-06-19 04:12:18.272] <-- END HTTP (39-byte body)
[Fastbot][2026-06-19 04:12:18.820] [Proxy Server] Detected script method: pressKey
[Fastbot][2026-06-19 04:12:18.820] [Proxy Server] Forwarding
[Fastbot][2026-06-19 04:12:18.821] --> POST http://127.0.0.1:9008/jsonrpc/0
[Fastbot][2026-06-19 04:12:18.821] Content-Type: application/json; charset=utf-8
[Fastbot][2026-06-19 04:12:18.821] Content-Length: 69
[Fastbot][2026-06-19 04:12:18.822] 
[Fastbot][2026-06-19 04:12:18.822] {"jsonrpc": "2.0", "id": 1, "method": "pressKey", "params": ["back"]}
[Fastbot][2026-06-19 04:12:18.822] --> END POST (69-byte body)
[Fastbot][2026-06-19 04:12:18.874] <-- 200 OK  http://127.0.0.1:9008/jsonrpc/0 (51ms)
[Fastbot][2026-06-19 04:12:18.875] Content-Type: application/json
[Fastbot][2026-06-19 04:12:18.875] Date: Fri, 19 Jun 2026 08:12:18 GMT
[Fastbot][2026-06-19 04:12:18.875] Connection: keep-alive
[Fastbot][2026-06-19 04:12:18.876] Transfer-Encoding: chunked
[Fastbot][2026-06-19 04:12:18.877] 
[Fastbot][2026-06-19 04:12:18.877] {"jsonrpc":"2.0","id":1,"result":true}

[Fastbot][2026-06-19 04:12:18.878] <-- END HTTP (39-byte body)
[Fastbot][2026-06-19 04:12:19.423] [Proxy Server] Detected script method: pressKey
[Fastbot][2026-06-19 04:12:19.424] [Proxy Server] Forwarding
[Fastbot][2026-06-19 04:12:19.424] --> POST http://127.0.0.1:9008/jsonrpc/0
[Fastbot][2026-06-19 04:12:19.424] Content-Type: application/json; charset=utf-8
[Fastbot][2026-06-19 04:12:19.425] Content-Length: 69
[Fastbot][2026-06-19 04:12:19.425] 
[Fastbot][2026-06-19 04:12:19.425] {"jsonrpc": "2.0", "id": 1, "method": "pressKey", "params": ["back"]}
[Fastbot][2026-06-19 04:12:19.425] --> END POST (69-byte body)
[Fastbot][2026-06-19 04:12:19.441]     // activityResuming(it.feio.android.omninotes.alpha)
[Fastbot][2026-06-19 04:12:20.096] <-- 200 OK  http://127.0.0.1:9008/jsonrpc/0 (670ms)
[Fastbot][2026-06-19 04:12:20.096] Content-Type: application/json
[Fastbot][2026-06-19 04:12:20.096] Date: Fri, 19 Jun 2026 08:12:20 GMT
[Fastbot][2026-06-19 04:12:20.097] Connection: keep-alive
[Fastbot][2026-06-19 04:12:20.097] Transfer-Encoding: chunked
[Fastbot][2026-06-19 04:12:20.097] 
[Fastbot][2026-06-19 04:12:20.098] {"jsonrpc":"2.0","id":1,"result":true}

[Fastbot][2026-06-19 04:12:20.098] <-- END HTTP (39-byte body)
[Fastbot][2026-06-19 04:12:20.654] // [Script] current activity is it.feio.android.omninotes.MainActivity
[Fastbot][2026-06-19 04:12:20.654] [Proxy Server] Detected script method: pressKey
[Fastbot][2026-06-19 04:12:20.654] [Proxy Server] Forwarding
[Fastbot][2026-06-19 04:12:20.655] --> POST http://127.0.0.1:9008/jsonrpc/0
[Fastbot][2026-06-19 04:12:20.655] Content-Type: application/json; charset=utf-8
[Fastbot][2026-06-19 04:12:20.655] Content-Length: 69
[Fastbot][2026-06-19 04:12:20.655] 
[Fastbot][2026-06-19 04:12:20.655] {"jsonrpc": "2.0", "id": 1, "method": "pressKey", "params": ["back"]}
[Fastbot][2026-06-19 04:12:20.655] --> END POST (69-byte body)
[Fastbot][2026-06-19 04:12:20.691] <-- 200 OK  http://127.0.0.1:9008/jsonrpc/0 (35ms)
[Fastbot][2026-06-19 04:12:20.691] Content-Type: application/json
[Fastbot][2026-06-19 04:12:20.691] Date: Fri, 19 Jun 2026 08:12:20 GMT
[Fastbot][2026-06-19 04:12:20.691] Connection: keep-alive
[Fastbot][2026-06-19 04:12:20.691] Transfer-Encoding: chunked
[Fastbot][2026-06-19 04:12:20.691] 
[Fastbot][2026-06-19 04:12:20.692] {"jsonrpc":"2.0","id":1,"result":true}

[Fastbot][2026-06-19 04:12:20.692] <-- END HTTP (39-byte body)
[Fastbot][2026-06-19 04:12:21.480] --> POST http://127.0.0.1:9008/jsonrpc/0
[Fastbot][2026-06-19 04:12:21.480] Content-Type: application/json; charset=utf-8
[Fastbot][2026-06-19 04:12:21.480] Content-Length: 75
[Fastbot][2026-06-19 04:12:21.481] 
[Fastbot][2026-06-19 04:12:21.481] {"id":1,"jsonrpc":"2.0","method":"dumpWindowHierarchy","params":[false,50]}
[Fastbot][2026-06-19 04:12:21.481] --> END POST (75-byte body)
[Fastbot][2026-06-19 04:12:21.506] <-- 200 OK  http://127.0.0.1:9008/jsonrpc/0 (24ms)
[Fastbot][2026-06-19 04:12:21.506] Content-Type: application/json
[Fastbot][2026-06-19 04:12:21.506] Date: Fri, 19 Jun 2026 08:12:21 GMT
[Fastbot][2026-06-19 04:12:21.506] Connection: keep-alive
[Fastbot][2026-06-19 04:12:21.506] Transfer-Encoding: chunked
[Fastbot][2026-06-19 04:12:21.507] 
[Fastbot][2026-06-19 04:12:21.507] {"jsonrpc":"2.0","id":1,"result":"<?xml version='1.0' encoding='UTF-8' standalone='yes' ?>\r\n<hierarchy rotation=\"0\">\r\n  <node index=\"0\" text=\"\" resource-id=\"com.android.systemui:id/navigation_bar_frame\" class=\"android.widget.FrameLayout\" package=\"com.android.systemui\" content-desc=\"...[truncated]
[Fastbot][2026-06-19 04:12:21.508] <-- END HTTP (42094-byte body)
[Fastbot][2026-06-19 04:12:21.558] [Proxy Server] Forwarding
[Fastbot][2026-06-19 04:12:21.558] --> POST http://127.0.0.1:9008/jsonrpc/0
[Fastbot][2026-06-19 04:12:21.559] Content-Type: application/json; charset=utf-8
[Fastbot][2026-06-19 04:12:21.559] Content-Length: 199
[Fastbot][2026-06-19 04:12:21.559] 
[Fastbot][2026-06-19 04:12:21.559] {"jsonrpc": "2.0", "id": 1, "method": "exist", "params": [{"mask": 80, "childOrSibling": [], "childOrSiblingSelector": [], "className": "android.widget.ImageButton", "description": "drawer closed"}]}
[Fastbot][2026-06-19 04:12:21.559] --> END POST (199-byte body)
[Fastbot][2026-06-19 04:12:21.572] <-- 200 OK  http://127.0.0.1:9008/jsonrpc/0 (12ms)
[Fastbot][2026-06-19 04:12:21.572] Content-Type: application/json
[Fastbot][2026-06-19 04:12:21.572] Date: Fri, 19 Jun 2026 08:12:21 GMT
[Fastbot][2026-06-19 04:12:21.572] Connection: keep-alive
[Fastbot][2026-06-19 04:12:21.572] Transfer-Encoding: chunked
[Fastbot][2026-06-19 04:12:21.573] 
[Fastbot][2026-06-19 04:12:21.573] {"jsonrpc":"2.0","id":1,"result":true}

[Fastbot][2026-06-19 04:12:21.574] <-- END HTTP (39-byte body)
[Fastbot][2026-06-19 04:12:21.606] [Proxy Server] Forwarding
[Fastbot][2026-06-19 04:12:21.606] --> POST http://127.0.0.1:9008/jsonrpc/0
[Fastbot][2026-06-19 04:12:21.606] Content-Type: application/json; charset=utf-8
[Fastbot][2026-06-19 04:12:21.606] Content-Length: 214
[Fastbot][2026-06-19 04:12:21.607] 
[Fastbot][2026-06-19 04:12:21.607] {"jsonrpc": "2.0", "id": 1, "method": "waitForExists", "params": [{"mask": 80, "childOrSibling": [], "childOrSiblingSelector": [], "className": "android.widget.ImageButton", "description": "drawer closed"}, 20000]}
[Fastbot][2026-06-19 04:12:21.607] --> END POST (214-byte body)
[Fastbot][2026-06-19 04:12:21.621] <-- 200 OK  http://127.0.0.1:9008/jsonrpc/0 (14ms)
[Fastbot][2026-06-19 04:12:21.621] Content-Type: application/json
[Fastbot][2026-06-19 04:12:21.621] Date: Fri, 19 Jun 2026 08:12:21 GMT
[Fastbot][2026-06-19 04:12:21.621] Connection: keep-alive
[Fastbot][2026-06-19 04:12:21.621] Transfer-Encoding: chunked
[Fastbot][2026-06-19 04:12:21.622] 
[Fastbot][2026-06-19 04:12:21.622] {"jsonrpc":"2.0","id":1,"result":true}

[Fastbot][2026-06-19 04:12:21.622] <-- END HTTP (39-byte body)
[Fastbot][2026-06-19 04:12:21.651] [Proxy Server] Forwarding
[Fastbot][2026-06-19 04:12:21.651] --> POST http://127.0.0.1:9008/jsonrpc/0
[Fastbot][2026-06-19 04:12:21.651] Content-Type: application/json; charset=utf-8
[Fastbot][2026-06-19 04:12:21.651] Content-Length: 201
[Fastbot][2026-06-19 04:12:21.652] 
[Fastbot][2026-06-19 04:12:21.652] {"jsonrpc": "2.0", "id": 1, "method": "objInfo", "params": [{"mask": 80, "childOrSibling": [], "childOrSiblingSelector": [], "className": "android.widget.ImageButton", "description": "drawer closed"}]}
[Fastbot][2026-06-19 04:12:21.652] --> END POST (201-byte body)
[Fastbot][2026-06-19 04:12:21.673] <-- 200 OK  http://127.0.0.1:9008/jsonrpc/0 (20ms)
[Fastbot][2026-06-19 04:12:21.673] Content-Type: application/json
[Fastbot][2026-06-19 04:12:21.673] Date: Fri, 19 Jun 2026 08:12:21 GMT
[Fastbot][2026-06-19 04:12:21.673] Connection: keep-alive
[Fastbot][2026-06-19 04:12:21.674] Transfer-Encoding: chunked
[Fastbot][2026-06-19 04:12:21.675] 
[Fastbot][2026-06-19 04:12:21.675] {"jsonrpc":"2.0","id":1,"result":{"bounds":{"bottom":286,"left":0,"right":154,"top":132},"childCount":0,"className":"android.widget.ImageButton","contentDescription":"drawer closed","packageName":"it.feio.android.omninotes.alpha","resourceName":null,"text":null,"visibleBounds":{"bottom":286,"left":0...[truncated]
[Fastbot][2026-06-19 04:12:21.675] <-- END HTTP (483-byte body)
[Fastbot][2026-06-19 04:12:21.729] [Proxy Server] Detected script method: click
[Fastbot][2026-06-19 04:12:21.729] [Proxy Server] Forwarding
[Fastbot][2026-06-19 04:12:21.729] --> POST http://127.0.0.1:9008/jsonrpc/0
[Fastbot][2026-06-19 04:12:21.729] Content-Type: application/json; charset=utf-8
[Fastbot][2026-06-19 04:12:21.730] Content-Length: 71
[Fastbot][2026-06-19 04:12:21.730] 
[Fastbot][2026-06-19 04:12:21.730] {"jsonrpc": "2.0", "id": 1, "method": "click", "params": [77.0, 209.0]}
[Fastbot][2026-06-19 04:12:21.730] --> END POST (71-byte body)
[Fastbot][2026-06-19 04:12:21.875] <-- 200 OK  http://127.0.0.1:9008/jsonrpc/0 (144ms)
[Fastbot][2026-06-19 04:12:21.875] Content-Type: application/json
[Fastbot][2026-06-19 04:12:21.875] Date: Fri, 19 Jun 2026 08:12:21 GMT
[Fastbot][2026-06-19 04:12:21.875] Connection: keep-alive
[Fastbot][2026-06-19 04:12:21.875] Transfer-Encoding: chunked
[Fastbot][2026-06-19 04:12:21.876] 
[Fastbot][2026-06-19 04:12:21.876] {"jsonrpc":"2.0","id":1,"result":true}

[Fastbot][2026-06-19 04:12:21.877] <-- END HTTP (39-byte body)
[Fastbot][2026-06-19 04:12:22.430] [Proxy Server] Forwarding
[Fastbot][2026-06-19 04:12:22.430] --> POST http://127.0.0.1:9008/jsonrpc/0
[Fastbot][2026-06-19 04:12:22.430] Content-Type: application/json; charset=utf-8
[Fastbot][2026-06-19 04:12:22.431] Content-Length: 225
[Fastbot][2026-06-19 04:12:22.431] 
[Fastbot][2026-06-19 04:12:22.431] {"jsonrpc": "2.0", "id": 1, "method": "waitForExists", "params": [{"mask": 2097153, "childOrSibling": [], "childOrSiblingSelector": [], "resourceId": "it.feio.android.omninotes.alpha:id/settings", "text": "Settings"}, 20000]}
[Fastbot][2026-06-19 04:12:22.431] --> END POST (225-byte body)
[Fastbot][2026-06-19 04:12:22.454] <-- 200 OK  http://127.0.0.1:9008/jsonrpc/0 (22ms)
[Fastbot][2026-06-19 04:12:22.454] Content-Type: application/json
[Fastbot][2026-06-19 04:12:22.454] Date: Fri, 19 Jun 2026 08:12:22 GMT
[Fastbot][2026-06-19 04:12:22.454] Connection: keep-alive
[Fastbot][2026-06-19 04:12:22.454] Transfer-Encoding: chunked
[Fastbot][2026-06-19 04:12:22.455] 
[Fastbot][2026-06-19 04:12:22.455] {"jsonrpc":"2.0","id":1,"result":true}

[Fastbot][2026-06-19 04:12:22.455] <-- END HTTP (39-byte body)
[Fastbot][2026-06-19 04:12:22.495] [Proxy Server] Forwarding
[Fastbot][2026-06-19 04:12:22.495] --> POST http://127.0.0.1:9008/jsonrpc/0
[Fastbot][2026-06-19 04:12:22.495] Content-Type: application/json; charset=utf-8
[Fastbot][2026-06-19 04:12:22.495] Content-Length: 212
[Fastbot][2026-06-19 04:12:22.495] 
[Fastbot][2026-06-19 04:12:22.495] {"jsonrpc": "2.0", "id": 1, "method": "objInfo", "params": [{"mask": 2097153, "childOrSibling": [], "childOrSiblingSelector": [], "resourceId": "it.feio.android.omninotes.alpha:id/settings", "text": "Settings"}]}
[Fastbot][2026-06-19 04:12:22.495] --> END POST (212-byte body)
[Fastbot][2026-06-19 04:12:22.524] <-- 200 OK  http://127.0.0.1:9008/jsonrpc/0 (28ms)
[Fastbot][2026-06-19 04:12:22.524] Content-Type: application/json
[Fastbot][2026-06-19 04:12:22.524] Date: Fri, 19 Jun 2026 08:12:22 GMT
[Fastbot][2026-06-19 04:12:22.524] Connection: keep-alive
[Fastbot][2026-06-19 04:12:22.524] Transfer-Encoding: chunked
[Fastbot][2026-06-19 04:12:22.524] 
[Fastbot][2026-06-19 04:12:22.525] {"jsonrpc":"2.0","id":1,"result":{"bounds":{"bottom":885,"left":121,"right":836,"top":753},"childCount":0,"className":"android.widget.TextView","contentDescription":null,"packageName":"it.feio.android.omninotes.alpha","resourceName":"it.feio.android.omninotes.alpha:id/settings","text":"Settings","vi...[truncated]
[Fastbot][2026-06-19 04:12:22.525] <-- END HTTP (522-byte body)
[Fastbot][2026-06-19 04:12:22.571] [Proxy Server] Detected script method: click
[Fastbot][2026-06-19 04:12:22.572] [Proxy Server] Forwarding
[Fastbot][2026-06-19 04:12:22.572] --> POST http://127.0.0.1:9008/jsonrpc/0
[Fastbot][2026-06-19 04:12:22.572] Content-Type: application/json; charset=utf-8
[Fastbot][2026-06-19 04:12:22.572] Content-Length: 72
[Fastbot][2026-06-19 04:12:22.572] 
[Fastbot][2026-06-19 04:12:22.573] {"jsonrpc": "2.0", "id": 1, "method": "click", "params": [478.5, 819.0]}
[Fastbot][2026-06-19 04:12:22.573] --> END POST (72-byte body)
[Fastbot][2026-06-19 04:12:22.701] <-- 200 OK  http://127.0.0.1:9008/jsonrpc/0 (127ms)
[Fastbot][2026-06-19 04:12:22.701] Content-Type: application/json
[Fastbot][2026-06-19 04:12:22.701] Date: Fri, 19 Jun 2026 08:12:22 GMT
[Fastbot][2026-06-19 04:12:22.701] Connection: keep-alive
[Fastbot][2026-06-19 04:12:22.701] Transfer-Encoding: chunked
[Fastbot][2026-06-19 04:12:22.702] 
[Fastbot][2026-06-19 04:12:22.702] {"jsonrpc":"2.0","id":1,"result":true}

[Fastbot][2026-06-19 04:12:22.702] <-- END HTTP (39-byte body)
[Fastbot][2026-06-19 04:12:22.710] // the top activity is it.feio.android.omninotes.SettingsActivity, phone capture activity is com.android.camera.CaptureActivity
[Fastbot][2026-06-19 04:12:22.711]     // Allowing start of Intent { cmp=it.feio.android.omninotes.alpha/it.feio.android.omninotes.SettingsActivity } in package it.feio.android.omninotes.alpha
[Fastbot][2026-06-19 04:12:23.259] // [Script] current activity is it.feio.android.omninotes.SettingsActivity
[Fastbot][2026-06-19 04:12:23.259] [Proxy Server] Forwarding
[Fastbot][2026-06-19 04:12:23.260] --> POST http://127.0.0.1:9008/jsonrpc/0
[Fastbot][2026-06-19 04:12:23.261] Content-Type: application/json; charset=utf-8
[Fastbot][2026-06-19 04:12:23.261] Content-Length: 194
[Fastbot][2026-06-19 04:12:23.261] 
[Fastbot][2026-06-19 04:12:23.262] {"jsonrpc": "2.0", "id": 1, "method": "waitForExists", "params": [{"mask": 2097153, "childOrSibling": [], "childOrSiblingSelector": [], "resourceId": "android:id/title", "text": "Data"}, 20000]}
[Fastbot][2026-06-19 04:12:23.262] --> END POST (194-byte body)
[Fastbot][2026-06-19 04:12:23.295] <-- 200 OK  http://127.0.0.1:9008/jsonrpc/0 (33ms)
[Fastbot][2026-06-19 04:12:23.296] Content-Type: application/json
[Fastbot][2026-06-19 04:12:23.297] Date: Fri, 19 Jun 2026 08:12:23 GMT
[Fastbot][2026-06-19 04:12:23.297] Connection: keep-alive
[Fastbot][2026-06-19 04:12:23.297] Transfer-Encoding: chunked
[Fastbot][2026-06-19 04:12:23.298] 
[Fastbot][2026-06-19 04:12:23.298] {"jsonrpc":"2.0","id":1,"result":true}

[Fastbot][2026-06-19 04:12:23.298] <-- END HTTP (39-byte body)
[Fastbot][2026-06-19 04:12:23.358] [Proxy Server] Forwarding
[Fastbot][2026-06-19 04:12:23.358] --> POST http://127.0.0.1:9008/jsonrpc/0
[Fastbot][2026-06-19 04:12:23.359] Content-Type: application/json; charset=utf-8
[Fastbot][2026-06-19 04:12:23.359] Content-Length: 181
[Fastbot][2026-06-19 04:12:23.359] 
[Fastbot][2026-06-19 04:12:23.360] {"jsonrpc": "2.0", "id": 1, "method": "objInfo", "params": [{"mask": 2097153, "childOrSibling": [], "childOrSiblingSelector": [], "resourceId": "android:id/title", "text": "Data"}]}
[Fastbot][2026-06-19 04:12:23.360] --> END POST (181-byte body)
[Fastbot][2026-06-19 04:12:23.467] <-- 200 OK  http://127.0.0.1:9008/jsonrpc/0 (107ms)
[Fastbot][2026-06-19 04:12:23.468] Content-Type: application/json
[Fastbot][2026-06-19 04:12:23.468] Date: Fri, 19 Jun 2026 08:12:23 GMT
[Fastbot][2026-06-19 04:12:23.468] Connection: keep-alive
[Fastbot][2026-06-19 04:12:23.468] Transfer-Encoding: chunked
[Fastbot][2026-06-19 04:12:23.470] 
[Fastbot][2026-06-19 04:12:23.470] {"jsonrpc":"2.0","id":1,"result":{"bounds":{"bottom":530,"left":44,"right":135,"top":471},"childCount":0,"className":"android.widget.TextView","contentDescription":null,"packageName":"it.feio.android.omninotes.alpha","resourceName":"android:id/title","text":"Data","visibleBounds":{"bottom":530,"left...[truncated]
[Fastbot][2026-06-19 04:12:23.470] <-- END HTTP (489-byte body)
[Fastbot][2026-06-19 04:12:23.507] [Proxy Server] Detected script method: click
[Fastbot][2026-06-19 04:12:23.507] [Proxy Server] Forwarding
[Fastbot][2026-06-19 04:12:23.508] --> POST http://127.0.0.1:9008/jsonrpc/0
[Fastbot][2026-06-19 04:12:23.508] Content-Type: application/json; charset=utf-8
[Fastbot][2026-06-19 04:12:23.508] Content-Length: 71
[Fastbot][2026-06-19 04:12:23.508] 
[Fastbot][2026-06-19 04:12:23.509] {"jsonrpc": "2.0", "id": 1, "method": "click", "params": [89.5, 500.5]}
[Fastbot][2026-06-19 04:12:23.509] --> END POST (71-byte body)
[Fastbot][2026-06-19 04:12:23.655] <-- 200 OK  http://127.0.0.1:9008/jsonrpc/0 (146ms)
[Fastbot][2026-06-19 04:12:23.656] Content-Type: application/json
[Fastbot][2026-06-19 04:12:23.656] Date: Fri, 19 Jun 2026 08:12:23 GMT
[Fastbot][2026-06-19 04:12:23.657] Connection: keep-alive
[Fastbot][2026-06-19 04:12:23.657] Transfer-Encoding: chunked
[Fastbot][2026-06-19 04:12:23.658] 
[Fastbot][2026-06-19 04:12:23.658] {"jsonrpc":"2.0","id":1,"result":true}

[Fastbot][2026-06-19 04:12:23.658] <-- END HTTP (39-byte body)
[Fastbot][2026-06-19 04:12:24.209] [Proxy Server] Forwarding
[Fastbot][2026-06-19 04:12:24.209] --> POST http://127.0.0.1:9008/jsonrpc/0
[Fastbot][2026-06-19 04:12:24.209] Content-Type: application/json; charset=utf-8
[Fastbot][2026-06-19 04:12:24.209] Content-Length: 206
[Fastbot][2026-06-19 04:12:24.209] 
[Fastbot][2026-06-19 04:12:24.210] {"jsonrpc": "2.0", "id": 1, "method": "waitForExists", "params": [{"mask": 2097153, "childOrSibling": [], "childOrSiblingSelector": [], "resourceId": "android:id/title", "text": "Sync and Backups"}, 20000]}
[Fastbot][2026-06-19 04:12:24.210] --> END POST (206-byte body)
[Fastbot][2026-06-19 04:12:24.221] <-- 200 OK  http://127.0.0.1:9008/jsonrpc/0 (11ms)
[Fastbot][2026-06-19 04:12:24.222] Content-Type: application/json
[Fastbot][2026-06-19 04:12:24.222] Date: Fri, 19 Jun 2026 08:12:24 GMT
[Fastbot][2026-06-19 04:12:24.222] Connection: keep-alive
[Fastbot][2026-06-19 04:12:24.222] Transfer-Encoding: chunked
[Fastbot][2026-06-19 04:12:24.222] 
[Fastbot][2026-06-19 04:12:24.222] {"jsonrpc":"2.0","id":1,"result":true}

[Fastbot][2026-06-19 04:12:24.223] <-- END HTTP (39-byte body)
[Fastbot][2026-06-19 04:12:24.255] [Proxy Server] Forwarding
[Fastbot][2026-06-19 04:12:24.256] --> POST http://127.0.0.1:9008/jsonrpc/0
[Fastbot][2026-06-19 04:12:24.256] Content-Type: application/json; charset=utf-8
[Fastbot][2026-06-19 04:12:24.256] Content-Length: 193
[Fastbot][2026-06-19 04:12:24.256] 
[Fastbot][2026-06-19 04:12:24.256] {"jsonrpc": "2.0", "id": 1, "method": "objInfo", "params": [{"mask": 2097153, "childOrSibling": [], "childOrSiblingSelector": [], "resourceId": "android:id/title", "text": "Sync and Backups"}]}
[Fastbot][2026-06-19 04:12:24.257] --> END POST (193-byte body)
[Fastbot][2026-06-19 04:12:24.283] <-- 200 OK  http://127.0.0.1:9008/jsonrpc/0 (26ms)
[Fastbot][2026-06-19 04:12:24.283] Content-Type: application/json
[Fastbot][2026-06-19 04:12:24.283] Date: Fri, 19 Jun 2026 08:12:24 GMT
[Fastbot][2026-06-19 04:12:24.283] Connection: keep-alive
[Fastbot][2026-06-19 04:12:24.284] Transfer-Encoding: chunked
[Fastbot][2026-06-19 04:12:24.333] 
[Fastbot][2026-06-19 04:12:24.333] {"jsonrpc":"2.0","id":1,"result":{"bounds":{"bottom":389,"left":44,"right":401,"top":330},"childCount":0,"className":"android.widget.TextView","contentDescription":null,"packageName":"it.feio.android.omninotes.alpha","resourceName":"android:id/title","text":"Sync and Backups","visibleBounds":{"botto...[truncated]
[Fastbot][2026-06-19 04:12:24.334] <-- END HTTP (501-byte body)
[Fastbot][2026-06-19 04:12:24.365] [Proxy Server] Detected script method: click
[Fastbot][2026-06-19 04:12:24.365] [Proxy Server] Forwarding
[Fastbot][2026-06-19 04:12:24.365] --> POST http://127.0.0.1:9008/jsonrpc/0
[Fastbot][2026-06-19 04:12:24.366] Content-Type: application/json; charset=utf-8
[Fastbot][2026-06-19 04:12:24.366] Content-Length: 72
[Fastbot][2026-06-19 04:12:24.366] 
[Fastbot][2026-06-19 04:12:24.366] {"jsonrpc": "2.0", "id": 1, "method": "click", "params": [222.5, 359.5]}
[Fastbot][2026-06-19 04:12:24.366] --> END POST (72-byte body)
[Fastbot][2026-06-19 04:12:24.514] <-- 200 OK  http://127.0.0.1:9008/jsonrpc/0 (147ms)
[Fastbot][2026-06-19 04:12:24.515] Content-Type: application/json
[Fastbot][2026-06-19 04:12:24.515] Date: Fri, 19 Jun 2026 08:12:24 GMT
[Fastbot][2026-06-19 04:12:24.515] Connection: keep-alive
[Fastbot][2026-06-19 04:12:24.515] Transfer-Encoding: chunked
[Fastbot][2026-06-19 04:12:24.552] 
[Fastbot][2026-06-19 04:12:24.552] {"jsonrpc":"2.0","id":1,"result":true}

[Fastbot][2026-06-19 04:12:24.552] <-- END HTTP (39-byte body)
[Fastbot][2026-06-19 04:12:25.070] [Proxy Server] Detected script method: pressKey
[Fastbot][2026-06-19 04:12:25.070] [Proxy Server] Forwarding
[Fastbot][2026-06-19 04:12:25.071] --> POST http://127.0.0.1:9008/jsonrpc/0
[Fastbot][2026-06-19 04:12:25.071] Content-Type: application/json; charset=utf-8
[Fastbot][2026-06-19 04:12:25.072] Content-Length: 69
[Fastbot][2026-06-19 04:12:25.072] 
[Fastbot][2026-06-19 04:12:25.072] {"jsonrpc": "2.0", "id": 1, "method": "pressKey", "params": ["back"]}
[Fastbot][2026-06-19 04:12:25.072] --> END POST (69-byte body)
[Fastbot][2026-06-19 04:12:25.103] <-- 200 OK  http://127.0.0.1:9008/jsonrpc/0 (30ms)
[Fastbot][2026-06-19 04:12:25.103] Content-Type: application/json
[Fastbot][2026-06-19 04:12:25.104] Date: Fri, 19 Jun 2026 08:12:25 GMT
[Fastbot][2026-06-19 04:12:25.104] Connection: keep-alive
[Fastbot][2026-06-19 04:12:25.106] Transfer-Encoding: chunked
[Fastbot][2026-06-19 04:12:25.107] 
[Fastbot][2026-06-19 04:12:25.107] {"jsonrpc":"2.0","id":1,"result":true}

[Fastbot][2026-06-19 04:12:25.107] <-- END HTTP (39-byte body)
[Fastbot][2026-06-19 04:12:25.649] [Proxy Server] Detected script method: pressKey
[Fastbot][2026-06-19 04:12:25.649] [Proxy Server] Forwarding
[Fastbot][2026-06-19 04:12:25.649] --> POST http://127.0.0.1:9008/jsonrpc/0
[Fastbot][2026-06-19 04:12:25.649] Content-Type: application/json; charset=utf-8
[Fastbot][2026-06-19 04:12:25.650] Content-Length: 69
[Fastbot][2026-06-19 04:12:25.650] 
[Fastbot][2026-06-19 04:12:25.650] {"jsonrpc": "2.0", "id": 1, "method": "pressKey", "params": ["back"]}
[Fastbot][2026-06-19 04:12:25.650] --> END POST (69-byte body)
[Fastbot][2026-06-19 04:12:25.684] <-- 200 OK  http://127.0.0.1:9008/jsonrpc/0 (34ms)
[Fastbot][2026-06-19 04:12:25.685] Content-Type: application/json
[Fastbot][2026-06-19 04:12:25.685] Date: Fri, 19 Jun 2026 08:12:25 GMT
[Fastbot][2026-06-19 04:12:25.685] Connection: keep-alive
[Fastbot][2026-06-19 04:12:25.685] Transfer-Encoding: chunked
[Fastbot][2026-06-19 04:12:25.685] 
[Fastbot][2026-06-19 04:12:25.685] {"jsonrpc":"2.0","id":1,"result":true}

[Fastbot][2026-06-19 04:12:25.685] <-- END HTTP (39-byte body)
[Fastbot][2026-06-19 04:12:26.225] [Proxy Server] Detected script method: pressKey
[Fastbot][2026-06-19 04:12:26.225] [Proxy Server] Forwarding
[Fastbot][2026-06-19 04:12:26.226] --> POST http://127.0.0.1:9008/jsonrpc/0
[Fastbot][2026-06-19 04:12:26.226] Content-Type: application/json; charset=utf-8
[Fastbot][2026-06-19 04:12:26.226] Content-Length: 69
[Fastbot][2026-06-19 04:12:26.227] 
[Fastbot][2026-06-19 04:12:26.227] {"jsonrpc": "2.0", "id": 1, "method": "pressKey", "params": ["back"]}
[Fastbot][2026-06-19 04:12:26.227] --> END POST (69-byte body)
[Fastbot][2026-06-19 04:12:26.244]     // activityResuming(it.feio.android.omninotes.alpha)
[Fastbot][2026-06-19 04:12:26.876] <-- 200 OK  http://127.0.0.1:9008/jsonrpc/0 (647ms)
[Fastbot][2026-06-19 04:12:26.876] Content-Type: application/json
[Fastbot][2026-06-19 04:12:26.876] Date: Fri, 19 Jun 2026 08:12:26 GMT
[Fastbot][2026-06-19 04:12:26.876] Connection: keep-alive
[Fastbot][2026-06-19 04:12:26.877] Transfer-Encoding: chunked
[Fastbot][2026-06-19 04:12:26.878] 
[Fastbot][2026-06-19 04:12:26.878] {"jsonrpc":"2.0","id":1,"result":true}

[Fastbot][2026-06-19 04:12:26.879] <-- END HTTP (39-byte body)
[Fastbot][2026-06-19 04:12:27.414] // [Script] current activity is it.feio.android.omninotes.MainActivity
[Fastbot][2026-06-19 04:12:27.415] [Proxy Server] Detected script method: pressKey
[Fastbot][2026-06-19 04:12:27.415] [Proxy Server] Forwarding
[Fastbot][2026-06-19 04:12:27.415] --> POST http://127.0.0.1:9008/jsonrpc/0
[Fastbot][2026-06-19 04:12:27.415] Content-Type: application/json; charset=utf-8
[Fastbot][2026-06-19 04:12:27.416] Content-Length: 69
[Fastbot][2026-06-19 04:12:27.416] 
[Fastbot][2026-06-19 04:12:27.417] {"jsonrpc": "2.0", "id": 1, "method": "pressKey", "params": ["back"]}
[Fastbot][2026-06-19 04:12:27.417] --> END POST (69-byte body)
[Fastbot][2026-06-19 04:12:27.488] <-- 200 OK  http://127.0.0.1:9008/jsonrpc/0 (70ms)
[Fastbot][2026-06-19 04:12:27.488] Content-Type: application/json
[Fastbot][2026-06-19 04:12:27.488] Date: Fri, 19 Jun 2026 08:12:27 GMT
[Fastbot][2026-06-19 04:12:27.488] Connection: keep-alive
[Fastbot][2026-06-19 04:12:27.489] Transfer-Encoding: chunked
[Fastbot][2026-06-19 04:12:27.490] 
[Fastbot][2026-06-19 04:12:27.490] {"jsonrpc":"2.0","id":1,"result":true}

[Fastbot][2026-06-19 04:12:27.490] <-- END HTTP (39-byte body)
[Fastbot][2026-06-19 04:12:28.272] --> POST http://127.0.0.1:9008/jsonrpc/0
[Fastbot][2026-06-19 04:12:28.272] Content-Type: application/json; charset=utf-8
[Fastbot][2026-06-19 04:12:28.273] Content-Length: 75
[Fastbot][2026-06-19 04:12:28.273] 
[Fastbot][2026-06-19 04:12:28.273] {"id":1,"jsonrpc":"2.0","method":"dumpWindowHierarchy","params":[false,50]}
[Fastbot][2026-06-19 04:12:28.273] --> END POST (75-byte body)
[Fastbot][2026-06-19 04:12:28.344] <-- 200 OK  http://127.0.0.1:9008/jsonrpc/0 (70ms)
[Fastbot][2026-06-19 04:12:28.344] Content-Type: application/json
[Fastbot][2026-06-19 04:12:28.344] Date: Fri, 19 Jun 2026 08:12:28 GMT
[Fastbot][2026-06-19 04:12:28.344] Connection: keep-alive
[Fastbot][2026-06-19 04:12:28.344] Transfer-Encoding: chunked
[Fastbot][2026-06-19 04:12:28.348] 
[Fastbot][2026-06-19 04:12:28.348] {"jsonrpc":"2.0","id":1,"result":"<?xml version='1.0' encoding='UTF-8' standalone='yes' ?>\r\n<hierarchy rotation=\"0\">\r\n  <node index=\"0\" text=\"\" resource-id=\"com.android.systemui:id/navigation_bar_frame\" class=\"android.widget.FrameLayout\" package=\"com.android.systemui\" content-desc=\"...[truncated]
[Fastbot][2026-06-19 04:12:28.348] <-- END HTTP (42094-byte body)
[Fastbot][2026-06-19 04:12:28.437] [Proxy Server] Forwarding
[Fastbot][2026-06-19 04:12:28.437] --> POST http://127.0.0.1:9008/jsonrpc/0
[Fastbot][2026-06-19 04:12:28.438] Content-Type: application/json; charset=utf-8
[Fastbot][2026-06-19 04:12:28.438] Content-Length: 219
[Fastbot][2026-06-19 04:12:28.438] 
[Fastbot][2026-06-19 04:12:28.439] {"jsonrpc": "2.0", "id": 1, "method": "waitForExists", "params": [{"mask": 2097152, "childOrSibling": [], "childOrSiblingSelector": [], "resourceId": "it.feio.android.omninotes.alpha:id/fab_expand_menu_button"}, 20000]}
[Fastbot][2026-06-19 04:12:28.439] --> END POST (219-byte body)
[Fastbot][2026-06-19 04:12:28.452] <-- 200 OK  http://127.0.0.1:9008/jsonrpc/0 (13ms)
[Fastbot][2026-06-19 04:12:28.453] Content-Type: application/json
[Fastbot][2026-06-19 04:12:28.453] Date: Fri, 19 Jun 2026 08:12:28 GMT
[Fastbot][2026-06-19 04:12:28.453] Connection: keep-alive
[Fastbot][2026-06-19 04:12:28.453] Transfer-Encoding: chunked
[Fastbot][2026-06-19 04:12:28.454] 
[Fastbot][2026-06-19 04:12:28.454] {"jsonrpc":"2.0","id":1,"result":true}

[Fastbot][2026-06-19 04:12:28.454] <-- END HTTP (39-byte body)
[Fastbot][2026-06-19 04:12:28.500] [Proxy Server] Forwarding
[Fastbot][2026-06-19 04:12:28.500] --> POST http://127.0.0.1:9008/jsonrpc/0
[Fastbot][2026-06-19 04:12:28.500] Content-Type: application/json; charset=utf-8
[Fastbot][2026-06-19 04:12:28.501] Content-Length: 206
[Fastbot][2026-06-19 04:12:28.501] 
[Fastbot][2026-06-19 04:12:28.502] {"jsonrpc": "2.0", "id": 1, "method": "objInfo", "params": [{"mask": 2097152, "childOrSibling": [], "childOrSiblingSelector": [], "resourceId": "it.feio.android.omninotes.alpha:id/fab_expand_menu_button"}]}
[Fastbot][2026-06-19 04:12:28.502] --> END POST (206-byte body)
[Fastbot][2026-06-19 04:12:28.538] <-- 200 OK  http://127.0.0.1:9008/jsonrpc/0 (35ms)
[Fastbot][2026-06-19 04:12:28.538] Content-Type: application/json
[Fastbot][2026-06-19 04:12:28.538] Date: Fri, 19 Jun 2026 08:12:28 GMT
[Fastbot][2026-06-19 04:12:28.538] Connection: keep-alive
[Fastbot][2026-06-19 04:12:28.539] Transfer-Encoding: chunked
[Fastbot][2026-06-19 04:12:28.542] 
[Fastbot][2026-06-19 04:12:28.543] {"jsonrpc":"2.0","id":1,"result":{"bounds":{"bottom":2016,"left":856,"right":1058,"top":1923},"childCount":0,"className":"android.widget.ImageButton","contentDescription":null,"packageName":"it.feio.android.omninotes.alpha","resourceName":"it.feio.android.omninotes.alpha:id/fab_expand_menu_button","...[truncated]
[Fastbot][2026-06-19 04:12:28.543] <-- END HTTP (536-byte body)
[Fastbot][2026-06-19 04:12:28.593] [Proxy Server] Detected script method: click
[Fastbot][2026-06-19 04:12:28.594] [Proxy Server] Forwarding
[Fastbot][2026-06-19 04:12:28.594] --> POST http://127.0.0.1:9008/jsonrpc/0
[Fastbot][2026-06-19 04:12:28.594] Content-Type: application/json; charset=utf-8
[Fastbot][2026-06-19 04:12:28.594] Content-Length: 73
[Fastbot][2026-06-19 04:12:28.594] 
[Fastbot][2026-06-19 04:12:28.594] {"jsonrpc": "2.0", "id": 1, "method": "click", "params": [957.0, 1969.5]}
[Fastbot][2026-06-19 04:12:28.594] --> END POST (73-byte body)
[Fastbot][2026-06-19 04:12:28.719] <-- 200 OK  http://127.0.0.1:9008/jsonrpc/0 (124ms)
[Fastbot][2026-06-19 04:12:28.719] Content-Type: application/json
[Fastbot][2026-06-19 04:12:28.719] Date: Fri, 19 Jun 2026 08:12:28 GMT
[Fastbot][2026-06-19 04:12:28.719] Connection: keep-alive
[Fastbot][2026-06-19 04:12:28.719] Transfer-Encoding: chunked
[Fastbot][2026-06-19 04:12:28.720] 
[Fastbot][2026-06-19 04:12:28.720] {"jsonrpc":"2.0","id":1,"result":true}

[Fastbot][2026-06-19 04:12:28.720] <-- END HTTP (39-byte body)
[Fastbot][2026-06-19 04:12:29.277] [Proxy Server] Forwarding
[Fastbot][2026-06-19 04:12:29.277] --> POST http://127.0.0.1:9008/jsonrpc/0
[Fastbot][2026-06-19 04:12:29.277] Content-Type: application/json; charset=utf-8
[Fastbot][2026-06-19 04:12:29.277] Content-Length: 205
[Fastbot][2026-06-19 04:12:29.278] 
[Fastbot][2026-06-19 04:12:29.278] {"jsonrpc": "2.0", "id": 1, "method": "waitForExists", "params": [{"mask": 2097152, "childOrSibling": [], "childOrSiblingSelector": [], "resourceId": "it.feio.android.omninotes.alpha:id/fab_note"}, 20000]}
[Fastbot][2026-06-19 04:12:29.278] --> END POST (205-byte body)
[Fastbot][2026-06-19 04:12:29.298] <-- 200 OK  http://127.0.0.1:9008/jsonrpc/0 (19ms)
[Fastbot][2026-06-19 04:12:29.298] Content-Type: application/json
[Fastbot][2026-06-19 04:12:29.298] Date: Fri, 19 Jun 2026 08:12:29 GMT
[Fastbot][2026-06-19 04:12:29.298] Connection: keep-alive
[Fastbot][2026-06-19 04:12:29.298] Transfer-Encoding: chunked
[Fastbot][2026-06-19 04:12:29.298] 
[Fastbot][2026-06-19 04:12:29.299] {"jsonrpc":"2.0","id":1,"result":true}

[Fastbot][2026-06-19 04:12:29.299] <-- END HTTP (39-byte body)
[Fastbot][2026-06-19 04:12:29.339] [Proxy Server] Forwarding
[Fastbot][2026-06-19 04:12:29.340] --> POST http://127.0.0.1:9008/jsonrpc/0
[Fastbot][2026-06-19 04:12:29.340] Content-Type: application/json; charset=utf-8
[Fastbot][2026-06-19 04:12:29.340] Content-Length: 192
[Fastbot][2026-06-19 04:12:29.340] 
[Fastbot][2026-06-19 04:12:29.340] {"jsonrpc": "2.0", "id": 1, "method": "objInfo", "params": [{"mask": 2097152, "childOrSibling": [], "childOrSiblingSelector": [], "resourceId": "it.feio.android.omninotes.alpha:id/fab_note"}]}
[Fastbot][2026-06-19 04:12:29.340] --> END POST (192-byte body)
[Fastbot][2026-06-19 04:12:29.374] <-- 200 OK  http://127.0.0.1:9008/jsonrpc/0 (33ms)
[Fastbot][2026-06-19 04:12:29.374] Content-Type: application/json
[Fastbot][2026-06-19 04:12:29.374] Date: Fri, 19 Jun 2026 08:12:29 GMT
[Fastbot][2026-06-19 04:12:29.374] Connection: keep-alive
[Fastbot][2026-06-19 04:12:29.375] Transfer-Encoding: chunked
[Fastbot][2026-06-19 04:12:29.375] 
[Fastbot][2026-06-19 04:12:29.375] {"jsonrpc":"2.0","id":1,"result":{"bounds":{"bottom":1912,"left":878,"right":1037,"top":1753},"childCount":0,"className":"android.widget.ImageButton","contentDescription":null,"packageName":"it.feio.android.omninotes.alpha","resourceName":"it.feio.android.omninotes.alpha:id/fab_note","text":null,"vi...[truncated]
[Fastbot][2026-06-19 04:12:29.375] <-- END HTTP (523-byte body)
[Fastbot][2026-06-19 04:12:29.432] [Proxy Server] Detected script method: click
[Fastbot][2026-06-19 04:12:29.433] [Proxy Server] Forwarding
[Fastbot][2026-06-19 04:12:29.434] --> POST http://127.0.0.1:9008/jsonrpc/0
[Fastbot][2026-06-19 04:12:29.434] Content-Type: application/json; charset=utf-8
[Fastbot][2026-06-19 04:12:29.435] Content-Length: 73
[Fastbot][2026-06-19 04:12:29.435] 
[Fastbot][2026-06-19 04:12:29.435] {"jsonrpc": "2.0", "id": 1, "method": "click", "params": [957.5, 1832.5]}
[Fastbot][2026-06-19 04:12:29.435] --> END POST (73-byte body)
[Fastbot][2026-06-19 04:12:29.568] <-- 200 OK  http://127.0.0.1:9008/jsonrpc/0 (132ms)
[Fastbot][2026-06-19 04:12:29.568] Content-Type: application/json
[Fastbot][2026-06-19 04:12:29.568] Date: Fri, 19 Jun 2026 08:12:29 GMT
[Fastbot][2026-06-19 04:12:29.568] Connection: keep-alive
[Fastbot][2026-06-19 04:12:29.568] Transfer-Encoding: chunked
[Fastbot][2026-06-19 04:12:29.569] 
[Fastbot][2026-06-19 04:12:29.570] {"jsonrpc":"2.0","id":1,"result":true}

[Fastbot][2026-06-19 04:12:29.570] <-- END HTTP (39-byte body)
[Fastbot][2026-06-19 04:12:30.088] [Proxy Server] Forwarding
[Fastbot][2026-06-19 04:12:30.088] --> POST http://127.0.0.1:9008/jsonrpc/0
[Fastbot][2026-06-19 04:12:30.088] Content-Type: application/json; charset=utf-8
[Fastbot][2026-06-19 04:12:30.088] Content-Length: 209
[Fastbot][2026-06-19 04:12:30.088] 
[Fastbot][2026-06-19 04:12:30.088] {"jsonrpc": "2.0", "id": 1, "method": "waitForExists", "params": [{"mask": 2097152, "childOrSibling": [], "childOrSiblingSelector": [], "resourceId": "it.feio.android.omninotes.alpha:id/detail_title"}, 20000]}
[Fastbot][2026-06-19 04:12:30.088] --> END POST (209-byte body)
[Fastbot][2026-06-19 04:12:30.150] <-- 200 OK  http://127.0.0.1:9008/jsonrpc/0 (61ms)
[Fastbot][2026-06-19 04:12:30.150] Content-Type: application/json
[Fastbot][2026-06-19 04:12:30.150] Date: Fri, 19 Jun 2026 08:12:30 GMT
[Fastbot][2026-06-19 04:12:30.150] Connection: keep-alive
[Fastbot][2026-06-19 04:12:30.150] Transfer-Encoding: chunked
[Fastbot][2026-06-19 04:12:30.151] 
[Fastbot][2026-06-19 04:12:30.152] {"jsonrpc":"2.0","id":1,"result":true}

[Fastbot][2026-06-19 04:12:30.153] <-- END HTTP (39-byte body)
[Fastbot][2026-06-19 04:12:30.174] [Proxy Server] Detected script method: setText
[Fastbot][2026-06-19 04:12:30.175] [Proxy Server] Forwarding
[Fastbot][2026-06-19 04:12:30.175] --> POST http://127.0.0.1:9008/jsonrpc/0
[Fastbot][2026-06-19 04:12:30.175] Content-Type: application/json; charset=utf-8
[Fastbot][2026-06-19 04:12:30.175] Content-Length: 204
[Fastbot][2026-06-19 04:12:30.175] 
[Fastbot][2026-06-19 04:12:30.176] {"jsonrpc": "2.0", "id": 1, "method": "setText", "params": [{"mask": 2097152, "childOrSibling": [], "childOrSiblingSelector": [], "resourceId": "it.feio.android.omninotes.alpha:id/detail_title"}, "sV1e"]}
[Fastbot][2026-06-19 04:12:30.176] --> END POST (204-byte body)
[Fastbot][2026-06-19 04:12:30.282] <-- 200 OK  http://127.0.0.1:9008/jsonrpc/0 (105ms)
[Fastbot][2026-06-19 04:12:30.282] Content-Type: application/json
[Fastbot][2026-06-19 04:12:30.282] Date: Fri, 19 Jun 2026 08:12:30 GMT
[Fastbot][2026-06-19 04:12:30.282] Connection: keep-alive
[Fastbot][2026-06-19 04:12:30.283] Transfer-Encoding: chunked
[Fastbot][2026-06-19 04:12:30.322] 
[Fastbot][2026-06-19 04:12:30.322] {"jsonrpc":"2.0","id":1,"result":true}

[Fastbot][2026-06-19 04:12:30.322] <-- END HTTP (39-byte body)
[Fastbot][2026-06-19 04:12:30.339] [Proxy Server] Forwarding
[Fastbot][2026-06-19 04:12:30.339] --> POST http://127.0.0.1:9008/jsonrpc/0
[Fastbot][2026-06-19 04:12:30.340] Content-Type: application/json; charset=utf-8
[Fastbot][2026-06-19 04:12:30.340] Content-Length: 211
[Fastbot][2026-06-19 04:12:30.340] 
[Fastbot][2026-06-19 04:12:30.341] {"jsonrpc": "2.0", "id": 1, "method": "waitForExists", "params": [{"mask": 2097152, "childOrSibling": [], "childOrSiblingSelector": [], "resourceId": "it.feio.android.omninotes.alpha:id/detail_content"}, 20000]}
[Fastbot][2026-06-19 04:12:30.341] --> END POST (211-byte body)
[Fastbot][2026-06-19 04:12:30.356] <-- 200 OK  http://127.0.0.1:9008/jsonrpc/0 (15ms)
[Fastbot][2026-06-19 04:12:30.356] Content-Type: application/json
[Fastbot][2026-06-19 04:12:30.356] Date: Fri, 19 Jun 2026 08:12:30 GMT
[Fastbot][2026-06-19 04:12:30.356] Connection: keep-alive
[Fastbot][2026-06-19 04:12:30.356] Transfer-Encoding: chunked
[Fastbot][2026-06-19 04:12:30.403] 
[Fastbot][2026-06-19 04:12:30.403] {"jsonrpc":"2.0","id":1,"result":true}

[Fastbot][2026-06-19 04:12:30.403] <-- END HTTP (39-byte body)
[Fastbot][2026-06-19 04:12:30.445] [Proxy Server] Detected script method: setText
[Fastbot][2026-06-19 04:12:30.446] [Proxy Server] Forwarding
[Fastbot][2026-06-19 04:12:30.446] --> POST http://127.0.0.1:9008/jsonrpc/0
[Fastbot][2026-06-19 04:12:30.446] Content-Type: application/json; charset=utf-8
[Fastbot][2026-06-19 04:12:30.446] Content-Length: 214
[Fastbot][2026-06-19 04:12:30.447] 
[Fastbot][2026-06-19 04:12:30.447] {"jsonrpc": "2.0", "id": 1, "method": "setText", "params": [{"mask": 2097152, "childOrSibling": [], "childOrSiblingSelector": [], "resourceId": "it.feio.android.omninotes.alpha:id/detail_content"}, "test content"]}
[Fastbot][2026-06-19 04:12:30.447] --> END POST (214-byte body)
[Fastbot][2026-06-19 04:12:30.521] <-- 200 OK  http://127.0.0.1:9008/jsonrpc/0 (73ms)
[Fastbot][2026-06-19 04:12:30.521] Content-Type: application/json
[Fastbot][2026-06-19 04:12:30.521] Date: Fri, 19 Jun 2026 08:12:30 GMT
[Fastbot][2026-06-19 04:12:30.522] Connection: keep-alive
[Fastbot][2026-06-19 04:12:30.522] Transfer-Encoding: chunked
[Fastbot][2026-06-19 04:12:30.523] 
[Fastbot][2026-06-19 04:12:30.523] {"jsonrpc":"2.0","id":1,"result":true}

[Fastbot][2026-06-19 04:12:30.523] <-- END HTTP (39-byte body)
[Fastbot][2026-06-19 04:12:31.068] [Proxy Server] Detected script method: pressKey
[Fastbot][2026-06-19 04:12:31.068] [Proxy Server] Forwarding
[Fastbot][2026-06-19 04:12:31.069] --> POST http://127.0.0.1:9008/jsonrpc/0
[Fastbot][2026-06-19 04:12:31.069] Content-Type: application/json; charset=utf-8
[Fastbot][2026-06-19 04:12:31.069] Content-Length: 69
[Fastbot][2026-06-19 04:12:31.070] 
[Fastbot][2026-06-19 04:12:31.070] {"jsonrpc": "2.0", "id": 1, "method": "pressKey", "params": ["back"]}
[Fastbot][2026-06-19 04:12:31.070] --> END POST (69-byte body)
[Fastbot][2026-06-19 04:12:31.115] <-- 200 OK  http://127.0.0.1:9008/jsonrpc/0 (44ms)
[Fastbot][2026-06-19 04:12:31.115] Content-Type: application/json
[Fastbot][2026-06-19 04:12:31.115] Date: Fri, 19 Jun 2026 08:12:31 GMT
[Fastbot][2026-06-19 04:12:31.115] Connection: keep-alive
[Fastbot][2026-06-19 04:12:31.116] Transfer-Encoding: chunked
[Fastbot][2026-06-19 04:12:31.117] 
[Fastbot][2026-06-19 04:12:31.118] {"jsonrpc":"2.0","id":1,"result":true}

[Fastbot][2026-06-19 04:12:31.118] <-- END HTTP (39-byte body)
[Fastbot][2026-06-19 04:12:31.659] [Proxy Server] Forwarding
[Fastbot][2026-06-19 04:12:31.659] --> POST http://127.0.0.1:9008/jsonrpc/0
[Fastbot][2026-06-19 04:12:31.659] Content-Type: application/json; charset=utf-8
[Fastbot][2026-06-19 04:12:31.660] Content-Length: 208
[Fastbot][2026-06-19 04:12:31.660] 
[Fastbot][2026-06-19 04:12:31.660] {"jsonrpc": "2.0", "id": 1, "method": "exist", "params": [{"mask": 2097153, "childOrSibling": [], "childOrSiblingSelector": [], "resourceId": "it.feio.android.omninotes.alpha:id/note_title", "text": "sV1e"}]}
[Fastbot][2026-06-19 04:12:31.660] --> END POST (208-byte body)
[Fastbot][2026-06-19 04:12:31.695] <-- 200 OK  http://127.0.0.1:9008/jsonrpc/0 (34ms)
[Fastbot][2026-06-19 04:12:31.695] Content-Type: application/json
[Fastbot][2026-06-19 04:12:31.695] Date: Fri, 19 Jun 2026 08:12:31 GMT
[Fastbot][2026-06-19 04:12:31.696] Connection: keep-alive
[Fastbot][2026-06-19 04:12:31.696] Transfer-Encoding: chunked
[Fastbot][2026-06-19 04:12:31.697] 
[Fastbot][2026-06-19 04:12:31.697] {"jsonrpc":"2.0","id":1,"result":true}

[Fastbot][2026-06-19 04:12:31.697] <-- END HTTP (39-byte body)
[Fastbot][2026-06-19 04:12:31.969] --> POST http://127.0.0.1:9008/jsonrpc/0
[Fastbot][2026-06-19 04:12:31.970] Content-Type: application/json; charset=utf-8
[Fastbot][2026-06-19 04:12:31.970] Content-Length: 75
[Fastbot][2026-06-19 04:12:31.970] 
[Fastbot][2026-06-19 04:12:31.970] {"id":1,"jsonrpc":"2.0","method":"dumpWindowHierarchy","params":[false,50]}
[Fastbot][2026-06-19 04:12:31.970] --> END POST (75-byte body)
[Fastbot][2026-06-19 04:12:32.007] <-- 200 OK  http://127.0.0.1:9008/jsonrpc/0 (36ms)
[Fastbot][2026-06-19 04:12:32.007] Content-Type: application/json
[Fastbot][2026-06-19 04:12:32.007] Date: Fri, 19 Jun 2026 08:12:32 GMT
[Fastbot][2026-06-19 04:12:32.007] Connection: keep-alive
[Fastbot][2026-06-19 04:12:32.007] Transfer-Encoding: chunked
[Fastbot][2026-06-19 04:12:32.009] 
[Fastbot][2026-06-19 04:12:32.009] {"jsonrpc":"2.0","id":1,"result":"<?xml version='1.0' encoding='UTF-8' standalone='yes' ?>\r\n<hierarchy rotation=\"0\">\r\n  <node index=\"0\" text=\"\" resource-id=\"com.android.systemui:id/navigation_bar_frame\" class=\"android.widget.FrameLayout\" package=\"com.android.systemui\" content-desc=\"...[truncated]
[Fastbot][2026-06-19 04:12:32.009] <-- END HTTP (47392-byte body)
[Fastbot][2026-06-19 04:12:32.048] [ProxyServer] stepsCount: 6
[Fastbot][2026-06-19 04:12:32.048] [ProxyServer] receive request: stepMonkey
[Fastbot][2026-06-19 04:12:32.048] [MonkeySourceApeU2] stepsCount: 6
[Fastbot][2026-06-19 04:12:32.049] [MonkeySourceApeU2] Latest event is MonkeyEvent. Use the cached hierarchy.
[Fastbot][2026-06-19 04:12:32.051] [MonkeySourceApeU2] Successfully Got hierarchy
[Fastbot][2026-06-19 04:12:32.059] // Event id: 83
[Fastbot][2026-06-19 04:12:32.059] topActivity Name: ComponentInfo{it.feio.android.omninotes.alpha/it.feio.android.omninotes.MainActivity}
[Fastbot][2026-06-19 04:12:32.059] // Dumped stringOfGuiTree
[Fastbot][2026-06-19 04:12:32.060] topActivityName: it.feio.android.omninotes.MainActivity
[Fastbot][2026-06-19 04:12:32.064] action type: CLICK
[Fastbot][2026-06-19 04:12:32.064] rpc cost time: 5
[Fastbot][2026-06-19 04:12:32.073]   mshowrequested=false mshowexplicitlyrequested=false mshowforced=false minputshown=false
[Fastbot][2026-06-19 04:12:32.073] mInputShown not found, getInputMethodWindowVisibleHeight is used.
java.lang.NullPointerException: Attempt to read from field 'com.android.server.wm.DisplayFrames com.android.server.wm.DisplayContent.mDisplayFrames' on a null object reference[Fastbot][2026-06-19 04:12:32.076] :Sending rotation degree=0, persist=false

	at android.os.Parcel.createException(Parcel.java:2077)
	at android.os.Parcel.readException(Parcel.java:2039)
	at android.os.Parcel.readException(Parcel.java:1987)
	at com.android.internal.view.IInputMethodManager$Stub$Proxy.getInputMethodWindowVisibleHeight(IInputMethodManager.java:809)
	at android.view.inputmethod.InputMethodManager.getInputMethodWindowVisibleHeight(InputMethodManager.java:2844)
	at com.android.commands.monkey.framework.AndroidDevice.isVirtualKeyboardOpened(AndroidDevice.java:217)
	at com.android.commands.monkey.source.MonkeySourceApeU2.doInput(MonkeySourceApeU2.java:1018)
	at com.android.commands.monkey.source.MonkeySourceApeU2.generateEventsForActionInternal(MonkeySourceApeU2.java:945)
	at com.android.commands.monkey.source.MonkeySourceApeU2.generateEventsForAction(MonkeySourceApeU2.java:907)
	at com.android.commands.monkey.source.MonkeySourceApeU2.generateEvents(MonkeySourceApeU2.java:827)
	at com.android.commands.monkey.source.MonkeySourceApeU2.getNextEvent(MonkeySourceApeU2.java:422)
	at com.android.commands.monkey.Monkey.runMonkeyCycles(Monkey.java:1576)
	at com.android.commands.monkey.Monkey.run(Monkey.java:874)
	at com.android.commands.monkey.Monkey.main(Monkey.java:473)
	at com.android.internal.os.RuntimeInit.nativeFinishInit(Native Method)
	at com.android.internal.os.RuntimeInit.main(RuntimeInit.java:338)
Caused by: android.os.RemoteException: Remote stack trace:
	at com.android.server.wm.WindowManagerService$LocalService.getInputMethodWindowVisibleHeight(WindowManagerService.java:7310)
	at com.android.server.inputmethod.InputMethodManagerService.getInputMethodWindowVisibleHeight(InputMethodManagerService.java:3467)
	at com.android.internal.view.IInputMethodManager$Stub.onTransact(IInputMethodManager.java:413)
	at com.android.server.inputmethod.InputMethodManagerService.onTransact(InputMethodManagerService.java:1592)
	at android.os.Binder.execTransactInternal(Binder.java:1021)

[Fastbot][2026-06-19 04:12:32.092] :Sending Touch (ACTION_DOWN): 0:(761.0,174.0)
[Fastbot][2026-06-19 04:12:32.094] :Sending Touch (ACTION_UP): 0:(761.0,174.0)
[Fastbot][2026-06-19 04:12:32.096] Sleeping for 200 milliseconds
[Fastbot][2026-06-19 04:12:32.298] [ProxyServer] Finish monkey step. Dumping hierarchy
[Fastbot][2026-06-19 04:12:32.299] --> POST http://127.0.0.1:9008/jsonrpc/0
[Fastbot][2026-06-19 04:12:32.299] Content-Type: application/json; charset=utf-8
[Fastbot][2026-06-19 04:12:32.299] Content-Length: 75
[Fastbot][2026-06-19 04:12:32.299] 
[Fastbot][2026-06-19 04:12:32.299] {"id":1,"jsonrpc":"2.0","method":"dumpWindowHierarchy","params":[false,50]}
[Fastbot][2026-06-19 04:12:32.300] --> END POST (75-byte body)
[Fastbot][2026-06-19 04:12:32.471] <-- 200 OK  http://127.0.0.1:9008/jsonrpc/0 (171ms)
[Fastbot][2026-06-19 04:12:32.471] Content-Type: application/json
[Fastbot][2026-06-19 04:12:32.471] Date: Fri, 19 Jun 2026 08:12:32 GMT
[Fastbot][2026-06-19 04:12:32.471] Connection: keep-alive
[Fastbot][2026-06-19 04:12:32.471] Transfer-Encoding: chunked
[Fastbot][2026-06-19 04:12:32.473] 
[Fastbot][2026-06-19 04:12:32.473] {"jsonrpc":"2.0","id":1,"result":"<?xml version='1.0' encoding='UTF-8' standalone='yes' ?>\r\n<hierarchy rotation=\"0\">\r\n  <node index=\"0\" text=\"\" resource-id=\"com.android.systemui:id/navigation_bar_frame\" class=\"android.widget.FrameLayout\" package=\"com.android.systemui\" content-desc=\"...[truncated]
[Fastbot][2026-06-19 04:12:32.473] <-- END HTTP (48708-byte body)
[Fastbot][2026-06-19 04:12:32.547] [Proxy Server] Forwarding
[Fastbot][2026-06-19 04:12:32.547] --> POST http://127.0.0.1:9008/jsonrpc/0
[Fastbot][2026-06-19 04:12:32.547] Content-Type: application/json; charset=utf-8
[Fastbot][2026-06-19 04:12:32.548] Content-Length: 219
[Fastbot][2026-06-19 04:12:32.548] 
[Fastbot][2026-06-19 04:12:32.548] {"jsonrpc": "2.0", "id": 1, "method": "waitForExists", "params": [{"mask": 2097152, "childOrSibling": [], "childOrSiblingSelector": [], "resourceId": "it.feio.android.omninotes.alpha:id/fab_expand_menu_button"}, 20000]}
[Fastbot][2026-06-19 04:12:32.548] --> END POST (219-byte body)
[Fastbot][2026-06-19 04:12:32.595] <-- 200 OK  http://127.0.0.1:9008/jsonrpc/0 (46ms)
[Fastbot][2026-06-19 04:12:32.596] Content-Type: application/json
[Fastbot][2026-06-19 04:12:32.596] Date: Fri, 19 Jun 2026 08:12:32 GMT
[Fastbot][2026-06-19 04:12:32.596] Connection: keep-alive
[Fastbot][2026-06-19 04:12:32.596] Transfer-Encoding: chunked
[Fastbot][2026-06-19 04:12:32.598] 
[Fastbot][2026-06-19 04:12:32.598] {"jsonrpc":"2.0","id":1,"result":true}

[Fastbot][2026-06-19 04:12:32.598] <-- END HTTP (39-byte body)
[Fastbot][2026-06-19 04:12:32.658] [Proxy Server] Forwarding
[Fastbot][2026-06-19 04:12:32.658] --> POST http://127.0.0.1:9008/jsonrpc/0
[Fastbot][2026-06-19 04:12:32.658] Content-Type: application/json; charset=utf-8
[Fastbot][2026-06-19 04:12:32.659] Content-Length: 206
[Fastbot][2026-06-19 04:12:32.659] 
[Fastbot][2026-06-19 04:12:32.659] {"jsonrpc": "2.0", "id": 1, "method": "objInfo", "params": [{"mask": 2097152, "childOrSibling": [], "childOrSiblingSelector": [], "resourceId": "it.feio.android.omninotes.alpha:id/fab_expand_menu_button"}]}
[Fastbot][2026-06-19 04:12:32.659] --> END POST (206-byte body)
[Fastbot][2026-06-19 04:12:33.025] <-- 200 OK  http://127.0.0.1:9008/jsonrpc/0 (365ms)
[Fastbot][2026-06-19 04:12:33.025] Content-Type: application/json
[Fastbot][2026-06-19 04:12:33.025] Date: Fri, 19 Jun 2026 08:12:33 GMT
[Fastbot][2026-06-19 04:12:33.025] Connection: keep-alive
[Fastbot][2026-06-19 04:12:33.026] Transfer-Encoding: chunked
[Fastbot][2026-06-19 04:12:33.028] 
[Fastbot][2026-06-19 04:12:33.028] {"jsonrpc":"2.0","id":1,"result":{"bounds":{"bottom":2016,"left":856,"right":1058,"top":1923},"childCount":0,"className":"android.widget.ImageButton","contentDescription":null,"packageName":"it.feio.android.omninotes.alpha","resourceName":"it.feio.android.omninotes.alpha:id/fab_expand_menu_button","...[truncated]
[Fastbot][2026-06-19 04:12:33.028] <-- END HTTP (536-byte body)
[Fastbot][2026-06-19 04:12:33.045] [Proxy Server] Detected script method: click
[Fastbot][2026-06-19 04:12:33.046] [Proxy Server] Forwarding
[Fastbot][2026-06-19 04:12:33.047] --> POST http://127.0.0.1:9008/jsonrpc/0
[Fastbot][2026-06-19 04:12:33.047] Content-Type: application/json; charset=utf-8
[Fastbot][2026-06-19 04:12:33.047] Content-Length: 73
[Fastbot][2026-06-19 04:12:33.048] 
[Fastbot][2026-06-19 04:12:33.048] {"jsonrpc": "2.0", "id": 1, "method": "click", "params": [957.0, 1969.5]}
[Fastbot][2026-06-19 04:12:33.050] --> END POST (73-byte body)
[Fastbot][2026-06-19 04:12:33.194] <-- 200 OK  http://127.0.0.1:9008/jsonrpc/0 (142ms)
[Fastbot][2026-06-19 04:12:33.194] Content-Type: application/json
[Fastbot][2026-06-19 04:12:33.194] Date: Fri, 19 Jun 2026 08:12:33 GMT
[Fastbot][2026-06-19 04:12:33.194] Connection: keep-alive
[Fastbot][2026-06-19 04:12:33.194] Transfer-Encoding: chunked
[Fastbot][2026-06-19 04:12:33.242] 
[Fastbot][2026-06-19 04:12:33.243] {"jsonrpc":"2.0","id":1,"result":true}

[Fastbot][2026-06-19 04:12:33.243] <-- END HTTP (39-byte body)
[Fastbot][2026-06-19 04:12:33.772] [Proxy Server] Forwarding
[Fastbot][2026-06-19 04:12:33.773] --> POST http://127.0.0.1:9008/jsonrpc/0
[Fastbot][2026-06-19 04:12:33.773] Content-Type: application/json; charset=utf-8
[Fastbot][2026-06-19 04:12:33.773] Content-Length: 205
[Fastbot][2026-06-19 04:12:33.773] 
[Fastbot][2026-06-19 04:12:33.774] {"jsonrpc": "2.0", "id": 1, "method": "waitForExists", "params": [{"mask": 2097152, "childOrSibling": [], "childOrSiblingSelector": [], "resourceId": "it.feio.android.omninotes.alpha:id/fab_note"}, 20000]}
[Fastbot][2026-06-19 04:12:33.774] --> END POST (205-byte body)
[Fastbot][2026-06-19 04:12:33.800] <-- 200 OK  http://127.0.0.1:9008/jsonrpc/0 (25ms)
[Fastbot][2026-06-19 04:12:33.800] Content-Type: application/json
[Fastbot][2026-06-19 04:12:33.800] Date: Fri, 19 Jun 2026 08:12:33 GMT
[Fastbot][2026-06-19 04:12:33.800] Connection: keep-alive
[Fastbot][2026-06-19 04:12:33.801] Transfer-Encoding: chunked
[Fastbot][2026-06-19 04:12:33.801] 
[Fastbot][2026-06-19 04:12:33.801] {"jsonrpc":"2.0","id":1,"result":true}

[Fastbot][2026-06-19 04:12:33.802] <-- END HTTP (39-byte body)
[Fastbot][2026-06-19 04:12:33.835] [Proxy Server] Forwarding
[Fastbot][2026-06-19 04:12:33.835] --> POST http://127.0.0.1:9008/jsonrpc/0
[Fastbot][2026-06-19 04:12:33.835] Content-Type: application/json; charset=utf-8
[Fastbot][2026-06-19 04:12:33.835] Content-Length: 192
[Fastbot][2026-06-19 04:12:33.835] 
[Fastbot][2026-06-19 04:12:33.835] {"jsonrpc": "2.0", "id": 1, "method": "objInfo", "params": [{"mask": 2097152, "childOrSibling": [], "childOrSiblingSelector": [], "resourceId": "it.feio.android.omninotes.alpha:id/fab_note"}]}
[Fastbot][2026-06-19 04:12:33.835] --> END POST (192-byte body)
[Fastbot][2026-06-19 04:12:33.868] <-- 200 OK  http://127.0.0.1:9008/jsonrpc/0 (32ms)
[Fastbot][2026-06-19 04:12:33.869] Content-Type: application/json
[Fastbot][2026-06-19 04:12:33.869] Date: Fri, 19 Jun 2026 08:12:33 GMT
[Fastbot][2026-06-19 04:12:33.869] Connection: keep-alive
[Fastbot][2026-06-19 04:12:33.869] Transfer-Encoding: chunked
[Fastbot][2026-06-19 04:12:33.870] 
[Fastbot][2026-06-19 04:12:33.871] {"jsonrpc":"2.0","id":1,"result":{"bounds":{"bottom":1912,"left":878,"right":1037,"top":1753},"childCount":0,"className":"android.widget.ImageButton","contentDescription":null,"packageName":"it.feio.android.omninotes.alpha","resourceName":"it.feio.android.omninotes.alpha:id/fab_note","text":null,"vi...[truncated]
[Fastbot][2026-06-19 04:12:33.871] <-- END HTTP (523-byte body)
[Fastbot][2026-06-19 04:12:33.911] [Proxy Server] Detected script method: click
[Fastbot][2026-06-19 04:12:33.912] [Proxy Server] Forwarding
[Fastbot][2026-06-19 04:12:33.912] --> POST http://127.0.0.1:9008/jsonrpc/0
[Fastbot][2026-06-19 04:12:33.912] Content-Type: application/json; charset=utf-8
[Fastbot][2026-06-19 04:12:33.912] Content-Length: 73
[Fastbot][2026-06-19 04:12:33.913] 
[Fastbot][2026-06-19 04:12:33.913] {"jsonrpc": "2.0", "id": 1, "method": "click", "params": [957.5, 1832.5]}
[Fastbot][2026-06-19 04:12:33.913] --> END POST (73-byte body)
[Fastbot][2026-06-19 04:12:34.060] <-- 200 OK  http://127.0.0.1:9008/jsonrpc/0 (146ms)
[Fastbot][2026-06-19 04:12:34.060] Content-Type: application/json
[Fastbot][2026-06-19 04:12:34.060] Date: Fri, 19 Jun 2026 08:12:34 GMT
[Fastbot][2026-06-19 04:12:34.060] Connection: keep-alive
[Fastbot][2026-06-19 04:12:34.060] Transfer-Encoding: chunked
[Fastbot][2026-06-19 04:12:34.061] 
[Fastbot][2026-06-19 04:12:34.061] {"jsonrpc":"2.0","id":1,"result":true}

[Fastbot][2026-06-19 04:12:34.061] <-- END HTTP (39-byte body)
[Fastbot][2026-06-19 04:12:34.627] [Proxy Server] Forwarding
[Fastbot][2026-06-19 04:12:34.627] --> POST http://127.0.0.1:9008/jsonrpc/0
[Fastbot][2026-06-19 04:12:34.627] Content-Type: application/json; charset=utf-8
[Fastbot][2026-06-19 04:12:34.627] Content-Length: 209
[Fastbot][2026-06-19 04:12:34.627] 
[Fastbot][2026-06-19 04:12:34.627] {"jsonrpc": "2.0", "id": 1, "method": "waitForExists", "params": [{"mask": 2097152, "childOrSibling": [], "childOrSiblingSelector": [], "resourceId": "it.feio.android.omninotes.alpha:id/detail_title"}, 20000]}
[Fastbot][2026-06-19 04:12:34.627] --> END POST (209-byte body)
[Fastbot][2026-06-19 04:12:34.649] <-- 200 OK  http://127.0.0.1:9008/jsonrpc/0 (21ms)
[Fastbot][2026-06-19 04:12:34.649] Content-Type: application/json
[Fastbot][2026-06-19 04:12:34.649] Date: Fri, 19 Jun 2026 08:12:34 GMT
[Fastbot][2026-06-19 04:12:34.650] Connection: keep-alive
[Fastbot][2026-06-19 04:12:34.650] Transfer-Encoding: chunked
[Fastbot][2026-06-19 04:12:34.651] 
[Fastbot][2026-06-19 04:12:34.651] {"jsonrpc":"2.0","id":1,"result":true}

[Fastbot][2026-06-19 04:12:34.651] <-- END HTTP (39-byte body)
[Fastbot][2026-06-19 04:12:34.695] [Proxy Server] Detected script method: setText
[Fastbot][2026-06-19 04:12:34.695] [Proxy Server] Forwarding
[Fastbot][2026-06-19 04:12:34.695] --> POST http://127.0.0.1:9008/jsonrpc/0
[Fastbot][2026-06-19 04:12:34.695] Content-Type: application/json; charset=utf-8
[Fastbot][2026-06-19 04:12:34.696] Content-Length: 206
[Fastbot][2026-06-19 04:12:34.696] 
[Fastbot][2026-06-19 04:12:34.696] {"jsonrpc": "2.0", "id": 1, "method": "setText", "params": [{"mask": 2097152, "childOrSibling": [], "childOrSiblingSelector": [], "resourceId": "it.feio.android.omninotes.alpha:id/detail_title"}, "ib1OzE"]}
[Fastbot][2026-06-19 04:12:34.696] --> END POST (206-byte body)
[Fastbot][2026-06-19 04:12:34.792] <-- 200 OK  http://127.0.0.1:9008/jsonrpc/0 (95ms)
[Fastbot][2026-06-19 04:12:34.793] Content-Type: application/json
[Fastbot][2026-06-19 04:12:34.793] Date: Fri, 19 Jun 2026 08:12:34 GMT
[Fastbot][2026-06-19 04:12:34.793] Connection: keep-alive
[Fastbot][2026-06-19 04:12:34.793] Transfer-Encoding: chunked
[Fastbot][2026-06-19 04:12:34.794] 
[Fastbot][2026-06-19 04:12:34.794] {"jsonrpc":"2.0","id":1,"result":true}

[Fastbot][2026-06-19 04:12:34.794] <-- END HTTP (39-byte body)
[Fastbot][2026-06-19 04:12:34.848] [Proxy Server] Forwarding
[Fastbot][2026-06-19 04:12:34.849] --> POST http://127.0.0.1:9008/jsonrpc/0
[Fastbot][2026-06-19 04:12:34.849] Content-Type: application/json; charset=utf-8
[Fastbot][2026-06-19 04:12:34.849] Content-Length: 211
[Fastbot][2026-06-19 04:12:34.849] 
[Fastbot][2026-06-19 04:12:34.849] {"jsonrpc": "2.0", "id": 1, "method": "waitForExists", "params": [{"mask": 2097152, "childOrSibling": [], "childOrSiblingSelector": [], "resourceId": "it.feio.android.omninotes.alpha:id/detail_content"}, 20000]}
[Fastbot][2026-06-19 04:12:34.849] --> END POST (211-byte body)
[Fastbot][2026-06-19 04:12:34.863] <-- 200 OK  http://127.0.0.1:9008/jsonrpc/0 (13ms)
[Fastbot][2026-06-19 04:12:34.864] Content-Type: application/json
[Fastbot][2026-06-19 04:12:34.864] Date: Fri, 19 Jun 2026 08:12:34 GMT
[Fastbot][2026-06-19 04:12:34.864] Connection: keep-alive
[Fastbot][2026-06-19 04:12:34.864] Transfer-Encoding: chunked
[Fastbot][2026-06-19 04:12:34.865] 
[Fastbot][2026-06-19 04:12:34.865] {"jsonrpc":"2.0","id":1,"result":true}

[Fastbot][2026-06-19 04:12:34.865] <-- END HTTP (39-byte body)
[Fastbot][2026-06-19 04:12:34.896] [Proxy Server] Detected script method: setText
[Fastbot][2026-06-19 04:12:34.897] [Proxy Server] Forwarding
[Fastbot][2026-06-19 04:12:34.897] --> POST http://127.0.0.1:9008/jsonrpc/0
[Fastbot][2026-06-19 04:12:34.897] Content-Type: application/json; charset=utf-8
[Fastbot][2026-06-19 04:12:34.897] Content-Length: 214
[Fastbot][2026-06-19 04:12:34.897] 
[Fastbot][2026-06-19 04:12:34.897] {"jsonrpc": "2.0", "id": 1, "method": "setText", "params": [{"mask": 2097152, "childOrSibling": [], "childOrSiblingSelector": [], "resourceId": "it.feio.android.omninotes.alpha:id/detail_content"}, "test content"]}
[Fastbot][2026-06-19 04:12:34.897] --> END POST (214-byte body)
[Fastbot][2026-06-19 04:12:34.964] <-- 200 OK  http://127.0.0.1:9008/jsonrpc/0 (66ms)
[Fastbot][2026-06-19 04:12:34.964] Content-Type: application/json
[Fastbot][2026-06-19 04:12:34.964] Date: Fri, 19 Jun 2026 08:12:34 GMT
[Fastbot][2026-06-19 04:12:34.964] Connection: keep-alive
[Fastbot][2026-06-19 04:12:34.964] Transfer-Encoding: chunked
[Fastbot][2026-06-19 04:12:35.013] 
[Fastbot][2026-06-19 04:12:35.014] {"jsonrpc":"2.0","id":1,"result":true}

[Fastbot][2026-06-19 04:12:35.014] <-- END HTTP (39-byte body)
[Fastbot][2026-06-19 04:12:35.565] [Proxy Server] Detected script method: pressKey
[Fastbot][2026-06-19 04:12:35.566] [Proxy Server] Forwarding
[Fastbot][2026-06-19 04:12:35.566] --> POST http://127.0.0.1:9008/jsonrpc/0
[Fastbot][2026-06-19 04:12:35.566] Content-Type: application/json; charset=utf-8
[Fastbot][2026-06-19 04:12:35.566] Content-Length: 69
[Fastbot][2026-06-19 04:12:35.567] 
[Fastbot][2026-06-19 04:12:35.567] {"jsonrpc": "2.0", "id": 1, "method": "pressKey", "params": ["back"]}
[Fastbot][2026-06-19 04:12:35.567] --> END POST (69-byte body)
[Fastbot][2026-06-19 04:12:35.615] <-- 200 OK  http://127.0.0.1:9008/jsonrpc/0 (46ms)
[Fastbot][2026-06-19 04:12:35.618] Content-Type: application/json
[Fastbot][2026-06-19 04:12:35.619] Date: Fri, 19 Jun 2026 08:12:35 GMT
[Fastbot][2026-06-19 04:12:35.619] Connection: keep-alive
[Fastbot][2026-06-19 04:12:35.619] Transfer-Encoding: chunked
[Fastbot][2026-06-19 04:12:35.628] 
[Fastbot][2026-06-19 04:12:35.635] {"jsonrpc":"2.0","id":1,"result":true}

[Fastbot][2026-06-19 04:12:35.635] <-- END HTTP (39-byte body)
[Fastbot][2026-06-19 04:12:36.176] [Proxy Server] Forwarding
[Fastbot][2026-06-19 04:12:36.177] --> POST http://127.0.0.1:9008/jsonrpc/0
[Fastbot][2026-06-19 04:12:36.177] Content-Type: application/json; charset=utf-8
[Fastbot][2026-06-19 04:12:36.177] Content-Length: 210
[Fastbot][2026-06-19 04:12:36.177] 
[Fastbot][2026-06-19 04:12:36.178] {"jsonrpc": "2.0", "id": 1, "method": "exist", "params": [{"mask": 2097153, "childOrSibling": [], "childOrSiblingSelector": [], "resourceId": "it.feio.android.omninotes.alpha:id/note_title", "text": "ib1OzE"}]}
[Fastbot][2026-06-19 04:12:36.178] --> END POST (210-byte body)
[Fastbot][2026-06-19 04:12:36.204] <-- 200 OK  http://127.0.0.1:9008/jsonrpc/0 (25ms)
[Fastbot][2026-06-19 04:12:36.204] Content-Type: application/json
[Fastbot][2026-06-19 04:12:36.204] Date: Fri, 19 Jun 2026 08:12:36 GMT
[Fastbot][2026-06-19 04:12:36.204] Connection: keep-alive
[Fastbot][2026-06-19 04:12:36.205] Transfer-Encoding: chunked
[Fastbot][2026-06-19 04:12:36.205] 
[Fastbot][2026-06-19 04:12:36.205] {"jsonrpc":"2.0","id":1,"result":true}

[Fastbot][2026-06-19 04:12:36.205] <-- END HTTP (39-byte body)
[Fastbot][2026-06-19 04:12:36.455] --> POST http://127.0.0.1:9008/jsonrpc/0
[Fastbot][2026-06-19 04:12:36.455] Content-Type: application/json; charset=utf-8
[Fastbot][2026-06-19 04:12:36.455] Content-Length: 75
[Fastbot][2026-06-19 04:12:36.455] 
[Fastbot][2026-06-19 04:12:36.456] {"id":1,"jsonrpc":"2.0","method":"dumpWindowHierarchy","params":[false,50]}
[Fastbot][2026-06-19 04:12:36.456] --> END POST (75-byte body)
[Fastbot][2026-06-19 04:12:36.496] <-- 200 OK  http://127.0.0.1:9008/jsonrpc/0 (40ms)
[Fastbot][2026-06-19 04:12:36.497] Content-Type: application/json
[Fastbot][2026-06-19 04:12:36.497] Date: Fri, 19 Jun 2026 08:12:36 GMT
[Fastbot][2026-06-19 04:12:36.497] Connection: keep-alive
[Fastbot][2026-06-19 04:12:36.497] Transfer-Encoding: chunked
[Fastbot][2026-06-19 04:12:36.497] 
[Fastbot][2026-06-19 04:12:36.498] {"jsonrpc":"2.0","id":1,"result":"<?xml version='1.0' encoding='UTF-8' standalone='yes' ?>\r\n<hierarchy rotation=\"0\">\r\n  <node index=\"0\" text=\"\" resource-id=\"com.android.systemui:id/navigation_bar_frame\" class=\"android.widget.FrameLayout\" package=\"com.android.systemui\" content-desc=\"...[truncated]
[Fastbot][2026-06-19 04:12:36.498] <-- END HTTP (51332-byte body)
[Fastbot][2026-06-19 04:12:36.532] [Proxy Server] Forwarding
[Fastbot][2026-06-19 04:12:36.533] --> POST http://127.0.0.1:9008/jsonrpc/0
[Fastbot][2026-06-19 04:12:36.533] Content-Type: application/json; charset=utf-8
[Fastbot][2026-06-19 04:12:36.533] Content-Length: 211
[Fastbot][2026-06-19 04:12:36.533] 
[Fastbot][2026-06-19 04:12:36.533] {"jsonrpc": "2.0", "id": 1, "method": "waitForExists", "params": [{"mask": 80, "childOrSibling": [], "childOrSiblingSelector": [], "className": "android.widget.ImageView", "description": "More options"}, 20000]}
[Fastbot][2026-06-19 04:12:36.533] --> END POST (211-byte body)
[Fastbot][2026-06-19 04:12:36.550] <-- 200 OK  http://127.0.0.1:9008/jsonrpc/0 (15ms)
[Fastbot][2026-06-19 04:12:36.550] Content-Type: application/json
[Fastbot][2026-06-19 04:12:36.550] Date: Fri, 19 Jun 2026 08:12:36 GMT
[Fastbot][2026-06-19 04:12:36.550] Connection: keep-alive
[Fastbot][2026-06-19 04:12:36.550] Transfer-Encoding: chunked
[Fastbot][2026-06-19 04:12:36.553] 
[Fastbot][2026-06-19 04:12:36.553] {"jsonrpc":"2.0","id":1,"result":true}

[Fastbot][2026-06-19 04:12:36.553] <-- END HTTP (39-byte body)
[Fastbot][2026-06-19 04:12:36.594] [Proxy Server] Forwarding
[Fastbot][2026-06-19 04:12:36.594] --> POST http://127.0.0.1:9008/jsonrpc/0
[Fastbot][2026-06-19 04:12:36.594] Content-Type: application/json; charset=utf-8
[Fastbot][2026-06-19 04:12:36.595] Content-Length: 198
[Fastbot][2026-06-19 04:12:36.595] 
[Fastbot][2026-06-19 04:12:36.595] {"jsonrpc": "2.0", "id": 1, "method": "objInfo", "params": [{"mask": 80, "childOrSibling": [], "childOrSiblingSelector": [], "className": "android.widget.ImageView", "description": "More options"}]}
[Fastbot][2026-06-19 04:12:36.595] --> END POST (198-byte body)
[Fastbot][2026-06-19 04:12:36.635] <-- 200 OK  http://127.0.0.1:9008/jsonrpc/0 (40ms)
[Fastbot][2026-06-19 04:12:36.636] Content-Type: application/json
[Fastbot][2026-06-19 04:12:36.636] Date: Fri, 19 Jun 2026 08:12:36 GMT
[Fastbot][2026-06-19 04:12:36.636] Connection: keep-alive
[Fastbot][2026-06-19 04:12:36.636] Transfer-Encoding: chunked
[Fastbot][2026-06-19 04:12:36.638] 
[Fastbot][2026-06-19 04:12:36.638] {"jsonrpc":"2.0","id":1,"result":{"bounds":{"bottom":275,"left":969,"right":1080,"top":143},"childCount":0,"className":"android.widget.ImageView","contentDescription":"More options","packageName":"it.feio.android.omninotes.alpha","resourceName":null,"text":null,"visibleBounds":{"bottom":275,"left":9...[truncated]
[Fastbot][2026-06-19 04:12:36.638] <-- END HTTP (485-byte body)
[Fastbot][2026-06-19 04:12:36.688] [Proxy Server] Detected script method: click
[Fastbot][2026-06-19 04:12:36.689] [Proxy Server] Forwarding
[Fastbot][2026-06-19 04:12:36.689] --> POST http://127.0.0.1:9008/jsonrpc/0
[Fastbot][2026-06-19 04:12:36.690] Content-Type: application/json; charset=utf-8
[Fastbot][2026-06-19 04:12:36.690] Content-Length: 73
[Fastbot][2026-06-19 04:12:36.690] 
[Fastbot][2026-06-19 04:12:36.690] {"jsonrpc": "2.0", "id": 1, "method": "click", "params": [1024.5, 209.0]}
[Fastbot][2026-06-19 04:12:36.690] --> END POST (73-byte body)
[Fastbot][2026-06-19 04:12:36.825] <-- 200 OK  http://127.0.0.1:9008/jsonrpc/0 (135ms)
[Fastbot][2026-06-19 04:12:36.826] Content-Type: application/json
[Fastbot][2026-06-19 04:12:36.827] Date: Fri, 19 Jun 2026 08:12:36 GMT
[Fastbot][2026-06-19 04:12:36.827] Connection: keep-alive
[Fastbot][2026-06-19 04:12:36.827] Transfer-Encoding: chunked
[Fastbot][2026-06-19 04:12:36.828] 
[Fastbot][2026-06-19 04:12:36.828] {"jsonrpc":"2.0","id":1,"result":true}

[Fastbot][2026-06-19 04:12:36.829] <-- END HTTP (39-byte body)
[Fastbot][2026-06-19 04:12:37.372] [Proxy Server] Forwarding
[Fastbot][2026-06-19 04:12:37.373] --> POST http://127.0.0.1:9008/jsonrpc/0
[Fastbot][2026-06-19 04:12:37.373] Content-Type: application/json; charset=utf-8
[Fastbot][2026-06-19 04:12:37.373] Content-Length: 226
[Fastbot][2026-06-19 04:12:37.373] 
[Fastbot][2026-06-19 04:12:37.373] {"jsonrpc": "2.0", "id": 1, "method": "waitForExists", "params": [{"mask": 2097153, "childOrSibling": [], "childOrSiblingSelector": [], "resourceId": "it.feio.android.omninotes.alpha:id/title", "text": "Reduced view"}, 20000]}
[Fastbot][2026-06-19 04:12:37.373] --> END POST (226-byte body)
[Fastbot][2026-06-19 04:12:37.414] <-- 200 OK  http://127.0.0.1:9008/jsonrpc/0 (40ms)
[Fastbot][2026-06-19 04:12:37.414] Content-Type: application/json
[Fastbot][2026-06-19 04:12:37.415] Date: Fri, 19 Jun 2026 08:12:37 GMT
[Fastbot][2026-06-19 04:12:37.415] Connection: keep-alive
[Fastbot][2026-06-19 04:12:37.415] Transfer-Encoding: chunked
[Fastbot][2026-06-19 04:12:37.416] 
[Fastbot][2026-06-19 04:12:37.416] {"jsonrpc":"2.0","id":1,"result":true}

[Fastbot][2026-06-19 04:12:37.417] <-- END HTTP (39-byte body)
[Fastbot][2026-06-19 04:12:37.447] [Proxy Server] Forwarding
[Fastbot][2026-06-19 04:12:37.448] --> POST http://127.0.0.1:9008/jsonrpc/0
[Fastbot][2026-06-19 04:12:37.448] Content-Type: application/json; charset=utf-8
[Fastbot][2026-06-19 04:12:37.448] Content-Length: 213
[Fastbot][2026-06-19 04:12:37.449] 
[Fastbot][2026-06-19 04:12:37.449] {"jsonrpc": "2.0", "id": 1, "method": "objInfo", "params": [{"mask": 2097153, "childOrSibling": [], "childOrSiblingSelector": [], "resourceId": "it.feio.android.omninotes.alpha:id/title", "text": "Reduced view"}]}
[Fastbot][2026-06-19 04:12:37.450] --> END POST (213-byte body)
[Fastbot][2026-06-19 04:12:37.582] <-- 200 OK  http://127.0.0.1:9008/jsonrpc/0 (131ms)
[Fastbot][2026-06-19 04:12:37.582] Content-Type: application/json
[Fastbot][2026-06-19 04:12:37.583] Date: Fri, 19 Jun 2026 08:12:37 GMT
[Fastbot][2026-06-19 04:12:37.583] Connection: keep-alive
[Fastbot][2026-06-19 04:12:37.583] Transfer-Encoding: chunked
[Fastbot][2026-06-19 04:12:37.584] 
[Fastbot][2026-06-19 04:12:37.584] {"jsonrpc":"2.0","id":1,"result":{"bounds":{"bottom":261,"left":574,"right":1025,"top":202},"childCount":0,"className":"android.widget.TextView","contentDescription":null,"packageName":"it.feio.android.omninotes.alpha","resourceName":"it.feio.android.omninotes.alpha:id/title","text":"Reduced view","...[truncated]
[Fastbot][2026-06-19 04:12:37.584] <-- END HTTP (525-byte body)
[Fastbot][2026-06-19 04:12:37.618] [Proxy Server] Detected script method: click
[Fastbot][2026-06-19 04:12:37.619] [Proxy Server] Forwarding
[Fastbot][2026-06-19 04:12:37.619] --> POST http://127.0.0.1:9008/jsonrpc/0
[Fastbot][2026-06-19 04:12:37.619] Content-Type: application/json; charset=utf-8
[Fastbot][2026-06-19 04:12:37.619] Content-Length: 72
[Fastbot][2026-06-19 04:12:37.620] 
[Fastbot][2026-06-19 04:12:37.620] {"jsonrpc": "2.0", "id": 1, "method": "click", "params": [799.5, 231.5]}
[Fastbot][2026-06-19 04:12:37.620] --> END POST (72-byte body)
[Fastbot][2026-06-19 04:12:37.759] <-- 200 OK  http://127.0.0.1:9008/jsonrpc/0 (138ms)
[Fastbot][2026-06-19 04:12:37.759] Content-Type: application/json
[Fastbot][2026-06-19 04:12:37.759] Date: Fri, 19 Jun 2026 08:12:37 GMT
[Fastbot][2026-06-19 04:12:37.760] Connection: keep-alive
[Fastbot][2026-06-19 04:12:37.760] Transfer-Encoding: chunked
[Fastbot][2026-06-19 04:12:37.761] 
[Fastbot][2026-06-19 04:12:37.761] {"jsonrpc":"2.0","id":1,"result":true}

[Fastbot][2026-06-19 04:12:37.761] <-- END HTTP (39-byte body)
[Fastbot][2026-06-19 04:12:38.293] [Proxy Server] Forwarding
[Fastbot][2026-06-19 04:12:38.293] --> POST http://127.0.0.1:9008/jsonrpc/0
[Fastbot][2026-06-19 04:12:38.294] Content-Type: application/json; charset=utf-8
[Fastbot][2026-06-19 04:12:38.294] Content-Length: 211
[Fastbot][2026-06-19 04:12:38.294] 
[Fastbot][2026-06-19 04:12:38.294] {"jsonrpc": "2.0", "id": 1, "method": "waitForExists", "params": [{"mask": 80, "childOrSibling": [], "childOrSiblingSelector": [], "className": "android.widget.ImageView", "description": "More options"}, 20000]}
[Fastbot][2026-06-19 04:12:38.295] --> END POST (211-byte body)
[Fastbot][2026-06-19 04:12:38.313] <-- 200 OK  http://127.0.0.1:9008/jsonrpc/0 (18ms)
[Fastbot][2026-06-19 04:12:38.313] Content-Type: application/json
[Fastbot][2026-06-19 04:12:38.313] Date: Fri, 19 Jun 2026 08:12:38 GMT
[Fastbot][2026-06-19 04:12:38.313] Connection: keep-alive
[Fastbot][2026-06-19 04:12:38.313] Transfer-Encoding: chunked
[Fastbot][2026-06-19 04:12:38.314] 
[Fastbot][2026-06-19 04:12:38.314] {"jsonrpc":"2.0","id":1,"result":true}

[Fastbot][2026-06-19 04:12:38.314] <-- END HTTP (39-byte body)
[Fastbot][2026-06-19 04:12:38.355] [Proxy Server] Forwarding
[Fastbot][2026-06-19 04:12:38.355] --> POST http://127.0.0.1:9008/jsonrpc/0
[Fastbot][2026-06-19 04:12:38.356] Content-Type: application/json; charset=utf-8
[Fastbot][2026-06-19 04:12:38.356] Content-Length: 198
[Fastbot][2026-06-19 04:12:38.356] 
[Fastbot][2026-06-19 04:12:38.356] {"jsonrpc": "2.0", "id": 1, "method": "objInfo", "params": [{"mask": 80, "childOrSibling": [], "childOrSiblingSelector": [], "className": "android.widget.ImageView", "description": "More options"}]}
[Fastbot][2026-06-19 04:12:38.356] --> END POST (198-byte body)
[Fastbot][2026-06-19 04:12:38.383] <-- 200 OK  http://127.0.0.1:9008/jsonrpc/0 (26ms)
[Fastbot][2026-06-19 04:12:38.383] Content-Type: application/json
[Fastbot][2026-06-19 04:12:38.383] Date: Fri, 19 Jun 2026 08:12:38 GMT
[Fastbot][2026-06-19 04:12:38.383] Connection: keep-alive
[Fastbot][2026-06-19 04:12:38.383] Transfer-Encoding: chunked
[Fastbot][2026-06-19 04:12:38.384] 
[Fastbot][2026-06-19 04:12:38.384] {"jsonrpc":"2.0","id":1,"result":{"bounds":{"bottom":275,"left":969,"right":1080,"top":143},"childCount":0,"className":"android.widget.ImageView","contentDescription":"More options","packageName":"it.feio.android.omninotes.alpha","resourceName":null,"text":null,"visibleBounds":{"bottom":275,"left":9...[truncated]
[Fastbot][2026-06-19 04:12:38.385] <-- END HTTP (485-byte body)
[Fastbot][2026-06-19 04:12:38.417] [Proxy Server] Detected script method: click
[Fastbot][2026-06-19 04:12:38.418] [Proxy Server] Forwarding
[Fastbot][2026-06-19 04:12:38.418] --> POST http://127.0.0.1:9008/jsonrpc/0
[Fastbot][2026-06-19 04:12:38.418] Content-Type: application/json; charset=utf-8
[Fastbot][2026-06-19 04:12:38.418] Content-Length: 73
[Fastbot][2026-06-19 04:12:38.419] 
[Fastbot][2026-06-19 04:12:38.419] {"jsonrpc": "2.0", "id": 1, "method": "click", "params": [1024.5, 209.0]}
[Fastbot][2026-06-19 04:12:38.419] --> END POST (73-byte body)
[Fastbot][2026-06-19 04:12:38.569] <-- 200 OK  http://127.0.0.1:9008/jsonrpc/0 (149ms)
[Fastbot][2026-06-19 04:12:38.569] Content-Type: application/json
[Fastbot][2026-06-19 04:12:38.569] Date: Fri, 19 Jun 2026 08:12:38 GMT
[Fastbot][2026-06-19 04:12:38.569] Connection: keep-alive
[Fastbot][2026-06-19 04:12:38.569] Transfer-Encoding: chunked
[Fastbot][2026-06-19 04:12:38.612] 
[Fastbot][2026-06-19 04:12:38.612] {"jsonrpc":"2.0","id":1,"result":true}

[Fastbot][2026-06-19 04:12:38.612] <-- END HTTP (39-byte body)
[Fastbot][2026-06-19 04:12:39.129] [Proxy Server] Forwarding
[Fastbot][2026-06-19 04:12:39.129] --> POST http://127.0.0.1:9008/jsonrpc/0
[Fastbot][2026-06-19 04:12:39.130] Content-Type: application/json; charset=utf-8
[Fastbot][2026-06-19 04:12:39.130] Content-Length: 227
[Fastbot][2026-06-19 04:12:39.130] 
[Fastbot][2026-06-19 04:12:39.130] {"jsonrpc": "2.0", "id": 1, "method": "waitForExists", "params": [{"mask": 2097153, "childOrSibling": [], "childOrSiblingSelector": [], "resourceId": "it.feio.android.omninotes.alpha:id/title", "text": "Expanded view"}, 20000]}
[Fastbot][2026-06-19 04:12:39.130] --> END POST (227-byte body)
[Fastbot][2026-06-19 04:12:39.141] <-- 200 OK  http://127.0.0.1:9008/jsonrpc/0 (10ms)
[Fastbot][2026-06-19 04:12:39.141] Content-Type: application/json
[Fastbot][2026-06-19 04:12:39.141] Date: Fri, 19 Jun 2026 08:12:39 GMT
[Fastbot][2026-06-19 04:12:39.142] Connection: keep-alive
[Fastbot][2026-06-19 04:12:39.142] Transfer-Encoding: chunked
[Fastbot][2026-06-19 04:12:39.142] 
[Fastbot][2026-06-19 04:12:39.142] {"jsonrpc":"2.0","id":1,"result":true}

[Fastbot][2026-06-19 04:12:39.142] <-- END HTTP (39-byte body)
[Fastbot][2026-06-19 04:12:39.177] [Proxy Server] Forwarding
[Fastbot][2026-06-19 04:12:39.177] --> POST http://127.0.0.1:9008/jsonrpc/0
[Fastbot][2026-06-19 04:12:39.177] Content-Type: application/json; charset=utf-8
[Fastbot][2026-06-19 04:12:39.177] Content-Length: 214
[Fastbot][2026-06-19 04:12:39.177] 
[Fastbot][2026-06-19 04:12:39.177] {"jsonrpc": "2.0", "id": 1, "method": "objInfo", "params": [{"mask": 2097153, "childOrSibling": [], "childOrSiblingSelector": [], "resourceId": "it.feio.android.omninotes.alpha:id/title", "text": "Expanded view"}]}
[Fastbot][2026-06-19 04:12:39.178] --> END POST (214-byte body)
[Fastbot][2026-06-19 04:12:39.203] <-- 200 OK  http://127.0.0.1:9008/jsonrpc/0 (25ms)
[Fastbot][2026-06-19 04:12:39.203] Content-Type: application/json
[Fastbot][2026-06-19 04:12:39.203] Date: Fri, 19 Jun 2026 08:12:39 GMT
[Fastbot][2026-06-19 04:12:39.203] Connection: keep-alive
[Fastbot][2026-06-19 04:12:39.203] Transfer-Encoding: chunked
[Fastbot][2026-06-19 04:12:39.203] 
[Fastbot][2026-06-19 04:12:39.204] {"jsonrpc":"2.0","id":1,"result":{"bounds":{"bottom":261,"left":574,"right":1025,"top":202},"childCount":0,"className":"android.widget.TextView","contentDescription":null,"packageName":"it.feio.android.omninotes.alpha","resourceName":"it.feio.android.omninotes.alpha:id/title","text":"Expanded view",...[truncated]
[Fastbot][2026-06-19 04:12:39.204] <-- END HTTP (526-byte body)
[Fastbot][2026-06-19 04:12:39.238] [Proxy Server] Detected script method: click
[Fastbot][2026-06-19 04:12:39.238] [Proxy Server] Forwarding
[Fastbot][2026-06-19 04:12:39.239] --> POST http://127.0.0.1:9008/jsonrpc/0
[Fastbot][2026-06-19 04:12:39.239] Content-Type: application/json; charset=utf-8
[Fastbot][2026-06-19 04:12:39.239] Content-Length: 72
[Fastbot][2026-06-19 04:12:39.239] 
[Fastbot][2026-06-19 04:12:39.239] {"jsonrpc": "2.0", "id": 1, "method": "click", "params": [799.5, 231.5]}
[Fastbot][2026-06-19 04:12:39.239] --> END POST (72-byte body)
[Fastbot][2026-06-19 04:12:39.378] <-- 200 OK  http://127.0.0.1:9008/jsonrpc/0 (138ms)
[Fastbot][2026-06-19 04:12:39.379] Content-Type: application/json
[Fastbot][2026-06-19 04:12:39.379] Date: Fri, 19 Jun 2026 08:12:39 GMT
[Fastbot][2026-06-19 04:12:39.380] Connection: keep-alive
[Fastbot][2026-06-19 04:12:39.380] Transfer-Encoding: chunked
[Fastbot][2026-06-19 04:12:39.423] 
[Fastbot][2026-06-19 04:12:39.423] {"jsonrpc":"2.0","id":1,"result":true}

[Fastbot][2026-06-19 04:12:39.423] <-- END HTTP (39-byte body)
[Fastbot][2026-06-19 04:12:40.178] --> POST http://127.0.0.1:9008/jsonrpc/0
[Fastbot][2026-06-19 04:12:40.178] Content-Type: application/json; charset=utf-8
[Fastbot][2026-06-19 04:12:40.178] Content-Length: 75
[Fastbot][2026-06-19 04:12:40.178] 
[Fastbot][2026-06-19 04:12:40.179] {"id":1,"jsonrpc":"2.0","method":"dumpWindowHierarchy","params":[false,50]}
[Fastbot][2026-06-19 04:12:40.179] --> END POST (75-byte body)
[Fastbot][2026-06-19 04:12:40.216] <-- 200 OK  http://127.0.0.1:9008/jsonrpc/0 (36ms)
[Fastbot][2026-06-19 04:12:40.216] Content-Type: application/json
[Fastbot][2026-06-19 04:12:40.216] Date: Fri, 19 Jun 2026 08:12:40 GMT
[Fastbot][2026-06-19 04:12:40.217] Connection: keep-alive
[Fastbot][2026-06-19 04:12:40.217] Transfer-Encoding: chunked
[Fastbot][2026-06-19 04:12:40.219] 
[Fastbot][2026-06-19 04:12:40.220] {"jsonrpc":"2.0","id":1,"result":"<?xml version='1.0' encoding='UTF-8' standalone='yes' ?>\r\n<hierarchy rotation=\"0\">\r\n  <node index=\"0\" text=\"\" resource-id=\"com.android.systemui:id/navigation_bar_frame\" class=\"android.widget.FrameLayout\" package=\"com.android.systemui\" content-desc=\"...[truncated]
[Fastbot][2026-06-19 04:12:40.220] <-- END HTTP (49963-byte body)
[Fastbot][2026-06-19 04:12:40.293] [Proxy Server] Forwarding
[Fastbot][2026-06-19 04:12:40.293] --> POST http://127.0.0.1:9008/jsonrpc/0
[Fastbot][2026-06-19 04:12:40.293] Content-Type: application/json; charset=utf-8
[Fastbot][2026-06-19 04:12:40.294] Content-Length: 211
[Fastbot][2026-06-19 04:12:40.294] 
[Fastbot][2026-06-19 04:12:40.294] {"jsonrpc": "2.0", "id": 1, "method": "waitForExists", "params": [{"mask": 80, "childOrSibling": [], "childOrSiblingSelector": [], "className": "android.widget.ImageView", "description": "More options"}, 20000]}
[Fastbot][2026-06-19 04:12:40.294] --> END POST (211-byte body)
[Fastbot][2026-06-19 04:12:40.311] <-- 200 OK  http://127.0.0.1:9008/jsonrpc/0 (16ms)
[Fastbot][2026-06-19 04:12:40.311] Content-Type: application/json
[Fastbot][2026-06-19 04:12:40.311] Date: Fri, 19 Jun 2026 08:12:40 GMT
[Fastbot][2026-06-19 04:12:40.311] Connection: keep-alive
[Fastbot][2026-06-19 04:12:40.311] Transfer-Encoding: chunked
[Fastbot][2026-06-19 04:12:40.313] 
[Fastbot][2026-06-19 04:12:40.313] {"jsonrpc":"2.0","id":1,"result":true}

[Fastbot][2026-06-19 04:12:40.313] <-- END HTTP (39-byte body)
[Fastbot][2026-06-19 04:12:40.354] [Proxy Server] Forwarding
[Fastbot][2026-06-19 04:12:40.354] --> POST http://127.0.0.1:9008/jsonrpc/0
[Fastbot][2026-06-19 04:12:40.354] Content-Type: application/json; charset=utf-8
[Fastbot][2026-06-19 04:12:40.355] Content-Length: 198
[Fastbot][2026-06-19 04:12:40.355] 
[Fastbot][2026-06-19 04:12:40.355] {"jsonrpc": "2.0", "id": 1, "method": "objInfo", "params": [{"mask": 80, "childOrSibling": [], "childOrSiblingSelector": [], "className": "android.widget.ImageView", "description": "More options"}]}
[Fastbot][2026-06-19 04:12:40.355] --> END POST (198-byte body)
[Fastbot][2026-06-19 04:12:40.386] <-- 200 OK  http://127.0.0.1:9008/jsonrpc/0 (30ms)
[Fastbot][2026-06-19 04:12:40.386] Content-Type: application/json
[Fastbot][2026-06-19 04:12:40.386] Date: Fri, 19 Jun 2026 08:12:40 GMT
[Fastbot][2026-06-19 04:12:40.386] Connection: keep-alive
[Fastbot][2026-06-19 04:12:40.386] Transfer-Encoding: chunked
[Fastbot][2026-06-19 04:12:40.387] 
[Fastbot][2026-06-19 04:12:40.387] {"jsonrpc":"2.0","id":1,"result":{"bounds":{"bottom":275,"left":969,"right":1080,"top":143},"childCount":0,"className":"android.widget.ImageView","contentDescription":"More options","packageName":"it.feio.android.omninotes.alpha","resourceName":null,"text":null,"visibleBounds":{"bottom":275,"left":9...[truncated]
[Fastbot][2026-06-19 04:12:40.387] <-- END HTTP (485-byte body)
[Fastbot][2026-06-19 04:12:40.403] [Proxy Server] Detected script method: click
[Fastbot][2026-06-19 04:12:40.403] [Proxy Server] Forwarding
[Fastbot][2026-06-19 04:12:40.404] --> POST http://127.0.0.1:9008/jsonrpc/0
[Fastbot][2026-06-19 04:12:40.404] Content-Type: application/json; charset=utf-8
[Fastbot][2026-06-19 04:12:40.404] Content-Length: 73
[Fastbot][2026-06-19 04:12:40.404] 
[Fastbot][2026-06-19 04:12:40.404] {"jsonrpc": "2.0", "id": 1, "method": "click", "params": [1024.5, 209.0]}
[Fastbot][2026-06-19 04:12:40.404] --> END POST (73-byte body)
[Fastbot][2026-06-19 04:12:40.536] <-- 200 OK  http://127.0.0.1:9008/jsonrpc/0 (131ms)
[Fastbot][2026-06-19 04:12:40.536] Content-Type: application/json
[Fastbot][2026-06-19 04:12:40.536] Date: Fri, 19 Jun 2026 08:12:40 GMT
[Fastbot][2026-06-19 04:12:40.536] Connection: keep-alive
[Fastbot][2026-06-19 04:12:40.536] Transfer-Encoding: chunked
[Fastbot][2026-06-19 04:12:40.582] 
[Fastbot][2026-06-19 04:12:40.583] {"jsonrpc":"2.0","id":1,"result":true}

[Fastbot][2026-06-19 04:12:40.584] <-- END HTTP (39-byte body)
[Fastbot][2026-06-19 04:12:41.117] [Proxy Server] Forwarding
[Fastbot][2026-06-19 04:12:41.117] --> POST http://127.0.0.1:9008/jsonrpc/0
[Fastbot][2026-06-19 04:12:41.117] Content-Type: application/json; charset=utf-8
[Fastbot][2026-06-19 04:12:41.118] Content-Length: 226
[Fastbot][2026-06-19 04:12:41.118] 
[Fastbot][2026-06-19 04:12:41.118] {"jsonrpc": "2.0", "id": 1, "method": "waitForExists", "params": [{"mask": 2097153, "childOrSibling": [], "childOrSiblingSelector": [], "resourceId": "it.feio.android.omninotes.alpha:id/title", "text": "Reduced view"}, 20000]}
[Fastbot][2026-06-19 04:12:41.118] --> END POST (226-byte body)
[Fastbot][2026-06-19 04:12:41.135] <-- 200 OK  http://127.0.0.1:9008/jsonrpc/0 (16ms)
[Fastbot][2026-06-19 04:12:41.135] Content-Type: application/json
[Fastbot][2026-06-19 04:12:41.136] Date: Fri, 19 Jun 2026 08:12:41 GMT
[Fastbot][2026-06-19 04:12:41.136] Connection: keep-alive
[Fastbot][2026-06-19 04:12:41.136] Transfer-Encoding: chunked
[Fastbot][2026-06-19 04:12:41.137] 
[Fastbot][2026-06-19 04:12:41.138] {"jsonrpc":"2.0","id":1,"result":true}

[Fastbot][2026-06-19 04:12:41.138] <-- END HTTP (39-byte body)
[Fastbot][2026-06-19 04:12:41.192] [Proxy Server] Forwarding
[Fastbot][2026-06-19 04:12:41.193] --> POST http://127.0.0.1:9008/jsonrpc/0
[Fastbot][2026-06-19 04:12:41.193] Content-Type: application/json; charset=utf-8
[Fastbot][2026-06-19 04:12:41.193] Content-Length: 213
[Fastbot][2026-06-19 04:12:41.194] 
[Fastbot][2026-06-19 04:12:41.194] {"jsonrpc": "2.0", "id": 1, "method": "objInfo", "params": [{"mask": 2097153, "childOrSibling": [], "childOrSiblingSelector": [], "resourceId": "it.feio.android.omninotes.alpha:id/title", "text": "Reduced view"}]}
[Fastbot][2026-06-19 04:12:41.194] --> END POST (213-byte body)
[Fastbot][2026-06-19 04:12:41.220] <-- 200 OK  http://127.0.0.1:9008/jsonrpc/0 (24ms)
[Fastbot][2026-06-19 04:12:41.220] Content-Type: application/json
[Fastbot][2026-06-19 04:12:41.220] Date: Fri, 19 Jun 2026 08:12:41 GMT
[Fastbot][2026-06-19 04:12:41.220] Connection: keep-alive
[Fastbot][2026-06-19 04:12:41.221] Transfer-Encoding: chunked
[Fastbot][2026-06-19 04:12:41.222] 
[Fastbot][2026-06-19 04:12:41.222] {"jsonrpc":"2.0","id":1,"result":{"bounds":{"bottom":261,"left":574,"right":1025,"top":202},"childCount":0,"className":"android.widget.TextView","contentDescription":null,"packageName":"it.feio.android.omninotes.alpha","resourceName":"it.feio.android.omninotes.alpha:id/title","text":"Reduced view","...[truncated]
[Fastbot][2026-06-19 04:12:41.223] <-- END HTTP (525-byte body)
[Fastbot][2026-06-19 04:12:41.270] [Proxy Server] Detected script method: click
[Fastbot][2026-06-19 04:12:41.271] [Proxy Server] Forwarding
[Fastbot][2026-06-19 04:12:41.272] --> POST http://127.0.0.1:9008/jsonrpc/0
[Fastbot][2026-06-19 04:12:41.272] Content-Type: application/json; charset=utf-8
[Fastbot][2026-06-19 04:12:41.272] Content-Length: 72
[Fastbot][2026-06-19 04:12:41.272] 
[Fastbot][2026-06-19 04:12:41.273] {"jsonrpc": "2.0", "id": 1, "method": "click", "params": [799.5, 231.5]}
[Fastbot][2026-06-19 04:12:41.273] --> END POST (72-byte body)
[Fastbot][2026-06-19 04:12:41.426] <-- 200 OK  http://127.0.0.1:9008/jsonrpc/0 (153ms)
[Fastbot][2026-06-19 04:12:41.427] Content-Type: application/json
[Fastbot][2026-06-19 04:12:41.427] Date: Fri, 19 Jun 2026 08:12:41 GMT
[Fastbot][2026-06-19 04:12:41.427] Connection: keep-alive
[Fastbot][2026-06-19 04:12:41.427] Transfer-Encoding: chunked
[Fastbot][2026-06-19 04:12:41.428] 
[Fastbot][2026-06-19 04:12:41.428] {"jsonrpc":"2.0","id":1,"result":true}

[Fastbot][2026-06-19 04:12:41.428] <-- END HTTP (39-byte body)
[Fastbot][2026-06-19 04:12:41.985] [Proxy Server] Forwarding
[Fastbot][2026-06-19 04:12:41.985] --> POST http://127.0.0.1:9008/jsonrpc/0
[Fastbot][2026-06-19 04:12:41.985] Content-Type: application/json; charset=utf-8
[Fastbot][2026-06-19 04:12:41.985] Content-Length: 211
[Fastbot][2026-06-19 04:12:41.985] 
[Fastbot][2026-06-19 04:12:41.985] {"jsonrpc": "2.0", "id": 1, "method": "waitForExists", "params": [{"mask": 80, "childOrSibling": [], "childOrSiblingSelector": [], "className": "android.widget.ImageView", "description": "More options"}, 20000]}
[Fastbot][2026-06-19 04:12:41.986] --> END POST (211-byte body)
[Fastbot][2026-06-19 04:12:42.005] <-- 200 OK  http://127.0.0.1:9008/jsonrpc/0 (18ms)
[Fastbot][2026-06-19 04:12:42.005] Content-Type: application/json
[Fastbot][2026-06-19 04:12:42.005] Date: Fri, 19 Jun 2026 08:12:42 GMT
[Fastbot][2026-06-19 04:12:42.005] Connection: keep-alive
[Fastbot][2026-06-19 04:12:42.005] Transfer-Encoding: chunked
[Fastbot][2026-06-19 04:12:42.006] 
[Fastbot][2026-06-19 04:12:42.006] {"jsonrpc":"2.0","id":1,"result":true}

[Fastbot][2026-06-19 04:12:42.006] <-- END HTTP (39-byte body)
[Fastbot][2026-06-19 04:12:42.031] [Proxy Server] Forwarding
[Fastbot][2026-06-19 04:12:42.031] --> POST http://127.0.0.1:9008/jsonrpc/0
[Fastbot][2026-06-19 04:12:42.032] Content-Type: application/json; charset=utf-8
[Fastbot][2026-06-19 04:12:42.032] Content-Length: 198
[Fastbot][2026-06-19 04:12:42.032] 
[Fastbot][2026-06-19 04:12:42.032] {"jsonrpc": "2.0", "id": 1, "method": "objInfo", "params": [{"mask": 80, "childOrSibling": [], "childOrSiblingSelector": [], "className": "android.widget.ImageView", "description": "More options"}]}
[Fastbot][2026-06-19 04:12:42.032] --> END POST (198-byte body)
[Fastbot][2026-06-19 04:12:42.060] <-- 200 OK  http://127.0.0.1:9008/jsonrpc/0 (27ms)
[Fastbot][2026-06-19 04:12:42.060] Content-Type: application/json
[Fastbot][2026-06-19 04:12:42.060] Date: Fri, 19 Jun 2026 08:12:42 GMT
[Fastbot][2026-06-19 04:12:42.060] Connection: keep-alive
[Fastbot][2026-06-19 04:12:42.060] Transfer-Encoding: chunked
[Fastbot][2026-06-19 04:12:42.103] 
[Fastbot][2026-06-19 04:12:42.103] {"jsonrpc":"2.0","id":1,"result":{"bounds":{"bottom":275,"left":969,"right":1080,"top":143},"childCount":0,"className":"android.widget.ImageView","contentDescription":"More options","packageName":"it.feio.android.omninotes.alpha","resourceName":null,"text":null,"visibleBounds":{"bottom":275,"left":9...[truncated]
[Fastbot][2026-06-19 04:12:42.103] <-- END HTTP (485-byte body)
[Fastbot][2026-06-19 04:12:42.143] [Proxy Server] Detected script method: click
[Fastbot][2026-06-19 04:12:42.143] [Proxy Server] Forwarding
[Fastbot][2026-06-19 04:12:42.143] --> POST http://127.0.0.1:9008/jsonrpc/0
[Fastbot][2026-06-19 04:12:42.144] Content-Type: application/json; charset=utf-8
[Fastbot][2026-06-19 04:12:42.144] Content-Length: 73
[Fastbot][2026-06-19 04:12:42.144] 
[Fastbot][2026-06-19 04:12:42.144] {"jsonrpc": "2.0", "id": 1, "method": "click", "params": [1024.5, 209.0]}
[Fastbot][2026-06-19 04:12:42.144] --> END POST (73-byte body)
[Fastbot][2026-06-19 04:12:42.274] <-- 200 OK  http://127.0.0.1:9008/jsonrpc/0 (130ms)
[Fastbot][2026-06-19 04:12:42.275] Content-Type: application/json
[Fastbot][2026-06-19 04:12:42.275] Date: Fri, 19 Jun 2026 08:12:42 GMT
[Fastbot][2026-06-19 04:12:42.275] Connection: keep-alive
[Fastbot][2026-06-19 04:12:42.275] Transfer-Encoding: chunked
[Fastbot][2026-06-19 04:12:42.276] 
[Fastbot][2026-06-19 04:12:42.276] {"jsonrpc":"2.0","id":1,"result":true}

[Fastbot][2026-06-19 04:12:42.276] <-- END HTTP (39-byte body)
[Fastbot][2026-06-19 04:12:42.793] [Proxy Server] Forwarding
[Fastbot][2026-06-19 04:12:42.794] --> POST http://127.0.0.1:9008/jsonrpc/0
[Fastbot][2026-06-19 04:12:42.794] Content-Type: application/json; charset=utf-8
[Fastbot][2026-06-19 04:12:42.794] Content-Length: 227
[Fastbot][2026-06-19 04:12:42.794] 
[Fastbot][2026-06-19 04:12:42.794] {"jsonrpc": "2.0", "id": 1, "method": "waitForExists", "params": [{"mask": 2097153, "childOrSibling": [], "childOrSiblingSelector": [], "resourceId": "it.feio.android.omninotes.alpha:id/title", "text": "Expanded view"}, 20000]}
[Fastbot][2026-06-19 04:12:42.794] --> END POST (227-byte body)
[Fastbot][2026-06-19 04:12:42.806] <-- 200 OK  http://127.0.0.1:9008/jsonrpc/0 (11ms)
[Fastbot][2026-06-19 04:12:42.806] Content-Type: application/json
[Fastbot][2026-06-19 04:12:42.806] Date: Fri, 19 Jun 2026 08:12:42 GMT
[Fastbot][2026-06-19 04:12:42.806] Connection: keep-alive
[Fastbot][2026-06-19 04:12:42.807] Transfer-Encoding: chunked
[Fastbot][2026-06-19 04:12:42.811] 
[Fastbot][2026-06-19 04:12:42.811] {"jsonrpc":"2.0","id":1,"result":true}

[Fastbot][2026-06-19 04:12:42.811] <-- END HTTP (39-byte body)
[Fastbot][2026-06-19 04:12:42.842] [Proxy Server] Forwarding
[Fastbot][2026-06-19 04:12:42.842] --> POST http://127.0.0.1:9008/jsonrpc/0
[Fastbot][2026-06-19 04:12:42.842] Content-Type: application/json; charset=utf-8
[Fastbot][2026-06-19 04:12:42.842] Content-Length: 214
[Fastbot][2026-06-19 04:12:42.843] 
[Fastbot][2026-06-19 04:12:42.843] {"jsonrpc": "2.0", "id": 1, "method": "objInfo", "params": [{"mask": 2097153, "childOrSibling": [], "childOrSiblingSelector": [], "resourceId": "it.feio.android.omninotes.alpha:id/title", "text": "Expanded view"}]}
[Fastbot][2026-06-19 04:12:42.843] --> END POST (214-byte body)
[Fastbot][2026-06-19 04:12:42.862] <-- 200 OK  http://127.0.0.1:9008/jsonrpc/0 (18ms)
[Fastbot][2026-06-19 04:12:42.862] Content-Type: application/json
[Fastbot][2026-06-19 04:12:42.863] Date: Fri, 19 Jun 2026 08:12:42 GMT
[Fastbot][2026-06-19 04:12:42.863] Connection: keep-alive
[Fastbot][2026-06-19 04:12:42.863] Transfer-Encoding: chunked
[Fastbot][2026-06-19 04:12:42.864] 
[Fastbot][2026-06-19 04:12:42.864] {"jsonrpc":"2.0","id":1,"result":{"bounds":{"bottom":261,"left":574,"right":1025,"top":202},"childCount":0,"className":"android.widget.TextView","contentDescription":null,"packageName":"it.feio.android.omninotes.alpha","resourceName":"it.feio.android.omninotes.alpha:id/title","text":"Expanded view",...[truncated]
[Fastbot][2026-06-19 04:12:42.864] <-- END HTTP (526-byte body)
[Fastbot][2026-06-19 04:12:42.904] [Proxy Server] Detected script method: click
[Fastbot][2026-06-19 04:12:42.905] [Proxy Server] Forwarding
[Fastbot][2026-06-19 04:12:42.905] --> POST http://127.0.0.1:9008/jsonrpc/0
[Fastbot][2026-06-19 04:12:42.905] Content-Type: application/json; charset=utf-8
[Fastbot][2026-06-19 04:12:42.905] Content-Length: 72
[Fastbot][2026-06-19 04:12:42.905] 
[Fastbot][2026-06-19 04:12:42.905] {"jsonrpc": "2.0", "id": 1, "method": "click", "params": [799.5, 231.5]}
[Fastbot][2026-06-19 04:12:42.905] --> END POST (72-byte body)
[Fastbot][2026-06-19 04:12:43.047] <-- 200 OK  http://127.0.0.1:9008/jsonrpc/0 (141ms)
[Fastbot][2026-06-19 04:12:43.047] Content-Type: application/json
[Fastbot][2026-06-19 04:12:43.048] Date: Fri, 19 Jun 2026 08:12:43 GMT
[Fastbot][2026-06-19 04:12:43.048] Connection: keep-alive
[Fastbot][2026-06-19 04:12:43.048] Transfer-Encoding: chunked
[Fastbot][2026-06-19 04:12:43.050] 
[Fastbot][2026-06-19 04:12:43.050] {"jsonrpc":"2.0","id":1,"result":true}

[Fastbot][2026-06-19 04:12:43.050] <-- END HTTP (39-byte body)
[Fastbot][2026-06-19 04:12:43.806] --> POST http://127.0.0.1:9008/jsonrpc/0
[Fastbot][2026-06-19 04:12:43.806] Content-Type: application/json; charset=utf-8
[Fastbot][2026-06-19 04:12:43.806] Content-Length: 75
[Fastbot][2026-06-19 04:12:43.806] 
[Fastbot][2026-06-19 04:12:43.806] {"id":1,"jsonrpc":"2.0","method":"dumpWindowHierarchy","params":[false,50]}
[Fastbot][2026-06-19 04:12:43.807] --> END POST (75-byte body)
[Fastbot][2026-06-19 04:12:43.841] <-- 200 OK  http://127.0.0.1:9008/jsonrpc/0 (34ms)
[Fastbot][2026-06-19 04:12:43.842] Content-Type: application/json
[Fastbot][2026-06-19 04:12:43.842] Date: Fri, 19 Jun 2026 08:12:43 GMT
[Fastbot][2026-06-19 04:12:43.842] Connection: keep-alive
[Fastbot][2026-06-19 04:12:43.842] Transfer-Encoding: chunked
[Fastbot][2026-06-19 04:12:43.849] 
[Fastbot][2026-06-19 04:12:43.849] {"jsonrpc":"2.0","id":1,"result":"<?xml version='1.0' encoding='UTF-8' standalone='yes' ?>\r\n<hierarchy rotation=\"0\">\r\n  <node index=\"0\" text=\"\" resource-id=\"com.android.systemui:id/navigation_bar_frame\" class=\"android.widget.FrameLayout\" package=\"com.android.systemui\" content-desc=\"...[truncated]
[Fastbot][2026-06-19 04:12:43.849] <-- END HTTP (49963-byte body)
[Fastbot][2026-06-19 04:12:43.903] [Proxy Server] Forwarding
[Fastbot][2026-06-19 04:12:43.903] --> POST http://127.0.0.1:9008/jsonrpc/0
[Fastbot][2026-06-19 04:12:43.903] Content-Type: application/json; charset=utf-8
[Fastbot][2026-06-19 04:12:43.904] Content-Length: 169
[Fastbot][2026-06-19 04:12:43.904] 
[Fastbot][2026-06-19 04:12:43.904] {"jsonrpc": "2.0", "id": 1, "method": "waitForExists", "params": [{"mask": 64, "childOrSibling": [], "childOrSiblingSelector": [], "description": "drawer open"}, 20000]}
[Fastbot][2026-06-19 04:12:43.904] --> END POST (169-byte body)
[Fastbot][2026-06-19 04:12:43.923] <-- 200 OK  http://127.0.0.1:9008/jsonrpc/0 (18ms)
[Fastbot][2026-06-19 04:12:43.923] Content-Type: application/json
[Fastbot][2026-06-19 04:12:43.923] Date: Fri, 19 Jun 2026 08:12:43 GMT
[Fastbot][2026-06-19 04:12:43.923] Connection: keep-alive
[Fastbot][2026-06-19 04:12:43.923] Transfer-Encoding: chunked
[Fastbot][2026-06-19 04:12:43.924] 
[Fastbot][2026-06-19 04:12:43.925] {"jsonrpc":"2.0","id":1,"result":true}

[Fastbot][2026-06-19 04:12:43.925] <-- END HTTP (39-byte body)
[Fastbot][2026-06-19 04:12:43.953] [Proxy Server] Forwarding
[Fastbot][2026-06-19 04:12:43.953] --> POST http://127.0.0.1:9008/jsonrpc/0
[Fastbot][2026-06-19 04:12:43.953] Content-Type: application/json; charset=utf-8
[Fastbot][2026-06-19 04:12:43.953] Content-Length: 156
[Fastbot][2026-06-19 04:12:43.953] 
[Fastbot][2026-06-19 04:12:43.954] {"jsonrpc": "2.0", "id": 1, "method": "objInfo", "params": [{"mask": 64, "childOrSibling": [], "childOrSiblingSelector": [], "description": "drawer open"}]}
[Fastbot][2026-06-19 04:12:43.954] --> END POST (156-byte body)
[Fastbot][2026-06-19 04:12:43.979] <-- 200 OK  http://127.0.0.1:9008/jsonrpc/0 (25ms)
[Fastbot][2026-06-19 04:12:43.980] Content-Type: application/json
[Fastbot][2026-06-19 04:12:43.980] Date: Fri, 19 Jun 2026 08:12:43 GMT
[Fastbot][2026-06-19 04:12:43.980] Connection: keep-alive
[Fastbot][2026-06-19 04:12:43.980] Transfer-Encoding: chunked
[Fastbot][2026-06-19 04:12:44.023] 
[Fastbot][2026-06-19 04:12:44.023] {"jsonrpc":"2.0","id":1,"result":{"bounds":{"bottom":286,"left":0,"right":154,"top":132},"childCount":0,"className":"android.widget.ImageButton","contentDescription":"drawer open","packageName":"it.feio.android.omninotes.alpha","resourceName":null,"text":null,"visibleBounds":{"bottom":286,"left":0,"...[truncated]
[Fastbot][2026-06-19 04:12:44.023] <-- END HTTP (481-byte body)
[Fastbot][2026-06-19 04:12:44.074] [Proxy Server] Detected script method: click
[Fastbot][2026-06-19 04:12:44.074] [Proxy Server] Forwarding
[Fastbot][2026-06-19 04:12:44.075] --> POST http://127.0.0.1:9008/jsonrpc/0
[Fastbot][2026-06-19 04:12:44.075] Content-Type: application/json; charset=utf-8
[Fastbot][2026-06-19 04:12:44.075] Content-Length: 71
[Fastbot][2026-06-19 04:12:44.075] 
[Fastbot][2026-06-19 04:12:44.075] {"jsonrpc": "2.0", "id": 1, "method": "click", "params": [77.0, 209.0]}
[Fastbot][2026-06-19 04:12:44.076] --> END POST (71-byte body)
[Fastbot][2026-06-19 04:12:44.207] <-- 200 OK  http://127.0.0.1:9008/jsonrpc/0 (131ms)
[Fastbot][2026-06-19 04:12:44.207] Content-Type: application/json
[Fastbot][2026-06-19 04:12:44.208] Date: Fri, 19 Jun 2026 08:12:44 GMT
[Fastbot][2026-06-19 04:12:44.208] Connection: keep-alive
[Fastbot][2026-06-19 04:12:44.208] Transfer-Encoding: chunked
[Fastbot][2026-06-19 04:12:44.208] 
[Fastbot][2026-06-19 04:12:44.208] {"jsonrpc":"2.0","id":1,"result":true}

[Fastbot][2026-06-19 04:12:44.208] <-- END HTTP (39-byte body)
[Fastbot][2026-06-19 04:12:44.776] [Proxy Server] Forwarding
[Fastbot][2026-06-19 04:12:44.776] --> POST http://127.0.0.1:9008/jsonrpc/0
[Fastbot][2026-06-19 04:12:44.777] Content-Type: application/json; charset=utf-8
[Fastbot][2026-06-19 04:12:44.777] Content-Length: 187
[Fastbot][2026-06-19 04:12:44.777] 
[Fastbot][2026-06-19 04:12:44.778] {"jsonrpc": "2.0", "id": 1, "method": "count", "params": [{"mask": 2097152, "childOrSibling": [], "childOrSiblingSelector": [], "resourceId": "it.feio.android.omninotes.alpha:id/count"}]}
[Fastbot][2026-06-19 04:12:44.778] --> END POST (187-byte body)
[Fastbot][2026-06-19 04:12:44.794] <-- 200 OK  http://127.0.0.1:9008/jsonrpc/0 (15ms)
[Fastbot][2026-06-19 04:12:44.794] Content-Type: application/json
[Fastbot][2026-06-19 04:12:44.794] Date: Fri, 19 Jun 2026 08:12:44 GMT
[Fastbot][2026-06-19 04:12:44.794] Connection: keep-alive
[Fastbot][2026-06-19 04:12:44.794] Transfer-Encoding: chunked
[Fastbot][2026-06-19 04:12:44.795] 
[Fastbot][2026-06-19 04:12:44.796] {"jsonrpc":"2.0","id":1,"result":1}

[Fastbot][2026-06-19 04:12:44.796] <-- END HTTP (36-byte body)
[Fastbot][2026-06-19 04:12:44.837] [Proxy Server] Forwarding
[Fastbot][2026-06-19 04:12:44.837] --> POST http://127.0.0.1:9008/jsonrpc/0
[Fastbot][2026-06-19 04:12:44.837] Content-Type: application/json; charset=utf-8
[Fastbot][2026-06-19 04:12:44.838] Content-Length: 218
[Fastbot][2026-06-19 04:12:44.838] 
[Fastbot][2026-06-19 04:12:44.838] {"jsonrpc": "2.0", "id": 1, "method": "waitForExists", "params": [{"mask": 18874368, "childOrSibling": [], "childOrSiblingSelector": [], "resourceId": "it.feio.android.omninotes.alpha:id/count", "instance": 0}, 20000]}
[Fastbot][2026-06-19 04:12:44.838] --> END POST (218-byte body)
[Fastbot][2026-06-19 04:12:44.844] <-- 200 OK  http://127.0.0.1:9008/jsonrpc/0 (6ms)
[Fastbot][2026-06-19 04:12:44.844] Content-Type: application/json
[Fastbot][2026-06-19 04:12:44.845] Date: Fri, 19 Jun 2026 08:12:44 GMT
[Fastbot][2026-06-19 04:12:44.845] Connection: keep-alive
[Fastbot][2026-06-19 04:12:44.845] Transfer-Encoding: chunked
[Fastbot][2026-06-19 04:12:44.846] 
[Fastbot][2026-06-19 04:12:44.846] {"jsonrpc":"2.0","id":1,"result":true}

[Fastbot][2026-06-19 04:12:44.846] <-- END HTTP (39-byte body)
[Fastbot][2026-06-19 04:12:44.882] [Proxy Server] Forwarding
[Fastbot][2026-06-19 04:12:44.882] --> POST http://127.0.0.1:9008/jsonrpc/0
[Fastbot][2026-06-19 04:12:44.882] Content-Type: application/json; charset=utf-8
[Fastbot][2026-06-19 04:12:44.883] Content-Length: 205
[Fastbot][2026-06-19 04:12:44.883] 
[Fastbot][2026-06-19 04:12:44.883] {"jsonrpc": "2.0", "id": 1, "method": "getText", "params": [{"mask": 18874368, "childOrSibling": [], "childOrSiblingSelector": [], "resourceId": "it.feio.android.omninotes.alpha:id/count", "instance": 0}]}
[Fastbot][2026-06-19 04:12:44.883] --> END POST (205-byte body)
[Fastbot][2026-06-19 04:12:44.890] <-- 200 OK  http://127.0.0.1:9008/jsonrpc/0 (6ms)
[Fastbot][2026-06-19 04:12:44.890] Content-Type: application/json
[Fastbot][2026-06-19 04:12:44.890] Date: Fri, 19 Jun 2026 08:12:44 GMT
[Fastbot][2026-06-19 04:12:44.890] Connection: keep-alive
[Fastbot][2026-06-19 04:12:44.890] Transfer-Encoding: chunked
[Fastbot][2026-06-19 04:12:44.891] 
[Fastbot][2026-06-19 04:12:44.892] {"jsonrpc":"2.0","id":1,"result":"1"}

[Fastbot][2026-06-19 04:12:44.892] <-- END HTTP (38-byte body)
[Fastbot][2026-06-19 04:12:44.929] [Proxy Server] Forwarding
[Fastbot][2026-06-19 04:12:44.929] --> POST http://127.0.0.1:9008/jsonrpc/0
[Fastbot][2026-06-19 04:12:44.929] Content-Type: application/json; charset=utf-8
[Fastbot][2026-06-19 04:12:44.929] Content-Length: 187
[Fastbot][2026-06-19 04:12:44.929] 
[Fastbot][2026-06-19 04:12:44.929] {"jsonrpc": "2.0", "id": 1, "method": "count", "params": [{"mask": 2097152, "childOrSibling": [], "childOrSiblingSelector": [], "resourceId": "it.feio.android.omninotes.alpha:id/title"}]}
[Fastbot][2026-06-19 04:12:44.930] --> END POST (187-byte body)
[Fastbot][2026-06-19 04:12:44.944] <-- 200 OK  http://127.0.0.1:9008/jsonrpc/0 (14ms)
[Fastbot][2026-06-19 04:12:44.944] Content-Type: application/json
[Fastbot][2026-06-19 04:12:44.944] Date: Fri, 19 Jun 2026 08:12:44 GMT
[Fastbot][2026-06-19 04:12:44.944] Connection: keep-alive
[Fastbot][2026-06-19 04:12:44.945] Transfer-Encoding: chunked
[Fastbot][2026-06-19 04:12:44.946] 
[Fastbot][2026-06-19 04:12:44.946] {"jsonrpc":"2.0","id":1,"result":2}

[Fastbot][2026-06-19 04:12:44.946] <-- END HTTP (36-byte body)
[Fastbot][2026-06-19 04:12:44.993] [Proxy Server] Forwarding
[Fastbot][2026-06-19 04:12:44.993] --> POST http://127.0.0.1:9008/jsonrpc/0
[Fastbot][2026-06-19 04:12:44.994] Content-Type: application/json; charset=utf-8
[Fastbot][2026-06-19 04:12:44.994] Content-Length: 218
[Fastbot][2026-06-19 04:12:44.994] 
[Fastbot][2026-06-19 04:12:44.994] {"jsonrpc": "2.0", "id": 1, "method": "waitForExists", "params": [{"mask": 18874368, "childOrSibling": [], "childOrSiblingSelector": [], "resourceId": "it.feio.android.omninotes.alpha:id/title", "instance": 0}, 20000]}
[Fastbot][2026-06-19 04:12:44.994] --> END POST (218-byte body)
[Fastbot][2026-06-19 04:12:45.002] <-- 200 OK  http://127.0.0.1:9008/jsonrpc/0 (7ms)
[Fastbot][2026-06-19 04:12:45.002] Content-Type: application/json
[Fastbot][2026-06-19 04:12:45.002] Date: Fri, 19 Jun 2026 08:12:45 GMT
[Fastbot][2026-06-19 04:12:45.002] Connection: keep-alive
[Fastbot][2026-06-19 04:12:45.003] Transfer-Encoding: chunked
[Fastbot][2026-06-19 04:12:45.003] 
[Fastbot][2026-06-19 04:12:45.003] {"jsonrpc":"2.0","id":1,"result":true}

[Fastbot][2026-06-19 04:12:45.004] <-- END HTTP (39-byte body)
[Fastbot][2026-06-19 04:12:45.039] [Proxy Server] Forwarding
[Fastbot][2026-06-19 04:12:45.040] --> POST http://127.0.0.1:9008/jsonrpc/0
[Fastbot][2026-06-19 04:12:45.040] Content-Type: application/json; charset=utf-8
[Fastbot][2026-06-19 04:12:45.040] Content-Length: 205
[Fastbot][2026-06-19 04:12:45.040] 
[Fastbot][2026-06-19 04:12:45.040] {"jsonrpc": "2.0", "id": 1, "method": "getText", "params": [{"mask": 18874368, "childOrSibling": [], "childOrSiblingSelector": [], "resourceId": "it.feio.android.omninotes.alpha:id/title", "instance": 0}]}
[Fastbot][2026-06-19 04:12:45.040] --> END POST (205-byte body)
[Fastbot][2026-06-19 04:12:45.047] <-- 200 OK  http://127.0.0.1:9008/jsonrpc/0 (6ms)
[Fastbot][2026-06-19 04:12:45.047] Content-Type: application/json
[Fastbot][2026-06-19 04:12:45.048] Date: Fri, 19 Jun 2026 08:12:45 GMT
[Fastbot][2026-06-19 04:12:45.048] Connection: keep-alive
[Fastbot][2026-06-19 04:12:45.048] Transfer-Encoding: chunked
[Fastbot][2026-06-19 04:12:45.049] 
[Fastbot][2026-06-19 04:12:45.049] {"jsonrpc":"2.0","id":1,"result":"Notes"}

[Fastbot][2026-06-19 04:12:45.049] <-- END HTTP (42-byte body)
[Fastbot][2026-06-19 04:12:45.088] [Proxy Server] Forwarding
[Fastbot][2026-06-19 04:12:45.088] --> POST http://127.0.0.1:9008/jsonrpc/0
[Fastbot][2026-06-19 04:12:45.088] Content-Type: application/json; charset=utf-8
[Fastbot][2026-06-19 04:12:45.088] Content-Length: 218
[Fastbot][2026-06-19 04:12:45.089] 
[Fastbot][2026-06-19 04:12:45.089] {"jsonrpc": "2.0", "id": 1, "method": "waitForExists", "params": [{"mask": 18874368, "childOrSibling": [], "childOrSiblingSelector": [], "resourceId": "it.feio.android.omninotes.alpha:id/title", "instance": 1}, 20000]}
[Fastbot][2026-06-19 04:12:45.089] --> END POST (218-byte body)
[Fastbot][2026-06-19 04:12:45.095] <-- 200 OK  http://127.0.0.1:9008/jsonrpc/0 (6ms)
[Fastbot][2026-06-19 04:12:45.095] Content-Type: application/json
[Fastbot][2026-06-19 04:12:45.095] Date: Fri, 19 Jun 2026 08:12:45 GMT
[Fastbot][2026-06-19 04:12:45.096] Connection: keep-alive
[Fastbot][2026-06-19 04:12:45.096] Transfer-Encoding: chunked
[Fastbot][2026-06-19 04:12:45.097] 
[Fastbot][2026-06-19 04:12:45.097] {"jsonrpc":"2.0","id":1,"result":true}

[Fastbot][2026-06-19 04:12:45.097] <-- END HTTP (39-byte body)
[Fastbot][2026-06-19 04:12:45.134] [Proxy Server] Forwarding
[Fastbot][2026-06-19 04:12:45.134] --> POST http://127.0.0.1:9008/jsonrpc/0
[Fastbot][2026-06-19 04:12:45.134] Content-Type: application/json; charset=utf-8
[Fastbot][2026-06-19 04:12:45.134] Content-Length: 205
[Fastbot][2026-06-19 04:12:45.135] 
[Fastbot][2026-06-19 04:12:45.135] {"jsonrpc": "2.0", "id": 1, "method": "getText", "params": [{"mask": 18874368, "childOrSibling": [], "childOrSiblingSelector": [], "resourceId": "it.feio.android.omninotes.alpha:id/title", "instance": 1}]}
[Fastbot][2026-06-19 04:12:45.135] --> END POST (205-byte body)
[Fastbot][2026-06-19 04:12:45.143] <-- 200 OK  http://127.0.0.1:9008/jsonrpc/0 (7ms)
[Fastbot][2026-06-19 04:12:45.143] Content-Type: application/json
[Fastbot][2026-06-19 04:12:45.143] Date: Fri, 19 Jun 2026 08:12:45 GMT
[Fastbot][2026-06-19 04:12:45.143] Connection: keep-alive
[Fastbot][2026-06-19 04:12:45.143] Transfer-Encoding: chunked
[Fastbot][2026-06-19 04:12:45.144] 
[Fastbot][2026-06-19 04:12:45.144] {"jsonrpc":"2.0","id":1,"result":"rXFHz"}

[Fastbot][2026-06-19 04:12:45.144] <-- END HTTP (42-byte body)
[Fastbot][2026-06-19 04:12:45.179] [Proxy Server] Forwarding
[Fastbot][2026-06-19 04:12:45.180] --> POST http://127.0.0.1:9008/jsonrpc/0
[Fastbot][2026-06-19 04:12:45.180] Content-Type: application/json; charset=utf-8
[Fastbot][2026-06-19 04:12:45.180] Content-Length: 187
[Fastbot][2026-06-19 04:12:45.181] 
[Fastbot][2026-06-19 04:12:45.181] {"jsonrpc": "2.0", "id": 1, "method": "count", "params": [{"mask": 2097152, "childOrSibling": [], "childOrSiblingSelector": [], "resourceId": "it.feio.android.omninotes.alpha:id/title"}]}
[Fastbot][2026-06-19 04:12:45.181] --> END POST (187-byte body)
[Fastbot][2026-06-19 04:12:45.198] <-- 200 OK  http://127.0.0.1:9008/jsonrpc/0 (16ms)
[Fastbot][2026-06-19 04:12:45.198] Content-Type: application/json
[Fastbot][2026-06-19 04:12:45.198] Date: Fri, 19 Jun 2026 08:12:45 GMT
[Fastbot][2026-06-19 04:12:45.198] Connection: keep-alive
[Fastbot][2026-06-19 04:12:45.198] Transfer-Encoding: chunked
[Fastbot][2026-06-19 04:12:45.199] 
[Fastbot][2026-06-19 04:12:45.200] {"jsonrpc":"2.0","id":1,"result":2}

[Fastbot][2026-06-19 04:12:45.200] <-- END HTTP (36-byte body)
[Fastbot][2026-06-19 04:12:45.227] [Proxy Server] Forwarding
[Fastbot][2026-06-19 04:12:45.228] --> POST http://127.0.0.1:9008/jsonrpc/0
[Fastbot][2026-06-19 04:12:45.228] Content-Type: application/json; charset=utf-8
[Fastbot][2026-06-19 04:12:45.228] Content-Length: 218
[Fastbot][2026-06-19 04:12:45.229] 
[Fastbot][2026-06-19 04:12:45.229] {"jsonrpc": "2.0", "id": 1, "method": "waitForExists", "params": [{"mask": 18874368, "childOrSibling": [], "childOrSiblingSelector": [], "resourceId": "it.feio.android.omninotes.alpha:id/title", "instance": 0}, 20000]}
[Fastbot][2026-06-19 04:12:45.229] --> END POST (218-byte body)
[Fastbot][2026-06-19 04:12:45.239] <-- 200 OK  http://127.0.0.1:9008/jsonrpc/0 (9ms)
[Fastbot][2026-06-19 04:12:45.240] Content-Type: application/json
[Fastbot][2026-06-19 04:12:45.240] Date: Fri, 19 Jun 2026 08:12:45 GMT
[Fastbot][2026-06-19 04:12:45.240] Connection: keep-alive
[Fastbot][2026-06-19 04:12:45.240] Transfer-Encoding: chunked
[Fastbot][2026-06-19 04:12:45.241] 
[Fastbot][2026-06-19 04:12:45.241] {"jsonrpc":"2.0","id":1,"result":true}

[Fastbot][2026-06-19 04:12:45.241] <-- END HTTP (39-byte body)
[Fastbot][2026-06-19 04:12:45.274] [Proxy Server] Forwarding
[Fastbot][2026-06-19 04:12:45.275] --> POST http://127.0.0.1:9008/jsonrpc/0
[Fastbot][2026-06-19 04:12:45.275] Content-Type: application/json; charset=utf-8
[Fastbot][2026-06-19 04:12:45.275] Content-Length: 205
[Fastbot][2026-06-19 04:12:45.276] 
[Fastbot][2026-06-19 04:12:45.276] {"jsonrpc": "2.0", "id": 1, "method": "getText", "params": [{"mask": 18874368, "childOrSibling": [], "childOrSiblingSelector": [], "resourceId": "it.feio.android.omninotes.alpha:id/title", "instance": 0}]}
[Fastbot][2026-06-19 04:12:45.276] --> END POST (205-byte body)
[Fastbot][2026-06-19 04:12:45.283] <-- 200 OK  http://127.0.0.1:9008/jsonrpc/0 (7ms)
[Fastbot][2026-06-19 04:12:45.284] Content-Type: application/json
[Fastbot][2026-06-19 04:12:45.284] Date: Fri, 19 Jun 2026 08:12:45 GMT
[Fastbot][2026-06-19 04:12:45.284] Connection: keep-alive
[Fastbot][2026-06-19 04:12:45.284] Transfer-Encoding: chunked
[Fastbot][2026-06-19 04:12:45.285] 
[Fastbot][2026-06-19 04:12:45.285] {"jsonrpc":"2.0","id":1,"result":"Notes"}

[Fastbot][2026-06-19 04:12:45.285] <-- END HTTP (42-byte body)
[Fastbot][2026-06-19 04:12:45.319] [Proxy Server] Forwarding
[Fastbot][2026-06-19 04:12:45.320] --> POST http://127.0.0.1:9008/jsonrpc/0
[Fastbot][2026-06-19 04:12:45.320] Content-Type: application/json; charset=utf-8
[Fastbot][2026-06-19 04:12:45.320] Content-Length: 218
[Fastbot][2026-06-19 04:12:45.320] 
[Fastbot][2026-06-19 04:12:45.320] {"jsonrpc": "2.0", "id": 1, "method": "waitForExists", "params": [{"mask": 18874368, "childOrSibling": [], "childOrSiblingSelector": [], "resourceId": "it.feio.android.omninotes.alpha:id/title", "instance": 1}, 20000]}
[Fastbot][2026-06-19 04:12:45.320] --> END POST (218-byte body)
[Fastbot][2026-06-19 04:12:45.328] <-- 200 OK  http://127.0.0.1:9008/jsonrpc/0 (7ms)
[Fastbot][2026-06-19 04:12:45.328] Content-Type: application/json
[Fastbot][2026-06-19 04:12:45.328] Date: Fri, 19 Jun 2026 08:12:45 GMT
[Fastbot][2026-06-19 04:12:45.329] Connection: keep-alive
[Fastbot][2026-06-19 04:12:45.329] Transfer-Encoding: chunked
[Fastbot][2026-06-19 04:12:45.333] 
[Fastbot][2026-06-19 04:12:45.334] {"jsonrpc":"2.0","id":1,"result":true}

[Fastbot][2026-06-19 04:12:45.334] <-- END HTTP (39-byte body)
[Fastbot][2026-06-19 04:12:45.365] [Proxy Server] Forwarding
[Fastbot][2026-06-19 04:12:45.366] --> POST http://127.0.0.1:9008/jsonrpc/0
[Fastbot][2026-06-19 04:12:45.366] Content-Type: application/json; charset=utf-8
[Fastbot][2026-06-19 04:12:45.366] Content-Length: 205
[Fastbot][2026-06-19 04:12:45.366] 
[Fastbot][2026-06-19 04:12:45.366] {"jsonrpc": "2.0", "id": 1, "method": "getText", "params": [{"mask": 18874368, "childOrSibling": [], "childOrSiblingSelector": [], "resourceId": "it.feio.android.omninotes.alpha:id/title", "instance": 1}]}
[Fastbot][2026-06-19 04:12:45.366] --> END POST (205-byte body)
[Fastbot][2026-06-19 04:12:45.374] <-- 200 OK  http://127.0.0.1:9008/jsonrpc/0 (7ms)
[Fastbot][2026-06-19 04:12:45.374] Content-Type: application/json
[Fastbot][2026-06-19 04:12:45.374] Date: Fri, 19 Jun 2026 08:12:45 GMT
[Fastbot][2026-06-19 04:12:45.374] Connection: keep-alive
[Fastbot][2026-06-19 04:12:45.374] Transfer-Encoding: chunked
[Fastbot][2026-06-19 04:12:45.375] 
[Fastbot][2026-06-19 04:12:45.375] {"jsonrpc":"2.0","id":1,"result":"rXFHz"}

[Fastbot][2026-06-19 04:12:45.376] <-- END HTTP (42-byte body)
[Fastbot][2026-06-19 04:12:45.426] [Proxy Server] Detected script method: pressKey
[Fastbot][2026-06-19 04:12:45.427] [Proxy Server] Forwarding
[Fastbot][2026-06-19 04:12:45.427] --> POST http://127.0.0.1:9008/jsonrpc/0
[Fastbot][2026-06-19 04:12:45.427] Content-Type: application/json; charset=utf-8
[Fastbot][2026-06-19 04:12:45.427] Content-Length: 69
[Fastbot][2026-06-19 04:12:45.427] 
[Fastbot][2026-06-19 04:12:45.428] {"jsonrpc": "2.0", "id": 1, "method": "pressKey", "params": ["back"]}
[Fastbot][2026-06-19 04:12:45.428] --> END POST (69-byte body)
[Fastbot][2026-06-19 04:12:45.458] <-- 200 OK  http://127.0.0.1:9008/jsonrpc/0 (30ms)
[Fastbot][2026-06-19 04:12:45.458] Content-Type: application/json
[Fastbot][2026-06-19 04:12:45.458] Date: Fri, 19 Jun 2026 08:12:45 GMT
[Fastbot][2026-06-19 04:12:45.459] Connection: keep-alive
[Fastbot][2026-06-19 04:12:45.459] Transfer-Encoding: chunked
[Fastbot][2026-06-19 04:12:45.460] 
[Fastbot][2026-06-19 04:12:45.460] {"jsonrpc":"2.0","id":1,"result":true}

[Fastbot][2026-06-19 04:12:45.460] <-- END HTTP (39-byte body)
[Fastbot][2026-06-19 04:12:45.977] [Proxy Server] Forwarding
[Fastbot][2026-06-19 04:12:45.977] --> POST http://127.0.0.1:9008/jsonrpc/0
[Fastbot][2026-06-19 04:12:45.977] Content-Type: application/json; charset=utf-8
[Fastbot][2026-06-19 04:12:45.978] Content-Length: 225
[Fastbot][2026-06-19 04:12:45.978] 
[Fastbot][2026-06-19 04:12:45.978] {"jsonrpc": "2.0", "id": 1, "method": "waitForExists", "params": [{"mask": 2097153, "childOrSibling": [], "childOrSiblingSelector": [], "resourceId": "it.feio.android.omninotes.alpha:id/note_title", "text": "ib1OzE"}, 20000]}
[Fastbot][2026-06-19 04:12:45.978] --> END POST (225-byte body)
[Fastbot][2026-06-19 04:12:45.999] <-- 200 OK  http://127.0.0.1:9008/jsonrpc/0 (20ms)
[Fastbot][2026-06-19 04:12:45.999] Content-Type: application/json
[Fastbot][2026-06-19 04:12:46.000] Date: Fri, 19 Jun 2026 08:12:45 GMT
[Fastbot][2026-06-19 04:12:46.000] Connection: keep-alive
[Fastbot][2026-06-19 04:12:46.000] Transfer-Encoding: chunked
[Fastbot][2026-06-19 04:12:46.000] 
[Fastbot][2026-06-19 04:12:46.001] {"jsonrpc":"2.0","id":1,"result":true}

[Fastbot][2026-06-19 04:12:46.001] <-- END HTTP (39-byte body)
[Fastbot][2026-06-19 04:12:46.035] [Proxy Server] Forwarding
[Fastbot][2026-06-19 04:12:46.035] --> POST http://127.0.0.1:9008/jsonrpc/0
[Fastbot][2026-06-19 04:12:46.036] Content-Type: application/json; charset=utf-8
[Fastbot][2026-06-19 04:12:46.036] Content-Length: 212
[Fastbot][2026-06-19 04:12:46.036] 
[Fastbot][2026-06-19 04:12:46.036] {"jsonrpc": "2.0", "id": 1, "method": "objInfo", "params": [{"mask": 2097153, "childOrSibling": [], "childOrSiblingSelector": [], "resourceId": "it.feio.android.omninotes.alpha:id/note_title", "text": "ib1OzE"}]}
[Fastbot][2026-06-19 04:12:46.036] --> END POST (212-byte body)
[Fastbot][2026-06-19 04:12:46.068] <-- 200 OK  http://127.0.0.1:9008/jsonrpc/0 (31ms)
[Fastbot][2026-06-19 04:12:46.068] Content-Type: application/json
[Fastbot][2026-06-19 04:12:46.068] Date: Fri, 19 Jun 2026 08:12:46 GMT
[Fastbot][2026-06-19 04:12:46.068] Connection: keep-alive
[Fastbot][2026-06-19 04:12:46.069] Transfer-Encoding: chunked
[Fastbot][2026-06-19 04:12:46.069] 
[Fastbot][2026-06-19 04:12:46.070] {"jsonrpc":"2.0","id":1,"result":{"bounds":{"bottom":988,"left":58,"right":1014,"top":927},"childCount":0,"className":"android.widget.TextView","contentDescription":null,"packageName":"it.feio.android.omninotes.alpha","resourceName":"it.feio.android.omninotes.alpha:id/note_title","text":"ib1OzE","vi...[truncated]
[Fastbot][2026-06-19 04:12:46.070] <-- END HTTP (522-byte body)
[Fastbot][2026-06-19 04:12:46.096] [Proxy Server] Detected script method: click
[Fastbot][2026-06-19 04:12:46.097] [Proxy Server] Forwarding
[Fastbot][2026-06-19 04:12:46.097] --> POST http://127.0.0.1:9008/jsonrpc/0
[Fastbot][2026-06-19 04:12:46.097] Content-Type: application/json; charset=utf-8
[Fastbot][2026-06-19 04:12:46.097] Content-Length: 72
[Fastbot][2026-06-19 04:12:46.097] 
[Fastbot][2026-06-19 04:12:46.098] {"jsonrpc": "2.0", "id": 1, "method": "click", "params": [536.0, 957.5]}
[Fastbot][2026-06-19 04:12:46.098] --> END POST (72-byte body)
[Fastbot][2026-06-19 04:12:46.235] <-- 200 OK  http://127.0.0.1:9008/jsonrpc/0 (136ms)
[Fastbot][2026-06-19 04:12:46.235] Content-Type: application/json
[Fastbot][2026-06-19 04:12:46.235] Date: Fri, 19 Jun 2026 08:12:46 GMT
[Fastbot][2026-06-19 04:12:46.236] Connection: keep-alive
[Fastbot][2026-06-19 04:12:46.236] Transfer-Encoding: chunked
[Fastbot][2026-06-19 04:12:46.282] 
[Fastbot][2026-06-19 04:12:46.283] {"jsonrpc":"2.0","id":1,"result":true}

[Fastbot][2026-06-19 04:12:46.283] <-- END HTTP (39-byte body)
[Fastbot][2026-06-19 04:12:46.816] [Proxy Server] Forwarding
[Fastbot][2026-06-19 04:12:46.817] --> POST http://127.0.0.1:9008/jsonrpc/0
[Fastbot][2026-06-19 04:12:46.817] Content-Type: application/json; charset=utf-8
[Fastbot][2026-06-19 04:12:46.817] Content-Length: 210
[Fastbot][2026-06-19 04:12:46.817] 
[Fastbot][2026-06-19 04:12:46.817] {"jsonrpc": "2.0", "id": 1, "method": "waitForExists", "params": [{"mask": 2097152, "childOrSibling": [], "childOrSiblingSelector": [], "resourceId": "it.feio.android.omninotes.alpha:id/menu_category"}, 20000]}
[Fastbot][2026-06-19 04:12:46.817] --> END POST (210-byte body)
[Fastbot][2026-06-19 04:12:46.847] <-- 200 OK  http://127.0.0.1:9008/jsonrpc/0 (29ms)
[Fastbot][2026-06-19 04:12:46.847] Content-Type: application/json
[Fastbot][2026-06-19 04:12:46.848] Date: Fri, 19 Jun 2026 08:12:46 GMT
[Fastbot][2026-06-19 04:12:46.848] Connection: keep-alive
[Fastbot][2026-06-19 04:12:46.848] Transfer-Encoding: chunked
[Fastbot][2026-06-19 04:12:46.848] 
[Fastbot][2026-06-19 04:12:46.849] {"jsonrpc":"2.0","id":1,"result":true}

[Fastbot][2026-06-19 04:12:46.850] <-- END HTTP (39-byte body)
[Fastbot][2026-06-19 04:12:46.876] [Proxy Server] Forwarding
[Fastbot][2026-06-19 04:12:46.877] --> POST http://127.0.0.1:9008/jsonrpc/0
[Fastbot][2026-06-19 04:12:46.877] Content-Type: application/json; charset=utf-8
[Fastbot][2026-06-19 04:12:46.877] Content-Length: 197
[Fastbot][2026-06-19 04:12:46.877] 
[Fastbot][2026-06-19 04:12:46.877] {"jsonrpc": "2.0", "id": 1, "method": "objInfo", "params": [{"mask": 2097152, "childOrSibling": [], "childOrSiblingSelector": [], "resourceId": "it.feio.android.omninotes.alpha:id/menu_category"}]}
[Fastbot][2026-06-19 04:12:46.878] --> END POST (197-byte body)
[Fastbot][2026-06-19 04:12:46.918] <-- 200 OK  http://127.0.0.1:9008/jsonrpc/0 (40ms)
[Fastbot][2026-06-19 04:12:46.918] Content-Type: application/json
[Fastbot][2026-06-19 04:12:46.918] Date: Fri, 19 Jun 2026 08:12:46 GMT
[Fastbot][2026-06-19 04:12:46.918] Connection: keep-alive
[Fastbot][2026-06-19 04:12:46.918] Transfer-Encoding: chunked
[Fastbot][2026-06-19 04:12:46.964] 
[Fastbot][2026-06-19 04:12:46.964] {"jsonrpc":"2.0","id":1,"result":{"bounds":{"bottom":275,"left":573,"right":705,"top":143},"childCount":0,"className":"android.widget.Button","contentDescription":"Category","packageName":"it.feio.android.omninotes.alpha","resourceName":"it.feio.android.omninotes.alpha:id/menu_category","text":null,...[truncated]
[Fastbot][2026-06-19 04:12:46.964] <-- END HTTP (522-byte body)
[Fastbot][2026-06-19 04:12:47.018] [Proxy Server] Detected script method: click
[Fastbot][2026-06-19 04:12:47.018] [Proxy Server] Forwarding
[Fastbot][2026-06-19 04:12:47.018] --> POST http://127.0.0.1:9008/jsonrpc/0
[Fastbot][2026-06-19 04:12:47.018] Content-Type: application/json; charset=utf-8
[Fastbot][2026-06-19 04:12:47.019] Content-Length: 72
[Fastbot][2026-06-19 04:12:47.019] 
[Fastbot][2026-06-19 04:12:47.019] {"jsonrpc": "2.0", "id": 1, "method": "click", "params": [639.0, 209.0]}
[Fastbot][2026-06-19 04:12:47.019] --> END POST (72-byte body)
[Fastbot][2026-06-19 04:12:47.173] <-- 200 OK  http://127.0.0.1:9008/jsonrpc/0 (153ms)
[Fastbot][2026-06-19 04:12:47.173] Content-Type: application/json
[Fastbot][2026-06-19 04:12:47.174] Date: Fri, 19 Jun 2026 08:12:47 GMT
[Fastbot][2026-06-19 04:12:47.174] Connection: keep-alive
[Fastbot][2026-06-19 04:12:47.174] Transfer-Encoding: chunked
[Fastbot][2026-06-19 04:12:47.174] 
[Fastbot][2026-06-19 04:12:47.174] {"jsonrpc":"2.0","id":1,"result":true}

[Fastbot][2026-06-19 04:12:47.174] <-- END HTTP (39-byte body)
[Fastbot][2026-06-19 04:12:47.714] [Proxy Server] Forwarding
[Fastbot][2026-06-19 04:12:47.714] --> POST http://127.0.0.1:9008/jsonrpc/0
[Fastbot][2026-06-19 04:12:47.714] Content-Type: application/json; charset=utf-8
[Fastbot][2026-06-19 04:12:47.714] Content-Length: 187
[Fastbot][2026-06-19 04:12:47.714] 
[Fastbot][2026-06-19 04:12:47.715] {"jsonrpc": "2.0", "id": 1, "method": "count", "params": [{"mask": 2097152, "childOrSibling": [], "childOrSiblingSelector": [], "resourceId": "it.feio.android.omninotes.alpha:id/count"}]}
[Fastbot][2026-06-19 04:12:47.715] --> END POST (187-byte body)
[Fastbot][2026-06-19 04:12:47.724] <-- 200 OK  http://127.0.0.1:9008/jsonrpc/0 (8ms)
[Fastbot][2026-06-19 04:12:47.724] Content-Type: application/json
[Fastbot][2026-06-19 04:12:47.724] Date: Fri, 19 Jun 2026 08:12:47 GMT
[Fastbot][2026-06-19 04:12:47.724] Connection: keep-alive
[Fastbot][2026-06-19 04:12:47.724] Transfer-Encoding: chunked
[Fastbot][2026-06-19 04:12:47.726] 
[Fastbot][2026-06-19 04:12:47.726] {"jsonrpc":"2.0","id":1,"result":1}

[Fastbot][2026-06-19 04:12:47.726] <-- END HTTP (36-byte body)
[Fastbot][2026-06-19 04:12:47.759] [Proxy Server] Forwarding
[Fastbot][2026-06-19 04:12:47.760] --> POST http://127.0.0.1:9008/jsonrpc/0
[Fastbot][2026-06-19 04:12:47.760] Content-Type: application/json; charset=utf-8
[Fastbot][2026-06-19 04:12:47.760] Content-Length: 218
[Fastbot][2026-06-19 04:12:47.760] 
[Fastbot][2026-06-19 04:12:47.761] {"jsonrpc": "2.0", "id": 1, "method": "waitForExists", "params": [{"mask": 18874368, "childOrSibling": [], "childOrSiblingSelector": [], "resourceId": "it.feio.android.omninotes.alpha:id/count", "instance": 0}, 20000]}
[Fastbot][2026-06-19 04:12:47.761] --> END POST (218-byte body)
[Fastbot][2026-06-19 04:12:47.768] <-- 200 OK  http://127.0.0.1:9008/jsonrpc/0 (7ms)
[Fastbot][2026-06-19 04:12:47.768] Content-Type: application/json
[Fastbot][2026-06-19 04:12:47.769] Date: Fri, 19 Jun 2026 08:12:47 GMT
[Fastbot][2026-06-19 04:12:47.769] Connection: keep-alive
[Fastbot][2026-06-19 04:12:47.769] Transfer-Encoding: chunked
[Fastbot][2026-06-19 04:12:47.770] 
[Fastbot][2026-06-19 04:12:47.770] {"jsonrpc":"2.0","id":1,"result":true}

[Fastbot][2026-06-19 04:12:47.770] <-- END HTTP (39-byte body)
[Fastbot][2026-06-19 04:12:47.807] [Proxy Server] Forwarding
[Fastbot][2026-06-19 04:12:47.807] --> POST http://127.0.0.1:9008/jsonrpc/0
[Fastbot][2026-06-19 04:12:47.807] Content-Type: application/json; charset=utf-8
[Fastbot][2026-06-19 04:12:47.807] Content-Length: 205
[Fastbot][2026-06-19 04:12:47.808] 
[Fastbot][2026-06-19 04:12:47.808] {"jsonrpc": "2.0", "id": 1, "method": "getText", "params": [{"mask": 18874368, "childOrSibling": [], "childOrSiblingSelector": [], "resourceId": "it.feio.android.omninotes.alpha:id/count", "instance": 0}]}
[Fastbot][2026-06-19 04:12:47.808] --> END POST (205-byte body)
[Fastbot][2026-06-19 04:12:47.817] <-- 200 OK  http://127.0.0.1:9008/jsonrpc/0 (9ms)
[Fastbot][2026-06-19 04:12:47.817] Content-Type: application/json
[Fastbot][2026-06-19 04:12:47.817] Date: Fri, 19 Jun 2026 08:12:47 GMT
[Fastbot][2026-06-19 04:12:47.817] Connection: keep-alive
[Fastbot][2026-06-19 04:12:47.818] Transfer-Encoding: chunked
[Fastbot][2026-06-19 04:12:47.819] 
[Fastbot][2026-06-19 04:12:47.819] {"jsonrpc":"2.0","id":1,"result":"1"}

[Fastbot][2026-06-19 04:12:47.819] <-- END HTTP (38-byte body)
[Fastbot][2026-06-19 04:12:47.856] [Proxy Server] Forwarding
[Fastbot][2026-06-19 04:12:47.856] --> POST http://127.0.0.1:9008/jsonrpc/0
[Fastbot][2026-06-19 04:12:47.856] Content-Type: application/json; charset=utf-8
[Fastbot][2026-06-19 04:12:47.856] Content-Length: 187
[Fastbot][2026-06-19 04:12:47.856] 
[Fastbot][2026-06-19 04:12:47.857] {"jsonrpc": "2.0", "id": 1, "method": "count", "params": [{"mask": 2097152, "childOrSibling": [], "childOrSiblingSelector": [], "resourceId": "it.feio.android.omninotes.alpha:id/title"}]}
[Fastbot][2026-06-19 04:12:47.857] --> END POST (187-byte body)
[Fastbot][2026-06-19 04:12:47.865] <-- 200 OK  http://127.0.0.1:9008/jsonrpc/0 (8ms)
[Fastbot][2026-06-19 04:12:47.865] Content-Type: application/json
[Fastbot][2026-06-19 04:12:47.865] Date: Fri, 19 Jun 2026 08:12:47 GMT
[Fastbot][2026-06-19 04:12:47.866] Connection: keep-alive
[Fastbot][2026-06-19 04:12:47.866] Transfer-Encoding: chunked
[Fastbot][2026-06-19 04:12:47.868] 
[Fastbot][2026-06-19 04:12:47.868] {"jsonrpc":"2.0","id":1,"result":1}

[Fastbot][2026-06-19 04:12:47.868] <-- END HTTP (36-byte body)
[Fastbot][2026-06-19 04:12:47.886] [Proxy Server] Forwarding
[Fastbot][2026-06-19 04:12:47.887] --> POST http://127.0.0.1:9008/jsonrpc/0
[Fastbot][2026-06-19 04:12:47.887] Content-Type: application/json; charset=utf-8
[Fastbot][2026-06-19 04:12:47.887] Content-Length: 218
[Fastbot][2026-06-19 04:12:47.887] 
[Fastbot][2026-06-19 04:12:47.888] {"jsonrpc": "2.0", "id": 1, "method": "waitForExists", "params": [{"mask": 18874368, "childOrSibling": [], "childOrSiblingSelector": [], "resourceId": "it.feio.android.omninotes.alpha:id/title", "instance": 0}, 20000]}
[Fastbot][2026-06-19 04:12:47.888] --> END POST (218-byte body)
[Fastbot][2026-06-19 04:12:47.893] <-- 200 OK  http://127.0.0.1:9008/jsonrpc/0 (5ms)
[Fastbot][2026-06-19 04:12:47.893] Content-Type: application/json
[Fastbot][2026-06-19 04:12:47.893] Date: Fri, 19 Jun 2026 08:12:47 GMT
[Fastbot][2026-06-19 04:12:47.894] Connection: keep-alive
[Fastbot][2026-06-19 04:12:47.894] Transfer-Encoding: chunked
[Fastbot][2026-06-19 04:12:47.942] 
[Fastbot][2026-06-19 04:12:47.942] {"jsonrpc":"2.0","id":1,"result":true}

[Fastbot][2026-06-19 04:12:47.942] <-- END HTTP (39-byte body)
[Fastbot][2026-06-19 04:12:47.979] [Proxy Server] Forwarding
[Fastbot][2026-06-19 04:12:47.980] --> POST http://127.0.0.1:9008/jsonrpc/0
[Fastbot][2026-06-19 04:12:47.980] Content-Type: application/json; charset=utf-8
[Fastbot][2026-06-19 04:12:47.980] Content-Length: 205
[Fastbot][2026-06-19 04:12:47.980] 
[Fastbot][2026-06-19 04:12:47.980] {"jsonrpc": "2.0", "id": 1, "method": "getText", "params": [{"mask": 18874368, "childOrSibling": [], "childOrSiblingSelector": [], "resourceId": "it.feio.android.omninotes.alpha:id/title", "instance": 0}]}
[Fastbot][2026-06-19 04:12:47.980] --> END POST (205-byte body)
[Fastbot][2026-06-19 04:12:48.065] <-- 200 OK  http://127.0.0.1:9008/jsonrpc/0 (84ms)
[Fastbot][2026-06-19 04:12:48.065] Content-Type: application/json
[Fastbot][2026-06-19 04:12:48.066] Date: Fri, 19 Jun 2026 08:12:48 GMT
[Fastbot][2026-06-19 04:12:48.066] Connection: keep-alive
[Fastbot][2026-06-19 04:12:48.066] Transfer-Encoding: chunked
[Fastbot][2026-06-19 04:12:48.067] 
[Fastbot][2026-06-19 04:12:48.067] {"jsonrpc":"2.0","id":1,"result":"rXFHz"}

[Fastbot][2026-06-19 04:12:48.067] <-- END HTTP (42-byte body)
[Fastbot][2026-06-19 04:12:48.106] [Proxy Server] Detected script method: pressKey
[Fastbot][2026-06-19 04:12:48.106] [Proxy Server] Forwarding
[Fastbot][2026-06-19 04:12:48.107] --> POST http://127.0.0.1:9008/jsonrpc/0
[Fastbot][2026-06-19 04:12:48.107] Content-Type: application/json; charset=utf-8
[Fastbot][2026-06-19 04:12:48.107] Content-Length: 69
[Fastbot][2026-06-19 04:12:48.107] 
[Fastbot][2026-06-19 04:12:48.108] {"jsonrpc": "2.0", "id": 1, "method": "pressKey", "params": ["back"]}
[Fastbot][2026-06-19 04:12:48.108] --> END POST (69-byte body)
[Fastbot][2026-06-19 04:12:49.326] <-- 200 OK  http://127.0.0.1:9008/jsonrpc/0 (1218ms)
[Fastbot][2026-06-19 04:12:49.326] Content-Type: application/json
[Fastbot][2026-06-19 04:12:49.326] Date: Fri, 19 Jun 2026 08:12:49 GMT
[Fastbot][2026-06-19 04:12:49.326] Connection: keep-alive
[Fastbot][2026-06-19 04:12:49.327] Transfer-Encoding: chunked
[Fastbot][2026-06-19 04:12:49.327] 
[Fastbot][2026-06-19 04:12:49.328] {"jsonrpc":"2.0","id":1,"result":false}

[Fastbot][2026-06-19 04:12:49.328] <-- END HTTP (40-byte body)
[Fastbot][2026-06-19 04:12:49.845] [Proxy Server] Detected script method: pressKey
[Fastbot][2026-06-19 04:12:49.845] [Proxy Server] Forwarding
[Fastbot][2026-06-19 04:12:49.846] --> POST http://127.0.0.1:9008/jsonrpc/0
[Fastbot][2026-06-19 04:12:49.846] Content-Type: application/json; charset=utf-8
[Fastbot][2026-06-19 04:12:49.846] Content-Length: 69
[Fastbot][2026-06-19 04:12:49.847] 
[Fastbot][2026-06-19 04:12:49.847] {"jsonrpc": "2.0", "id": 1, "method": "pressKey", "params": ["back"]}
[Fastbot][2026-06-19 04:12:49.847] --> END POST (69-byte body)
[Fastbot][2026-06-19 04:12:49.895] <-- 200 OK  http://127.0.0.1:9008/jsonrpc/0 (47ms)
[Fastbot][2026-06-19 04:12:49.896] Content-Type: application/json
[Fastbot][2026-06-19 04:12:49.897] Date: Fri, 19 Jun 2026 08:12:49 GMT
[Fastbot][2026-06-19 04:12:49.897] Connection: keep-alive
[Fastbot][2026-06-19 04:12:49.897] Transfer-Encoding: chunked
[Fastbot][2026-06-19 04:12:49.898] 
[Fastbot][2026-06-19 04:12:49.898] {"jsonrpc":"2.0","id":1,"result":true}

[Fastbot][2026-06-19 04:12:49.898] <-- END HTTP (39-byte body)
[Fastbot][2026-06-19 04:12:50.663] --> POST http://127.0.0.1:9008/jsonrpc/0
[Fastbot][2026-06-19 04:12:50.663] Content-Type: application/json; charset=utf-8
[Fastbot][2026-06-19 04:12:50.663] Content-Length: 75
[Fastbot][2026-06-19 04:12:50.663] 
[Fastbot][2026-06-19 04:12:50.663] {"id":1,"jsonrpc":"2.0","method":"dumpWindowHierarchy","params":[false,50]}
[Fastbot][2026-06-19 04:12:50.664] --> END POST (75-byte body)
[Fastbot][2026-06-19 04:12:50.708] <-- 200 OK  http://127.0.0.1:9008/jsonrpc/0 (43ms)
[Fastbot][2026-06-19 04:12:50.708] Content-Type: application/json
[Fastbot][2026-06-19 04:12:50.708] Date: Fri, 19 Jun 2026 08:12:50 GMT
[Fastbot][2026-06-19 04:12:50.708] Connection: keep-alive
[Fastbot][2026-06-19 04:12:50.709] Transfer-Encoding: chunked
[Fastbot][2026-06-19 04:12:50.710] 
[Fastbot][2026-06-19 04:12:50.710] {"jsonrpc":"2.0","id":1,"result":"<?xml version='1.0' encoding='UTF-8' standalone='yes' ?>\r\n<hierarchy rotation=\"0\">\r\n  <node index=\"0\" text=\"\" resource-id=\"com.android.systemui:id/navigation_bar_frame\" class=\"android.widget.FrameLayout\" package=\"com.android.systemui\" content-desc=\"...[truncated]
[Fastbot][2026-06-19 04:12:50.711] <-- END HTTP (49963-byte body)
[Fastbot][2026-06-19 04:12:50.772] [Proxy Server] Forwarding
[Fastbot][2026-06-19 04:12:50.773] --> POST http://127.0.0.1:9008/jsonrpc/0
[Fastbot][2026-06-19 04:12:50.773] Content-Type: application/json; charset=utf-8
[Fastbot][2026-06-19 04:12:50.773] Content-Length: 219
[Fastbot][2026-06-19 04:12:50.773] 
[Fastbot][2026-06-19 04:12:50.773] {"jsonrpc": "2.0", "id": 1, "method": "waitForExists", "params": [{"mask": 2097152, "childOrSibling": [], "childOrSiblingSelector": [], "resourceId": "it.feio.android.omninotes.alpha:id/fab_expand_menu_button"}, 20000]}
[Fastbot][2026-06-19 04:12:50.773] --> END POST (219-byte body)
[Fastbot][2026-06-19 04:12:50.788] <-- 200 OK  http://127.0.0.1:9008/jsonrpc/0 (14ms)
[Fastbot][2026-06-19 04:12:50.788] Content-Type: application/json
[Fastbot][2026-06-19 04:12:50.788] Date: Fri, 19 Jun 2026 08:12:50 GMT
[Fastbot][2026-06-19 04:12:50.788] Connection: keep-alive
[Fastbot][2026-06-19 04:12:50.788] Transfer-Encoding: chunked
[Fastbot][2026-06-19 04:12:50.789] 
[Fastbot][2026-06-19 04:12:50.790] {"jsonrpc":"2.0","id":1,"result":true}

[Fastbot][2026-06-19 04:12:50.790] <-- END HTTP (39-byte body)
[Fastbot][2026-06-19 04:12:50.820] [Proxy Server] Forwarding
[Fastbot][2026-06-19 04:12:50.820] --> POST http://127.0.0.1:9008/jsonrpc/0
[Fastbot][2026-06-19 04:12:50.820] Content-Type: application/json; charset=utf-8
[Fastbot][2026-06-19 04:12:50.820] Content-Length: 206
[Fastbot][2026-06-19 04:12:50.821] 
[Fastbot][2026-06-19 04:12:50.821] {"jsonrpc": "2.0", "id": 1, "method": "objInfo", "params": [{"mask": 2097152, "childOrSibling": [], "childOrSiblingSelector": [], "resourceId": "it.feio.android.omninotes.alpha:id/fab_expand_menu_button"}]}
[Fastbot][2026-06-19 04:12:50.821] --> END POST (206-byte body)
[Fastbot][2026-06-19 04:12:50.847] <-- 200 OK  http://127.0.0.1:9008/jsonrpc/0 (25ms)
[Fastbot][2026-06-19 04:12:50.847] Content-Type: application/json
[Fastbot][2026-06-19 04:12:50.847] Date: Fri, 19 Jun 2026 08:12:50 GMT
[Fastbot][2026-06-19 04:12:50.847] Connection: keep-alive
[Fastbot][2026-06-19 04:12:50.847] Transfer-Encoding: chunked
[Fastbot][2026-06-19 04:12:50.848] 
[Fastbot][2026-06-19 04:12:50.848] {"jsonrpc":"2.0","id":1,"result":{"bounds":{"bottom":2016,"left":856,"right":1058,"top":1923},"childCount":0,"className":"android.widget.ImageButton","contentDescription":null,"packageName":"it.feio.android.omninotes.alpha","resourceName":"it.feio.android.omninotes.alpha:id/fab_expand_menu_button","...[truncated]
[Fastbot][2026-06-19 04:12:50.848] <-- END HTTP (536-byte body)
[Fastbot][2026-06-19 04:12:50.897] [Proxy Server] Detected script method: click
[Fastbot][2026-06-19 04:12:50.898] [Proxy Server] Forwarding
[Fastbot][2026-06-19 04:12:50.898] --> POST http://127.0.0.1:9008/jsonrpc/0
[Fastbot][2026-06-19 04:12:50.898] Content-Type: application/json; charset=utf-8
[Fastbot][2026-06-19 04:12:50.899] Content-Length: 73
[Fastbot][2026-06-19 04:12:50.899] 
[Fastbot][2026-06-19 04:12:50.899] {"jsonrpc": "2.0", "id": 1, "method": "click", "params": [957.0, 1969.5]}
[Fastbot][2026-06-19 04:12:50.899] --> END POST (73-byte body)
[Fastbot][2026-06-19 04:12:51.049] <-- 200 OK  http://127.0.0.1:9008/jsonrpc/0 (149ms)
[Fastbot][2026-06-19 04:12:51.049] Content-Type: application/json
[Fastbot][2026-06-19 04:12:51.049] Date: Fri, 19 Jun 2026 08:12:51 GMT
[Fastbot][2026-06-19 04:12:51.049] Connection: keep-alive
[Fastbot][2026-06-19 04:12:51.050] Transfer-Encoding: chunked
[Fastbot][2026-06-19 04:12:51.050] 
[Fastbot][2026-06-19 04:12:51.050] {"jsonrpc":"2.0","id":1,"result":true}

[Fastbot][2026-06-19 04:12:51.050] <-- END HTTP (39-byte body)
[Fastbot][2026-06-19 04:12:51.580] [Proxy Server] Forwarding
[Fastbot][2026-06-19 04:12:51.581] --> POST http://127.0.0.1:9008/jsonrpc/0
[Fastbot][2026-06-19 04:12:51.581] Content-Type: application/json; charset=utf-8
[Fastbot][2026-06-19 04:12:51.581] Content-Length: 205
[Fastbot][2026-06-19 04:12:51.581] 
[Fastbot][2026-06-19 04:12:51.582] {"jsonrpc": "2.0", "id": 1, "method": "waitForExists", "params": [{"mask": 2097152, "childOrSibling": [], "childOrSiblingSelector": [], "resourceId": "it.feio.android.omninotes.alpha:id/fab_note"}, 20000]}
[Fastbot][2026-06-19 04:12:51.582] --> END POST (205-byte body)
[Fastbot][2026-06-19 04:12:51.771] <-- 200 OK  http://127.0.0.1:9008/jsonrpc/0 (188ms)
[Fastbot][2026-06-19 04:12:51.771] Content-Type: application/json
[Fastbot][2026-06-19 04:12:51.771] Date: Fri, 19 Jun 2026 08:12:51 GMT
[Fastbot][2026-06-19 04:12:51.771] Connection: keep-alive
[Fastbot][2026-06-19 04:12:51.771] Transfer-Encoding: chunked
[Fastbot][2026-06-19 04:12:51.771] 
[Fastbot][2026-06-19 04:12:51.771] {"jsonrpc":"2.0","id":1,"result":true}

[Fastbot][2026-06-19 04:12:51.771] <-- END HTTP (39-byte body)
[Fastbot][2026-06-19 04:12:51.813] [Proxy Server] Forwarding
[Fastbot][2026-06-19 04:12:51.814] --> POST http://127.0.0.1:9008/jsonrpc/0
[Fastbot][2026-06-19 04:12:51.814] Content-Type: application/json; charset=utf-8
[Fastbot][2026-06-19 04:12:51.814] Content-Length: 192
[Fastbot][2026-06-19 04:12:51.814] 
[Fastbot][2026-06-19 04:12:51.814] {"jsonrpc": "2.0", "id": 1, "method": "objInfo", "params": [{"mask": 2097152, "childOrSibling": [], "childOrSiblingSelector": [], "resourceId": "it.feio.android.omninotes.alpha:id/fab_note"}]}
[Fastbot][2026-06-19 04:12:51.815] --> END POST (192-byte body)
[Fastbot][2026-06-19 04:12:51.843] <-- 200 OK  http://127.0.0.1:9008/jsonrpc/0 (28ms)
[Fastbot][2026-06-19 04:12:51.843] Content-Type: application/json
[Fastbot][2026-06-19 04:12:51.843] Date: Fri, 19 Jun 2026 08:12:51 GMT
[Fastbot][2026-06-19 04:12:51.843] Connection: keep-alive
[Fastbot][2026-06-19 04:12:51.844] Transfer-Encoding: chunked
[Fastbot][2026-06-19 04:12:51.844] 
[Fastbot][2026-06-19 04:12:51.845] {"jsonrpc":"2.0","id":1,"result":{"bounds":{"bottom":1912,"left":878,"right":1037,"top":1753},"childCount":0,"className":"android.widget.ImageButton","contentDescription":null,"packageName":"it.feio.android.omninotes.alpha","resourceName":"it.feio.android.omninotes.alpha:id/fab_note","text":null,"vi...[truncated]
[Fastbot][2026-06-19 04:12:51.845] <-- END HTTP (523-byte body)
[Fastbot][2026-06-19 04:12:51.890] [Proxy Server] Detected script method: click
[Fastbot][2026-06-19 04:12:51.890] [Proxy Server] Forwarding
[Fastbot][2026-06-19 04:12:51.890] --> POST http://127.0.0.1:9008/jsonrpc/0
[Fastbot][2026-06-19 04:12:51.891] Content-Type: application/json; charset=utf-8
[Fastbot][2026-06-19 04:12:51.891] Content-Length: 73
[Fastbot][2026-06-19 04:12:51.891] 
[Fastbot][2026-06-19 04:12:51.892] {"jsonrpc": "2.0", "id": 1, "method": "click", "params": [957.5, 1832.5]}
[Fastbot][2026-06-19 04:12:51.892] --> END POST (73-byte body)
[Fastbot][2026-06-19 04:12:52.033] <-- 200 OK  http://127.0.0.1:9008/jsonrpc/0 (140ms)
[Fastbot][2026-06-19 04:12:52.033] Content-Type: application/json
[Fastbot][2026-06-19 04:12:52.033] Date: Fri, 19 Jun 2026 08:12:52 GMT
[Fastbot][2026-06-19 04:12:52.033] Connection: keep-alive
[Fastbot][2026-06-19 04:12:52.034] Transfer-Encoding: chunked
[Fastbot][2026-06-19 04:12:52.047] 
[Fastbot][2026-06-19 04:12:52.047] {"jsonrpc":"2.0","id":1,"result":true}

[Fastbot][2026-06-19 04:12:52.047] <-- END HTTP (39-byte body)
[Fastbot][2026-06-19 04:12:52.605] [Proxy Server] Forwarding
[Fastbot][2026-06-19 04:12:52.606] --> POST http://127.0.0.1:9008/jsonrpc/0
[Fastbot][2026-06-19 04:12:52.606] Content-Type: application/json; charset=utf-8
[Fastbot][2026-06-19 04:12:52.606] Content-Length: 209
[Fastbot][2026-06-19 04:12:52.606] 
[Fastbot][2026-06-19 04:12:52.606] {"jsonrpc": "2.0", "id": 1, "method": "waitForExists", "params": [{"mask": 2097152, "childOrSibling": [], "childOrSiblingSelector": [], "resourceId": "it.feio.android.omninotes.alpha:id/detail_title"}, 20000]}
[Fastbot][2026-06-19 04:12:52.606] --> END POST (209-byte body)
[Fastbot][2026-06-19 04:12:52.631] <-- 200 OK  http://127.0.0.1:9008/jsonrpc/0 (24ms)
[Fastbot][2026-06-19 04:12:52.631] Content-Type: application/json
[Fastbot][2026-06-19 04:12:52.631] Date: Fri, 19 Jun 2026 08:12:52 GMT
[Fastbot][2026-06-19 04:12:52.632] Connection: keep-alive
[Fastbot][2026-06-19 04:12:52.632] Transfer-Encoding: chunked
[Fastbot][2026-06-19 04:12:52.633] 
[Fastbot][2026-06-19 04:12:52.633] {"jsonrpc":"2.0","id":1,"result":true}

[Fastbot][2026-06-19 04:12:52.633] <-- END HTTP (39-byte body)
[Fastbot][2026-06-19 04:12:52.683] [Proxy Server] Detected script method: setText
[Fastbot][2026-06-19 04:12:52.684] [Proxy Server] Forwarding
[Fastbot][2026-06-19 04:12:52.684] --> POST http://127.0.0.1:9008/jsonrpc/0
[Fastbot][2026-06-19 04:12:52.684] Content-Type: application/json; charset=utf-8
[Fastbot][2026-06-19 04:12:52.684] Content-Length: 210
[Fastbot][2026-06-19 04:12:52.684] 
[Fastbot][2026-06-19 04:12:52.684] {"jsonrpc": "2.0", "id": 1, "method": "setText", "params": [{"mask": 2097152, "childOrSibling": [], "childOrSiblingSelector": [], "resourceId": "it.feio.android.omninotes.alpha:id/detail_title"}, "AMvYHFucum"]}
[Fastbot][2026-06-19 04:12:52.684] --> END POST (210-byte body)
[Fastbot][2026-06-19 04:12:52.777] <-- 200 OK  http://127.0.0.1:9008/jsonrpc/0 (92ms)
[Fastbot][2026-06-19 04:12:52.777] Content-Type: application/json
[Fastbot][2026-06-19 04:12:52.777] Date: Fri, 19 Jun 2026 08:12:52 GMT
[Fastbot][2026-06-19 04:12:52.777] Connection: keep-alive
[Fastbot][2026-06-19 04:12:52.777] Transfer-Encoding: chunked
[Fastbot][2026-06-19 04:12:52.778] 
[Fastbot][2026-06-19 04:12:52.779] {"jsonrpc":"2.0","id":1,"result":true}

[Fastbot][2026-06-19 04:12:52.779] <-- END HTTP (39-byte body)
[Fastbot][2026-06-19 04:12:52.823] [Proxy Server] Forwarding
[Fastbot][2026-06-19 04:12:52.823] --> POST http://127.0.0.1:9008/jsonrpc/0
[Fastbot][2026-06-19 04:12:52.824] Content-Type: application/json; charset=utf-8
[Fastbot][2026-06-19 04:12:52.824] Content-Length: 211
[Fastbot][2026-06-19 04:12:52.824] 
[Fastbot][2026-06-19 04:12:52.824] {"jsonrpc": "2.0", "id": 1, "method": "waitForExists", "params": [{"mask": 2097152, "childOrSibling": [], "childOrSiblingSelector": [], "resourceId": "it.feio.android.omninotes.alpha:id/detail_content"}, 20000]}
[Fastbot][2026-06-19 04:12:52.824] --> END POST (211-byte body)
[Fastbot][2026-06-19 04:12:52.838] <-- 200 OK  http://127.0.0.1:9008/jsonrpc/0 (13ms)
[Fastbot][2026-06-19 04:12:52.838] Content-Type: application/json
[Fastbot][2026-06-19 04:12:52.838] Date: Fri, 19 Jun 2026 08:12:52 GMT
[Fastbot][2026-06-19 04:12:52.838] Connection: keep-alive
[Fastbot][2026-06-19 04:12:52.839] Transfer-Encoding: chunked
[Fastbot][2026-06-19 04:12:52.839] 
[Fastbot][2026-06-19 04:12:52.839] {"jsonrpc":"2.0","id":1,"result":true}

[Fastbot][2026-06-19 04:12:52.839] <-- END HTTP (39-byte body)
[Fastbot][2026-06-19 04:12:52.855] [Proxy Server] Detected script method: setText
[Fastbot][2026-06-19 04:12:52.855] [Proxy Server] Forwarding
[Fastbot][2026-06-19 04:12:52.856] --> POST http://127.0.0.1:9008/jsonrpc/0
[Fastbot][2026-06-19 04:12:52.856] Content-Type: application/json; charset=utf-8
[Fastbot][2026-06-19 04:12:52.856] Content-Length: 214
[Fastbot][2026-06-19 04:12:52.856] 
[Fastbot][2026-06-19 04:12:52.856] {"jsonrpc": "2.0", "id": 1, "method": "setText", "params": [{"mask": 2097152, "childOrSibling": [], "childOrSiblingSelector": [], "resourceId": "it.feio.android.omninotes.alpha:id/detail_content"}, "test content"]}
[Fastbot][2026-06-19 04:12:52.856] --> END POST (214-byte body)
[Fastbot][2026-06-19 04:12:52.938] <-- 200 OK  http://127.0.0.1:9008/jsonrpc/0 (81ms)
[Fastbot][2026-06-19 04:12:52.938] Content-Type: application/json
[Fastbot][2026-06-19 04:12:52.939] Date: Fri, 19 Jun 2026 08:12:52 GMT
[Fastbot][2026-06-19 04:12:52.939] Connection: keep-alive
[Fastbot][2026-06-19 04:12:52.939] Transfer-Encoding: chunked
[Fastbot][2026-06-19 04:12:52.983] 
[Fastbot][2026-06-19 04:12:52.983] {"jsonrpc":"2.0","id":1,"result":true}

[Fastbot][2026-06-19 04:12:52.983] <-- END HTTP (39-byte body)
[Fastbot][2026-06-19 04:12:53.530] [Proxy Server] Forwarding
[Fastbot][2026-06-19 04:12:53.530] --> POST http://127.0.0.1:9008/jsonrpc/0
[Fastbot][2026-06-19 04:12:53.530] Content-Type: application/json; charset=utf-8
[Fastbot][2026-06-19 04:12:53.531] Content-Length: 210
[Fastbot][2026-06-19 04:12:53.531] 
[Fastbot][2026-06-19 04:12:53.531] {"jsonrpc": "2.0", "id": 1, "method": "waitForExists", "params": [{"mask": 2097152, "childOrSibling": [], "childOrSiblingSelector": [], "resourceId": "it.feio.android.omninotes.alpha:id/menu_category"}, 20000]}
[Fastbot][2026-06-19 04:12:53.531] --> END POST (210-byte body)
[Fastbot][2026-06-19 04:12:53.544] <-- 200 OK  http://127.0.0.1:9008/jsonrpc/0 (12ms)
[Fastbot][2026-06-19 04:12:53.544] Content-Type: application/json
[Fastbot][2026-06-19 04:12:53.545] Date: Fri, 19 Jun 2026 08:12:53 GMT
[Fastbot][2026-06-19 04:12:53.545] Connection: keep-alive
[Fastbot][2026-06-19 04:12:53.545] Transfer-Encoding: chunked
[Fastbot][2026-06-19 04:12:53.545] 
[Fastbot][2026-06-19 04:12:53.546] {"jsonrpc":"2.0","id":1,"result":true}

[Fastbot][2026-06-19 04:12:53.546] <-- END HTTP (39-byte body)
[Fastbot][2026-06-19 04:12:53.576] [Proxy Server] Forwarding
[Fastbot][2026-06-19 04:12:53.576] --> POST http://127.0.0.1:9008/jsonrpc/0
[Fastbot][2026-06-19 04:12:53.576] Content-Type: application/json; charset=utf-8
[Fastbot][2026-06-19 04:12:53.576] Content-Length: 197
[Fastbot][2026-06-19 04:12:53.576] 
[Fastbot][2026-06-19 04:12:53.577] {"jsonrpc": "2.0", "id": 1, "method": "objInfo", "params": [{"mask": 2097152, "childOrSibling": [], "childOrSiblingSelector": [], "resourceId": "it.feio.android.omninotes.alpha:id/menu_category"}]}
[Fastbot][2026-06-19 04:12:53.577] --> END POST (197-byte body)
[Fastbot][2026-06-19 04:12:53.606] <-- 200 OK  http://127.0.0.1:9008/jsonrpc/0 (29ms)
[Fastbot][2026-06-19 04:12:53.606] Content-Type: application/json
[Fastbot][2026-06-19 04:12:53.606] Date: Fri, 19 Jun 2026 08:12:53 GMT
[Fastbot][2026-06-19 04:12:53.606] Connection: keep-alive
[Fastbot][2026-06-19 04:12:53.606] Transfer-Encoding: chunked
[Fastbot][2026-06-19 04:12:53.653] 
[Fastbot][2026-06-19 04:12:53.653] {"jsonrpc":"2.0","id":1,"result":{"bounds":{"bottom":275,"left":573,"right":705,"top":143},"childCount":0,"className":"android.widget.Button","contentDescription":"Category","packageName":"it.feio.android.omninotes.alpha","resourceName":"it.feio.android.omninotes.alpha:id/menu_category","text":null,...[truncated]
[Fastbot][2026-06-19 04:12:53.653] <-- END HTTP (522-byte body)
[Fastbot][2026-06-19 04:12:53.668] [Proxy Server] Detected script method: click
[Fastbot][2026-06-19 04:12:53.669] [Proxy Server] Forwarding
[Fastbot][2026-06-19 04:12:53.669] --> POST http://127.0.0.1:9008/jsonrpc/0
[Fastbot][2026-06-19 04:12:53.669] Content-Type: application/json; charset=utf-8
[Fastbot][2026-06-19 04:12:53.670] Content-Length: 72
[Fastbot][2026-06-19 04:12:53.670] 
[Fastbot][2026-06-19 04:12:53.670] {"jsonrpc": "2.0", "id": 1, "method": "click", "params": [639.0, 209.0]}
[Fastbot][2026-06-19 04:12:53.671] --> END POST (72-byte body)
[Fastbot][2026-06-19 04:12:53.842] <-- 200 OK  http://127.0.0.1:9008/jsonrpc/0 (170ms)
[Fastbot][2026-06-19 04:12:53.843] Content-Type: application/json
[Fastbot][2026-06-19 04:12:53.843] Date: Fri, 19 Jun 2026 08:12:53 GMT
[Fastbot][2026-06-19 04:12:53.844] Connection: keep-alive
[Fastbot][2026-06-19 04:12:53.844] Transfer-Encoding: chunked
[Fastbot][2026-06-19 04:12:53.896] 
[Fastbot][2026-06-19 04:12:53.897] {"jsonrpc":"2.0","id":1,"result":true}

[Fastbot][2026-06-19 04:12:53.897] <-- END HTTP (39-byte body)
[Fastbot][2026-06-19 04:12:54.416] [Proxy Server] Forwarding
[Fastbot][2026-06-19 04:12:54.417] --> POST http://127.0.0.1:9008/jsonrpc/0
[Fastbot][2026-06-19 04:12:54.417] Content-Type: application/json; charset=utf-8
[Fastbot][2026-06-19 04:12:54.417] Content-Length: 221
[Fastbot][2026-06-19 04:12:54.417] 
[Fastbot][2026-06-19 04:12:54.417] {"jsonrpc": "2.0", "id": 1, "method": "waitForExists", "params": [{"mask": 2097152, "childOrSibling": [], "childOrSiblingSelector": [], "resourceId": "it.feio.android.omninotes.alpha:id/md_buttonDefaultPositive"}, 20000]}
[Fastbot][2026-06-19 04:12:54.417] --> END POST (221-byte body)
[Fastbot][2026-06-19 04:12:54.436] <-- 200 OK  http://127.0.0.1:9008/jsonrpc/0 (18ms)
[Fastbot][2026-06-19 04:12:54.437] Content-Type: application/json
[Fastbot][2026-06-19 04:12:54.437] Date: Fri, 19 Jun 2026 08:12:54 GMT
[Fastbot][2026-06-19 04:12:54.437] Connection: keep-alive
[Fastbot][2026-06-19 04:12:54.438] Transfer-Encoding: chunked
[Fastbot][2026-06-19 04:12:54.438] 
[Fastbot][2026-06-19 04:12:54.438] {"jsonrpc":"2.0","id":1,"result":true}

[Fastbot][2026-06-19 04:12:54.438] <-- END HTTP (39-byte body)
[Fastbot][2026-06-19 04:12:54.474] [Proxy Server] Forwarding
[Fastbot][2026-06-19 04:12:54.475] --> POST http://127.0.0.1:9008/jsonrpc/0
[Fastbot][2026-06-19 04:12:54.475] Content-Type: application/json; charset=utf-8
[Fastbot][2026-06-19 04:12:54.475] Content-Length: 208
[Fastbot][2026-06-19 04:12:54.475] 
[Fastbot][2026-06-19 04:12:54.475] {"jsonrpc": "2.0", "id": 1, "method": "objInfo", "params": [{"mask": 2097152, "childOrSibling": [], "childOrSiblingSelector": [], "resourceId": "it.feio.android.omninotes.alpha:id/md_buttonDefaultPositive"}]}
[Fastbot][2026-06-19 04:12:54.475] --> END POST (208-byte body)
[Fastbot][2026-06-19 04:12:54.508] <-- 200 OK  http://127.0.0.1:9008/jsonrpc/0 (31ms)
[Fastbot][2026-06-19 04:12:54.508] Content-Type: application/json
[Fastbot][2026-06-19 04:12:54.508] Date: Fri, 19 Jun 2026 08:12:54 GMT
[Fastbot][2026-06-19 04:12:54.508] Connection: keep-alive
[Fastbot][2026-06-19 04:12:54.509] Transfer-Encoding: chunked
[Fastbot][2026-06-19 04:12:54.509] 
[Fastbot][2026-06-19 04:12:54.510] {"jsonrpc":"2.0","id":1,"result":{"bounds":{"bottom":1306,"left":622,"right":915,"top":1240},"childCount":0,"className":"android.widget.TextView","contentDescription":null,"packageName":"it.feio.android.omninotes.alpha","resourceName":"it.feio.android.omninotes.alpha:id/md_buttonDefaultPositive","te...[truncated]
[Fastbot][2026-06-19 04:12:54.510] <-- END HTTP (544-byte body)
[Fastbot][2026-06-19 04:12:54.527] [Proxy Server] Detected script method: click
[Fastbot][2026-06-19 04:12:54.527] [Proxy Server] Forwarding
[Fastbot][2026-06-19 04:12:54.527] --> POST http://127.0.0.1:9008/jsonrpc/0
[Fastbot][2026-06-19 04:12:54.528] Content-Type: application/json; charset=utf-8
[Fastbot][2026-06-19 04:12:54.528] Content-Length: 73
[Fastbot][2026-06-19 04:12:54.528] 
[Fastbot][2026-06-19 04:12:54.528] {"jsonrpc": "2.0", "id": 1, "method": "click", "params": [768.5, 1273.0]}
[Fastbot][2026-06-19 04:12:54.528] --> END POST (73-byte body)
[Fastbot][2026-06-19 04:12:54.668] <-- 200 OK  http://127.0.0.1:9008/jsonrpc/0 (139ms)
[Fastbot][2026-06-19 04:12:54.668] // the top activity is it.feio.android.omninotes.CategoryActivity, phone capture activity is com.android.camera.CaptureActivity
[Fastbot][2026-06-19 04:12:54.668]     // Allowing start of Intent { cmp=it.feio.android.omninotes.alpha/it.feio.android.omninotes.CategoryActivity } in package it.feio.android.omninotes.alpha
[Fastbot][2026-06-19 04:12:54.668] Content-Type: application/json
[Fastbot][2026-06-19 04:12:54.669] Date: Fri, 19 Jun 2026 08:12:54 GMT
[Fastbot][2026-06-19 04:12:54.672] Connection: keep-alive
[Fastbot][2026-06-19 04:12:54.675] Transfer-Encoding: chunked
[Fastbot][2026-06-19 04:12:54.729] 
[Fastbot][2026-06-19 04:12:54.729] {"jsonrpc":"2.0","id":1,"result":true}

[Fastbot][2026-06-19 04:12:54.730] <-- END HTTP (39-byte body)
[Fastbot][2026-06-19 04:12:55.263] // [Script] current activity is it.feio.android.omninotes.CategoryActivity
[Fastbot][2026-06-19 04:12:55.263] [Proxy Server] Forwarding
[Fastbot][2026-06-19 04:12:55.264] --> POST http://127.0.0.1:9008/jsonrpc/0
[Fastbot][2026-06-19 04:12:55.264] Content-Type: application/json; charset=utf-8
[Fastbot][2026-06-19 04:12:55.264] Content-Length: 211
[Fastbot][2026-06-19 04:12:55.264] 
[Fastbot][2026-06-19 04:12:55.264] {"jsonrpc": "2.0", "id": 1, "method": "waitForExists", "params": [{"mask": 2097152, "childOrSibling": [], "childOrSiblingSelector": [], "resourceId": "it.feio.android.omninotes.alpha:id/category_title"}, 20000]}
[Fastbot][2026-06-19 04:12:55.264] --> END POST (211-byte body)
[Fastbot][2026-06-19 04:12:55.276] <-- 200 OK  http://127.0.0.1:9008/jsonrpc/0 (11ms)
[Fastbot][2026-06-19 04:12:55.276] Content-Type: application/json
[Fastbot][2026-06-19 04:12:55.276] Date: Fri, 19 Jun 2026 08:12:55 GMT
[Fastbot][2026-06-19 04:12:55.276] Connection: keep-alive
[Fastbot][2026-06-19 04:12:55.276] Transfer-Encoding: chunked
[Fastbot][2026-06-19 04:12:55.277] 
[Fastbot][2026-06-19 04:12:55.277] {"jsonrpc":"2.0","id":1,"result":true}

[Fastbot][2026-06-19 04:12:55.277] <-- END HTTP (39-byte body)
[Fastbot][2026-06-19 04:12:55.308] [Proxy Server] Detected script method: setText
[Fastbot][2026-06-19 04:12:55.308] [Proxy Server] Forwarding
[Fastbot][2026-06-19 04:12:55.309] --> POST http://127.0.0.1:9008/jsonrpc/0
[Fastbot][2026-06-19 04:12:55.309] Content-Type: application/json; charset=utf-8
[Fastbot][2026-06-19 04:12:55.309] Content-Length: 207
[Fastbot][2026-06-19 04:12:55.309] 
[Fastbot][2026-06-19 04:12:55.309] {"jsonrpc": "2.0", "id": 1, "method": "setText", "params": [{"mask": 2097152, "childOrSibling": [], "childOrSiblingSelector": [], "resourceId": "it.feio.android.omninotes.alpha:id/category_title"}, "MEzz8"]}
[Fastbot][2026-06-19 04:12:55.310] --> END POST (207-byte body)
[Fastbot][2026-06-19 04:12:55.400] <-- 200 OK  http://127.0.0.1:9008/jsonrpc/0 (89ms)
[Fastbot][2026-06-19 04:12:55.400] Content-Type: application/json
[Fastbot][2026-06-19 04:12:55.400] Date: Fri, 19 Jun 2026 08:12:55 GMT
[Fastbot][2026-06-19 04:12:55.400] Connection: keep-alive
[Fastbot][2026-06-19 04:12:55.400] Transfer-Encoding: chunked
[Fastbot][2026-06-19 04:12:55.401] 
[Fastbot][2026-06-19 04:12:55.401] {"jsonrpc":"2.0","id":1,"result":true}

[Fastbot][2026-06-19 04:12:55.401] <-- END HTTP (39-byte body)
[Fastbot][2026-06-19 04:12:55.449] [Proxy Server] Forwarding
[Fastbot][2026-06-19 04:12:55.450] --> POST http://127.0.0.1:9008/jsonrpc/0
[Fastbot][2026-06-19 04:12:55.450] Content-Type: application/json; charset=utf-8
[Fastbot][2026-06-19 04:12:55.450] Content-Length: 201
[Fastbot][2026-06-19 04:12:55.451] 
[Fastbot][2026-06-19 04:12:55.451] {"jsonrpc": "2.0", "id": 1, "method": "waitForExists", "params": [{"mask": 2097152, "childOrSibling": [], "childOrSiblingSelector": [], "resourceId": "it.feio.android.omninotes.alpha:id/save"}, 20000]}
[Fastbot][2026-06-19 04:12:55.452] --> END POST (201-byte body)
[Fastbot][2026-06-19 04:12:55.464] <-- 200 OK  http://127.0.0.1:9008/jsonrpc/0 (11ms)
[Fastbot][2026-06-19 04:12:55.465] Content-Type: application/json
[Fastbot][2026-06-19 04:12:55.465] Date: Fri, 19 Jun 2026 08:12:55 GMT
[Fastbot][2026-06-19 04:12:55.465] Connection: keep-alive
[Fastbot][2026-06-19 04:12:55.466] Transfer-Encoding: chunked
[Fastbot][2026-06-19 04:12:55.467] 
[Fastbot][2026-06-19 04:12:55.467] {"jsonrpc":"2.0","id":1,"result":true}

[Fastbot][2026-06-19 04:12:55.467] <-- END HTTP (39-byte body)
[Fastbot][2026-06-19 04:12:55.496] [Proxy Server] Forwarding
[Fastbot][2026-06-19 04:12:55.496] --> POST http://127.0.0.1:9008/jsonrpc/0
[Fastbot][2026-06-19 04:12:55.496] Content-Type: application/json; charset=utf-8
[Fastbot][2026-06-19 04:12:55.497] Content-Length: 188
[Fastbot][2026-06-19 04:12:55.497] 
[Fastbot][2026-06-19 04:12:55.498] {"jsonrpc": "2.0", "id": 1, "method": "objInfo", "params": [{"mask": 2097152, "childOrSibling": [], "childOrSiblingSelector": [], "resourceId": "it.feio.android.omninotes.alpha:id/save"}]}
[Fastbot][2026-06-19 04:12:55.498] --> END POST (188-byte body)
[Fastbot][2026-06-19 04:12:55.529] <-- 200 OK  http://127.0.0.1:9008/jsonrpc/0 (30ms)
[Fastbot][2026-06-19 04:12:55.529] Content-Type: application/json
[Fastbot][2026-06-19 04:12:55.530] Date: Fri, 19 Jun 2026 08:12:55 GMT
[Fastbot][2026-06-19 04:12:55.530] Connection: keep-alive
[Fastbot][2026-06-19 04:12:55.530] Transfer-Encoding: chunked
[Fastbot][2026-06-19 04:12:55.532] 
[Fastbot][2026-06-19 04:12:55.532] {"jsonrpc":"2.0","id":1,"result":{"bounds":{"bottom":1474,"left":543,"right":776,"top":1345},"childCount":0,"className":"android.widget.Button","contentDescription":null,"packageName":"it.feio.android.omninotes.alpha","resourceName":"it.feio.android.omninotes.alpha:id/save","text":"OK","visibleBound...[truncated]
[Fastbot][2026-06-19 04:12:55.533] <-- END HTTP (512-byte body)
[Fastbot][2026-06-19 04:12:55.591] [Proxy Server] Detected script method: click
[Fastbot][2026-06-19 04:12:55.592] [Proxy Server] Forwarding
[Fastbot][2026-06-19 04:12:55.592] --> POST http://127.0.0.1:9008/jsonrpc/0
[Fastbot][2026-06-19 04:12:55.592] Content-Type: application/json; charset=utf-8
[Fastbot][2026-06-19 04:12:55.593] Content-Length: 73
[Fastbot][2026-06-19 04:12:55.593] 
[Fastbot][2026-06-19 04:12:55.593] {"jsonrpc": "2.0", "id": 1, "method": "click", "params": [659.5, 1409.5]}
[Fastbot][2026-06-19 04:12:55.594] --> END POST (73-byte body)
[Fastbot][2026-06-19 04:12:55.748] <-- 200 OK  http://127.0.0.1:9008/jsonrpc/0 (153ms)
[Fastbot][2026-06-19 04:12:55.748] Content-Type: application/json
[Fastbot][2026-06-19 04:12:55.748] Date: Fri, 19 Jun 2026 08:12:55 GMT
[Fastbot][2026-06-19 04:12:55.748] Connection: keep-alive
[Fastbot][2026-06-19 04:12:55.749] Transfer-Encoding: chunked
[Fastbot][2026-06-19 04:12:55.750] 
[Fastbot][2026-06-19 04:12:55.750] {"jsonrpc":"2.0","id":1,"result":true}

[Fastbot][2026-06-19 04:12:55.750] <-- END HTTP (39-byte body)
[Fastbot][2026-06-19 04:12:55.758]     // activityResuming(it.feio.android.omninotes.alpha)
[Fastbot][2026-06-19 04:12:56.292] // [Script] current activity is it.feio.android.omninotes.MainActivity
[Fastbot][2026-06-19 04:12:56.292] [Proxy Server] Forwarding
[Fastbot][2026-06-19 04:12:56.292] --> POST http://127.0.0.1:9008/jsonrpc/0
[Fastbot][2026-06-19 04:12:56.293] Content-Type: application/json; charset=utf-8
[Fastbot][2026-06-19 04:12:56.293] Content-Length: 169
[Fastbot][2026-06-19 04:12:56.293] 
[Fastbot][2026-06-19 04:12:56.294] {"jsonrpc": "2.0", "id": 1, "method": "waitForExists", "params": [{"mask": 64, "childOrSibling": [], "childOrSiblingSelector": [], "description": "drawer open"}, 20000]}
[Fastbot][2026-06-19 04:12:56.294] --> END POST (169-byte body)
[Fastbot][2026-06-19 04:12:56.309] <-- 200 OK  http://127.0.0.1:9008/jsonrpc/0 (15ms)
[Fastbot][2026-06-19 04:12:56.309] Content-Type: application/json
[Fastbot][2026-06-19 04:12:56.309] Date: Fri, 19 Jun 2026 08:12:56 GMT
[Fastbot][2026-06-19 04:12:56.309] Connection: keep-alive
[Fastbot][2026-06-19 04:12:56.310] Transfer-Encoding: chunked
[Fastbot][2026-06-19 04:12:56.310] 
[Fastbot][2026-06-19 04:12:56.311] {"jsonrpc":"2.0","id":1,"result":true}

[Fastbot][2026-06-19 04:12:56.311] <-- END HTTP (39-byte body)
[Fastbot][2026-06-19 04:12:56.354] [Proxy Server] Forwarding
[Fastbot][2026-06-19 04:12:56.354] --> POST http://127.0.0.1:9008/jsonrpc/0
[Fastbot][2026-06-19 04:12:56.354] Content-Type: application/json; charset=utf-8
[Fastbot][2026-06-19 04:12:56.354] Content-Length: 156
[Fastbot][2026-06-19 04:12:56.354] 
[Fastbot][2026-06-19 04:12:56.354] {"jsonrpc": "2.0", "id": 1, "method": "objInfo", "params": [{"mask": 64, "childOrSibling": [], "childOrSiblingSelector": [], "description": "drawer open"}]}
[Fastbot][2026-06-19 04:12:56.354] --> END POST (156-byte body)
[Fastbot][2026-06-19 04:12:56.382] <-- 200 OK  http://127.0.0.1:9008/jsonrpc/0 (27ms)
[Fastbot][2026-06-19 04:12:56.382] Content-Type: application/json
[Fastbot][2026-06-19 04:12:56.382] Date: Fri, 19 Jun 2026 08:12:56 GMT
[Fastbot][2026-06-19 04:12:56.382] Connection: keep-alive
[Fastbot][2026-06-19 04:12:56.382] Transfer-Encoding: chunked
[Fastbot][2026-06-19 04:12:56.383] 
[Fastbot][2026-06-19 04:12:56.383] {"jsonrpc":"2.0","id":1,"result":{"bounds":{"bottom":286,"left":0,"right":154,"top":132},"childCount":0,"className":"android.widget.ImageButton","contentDescription":"drawer open","packageName":"it.feio.android.omninotes.alpha","resourceName":null,"text":null,"visibleBounds":{"bottom":286,"left":0,"...[truncated]
[Fastbot][2026-06-19 04:12:56.383] <-- END HTTP (481-byte body)
[Fastbot][2026-06-19 04:12:56.416] [Proxy Server] Detected script method: click
[Fastbot][2026-06-19 04:12:56.417] [Proxy Server] Forwarding
[Fastbot][2026-06-19 04:12:56.417] --> POST http://127.0.0.1:9008/jsonrpc/0
[Fastbot][2026-06-19 04:12:56.417] Content-Type: application/json; charset=utf-8
[Fastbot][2026-06-19 04:12:56.417] Content-Length: 71
[Fastbot][2026-06-19 04:12:56.418] 
[Fastbot][2026-06-19 04:12:56.418] {"jsonrpc": "2.0", "id": 1, "method": "click", "params": [77.0, 209.0]}
[Fastbot][2026-06-19 04:12:56.418] --> END POST (71-byte body)
[Fastbot][2026-06-19 04:12:56.555] <-- 200 OK  http://127.0.0.1:9008/jsonrpc/0 (137ms)
[Fastbot][2026-06-19 04:12:56.555] Content-Type: application/json
[Fastbot][2026-06-19 04:12:56.556] Date: Fri, 19 Jun 2026 08:12:56 GMT
[Fastbot][2026-06-19 04:12:56.556] Connection: keep-alive
[Fastbot][2026-06-19 04:12:56.556] Transfer-Encoding: chunked
[Fastbot][2026-06-19 04:12:56.557] 
[Fastbot][2026-06-19 04:12:56.557] {"jsonrpc":"2.0","id":1,"result":true}

[Fastbot][2026-06-19 04:12:56.557] <-- END HTTP (39-byte body)
[Fastbot][2026-06-19 04:12:57.096] [Proxy Server] Forwarding
[Fastbot][2026-06-19 04:12:57.097] --> POST http://127.0.0.1:9008/jsonrpc/0
[Fastbot][2026-06-19 04:12:57.098] Content-Type: application/json; charset=utf-8
[Fastbot][2026-06-19 04:12:57.098] Content-Length: 214
[Fastbot][2026-06-19 04:12:57.098] 
[Fastbot][2026-06-19 04:12:57.099] {"jsonrpc": "2.0", "id": 1, "method": "exist", "params": [{"mask": 2097153, "childOrSibling": [], "childOrSiblingSelector": [], "resourceId": "it.feio.android.omninotes.alpha:id/note_title", "text": "AMvYHFucum"}]}
[Fastbot][2026-06-19 04:12:57.100] --> END POST (214-byte body)
[Fastbot][2026-06-19 04:12:57.226] <-- 200 OK  http://127.0.0.1:9008/jsonrpc/0 (125ms)
[Fastbot][2026-06-19 04:12:57.227] Content-Type: application/json
[Fastbot][2026-06-19 04:12:57.228] Date: Fri, 19 Jun 2026 08:12:57 GMT
[Fastbot][2026-06-19 04:12:57.228] Connection: keep-alive
[Fastbot][2026-06-19 04:12:57.228] Transfer-Encoding: chunked
[Fastbot][2026-06-19 04:12:57.229] 
[Fastbot][2026-06-19 04:12:57.230] {"jsonrpc":"2.0","id":1,"result":true}

[Fastbot][2026-06-19 04:12:57.230] <-- END HTTP (39-byte body)
[Fastbot][2026-06-19 04:12:57.509] --> POST http://127.0.0.1:9008/jsonrpc/0
[Fastbot][2026-06-19 04:12:57.509] Content-Type: application/json; charset=utf-8
[Fastbot][2026-06-19 04:12:57.509] Content-Length: 75
[Fastbot][2026-06-19 04:12:57.509] 
[Fastbot][2026-06-19 04:12:57.509] {"id":1,"jsonrpc":"2.0","method":"dumpWindowHierarchy","params":[false,50]}
[Fastbot][2026-06-19 04:12:57.509] --> END POST (75-byte body)
[Fastbot][2026-06-19 04:12:57.679] <-- 200 OK  http://127.0.0.1:9008/jsonrpc/0 (169ms)
[Fastbot][2026-06-19 04:12:57.679] Content-Type: application/json
[Fastbot][2026-06-19 04:12:57.679] Date: Fri, 19 Jun 2026 08:12:57 GMT
[Fastbot][2026-06-19 04:12:57.679] Connection: keep-alive
[Fastbot][2026-06-19 04:12:57.680] Transfer-Encoding: chunked
[Fastbot][2026-06-19 04:12:57.681] 
[Fastbot][2026-06-19 04:12:57.682] {"jsonrpc":"2.0","id":1,"result":"<?xml version='1.0' encoding='UTF-8' standalone='yes' ?>\r\n<hierarchy rotation=\"0\">\r\n  <node index=\"0\" text=\"\" resource-id=\"com.android.systemui:id/navigation_bar_frame\" class=\"android.widget.FrameLayout\" package=\"com.android.systemui\" content-desc=\"...[truncated]
[Fastbot][2026-06-19 04:12:57.682] <-- END HTTP (55276-byte body)
[Fastbot][2026-06-19 04:12:57.720] [Proxy Server] Forwarding
[Fastbot][2026-06-19 04:12:57.720] --> POST http://127.0.0.1:9008/jsonrpc/0
[Fastbot][2026-06-19 04:12:57.720] Content-Type: application/json; charset=utf-8
[Fastbot][2026-06-19 04:12:57.720] Content-Length: 211
[Fastbot][2026-06-19 04:12:57.721] 
[Fastbot][2026-06-19 04:12:57.721] {"jsonrpc": "2.0", "id": 1, "method": "waitForExists", "params": [{"mask": 80, "childOrSibling": [], "childOrSiblingSelector": [], "className": "android.widget.ImageView", "description": "More options"}, 20000]}
[Fastbot][2026-06-19 04:12:57.721] --> END POST (211-byte body)
[Fastbot][2026-06-19 04:12:57.742] <-- 200 OK  http://127.0.0.1:9008/jsonrpc/0 (21ms)
[Fastbot][2026-06-19 04:12:57.743] Content-Type: application/json
[Fastbot][2026-06-19 04:12:57.743] Date: Fri, 19 Jun 2026 08:12:57 GMT
[Fastbot][2026-06-19 04:12:57.743] Connection: keep-alive
[Fastbot][2026-06-19 04:12:57.743] Transfer-Encoding: chunked
[Fastbot][2026-06-19 04:12:57.744] 
[Fastbot][2026-06-19 04:12:57.744] {"jsonrpc":"2.0","id":1,"result":true}

[Fastbot][2026-06-19 04:12:57.744] <-- END HTTP (39-byte body)
[Fastbot][2026-06-19 04:12:57.789] [Proxy Server] Forwarding
[Fastbot][2026-06-19 04:12:57.789] --> POST http://127.0.0.1:9008/jsonrpc/0
[Fastbot][2026-06-19 04:12:57.790] Content-Type: application/json; charset=utf-8
[Fastbot][2026-06-19 04:12:57.790] Content-Length: 198
[Fastbot][2026-06-19 04:12:57.790] 
[Fastbot][2026-06-19 04:12:57.791] {"jsonrpc": "2.0", "id": 1, "method": "objInfo", "params": [{"mask": 80, "childOrSibling": [], "childOrSiblingSelector": [], "className": "android.widget.ImageView", "description": "More options"}]}
[Fastbot][2026-06-19 04:12:57.791] --> END POST (198-byte body)
[Fastbot][2026-06-19 04:12:57.824] <-- 200 OK  http://127.0.0.1:9008/jsonrpc/0 (30ms)
[Fastbot][2026-06-19 04:12:57.824] Content-Type: application/json
[Fastbot][2026-06-19 04:12:57.824] Date: Fri, 19 Jun 2026 08:12:57 GMT
[Fastbot][2026-06-19 04:12:57.824] Connection: keep-alive
[Fastbot][2026-06-19 04:12:57.824] Transfer-Encoding: chunked
[Fastbot][2026-06-19 04:12:57.826] 
[Fastbot][2026-06-19 04:12:57.826] {"jsonrpc":"2.0","id":1,"result":{"bounds":{"bottom":275,"left":969,"right":1080,"top":143},"childCount":0,"className":"android.widget.ImageView","contentDescription":"More options","packageName":"it.feio.android.omninotes.alpha","resourceName":null,"text":null,"visibleBounds":{"bottom":275,"left":9...[truncated]
[Fastbot][2026-06-19 04:12:57.826] <-- END HTTP (485-byte body)
[Fastbot][2026-06-19 04:12:57.853] [Proxy Server] Detected script method: click
[Fastbot][2026-06-19 04:12:57.853] [Proxy Server] Forwarding
[Fastbot][2026-06-19 04:12:57.853] --> POST http://127.0.0.1:9008/jsonrpc/0
[Fastbot][2026-06-19 04:12:57.854] Content-Type: application/json; charset=utf-8
[Fastbot][2026-06-19 04:12:57.854] Content-Length: 73
[Fastbot][2026-06-19 04:12:57.854] 
[Fastbot][2026-06-19 04:12:57.854] {"jsonrpc": "2.0", "id": 1, "method": "click", "params": [1024.5, 209.0]}
[Fastbot][2026-06-19 04:12:57.854] --> END POST (73-byte body)
[Fastbot][2026-06-19 04:12:57.992] <-- 200 OK  http://127.0.0.1:9008/jsonrpc/0 (137ms)
[Fastbot][2026-06-19 04:12:57.993] Content-Type: application/json
[Fastbot][2026-06-19 04:12:57.993] Date: Fri, 19 Jun 2026 08:12:57 GMT
[Fastbot][2026-06-19 04:12:57.993] Connection: keep-alive
[Fastbot][2026-06-19 04:12:57.993] Transfer-Encoding: chunked
[Fastbot][2026-06-19 04:12:58.042] 
[Fastbot][2026-06-19 04:12:58.042] {"jsonrpc":"2.0","id":1,"result":true}

[Fastbot][2026-06-19 04:12:58.042] <-- END HTTP (39-byte body)
[Fastbot][2026-06-19 04:12:58.588] [Proxy Server] Forwarding
[Fastbot][2026-06-19 04:12:58.588] --> POST http://127.0.0.1:9008/jsonrpc/0
[Fastbot][2026-06-19 04:12:58.589] Content-Type: application/json; charset=utf-8
[Fastbot][2026-06-19 04:12:58.589] Content-Length: 226
[Fastbot][2026-06-19 04:12:58.589] 
[Fastbot][2026-06-19 04:12:58.589] {"jsonrpc": "2.0", "id": 1, "method": "waitForExists", "params": [{"mask": 2097153, "childOrSibling": [], "childOrSiblingSelector": [], "resourceId": "it.feio.android.omninotes.alpha:id/title", "text": "Reduced view"}, 20000]}
[Fastbot][2026-06-19 04:12:58.589] --> END POST (226-byte body)
[Fastbot][2026-06-19 04:12:58.628] <-- 200 OK  http://127.0.0.1:9008/jsonrpc/0 (38ms)
[Fastbot][2026-06-19 04:12:58.629] Content-Type: application/json
[Fastbot][2026-06-19 04:12:58.629] Date: Fri, 19 Jun 2026 08:12:58 GMT
[Fastbot][2026-06-19 04:12:58.629] Connection: keep-alive
[Fastbot][2026-06-19 04:12:58.630] Transfer-Encoding: chunked
[Fastbot][2026-06-19 04:12:58.631] 
[Fastbot][2026-06-19 04:12:58.631] {"jsonrpc":"2.0","id":1,"result":true}

[Fastbot][2026-06-19 04:12:58.631] <-- END HTTP (39-byte body)
[Fastbot][2026-06-19 04:12:58.664] [Proxy Server] Forwarding
[Fastbot][2026-06-19 04:12:58.664] --> POST http://127.0.0.1:9008/jsonrpc/0
[Fastbot][2026-06-19 04:12:58.665] Content-Type: application/json; charset=utf-8
[Fastbot][2026-06-19 04:12:58.665] Content-Length: 213
[Fastbot][2026-06-19 04:12:58.665] 
[Fastbot][2026-06-19 04:12:58.665] {"jsonrpc": "2.0", "id": 1, "method": "objInfo", "params": [{"mask": 2097153, "childOrSibling": [], "childOrSiblingSelector": [], "resourceId": "it.feio.android.omninotes.alpha:id/title", "text": "Reduced view"}]}
[Fastbot][2026-06-19 04:12:58.665] --> END POST (213-byte body)
[Fastbot][2026-06-19 04:12:58.992] <-- 200 OK  http://127.0.0.1:9008/jsonrpc/0 (326ms)
[Fastbot][2026-06-19 04:12:58.992] Content-Type: application/json
[Fastbot][2026-06-19 04:12:58.992] Date: Fri, 19 Jun 2026 08:12:58 GMT
[Fastbot][2026-06-19 04:12:58.993] Connection: keep-alive
[Fastbot][2026-06-19 04:12:58.993] Transfer-Encoding: chunked
[Fastbot][2026-06-19 04:12:58.994] 
[Fastbot][2026-06-19 04:12:58.994] {"jsonrpc":"2.0","id":1,"result":{"bounds":{"bottom":261,"left":574,"right":1025,"top":202},"childCount":0,"className":"android.widget.TextView","contentDescription":null,"packageName":"it.feio.android.omninotes.alpha","resourceName":"it.feio.android.omninotes.alpha:id/title","text":"Reduced view","...[truncated]
[Fastbot][2026-06-19 04:12:58.994] <-- END HTTP (525-byte body)
[Fastbot][2026-06-19 04:12:59.022] [Proxy Server] Detected script method: click
[Fastbot][2026-06-19 04:12:59.023] [Proxy Server] Forwarding
[Fastbot][2026-06-19 04:12:59.023] --> POST http://127.0.0.1:9008/jsonrpc/0
[Fastbot][2026-06-19 04:12:59.023] Content-Type: application/json; charset=utf-8
[Fastbot][2026-06-19 04:12:59.024] Content-Length: 72
[Fastbot][2026-06-19 04:12:59.024] 
[Fastbot][2026-06-19 04:12:59.024] {"jsonrpc": "2.0", "id": 1, "method": "click", "params": [799.5, 231.5]}
[Fastbot][2026-06-19 04:12:59.024] --> END POST (72-byte body)
[Fastbot][2026-06-19 04:12:59.157] <-- 200 OK  http://127.0.0.1:9008/jsonrpc/0 (132ms)
[Fastbot][2026-06-19 04:12:59.157] Content-Type: application/json
[Fastbot][2026-06-19 04:12:59.157] Date: Fri, 19 Jun 2026 08:12:59 GMT
[Fastbot][2026-06-19 04:12:59.157] Connection: keep-alive
[Fastbot][2026-06-19 04:12:59.157] Transfer-Encoding: chunked
[Fastbot][2026-06-19 04:12:59.213] 
[Fastbot][2026-06-19 04:12:59.213] {"jsonrpc":"2.0","id":1,"result":true}

[Fastbot][2026-06-19 04:12:59.213] <-- END HTTP (39-byte body)
[Fastbot][2026-06-19 04:12:59.741] [Proxy Server] Forwarding
[Fastbot][2026-06-19 04:12:59.742] --> POST http://127.0.0.1:9008/jsonrpc/0
[Fastbot][2026-06-19 04:12:59.742] Content-Type: application/json; charset=utf-8
[Fastbot][2026-06-19 04:12:59.742] Content-Length: 211
[Fastbot][2026-06-19 04:12:59.743] 
[Fastbot][2026-06-19 04:12:59.743] {"jsonrpc": "2.0", "id": 1, "method": "waitForExists", "params": [{"mask": 80, "childOrSibling": [], "childOrSiblingSelector": [], "className": "android.widget.ImageView", "description": "More options"}, 20000]}
[Fastbot][2026-06-19 04:12:59.743] --> END POST (211-byte body)
[Fastbot][2026-06-19 04:12:59.761] <-- 200 OK  http://127.0.0.1:9008/jsonrpc/0 (18ms)
[Fastbot][2026-06-19 04:12:59.762] Content-Type: application/json
[Fastbot][2026-06-19 04:12:59.762] Date: Fri, 19 Jun 2026 08:12:59 GMT
[Fastbot][2026-06-19 04:12:59.762] Connection: keep-alive
[Fastbot][2026-06-19 04:12:59.763] Transfer-Encoding: chunked
[Fastbot][2026-06-19 04:12:59.763] 
[Fastbot][2026-06-19 04:12:59.763] {"jsonrpc":"2.0","id":1,"result":true}

[Fastbot][2026-06-19 04:12:59.764] <-- END HTTP (39-byte body)
[Fastbot][2026-06-19 04:12:59.803] [Proxy Server] Forwarding
[Fastbot][2026-06-19 04:12:59.804] --> POST http://127.0.0.1:9008/jsonrpc/0
[Fastbot][2026-06-19 04:12:59.804] Content-Type: application/json; charset=utf-8
[Fastbot][2026-06-19 04:12:59.804] Content-Length: 198
[Fastbot][2026-06-19 04:12:59.805] 
[Fastbot][2026-06-19 04:12:59.805] {"jsonrpc": "2.0", "id": 1, "method": "objInfo", "params": [{"mask": 80, "childOrSibling": [], "childOrSiblingSelector": [], "className": "android.widget.ImageView", "description": "More options"}]}
[Fastbot][2026-06-19 04:12:59.805] --> END POST (198-byte body)
[Fastbot][2026-06-19 04:12:59.833] <-- 200 OK  http://127.0.0.1:9008/jsonrpc/0 (27ms)
[Fastbot][2026-06-19 04:12:59.833] Content-Type: application/json
[Fastbot][2026-06-19 04:12:59.834] Date: Fri, 19 Jun 2026 08:12:59 GMT
[Fastbot][2026-06-19 04:12:59.834] Connection: keep-alive
[Fastbot][2026-06-19 04:12:59.834] Transfer-Encoding: chunked
[Fastbot][2026-06-19 04:12:59.835] 
[Fastbot][2026-06-19 04:12:59.836] {"jsonrpc":"2.0","id":1,"result":{"bounds":{"bottom":275,"left":969,"right":1080,"top":143},"childCount":0,"className":"android.widget.ImageView","contentDescription":"More options","packageName":"it.feio.android.omninotes.alpha","resourceName":null,"text":null,"visibleBounds":{"bottom":275,"left":9...[truncated]
[Fastbot][2026-06-19 04:12:59.836] <-- END HTTP (485-byte body)
[Fastbot][2026-06-19 04:12:59.867] [Proxy Server] Detected script method: click
[Fastbot][2026-06-19 04:12:59.867] [Proxy Server] Forwarding
[Fastbot][2026-06-19 04:12:59.868] --> POST http://127.0.0.1:9008/jsonrpc/0
[Fastbot][2026-06-19 04:12:59.868] Content-Type: application/json; charset=utf-8
[Fastbot][2026-06-19 04:12:59.868] Content-Length: 73
[Fastbot][2026-06-19 04:12:59.869] 
[Fastbot][2026-06-19 04:12:59.869] {"jsonrpc": "2.0", "id": 1, "method": "click", "params": [1024.5, 209.0]}
[Fastbot][2026-06-19 04:12:59.870] --> END POST (73-byte body)
[Fastbot][2026-06-19 04:13:00.022] <-- 200 OK  http://127.0.0.1:9008/jsonrpc/0 (151ms)
[Fastbot][2026-06-19 04:13:00.022] Content-Type: application/json
[Fastbot][2026-06-19 04:13:00.022] Date: Fri, 19 Jun 2026 08:13:00 GMT
[Fastbot][2026-06-19 04:13:00.023] Connection: keep-alive
[Fastbot][2026-06-19 04:13:00.023] Transfer-Encoding: chunked
[Fastbot][2026-06-19 04:13:00.024] 
[Fastbot][2026-06-19 04:13:00.024] {"jsonrpc":"2.0","id":1,"result":true}

[Fastbot][2026-06-19 04:13:00.024] <-- END HTTP (39-byte body)
[Fastbot][2026-06-19 04:13:00.556] [Proxy Server] Forwarding
[Fastbot][2026-06-19 04:13:00.556] --> POST http://127.0.0.1:9008/jsonrpc/0
[Fastbot][2026-06-19 04:13:00.556] Content-Type: application/json; charset=utf-8
[Fastbot][2026-06-19 04:13:00.556] Content-Length: 227
[Fastbot][2026-06-19 04:13:00.556] 
[Fastbot][2026-06-19 04:13:00.556] {"jsonrpc": "2.0", "id": 1, "method": "waitForExists", "params": [{"mask": 2097153, "childOrSibling": [], "childOrSiblingSelector": [], "resourceId": "it.feio.android.omninotes.alpha:id/title", "text": "Expanded view"}, 20000]}
[Fastbot][2026-06-19 04:13:00.557] --> END POST (227-byte body)
[Fastbot][2026-06-19 04:13:00.570] <-- 200 OK  http://127.0.0.1:9008/jsonrpc/0 (13ms)
[Fastbot][2026-06-19 04:13:00.570] Content-Type: application/json
[Fastbot][2026-06-19 04:13:00.570] Date: Fri, 19 Jun 2026 08:13:00 GMT
[Fastbot][2026-06-19 04:13:00.570] Connection: keep-alive
[Fastbot][2026-06-19 04:13:00.571] Transfer-Encoding: chunked
[Fastbot][2026-06-19 04:13:00.571] 
[Fastbot][2026-06-19 04:13:00.571] {"jsonrpc":"2.0","id":1,"result":true}

[Fastbot][2026-06-19 04:13:00.571] <-- END HTTP (39-byte body)
[Fastbot][2026-06-19 04:13:00.617] [Proxy Server] Forwarding
[Fastbot][2026-06-19 04:13:00.618] --> POST http://127.0.0.1:9008/jsonrpc/0
[Fastbot][2026-06-19 04:13:00.618] Content-Type: application/json; charset=utf-8
[Fastbot][2026-06-19 04:13:00.618] Content-Length: 214
[Fastbot][2026-06-19 04:13:00.618] 
[Fastbot][2026-06-19 04:13:00.618] {"jsonrpc": "2.0", "id": 1, "method": "objInfo", "params": [{"mask": 2097153, "childOrSibling": [], "childOrSiblingSelector": [], "resourceId": "it.feio.android.omninotes.alpha:id/title", "text": "Expanded view"}]}
[Fastbot][2026-06-19 04:13:00.618] --> END POST (214-byte body)
[Fastbot][2026-06-19 04:13:00.645] <-- 200 OK  http://127.0.0.1:9008/jsonrpc/0 (26ms)
[Fastbot][2026-06-19 04:13:00.645] Content-Type: application/json
[Fastbot][2026-06-19 04:13:00.645] Date: Fri, 19 Jun 2026 08:13:00 GMT
[Fastbot][2026-06-19 04:13:00.645] Connection: keep-alive
[Fastbot][2026-06-19 04:13:00.645] Transfer-Encoding: chunked
[Fastbot][2026-06-19 04:13:00.646] 
[Fastbot][2026-06-19 04:13:00.646] {"jsonrpc":"2.0","id":1,"result":{"bounds":{"bottom":261,"left":574,"right":1025,"top":202},"childCount":0,"className":"android.widget.TextView","contentDescription":null,"packageName":"it.feio.android.omninotes.alpha","resourceName":"it.feio.android.omninotes.alpha:id/title","text":"Expanded view",...[truncated]
[Fastbot][2026-06-19 04:13:00.646] <-- END HTTP (526-byte body)
[Fastbot][2026-06-19 04:13:00.680] [Proxy Server] Detected script method: click
[Fastbot][2026-06-19 04:13:00.681] [Proxy Server] Forwarding
[Fastbot][2026-06-19 04:13:00.681] --> POST http://127.0.0.1:9008/jsonrpc/0
[Fastbot][2026-06-19 04:13:00.681] Content-Type: application/json; charset=utf-8
[Fastbot][2026-06-19 04:13:00.681] Content-Length: 72
[Fastbot][2026-06-19 04:13:00.682] 
[Fastbot][2026-06-19 04:13:00.682] {"jsonrpc": "2.0", "id": 1, "method": "click", "params": [799.5, 231.5]}
[Fastbot][2026-06-19 04:13:00.682] --> END POST (72-byte body)
[Fastbot][2026-06-19 04:13:00.825] <-- 200 OK  http://127.0.0.1:9008/jsonrpc/0 (142ms)
[Fastbot][2026-06-19 04:13:00.826] Content-Type: application/json
[Fastbot][2026-06-19 04:13:00.826] Date: Fri, 19 Jun 2026 08:13:00 GMT
[Fastbot][2026-06-19 04:13:00.826] Connection: keep-alive
[Fastbot][2026-06-19 04:13:00.826] Transfer-Encoding: chunked
[Fastbot][2026-06-19 04:13:00.826] 
[Fastbot][2026-06-19 04:13:00.826] {"jsonrpc":"2.0","id":1,"result":true}

[Fastbot][2026-06-19 04:13:00.826] <-- END HTTP (39-byte body)
[Fastbot][2026-06-19 04:13:01.609] --> POST http://127.0.0.1:9008/jsonrpc/0
[Fastbot][2026-06-19 04:13:01.609] Content-Type: application/json; charset=utf-8
[Fastbot][2026-06-19 04:13:01.609] Content-Length: 75
[Fastbot][2026-06-19 04:13:01.609] 
[Fastbot][2026-06-19 04:13:01.609] {"id":1,"jsonrpc":"2.0","method":"dumpWindowHierarchy","params":[false,50]}
[Fastbot][2026-06-19 04:13:01.611] --> END POST (75-byte body)
[Fastbot][2026-06-19 04:13:01.669] <-- 200 OK  http://127.0.0.1:9008/jsonrpc/0 (56ms)
[Fastbot][2026-06-19 04:13:01.669] Content-Type: application/json
[Fastbot][2026-06-19 04:13:01.669] Date: Fri, 19 Jun 2026 08:13:01 GMT
[Fastbot][2026-06-19 04:13:01.669] Connection: keep-alive
[Fastbot][2026-06-19 04:13:01.669] Transfer-Encoding: chunked
[Fastbot][2026-06-19 04:13:01.676] 
[Fastbot][2026-06-19 04:13:01.676] {"jsonrpc":"2.0","id":1,"result":"<?xml version='1.0' encoding='UTF-8' standalone='yes' ?>\r\n<hierarchy rotation=\"0\">\r\n  <node index=\"0\" text=\"\" resource-id=\"com.android.systemui:id/navigation_bar_frame\" class=\"android.widget.FrameLayout\" package=\"com.android.systemui\" content-desc=\"...[truncated]
[Fastbot][2026-06-19 04:13:01.676] <-- END HTTP (53907-byte body)
[Fastbot][2026-06-19 04:13:01.753] [Proxy Server] Forwarding
[Fastbot][2026-06-19 04:13:01.753] --> POST http://127.0.0.1:9008/jsonrpc/0
[Fastbot][2026-06-19 04:13:01.753] Content-Type: application/json; charset=utf-8
[Fastbot][2026-06-19 04:13:01.754] Content-Length: 219
[Fastbot][2026-06-19 04:13:01.754] 
[Fastbot][2026-06-19 04:13:01.754] {"jsonrpc": "2.0", "id": 1, "method": "waitForExists", "params": [{"mask": 2097152, "childOrSibling": [], "childOrSiblingSelector": [], "resourceId": "it.feio.android.omninotes.alpha:id/fab_expand_menu_button"}, 20000]}
[Fastbot][2026-06-19 04:13:01.754] --> END POST (219-byte body)
[Fastbot][2026-06-19 04:13:01.769] <-- 200 OK  http://127.0.0.1:9008/jsonrpc/0 (15ms)
[Fastbot][2026-06-19 04:13:01.770] Content-Type: application/json
[Fastbot][2026-06-19 04:13:01.770] Date: Fri, 19 Jun 2026 08:13:01 GMT
[Fastbot][2026-06-19 04:13:01.770] Connection: keep-alive
[Fastbot][2026-06-19 04:13:01.770] Transfer-Encoding: chunked
[Fastbot][2026-06-19 04:13:01.771] 
[Fastbot][2026-06-19 04:13:01.772] {"jsonrpc":"2.0","id":1,"result":true}

[Fastbot][2026-06-19 04:13:01.772] <-- END HTTP (39-byte body)
[Fastbot][2026-06-19 04:13:01.814] [Proxy Server] Forwarding
[Fastbot][2026-06-19 04:13:01.815] --> POST http://127.0.0.1:9008/jsonrpc/0
[Fastbot][2026-06-19 04:13:01.815] Content-Type: application/json; charset=utf-8
[Fastbot][2026-06-19 04:13:01.815] Content-Length: 206
[Fastbot][2026-06-19 04:13:01.816] 
[Fastbot][2026-06-19 04:13:01.816] {"jsonrpc": "2.0", "id": 1, "method": "objInfo", "params": [{"mask": 2097152, "childOrSibling": [], "childOrSiblingSelector": [], "resourceId": "it.feio.android.omninotes.alpha:id/fab_expand_menu_button"}]}
[Fastbot][2026-06-19 04:13:01.816] --> END POST (206-byte body)
[Fastbot][2026-06-19 04:13:01.850] <-- 200 OK  http://127.0.0.1:9008/jsonrpc/0 (33ms)
[Fastbot][2026-06-19 04:13:01.851] Content-Type: application/json
[Fastbot][2026-06-19 04:13:01.851] Date: Fri, 19 Jun 2026 08:13:01 GMT
[Fastbot][2026-06-19 04:13:01.851] Connection: keep-alive
[Fastbot][2026-06-19 04:13:01.851] Transfer-Encoding: chunked
[Fastbot][2026-06-19 04:13:01.853] 
[Fastbot][2026-06-19 04:13:01.853] {"jsonrpc":"2.0","id":1,"result":{"bounds":{"bottom":2016,"left":856,"right":1058,"top":1923},"childCount":0,"className":"android.widget.ImageButton","contentDescription":null,"packageName":"it.feio.android.omninotes.alpha","resourceName":"it.feio.android.omninotes.alpha:id/fab_expand_menu_button","...[truncated]
[Fastbot][2026-06-19 04:13:01.853] <-- END HTTP (536-byte body)
[Fastbot][2026-06-19 04:13:01.890] [Proxy Server] Detected script method: click
[Fastbot][2026-06-19 04:13:01.890] [Proxy Server] Forwarding
[Fastbot][2026-06-19 04:13:01.891] --> POST http://127.0.0.1:9008/jsonrpc/0
[Fastbot][2026-06-19 04:13:01.891] Content-Type: application/json; charset=utf-8
[Fastbot][2026-06-19 04:13:01.892] Content-Length: 73
[Fastbot][2026-06-19 04:13:01.892] 
[Fastbot][2026-06-19 04:13:01.892] {"jsonrpc": "2.0", "id": 1, "method": "click", "params": [957.0, 1969.5]}
[Fastbot][2026-06-19 04:13:01.892] --> END POST (73-byte body)
[Fastbot][2026-06-19 04:13:02.042] <-- 200 OK  http://127.0.0.1:9008/jsonrpc/0 (149ms)
[Fastbot][2026-06-19 04:13:02.042] Content-Type: application/json
[Fastbot][2026-06-19 04:13:02.042] Date: Fri, 19 Jun 2026 08:13:02 GMT
[Fastbot][2026-06-19 04:13:02.042] Connection: keep-alive
[Fastbot][2026-06-19 04:13:02.043] Transfer-Encoding: chunked
[Fastbot][2026-06-19 04:13:02.045] 
[Fastbot][2026-06-19 04:13:02.045] {"jsonrpc":"2.0","id":1,"result":true}

[Fastbot][2026-06-19 04:13:02.045] <-- END HTTP (39-byte body)
[Fastbot][2026-06-19 04:13:02.581] [Proxy Server] Forwarding
[Fastbot][2026-06-19 04:13:02.581] --> POST http://127.0.0.1:9008/jsonrpc/0
[Fastbot][2026-06-19 04:13:02.582] Content-Type: application/json; charset=utf-8
[Fastbot][2026-06-19 04:13:02.582] Content-Length: 205
[Fastbot][2026-06-19 04:13:02.583] 
[Fastbot][2026-06-19 04:13:02.583] {"jsonrpc": "2.0", "id": 1, "method": "waitForExists", "params": [{"mask": 2097152, "childOrSibling": [], "childOrSiblingSelector": [], "resourceId": "it.feio.android.omninotes.alpha:id/fab_note"}, 20000]}
[Fastbot][2026-06-19 04:13:02.583] --> END POST (205-byte body)
[Fastbot][2026-06-19 04:13:02.611] <-- 200 OK  http://127.0.0.1:9008/jsonrpc/0 (26ms)
[Fastbot][2026-06-19 04:13:02.611] Content-Type: application/json
[Fastbot][2026-06-19 04:13:02.611] Date: Fri, 19 Jun 2026 08:13:02 GMT
[Fastbot][2026-06-19 04:13:02.612] Connection: keep-alive
[Fastbot][2026-06-19 04:13:02.612] Transfer-Encoding: chunked
[Fastbot][2026-06-19 04:13:02.613] 
[Fastbot][2026-06-19 04:13:02.613] {"jsonrpc":"2.0","id":1,"result":true}

[Fastbot][2026-06-19 04:13:02.613] <-- END HTTP (39-byte body)
[Fastbot][2026-06-19 04:13:02.629] [Proxy Server] Forwarding
[Fastbot][2026-06-19 04:13:02.629] --> POST http://127.0.0.1:9008/jsonrpc/0
[Fastbot][2026-06-19 04:13:02.630] Content-Type: application/json; charset=utf-8
[Fastbot][2026-06-19 04:13:02.630] Content-Length: 192
[Fastbot][2026-06-19 04:13:02.630] 
[Fastbot][2026-06-19 04:13:02.630] {"jsonrpc": "2.0", "id": 1, "method": "objInfo", "params": [{"mask": 2097152, "childOrSibling": [], "childOrSiblingSelector": [], "resourceId": "it.feio.android.omninotes.alpha:id/fab_note"}]}
[Fastbot][2026-06-19 04:13:02.631] --> END POST (192-byte body)
[Fastbot][2026-06-19 04:13:02.666] <-- 200 OK  http://127.0.0.1:9008/jsonrpc/0 (34ms)
[Fastbot][2026-06-19 04:13:02.666] Content-Type: application/json
[Fastbot][2026-06-19 04:13:02.666] Date: Fri, 19 Jun 2026 08:13:02 GMT
[Fastbot][2026-06-19 04:13:02.666] Connection: keep-alive
[Fastbot][2026-06-19 04:13:02.667] Transfer-Encoding: chunked
[Fastbot][2026-06-19 04:13:02.712] 
[Fastbot][2026-06-19 04:13:02.712] {"jsonrpc":"2.0","id":1,"result":{"bounds":{"bottom":1912,"left":878,"right":1037,"top":1753},"childCount":0,"className":"android.widget.ImageButton","contentDescription":null,"packageName":"it.feio.android.omninotes.alpha","resourceName":"it.feio.android.omninotes.alpha:id/fab_note","text":null,"vi...[truncated]
[Fastbot][2026-06-19 04:13:02.712] <-- END HTTP (523-byte body)
[Fastbot][2026-06-19 04:13:02.754] [Proxy Server] Detected script method: click
[Fastbot][2026-06-19 04:13:02.754] [Proxy Server] Forwarding
[Fastbot][2026-06-19 04:13:02.755] --> POST http://127.0.0.1:9008/jsonrpc/0
[Fastbot][2026-06-19 04:13:02.755] Content-Type: application/json; charset=utf-8
[Fastbot][2026-06-19 04:13:02.755] Content-Length: 73
[Fastbot][2026-06-19 04:13:02.755] 
[Fastbot][2026-06-19 04:13:02.755] {"jsonrpc": "2.0", "id": 1, "method": "click", "params": [957.5, 1832.5]}
[Fastbot][2026-06-19 04:13:02.755] --> END POST (73-byte body)
[Fastbot][2026-06-19 04:13:02.905] <-- 200 OK  http://127.0.0.1:9008/jsonrpc/0 (150ms)
[Fastbot][2026-06-19 04:13:02.905] Content-Type: application/json
[Fastbot][2026-06-19 04:13:02.906] Date: Fri, 19 Jun 2026 08:13:02 GMT
[Fastbot][2026-06-19 04:13:02.906] Connection: keep-alive
[Fastbot][2026-06-19 04:13:02.906] Transfer-Encoding: chunked
[Fastbot][2026-06-19 04:13:02.906] 
[Fastbot][2026-06-19 04:13:02.907] {"jsonrpc":"2.0","id":1,"result":true}

[Fastbot][2026-06-19 04:13:02.907] <-- END HTTP (39-byte body)
[Fastbot][2026-06-19 04:13:03.462] [Proxy Server] Forwarding
[Fastbot][2026-06-19 04:13:03.462] --> POST http://127.0.0.1:9008/jsonrpc/0
[Fastbot][2026-06-19 04:13:03.462] Content-Type: application/json; charset=utf-8
[Fastbot][2026-06-19 04:13:03.463] Content-Length: 209
[Fastbot][2026-06-19 04:13:03.463] 
[Fastbot][2026-06-19 04:13:03.463] {"jsonrpc": "2.0", "id": 1, "method": "waitForExists", "params": [{"mask": 2097152, "childOrSibling": [], "childOrSiblingSelector": [], "resourceId": "it.feio.android.omninotes.alpha:id/detail_title"}, 20000]}
[Fastbot][2026-06-19 04:13:03.463] --> END POST (209-byte body)
[Fastbot][2026-06-19 04:13:03.526] <-- 200 OK  http://127.0.0.1:9008/jsonrpc/0 (63ms)
[Fastbot][2026-06-19 04:13:03.527] Content-Type: application/json
[Fastbot][2026-06-19 04:13:03.527] Date: Fri, 19 Jun 2026 08:13:03 GMT
[Fastbot][2026-06-19 04:13:03.528] Connection: keep-alive
[Fastbot][2026-06-19 04:13:03.528] Transfer-Encoding: chunked
[Fastbot][2026-06-19 04:13:03.528] 
[Fastbot][2026-06-19 04:13:03.528] {"jsonrpc":"2.0","id":1,"result":true}

[Fastbot][2026-06-19 04:13:03.529] <-- END HTTP (39-byte body)
[Fastbot][2026-06-19 04:13:03.580] [Proxy Server] Detected script method: setText
[Fastbot][2026-06-19 04:13:03.580] [Proxy Server] Forwarding
[Fastbot][2026-06-19 04:13:03.580] --> POST http://127.0.0.1:9008/jsonrpc/0
[Fastbot][2026-06-19 04:13:03.581] Content-Type: application/json; charset=utf-8
[Fastbot][2026-06-19 04:13:03.581] Content-Length: 210
[Fastbot][2026-06-19 04:13:03.581] 
[Fastbot][2026-06-19 04:13:03.582] {"jsonrpc": "2.0", "id": 1, "method": "setText", "params": [{"mask": 2097152, "childOrSibling": [], "childOrSiblingSelector": [], "resourceId": "it.feio.android.omninotes.alpha:id/detail_title"}, "9kxAHpbiuA"]}
[Fastbot][2026-06-19 04:13:03.583] --> END POST (210-byte body)
[Fastbot][2026-06-19 04:13:03.686] <-- 200 OK  http://127.0.0.1:9008/jsonrpc/0 (103ms)
[Fastbot][2026-06-19 04:13:03.687] Content-Type: application/json
[Fastbot][2026-06-19 04:13:03.687] Date: Fri, 19 Jun 2026 08:13:03 GMT
[Fastbot][2026-06-19 04:13:03.687] Connection: keep-alive
[Fastbot][2026-06-19 04:13:03.687] Transfer-Encoding: chunked
[Fastbot][2026-06-19 04:13:03.693] 
[Fastbot][2026-06-19 04:13:03.693] {"jsonrpc":"2.0","id":1,"result":true}

[Fastbot][2026-06-19 04:13:03.693] <-- END HTTP (39-byte body)
[Fastbot][2026-06-19 04:13:03.722] [Proxy Server] Forwarding
[Fastbot][2026-06-19 04:13:03.722] --> POST http://127.0.0.1:9008/jsonrpc/0
[Fastbot][2026-06-19 04:13:03.722] Content-Type: application/json; charset=utf-8
[Fastbot][2026-06-19 04:13:03.722] Content-Length: 211
[Fastbot][2026-06-19 04:13:03.723] 
[Fastbot][2026-06-19 04:13:03.723] {"jsonrpc": "2.0", "id": 1, "method": "waitForExists", "params": [{"mask": 2097152, "childOrSibling": [], "childOrSiblingSelector": [], "resourceId": "it.feio.android.omninotes.alpha:id/detail_content"}, 20000]}
[Fastbot][2026-06-19 04:13:03.723] --> END POST (211-byte body)
[Fastbot][2026-06-19 04:13:03.738] <-- 200 OK  http://127.0.0.1:9008/jsonrpc/0 (14ms)
[Fastbot][2026-06-19 04:13:03.738] Content-Type: application/json
[Fastbot][2026-06-19 04:13:03.738] Date: Fri, 19 Jun 2026 08:13:03 GMT
[Fastbot][2026-06-19 04:13:03.738] Connection: keep-alive
[Fastbot][2026-06-19 04:13:03.738] Transfer-Encoding: chunked
[Fastbot][2026-06-19 04:13:03.782] 
[Fastbot][2026-06-19 04:13:03.782] {"jsonrpc":"2.0","id":1,"result":true}

[Fastbot][2026-06-19 04:13:03.782] <-- END HTTP (39-byte body)
[Fastbot][2026-06-19 04:13:03.816] [Proxy Server] Detected script method: setText
[Fastbot][2026-06-19 04:13:03.816] [Proxy Server] Forwarding
[Fastbot][2026-06-19 04:13:03.817] --> POST http://127.0.0.1:9008/jsonrpc/0
[Fastbot][2026-06-19 04:13:03.817] Content-Type: application/json; charset=utf-8
[Fastbot][2026-06-19 04:13:03.817] Content-Length: 214
[Fastbot][2026-06-19 04:13:03.818] 
[Fastbot][2026-06-19 04:13:03.818] {"jsonrpc": "2.0", "id": 1, "method": "setText", "params": [{"mask": 2097152, "childOrSibling": [], "childOrSiblingSelector": [], "resourceId": "it.feio.android.omninotes.alpha:id/detail_content"}, "test content"]}
[Fastbot][2026-06-19 04:13:03.818] --> END POST (214-byte body)
[Fastbot][2026-06-19 04:13:03.908] <-- 200 OK  http://127.0.0.1:9008/jsonrpc/0 (89ms)
[Fastbot][2026-06-19 04:13:03.908] Content-Type: application/json
[Fastbot][2026-06-19 04:13:03.908] Date: Fri, 19 Jun 2026 08:13:03 GMT
[Fastbot][2026-06-19 04:13:03.908] Connection: keep-alive
[Fastbot][2026-06-19 04:13:03.908] Transfer-Encoding: chunked
[Fastbot][2026-06-19 04:13:03.953] 
[Fastbot][2026-06-19 04:13:03.954] {"jsonrpc":"2.0","id":1,"result":true}

[Fastbot][2026-06-19 04:13:03.954] <-- END HTTP (39-byte body)
[Fastbot][2026-06-19 04:13:04.488] [Proxy Server] Detected script method: pressKey
[Fastbot][2026-06-19 04:13:04.488] [Proxy Server] Forwarding
[Fastbot][2026-06-19 04:13:04.489] --> POST http://127.0.0.1:9008/jsonrpc/0
[Fastbot][2026-06-19 04:13:04.489] Content-Type: application/json; charset=utf-8
[Fastbot][2026-06-19 04:13:04.489] Content-Length: 69
[Fastbot][2026-06-19 04:13:04.490] 
[Fastbot][2026-06-19 04:13:04.490] {"jsonrpc": "2.0", "id": 1, "method": "pressKey", "params": ["back"]}
[Fastbot][2026-06-19 04:13:04.490] --> END POST (69-byte body)
[Fastbot][2026-06-19 04:13:04.530] <-- 200 OK  http://127.0.0.1:9008/jsonrpc/0 (40ms)
[Fastbot][2026-06-19 04:13:04.531] Content-Type: application/json
[Fastbot][2026-06-19 04:13:04.531] Date: Fri, 19 Jun 2026 08:13:04 GMT
[Fastbot][2026-06-19 04:13:04.531] Connection: keep-alive
[Fastbot][2026-06-19 04:13:04.531] Transfer-Encoding: chunked
[Fastbot][2026-06-19 04:13:04.531] 
[Fastbot][2026-06-19 04:13:04.531] {"jsonrpc":"2.0","id":1,"result":true}

[Fastbot][2026-06-19 04:13:04.531] <-- END HTTP (39-byte body)
[Fastbot][2026-06-19 04:13:05.064] [Proxy Server] Forwarding
[Fastbot][2026-06-19 04:13:05.065] --> POST http://127.0.0.1:9008/jsonrpc/0
[Fastbot][2026-06-19 04:13:05.065] Content-Type: application/json; charset=utf-8
[Fastbot][2026-06-19 04:13:05.065] Content-Length: 214
[Fastbot][2026-06-19 04:13:05.065] 
[Fastbot][2026-06-19 04:13:05.065] {"jsonrpc": "2.0", "id": 1, "method": "exist", "params": [{"mask": 2097153, "childOrSibling": [], "childOrSiblingSelector": [], "resourceId": "it.feio.android.omninotes.alpha:id/note_title", "text": "9kxAHpbiuA"}]}
[Fastbot][2026-06-19 04:13:05.065] --> END POST (214-byte body)
[Fastbot][2026-06-19 04:13:05.098] <-- 200 OK  http://127.0.0.1:9008/jsonrpc/0 (32ms)
[Fastbot][2026-06-19 04:13:05.098] Content-Type: application/json
[Fastbot][2026-06-19 04:13:05.098] Date: Fri, 19 Jun 2026 08:13:05 GMT
[Fastbot][2026-06-19 04:13:05.098] Connection: keep-alive
[Fastbot][2026-06-19 04:13:05.098] Transfer-Encoding: chunked
[Fastbot][2026-06-19 04:13:05.099] 
[Fastbot][2026-06-19 04:13:05.099] {"jsonrpc":"2.0","id":1,"result":true}

[Fastbot][2026-06-19 04:13:05.100] <-- END HTTP (39-byte body)
[Fastbot][2026-06-19 04:13:05.375] --> POST http://127.0.0.1:9008/jsonrpc/0
[Fastbot][2026-06-19 04:13:05.375] Content-Type: application/json; charset=utf-8
[Fastbot][2026-06-19 04:13:05.375] Content-Length: 75
[Fastbot][2026-06-19 04:13:05.375] 
[Fastbot][2026-06-19 04:13:05.375] {"id":1,"jsonrpc":"2.0","method":"dumpWindowHierarchy","params":[false,50]}
[Fastbot][2026-06-19 04:13:05.375] --> END POST (75-byte body)
[Fastbot][2026-06-19 04:13:05.427] <-- 200 OK  http://127.0.0.1:9008/jsonrpc/0 (51ms)
[Fastbot][2026-06-19 04:13:05.427] Content-Type: application/json
[Fastbot][2026-06-19 04:13:05.428] Date: Fri, 19 Jun 2026 08:13:05 GMT
[Fastbot][2026-06-19 04:13:05.428] Connection: keep-alive
[Fastbot][2026-06-19 04:13:05.428] Transfer-Encoding: chunked
[Fastbot][2026-06-19 04:13:05.430] 
[Fastbot][2026-06-19 04:13:05.431] {"jsonrpc":"2.0","id":1,"result":"<?xml version='1.0' encoding='UTF-8' standalone='yes' ?>\r\n<hierarchy rotation=\"0\">\r\n  <node index=\"0\" text=\"\" resource-id=\"com.android.systemui:id/navigation_bar_frame\" class=\"android.widget.FrameLayout\" package=\"com.android.systemui\" content-desc=\"...[truncated]
[Fastbot][2026-06-19 04:13:05.431] <-- END HTTP (59220-byte body)
[Fastbot][2026-06-19 04:13:05.484] [ProxyServer] stepsCount: 7
[Fastbot][2026-06-19 04:13:05.484] [ProxyServer] receive request: stepMonkey
[Fastbot][2026-06-19 04:13:05.484] [MonkeySourceApeU2] stepsCount: 7
[Fastbot][2026-06-19 04:13:05.484] [MonkeySourceApeU2] Latest event is MonkeyEvent. Use the cached hierarchy.
[Fastbot][2026-06-19 04:13:05.487] [MonkeySourceApeU2] Successfully Got hierarchy
[Fastbot][2026-06-19 04:13:05.494] // Event id: 87
[Fastbot][2026-06-19 04:13:05.494] topActivity Name: ComponentInfo{it.feio.android.omninotes.alpha/it.feio.android.omninotes.MainActivity}
[Fastbot][2026-06-19 04:13:05.494] // Dumped stringOfGuiTree
[Fastbot][2026-06-19 04:13:05.494] topActivityName: it.feio.android.omninotes.MainActivity
[Fastbot][2026-06-19 04:13:05.497] action type: CLICK
[Fastbot][2026-06-19 04:13:05.497] rpc cost time: 3
[Fastbot][2026-06-19 04:13:05.506]   mshowrequested=false mshowexplicitlyrequested=false mshowforced=false minputshown=false
[Fastbot][2026-06-19 04:13:05.507] mInputShown not found, getInputMethodWindowVisibleHeight is used.
java.lang.NullPointerException: Attempt to read from field 'com.android.server.wm.DisplayFrames com.android.server.wm.DisplayContent.mDisplayFrames' on a null object reference[Fastbot][2026-06-19 04:13:05.509] :Sending rotation degree=0, persist=false

	at android.os.Parcel.createException(Parcel.java:2077)
	at android.os.Parcel.readException(Parcel.java:2039)
	at android.os.Parcel.readException(Parcel.java:1987)
	at com.android.internal.view.IInputMethodManager$Stub$Proxy.getInputMethodWindowVisibleHeight(IInputMethodManager.java:809)
	at android.view.inputmethod.InputMethodManager.getInputMethodWindowVisibleHeight(InputMethodManager.java:2844)
	at com.android.commands.monkey.framework.AndroidDevice.isVirtualKeyboardOpened(AndroidDevice.java:217)
	at com.android.commands.monkey.source.MonkeySourceApeU2.doInput(MonkeySourceApeU2.java:1018)
	at com.android.commands.monkey.source.MonkeySourceApeU2.generateEventsForActionInternal(MonkeySourceApeU2.java:945)
	at com.android.commands.monkey.source.MonkeySourceApeU2.generateEventsForAction(MonkeySourceApeU2.java:907)
	at com.android.commands.monkey.source.MonkeySourceApeU2.generateEvents(MonkeySourceApeU2.java:827)
	at com.android.commands.monkey.source.MonkeySourceApeU2.getNextEvent(MonkeySourceApeU2.java:422)
	at com.android.commands.monkey.Monkey.runMonkeyCycles(Monkey.java:1576)
	at com.android.commands.monkey.Monkey.run(Monkey.java:874)
	at com.android.commands.monkey.Monkey.main(Monkey.java:473)
	at com.android.internal.os.RuntimeInit.nativeFinishInit(Native Method)
	at com.android.internal.os.RuntimeInit.main(RuntimeInit.java:338)
Caused by: android.os.RemoteException: Remote stack trace:
	at com.android.server.wm.WindowManagerService$LocalService.getInputMethodWindowVisibleHeight(WindowManagerService.java:7310)
	at com.android.server.inputmethod.InputMethodManagerService.getInputMethodWindowVisibleHeight(InputMethodManagerService.java:3467)
	at com.android.internal.view.IInputMethodManager$Stub.onTransact(IInputMethodManager.java:413)
	at com.android.server.inputmethod.InputMethodManagerService.onTransact(InputMethodManagerService.java:1592)
	at android.os.Binder.execTransactInternal(Binder.java:1021)

[Fastbot][2026-06-19 04:13:05.515] :Sending Touch (ACTION_DOWN): 0:(6.0,274.0)
[Fastbot][2026-06-19 04:13:05.517] :Sending Touch (ACTION_UP): 0:(6.0,274.0)
[Fastbot][2026-06-19 04:13:05.519] Sleeping for 200 milliseconds
[Fastbot][2026-06-19 04:13:05.720] [ProxyServer] Finish monkey step. Dumping hierarchy
[Fastbot][2026-06-19 04:13:05.721] --> POST http://127.0.0.1:9008/jsonrpc/0
[Fastbot][2026-06-19 04:13:05.721] Content-Type: application/json; charset=utf-8
[Fastbot][2026-06-19 04:13:05.721] Content-Length: 75
[Fastbot][2026-06-19 04:13:05.721] 
[Fastbot][2026-06-19 04:13:05.721] {"id":1,"jsonrpc":"2.0","method":"dumpWindowHierarchy","params":[false,50]}
[Fastbot][2026-06-19 04:13:05.721] --> END POST (75-byte body)
[Fastbot][2026-06-19 04:13:06.140] <-- 200 OK  http://127.0.0.1:9008/jsonrpc/0 (418ms)
[Fastbot][2026-06-19 04:13:06.140] Content-Type: application/json
[Fastbot][2026-06-19 04:13:06.140] Date: Fri, 19 Jun 2026 08:13:06 GMT
[Fastbot][2026-06-19 04:13:06.141] Connection: keep-alive
[Fastbot][2026-06-19 04:13:06.141] Transfer-Encoding: chunked
[Fastbot][2026-06-19 04:13:06.142] 
[Fastbot][2026-06-19 04:13:06.143] {"jsonrpc":"2.0","id":1,"result":"<?xml version='1.0' encoding='UTF-8' standalone='yes' ?>\r\n<hierarchy rotation=\"0\">\r\n  <node index=\"0\" text=\"\" resource-id=\"com.android.systemui:id/navigation_bar_frame\" class=\"android.widget.FrameLayout\" package=\"com.android.systemui\" content-desc=\"...[truncated]
[Fastbot][2026-06-19 04:13:06.143] <-- END HTTP (67658-byte body)
[Fastbot][2026-06-19 04:13:06.236] [Proxy Server] Forwarding
[Fastbot][2026-06-19 04:13:06.236] --> POST http://127.0.0.1:9008/jsonrpc/0
[Fastbot][2026-06-19 04:13:06.236] Content-Type: application/json; charset=utf-8
[Fastbot][2026-06-19 04:13:06.236] Content-Length: 219
[Fastbot][2026-06-19 04:13:06.236] 
[Fastbot][2026-06-19 04:13:06.237] {"jsonrpc": "2.0", "id": 1, "method": "waitForExists", "params": [{"mask": 2097152, "childOrSibling": [], "childOrSiblingSelector": [], "resourceId": "it.feio.android.omninotes.alpha:id/fab_expand_menu_button"}, 20000]}
[Fastbot][2026-06-19 04:13:06.237] --> END POST (219-byte body)
[Fastbot][2026-06-19 04:13:06.471] <-- 200 OK  http://127.0.0.1:9008/jsonrpc/0 (234ms)
[Fastbot][2026-06-19 04:13:06.471] Content-Type: application/json
[Fastbot][2026-06-19 04:13:06.471] Date: Fri, 19 Jun 2026 08:13:06 GMT
[Fastbot][2026-06-19 04:13:06.472] Connection: keep-alive
[Fastbot][2026-06-19 04:13:06.472] Transfer-Encoding: chunked
[Fastbot][2026-06-19 04:13:06.473] 
[Fastbot][2026-06-19 04:13:06.473] {"jsonrpc":"2.0","id":1,"result":true}

[Fastbot][2026-06-19 04:13:06.473] <-- END HTTP (39-byte body)
[Fastbot][2026-06-19 04:13:06.500] [Proxy Server] Forwarding
[Fastbot][2026-06-19 04:13:06.501] --> POST http://127.0.0.1:9008/jsonrpc/0
[Fastbot][2026-06-19 04:13:06.501] Content-Type: application/json; charset=utf-8
[Fastbot][2026-06-19 04:13:06.501] Content-Length: 206
[Fastbot][2026-06-19 04:13:06.501] 
[Fastbot][2026-06-19 04:13:06.501] {"jsonrpc": "2.0", "id": 1, "method": "objInfo", "params": [{"mask": 2097152, "childOrSibling": [], "childOrSiblingSelector": [], "resourceId": "it.feio.android.omninotes.alpha:id/fab_expand_menu_button"}]}
[Fastbot][2026-06-19 04:13:06.501] --> END POST (206-byte body)
[Fastbot][2026-06-19 04:13:06.537] <-- 200 OK  http://127.0.0.1:9008/jsonrpc/0 (35ms)
[Fastbot][2026-06-19 04:13:06.537] Content-Type: application/json
[Fastbot][2026-06-19 04:13:06.537] Date: Fri, 19 Jun 2026 08:13:06 GMT
[Fastbot][2026-06-19 04:13:06.537] Connection: keep-alive
[Fastbot][2026-06-19 04:13:06.537] Transfer-Encoding: chunked
[Fastbot][2026-06-19 04:13:06.538] 
[Fastbot][2026-06-19 04:13:06.538] {"jsonrpc":"2.0","id":1,"result":{"bounds":{"bottom":2016,"left":856,"right":1058,"top":1923},"childCount":0,"className":"android.widget.ImageButton","contentDescription":null,"packageName":"it.feio.android.omninotes.alpha","resourceName":"it.feio.android.omninotes.alpha:id/fab_expand_menu_button","...[truncated]
[Fastbot][2026-06-19 04:13:06.538] <-- END HTTP (536-byte body)
[Fastbot][2026-06-19 04:13:06.576] [Proxy Server] Detected script method: click
[Fastbot][2026-06-19 04:13:06.576] [Proxy Server] Forwarding
[Fastbot][2026-06-19 04:13:06.576] --> POST http://127.0.0.1:9008/jsonrpc/0
[Fastbot][2026-06-19 04:13:06.576] Content-Type: application/json; charset=utf-8
[Fastbot][2026-06-19 04:13:06.577] Content-Length: 73
[Fastbot][2026-06-19 04:13:06.577] 
[Fastbot][2026-06-19 04:13:06.577] {"jsonrpc": "2.0", "id": 1, "method": "click", "params": [957.0, 1969.5]}
[Fastbot][2026-06-19 04:13:06.577] --> END POST (73-byte body)
[Fastbot][2026-06-19 04:13:06.707] <-- 200 OK  http://127.0.0.1:9008/jsonrpc/0 (129ms)
[Fastbot][2026-06-19 04:13:06.707] Content-Type: application/json
[Fastbot][2026-06-19 04:13:06.707] Date: Fri, 19 Jun 2026 08:13:06 GMT
[Fastbot][2026-06-19 04:13:06.707] Connection: keep-alive
[Fastbot][2026-06-19 04:13:06.708] Transfer-Encoding: chunked
[Fastbot][2026-06-19 04:13:06.708] 
[Fastbot][2026-06-19 04:13:06.709] {"jsonrpc":"2.0","id":1,"result":true}

[Fastbot][2026-06-19 04:13:06.709] <-- END HTTP (39-byte body)
[Fastbot][2026-06-19 04:13:07.250] [Proxy Server] Forwarding
[Fastbot][2026-06-19 04:13:07.251] --> POST http://127.0.0.1:9008/jsonrpc/0
[Fastbot][2026-06-19 04:13:07.251] Content-Type: application/json; charset=utf-8
[Fastbot][2026-06-19 04:13:07.252] Content-Length: 205
[Fastbot][2026-06-19 04:13:07.252] 
[Fastbot][2026-06-19 04:13:07.252] {"jsonrpc": "2.0", "id": 1, "method": "waitForExists", "params": [{"mask": 2097152, "childOrSibling": [], "childOrSiblingSelector": [], "resourceId": "it.feio.android.omninotes.alpha:id/fab_note"}, 20000]}
[Fastbot][2026-06-19 04:13:07.252] --> END POST (205-byte body)
[Fastbot][2026-06-19 04:13:16.410] <-- 200 OK  http://127.0.0.1:9008/jsonrpc/0 (9157ms)
[Fastbot][2026-06-19 04:13:16.410] Content-Type: application/json
[Fastbot][2026-06-19 04:13:16.411] Date: Fri, 19 Jun 2026 08:13:16 GMT
[Fastbot][2026-06-19 04:13:16.411] Connection: keep-alive
[Fastbot][2026-06-19 04:13:16.411] Transfer-Encoding: chunked
[Fastbot][2026-06-19 04:13:16.413] 
[Fastbot][2026-06-19 04:13:16.413] {"jsonrpc":"2.0","id":1,"result":true}

[Fastbot][2026-06-19 04:13:16.413] <-- END HTTP (39-byte body)
[Fastbot][2026-06-19 04:13:16.454] [Proxy Server] Forwarding
[Fastbot][2026-06-19 04:13:16.454] --> POST http://127.0.0.1:9008/jsonrpc/0
[Fastbot][2026-06-19 04:13:16.454] Content-Type: application/json; charset=utf-8
[Fastbot][2026-06-19 04:13:16.455] Content-Length: 192
[Fastbot][2026-06-19 04:13:16.455] 
[Fastbot][2026-06-19 04:13:16.455] {"jsonrpc": "2.0", "id": 1, "method": "objInfo", "params": [{"mask": 2097152, "childOrSibling": [], "childOrSiblingSelector": [], "resourceId": "it.feio.android.omninotes.alpha:id/fab_note"}]}
[Fastbot][2026-06-19 04:13:16.455] --> END POST (192-byte body)
[Fastbot][2026-06-19 04:13:16.484] <-- 200 OK  http://127.0.0.1:9008/jsonrpc/0 (28ms)
[Fastbot][2026-06-19 04:13:16.484] Content-Type: application/json
[Fastbot][2026-06-19 04:13:16.484] Date: Fri, 19 Jun 2026 08:13:16 GMT
[Fastbot][2026-06-19 04:13:16.485] Connection: keep-alive
[Fastbot][2026-06-19 04:13:16.485] Transfer-Encoding: chunked
[Fastbot][2026-06-19 04:13:16.486] 
[Fastbot][2026-06-19 04:13:16.486] {"jsonrpc":"2.0","id":1,"result":{"bounds":{"bottom":1912,"left":878,"right":1037,"top":1753},"childCount":0,"className":"android.widget.ImageButton","contentDescription":null,"packageName":"it.feio.android.omninotes.alpha","resourceName":"it.feio.android.omninotes.alpha:id/fab_note","text":null,"vi...[truncated]
[Fastbot][2026-06-19 04:13:16.487] <-- END HTTP (523-byte body)
[Fastbot][2026-06-19 04:13:16.515] [Proxy Server] Detected script method: click
[Fastbot][2026-06-19 04:13:16.516] [Proxy Server] Forwarding
[Fastbot][2026-06-19 04:13:16.516] --> POST http://127.0.0.1:9008/jsonrpc/0
[Fastbot][2026-06-19 04:13:16.516] Content-Type: application/json; charset=utf-8
[Fastbot][2026-06-19 04:13:16.517] Content-Length: 73
[Fastbot][2026-06-19 04:13:16.517] 
[Fastbot][2026-06-19 04:13:16.517] {"jsonrpc": "2.0", "id": 1, "method": "click", "params": [957.5, 1832.5]}
[Fastbot][2026-06-19 04:13:16.517] --> END POST (73-byte body)
[Fastbot][2026-06-19 04:13:16.651] <-- 200 OK  http://127.0.0.1:9008/jsonrpc/0 (134ms)
[Fastbot][2026-06-19 04:13:16.653] Content-Type: application/json
[Fastbot][2026-06-19 04:13:16.653] Date: Fri, 19 Jun 2026 08:13:16 GMT
[Fastbot][2026-06-19 04:13:16.653] Connection: keep-alive
[Fastbot][2026-06-19 04:13:16.653] Transfer-Encoding: chunked
[Fastbot][2026-06-19 04:13:16.692] 
[Fastbot][2026-06-19 04:13:16.692] {"jsonrpc":"2.0","id":1,"result":true}

[Fastbot][2026-06-19 04:13:16.692] <-- END HTTP (39-byte body)
[Fastbot][2026-06-19 04:13:17.235] [Proxy Server] Forwarding
[Fastbot][2026-06-19 04:13:17.235] --> POST http://127.0.0.1:9008/jsonrpc/0
[Fastbot][2026-06-19 04:13:17.236] Content-Type: application/json; charset=utf-8
[Fastbot][2026-06-19 04:13:17.236] Content-Length: 209
[Fastbot][2026-06-19 04:13:17.236] 
[Fastbot][2026-06-19 04:13:17.236] {"jsonrpc": "2.0", "id": 1, "method": "waitForExists", "params": [{"mask": 2097152, "childOrSibling": [], "childOrSiblingSelector": [], "resourceId": "it.feio.android.omninotes.alpha:id/detail_title"}, 20000]}
[Fastbot][2026-06-19 04:13:17.237] --> END POST (209-byte body)
[Fastbot][2026-06-19 04:13:17.299] <-- 200 OK  http://127.0.0.1:9008/jsonrpc/0 (61ms)
[Fastbot][2026-06-19 04:13:17.299] Content-Type: application/json
[Fastbot][2026-06-19 04:13:17.299] Date: Fri, 19 Jun 2026 08:13:17 GMT
[Fastbot][2026-06-19 04:13:17.300] Connection: keep-alive
[Fastbot][2026-06-19 04:13:17.300] Transfer-Encoding: chunked
[Fastbot][2026-06-19 04:13:17.302] 
[Fastbot][2026-06-19 04:13:17.302] {"jsonrpc":"2.0","id":1,"result":true}

[Fastbot][2026-06-19 04:13:17.302] <-- END HTTP (39-byte body)
[Fastbot][2026-06-19 04:13:17.337] [Proxy Server] Detected script method: setText
[Fastbot][2026-06-19 04:13:17.338] [Proxy Server] Forwarding
[Fastbot][2026-06-19 04:13:17.338] --> POST http://127.0.0.1:9008/jsonrpc/0
[Fastbot][2026-06-19 04:13:17.339] Content-Type: application/json; charset=utf-8
[Fastbot][2026-06-19 04:13:17.339] Content-Length: 205
[Fastbot][2026-06-19 04:13:17.339] 
[Fastbot][2026-06-19 04:13:17.339] {"jsonrpc": "2.0", "id": 1, "method": "setText", "params": [{"mask": 2097152, "childOrSibling": [], "childOrSiblingSelector": [], "resourceId": "it.feio.android.omninotes.alpha:id/detail_title"}, "HH8s3"]}
[Fastbot][2026-06-19 04:13:17.340] --> END POST (205-byte body)
[Fastbot][2026-06-19 04:13:17.487] <-- 200 OK  http://127.0.0.1:9008/jsonrpc/0 (147ms)
[Fastbot][2026-06-19 04:13:17.487] Content-Type: application/json
[Fastbot][2026-06-19 04:13:17.487] Date: Fri, 19 Jun 2026 08:13:17 GMT
[Fastbot][2026-06-19 04:13:17.487] Connection: keep-alive
[Fastbot][2026-06-19 04:13:17.487] Transfer-Encoding: chunked
[Fastbot][2026-06-19 04:13:17.489] 
[Fastbot][2026-06-19 04:13:17.489] {"jsonrpc":"2.0","id":1,"result":true}

[Fastbot][2026-06-19 04:13:17.490] <-- END HTTP (39-byte body)
[Fastbot][2026-06-19 04:13:17.530] [Proxy Server] Forwarding
[Fastbot][2026-06-19 04:13:17.530] --> POST http://127.0.0.1:9008/jsonrpc/0
[Fastbot][2026-06-19 04:13:17.530] Content-Type: application/json; charset=utf-8
[Fastbot][2026-06-19 04:13:17.530] Content-Length: 211
[Fastbot][2026-06-19 04:13:17.531] 
[Fastbot][2026-06-19 04:13:17.531] {"jsonrpc": "2.0", "id": 1, "method": "waitForExists", "params": [{"mask": 2097152, "childOrSibling": [], "childOrSiblingSelector": [], "resourceId": "it.feio.android.omninotes.alpha:id/detail_content"}, 20000]}
[Fastbot][2026-06-19 04:13:17.531] --> END POST (211-byte body)
[Fastbot][2026-06-19 04:13:17.546] <-- 200 OK  http://127.0.0.1:9008/jsonrpc/0 (14ms)
[Fastbot][2026-06-19 04:13:17.546] Content-Type: application/json
[Fastbot][2026-06-19 04:13:17.546] Date: Fri, 19 Jun 2026 08:13:17 GMT
[Fastbot][2026-06-19 04:13:17.546] Connection: keep-alive
[Fastbot][2026-06-19 04:13:17.546] Transfer-Encoding: chunked
[Fastbot][2026-06-19 04:13:17.547] 
[Fastbot][2026-06-19 04:13:17.547] {"jsonrpc":"2.0","id":1,"result":true}

[Fastbot][2026-06-19 04:13:17.548] <-- END HTTP (39-byte body)
[Fastbot][2026-06-19 04:13:17.577] [Proxy Server] Detected script method: setText
[Fastbot][2026-06-19 04:13:17.577] [Proxy Server] Forwarding
[Fastbot][2026-06-19 04:13:17.577] --> POST http://127.0.0.1:9008/jsonrpc/0
[Fastbot][2026-06-19 04:13:17.577] Content-Type: application/json; charset=utf-8
[Fastbot][2026-06-19 04:13:17.578] Content-Length: 214
[Fastbot][2026-06-19 04:13:17.578] 
[Fastbot][2026-06-19 04:13:17.578] {"jsonrpc": "2.0", "id": 1, "method": "setText", "params": [{"mask": 2097152, "childOrSibling": [], "childOrSiblingSelector": [], "resourceId": "it.feio.android.omninotes.alpha:id/detail_content"}, "test content"]}
[Fastbot][2026-06-19 04:13:17.578] --> END POST (214-byte body)
[Fastbot][2026-06-19 04:13:17.663] <-- 200 OK  http://127.0.0.1:9008/jsonrpc/0 (84ms)
[Fastbot][2026-06-19 04:13:17.663] Content-Type: application/json
[Fastbot][2026-06-19 04:13:17.663] Date: Fri, 19 Jun 2026 08:13:17 GMT
[Fastbot][2026-06-19 04:13:17.663] Connection: keep-alive
[Fastbot][2026-06-19 04:13:17.663] Transfer-Encoding: chunked
[Fastbot][2026-06-19 04:13:17.712] 
[Fastbot][2026-06-19 04:13:17.712] {"jsonrpc":"2.0","id":1,"result":true}

[Fastbot][2026-06-19 04:13:17.712] <-- END HTTP (39-byte body)
[Fastbot][2026-06-19 04:13:18.252] [Proxy Server] Detected script method: pressKey
[Fastbot][2026-06-19 04:13:18.253] [Proxy Server] Forwarding
[Fastbot][2026-06-19 04:13:18.253] --> POST http://127.0.0.1:9008/jsonrpc/0
[Fastbot][2026-06-19 04:13:18.253] Content-Type: application/json; charset=utf-8
[Fastbot][2026-06-19 04:13:18.253] Content-Length: 69
[Fastbot][2026-06-19 04:13:18.254] 
[Fastbot][2026-06-19 04:13:18.254] {"jsonrpc": "2.0", "id": 1, "method": "pressKey", "params": ["back"]}
[Fastbot][2026-06-19 04:13:18.254] --> END POST (69-byte body)
[Fastbot][2026-06-19 04:13:18.302] <-- 200 OK  http://127.0.0.1:9008/jsonrpc/0 (47ms)
[Fastbot][2026-06-19 04:13:18.302] Content-Type: application/json
[Fastbot][2026-06-19 04:13:18.302] Date: Fri, 19 Jun 2026 08:13:18 GMT
[Fastbot][2026-06-19 04:13:18.302] Connection: keep-alive
[Fastbot][2026-06-19 04:13:18.303] Transfer-Encoding: chunked
[Fastbot][2026-06-19 04:13:18.304] 
[Fastbot][2026-06-19 04:13:18.304] {"jsonrpc":"2.0","id":1,"result":true}

[Fastbot][2026-06-19 04:13:18.305] <-- END HTTP (39-byte body)
[Fastbot][2026-06-19 04:13:18.845] [Proxy Server] Forwarding
[Fastbot][2026-06-19 04:13:18.846] --> POST http://127.0.0.1:9008/jsonrpc/0
[Fastbot][2026-06-19 04:13:18.846] Content-Type: application/json; charset=utf-8
[Fastbot][2026-06-19 04:13:18.846] Content-Length: 209
[Fastbot][2026-06-19 04:13:18.846] 
[Fastbot][2026-06-19 04:13:18.846] {"jsonrpc": "2.0", "id": 1, "method": "exist", "params": [{"mask": 2097153, "childOrSibling": [], "childOrSiblingSelector": [], "resourceId": "it.feio.android.omninotes.alpha:id/note_title", "text": "HH8s3"}]}
[Fastbot][2026-06-19 04:13:18.846] --> END POST (209-byte body)
[Fastbot][2026-06-19 04:13:18.930] <-- 200 OK  http://127.0.0.1:9008/jsonrpc/0 (83ms)
[Fastbot][2026-06-19 04:13:18.930] Content-Type: application/json
[Fastbot][2026-06-19 04:13:18.930] Date: Fri, 19 Jun 2026 08:13:18 GMT
[Fastbot][2026-06-19 04:13:18.931] Connection: keep-alive
[Fastbot][2026-06-19 04:13:18.932] Transfer-Encoding: chunked
[Fastbot][2026-06-19 04:13:18.932] 
[Fastbot][2026-06-19 04:13:18.933] {"jsonrpc":"2.0","id":1,"result":true}

[Fastbot][2026-06-19 04:13:18.933] <-- END HTTP (39-byte body)
[Fastbot][2026-06-19 04:13:19.219] --> POST http://127.0.0.1:9008/jsonrpc/0
[Fastbot][2026-06-19 04:13:19.219] Content-Type: application/json; charset=utf-8
[Fastbot][2026-06-19 04:13:19.219] Content-Length: 75
[Fastbot][2026-06-19 04:13:19.219] 
[Fastbot][2026-06-19 04:13:19.219] {"id":1,"jsonrpc":"2.0","method":"dumpWindowHierarchy","params":[false,50]}
[Fastbot][2026-06-19 04:13:19.220] --> END POST (75-byte body)
[Fastbot][2026-06-19 04:13:19.265] <-- 200 OK  http://127.0.0.1:9008/jsonrpc/0 (45ms)
[Fastbot][2026-06-19 04:13:19.265] Content-Type: application/json
[Fastbot][2026-06-19 04:13:19.265] Date: Fri, 19 Jun 2026 08:13:19 GMT
[Fastbot][2026-06-19 04:13:19.266] Connection: keep-alive
[Fastbot][2026-06-19 04:13:19.266] Transfer-Encoding: chunked
[Fastbot][2026-06-19 04:13:19.268] 
[Fastbot][2026-06-19 04:13:19.269] {"jsonrpc":"2.0","id":1,"result":"<?xml version='1.0' encoding='UTF-8' standalone='yes' ?>\r\n<hierarchy rotation=\"0\">\r\n  <node index=\"0\" text=\"\" resource-id=\"com.android.systemui:id/navigation_bar_frame\" class=\"android.widget.FrameLayout\" package=\"com.android.systemui\" content-desc=\"...[truncated]
[Fastbot][2026-06-19 04:13:19.269] <-- END HTTP (61682-byte body)
[Fastbot][2026-06-19 04:13:19.331] [Proxy Server] Forwarding
[Fastbot][2026-06-19 04:13:19.332] --> POST http://127.0.0.1:9008/jsonrpc/0
[Fastbot][2026-06-19 04:13:19.332] Content-Type: application/json; charset=utf-8
[Fastbot][2026-06-19 04:13:19.333] Content-Length: 211
[Fastbot][2026-06-19 04:13:19.333] 
[Fastbot][2026-06-19 04:13:19.333] {"jsonrpc": "2.0", "id": 1, "method": "waitForExists", "params": [{"mask": 80, "childOrSibling": [], "childOrSiblingSelector": [], "className": "android.widget.ImageView", "description": "More options"}, 20000]}
[Fastbot][2026-06-19 04:13:19.333] --> END POST (211-byte body)
[Fastbot][2026-06-19 04:13:19.348] <-- 200 OK  http://127.0.0.1:9008/jsonrpc/0 (13ms)
[Fastbot][2026-06-19 04:13:19.348] Content-Type: application/json
[Fastbot][2026-06-19 04:13:19.348] Date: Fri, 19 Jun 2026 08:13:19 GMT
[Fastbot][2026-06-19 04:13:19.349] Connection: keep-alive
[Fastbot][2026-06-19 04:13:19.349] Transfer-Encoding: chunked
[Fastbot][2026-06-19 04:13:19.350] 
[Fastbot][2026-06-19 04:13:19.350] {"jsonrpc":"2.0","id":1,"result":true}

[Fastbot][2026-06-19 04:13:19.351] <-- END HTTP (39-byte body)
[Fastbot][2026-06-19 04:13:19.368] [Proxy Server] Forwarding
[Fastbot][2026-06-19 04:13:19.368] --> POST http://127.0.0.1:9008/jsonrpc/0
[Fastbot][2026-06-19 04:13:19.368] Content-Type: application/json; charset=utf-8
[Fastbot][2026-06-19 04:13:19.369] Content-Length: 198
[Fastbot][2026-06-19 04:13:19.369] 
[Fastbot][2026-06-19 04:13:19.369] {"jsonrpc": "2.0", "id": 1, "method": "objInfo", "params": [{"mask": 80, "childOrSibling": [], "childOrSiblingSelector": [], "className": "android.widget.ImageView", "description": "More options"}]}
[Fastbot][2026-06-19 04:13:19.369] --> END POST (198-byte body)
[Fastbot][2026-06-19 04:13:19.396] <-- 200 OK  http://127.0.0.1:9008/jsonrpc/0 (26ms)
[Fastbot][2026-06-19 04:13:19.396] Content-Type: application/json
[Fastbot][2026-06-19 04:13:19.397] Date: Fri, 19 Jun 2026 08:13:19 GMT
[Fastbot][2026-06-19 04:13:19.397] Connection: keep-alive
[Fastbot][2026-06-19 04:13:19.398] Transfer-Encoding: chunked
[Fastbot][2026-06-19 04:13:19.443] 
[Fastbot][2026-06-19 04:13:19.443] {"jsonrpc":"2.0","id":1,"result":{"bounds":{"bottom":275,"left":969,"right":1080,"top":143},"childCount":0,"className":"android.widget.ImageView","contentDescription":"More options","packageName":"it.feio.android.omninotes.alpha","resourceName":null,"text":null,"visibleBounds":{"bottom":275,"left":9...[truncated]
[Fastbot][2026-06-19 04:13:19.443] <-- END HTTP (485-byte body)
[Fastbot][2026-06-19 04:13:19.471] [Proxy Server] Detected script method: click
[Fastbot][2026-06-19 04:13:19.471] [Proxy Server] Forwarding
[Fastbot][2026-06-19 04:13:19.472] --> POST http://127.0.0.1:9008/jsonrpc/0
[Fastbot][2026-06-19 04:13:19.472] Content-Type: application/json; charset=utf-8
[Fastbot][2026-06-19 04:13:19.473] Content-Length: 73
[Fastbot][2026-06-19 04:13:19.473] 
[Fastbot][2026-06-19 04:13:19.474] {"jsonrpc": "2.0", "id": 1, "method": "click", "params": [1024.5, 209.0]}
[Fastbot][2026-06-19 04:13:19.474] --> END POST (73-byte body)
[Fastbot][2026-06-19 04:13:19.607] <-- 200 OK  http://127.0.0.1:9008/jsonrpc/0 (132ms)
[Fastbot][2026-06-19 04:13:19.607] Content-Type: application/json
[Fastbot][2026-06-19 04:13:19.608] Date: Fri, 19 Jun 2026 08:13:19 GMT
[Fastbot][2026-06-19 04:13:19.609] Connection: keep-alive
[Fastbot][2026-06-19 04:13:19.611] Transfer-Encoding: chunked
[Fastbot][2026-06-19 04:13:19.652] 
[Fastbot][2026-06-19 04:13:19.652] {"jsonrpc":"2.0","id":1,"result":true}

[Fastbot][2026-06-19 04:13:19.652] <-- END HTTP (39-byte body)
[Fastbot][2026-06-19 04:13:20.194] [Proxy Server] Forwarding
[Fastbot][2026-06-19 04:13:20.195] --> POST http://127.0.0.1:9008/jsonrpc/0
[Fastbot][2026-06-19 04:13:20.195] Content-Type: application/json; charset=utf-8
[Fastbot][2026-06-19 04:13:20.195] Content-Length: 226
[Fastbot][2026-06-19 04:13:20.195] 
[Fastbot][2026-06-19 04:13:20.195] {"jsonrpc": "2.0", "id": 1, "method": "waitForExists", "params": [{"mask": 2097153, "childOrSibling": [], "childOrSiblingSelector": [], "resourceId": "it.feio.android.omninotes.alpha:id/title", "text": "Reduced view"}, 20000]}
[Fastbot][2026-06-19 04:13:20.195] --> END POST (226-byte body)
[Fastbot][2026-06-19 04:13:20.296] <-- 200 OK  http://127.0.0.1:9008/jsonrpc/0 (100ms)
[Fastbot][2026-06-19 04:13:20.296] Content-Type: application/json
[Fastbot][2026-06-19 04:13:20.296] Date: Fri, 19 Jun 2026 08:13:20 GMT
[Fastbot][2026-06-19 04:13:20.296] Connection: keep-alive
[Fastbot][2026-06-19 04:13:20.296] Transfer-Encoding: chunked
[Fastbot][2026-06-19 04:13:20.297] 
[Fastbot][2026-06-19 04:13:20.298] {"jsonrpc":"2.0","id":1,"result":true}

[Fastbot][2026-06-19 04:13:20.299] <-- END HTTP (39-byte body)
[Fastbot][2026-06-19 04:13:20.344] [Proxy Server] Forwarding
[Fastbot][2026-06-19 04:13:20.345] --> POST http://127.0.0.1:9008/jsonrpc/0
[Fastbot][2026-06-19 04:13:20.345] Content-Type: application/json; charset=utf-8
[Fastbot][2026-06-19 04:13:20.346] Content-Length: 213
[Fastbot][2026-06-19 04:13:20.346] 
[Fastbot][2026-06-19 04:13:20.347] {"jsonrpc": "2.0", "id": 1, "method": "objInfo", "params": [{"mask": 2097153, "childOrSibling": [], "childOrSiblingSelector": [], "resourceId": "it.feio.android.omninotes.alpha:id/title", "text": "Reduced view"}]}
[Fastbot][2026-06-19 04:13:20.348] --> END POST (213-byte body)
[Fastbot][2026-06-19 04:13:20.573] <-- 200 OK  http://127.0.0.1:9008/jsonrpc/0 (224ms)
[Fastbot][2026-06-19 04:13:20.573] Content-Type: application/json
[Fastbot][2026-06-19 04:13:20.573] Date: Fri, 19 Jun 2026 08:13:20 GMT
[Fastbot][2026-06-19 04:13:20.573] Connection: keep-alive
[Fastbot][2026-06-19 04:13:20.573] Transfer-Encoding: chunked
[Fastbot][2026-06-19 04:13:20.574] 
[Fastbot][2026-06-19 04:13:20.574] {"jsonrpc":"2.0","id":1,"result":{"bounds":{"bottom":261,"left":574,"right":1025,"top":202},"childCount":0,"className":"android.widget.TextView","contentDescription":null,"packageName":"it.feio.android.omninotes.alpha","resourceName":"it.feio.android.omninotes.alpha:id/title","text":"Reduced view","...[truncated]
[Fastbot][2026-06-19 04:13:20.574] <-- END HTTP (525-byte body)
[Fastbot][2026-06-19 04:13:20.606] [Proxy Server] Detected script method: click
[Fastbot][2026-06-19 04:13:20.607] [Proxy Server] Forwarding
[Fastbot][2026-06-19 04:13:20.607] --> POST http://127.0.0.1:9008/jsonrpc/0
[Fastbot][2026-06-19 04:13:20.607] Content-Type: application/json; charset=utf-8
[Fastbot][2026-06-19 04:13:20.607] Content-Length: 72
[Fastbot][2026-06-19 04:13:20.608] 
[Fastbot][2026-06-19 04:13:20.608] {"jsonrpc": "2.0", "id": 1, "method": "click", "params": [799.5, 231.5]}
[Fastbot][2026-06-19 04:13:20.608] --> END POST (72-byte body)
[Fastbot][2026-06-19 04:13:20.751] <-- 200 OK  http://127.0.0.1:9008/jsonrpc/0 (142ms)
[Fastbot][2026-06-19 04:13:20.752] Content-Type: application/json
[Fastbot][2026-06-19 04:13:20.752] Date: Fri, 19 Jun 2026 08:13:20 GMT
[Fastbot][2026-06-19 04:13:20.752] Connection: keep-alive
[Fastbot][2026-06-19 04:13:20.752] Transfer-Encoding: chunked
[Fastbot][2026-06-19 04:13:20.792] 
[Fastbot][2026-06-19 04:13:20.793] {"jsonrpc":"2.0","id":1,"result":true}

[Fastbot][2026-06-19 04:13:20.793] <-- END HTTP (39-byte body)
[Fastbot][2026-06-19 04:13:21.329] [Proxy Server] Forwarding
[Fastbot][2026-06-19 04:13:21.330] --> POST http://127.0.0.1:9008/jsonrpc/0
[Fastbot][2026-06-19 04:13:21.330] Content-Type: application/json; charset=utf-8
[Fastbot][2026-06-19 04:13:21.330] Content-Length: 211
[Fastbot][2026-06-19 04:13:21.330] 
[Fastbot][2026-06-19 04:13:21.330] {"jsonrpc": "2.0", "id": 1, "method": "waitForExists", "params": [{"mask": 80, "childOrSibling": [], "childOrSiblingSelector": [], "className": "android.widget.ImageView", "description": "More options"}, 20000]}
[Fastbot][2026-06-19 04:13:21.330] --> END POST (211-byte body)
[Fastbot][2026-06-19 04:13:21.356] <-- 200 OK  http://127.0.0.1:9008/jsonrpc/0 (25ms)
[Fastbot][2026-06-19 04:13:21.356] Content-Type: application/json
[Fastbot][2026-06-19 04:13:21.356] Date: Fri, 19 Jun 2026 08:13:21 GMT
[Fastbot][2026-06-19 04:13:21.356] Connection: keep-alive
[Fastbot][2026-06-19 04:13:21.357] Transfer-Encoding: chunked
[Fastbot][2026-06-19 04:13:21.357] 
[Fastbot][2026-06-19 04:13:21.357] {"jsonrpc":"2.0","id":1,"result":true}

[Fastbot][2026-06-19 04:13:21.357] <-- END HTTP (39-byte body)
[Fastbot][2026-06-19 04:13:21.393] [Proxy Server] Forwarding
[Fastbot][2026-06-19 04:13:21.394] --> POST http://127.0.0.1:9008/jsonrpc/0
[Fastbot][2026-06-19 04:13:21.394] Content-Type: application/json; charset=utf-8
[Fastbot][2026-06-19 04:13:21.395] Content-Length: 198
[Fastbot][2026-06-19 04:13:21.396] 
[Fastbot][2026-06-19 04:13:21.396] {"jsonrpc": "2.0", "id": 1, "method": "objInfo", "params": [{"mask": 80, "childOrSibling": [], "childOrSiblingSelector": [], "className": "android.widget.ImageView", "description": "More options"}]}
[Fastbot][2026-06-19 04:13:21.396] --> END POST (198-byte body)
[Fastbot][2026-06-19 04:13:21.435] <-- 200 OK  http://127.0.0.1:9008/jsonrpc/0 (38ms)
[Fastbot][2026-06-19 04:13:21.435] Content-Type: application/json
[Fastbot][2026-06-19 04:13:21.435] Date: Fri, 19 Jun 2026 08:13:21 GMT
[Fastbot][2026-06-19 04:13:21.435] Connection: keep-alive
[Fastbot][2026-06-19 04:13:21.436] Transfer-Encoding: chunked
[Fastbot][2026-06-19 04:13:21.437] 
[Fastbot][2026-06-19 04:13:21.437] {"jsonrpc":"2.0","id":1,"result":{"bounds":{"bottom":275,"left":969,"right":1080,"top":143},"childCount":0,"className":"android.widget.ImageView","contentDescription":"More options","packageName":"it.feio.android.omninotes.alpha","resourceName":null,"text":null,"visibleBounds":{"bottom":275,"left":9...[truncated]
[Fastbot][2026-06-19 04:13:21.437] <-- END HTTP (485-byte body)
[Fastbot][2026-06-19 04:13:21.471] [Proxy Server] Detected script method: click
[Fastbot][2026-06-19 04:13:21.472] [Proxy Server] Forwarding
[Fastbot][2026-06-19 04:13:21.473] --> POST http://127.0.0.1:9008/jsonrpc/0
[Fastbot][2026-06-19 04:13:21.473] Content-Type: application/json; charset=utf-8
[Fastbot][2026-06-19 04:13:21.473] Content-Length: 73
[Fastbot][2026-06-19 04:13:21.473] 
[Fastbot][2026-06-19 04:13:21.473] {"jsonrpc": "2.0", "id": 1, "method": "click", "params": [1024.5, 209.0]}
[Fastbot][2026-06-19 04:13:21.474] --> END POST (73-byte body)
[Fastbot][2026-06-19 04:13:21.622] <-- 200 OK  http://127.0.0.1:9008/jsonrpc/0 (147ms)
[Fastbot][2026-06-19 04:13:21.624] Content-Type: application/json
[Fastbot][2026-06-19 04:13:21.624] Date: Fri, 19 Jun 2026 08:13:21 GMT
[Fastbot][2026-06-19 04:13:21.624] Connection: keep-alive
[Fastbot][2026-06-19 04:13:21.625] Transfer-Encoding: chunked
[Fastbot][2026-06-19 04:13:21.626] 
[Fastbot][2026-06-19 04:13:21.626] {"jsonrpc":"2.0","id":1,"result":true}

[Fastbot][2026-06-19 04:13:21.626] <-- END HTTP (39-byte body)
[Fastbot][2026-06-19 04:13:22.156] [Proxy Server] Forwarding
[Fastbot][2026-06-19 04:13:22.157] --> POST http://127.0.0.1:9008/jsonrpc/0
[Fastbot][2026-06-19 04:13:22.157] Content-Type: application/json; charset=utf-8
[Fastbot][2026-06-19 04:13:22.157] Content-Length: 227
[Fastbot][2026-06-19 04:13:22.157] 
[Fastbot][2026-06-19 04:13:22.158] {"jsonrpc": "2.0", "id": 1, "method": "waitForExists", "params": [{"mask": 2097153, "childOrSibling": [], "childOrSiblingSelector": [], "resourceId": "it.feio.android.omninotes.alpha:id/title", "text": "Expanded view"}, 20000]}
[Fastbot][2026-06-19 04:13:22.158] --> END POST (227-byte body)
[Fastbot][2026-06-19 04:13:22.178] <-- 200 OK  http://127.0.0.1:9008/jsonrpc/0 (19ms)
[Fastbot][2026-06-19 04:13:22.178] Content-Type: application/json
[Fastbot][2026-06-19 04:13:22.179] Date: Fri, 19 Jun 2026 08:13:22 GMT
[Fastbot][2026-06-19 04:13:22.179] Connection: keep-alive
[Fastbot][2026-06-19 04:13:22.180] Transfer-Encoding: chunked
[Fastbot][2026-06-19 04:13:22.181] 
[Fastbot][2026-06-19 04:13:22.181] {"jsonrpc":"2.0","id":1,"result":true}

[Fastbot][2026-06-19 04:13:22.181] <-- END HTTP (39-byte body)
[Fastbot][2026-06-19 04:13:22.219] [Proxy Server] Forwarding
[Fastbot][2026-06-19 04:13:22.220] --> POST http://127.0.0.1:9008/jsonrpc/0
[Fastbot][2026-06-19 04:13:22.220] Content-Type: application/json; charset=utf-8
[Fastbot][2026-06-19 04:13:22.221] Content-Length: 214
[Fastbot][2026-06-19 04:13:22.221] 
[Fastbot][2026-06-19 04:13:22.221] {"jsonrpc": "2.0", "id": 1, "method": "objInfo", "params": [{"mask": 2097153, "childOrSibling": [], "childOrSiblingSelector": [], "resourceId": "it.feio.android.omninotes.alpha:id/title", "text": "Expanded view"}]}
[Fastbot][2026-06-19 04:13:22.222] --> END POST (214-byte body)
[Fastbot][2026-06-19 04:13:22.252] <-- 200 OK  http://127.0.0.1:9008/jsonrpc/0 (30ms)
[Fastbot][2026-06-19 04:13:22.252] Content-Type: application/json
[Fastbot][2026-06-19 04:13:22.253] Date: Fri, 19 Jun 2026 08:13:22 GMT
[Fastbot][2026-06-19 04:13:22.253] Connection: keep-alive
[Fastbot][2026-06-19 04:13:22.253] Transfer-Encoding: chunked
[Fastbot][2026-06-19 04:13:22.254] 
[Fastbot][2026-06-19 04:13:22.254] {"jsonrpc":"2.0","id":1,"result":{"bounds":{"bottom":261,"left":574,"right":1025,"top":202},"childCount":0,"className":"android.widget.TextView","contentDescription":null,"packageName":"it.feio.android.omninotes.alpha","resourceName":"it.feio.android.omninotes.alpha:id/title","text":"Expanded view",...[truncated]
[Fastbot][2026-06-19 04:13:22.254] <-- END HTTP (526-byte body)
[Fastbot][2026-06-19 04:13:22.296] [Proxy Server] Detected script method: click
[Fastbot][2026-06-19 04:13:22.297] [Proxy Server] Forwarding
[Fastbot][2026-06-19 04:13:22.297] --> POST http://127.0.0.1:9008/jsonrpc/0
[Fastbot][2026-06-19 04:13:22.297] Content-Type: application/json; charset=utf-8
[Fastbot][2026-06-19 04:13:22.297] Content-Length: 72
[Fastbot][2026-06-19 04:13:22.298] 
[Fastbot][2026-06-19 04:13:22.298] {"jsonrpc": "2.0", "id": 1, "method": "click", "params": [799.5, 231.5]}
[Fastbot][2026-06-19 04:13:22.298] --> END POST (72-byte body)
[Fastbot][2026-06-19 04:13:22.457] <-- 200 OK  http://127.0.0.1:9008/jsonrpc/0 (158ms)
[Fastbot][2026-06-19 04:13:22.457] Content-Type: application/json
[Fastbot][2026-06-19 04:13:22.457] Date: Fri, 19 Jun 2026 08:13:22 GMT
[Fastbot][2026-06-19 04:13:22.458] Connection: keep-alive
[Fastbot][2026-06-19 04:13:22.458] Transfer-Encoding: chunked
[Fastbot][2026-06-19 04:13:22.458] 
[Fastbot][2026-06-19 04:13:22.458] {"jsonrpc":"2.0","id":1,"result":true}

[Fastbot][2026-06-19 04:13:22.458] <-- END HTTP (39-byte body)
[Fastbot][2026-06-19 04:13:23.231] --> POST http://127.0.0.1:9008/jsonrpc/0
[Fastbot][2026-06-19 04:13:23.231] Content-Type: application/json; charset=utf-8
[Fastbot][2026-06-19 04:13:23.231] Content-Length: 75
[Fastbot][2026-06-19 04:13:23.231] 
[Fastbot][2026-06-19 04:13:23.231] {"id":1,"jsonrpc":"2.0","method":"dumpWindowHierarchy","params":[false,50]}
[Fastbot][2026-06-19 04:13:23.231] --> END POST (75-byte body)
[Fastbot][2026-06-19 04:13:23.276] <-- 200 OK  http://127.0.0.1:9008/jsonrpc/0 (44ms)
[Fastbot][2026-06-19 04:13:23.276] Content-Type: application/json
[Fastbot][2026-06-19 04:13:23.276] Date: Fri, 19 Jun 2026 08:13:23 GMT
[Fastbot][2026-06-19 04:13:23.276] Connection: keep-alive
[Fastbot][2026-06-19 04:13:23.276] Transfer-Encoding: chunked
[Fastbot][2026-06-19 04:13:23.279] 
[Fastbot][2026-06-19 04:13:23.279] {"jsonrpc":"2.0","id":1,"result":"<?xml version='1.0' encoding='UTF-8' standalone='yes' ?>\r\n<hierarchy rotation=\"0\">\r\n  <node index=\"0\" text=\"\" resource-id=\"com.android.systemui:id/navigation_bar_frame\" class=\"android.widget.FrameLayout\" package=\"com.android.systemui\" content-desc=\"...[truncated]
[Fastbot][2026-06-19 04:13:23.279] <-- END HTTP (60313-byte body)
[Fastbot][2026-06-19 04:13:23.341] [Proxy Server] Forwarding
[Fastbot][2026-06-19 04:13:23.343] --> POST http://127.0.0.1:9008/jsonrpc/0
[Fastbot][2026-06-19 04:13:23.343] Content-Type: application/json; charset=utf-8
[Fastbot][2026-06-19 04:13:23.344] Content-Length: 211
[Fastbot][2026-06-19 04:13:23.345] 
[Fastbot][2026-06-19 04:13:23.346] {"jsonrpc": "2.0", "id": 1, "method": "waitForExists", "params": [{"mask": 80, "childOrSibling": [], "childOrSiblingSelector": [], "className": "android.widget.ImageView", "description": "More options"}, 20000]}
[Fastbot][2026-06-19 04:13:23.346] --> END POST (211-byte body)
[Fastbot][2026-06-19 04:13:23.359] <-- 200 OK  http://127.0.0.1:9008/jsonrpc/0 (13ms)
[Fastbot][2026-06-19 04:13:23.360] Content-Type: application/json
[Fastbot][2026-06-19 04:13:23.360] Date: Fri, 19 Jun 2026 08:13:23 GMT
[Fastbot][2026-06-19 04:13:23.361] Connection: keep-alive
[Fastbot][2026-06-19 04:13:23.361] Transfer-Encoding: chunked
[Fastbot][2026-06-19 04:13:23.362] 
[Fastbot][2026-06-19 04:13:23.363] {"jsonrpc":"2.0","id":1,"result":true}

[Fastbot][2026-06-19 04:13:23.363] <-- END HTTP (39-byte body)
[Fastbot][2026-06-19 04:13:23.419] [Proxy Server] Forwarding
[Fastbot][2026-06-19 04:13:23.420] --> POST http://127.0.0.1:9008/jsonrpc/0
[Fastbot][2026-06-19 04:13:23.421] Content-Type: application/json; charset=utf-8
[Fastbot][2026-06-19 04:13:23.421] Content-Length: 198
[Fastbot][2026-06-19 04:13:23.421] 
[Fastbot][2026-06-19 04:13:23.421] {"jsonrpc": "2.0", "id": 1, "method": "objInfo", "params": [{"mask": 80, "childOrSibling": [], "childOrSiblingSelector": [], "className": "android.widget.ImageView", "description": "More options"}]}
[Fastbot][2026-06-19 04:13:23.422] --> END POST (198-byte body)
[Fastbot][2026-06-19 04:13:23.449] <-- 200 OK  http://127.0.0.1:9008/jsonrpc/0 (26ms)
[Fastbot][2026-06-19 04:13:23.449] Content-Type: application/json
[Fastbot][2026-06-19 04:13:23.450] Date: Fri, 19 Jun 2026 08:13:23 GMT
[Fastbot][2026-06-19 04:13:23.450] Connection: keep-alive
[Fastbot][2026-06-19 04:13:23.450] Transfer-Encoding: chunked
[Fastbot][2026-06-19 04:13:23.451] 
[Fastbot][2026-06-19 04:13:23.451] {"jsonrpc":"2.0","id":1,"result":{"bounds":{"bottom":275,"left":969,"right":1080,"top":143},"childCount":0,"className":"android.widget.ImageView","contentDescription":"More options","packageName":"it.feio.android.omninotes.alpha","resourceName":null,"text":null,"visibleBounds":{"bottom":275,"left":9...[truncated]
[Fastbot][2026-06-19 04:13:23.451] <-- END HTTP (485-byte body)
[Fastbot][2026-06-19 04:13:23.483] [Proxy Server] Detected script method: click
[Fastbot][2026-06-19 04:13:23.484] [Proxy Server] Forwarding
[Fastbot][2026-06-19 04:13:23.484] --> POST http://127.0.0.1:9008/jsonrpc/0
[Fastbot][2026-06-19 04:13:23.484] Content-Type: application/json; charset=utf-8
[Fastbot][2026-06-19 04:13:23.485] Content-Length: 73
[Fastbot][2026-06-19 04:13:23.485] 
[Fastbot][2026-06-19 04:13:23.485] {"jsonrpc": "2.0", "id": 1, "method": "click", "params": [1024.5, 209.0]}
[Fastbot][2026-06-19 04:13:23.485] --> END POST (73-byte body)
[Fastbot][2026-06-19 04:13:23.625] <-- 200 OK  http://127.0.0.1:9008/jsonrpc/0 (139ms)
[Fastbot][2026-06-19 04:13:23.625] Content-Type: application/json
[Fastbot][2026-06-19 04:13:23.625] Date: Fri, 19 Jun 2026 08:13:23 GMT
[Fastbot][2026-06-19 04:13:23.625] Connection: keep-alive
[Fastbot][2026-06-19 04:13:23.625] Transfer-Encoding: chunked
[Fastbot][2026-06-19 04:13:23.632] 
[Fastbot][2026-06-19 04:13:23.632] {"jsonrpc":"2.0","id":1,"result":true}

[Fastbot][2026-06-19 04:13:23.632] <-- END HTTP (39-byte body)
[Fastbot][2026-06-19 04:13:24.182] [Proxy Server] Forwarding
[Fastbot][2026-06-19 04:13:24.183] --> POST http://127.0.0.1:9008/jsonrpc/0
[Fastbot][2026-06-19 04:13:24.183] Content-Type: application/json; charset=utf-8
[Fastbot][2026-06-19 04:13:24.183] Content-Length: 226
[Fastbot][2026-06-19 04:13:24.183] 
[Fastbot][2026-06-19 04:13:24.183] {"jsonrpc": "2.0", "id": 1, "method": "waitForExists", "params": [{"mask": 2097153, "childOrSibling": [], "childOrSiblingSelector": [], "resourceId": "it.feio.android.omninotes.alpha:id/title", "text": "Reduced view"}, 20000]}
[Fastbot][2026-06-19 04:13:24.183] --> END POST (226-byte body)
[Fastbot][2026-06-19 04:13:24.204] <-- 200 OK  http://127.0.0.1:9008/jsonrpc/0 (20ms)
[Fastbot][2026-06-19 04:13:24.204] Content-Type: application/json
[Fastbot][2026-06-19 04:13:24.204] Date: Fri, 19 Jun 2026 08:13:24 GMT
[Fastbot][2026-06-19 04:13:24.205] Connection: keep-alive
[Fastbot][2026-06-19 04:13:24.205] Transfer-Encoding: chunked
[Fastbot][2026-06-19 04:13:24.206] 
[Fastbot][2026-06-19 04:13:24.206] {"jsonrpc":"2.0","id":1,"result":true}

[Fastbot][2026-06-19 04:13:24.207] <-- END HTTP (39-byte body)
[Fastbot][2026-06-19 04:13:24.251] [Proxy Server] Forwarding
[Fastbot][2026-06-19 04:13:24.252] --> POST http://127.0.0.1:9008/jsonrpc/0
[Fastbot][2026-06-19 04:13:24.253] Content-Type: application/json; charset=utf-8
[Fastbot][2026-06-19 04:13:24.253] Content-Length: 213
[Fastbot][2026-06-19 04:13:24.253] 
[Fastbot][2026-06-19 04:13:24.254] {"jsonrpc": "2.0", "id": 1, "method": "objInfo", "params": [{"mask": 2097153, "childOrSibling": [], "childOrSiblingSelector": [], "resourceId": "it.feio.android.omninotes.alpha:id/title", "text": "Reduced view"}]}
[Fastbot][2026-06-19 04:13:24.254] --> END POST (213-byte body)
[Fastbot][2026-06-19 04:13:24.350] <-- 200 OK  http://127.0.0.1:9008/jsonrpc/0 (95ms)
[Fastbot][2026-06-19 04:13:24.351] Content-Type: application/json
[Fastbot][2026-06-19 04:13:24.351] Date: Fri, 19 Jun 2026 08:13:24 GMT
[Fastbot][2026-06-19 04:13:24.352] Connection: keep-alive
[Fastbot][2026-06-19 04:13:24.352] Transfer-Encoding: chunked
[Fastbot][2026-06-19 04:13:24.354] 
[Fastbot][2026-06-19 04:13:24.354] {"jsonrpc":"2.0","id":1,"result":{"bounds":{"bottom":261,"left":574,"right":1025,"top":202},"childCount":0,"className":"android.widget.TextView","contentDescription":null,"packageName":"it.feio.android.omninotes.alpha","resourceName":"it.feio.android.omninotes.alpha:id/title","text":"Reduced view","...[truncated]
[Fastbot][2026-06-19 04:13:24.354] <-- END HTTP (525-byte body)
[Fastbot][2026-06-19 04:13:24.408] [Proxy Server] Detected script method: click
[Fastbot][2026-06-19 04:13:24.409] [Proxy Server] Forwarding
[Fastbot][2026-06-19 04:13:24.409] --> POST http://127.0.0.1:9008/jsonrpc/0
[Fastbot][2026-06-19 04:13:24.410] Content-Type: application/json; charset=utf-8
[Fastbot][2026-06-19 04:13:24.410] Content-Length: 72
[Fastbot][2026-06-19 04:13:24.411] 
[Fastbot][2026-06-19 04:13:24.411] {"jsonrpc": "2.0", "id": 1, "method": "click", "params": [799.5, 231.5]}
[Fastbot][2026-06-19 04:13:24.412] --> END POST (72-byte body)
[Fastbot][2026-06-19 04:13:24.553] <-- 200 OK  http://127.0.0.1:9008/jsonrpc/0 (141ms)
[Fastbot][2026-06-19 04:13:24.554] Content-Type: application/json
[Fastbot][2026-06-19 04:13:24.554] Date: Fri, 19 Jun 2026 08:13:24 GMT
[Fastbot][2026-06-19 04:13:24.554] Connection: keep-alive
[Fastbot][2026-06-19 04:13:24.554] Transfer-Encoding: chunked
[Fastbot][2026-06-19 04:13:24.554] 
[Fastbot][2026-06-19 04:13:24.554] {"jsonrpc":"2.0","id":1,"result":true}

[Fastbot][2026-06-19 04:13:24.554] <-- END HTTP (39-byte body)
[Fastbot][2026-06-19 04:13:25.098] [Proxy Server] Forwarding
[Fastbot][2026-06-19 04:13:25.099] --> POST http://127.0.0.1:9008/jsonrpc/0
[Fastbot][2026-06-19 04:13:25.099] Content-Type: application/json; charset=utf-8
[Fastbot][2026-06-19 04:13:25.099] Content-Length: 211
[Fastbot][2026-06-19 04:13:25.100] 
[Fastbot][2026-06-19 04:13:25.100] {"jsonrpc": "2.0", "id": 1, "method": "waitForExists", "params": [{"mask": 80, "childOrSibling": [], "childOrSiblingSelector": [], "className": "android.widget.ImageView", "description": "More options"}, 20000]}
[Fastbot][2026-06-19 04:13:25.100] --> END POST (211-byte body)
[Fastbot][2026-06-19 04:13:25.117] <-- 200 OK  http://127.0.0.1:9008/jsonrpc/0 (16ms)
[Fastbot][2026-06-19 04:13:25.117] Content-Type: application/json
[Fastbot][2026-06-19 04:13:25.117] Date: Fri, 19 Jun 2026 08:13:25 GMT
[Fastbot][2026-06-19 04:13:25.119] Connection: keep-alive
[Fastbot][2026-06-19 04:13:25.119] Transfer-Encoding: chunked
[Fastbot][2026-06-19 04:13:25.121] 
[Fastbot][2026-06-19 04:13:25.121] {"jsonrpc":"2.0","id":1,"result":true}

[Fastbot][2026-06-19 04:13:25.121] <-- END HTTP (39-byte body)
[Fastbot][2026-06-19 04:13:25.147] [Proxy Server] Forwarding
[Fastbot][2026-06-19 04:13:25.147] --> POST http://127.0.0.1:9008/jsonrpc/0
[Fastbot][2026-06-19 04:13:25.148] Content-Type: application/json; charset=utf-8
[Fastbot][2026-06-19 04:13:25.148] Content-Length: 198
[Fastbot][2026-06-19 04:13:25.148] 
[Fastbot][2026-06-19 04:13:25.148] {"jsonrpc": "2.0", "id": 1, "method": "objInfo", "params": [{"mask": 80, "childOrSibling": [], "childOrSiblingSelector": [], "className": "android.widget.ImageView", "description": "More options"}]}
[Fastbot][2026-06-19 04:13:25.149] --> END POST (198-byte body)
[Fastbot][2026-06-19 04:13:25.177] <-- 200 OK  http://127.0.0.1:9008/jsonrpc/0 (27ms)
[Fastbot][2026-06-19 04:13:25.177] Content-Type: application/json
[Fastbot][2026-06-19 04:13:25.177] Date: Fri, 19 Jun 2026 08:13:25 GMT
[Fastbot][2026-06-19 04:13:25.178] Connection: keep-alive
[Fastbot][2026-06-19 04:13:25.178] Transfer-Encoding: chunked
[Fastbot][2026-06-19 04:13:25.179] 
[Fastbot][2026-06-19 04:13:25.179] {"jsonrpc":"2.0","id":1,"result":{"bounds":{"bottom":275,"left":969,"right":1080,"top":143},"childCount":0,"className":"android.widget.ImageView","contentDescription":"More options","packageName":"it.feio.android.omninotes.alpha","resourceName":null,"text":null,"visibleBounds":{"bottom":275,"left":9...[truncated]
[Fastbot][2026-06-19 04:13:25.179] <-- END HTTP (485-byte body)
[Fastbot][2026-06-19 04:13:25.210] [Proxy Server] Detected script method: click
[Fastbot][2026-06-19 04:13:25.211] [Proxy Server] Forwarding
[Fastbot][2026-06-19 04:13:25.212] --> POST http://127.0.0.1:9008/jsonrpc/0
[Fastbot][2026-06-19 04:13:25.212] Content-Type: application/json; charset=utf-8
[Fastbot][2026-06-19 04:13:25.213] Content-Length: 73
[Fastbot][2026-06-19 04:13:25.213] 
[Fastbot][2026-06-19 04:13:25.214] {"jsonrpc": "2.0", "id": 1, "method": "click", "params": [1024.5, 209.0]}
[Fastbot][2026-06-19 04:13:25.214] --> END POST (73-byte body)
[Fastbot][2026-06-19 04:13:25.353] <-- 200 OK  http://127.0.0.1:9008/jsonrpc/0 (139ms)
[Fastbot][2026-06-19 04:13:25.354] Content-Type: application/json
[Fastbot][2026-06-19 04:13:25.354] Date: Fri, 19 Jun 2026 08:13:25 GMT
[Fastbot][2026-06-19 04:13:25.354] Connection: keep-alive
[Fastbot][2026-06-19 04:13:25.354] Transfer-Encoding: chunked
[Fastbot][2026-06-19 04:13:25.355] 
[Fastbot][2026-06-19 04:13:25.355] {"jsonrpc":"2.0","id":1,"result":true}

[Fastbot][2026-06-19 04:13:25.355] <-- END HTTP (39-byte body)
[Fastbot][2026-06-19 04:13:25.888] [Proxy Server] Forwarding
[Fastbot][2026-06-19 04:13:25.889] --> POST http://127.0.0.1:9008/jsonrpc/0
[Fastbot][2026-06-19 04:13:25.889] Content-Type: application/json; charset=utf-8
[Fastbot][2026-06-19 04:13:25.889] Content-Length: 227
[Fastbot][2026-06-19 04:13:25.889] 
[Fastbot][2026-06-19 04:13:25.889] {"jsonrpc": "2.0", "id": 1, "method": "waitForExists", "params": [{"mask": 2097153, "childOrSibling": [], "childOrSiblingSelector": [], "resourceId": "it.feio.android.omninotes.alpha:id/title", "text": "Expanded view"}, 20000]}
[Fastbot][2026-06-19 04:13:25.890] --> END POST (227-byte body)
[Fastbot][2026-06-19 04:13:25.899] <-- 200 OK  http://127.0.0.1:9008/jsonrpc/0 (9ms)
[Fastbot][2026-06-19 04:13:25.900] Content-Type: application/json
[Fastbot][2026-06-19 04:13:25.900] Date: Fri, 19 Jun 2026 08:13:25 GMT
[Fastbot][2026-06-19 04:13:25.900] Connection: keep-alive
[Fastbot][2026-06-19 04:13:25.900] Transfer-Encoding: chunked
[Fastbot][2026-06-19 04:13:25.901] 
[Fastbot][2026-06-19 04:13:25.901] {"jsonrpc":"2.0","id":1,"result":true}

[Fastbot][2026-06-19 04:13:25.901] <-- END HTTP (39-byte body)
[Fastbot][2026-06-19 04:13:25.928] [Proxy Server] Forwarding
[Fastbot][2026-06-19 04:13:25.928] --> POST http://127.0.0.1:9008/jsonrpc/0
[Fastbot][2026-06-19 04:13:25.929] Content-Type: application/json; charset=utf-8
[Fastbot][2026-06-19 04:13:25.929] Content-Length: 214
[Fastbot][2026-06-19 04:13:25.929] 
[Fastbot][2026-06-19 04:13:25.930] {"jsonrpc": "2.0", "id": 1, "method": "objInfo", "params": [{"mask": 2097153, "childOrSibling": [], "childOrSiblingSelector": [], "resourceId": "it.feio.android.omninotes.alpha:id/title", "text": "Expanded view"}]}
[Fastbot][2026-06-19 04:13:25.930] --> END POST (214-byte body)
[Fastbot][2026-06-19 04:13:25.956] <-- 200 OK  http://127.0.0.1:9008/jsonrpc/0 (25ms)
[Fastbot][2026-06-19 04:13:25.956] Content-Type: application/json
[Fastbot][2026-06-19 04:13:25.956] Date: Fri, 19 Jun 2026 08:13:25 GMT
[Fastbot][2026-06-19 04:13:25.956] Connection: keep-alive
[Fastbot][2026-06-19 04:13:25.956] Transfer-Encoding: chunked
[Fastbot][2026-06-19 04:13:25.958] 
[Fastbot][2026-06-19 04:13:25.958] {"jsonrpc":"2.0","id":1,"result":{"bounds":{"bottom":261,"left":574,"right":1025,"top":202},"childCount":0,"className":"android.widget.TextView","contentDescription":null,"packageName":"it.feio.android.omninotes.alpha","resourceName":"it.feio.android.omninotes.alpha:id/title","text":"Expanded view",...[truncated]
[Fastbot][2026-06-19 04:13:25.958] <-- END HTTP (526-byte body)
[Fastbot][2026-06-19 04:13:25.990] [Proxy Server] Detected script method: click
[Fastbot][2026-06-19 04:13:25.990] [Proxy Server] Forwarding
[Fastbot][2026-06-19 04:13:25.990] --> POST http://127.0.0.1:9008/jsonrpc/0
[Fastbot][2026-06-19 04:13:25.991] Content-Type: application/json; charset=utf-8
[Fastbot][2026-06-19 04:13:25.992] Content-Length: 72
[Fastbot][2026-06-19 04:13:25.992] 
[Fastbot][2026-06-19 04:13:25.992] {"jsonrpc": "2.0", "id": 1, "method": "click", "params": [799.5, 231.5]}
[Fastbot][2026-06-19 04:13:25.992] --> END POST (72-byte body)
[Fastbot][2026-06-19 04:13:26.123] <-- 200 OK  http://127.0.0.1:9008/jsonrpc/0 (130ms)
[Fastbot][2026-06-19 04:13:26.123] Content-Type: application/json
[Fastbot][2026-06-19 04:13:26.123] Date: Fri, 19 Jun 2026 08:13:26 GMT
[Fastbot][2026-06-19 04:13:26.124] Connection: keep-alive
[Fastbot][2026-06-19 04:13:26.124] Transfer-Encoding: chunked
[Fastbot][2026-06-19 04:13:26.125] 
[Fastbot][2026-06-19 04:13:26.126] {"jsonrpc":"2.0","id":1,"result":true}

[Fastbot][2026-06-19 04:13:26.127] <-- END HTTP (39-byte body)
[Fastbot][2026-06-19 04:13:26.878] --> POST http://127.0.0.1:9008/jsonrpc/0
[Fastbot][2026-06-19 04:13:26.878] Content-Type: application/json; charset=utf-8
[Fastbot][2026-06-19 04:13:26.878] Content-Length: 75
[Fastbot][2026-06-19 04:13:26.879] 
[Fastbot][2026-06-19 04:13:26.879] {"id":1,"jsonrpc":"2.0","method":"dumpWindowHierarchy","params":[false,50]}
[Fastbot][2026-06-19 04:13:26.879] --> END POST (75-byte body)
[Fastbot][2026-06-19 04:13:26.924] <-- 200 OK  http://127.0.0.1:9008/jsonrpc/0 (44ms)
[Fastbot][2026-06-19 04:13:26.924] Content-Type: application/json
[Fastbot][2026-06-19 04:13:26.924] Date: Fri, 19 Jun 2026 08:13:26 GMT
[Fastbot][2026-06-19 04:13:26.924] Connection: keep-alive
[Fastbot][2026-06-19 04:13:26.925] Transfer-Encoding: chunked
[Fastbot][2026-06-19 04:13:26.926] 
[Fastbot][2026-06-19 04:13:26.926] {"jsonrpc":"2.0","id":1,"result":"<?xml version='1.0' encoding='UTF-8' standalone='yes' ?>\r\n<hierarchy rotation=\"0\">\r\n  <node index=\"0\" text=\"\" resource-id=\"com.android.systemui:id/navigation_bar_frame\" class=\"android.widget.FrameLayout\" package=\"com.android.systemui\" content-desc=\"...[truncated]
[Fastbot][2026-06-19 04:13:26.927] <-- END HTTP (60313-byte body)
[Fastbot][2026-06-19 04:13:26.948] [ProxyServer] stepsCount: 8
[Fastbot][2026-06-19 04:13:26.948] [ProxyServer] receive request: stepMonkey
[Fastbot][2026-06-19 04:13:26.949] [MonkeySourceApeU2] stepsCount: 8
[Fastbot][2026-06-19 04:13:26.949] [MonkeySourceApeU2] Latest event is MonkeyEvent. Use the cached hierarchy.
[Fastbot][2026-06-19 04:13:26.950] [MonkeySourceApeU2] Successfully Got hierarchy
[Fastbot][2026-06-19 04:13:26.953] // Event id: 91
[Fastbot][2026-06-19 04:13:26.953] topActivity Name: ComponentInfo{it.feio.android.omninotes.alpha/it.feio.android.omninotes.MainActivity}
[Fastbot][2026-06-19 04:13:26.953] // Dumped stringOfGuiTree
[Fastbot][2026-06-19 04:13:26.954] topActivityName: it.feio.android.omninotes.MainActivity
[Fastbot][2026-06-19 04:13:26.959] action type: CLICK
[Fastbot][2026-06-19 04:13:26.959] rpc cost time: 6
[Fastbot]*** WARNING *** checkVirtualKeyboard: Input only once.
[Fastbot][2026-06-19 04:13:26.961] :Sending rotation degree=0, persist=false
[Fastbot][2026-06-19 04:13:26.967] :Sending Touch (ACTION_DOWN): 0:(105.0,230.0)
[Fastbot][2026-06-19 04:13:26.969] :Sending Touch (ACTION_UP): 0:(105.0,230.0)
[Fastbot][2026-06-19 04:13:26.971] Sleeping for 271 milliseconds
[Fastbot][2026-06-19 04:13:27.244] [ProxyServer] Finish monkey step. Dumping hierarchy
[Fastbot][2026-06-19 04:13:27.245] --> POST http://127.0.0.1:9008/jsonrpc/0
[Fastbot][2026-06-19 04:13:27.245] Content-Type: application/json; charset=utf-8
[Fastbot][2026-06-19 04:13:27.245] Content-Length: 75
[Fastbot][2026-06-19 04:13:27.245] 
[Fastbot][2026-06-19 04:13:27.246] {"id":1,"jsonrpc":"2.0","method":"dumpWindowHierarchy","params":[false,50]}
[Fastbot][2026-06-19 04:13:27.246] --> END POST (75-byte body)
[Fastbot][2026-06-19 04:13:27.487] <-- 200 OK  http://127.0.0.1:9008/jsonrpc/0 (241ms)
[Fastbot][2026-06-19 04:13:27.487] Content-Type: application/json
[Fastbot][2026-06-19 04:13:27.487] Date: Fri, 19 Jun 2026 08:13:27 GMT
[Fastbot][2026-06-19 04:13:27.487] Connection: keep-alive
[Fastbot][2026-06-19 04:13:27.487] Transfer-Encoding: chunked
[Fastbot][2026-06-19 04:13:27.493] 
[Fastbot][2026-06-19 04:13:27.494] {"jsonrpc":"2.0","id":1,"result":"<?xml version='1.0' encoding='UTF-8' standalone='yes' ?>\r\n<hierarchy rotation=\"0\">\r\n  <node index=\"0\" text=\"\" resource-id=\"com.android.systemui:id/navigation_bar_frame\" class=\"android.widget.FrameLayout\" package=\"com.android.systemui\" content-desc=\"...[truncated]
[Fastbot][2026-06-19 04:13:27.494] <-- END HTTP (70120-byte body)
[Fastbot][2026-06-19 04:13:27.534] [Proxy Server] Forwarding
[Fastbot][2026-06-19 04:13:27.534] --> POST http://127.0.0.1:9008/jsonrpc/0
[Fastbot][2026-06-19 04:13:27.535] Content-Type: application/json; charset=utf-8
[Fastbot][2026-06-19 04:13:27.535] Content-Length: 211
[Fastbot][2026-06-19 04:13:27.535] 
[Fastbot][2026-06-19 04:13:27.536] {"jsonrpc": "2.0", "id": 1, "method": "waitForExists", "params": [{"mask": 80, "childOrSibling": [], "childOrSiblingSelector": [], "className": "android.widget.ImageView", "description": "More options"}, 20000]}
[Fastbot][2026-06-19 04:13:27.536] --> END POST (211-byte body)
[Fastbot][2026-06-19 04:13:27.554] <-- 200 OK  http://127.0.0.1:9008/jsonrpc/0 (17ms)
[Fastbot][2026-06-19 04:13:27.554] Content-Type: application/json
[Fastbot][2026-06-19 04:13:27.554] Date: Fri, 19 Jun 2026 08:13:27 GMT
[Fastbot][2026-06-19 04:13:27.554] Connection: keep-alive
[Fastbot][2026-06-19 04:13:27.555] Transfer-Encoding: chunked
[Fastbot][2026-06-19 04:13:27.556] 
[Fastbot][2026-06-19 04:13:27.556] {"jsonrpc":"2.0","id":1,"result":true}

[Fastbot][2026-06-19 04:13:27.557] <-- END HTTP (39-byte body)
[Fastbot][2026-06-19 04:13:27.594] [Proxy Server] Forwarding
[Fastbot][2026-06-19 04:13:27.595] --> POST http://127.0.0.1:9008/jsonrpc/0
[Fastbot][2026-06-19 04:13:27.595] Content-Type: application/json; charset=utf-8
[Fastbot][2026-06-19 04:13:27.595] Content-Length: 198
[Fastbot][2026-06-19 04:13:27.595] 
[Fastbot][2026-06-19 04:13:27.596] {"jsonrpc": "2.0", "id": 1, "method": "objInfo", "params": [{"mask": 80, "childOrSibling": [], "childOrSiblingSelector": [], "className": "android.widget.ImageView", "description": "More options"}]}
[Fastbot][2026-06-19 04:13:27.596] --> END POST (198-byte body)
[Fastbot][2026-06-19 04:13:27.627] <-- 200 OK  http://127.0.0.1:9008/jsonrpc/0 (31ms)
[Fastbot][2026-06-19 04:13:27.627] Content-Type: application/json
[Fastbot][2026-06-19 04:13:27.628] Date: Fri, 19 Jun 2026 08:13:27 GMT
[Fastbot][2026-06-19 04:13:27.628] Connection: keep-alive
[Fastbot][2026-06-19 04:13:27.628] Transfer-Encoding: chunked
[Fastbot][2026-06-19 04:13:27.629] 
[Fastbot][2026-06-19 04:13:27.629] {"jsonrpc":"2.0","id":1,"result":{"bounds":{"bottom":275,"left":969,"right":1080,"top":143},"childCount":0,"className":"android.widget.ImageView","contentDescription":"More options","packageName":"it.feio.android.omninotes.alpha","resourceName":null,"text":null,"visibleBounds":{"bottom":275,"left":9...[truncated]
[Fastbot][2026-06-19 04:13:27.630] <-- END HTTP (485-byte body)
[Fastbot][2026-06-19 04:13:27.671] [Proxy Server] Detected script method: click
[Fastbot][2026-06-19 04:13:27.672] [Proxy Server] Forwarding
[Fastbot][2026-06-19 04:13:27.673] --> POST http://127.0.0.1:9008/jsonrpc/0
[Fastbot][2026-06-19 04:13:27.673] Content-Type: application/json; charset=utf-8
[Fastbot][2026-06-19 04:13:27.673] Content-Length: 73
[Fastbot][2026-06-19 04:13:27.674] 
[Fastbot][2026-06-19 04:13:27.674] {"jsonrpc": "2.0", "id": 1, "method": "click", "params": [1024.5, 209.0]}
[Fastbot][2026-06-19 04:13:27.675] --> END POST (73-byte body)
[Fastbot][2026-06-19 04:13:27.808] <-- 200 OK  http://127.0.0.1:9008/jsonrpc/0 (128ms)
[Fastbot][2026-06-19 04:13:27.808] Content-Type: application/json
[Fastbot][2026-06-19 04:13:27.809] Date: Fri, 19 Jun 2026 08:13:27 GMT
[Fastbot][2026-06-19 04:13:27.809] Connection: keep-alive
[Fastbot][2026-06-19 04:13:27.809] Transfer-Encoding: chunked
[Fastbot][2026-06-19 04:13:27.810] 
[Fastbot][2026-06-19 04:13:27.810] {"jsonrpc":"2.0","id":1,"result":true}

[Fastbot][2026-06-19 04:13:27.811] <-- END HTTP (39-byte body)
[Fastbot][2026-06-19 04:13:28.367] [Proxy Server] Forwarding
[Fastbot][2026-06-19 04:13:28.367] --> POST http://127.0.0.1:9008/jsonrpc/0
[Fastbot][2026-06-19 04:13:28.367] Content-Type: application/json; charset=utf-8
[Fastbot][2026-06-19 04:13:28.367] Content-Length: 226
[Fastbot][2026-06-19 04:13:28.369] 
[Fastbot][2026-06-19 04:13:28.370] {"jsonrpc": "2.0", "id": 1, "method": "waitForExists", "params": [{"mask": 2097153, "childOrSibling": [], "childOrSiblingSelector": [], "resourceId": "it.feio.android.omninotes.alpha:id/title", "text": "Reduced view"}, 20000]}
[Fastbot][2026-06-19 04:13:28.371] --> END POST (226-byte body)
[Fastbot][2026-06-19 04:13:34.478] <-- 200 OK  http://127.0.0.1:9008/jsonrpc/0 (6106ms)
[Fastbot][2026-06-19 04:13:34.479] Content-Type: application/json
[Fastbot][2026-06-19 04:13:34.479] Date: Fri, 19 Jun 2026 08:13:34 GMT
[Fastbot][2026-06-19 04:13:34.479] Connection: keep-alive
[Fastbot][2026-06-19 04:13:34.479] Transfer-Encoding: chunked
[Fastbot][2026-06-19 04:13:34.479] 
[Fastbot][2026-06-19 04:13:34.480] {"jsonrpc":"2.0","id":1,"result":true}

[Fastbot][2026-06-19 04:13:34.480] <-- END HTTP (39-byte body)
[Fastbot][2026-06-19 04:13:34.517] [Proxy Server] Forwarding
[Fastbot][2026-06-19 04:13:34.517] --> POST http://127.0.0.1:9008/jsonrpc/0
[Fastbot][2026-06-19 04:13:34.517] Content-Type: application/json; charset=utf-8
[Fastbot][2026-06-19 04:13:34.518] Content-Length: 213
[Fastbot][2026-06-19 04:13:34.518] 
[Fastbot][2026-06-19 04:13:34.518] {"jsonrpc": "2.0", "id": 1, "method": "objInfo", "params": [{"mask": 2097153, "childOrSibling": [], "childOrSiblingSelector": [], "resourceId": "it.feio.android.omninotes.alpha:id/title", "text": "Reduced view"}]}
[Fastbot][2026-06-19 04:13:34.519] --> END POST (213-byte body)
[Fastbot][2026-06-19 04:13:34.544] <-- 200 OK  http://127.0.0.1:9008/jsonrpc/0 (24ms)
[Fastbot][2026-06-19 04:13:34.544] Content-Type: application/json
[Fastbot][2026-06-19 04:13:34.545] Date: Fri, 19 Jun 2026 08:13:34 GMT
[Fastbot][2026-06-19 04:13:34.546] Connection: keep-alive
[Fastbot][2026-06-19 04:13:34.546] Transfer-Encoding: chunked
[Fastbot][2026-06-19 04:13:34.547] 
[Fastbot][2026-06-19 04:13:34.547] {"jsonrpc":"2.0","id":1,"result":{"bounds":{"bottom":261,"left":574,"right":1025,"top":202},"childCount":0,"className":"android.widget.TextView","contentDescription":null,"packageName":"it.feio.android.omninotes.alpha","resourceName":"it.feio.android.omninotes.alpha:id/title","text":"Reduced view","...[truncated]
[Fastbot][2026-06-19 04:13:34.548] <-- END HTTP (525-byte body)
[Fastbot][2026-06-19 04:13:34.578] [Proxy Server] Detected script method: click
[Fastbot][2026-06-19 04:13:34.579] [Proxy Server] Forwarding
[Fastbot][2026-06-19 04:13:34.579] --> POST http://127.0.0.1:9008/jsonrpc/0
[Fastbot][2026-06-19 04:13:34.580] Content-Type: application/json; charset=utf-8
[Fastbot][2026-06-19 04:13:34.580] Content-Length: 72
[Fastbot][2026-06-19 04:13:34.581] 
[Fastbot][2026-06-19 04:13:34.581] {"jsonrpc": "2.0", "id": 1, "method": "click", "params": [799.5, 231.5]}
[Fastbot][2026-06-19 04:13:34.581] --> END POST (72-byte body)
[Fastbot][2026-06-19 04:13:34.720] <-- 200 OK  http://127.0.0.1:9008/jsonrpc/0 (137ms)
[Fastbot][2026-06-19 04:13:34.720] Content-Type: application/json
[Fastbot][2026-06-19 04:13:34.720] Date: Fri, 19 Jun 2026 08:13:34 GMT
[Fastbot][2026-06-19 04:13:34.721] Connection: keep-alive
[Fastbot][2026-06-19 04:13:34.721] Transfer-Encoding: chunked
[Fastbot][2026-06-19 04:13:34.722] 
[Fastbot][2026-06-19 04:13:34.722] {"jsonrpc":"2.0","id":1,"result":true}

[Fastbot][2026-06-19 04:13:34.722] <-- END HTTP (39-byte body)
[Fastbot][2026-06-19 04:13:35.265] [Proxy Server] Forwarding
[Fastbot][2026-06-19 04:13:35.266] --> POST http://127.0.0.1:9008/jsonrpc/0
[Fastbot][2026-06-19 04:13:35.266] Content-Type: application/json; charset=utf-8
[Fastbot][2026-06-19 04:13:35.266] Content-Length: 211
[Fastbot][2026-06-19 04:13:35.267] 
[Fastbot][2026-06-19 04:13:35.267] {"jsonrpc": "2.0", "id": 1, "method": "waitForExists", "params": [{"mask": 80, "childOrSibling": [], "childOrSiblingSelector": [], "className": "android.widget.ImageView", "description": "More options"}, 20000]}
[Fastbot][2026-06-19 04:13:35.267] --> END POST (211-byte body)
[Fastbot][2026-06-19 04:13:35.298] <-- 200 OK  http://127.0.0.1:9008/jsonrpc/0 (30ms)
[Fastbot][2026-06-19 04:13:35.298] Content-Type: application/json
[Fastbot][2026-06-19 04:13:35.298] Date: Fri, 19 Jun 2026 08:13:35 GMT
[Fastbot][2026-06-19 04:13:35.299] Connection: keep-alive
[Fastbot][2026-06-19 04:13:35.299] Transfer-Encoding: chunked
[Fastbot][2026-06-19 04:13:35.301] 
[Fastbot][2026-06-19 04:13:35.301] {"jsonrpc":"2.0","id":1,"result":true}

[Fastbot][2026-06-19 04:13:35.301] <-- END HTTP (39-byte body)
[Fastbot][2026-06-19 04:13:35.347] [Proxy Server] Forwarding
[Fastbot][2026-06-19 04:13:35.348] --> POST http://127.0.0.1:9008/jsonrpc/0
[Fastbot][2026-06-19 04:13:35.349] Content-Type: application/json; charset=utf-8
[Fastbot][2026-06-19 04:13:35.349] Content-Length: 198
[Fastbot][2026-06-19 04:13:35.349] 
[Fastbot][2026-06-19 04:13:35.349] {"jsonrpc": "2.0", "id": 1, "method": "objInfo", "params": [{"mask": 80, "childOrSibling": [], "childOrSiblingSelector": [], "className": "android.widget.ImageView", "description": "More options"}]}
[Fastbot][2026-06-19 04:13:35.349] --> END POST (198-byte body)
[Fastbot][2026-06-19 04:13:35.399] <-- 200 OK  http://127.0.0.1:9008/jsonrpc/0 (49ms)
[Fastbot][2026-06-19 04:13:35.399] Content-Type: application/json
[Fastbot][2026-06-19 04:13:35.399] Date: Fri, 19 Jun 2026 08:13:35 GMT
[Fastbot][2026-06-19 04:13:35.399] Connection: keep-alive
[Fastbot][2026-06-19 04:13:35.399] Transfer-Encoding: chunked
[Fastbot][2026-06-19 04:13:35.401] 
[Fastbot][2026-06-19 04:13:35.401] {"jsonrpc":"2.0","id":1,"result":{"bounds":{"bottom":275,"left":969,"right":1080,"top":143},"childCount":0,"className":"android.widget.ImageView","contentDescription":"More options","packageName":"it.feio.android.omninotes.alpha","resourceName":null,"text":null,"visibleBounds":{"bottom":275,"left":9...[truncated]
[Fastbot][2026-06-19 04:13:35.402] <-- END HTTP (485-byte body)
[Fastbot][2026-06-19 04:13:35.451] [Proxy Server] Detected script method: click
[Fastbot][2026-06-19 04:13:35.451] [Proxy Server] Forwarding
[Fastbot][2026-06-19 04:13:35.452] --> POST http://127.0.0.1:9008/jsonrpc/0
[Fastbot][2026-06-19 04:13:35.452] Content-Type: application/json; charset=utf-8
[Fastbot][2026-06-19 04:13:35.452] Content-Length: 73
[Fastbot][2026-06-19 04:13:35.452] 
[Fastbot][2026-06-19 04:13:35.452] {"jsonrpc": "2.0", "id": 1, "method": "click", "params": [1024.5, 209.0]}
[Fastbot][2026-06-19 04:13:35.452] --> END POST (73-byte body)
[Fastbot][2026-06-19 04:13:35.590] <-- 200 OK  http://127.0.0.1:9008/jsonrpc/0 (137ms)
[Fastbot][2026-06-19 04:13:35.590] Content-Type: application/json
[Fastbot][2026-06-19 04:13:35.590] Date: Fri, 19 Jun 2026 08:13:35 GMT
[Fastbot][2026-06-19 04:13:35.591] Connection: keep-alive
[Fastbot][2026-06-19 04:13:35.591] Transfer-Encoding: chunked
[Fastbot][2026-06-19 04:13:35.592] 
[Fastbot][2026-06-19 04:13:35.593] {"jsonrpc":"2.0","id":1,"result":true}

[Fastbot][2026-06-19 04:13:35.593] <-- END HTTP (39-byte body)
[Fastbot][2026-06-19 04:13:36.123] [Proxy Server] Forwarding
[Fastbot][2026-06-19 04:13:36.123] --> POST http://127.0.0.1:9008/jsonrpc/0
[Fastbot][2026-06-19 04:13:36.123] Content-Type: application/json; charset=utf-8
[Fastbot][2026-06-19 04:13:36.123] Content-Length: 227
[Fastbot][2026-06-19 04:13:36.123] 
[Fastbot][2026-06-19 04:13:36.123] {"jsonrpc": "2.0", "id": 1, "method": "waitForExists", "params": [{"mask": 2097153, "childOrSibling": [], "childOrSiblingSelector": [], "resourceId": "it.feio.android.omninotes.alpha:id/title", "text": "Expanded view"}, 20000]}
[Fastbot][2026-06-19 04:13:36.124] --> END POST (227-byte body)
[Fastbot][2026-06-19 04:13:36.136] <-- 200 OK  http://127.0.0.1:9008/jsonrpc/0 (12ms)
[Fastbot][2026-06-19 04:13:36.137] Content-Type: application/json
[Fastbot][2026-06-19 04:13:36.137] Date: Fri, 19 Jun 2026 08:13:36 GMT
[Fastbot][2026-06-19 04:13:36.137] Connection: keep-alive
[Fastbot][2026-06-19 04:13:36.137] Transfer-Encoding: chunked
[Fastbot][2026-06-19 04:13:36.137] 
[Fastbot][2026-06-19 04:13:36.138] {"jsonrpc":"2.0","id":1,"result":true}

[Fastbot][2026-06-19 04:13:36.138] <-- END HTTP (39-byte body)
[Fastbot][2026-06-19 04:13:36.170] [Proxy Server] Forwarding
[Fastbot][2026-06-19 04:13:36.170] --> POST http://127.0.0.1:9008/jsonrpc/0
[Fastbot][2026-06-19 04:13:36.170] Content-Type: application/json; charset=utf-8
[Fastbot][2026-06-19 04:13:36.170] Content-Length: 214
[Fastbot][2026-06-19 04:13:36.170] 
[Fastbot][2026-06-19 04:13:36.171] {"jsonrpc": "2.0", "id": 1, "method": "objInfo", "params": [{"mask": 2097153, "childOrSibling": [], "childOrSiblingSelector": [], "resourceId": "it.feio.android.omninotes.alpha:id/title", "text": "Expanded view"}]}
[Fastbot][2026-06-19 04:13:36.171] --> END POST (214-byte body)
[Fastbot][2026-06-19 04:13:36.192] <-- 200 OK  http://127.0.0.1:9008/jsonrpc/0 (21ms)
[Fastbot][2026-06-19 04:13:36.192] Content-Type: application/json
[Fastbot][2026-06-19 04:13:36.192] Date: Fri, 19 Jun 2026 08:13:36 GMT
[Fastbot][2026-06-19 04:13:36.193] Connection: keep-alive
[Fastbot][2026-06-19 04:13:36.193] Transfer-Encoding: chunked
[Fastbot][2026-06-19 04:13:36.193] 
[Fastbot][2026-06-19 04:13:36.194] {"jsonrpc":"2.0","id":1,"result":{"bounds":{"bottom":261,"left":574,"right":1025,"top":202},"childCount":0,"className":"android.widget.TextView","contentDescription":null,"packageName":"it.feio.android.omninotes.alpha","resourceName":"it.feio.android.omninotes.alpha:id/title","text":"Expanded view",...[truncated]
[Fastbot][2026-06-19 04:13:36.194] <-- END HTTP (526-byte body)
[Fastbot][2026-06-19 04:13:36.247] [Proxy Server] Detected script method: click
[Fastbot][2026-06-19 04:13:36.248] [Proxy Server] Forwarding
[Fastbot][2026-06-19 04:13:36.248] --> POST http://127.0.0.1:9008/jsonrpc/0
[Fastbot][2026-06-19 04:13:36.249] Content-Type: application/json; charset=utf-8
[Fastbot][2026-06-19 04:13:36.249] Content-Length: 72
[Fastbot][2026-06-19 04:13:36.249] 
[Fastbot][2026-06-19 04:13:36.250] {"jsonrpc": "2.0", "id": 1, "method": "click", "params": [799.5, 231.5]}
[Fastbot][2026-06-19 04:13:36.250] --> END POST (72-byte body)
[Fastbot][2026-06-19 04:13:36.390] <-- 200 OK  http://127.0.0.1:9008/jsonrpc/0 (139ms)
[Fastbot][2026-06-19 04:13:36.390] Content-Type: application/json
[Fastbot][2026-06-19 04:13:36.390] Date: Fri, 19 Jun 2026 08:13:36 GMT
[Fastbot][2026-06-19 04:13:36.390] Connection: keep-alive
[Fastbot][2026-06-19 04:13:36.391] Transfer-Encoding: chunked
[Fastbot][2026-06-19 04:13:36.391] 
[Fastbot][2026-06-19 04:13:36.391] {"jsonrpc":"2.0","id":1,"result":true}

[Fastbot][2026-06-19 04:13:36.391] <-- END HTTP (39-byte body)
[Fastbot][2026-06-19 04:13:37.143] --> POST http://127.0.0.1:9008/jsonrpc/0
[Fastbot][2026-06-19 04:13:37.144] Content-Type: application/json; charset=utf-8
[Fastbot][2026-06-19 04:13:37.144] Content-Length: 75
[Fastbot][2026-06-19 04:13:37.145] 
[Fastbot][2026-06-19 04:13:37.145] {"id":1,"jsonrpc":"2.0","method":"dumpWindowHierarchy","params":[false,50]}
[Fastbot][2026-06-19 04:13:37.145] --> END POST (75-byte body)
[Fastbot][2026-06-19 04:13:37.188] <-- 200 OK  http://127.0.0.1:9008/jsonrpc/0 (42ms)
[Fastbot][2026-06-19 04:13:37.188] Content-Type: application/json
[Fastbot][2026-06-19 04:13:37.188] Date: Fri, 19 Jun 2026 08:13:37 GMT
[Fastbot][2026-06-19 04:13:37.189] Connection: keep-alive
[Fastbot][2026-06-19 04:13:37.189] Transfer-Encoding: chunked
[Fastbot][2026-06-19 04:13:37.191] 
[Fastbot][2026-06-19 04:13:37.192] {"jsonrpc":"2.0","id":1,"result":"<?xml version='1.0' encoding='UTF-8' standalone='yes' ?>\r\n<hierarchy rotation=\"0\">\r\n  <node index=\"0\" text=\"\" resource-id=\"com.android.systemui:id/navigation_bar_frame\" class=\"android.widget.FrameLayout\" package=\"com.android.systemui\" content-desc=\"...[truncated]
[Fastbot][2026-06-19 04:13:37.192] <-- END HTTP (60313-byte body)
[Fastbot][2026-06-19 04:13:37.286] [Proxy Server] Forwarding
[Fastbot][2026-06-19 04:13:37.286] --> POST http://127.0.0.1:9008/jsonrpc/0
[Fastbot][2026-06-19 04:13:37.286] Content-Type: application/json; charset=utf-8
[Fastbot][2026-06-19 04:13:37.286] Content-Length: 211
[Fastbot][2026-06-19 04:13:37.286] 
[Fastbot][2026-06-19 04:13:37.286] {"jsonrpc": "2.0", "id": 1, "method": "waitForExists", "params": [{"mask": 80, "childOrSibling": [], "childOrSiblingSelector": [], "className": "android.widget.ImageView", "description": "More options"}, 20000]}
[Fastbot][2026-06-19 04:13:37.286] --> END POST (211-byte body)
[Fastbot][2026-06-19 04:13:37.301] <-- 200 OK  http://127.0.0.1:9008/jsonrpc/0 (14ms)
[Fastbot][2026-06-19 04:13:37.301] Content-Type: application/json
[Fastbot][2026-06-19 04:13:37.301] Date: Fri, 19 Jun 2026 08:13:37 GMT
[Fastbot][2026-06-19 04:13:37.301] Connection: keep-alive
[Fastbot][2026-06-19 04:13:37.301] Transfer-Encoding: chunked
[Fastbot][2026-06-19 04:13:37.302] 
[Fastbot][2026-06-19 04:13:37.303] {"jsonrpc":"2.0","id":1,"result":true}

[Fastbot][2026-06-19 04:13:37.303] <-- END HTTP (39-byte body)
[Fastbot][2026-06-19 04:13:37.333] [Proxy Server] Forwarding
[Fastbot][2026-06-19 04:13:37.333] --> POST http://127.0.0.1:9008/jsonrpc/0
[Fastbot][2026-06-19 04:13:37.333] Content-Type: application/json; charset=utf-8
[Fastbot][2026-06-19 04:13:37.333] Content-Length: 198
[Fastbot][2026-06-19 04:13:37.333] 
[Fastbot][2026-06-19 04:13:37.333] {"jsonrpc": "2.0", "id": 1, "method": "objInfo", "params": [{"mask": 80, "childOrSibling": [], "childOrSiblingSelector": [], "className": "android.widget.ImageView", "description": "More options"}]}
[Fastbot][2026-06-19 04:13:37.333] --> END POST (198-byte body)
[Fastbot][2026-06-19 04:13:37.365] <-- 200 OK  http://127.0.0.1:9008/jsonrpc/0 (31ms)
[Fastbot][2026-06-19 04:13:37.365] Content-Type: application/json
[Fastbot][2026-06-19 04:13:37.366] Date: Fri, 19 Jun 2026 08:13:37 GMT
[Fastbot][2026-06-19 04:13:37.366] Connection: keep-alive
[Fastbot][2026-06-19 04:13:37.366] Transfer-Encoding: chunked
[Fastbot][2026-06-19 04:13:37.366] 
[Fastbot][2026-06-19 04:13:37.366] {"jsonrpc":"2.0","id":1,"result":{"bounds":{"bottom":275,"left":969,"right":1080,"top":143},"childCount":0,"className":"android.widget.ImageView","contentDescription":"More options","packageName":"it.feio.android.omninotes.alpha","resourceName":null,"text":null,"visibleBounds":{"bottom":275,"left":9...[truncated]
[Fastbot][2026-06-19 04:13:37.366] <-- END HTTP (485-byte body)
[Fastbot][2026-06-19 04:13:37.409] [Proxy Server] Detected script method: click
[Fastbot][2026-06-19 04:13:37.409] [Proxy Server] Forwarding
[Fastbot][2026-06-19 04:13:37.410] --> POST http://127.0.0.1:9008/jsonrpc/0
[Fastbot][2026-06-19 04:13:37.410] Content-Type: application/json; charset=utf-8
[Fastbot][2026-06-19 04:13:37.410] Content-Length: 73
[Fastbot][2026-06-19 04:13:37.410] 
[Fastbot][2026-06-19 04:13:37.410] {"jsonrpc": "2.0", "id": 1, "method": "click", "params": [1024.5, 209.0]}
[Fastbot][2026-06-19 04:13:37.410] --> END POST (73-byte body)
[Fastbot][2026-06-19 04:13:37.535] <-- 200 OK  http://127.0.0.1:9008/jsonrpc/0 (124ms)
[Fastbot][2026-06-19 04:13:37.536] Content-Type: application/json
[Fastbot][2026-06-19 04:13:37.536] Date: Fri, 19 Jun 2026 08:13:37 GMT
[Fastbot][2026-06-19 04:13:37.536] Connection: keep-alive
[Fastbot][2026-06-19 04:13:37.536] Transfer-Encoding: chunked
[Fastbot][2026-06-19 04:13:37.537] 
[Fastbot][2026-06-19 04:13:37.537] {"jsonrpc":"2.0","id":1,"result":true}

[Fastbot][2026-06-19 04:13:37.537] <-- END HTTP (39-byte body)
[Fastbot][2026-06-19 04:13:38.084] [Proxy Server] Forwarding
[Fastbot][2026-06-19 04:13:38.085] --> POST http://127.0.0.1:9008/jsonrpc/0
[Fastbot][2026-06-19 04:13:38.085] Content-Type: application/json; charset=utf-8
[Fastbot][2026-06-19 04:13:38.085] Content-Length: 226
[Fastbot][2026-06-19 04:13:38.085] 
[Fastbot][2026-06-19 04:13:38.085] {"jsonrpc": "2.0", "id": 1, "method": "waitForExists", "params": [{"mask": 2097153, "childOrSibling": [], "childOrSiblingSelector": [], "resourceId": "it.feio.android.omninotes.alpha:id/title", "text": "Reduced view"}, 20000]}
[Fastbot][2026-06-19 04:13:38.085] --> END POST (226-byte body)
[Fastbot][2026-06-19 04:13:38.149] <-- 200 OK  http://127.0.0.1:9008/jsonrpc/0 (63ms)
[Fastbot][2026-06-19 04:13:38.150] Content-Type: application/json
[Fastbot][2026-06-19 04:13:38.150] Date: Fri, 19 Jun 2026 08:13:38 GMT
[Fastbot][2026-06-19 04:13:38.150] Connection: keep-alive
[Fastbot][2026-06-19 04:13:38.150] Transfer-Encoding: chunked
[Fastbot][2026-06-19 04:13:38.153] 
[Fastbot][2026-06-19 04:13:38.154] {"jsonrpc":"2.0","id":1,"result":true}

[Fastbot][2026-06-19 04:13:38.154] <-- END HTTP (39-byte body)
[Fastbot][2026-06-19 04:13:38.195] [Proxy Server] Forwarding
[Fastbot][2026-06-19 04:13:38.195] --> POST http://127.0.0.1:9008/jsonrpc/0
[Fastbot][2026-06-19 04:13:38.196] Content-Type: application/json; charset=utf-8
[Fastbot][2026-06-19 04:13:38.197] Content-Length: 213
[Fastbot][2026-06-19 04:13:38.197] 
[Fastbot][2026-06-19 04:13:38.197] {"jsonrpc": "2.0", "id": 1, "method": "objInfo", "params": [{"mask": 2097153, "childOrSibling": [], "childOrSiblingSelector": [], "resourceId": "it.feio.android.omninotes.alpha:id/title", "text": "Reduced view"}]}
[Fastbot][2026-06-19 04:13:38.198] --> END POST (213-byte body)
[Fastbot][2026-06-19 04:13:38.498] <-- 200 OK  http://127.0.0.1:9008/jsonrpc/0 (299ms)
[Fastbot][2026-06-19 04:13:38.498] Content-Type: application/json
[Fastbot][2026-06-19 04:13:38.498] Date: Fri, 19 Jun 2026 08:13:38 GMT
[Fastbot][2026-06-19 04:13:38.498] Connection: keep-alive
[Fastbot][2026-06-19 04:13:38.498] Transfer-Encoding: chunked
[Fastbot][2026-06-19 04:13:38.499] 
[Fastbot][2026-06-19 04:13:38.501] {"jsonrpc":"2.0","id":1,"result":{"bounds":{"bottom":261,"left":574,"right":1025,"top":202},"childCount":0,"className":"android.widget.TextView","contentDescription":null,"packageName":"it.feio.android.omninotes.alpha","resourceName":"it.feio.android.omninotes.alpha:id/title","text":"Reduced view","...[truncated]
[Fastbot][2026-06-19 04:13:38.501] <-- END HTTP (525-byte body)
[Fastbot][2026-06-19 04:13:38.585] [Proxy Server] Detected script method: click
[Fastbot][2026-06-19 04:13:38.585] [Proxy Server] Forwarding
[Fastbot][2026-06-19 04:13:38.585] --> POST http://127.0.0.1:9008/jsonrpc/0
[Fastbot][2026-06-19 04:13:38.586] Content-Type: application/json; charset=utf-8
[Fastbot][2026-06-19 04:13:38.586] Content-Length: 72
[Fastbot][2026-06-19 04:13:38.586] 
[Fastbot][2026-06-19 04:13:38.586] {"jsonrpc": "2.0", "id": 1, "method": "click", "params": [799.5, 231.5]}
[Fastbot][2026-06-19 04:13:38.586] --> END POST (72-byte body)
[Fastbot][2026-06-19 04:13:38.721] <-- 200 OK  http://127.0.0.1:9008/jsonrpc/0 (134ms)
[Fastbot][2026-06-19 04:13:38.721] Content-Type: application/json
[Fastbot][2026-06-19 04:13:38.721] Date: Fri, 19 Jun 2026 08:13:38 GMT
[Fastbot][2026-06-19 04:13:38.721] Connection: keep-alive
[Fastbot][2026-06-19 04:13:38.721] Transfer-Encoding: chunked
[Fastbot][2026-06-19 04:13:38.722] 
[Fastbot][2026-06-19 04:13:38.724] {"jsonrpc":"2.0","id":1,"result":true}

[Fastbot][2026-06-19 04:13:38.724] <-- END HTTP (39-byte body)
[Fastbot][2026-06-19 04:13:39.242] [Proxy Server] Forwarding
[Fastbot][2026-06-19 04:13:39.242] --> POST http://127.0.0.1:9008/jsonrpc/0
[Fastbot][2026-06-19 04:13:39.243] Content-Type: application/json; charset=utf-8
[Fastbot][2026-06-19 04:13:39.243] Content-Length: 211
[Fastbot][2026-06-19 04:13:39.243] 
[Fastbot][2026-06-19 04:13:39.244] {"jsonrpc": "2.0", "id": 1, "method": "waitForExists", "params": [{"mask": 80, "childOrSibling": [], "childOrSiblingSelector": [], "className": "android.widget.ImageView", "description": "More options"}, 20000]}
[Fastbot][2026-06-19 04:13:39.244] --> END POST (211-byte body)
[Fastbot][2026-06-19 04:13:39.265] <-- 200 OK  http://127.0.0.1:9008/jsonrpc/0 (21ms)
[Fastbot][2026-06-19 04:13:39.265] Content-Type: application/json
[Fastbot][2026-06-19 04:13:39.266] Date: Fri, 19 Jun 2026 08:13:39 GMT
[Fastbot][2026-06-19 04:13:39.266] Connection: keep-alive
[Fastbot][2026-06-19 04:13:39.266] Transfer-Encoding: chunked
[Fastbot][2026-06-19 04:13:39.268] 
[Fastbot][2026-06-19 04:13:39.268] {"jsonrpc":"2.0","id":1,"result":true}

[Fastbot][2026-06-19 04:13:39.268] <-- END HTTP (39-byte body)
[Fastbot][2026-06-19 04:13:39.314] [Proxy Server] Forwarding
[Fastbot][2026-06-19 04:13:39.314] --> POST http://127.0.0.1:9008/jsonrpc/0
[Fastbot][2026-06-19 04:13:39.314] Content-Type: application/json; charset=utf-8
[Fastbot][2026-06-19 04:13:39.314] Content-Length: 198
[Fastbot][2026-06-19 04:13:39.315] 
[Fastbot][2026-06-19 04:13:39.315] {"jsonrpc": "2.0", "id": 1, "method": "objInfo", "params": [{"mask": 80, "childOrSibling": [], "childOrSiblingSelector": [], "className": "android.widget.ImageView", "description": "More options"}]}
[Fastbot][2026-06-19 04:13:39.315] --> END POST (198-byte body)
[Fastbot][2026-06-19 04:13:39.351] <-- 200 OK  http://127.0.0.1:9008/jsonrpc/0 (35ms)
[Fastbot][2026-06-19 04:13:39.351] Content-Type: application/json
[Fastbot][2026-06-19 04:13:39.351] Date: Fri, 19 Jun 2026 08:13:39 GMT
[Fastbot][2026-06-19 04:13:39.351] Connection: keep-alive
[Fastbot][2026-06-19 04:13:39.351] Transfer-Encoding: chunked
[Fastbot][2026-06-19 04:13:39.352] 
[Fastbot][2026-06-19 04:13:39.352] {"jsonrpc":"2.0","id":1,"result":{"bounds":{"bottom":275,"left":969,"right":1080,"top":143},"childCount":0,"className":"android.widget.ImageView","contentDescription":"More options","packageName":"it.feio.android.omninotes.alpha","resourceName":null,"text":null,"visibleBounds":{"bottom":275,"left":9...[truncated]
[Fastbot][2026-06-19 04:13:39.352] <-- END HTTP (485-byte body)
[Fastbot][2026-06-19 04:13:39.408] [Proxy Server] Detected script method: click
[Fastbot][2026-06-19 04:13:39.408] [Proxy Server] Forwarding
[Fastbot][2026-06-19 04:13:39.408] --> POST http://127.0.0.1:9008/jsonrpc/0
[Fastbot][2026-06-19 04:13:39.409] Content-Type: application/json; charset=utf-8
[Fastbot][2026-06-19 04:13:39.409] Content-Length: 73
[Fastbot][2026-06-19 04:13:39.410] 
[Fastbot][2026-06-19 04:13:39.410] {"jsonrpc": "2.0", "id": 1, "method": "click", "params": [1024.5, 209.0]}
[Fastbot][2026-06-19 04:13:39.410] --> END POST (73-byte body)
[Fastbot][2026-06-19 04:13:39.541] <-- 200 OK  http://127.0.0.1:9008/jsonrpc/0 (130ms)
[Fastbot][2026-06-19 04:13:39.542] Content-Type: application/json
[Fastbot][2026-06-19 04:13:39.542] Date: Fri, 19 Jun 2026 08:13:39 GMT
[Fastbot][2026-06-19 04:13:39.543] Connection: keep-alive
[Fastbot][2026-06-19 04:13:39.543] Transfer-Encoding: chunked
[Fastbot][2026-06-19 04:13:39.544] 
[Fastbot][2026-06-19 04:13:39.544] {"jsonrpc":"2.0","id":1,"result":true}

[Fastbot][2026-06-19 04:13:39.545] <-- END HTTP (39-byte body)
[Fastbot][2026-06-19 04:13:40.081] [Proxy Server] Forwarding
[Fastbot][2026-06-19 04:13:40.081] --> POST http://127.0.0.1:9008/jsonrpc/0
[Fastbot][2026-06-19 04:13:40.081] Content-Type: application/json; charset=utf-8
[Fastbot][2026-06-19 04:13:40.082] Content-Length: 227
[Fastbot][2026-06-19 04:13:40.082] 
[Fastbot][2026-06-19 04:13:40.082] {"jsonrpc": "2.0", "id": 1, "method": "waitForExists", "params": [{"mask": 2097153, "childOrSibling": [], "childOrSiblingSelector": [], "resourceId": "it.feio.android.omninotes.alpha:id/title", "text": "Expanded view"}, 20000]}
[Fastbot][2026-06-19 04:13:40.082] --> END POST (227-byte body)
[Fastbot][2026-06-19 04:13:40.096] <-- 200 OK  http://127.0.0.1:9008/jsonrpc/0 (13ms)
[Fastbot][2026-06-19 04:13:40.096] Content-Type: application/json
[Fastbot][2026-06-19 04:13:40.096] Date: Fri, 19 Jun 2026 08:13:40 GMT
[Fastbot][2026-06-19 04:13:40.096] Connection: keep-alive
[Fastbot][2026-06-19 04:13:40.096] Transfer-Encoding: chunked
[Fastbot][2026-06-19 04:13:40.098] 
[Fastbot][2026-06-19 04:13:40.098] {"jsonrpc":"2.0","id":1,"result":true}

[Fastbot][2026-06-19 04:13:40.098] <-- END HTTP (39-byte body)
[Fastbot][2026-06-19 04:13:40.144] [Proxy Server] Forwarding
[Fastbot][2026-06-19 04:13:40.144] --> POST http://127.0.0.1:9008/jsonrpc/0
[Fastbot][2026-06-19 04:13:40.144] Content-Type: application/json; charset=utf-8
[Fastbot][2026-06-19 04:13:40.145] Content-Length: 214
[Fastbot][2026-06-19 04:13:40.145] 
[Fastbot][2026-06-19 04:13:40.145] {"jsonrpc": "2.0", "id": 1, "method": "objInfo", "params": [{"mask": 2097153, "childOrSibling": [], "childOrSiblingSelector": [], "resourceId": "it.feio.android.omninotes.alpha:id/title", "text": "Expanded view"}]}
[Fastbot][2026-06-19 04:13:40.145] --> END POST (214-byte body)
[Fastbot][2026-06-19 04:13:40.174] <-- 200 OK  http://127.0.0.1:9008/jsonrpc/0 (29ms)
[Fastbot][2026-06-19 04:13:40.174] Content-Type: application/json
[Fastbot][2026-06-19 04:13:40.175] Date: Fri, 19 Jun 2026 08:13:40 GMT
[Fastbot][2026-06-19 04:13:40.175] Connection: keep-alive
[Fastbot][2026-06-19 04:13:40.175] Transfer-Encoding: chunked
[Fastbot][2026-06-19 04:13:40.175] 
[Fastbot][2026-06-19 04:13:40.175] {"jsonrpc":"2.0","id":1,"result":{"bounds":{"bottom":261,"left":574,"right":1025,"top":202},"childCount":0,"className":"android.widget.TextView","contentDescription":null,"packageName":"it.feio.android.omninotes.alpha","resourceName":"it.feio.android.omninotes.alpha:id/title","text":"Expanded view",...[truncated]
[Fastbot][2026-06-19 04:13:40.176] <-- END HTTP (526-byte body)
[Fastbot][2026-06-19 04:13:40.205] [Proxy Server] Detected script method: click
[Fastbot][2026-06-19 04:13:40.205] [Proxy Server] Forwarding
[Fastbot][2026-06-19 04:13:40.206] --> POST http://127.0.0.1:9008/jsonrpc/0
[Fastbot][2026-06-19 04:13:40.206] Content-Type: application/json; charset=utf-8
[Fastbot][2026-06-19 04:13:40.206] Content-Length: 72
[Fastbot][2026-06-19 04:13:40.206] 
[Fastbot][2026-06-19 04:13:40.206] {"jsonrpc": "2.0", "id": 1, "method": "click", "params": [799.5, 231.5]}
[Fastbot][2026-06-19 04:13:40.207] --> END POST (72-byte body)
[Fastbot][2026-06-19 04:13:40.339] <-- 200 OK  http://127.0.0.1:9008/jsonrpc/0 (132ms)
[Fastbot][2026-06-19 04:13:40.339] Content-Type: application/json
[Fastbot][2026-06-19 04:13:40.339] Date: Fri, 19 Jun 2026 08:13:40 GMT
[Fastbot][2026-06-19 04:13:40.339] Connection: keep-alive
[Fastbot][2026-06-19 04:13:40.339] Transfer-Encoding: chunked
[Fastbot][2026-06-19 04:13:40.383] 
[Fastbot][2026-06-19 04:13:40.383] {"jsonrpc":"2.0","id":1,"result":true}

[Fastbot][2026-06-19 04:13:40.383] <-- END HTTP (39-byte body)
[Fastbot][2026-06-19 04:13:41.170] --> POST http://127.0.0.1:9008/jsonrpc/0
[Fastbot][2026-06-19 04:13:41.170] Content-Type: application/json; charset=utf-8
[Fastbot][2026-06-19 04:13:41.171] Content-Length: 75
[Fastbot][2026-06-19 04:13:41.171] 
[Fastbot][2026-06-19 04:13:41.171] {"id":1,"jsonrpc":"2.0","method":"dumpWindowHierarchy","params":[false,50]}
[Fastbot][2026-06-19 04:13:41.171] --> END POST (75-byte body)
[Fastbot][2026-06-19 04:13:41.213] <-- 200 OK  http://127.0.0.1:9008/jsonrpc/0 (41ms)
[Fastbot][2026-06-19 04:13:41.213] Content-Type: application/json
[Fastbot][2026-06-19 04:13:41.213] Date: Fri, 19 Jun 2026 08:13:41 GMT
[Fastbot][2026-06-19 04:13:41.213] Connection: keep-alive
[Fastbot][2026-06-19 04:13:41.213] Transfer-Encoding: chunked
[Fastbot][2026-06-19 04:13:41.217] 
[Fastbot][2026-06-19 04:13:41.217] {"jsonrpc":"2.0","id":1,"result":"<?xml version='1.0' encoding='UTF-8' standalone='yes' ?>\r\n<hierarchy rotation=\"0\">\r\n  <node index=\"0\" text=\"\" resource-id=\"com.android.systemui:id/navigation_bar_frame\" class=\"android.widget.FrameLayout\" package=\"com.android.systemui\" content-desc=\"...[truncated]
[Fastbot][2026-06-19 04:13:41.218] <-- END HTTP (60313-byte body)
[Fastbot][2026-06-19 04:13:41.266] [Proxy Server] Forwarding
[Fastbot][2026-06-19 04:13:41.266] --> POST http://127.0.0.1:9008/jsonrpc/0
[Fastbot][2026-06-19 04:13:41.266] Content-Type: application/json; charset=utf-8
[Fastbot][2026-06-19 04:13:41.267] Content-Length: 169
[Fastbot][2026-06-19 04:13:41.267] 
[Fastbot][2026-06-19 04:13:41.267] {"jsonrpc": "2.0", "id": 1, "method": "waitForExists", "params": [{"mask": 64, "childOrSibling": [], "childOrSiblingSelector": [], "description": "drawer open"}, 20000]}
[Fastbot][2026-06-19 04:13:41.267] --> END POST (169-byte body)
[Fastbot][2026-06-19 04:13:41.280] <-- 200 OK  http://127.0.0.1:9008/jsonrpc/0 (13ms)
[Fastbot][2026-06-19 04:13:41.281] Content-Type: application/json
[Fastbot][2026-06-19 04:13:41.281] Date: Fri, 19 Jun 2026 08:13:41 GMT
[Fastbot][2026-06-19 04:13:41.281] Connection: keep-alive
[Fastbot][2026-06-19 04:13:41.281] Transfer-Encoding: chunked
[Fastbot][2026-06-19 04:13:41.281] 
[Fastbot][2026-06-19 04:13:41.281] {"jsonrpc":"2.0","id":1,"result":true}

[Fastbot][2026-06-19 04:13:41.281] <-- END HTTP (39-byte body)
[Fastbot][2026-06-19 04:13:41.314] [Proxy Server] Forwarding
[Fastbot][2026-06-19 04:13:41.314] --> POST http://127.0.0.1:9008/jsonrpc/0
[Fastbot][2026-06-19 04:13:41.314] Content-Type: application/json; charset=utf-8
[Fastbot][2026-06-19 04:13:41.314] Content-Length: 156
[Fastbot][2026-06-19 04:13:41.314] 
[Fastbot][2026-06-19 04:13:41.314] {"jsonrpc": "2.0", "id": 1, "method": "objInfo", "params": [{"mask": 64, "childOrSibling": [], "childOrSiblingSelector": [], "description": "drawer open"}]}
[Fastbot][2026-06-19 04:13:41.314] --> END POST (156-byte body)
[Fastbot][2026-06-19 04:13:41.345] <-- 200 OK  http://127.0.0.1:9008/jsonrpc/0 (30ms)
[Fastbot][2026-06-19 04:13:41.345] Content-Type: application/json
[Fastbot][2026-06-19 04:13:41.346] Date: Fri, 19 Jun 2026 08:13:41 GMT
[Fastbot][2026-06-19 04:13:41.346] Connection: keep-alive
[Fastbot][2026-06-19 04:13:41.346] Transfer-Encoding: chunked
[Fastbot][2026-06-19 04:13:41.347] 
[Fastbot][2026-06-19 04:13:41.347] {"jsonrpc":"2.0","id":1,"result":{"bounds":{"bottom":286,"left":0,"right":154,"top":132},"childCount":0,"className":"android.widget.ImageButton","contentDescription":"drawer open","packageName":"it.feio.android.omninotes.alpha","resourceName":null,"text":null,"visibleBounds":{"bottom":286,"left":0,"...[truncated]
[Fastbot][2026-06-19 04:13:41.347] <-- END HTTP (481-byte body)
[Fastbot][2026-06-19 04:13:41.377] [Proxy Server] Detected script method: click
[Fastbot][2026-06-19 04:13:41.377] [Proxy Server] Forwarding
[Fastbot][2026-06-19 04:13:41.378] --> POST http://127.0.0.1:9008/jsonrpc/0
[Fastbot][2026-06-19 04:13:41.378] Content-Type: application/json; charset=utf-8
[Fastbot][2026-06-19 04:13:41.378] Content-Length: 71
[Fastbot][2026-06-19 04:13:41.378] 
[Fastbot][2026-06-19 04:13:41.378] {"jsonrpc": "2.0", "id": 1, "method": "click", "params": [77.0, 209.0]}
[Fastbot][2026-06-19 04:13:41.379] --> END POST (71-byte body)
[Fastbot][2026-06-19 04:13:41.520] <-- 200 OK  http://127.0.0.1:9008/jsonrpc/0 (140ms)
[Fastbot][2026-06-19 04:13:41.520] Content-Type: application/json
[Fastbot][2026-06-19 04:13:41.520] Date: Fri, 19 Jun 2026 08:13:41 GMT
[Fastbot][2026-06-19 04:13:41.520] Connection: keep-alive
[Fastbot][2026-06-19 04:13:41.520] Transfer-Encoding: chunked
[Fastbot][2026-06-19 04:13:41.520] 
[Fastbot][2026-06-19 04:13:41.520] {"jsonrpc":"2.0","id":1,"result":true}

[Fastbot][2026-06-19 04:13:41.520] <-- END HTTP (39-byte body)
[Fastbot][2026-06-19 04:13:42.064] [Proxy Server] Forwarding
[Fastbot][2026-06-19 04:13:42.064] --> POST http://127.0.0.1:9008/jsonrpc/0
[Fastbot][2026-06-19 04:13:42.066] Content-Type: application/json; charset=utf-8
[Fastbot][2026-06-19 04:13:42.066] Content-Length: 187
[Fastbot][2026-06-19 04:13:42.066] 
[Fastbot][2026-06-19 04:13:42.066] {"jsonrpc": "2.0", "id": 1, "method": "count", "params": [{"mask": 2097152, "childOrSibling": [], "childOrSiblingSelector": [], "resourceId": "it.feio.android.omninotes.alpha:id/count"}]}
[Fastbot][2026-06-19 04:13:42.066] --> END POST (187-byte body)
[Fastbot][2026-06-19 04:13:42.118] <-- 200 OK  http://127.0.0.1:9008/jsonrpc/0 (51ms)
[Fastbot][2026-06-19 04:13:42.118] Content-Type: application/json
[Fastbot][2026-06-19 04:13:42.119] Date: Fri, 19 Jun 2026 08:13:42 GMT
[Fastbot][2026-06-19 04:13:42.119] Connection: keep-alive
[Fastbot][2026-06-19 04:13:42.119] Transfer-Encoding: chunked
[Fastbot][2026-06-19 04:13:42.119] 
[Fastbot][2026-06-19 04:13:42.119] {"jsonrpc":"2.0","id":1,"result":2}

[Fastbot][2026-06-19 04:13:42.119] <-- END HTTP (36-byte body)
[Fastbot][2026-06-19 04:13:42.159] [Proxy Server] Forwarding
[Fastbot][2026-06-19 04:13:42.160] --> POST http://127.0.0.1:9008/jsonrpc/0
[Fastbot][2026-06-19 04:13:42.160] Content-Type: application/json; charset=utf-8
[Fastbot][2026-06-19 04:13:42.160] Content-Length: 218
[Fastbot][2026-06-19 04:13:42.160] 
[Fastbot][2026-06-19 04:13:42.160] {"jsonrpc": "2.0", "id": 1, "method": "waitForExists", "params": [{"mask": 18874368, "childOrSibling": [], "childOrSiblingSelector": [], "resourceId": "it.feio.android.omninotes.alpha:id/count", "instance": 0}, 20000]}
[Fastbot][2026-06-19 04:13:42.160] --> END POST (218-byte body)
[Fastbot][2026-06-19 04:13:42.174] <-- 200 OK  http://127.0.0.1:9008/jsonrpc/0 (13ms)
[Fastbot][2026-06-19 04:13:42.174] Content-Type: application/json
[Fastbot][2026-06-19 04:13:42.174] Date: Fri, 19 Jun 2026 08:13:42 GMT
[Fastbot][2026-06-19 04:13:42.174] Connection: keep-alive
[Fastbot][2026-06-19 04:13:42.174] Transfer-Encoding: chunked
[Fastbot][2026-06-19 04:13:42.175] 
[Fastbot][2026-06-19 04:13:42.175] {"jsonrpc":"2.0","id":1,"result":true}

[Fastbot][2026-06-19 04:13:42.176] <-- END HTTP (39-byte body)
[Fastbot][2026-06-19 04:13:42.211] [Proxy Server] Forwarding
[Fastbot][2026-06-19 04:13:42.212] --> POST http://127.0.0.1:9008/jsonrpc/0
[Fastbot][2026-06-19 04:13:42.212] Content-Type: application/json; charset=utf-8
[Fastbot][2026-06-19 04:13:42.212] Content-Length: 205
[Fastbot][2026-06-19 04:13:42.212] 
[Fastbot][2026-06-19 04:13:42.212] {"jsonrpc": "2.0", "id": 1, "method": "getText", "params": [{"mask": 18874368, "childOrSibling": [], "childOrSiblingSelector": [], "resourceId": "it.feio.android.omninotes.alpha:id/count", "instance": 0}]}
[Fastbot][2026-06-19 04:13:42.212] --> END POST (205-byte body)
[Fastbot][2026-06-19 04:13:42.231] <-- 200 OK  http://127.0.0.1:9008/jsonrpc/0 (18ms)
[Fastbot][2026-06-19 04:13:42.231] Content-Type: application/json
[Fastbot][2026-06-19 04:13:42.231] Date: Fri, 19 Jun 2026 08:13:42 GMT
[Fastbot][2026-06-19 04:13:42.231] Connection: keep-alive
[Fastbot][2026-06-19 04:13:42.232] Transfer-Encoding: chunked
[Fastbot][2026-06-19 04:13:42.233] 
[Fastbot][2026-06-19 04:13:42.233] {"jsonrpc":"2.0","id":1,"result":"1"}

[Fastbot][2026-06-19 04:13:42.234] <-- END HTTP (38-byte body)
[Fastbot][2026-06-19 04:13:42.279] [Proxy Server] Forwarding
[Fastbot][2026-06-19 04:13:42.279] --> POST http://127.0.0.1:9008/jsonrpc/0
[Fastbot][2026-06-19 04:13:42.279] Content-Type: application/json; charset=utf-8
[Fastbot][2026-06-19 04:13:42.279] Content-Length: 218
[Fastbot][2026-06-19 04:13:42.280] 
[Fastbot][2026-06-19 04:13:42.280] {"jsonrpc": "2.0", "id": 1, "method": "waitForExists", "params": [{"mask": 18874368, "childOrSibling": [], "childOrSiblingSelector": [], "resourceId": "it.feio.android.omninotes.alpha:id/count", "instance": 1}, 20000]}
[Fastbot][2026-06-19 04:13:42.281] --> END POST (218-byte body)
[Fastbot][2026-06-19 04:13:42.297] <-- 200 OK  http://127.0.0.1:9008/jsonrpc/0 (16ms)
[Fastbot][2026-06-19 04:13:42.298] Content-Type: application/json
[Fastbot][2026-06-19 04:13:42.298] Date: Fri, 19 Jun 2026 08:13:42 GMT
[Fastbot][2026-06-19 04:13:42.298] Connection: keep-alive
[Fastbot][2026-06-19 04:13:42.298] Transfer-Encoding: chunked
[Fastbot][2026-06-19 04:13:42.298] 
[Fastbot][2026-06-19 04:13:42.298] {"jsonrpc":"2.0","id":1,"result":true}

[Fastbot][2026-06-19 04:13:42.298] <-- END HTTP (39-byte body)
[Fastbot][2026-06-19 04:13:42.327] [Proxy Server] Forwarding
[Fastbot][2026-06-19 04:13:42.327] --> POST http://127.0.0.1:9008/jsonrpc/0
[Fastbot][2026-06-19 04:13:42.327] Content-Type: application/json; charset=utf-8
[Fastbot][2026-06-19 04:13:42.327] Content-Length: 205
[Fastbot][2026-06-19 04:13:42.327] 
[Fastbot][2026-06-19 04:13:42.328] {"jsonrpc": "2.0", "id": 1, "method": "getText", "params": [{"mask": 18874368, "childOrSibling": [], "childOrSiblingSelector": [], "resourceId": "it.feio.android.omninotes.alpha:id/count", "instance": 1}]}
[Fastbot][2026-06-19 04:13:42.328] --> END POST (205-byte body)
[Fastbot][2026-06-19 04:13:42.364] <-- 200 OK  http://127.0.0.1:9008/jsonrpc/0 (36ms)
[Fastbot][2026-06-19 04:13:42.364] Content-Type: application/json
[Fastbot][2026-06-19 04:13:42.365] Date: Fri, 19 Jun 2026 08:13:42 GMT
[Fastbot][2026-06-19 04:13:42.365] Connection: keep-alive
[Fastbot][2026-06-19 04:13:42.365] Transfer-Encoding: chunked
[Fastbot][2026-06-19 04:13:42.413] 
[Fastbot][2026-06-19 04:13:42.413] {"jsonrpc":"2.0","id":1,"result":"1"}

[Fastbot][2026-06-19 04:13:42.414] <-- END HTTP (38-byte body)
[Fastbot][2026-06-19 04:13:42.466] [Proxy Server] Forwarding
[Fastbot][2026-06-19 04:13:42.466] --> POST http://127.0.0.1:9008/jsonrpc/0
[Fastbot][2026-06-19 04:13:42.466] Content-Type: application/json; charset=utf-8
[Fastbot][2026-06-19 04:13:42.466] Content-Length: 187
[Fastbot][2026-06-19 04:13:42.467] 
[Fastbot][2026-06-19 04:13:42.467] {"jsonrpc": "2.0", "id": 1, "method": "count", "params": [{"mask": 2097152, "childOrSibling": [], "childOrSiblingSelector": [], "resourceId": "it.feio.android.omninotes.alpha:id/title"}]}
[Fastbot][2026-06-19 04:13:42.467] --> END POST (187-byte body)
[Fastbot][2026-06-19 04:13:42.483] <-- 200 OK  http://127.0.0.1:9008/jsonrpc/0 (15ms)
[Fastbot][2026-06-19 04:13:42.484] Content-Type: application/json
[Fastbot][2026-06-19 04:13:42.485] Date: Fri, 19 Jun 2026 08:13:42 GMT
[Fastbot][2026-06-19 04:13:42.485] Connection: keep-alive
[Fastbot][2026-06-19 04:13:42.485] Transfer-Encoding: chunked
[Fastbot][2026-06-19 04:13:42.486] 
[Fastbot][2026-06-19 04:13:42.486] {"jsonrpc":"2.0","id":1,"result":3}

[Fastbot][2026-06-19 04:13:42.486] <-- END HTTP (36-byte body)
[Fastbot][2026-06-19 04:13:42.528] [Proxy Server] Forwarding
[Fastbot][2026-06-19 04:13:42.528] --> POST http://127.0.0.1:9008/jsonrpc/0
[Fastbot][2026-06-19 04:13:42.528] Content-Type: application/json; charset=utf-8
[Fastbot][2026-06-19 04:13:42.528] Content-Length: 218
[Fastbot][2026-06-19 04:13:42.528] 
[Fastbot][2026-06-19 04:13:42.528] {"jsonrpc": "2.0", "id": 1, "method": "waitForExists", "params": [{"mask": 18874368, "childOrSibling": [], "childOrSiblingSelector": [], "resourceId": "it.feio.android.omninotes.alpha:id/title", "instance": 0}, 20000]}
[Fastbot][2026-06-19 04:13:42.529] --> END POST (218-byte body)
[Fastbot][2026-06-19 04:13:42.535] <-- 200 OK  http://127.0.0.1:9008/jsonrpc/0 (6ms)
[Fastbot][2026-06-19 04:13:42.535] Content-Type: application/json
[Fastbot][2026-06-19 04:13:42.536] Date: Fri, 19 Jun 2026 08:13:42 GMT
[Fastbot][2026-06-19 04:13:42.536] Connection: keep-alive
[Fastbot][2026-06-19 04:13:42.536] Transfer-Encoding: chunked
[Fastbot][2026-06-19 04:13:42.536] 
[Fastbot][2026-06-19 04:13:42.537] {"jsonrpc":"2.0","id":1,"result":true}

[Fastbot][2026-06-19 04:13:42.537] <-- END HTTP (39-byte body)
[Fastbot][2026-06-19 04:13:42.552] [Proxy Server] Forwarding
[Fastbot][2026-06-19 04:13:42.552] --> POST http://127.0.0.1:9008/jsonrpc/0
[Fastbot][2026-06-19 04:13:42.552] Content-Type: application/json; charset=utf-8
[Fastbot][2026-06-19 04:13:42.553] Content-Length: 205
[Fastbot][2026-06-19 04:13:42.553] 
[Fastbot][2026-06-19 04:13:42.553] {"jsonrpc": "2.0", "id": 1, "method": "getText", "params": [{"mask": 18874368, "childOrSibling": [], "childOrSiblingSelector": [], "resourceId": "it.feio.android.omninotes.alpha:id/title", "instance": 0}]}
[Fastbot][2026-06-19 04:13:42.553] --> END POST (205-byte body)
[Fastbot][2026-06-19 04:13:42.560] <-- 200 OK  http://127.0.0.1:9008/jsonrpc/0 (7ms)
[Fastbot][2026-06-19 04:13:42.561] Content-Type: application/json
[Fastbot][2026-06-19 04:13:42.561] Date: Fri, 19 Jun 2026 08:13:42 GMT
[Fastbot][2026-06-19 04:13:42.561] Connection: keep-alive
[Fastbot][2026-06-19 04:13:42.561] Transfer-Encoding: chunked
[Fastbot][2026-06-19 04:13:42.602] 
[Fastbot][2026-06-19 04:13:42.602] {"jsonrpc":"2.0","id":1,"result":"Notes"}

[Fastbot][2026-06-19 04:13:42.602] <-- END HTTP (42-byte body)
[Fastbot][2026-06-19 04:13:42.637] [Proxy Server] Forwarding
[Fastbot][2026-06-19 04:13:42.637] --> POST http://127.0.0.1:9008/jsonrpc/0
[Fastbot][2026-06-19 04:13:42.637] Content-Type: application/json; charset=utf-8
[Fastbot][2026-06-19 04:13:42.637] Content-Length: 218
[Fastbot][2026-06-19 04:13:42.638] 
[Fastbot][2026-06-19 04:13:42.638] {"jsonrpc": "2.0", "id": 1, "method": "waitForExists", "params": [{"mask": 18874368, "childOrSibling": [], "childOrSiblingSelector": [], "resourceId": "it.feio.android.omninotes.alpha:id/title", "instance": 1}, 20000]}
[Fastbot][2026-06-19 04:13:42.638] --> END POST (218-byte body)
[Fastbot][2026-06-19 04:13:42.645] <-- 200 OK  http://127.0.0.1:9008/jsonrpc/0 (6ms)
[Fastbot][2026-06-19 04:13:42.645] Content-Type: application/json
[Fastbot][2026-06-19 04:13:42.645] Date: Fri, 19 Jun 2026 08:13:42 GMT
[Fastbot][2026-06-19 04:13:42.645] Connection: keep-alive
[Fastbot][2026-06-19 04:13:42.645] Transfer-Encoding: chunked
[Fastbot][2026-06-19 04:13:42.694] 
[Fastbot][2026-06-19 04:13:42.694] {"jsonrpc":"2.0","id":1,"result":true}

[Fastbot][2026-06-19 04:13:42.694] <-- END HTTP (39-byte body)
[Fastbot][2026-06-19 04:13:42.745] [Proxy Server] Forwarding
[Fastbot][2026-06-19 04:13:42.746] --> POST http://127.0.0.1:9008/jsonrpc/0
[Fastbot][2026-06-19 04:13:42.746] Content-Type: application/json; charset=utf-8
[Fastbot][2026-06-19 04:13:42.746] Content-Length: 205
[Fastbot][2026-06-19 04:13:42.746] 
[Fastbot][2026-06-19 04:13:42.746] {"jsonrpc": "2.0", "id": 1, "method": "getText", "params": [{"mask": 18874368, "childOrSibling": [], "childOrSiblingSelector": [], "resourceId": "it.feio.android.omninotes.alpha:id/title", "instance": 1}]}
[Fastbot][2026-06-19 04:13:42.746] --> END POST (205-byte body)
[Fastbot][2026-06-19 04:13:42.754] <-- 200 OK  http://127.0.0.1:9008/jsonrpc/0 (7ms)
[Fastbot][2026-06-19 04:13:42.754] Content-Type: application/json
[Fastbot][2026-06-19 04:13:42.754] Date: Fri, 19 Jun 2026 08:13:42 GMT
[Fastbot][2026-06-19 04:13:42.754] Connection: keep-alive
[Fastbot][2026-06-19 04:13:42.754] Transfer-Encoding: chunked
[Fastbot][2026-06-19 04:13:42.755] 
[Fastbot][2026-06-19 04:13:42.755] {"jsonrpc":"2.0","id":1,"result":"MEzz8"}

[Fastbot][2026-06-19 04:13:42.755] <-- END HTTP (42-byte body)
[Fastbot][2026-06-19 04:13:42.770] [Proxy Server] Forwarding
[Fastbot][2026-06-19 04:13:42.770] --> POST http://127.0.0.1:9008/jsonrpc/0
[Fastbot][2026-06-19 04:13:42.770] Content-Type: application/json; charset=utf-8
[Fastbot][2026-06-19 04:13:42.770] Content-Length: 218
[Fastbot][2026-06-19 04:13:42.771] 
[Fastbot][2026-06-19 04:13:42.771] {"jsonrpc": "2.0", "id": 1, "method": "waitForExists", "params": [{"mask": 18874368, "childOrSibling": [], "childOrSiblingSelector": [], "resourceId": "it.feio.android.omninotes.alpha:id/title", "instance": 2}, 20000]}
[Fastbot][2026-06-19 04:13:42.771] --> END POST (218-byte body)
[Fastbot][2026-06-19 04:13:42.778] <-- 200 OK  http://127.0.0.1:9008/jsonrpc/0 (7ms)
[Fastbot][2026-06-19 04:13:42.778] Content-Type: application/json
[Fastbot][2026-06-19 04:13:42.778] Date: Fri, 19 Jun 2026 08:13:42 GMT
[Fastbot][2026-06-19 04:13:42.778] Connection: keep-alive
[Fastbot][2026-06-19 04:13:42.778] Transfer-Encoding: chunked
[Fastbot][2026-06-19 04:13:42.823] 
[Fastbot][2026-06-19 04:13:42.823] {"jsonrpc":"2.0","id":1,"result":true}

[Fastbot][2026-06-19 04:13:42.823] <-- END HTTP (39-byte body)
[Fastbot][2026-06-19 04:13:42.855] [Proxy Server] Forwarding
[Fastbot][2026-06-19 04:13:42.856] --> POST http://127.0.0.1:9008/jsonrpc/0
[Fastbot][2026-06-19 04:13:42.856] Content-Type: application/json; charset=utf-8
[Fastbot][2026-06-19 04:13:42.856] Content-Length: 205
[Fastbot][2026-06-19 04:13:42.856] 
[Fastbot][2026-06-19 04:13:42.856] {"jsonrpc": "2.0", "id": 1, "method": "getText", "params": [{"mask": 18874368, "childOrSibling": [], "childOrSiblingSelector": [], "resourceId": "it.feio.android.omninotes.alpha:id/title", "instance": 2}]}
[Fastbot][2026-06-19 04:13:42.856] --> END POST (205-byte body)
[Fastbot][2026-06-19 04:13:42.864] <-- 200 OK  http://127.0.0.1:9008/jsonrpc/0 (7ms)
[Fastbot][2026-06-19 04:13:42.864] Content-Type: application/json
[Fastbot][2026-06-19 04:13:42.864] Date: Fri, 19 Jun 2026 08:13:42 GMT
[Fastbot][2026-06-19 04:13:42.864] Connection: keep-alive
[Fastbot][2026-06-19 04:13:42.864] Transfer-Encoding: chunked
[Fastbot][2026-06-19 04:13:42.912] 
[Fastbot][2026-06-19 04:13:42.912] {"jsonrpc":"2.0","id":1,"result":"rXFHz"}

[Fastbot][2026-06-19 04:13:42.913] <-- END HTTP (42-byte body)
[Fastbot][2026-06-19 04:13:42.949] [Proxy Server] Forwarding
[Fastbot][2026-06-19 04:13:42.949] --> POST http://127.0.0.1:9008/jsonrpc/0
[Fastbot][2026-06-19 04:13:42.950] Content-Type: application/json; charset=utf-8
[Fastbot][2026-06-19 04:13:42.950] Content-Length: 187
[Fastbot][2026-06-19 04:13:42.950] 
[Fastbot][2026-06-19 04:13:42.950] {"jsonrpc": "2.0", "id": 1, "method": "count", "params": [{"mask": 2097152, "childOrSibling": [], "childOrSiblingSelector": [], "resourceId": "it.feio.android.omninotes.alpha:id/title"}]}
[Fastbot][2026-06-19 04:13:42.950] --> END POST (187-byte body)
[Fastbot][2026-06-19 04:13:42.969] <-- 200 OK  http://127.0.0.1:9008/jsonrpc/0 (19ms)
[Fastbot][2026-06-19 04:13:42.969] Content-Type: application/json
[Fastbot][2026-06-19 04:13:42.970] Date: Fri, 19 Jun 2026 08:13:42 GMT
[Fastbot][2026-06-19 04:13:42.970] Connection: keep-alive
[Fastbot][2026-06-19 04:13:42.970] Transfer-Encoding: chunked
[Fastbot][2026-06-19 04:13:42.971] 
[Fastbot][2026-06-19 04:13:42.971] {"jsonrpc":"2.0","id":1,"result":3}

[Fastbot][2026-06-19 04:13:42.971] <-- END HTTP (36-byte body)
[Fastbot][2026-06-19 04:13:43.023] [Proxy Server] Forwarding
[Fastbot][2026-06-19 04:13:43.024] --> POST http://127.0.0.1:9008/jsonrpc/0
[Fastbot][2026-06-19 04:13:43.024] Content-Type: application/json; charset=utf-8
[Fastbot][2026-06-19 04:13:43.024] Content-Length: 218
[Fastbot][2026-06-19 04:13:43.024] 
[Fastbot][2026-06-19 04:13:43.024] {"jsonrpc": "2.0", "id": 1, "method": "waitForExists", "params": [{"mask": 18874368, "childOrSibling": [], "childOrSiblingSelector": [], "resourceId": "it.feio.android.omninotes.alpha:id/title", "instance": 0}, 20000]}
[Fastbot][2026-06-19 04:13:43.024] --> END POST (218-byte body)
[Fastbot][2026-06-19 04:13:43.032] <-- 200 OK  http://127.0.0.1:9008/jsonrpc/0 (7ms)
[Fastbot][2026-06-19 04:13:43.032] Content-Type: application/json
[Fastbot][2026-06-19 04:13:43.032] Date: Fri, 19 Jun 2026 08:13:43 GMT
[Fastbot][2026-06-19 04:13:43.032] Connection: keep-alive
[Fastbot][2026-06-19 04:13:43.032] Transfer-Encoding: chunked
[Fastbot][2026-06-19 04:13:43.033] 
[Fastbot][2026-06-19 04:13:43.033] {"jsonrpc":"2.0","id":1,"result":true}

[Fastbot][2026-06-19 04:13:43.033] <-- END HTTP (39-byte body)
[Fastbot][2026-06-19 04:13:43.072] [Proxy Server] Forwarding
[Fastbot][2026-06-19 04:13:43.073] --> POST http://127.0.0.1:9008/jsonrpc/0
[Fastbot][2026-06-19 04:13:43.073] Content-Type: application/json; charset=utf-8
[Fastbot][2026-06-19 04:13:43.073] Content-Length: 205
[Fastbot][2026-06-19 04:13:43.073] 
[Fastbot][2026-06-19 04:13:43.073] {"jsonrpc": "2.0", "id": 1, "method": "getText", "params": [{"mask": 18874368, "childOrSibling": [], "childOrSiblingSelector": [], "resourceId": "it.feio.android.omninotes.alpha:id/title", "instance": 0}]}
[Fastbot][2026-06-19 04:13:43.073] --> END POST (205-byte body)
[Fastbot][2026-06-19 04:13:43.080] <-- 200 OK  http://127.0.0.1:9008/jsonrpc/0 (6ms)
[Fastbot][2026-06-19 04:13:43.080] Content-Type: application/json
[Fastbot][2026-06-19 04:13:43.081] Date: Fri, 19 Jun 2026 08:13:43 GMT
[Fastbot][2026-06-19 04:13:43.081] Connection: keep-alive
[Fastbot][2026-06-19 04:13:43.082] Transfer-Encoding: chunked
[Fastbot][2026-06-19 04:13:43.083] 
[Fastbot][2026-06-19 04:13:43.083] {"jsonrpc":"2.0","id":1,"result":"Notes"}

[Fastbot][2026-06-19 04:13:43.083] <-- END HTTP (42-byte body)
[Fastbot][2026-06-19 04:13:43.120] [Proxy Server] Forwarding
[Fastbot][2026-06-19 04:13:43.120] --> POST http://127.0.0.1:9008/jsonrpc/0
[Fastbot][2026-06-19 04:13:43.120] Content-Type: application/json; charset=utf-8
[Fastbot][2026-06-19 04:13:43.120] Content-Length: 218
[Fastbot][2026-06-19 04:13:43.120] 
[Fastbot][2026-06-19 04:13:43.120] {"jsonrpc": "2.0", "id": 1, "method": "waitForExists", "params": [{"mask": 18874368, "childOrSibling": [], "childOrSiblingSelector": [], "resourceId": "it.feio.android.omninotes.alpha:id/title", "instance": 1}, 20000]}
[Fastbot][2026-06-19 04:13:43.121] --> END POST (218-byte body)
[Fastbot][2026-06-19 04:13:43.130] <-- 200 OK  http://127.0.0.1:9008/jsonrpc/0 (8ms)
[Fastbot][2026-06-19 04:13:43.130] Content-Type: application/json
[Fastbot][2026-06-19 04:13:43.130] Date: Fri, 19 Jun 2026 08:13:43 GMT
[Fastbot][2026-06-19 04:13:43.130] Connection: keep-alive
[Fastbot][2026-06-19 04:13:43.130] Transfer-Encoding: chunked
[Fastbot][2026-06-19 04:13:43.131] 
[Fastbot][2026-06-19 04:13:43.131] {"jsonrpc":"2.0","id":1,"result":true}

[Fastbot][2026-06-19 04:13:43.131] <-- END HTTP (39-byte body)
[Fastbot][2026-06-19 04:13:43.167] [Proxy Server] Forwarding
[Fastbot][2026-06-19 04:13:43.167] --> POST http://127.0.0.1:9008/jsonrpc/0
[Fastbot][2026-06-19 04:13:43.167] Content-Type: application/json; charset=utf-8
[Fastbot][2026-06-19 04:13:43.167] Content-Length: 205
[Fastbot][2026-06-19 04:13:43.167] 
[Fastbot][2026-06-19 04:13:43.168] {"jsonrpc": "2.0", "id": 1, "method": "getText", "params": [{"mask": 18874368, "childOrSibling": [], "childOrSiblingSelector": [], "resourceId": "it.feio.android.omninotes.alpha:id/title", "instance": 1}]}
[Fastbot][2026-06-19 04:13:43.168] --> END POST (205-byte body)
[Fastbot][2026-06-19 04:13:43.192] <-- 200 OK  http://127.0.0.1:9008/jsonrpc/0 (24ms)
[Fastbot][2026-06-19 04:13:43.193] Content-Type: application/json
[Fastbot][2026-06-19 04:13:43.193] Date: Fri, 19 Jun 2026 08:13:43 GMT
[Fastbot][2026-06-19 04:13:43.193] Connection: keep-alive
[Fastbot][2026-06-19 04:13:43.193] Transfer-Encoding: chunked
[Fastbot][2026-06-19 04:13:43.194] 
[Fastbot][2026-06-19 04:13:43.194] {"jsonrpc":"2.0","id":1,"result":"MEzz8"}

[Fastbot][2026-06-19 04:13:43.194] <-- END HTTP (42-byte body)
[Fastbot][2026-06-19 04:13:43.240] [Proxy Server] Forwarding
[Fastbot][2026-06-19 04:13:43.240] --> POST http://127.0.0.1:9008/jsonrpc/0
[Fastbot][2026-06-19 04:13:43.240] Content-Type: application/json; charset=utf-8
[Fastbot][2026-06-19 04:13:43.240] Content-Length: 218
[Fastbot][2026-06-19 04:13:43.240] 
[Fastbot][2026-06-19 04:13:43.240] {"jsonrpc": "2.0", "id": 1, "method": "waitForExists", "params": [{"mask": 18874368, "childOrSibling": [], "childOrSiblingSelector": [], "resourceId": "it.feio.android.omninotes.alpha:id/title", "instance": 2}, 20000]}
[Fastbot][2026-06-19 04:13:43.240] --> END POST (218-byte body)
[Fastbot][2026-06-19 04:13:43.266] <-- 200 OK  http://127.0.0.1:9008/jsonrpc/0 (24ms)
[Fastbot][2026-06-19 04:13:43.266] Content-Type: application/json
[Fastbot][2026-06-19 04:13:43.266] Date: Fri, 19 Jun 2026 08:13:43 GMT
[Fastbot][2026-06-19 04:13:43.266] Connection: keep-alive
[Fastbot][2026-06-19 04:13:43.266] Transfer-Encoding: chunked
[Fastbot][2026-06-19 04:13:43.267] 
[Fastbot][2026-06-19 04:13:43.267] {"jsonrpc":"2.0","id":1,"result":true}

[Fastbot][2026-06-19 04:13:43.268] <-- END HTTP (39-byte body)
[Fastbot][2026-06-19 04:13:43.325] [Proxy Server] Forwarding
[Fastbot][2026-06-19 04:13:43.325] --> POST http://127.0.0.1:9008/jsonrpc/0
[Fastbot][2026-06-19 04:13:43.326] Content-Type: application/json; charset=utf-8
[Fastbot][2026-06-19 04:13:43.326] Content-Length: 205
[Fastbot][2026-06-19 04:13:43.326] 
[Fastbot][2026-06-19 04:13:43.327] {"jsonrpc": "2.0", "id": 1, "method": "getText", "params": [{"mask": 18874368, "childOrSibling": [], "childOrSiblingSelector": [], "resourceId": "it.feio.android.omninotes.alpha:id/title", "instance": 2}]}
[Fastbot][2026-06-19 04:13:43.327] --> END POST (205-byte body)
[Fastbot][2026-06-19 04:13:43.349] <-- 200 OK  http://127.0.0.1:9008/jsonrpc/0 (22ms)
[Fastbot][2026-06-19 04:13:43.350] Content-Type: application/json
[Fastbot][2026-06-19 04:13:43.350] Date: Fri, 19 Jun 2026 08:13:43 GMT
[Fastbot][2026-06-19 04:13:43.350] Connection: keep-alive
[Fastbot][2026-06-19 04:13:43.350] Transfer-Encoding: chunked
[Fastbot][2026-06-19 04:13:43.357] 
[Fastbot][2026-06-19 04:13:43.358] {"jsonrpc":"2.0","id":1,"result":"rXFHz"}

[Fastbot][2026-06-19 04:13:43.358] <-- END HTTP (42-byte body)
[Fastbot][2026-06-19 04:13:43.375] [Proxy Server] Detected script method: pressKey
[Fastbot][2026-06-19 04:13:43.376] [Proxy Server] Forwarding
[Fastbot][2026-06-19 04:13:43.376] --> POST http://127.0.0.1:9008/jsonrpc/0
[Fastbot][2026-06-19 04:13:43.377] Content-Type: application/json; charset=utf-8
[Fastbot][2026-06-19 04:13:43.377] Content-Length: 69
[Fastbot][2026-06-19 04:13:43.377] 
[Fastbot][2026-06-19 04:13:43.377] {"jsonrpc": "2.0", "id": 1, "method": "pressKey", "params": ["back"]}
[Fastbot][2026-06-19 04:13:43.378] --> END POST (69-byte body)
[Fastbot][2026-06-19 04:13:43.451] <-- 200 OK  http://127.0.0.1:9008/jsonrpc/0 (72ms)
[Fastbot][2026-06-19 04:13:43.451] Content-Type: application/json
[Fastbot][2026-06-19 04:13:43.451] Date: Fri, 19 Jun 2026 08:13:43 GMT
[Fastbot][2026-06-19 04:13:43.451] Connection: keep-alive
[Fastbot][2026-06-19 04:13:43.451] Transfer-Encoding: chunked
[Fastbot][2026-06-19 04:13:43.492] 
[Fastbot][2026-06-19 04:13:43.493] {"jsonrpc":"2.0","id":1,"result":true}

[Fastbot][2026-06-19 04:13:43.493] <-- END HTTP (39-byte body)
[Fastbot][2026-06-19 04:13:44.026] [Proxy Server] Forwarding
[Fastbot][2026-06-19 04:13:44.027] --> POST http://127.0.0.1:9008/jsonrpc/0
[Fastbot][2026-06-19 04:13:44.027] Content-Type: application/json; charset=utf-8
[Fastbot][2026-06-19 04:13:44.027] Content-Length: 224
[Fastbot][2026-06-19 04:13:44.027] 
[Fastbot][2026-06-19 04:13:44.027] {"jsonrpc": "2.0", "id": 1, "method": "waitForExists", "params": [{"mask": 2097153, "childOrSibling": [], "childOrSiblingSelector": [], "resourceId": "it.feio.android.omninotes.alpha:id/note_title", "text": "HH8s3"}, 20000]}
[Fastbot][2026-06-19 04:13:44.028] --> END POST (224-byte body)
[Fastbot][2026-06-19 04:13:44.049] <-- 200 OK  http://127.0.0.1:9008/jsonrpc/0 (21ms)
[Fastbot][2026-06-19 04:13:44.049] Content-Type: application/json
[Fastbot][2026-06-19 04:13:44.049] Date: Fri, 19 Jun 2026 08:13:44 GMT
[Fastbot][2026-06-19 04:13:44.049] Connection: keep-alive
[Fastbot][2026-06-19 04:13:44.049] Transfer-Encoding: chunked
[Fastbot][2026-06-19 04:13:44.050] 
[Fastbot][2026-06-19 04:13:44.050] {"jsonrpc":"2.0","id":1,"result":true}

[Fastbot][2026-06-19 04:13:44.050] <-- END HTTP (39-byte body)
[Fastbot][2026-06-19 04:13:44.088] [Proxy Server] Forwarding
[Fastbot][2026-06-19 04:13:44.088] --> POST http://127.0.0.1:9008/jsonrpc/0
[Fastbot][2026-06-19 04:13:44.088] Content-Type: application/json; charset=utf-8
[Fastbot][2026-06-19 04:13:44.088] Content-Length: 211
[Fastbot][2026-06-19 04:13:44.089] 
[Fastbot][2026-06-19 04:13:44.089] {"jsonrpc": "2.0", "id": 1, "method": "objInfo", "params": [{"mask": 2097153, "childOrSibling": [], "childOrSiblingSelector": [], "resourceId": "it.feio.android.omninotes.alpha:id/note_title", "text": "HH8s3"}]}
[Fastbot][2026-06-19 04:13:44.089] --> END POST (211-byte body)
[Fastbot][2026-06-19 04:13:44.119] <-- 200 OK  http://127.0.0.1:9008/jsonrpc/0 (30ms)
[Fastbot][2026-06-19 04:13:44.120] Content-Type: application/json
[Fastbot][2026-06-19 04:13:44.120] Date: Fri, 19 Jun 2026 08:13:44 GMT
[Fastbot][2026-06-19 04:13:44.120] Connection: keep-alive
[Fastbot][2026-06-19 04:13:44.120] Transfer-Encoding: chunked
[Fastbot][2026-06-19 04:13:44.121] 
[Fastbot][2026-06-19 04:13:44.121] {"jsonrpc":"2.0","id":1,"result":{"bounds":{"bottom":1288,"left":58,"right":1014,"top":1227},"childCount":0,"className":"android.widget.TextView","contentDescription":null,"packageName":"it.feio.android.omninotes.alpha","resourceName":"it.feio.android.omninotes.alpha:id/note_title","text":"HH8s3","v...[truncated]
[Fastbot][2026-06-19 04:13:44.121] <-- END HTTP (525-byte body)
[Fastbot][2026-06-19 04:13:44.150] [Proxy Server] Detected script method: click
[Fastbot][2026-06-19 04:13:44.150] [Proxy Server] Forwarding
[Fastbot][2026-06-19 04:13:44.150] --> POST http://127.0.0.1:9008/jsonrpc/0
[Fastbot][2026-06-19 04:13:44.150] Content-Type: application/json; charset=utf-8
[Fastbot][2026-06-19 04:13:44.151] Content-Length: 73
[Fastbot][2026-06-19 04:13:44.151] 
[Fastbot][2026-06-19 04:13:44.151] {"jsonrpc": "2.0", "id": 1, "method": "click", "params": [536.0, 1257.5]}
[Fastbot][2026-06-19 04:13:44.152] --> END POST (73-byte body)
[Fastbot][2026-06-19 04:13:44.286] <-- 200 OK  http://127.0.0.1:9008/jsonrpc/0 (134ms)
[Fastbot][2026-06-19 04:13:44.286] Content-Type: application/json
[Fastbot][2026-06-19 04:13:44.286] Date: Fri, 19 Jun 2026 08:13:44 GMT
[Fastbot][2026-06-19 04:13:44.287] Connection: keep-alive
[Fastbot][2026-06-19 04:13:44.287] Transfer-Encoding: chunked
[Fastbot][2026-06-19 04:13:44.288] 
[Fastbot][2026-06-19 04:13:44.289] {"jsonrpc":"2.0","id":1,"result":true}

[Fastbot][2026-06-19 04:13:44.289] <-- END HTTP (39-byte body)
[Fastbot][2026-06-19 04:13:44.823] [Proxy Server] Forwarding
[Fastbot][2026-06-19 04:13:44.823] --> POST http://127.0.0.1:9008/jsonrpc/0
[Fastbot][2026-06-19 04:13:44.824] Content-Type: application/json; charset=utf-8
[Fastbot][2026-06-19 04:13:44.824] Content-Length: 210
[Fastbot][2026-06-19 04:13:44.824] 
[Fastbot][2026-06-19 04:13:44.825] {"jsonrpc": "2.0", "id": 1, "method": "waitForExists", "params": [{"mask": 2097152, "childOrSibling": [], "childOrSiblingSelector": [], "resourceId": "it.feio.android.omninotes.alpha:id/menu_category"}, 20000]}
[Fastbot][2026-06-19 04:13:44.825] --> END POST (210-byte body)
[Fastbot][2026-06-19 04:13:44.863] <-- 200 OK  http://127.0.0.1:9008/jsonrpc/0 (37ms)
[Fastbot][2026-06-19 04:13:44.863] Content-Type: application/json
[Fastbot][2026-06-19 04:13:44.863] Date: Fri, 19 Jun 2026 08:13:44 GMT
[Fastbot][2026-06-19 04:13:44.863] Connection: keep-alive
[Fastbot][2026-06-19 04:13:44.863] Transfer-Encoding: chunked
[Fastbot][2026-06-19 04:13:44.864] 
[Fastbot][2026-06-19 04:13:44.864] {"jsonrpc":"2.0","id":1,"result":true}

[Fastbot][2026-06-19 04:13:44.864] <-- END HTTP (39-byte body)
[Fastbot][2026-06-19 04:13:44.894] [Proxy Server] Forwarding
[Fastbot][2026-06-19 04:13:44.896] --> POST http://127.0.0.1:9008/jsonrpc/0
[Fastbot][2026-06-19 04:13:44.896] Content-Type: application/json; charset=utf-8
[Fastbot][2026-06-19 04:13:44.896] Content-Length: 197
[Fastbot][2026-06-19 04:13:44.897] 
[Fastbot][2026-06-19 04:13:44.898] {"jsonrpc": "2.0", "id": 1, "method": "objInfo", "params": [{"mask": 2097152, "childOrSibling": [], "childOrSiblingSelector": [], "resourceId": "it.feio.android.omninotes.alpha:id/menu_category"}]}
[Fastbot][2026-06-19 04:13:44.899] --> END POST (197-byte body)
[Fastbot][2026-06-19 04:13:44.957] <-- 200 OK  http://127.0.0.1:9008/jsonrpc/0 (58ms)
[Fastbot][2026-06-19 04:13:44.958] Content-Type: application/json
[Fastbot][2026-06-19 04:13:44.958] Date: Fri, 19 Jun 2026 08:13:44 GMT
[Fastbot][2026-06-19 04:13:44.958] Connection: keep-alive
[Fastbot][2026-06-19 04:13:44.958] Transfer-Encoding: chunked
[Fastbot][2026-06-19 04:13:44.958] 
[Fastbot][2026-06-19 04:13:44.959] {"jsonrpc":"2.0","id":1,"result":{"bounds":{"bottom":275,"left":573,"right":705,"top":143},"childCount":0,"className":"android.widget.Button","contentDescription":"Category","packageName":"it.feio.android.omninotes.alpha","resourceName":"it.feio.android.omninotes.alpha:id/menu_category","text":null,...[truncated]
[Fastbot][2026-06-19 04:13:44.959] <-- END HTTP (522-byte body)
[Fastbot][2026-06-19 04:13:44.988] [Proxy Server] Detected script method: click
[Fastbot][2026-06-19 04:13:44.988] [Proxy Server] Forwarding
[Fastbot][2026-06-19 04:13:44.988] --> POST http://127.0.0.1:9008/jsonrpc/0
[Fastbot][2026-06-19 04:13:44.989] Content-Type: application/json; charset=utf-8
[Fastbot][2026-06-19 04:13:44.989] Content-Length: 72
[Fastbot][2026-06-19 04:13:44.989] 
[Fastbot][2026-06-19 04:13:44.989] {"jsonrpc": "2.0", "id": 1, "method": "click", "params": [639.0, 209.0]}
[Fastbot][2026-06-19 04:13:44.989] --> END POST (72-byte body)
[Fastbot][2026-06-19 04:13:45.136] <-- 200 OK  http://127.0.0.1:9008/jsonrpc/0 (146ms)
[Fastbot][2026-06-19 04:13:45.137] Content-Type: application/json
[Fastbot][2026-06-19 04:13:45.137] Date: Fri, 19 Jun 2026 08:13:45 GMT
[Fastbot][2026-06-19 04:13:45.137] Connection: keep-alive
[Fastbot][2026-06-19 04:13:45.137] Transfer-Encoding: chunked
[Fastbot][2026-06-19 04:13:45.139] 
[Fastbot][2026-06-19 04:13:45.139] {"jsonrpc":"2.0","id":1,"result":true}

[Fastbot][2026-06-19 04:13:45.139] <-- END HTTP (39-byte body)
[Fastbot][2026-06-19 04:13:45.683] [Proxy Server] Forwarding
[Fastbot][2026-06-19 04:13:45.684] --> POST http://127.0.0.1:9008/jsonrpc/0
[Fastbot][2026-06-19 04:13:45.684] Content-Type: application/json; charset=utf-8
[Fastbot][2026-06-19 04:13:45.685] Content-Length: 187
[Fastbot][2026-06-19 04:13:45.685] 
[Fastbot][2026-06-19 04:13:45.685] {"jsonrpc": "2.0", "id": 1, "method": "count", "params": [{"mask": 2097152, "childOrSibling": [], "childOrSiblingSelector": [], "resourceId": "it.feio.android.omninotes.alpha:id/count"}]}
[Fastbot][2026-06-19 04:13:45.686] --> END POST (187-byte body)
[Fastbot][2026-06-19 04:13:45.697] <-- 200 OK  http://127.0.0.1:9008/jsonrpc/0 (10ms)
[Fastbot][2026-06-19 04:13:45.697] Content-Type: application/json
[Fastbot][2026-06-19 04:13:45.697] Date: Fri, 19 Jun 2026 08:13:45 GMT
[Fastbot][2026-06-19 04:13:45.697] Connection: keep-alive
[Fastbot][2026-06-19 04:13:45.697] Transfer-Encoding: chunked
[Fastbot][2026-06-19 04:13:45.698] 
[Fastbot][2026-06-19 04:13:45.698] {"jsonrpc":"2.0","id":1,"result":2}

[Fastbot][2026-06-19 04:13:45.698] <-- END HTTP (36-byte body)
[Fastbot][2026-06-19 04:13:45.727] [Proxy Server] Forwarding
[Fastbot][2026-06-19 04:13:45.727] --> POST http://127.0.0.1:9008/jsonrpc/0
[Fastbot][2026-06-19 04:13:45.728] Content-Type: application/json; charset=utf-8
[Fastbot][2026-06-19 04:13:45.728] Content-Length: 218
[Fastbot][2026-06-19 04:13:45.728] 
[Fastbot][2026-06-19 04:13:45.728] {"jsonrpc": "2.0", "id": 1, "method": "waitForExists", "params": [{"mask": 18874368, "childOrSibling": [], "childOrSiblingSelector": [], "resourceId": "it.feio.android.omninotes.alpha:id/count", "instance": 0}, 20000]}
[Fastbot][2026-06-19 04:13:45.728] --> END POST (218-byte body)
[Fastbot][2026-06-19 04:13:45.734] <-- 200 OK  http://127.0.0.1:9008/jsonrpc/0 (5ms)
[Fastbot][2026-06-19 04:13:45.734] Content-Type: application/json
[Fastbot][2026-06-19 04:13:45.734] Date: Fri, 19 Jun 2026 08:13:45 GMT
[Fastbot][2026-06-19 04:13:45.734] Connection: keep-alive
[Fastbot][2026-06-19 04:13:45.735] Transfer-Encoding: chunked
[Fastbot][2026-06-19 04:13:45.782] 
[Fastbot][2026-06-19 04:13:45.782] {"jsonrpc":"2.0","id":1,"result":true}

[Fastbot][2026-06-19 04:13:45.782] <-- END HTTP (39-byte body)
[Fastbot][2026-06-19 04:13:45.823] [Proxy Server] Forwarding
[Fastbot][2026-06-19 04:13:45.824] --> POST http://127.0.0.1:9008/jsonrpc/0
[Fastbot][2026-06-19 04:13:45.824] Content-Type: application/json; charset=utf-8
[Fastbot][2026-06-19 04:13:45.824] Content-Length: 205
[Fastbot][2026-06-19 04:13:45.824] 
[Fastbot][2026-06-19 04:13:45.825] {"jsonrpc": "2.0", "id": 1, "method": "getText", "params": [{"mask": 18874368, "childOrSibling": [], "childOrSiblingSelector": [], "resourceId": "it.feio.android.omninotes.alpha:id/count", "instance": 0}]}
[Fastbot][2026-06-19 04:13:45.825] --> END POST (205-byte body)
[Fastbot][2026-06-19 04:13:45.830] <-- 200 OK  http://127.0.0.1:9008/jsonrpc/0 (4ms)
[Fastbot][2026-06-19 04:13:45.830] Content-Type: application/json
[Fastbot][2026-06-19 04:13:45.831] Date: Fri, 19 Jun 2026 08:13:45 GMT
[Fastbot][2026-06-19 04:13:45.831] Connection: keep-alive
[Fastbot][2026-06-19 04:13:45.832] Transfer-Encoding: chunked
[Fastbot][2026-06-19 04:13:45.833] 
[Fastbot][2026-06-19 04:13:45.833] {"jsonrpc":"2.0","id":1,"result":"1"}

[Fastbot][2026-06-19 04:13:45.833] <-- END HTTP (38-byte body)
[Fastbot][2026-06-19 04:13:45.870] [Proxy Server] Forwarding
[Fastbot][2026-06-19 04:13:45.870] --> POST http://127.0.0.1:9008/jsonrpc/0
[Fastbot][2026-06-19 04:13:45.871] Content-Type: application/json; charset=utf-8
[Fastbot][2026-06-19 04:13:45.871] Content-Length: 218
[Fastbot][2026-06-19 04:13:45.871] 
[Fastbot][2026-06-19 04:13:45.872] {"jsonrpc": "2.0", "id": 1, "method": "waitForExists", "params": [{"mask": 18874368, "childOrSibling": [], "childOrSiblingSelector": [], "resourceId": "it.feio.android.omninotes.alpha:id/count", "instance": 1}, 20000]}
[Fastbot][2026-06-19 04:13:45.872] --> END POST (218-byte body)
[Fastbot][2026-06-19 04:13:45.879] <-- 200 OK  http://127.0.0.1:9008/jsonrpc/0 (6ms)
[Fastbot][2026-06-19 04:13:45.879] Content-Type: application/json
[Fastbot][2026-06-19 04:13:45.879] Date: Fri, 19 Jun 2026 08:13:45 GMT
[Fastbot][2026-06-19 04:13:45.879] Connection: keep-alive
[Fastbot][2026-06-19 04:13:45.880] Transfer-Encoding: chunked
[Fastbot][2026-06-19 04:13:45.881] 
[Fastbot][2026-06-19 04:13:45.881] {"jsonrpc":"2.0","id":1,"result":true}

[Fastbot][2026-06-19 04:13:45.881] <-- END HTTP (39-byte body)
[Fastbot][2026-06-19 04:13:45.917] [Proxy Server] Forwarding
[Fastbot][2026-06-19 04:13:45.917] --> POST http://127.0.0.1:9008/jsonrpc/0
[Fastbot][2026-06-19 04:13:45.918] Content-Type: application/json; charset=utf-8
[Fastbot][2026-06-19 04:13:45.918] Content-Length: 205
[Fastbot][2026-06-19 04:13:45.918] 
[Fastbot][2026-06-19 04:13:45.919] {"jsonrpc": "2.0", "id": 1, "method": "getText", "params": [{"mask": 18874368, "childOrSibling": [], "childOrSiblingSelector": [], "resourceId": "it.feio.android.omninotes.alpha:id/count", "instance": 1}]}
[Fastbot][2026-06-19 04:13:45.919] --> END POST (205-byte body)
[Fastbot][2026-06-19 04:13:45.925] <-- 200 OK  http://127.0.0.1:9008/jsonrpc/0 (5ms)
[Fastbot][2026-06-19 04:13:45.925] Content-Type: application/json
[Fastbot][2026-06-19 04:13:45.926] Date: Fri, 19 Jun 2026 08:13:45 GMT
[Fastbot][2026-06-19 04:13:45.926] Connection: keep-alive
[Fastbot][2026-06-19 04:13:45.926] Transfer-Encoding: chunked
[Fastbot][2026-06-19 04:13:45.927] 
[Fastbot][2026-06-19 04:13:45.927] {"jsonrpc":"2.0","id":1,"result":"1"}

[Fastbot][2026-06-19 04:13:45.928] <-- END HTTP (38-byte body)
[Fastbot][2026-06-19 04:13:45.978] [Proxy Server] Forwarding
[Fastbot][2026-06-19 04:13:45.978] --> POST http://127.0.0.1:9008/jsonrpc/0
[Fastbot][2026-06-19 04:13:45.978] Content-Type: application/json; charset=utf-8
[Fastbot][2026-06-19 04:13:45.978] Content-Length: 187
[Fastbot][2026-06-19 04:13:45.978] 
[Fastbot][2026-06-19 04:13:45.979] {"jsonrpc": "2.0", "id": 1, "method": "count", "params": [{"mask": 2097152, "childOrSibling": [], "childOrSiblingSelector": [], "resourceId": "it.feio.android.omninotes.alpha:id/title"}]}
[Fastbot][2026-06-19 04:13:45.979] --> END POST (187-byte body)
[Fastbot][2026-06-19 04:13:45.991] <-- 200 OK  http://127.0.0.1:9008/jsonrpc/0 (11ms)
[Fastbot][2026-06-19 04:13:45.991] Content-Type: application/json
[Fastbot][2026-06-19 04:13:45.991] Date: Fri, 19 Jun 2026 08:13:45 GMT
[Fastbot][2026-06-19 04:13:45.991] Connection: keep-alive
[Fastbot][2026-06-19 04:13:45.991] Transfer-Encoding: chunked
[Fastbot][2026-06-19 04:13:45.992] 
[Fastbot][2026-06-19 04:13:45.993] {"jsonrpc":"2.0","id":1,"result":2}

[Fastbot][2026-06-19 04:13:45.993] <-- END HTTP (36-byte body)
[Fastbot][2026-06-19 04:13:46.023] [Proxy Server] Forwarding
[Fastbot][2026-06-19 04:13:46.023] --> POST http://127.0.0.1:9008/jsonrpc/0
[Fastbot][2026-06-19 04:13:46.024] Content-Type: application/json; charset=utf-8
[Fastbot][2026-06-19 04:13:46.024] Content-Length: 218
[Fastbot][2026-06-19 04:13:46.024] 
[Fastbot][2026-06-19 04:13:46.024] {"jsonrpc": "2.0", "id": 1, "method": "waitForExists", "params": [{"mask": 18874368, "childOrSibling": [], "childOrSiblingSelector": [], "resourceId": "it.feio.android.omninotes.alpha:id/title", "instance": 0}, 20000]}
[Fastbot][2026-06-19 04:13:46.024] --> END POST (218-byte body)
[Fastbot][2026-06-19 04:13:46.031] <-- 200 OK  http://127.0.0.1:9008/jsonrpc/0 (6ms)
[Fastbot][2026-06-19 04:13:46.031] Content-Type: application/json
[Fastbot][2026-06-19 04:13:46.031] Date: Fri, 19 Jun 2026 08:13:46 GMT
[Fastbot][2026-06-19 04:13:46.031] Connection: keep-alive
[Fastbot][2026-06-19 04:13:46.031] Transfer-Encoding: chunked
[Fastbot][2026-06-19 04:13:46.033] 
[Fastbot][2026-06-19 04:13:46.033] {"jsonrpc":"2.0","id":1,"result":true}

[Fastbot][2026-06-19 04:13:46.033] <-- END HTTP (39-byte body)
[Fastbot][2026-06-19 04:13:46.048] [Proxy Server] Forwarding
[Fastbot][2026-06-19 04:13:46.048] --> POST http://127.0.0.1:9008/jsonrpc/0
[Fastbot][2026-06-19 04:13:46.049] Content-Type: application/json; charset=utf-8
[Fastbot][2026-06-19 04:13:46.049] Content-Length: 205
[Fastbot][2026-06-19 04:13:46.049] 
[Fastbot][2026-06-19 04:13:46.049] {"jsonrpc": "2.0", "id": 1, "method": "getText", "params": [{"mask": 18874368, "childOrSibling": [], "childOrSiblingSelector": [], "resourceId": "it.feio.android.omninotes.alpha:id/title", "instance": 0}]}
[Fastbot][2026-06-19 04:13:46.049] --> END POST (205-byte body)
[Fastbot][2026-06-19 04:13:46.102] <-- 200 OK  http://127.0.0.1:9008/jsonrpc/0 (52ms)
[Fastbot][2026-06-19 04:13:46.102] Content-Type: application/json
[Fastbot][2026-06-19 04:13:46.103] Date: Fri, 19 Jun 2026 08:13:46 GMT
[Fastbot][2026-06-19 04:13:46.106] Connection: keep-alive
[Fastbot][2026-06-19 04:13:46.106] Transfer-Encoding: chunked
[Fastbot][2026-06-19 04:13:46.132] 
[Fastbot][2026-06-19 04:13:46.133] {"jsonrpc":"2.0","id":1,"result":"MEzz8"}

[Fastbot][2026-06-19 04:13:46.133] <-- END HTTP (42-byte body)
[Fastbot][2026-06-19 04:13:46.180] [Proxy Server] Forwarding
[Fastbot][2026-06-19 04:13:46.180] --> POST http://127.0.0.1:9008/jsonrpc/0
[Fastbot][2026-06-19 04:13:46.182] Content-Type: application/json; charset=utf-8
[Fastbot][2026-06-19 04:13:46.183] Content-Length: 218
[Fastbot][2026-06-19 04:13:46.183] 
[Fastbot][2026-06-19 04:13:46.184] {"jsonrpc": "2.0", "id": 1, "method": "waitForExists", "params": [{"mask": 18874368, "childOrSibling": [], "childOrSiblingSelector": [], "resourceId": "it.feio.android.omninotes.alpha:id/title", "instance": 1}, 20000]}
[Fastbot][2026-06-19 04:13:46.185] --> END POST (218-byte body)
[Fastbot][2026-06-19 04:13:46.210] <-- 200 OK  http://127.0.0.1:9008/jsonrpc/0 (25ms)
[Fastbot][2026-06-19 04:13:46.211] Content-Type: application/json
[Fastbot][2026-06-19 04:13:46.211] Date: Fri, 19 Jun 2026 08:13:46 GMT
[Fastbot][2026-06-19 04:13:46.211] Connection: keep-alive
[Fastbot][2026-06-19 04:13:46.211] Transfer-Encoding: chunked
[Fastbot][2026-06-19 04:13:46.212] 
[Fastbot][2026-06-19 04:13:46.213] {"jsonrpc":"2.0","id":1,"result":true}

[Fastbot][2026-06-19 04:13:46.214] <-- END HTTP (39-byte body)
[Fastbot][2026-06-19 04:13:46.260] [Proxy Server] Forwarding
[Fastbot][2026-06-19 04:13:46.260] --> POST http://127.0.0.1:9008/jsonrpc/0
[Fastbot][2026-06-19 04:13:46.261] Content-Type: application/json; charset=utf-8
[Fastbot][2026-06-19 04:13:46.261] Content-Length: 205
[Fastbot][2026-06-19 04:13:46.262] 
[Fastbot][2026-06-19 04:13:46.262] {"jsonrpc": "2.0", "id": 1, "method": "getText", "params": [{"mask": 18874368, "childOrSibling": [], "childOrSiblingSelector": [], "resourceId": "it.feio.android.omninotes.alpha:id/title", "instance": 1}]}
[Fastbot][2026-06-19 04:13:46.262] --> END POST (205-byte body)
[Fastbot][2026-06-19 04:13:46.279] <-- 200 OK  http://127.0.0.1:9008/jsonrpc/0 (16ms)
[Fastbot][2026-06-19 04:13:46.280] Content-Type: application/json
[Fastbot][2026-06-19 04:13:46.280] Date: Fri, 19 Jun 2026 08:13:46 GMT
[Fastbot][2026-06-19 04:13:46.280] Connection: keep-alive
[Fastbot][2026-06-19 04:13:46.280] Transfer-Encoding: chunked
[Fastbot][2026-06-19 04:13:46.281] 
[Fastbot][2026-06-19 04:13:46.281] {"jsonrpc":"2.0","id":1,"result":"rXFHz"}

[Fastbot][2026-06-19 04:13:46.281] <-- END HTTP (42-byte body)
[Fastbot][2026-06-19 04:13:46.322] [Proxy Server] Detected script method: pressKey
[Fastbot][2026-06-19 04:13:46.322] [Proxy Server] Forwarding
[Fastbot][2026-06-19 04:13:46.323] --> POST http://127.0.0.1:9008/jsonrpc/0
[Fastbot][2026-06-19 04:13:46.323] Content-Type: application/json; charset=utf-8
[Fastbot][2026-06-19 04:13:46.323] Content-Length: 69
[Fastbot][2026-06-19 04:13:46.323] 
[Fastbot][2026-06-19 04:13:46.323] {"jsonrpc": "2.0", "id": 1, "method": "pressKey", "params": ["back"]}
[Fastbot][2026-06-19 04:13:46.323] --> END POST (69-byte body)
[Fastbot][2026-06-19 04:13:47.525] <-- 200 OK  http://127.0.0.1:9008/jsonrpc/0 (1201ms)
[Fastbot][2026-06-19 04:13:47.525] Content-Type: application/json
[Fastbot][2026-06-19 04:13:47.525] Date: Fri, 19 Jun 2026 08:13:47 GMT
[Fastbot][2026-06-19 04:13:47.525] Connection: keep-alive
[Fastbot][2026-06-19 04:13:47.525] Transfer-Encoding: chunked
[Fastbot][2026-06-19 04:13:47.526] 
[Fastbot][2026-06-19 04:13:47.526] {"jsonrpc":"2.0","id":1,"result":false}

[Fastbot][2026-06-19 04:13:47.526] <-- END HTTP (40-byte body)
[Fastbot][2026-06-19 04:13:48.070] [Proxy Server] Detected script method: pressKey
[Fastbot][2026-06-19 04:13:48.071] [Proxy Server] Forwarding
[Fastbot][2026-06-19 04:13:48.071] --> POST http://127.0.0.1:9008/jsonrpc/0
[Fastbot][2026-06-19 04:13:48.072] Content-Type: application/json; charset=utf-8
[Fastbot][2026-06-19 04:13:48.072] Content-Length: 69
[Fastbot][2026-06-19 04:13:48.072] 
[Fastbot][2026-06-19 04:13:48.073] {"jsonrpc": "2.0", "id": 1, "method": "pressKey", "params": ["back"]}
[Fastbot][2026-06-19 04:13:48.073] --> END POST (69-byte body)
[Fastbot][2026-06-19 04:13:48.107] <-- 200 OK  http://127.0.0.1:9008/jsonrpc/0 (34ms)
[Fastbot][2026-06-19 04:13:48.107] Content-Type: application/json
[Fastbot][2026-06-19 04:13:48.109] Date: Fri, 19 Jun 2026 08:13:48 GMT
[Fastbot][2026-06-19 04:13:48.109] Connection: keep-alive
[Fastbot][2026-06-19 04:13:48.109] Transfer-Encoding: chunked
[Fastbot][2026-06-19 04:13:48.111] 
[Fastbot][2026-06-19 04:13:48.113] {"jsonrpc":"2.0","id":1,"result":true}

[Fastbot][2026-06-19 04:13:48.113] <-- END HTTP (39-byte body)
[Fastbot][2026-06-19 04:13:48.896] --> POST http://127.0.0.1:9008/jsonrpc/0
[Fastbot][2026-06-19 04:13:48.896] Content-Type: application/json; charset=utf-8
[Fastbot][2026-06-19 04:13:48.896] Content-Length: 75
[Fastbot][2026-06-19 04:13:48.896] 
[Fastbot][2026-06-19 04:13:48.896] {"id":1,"jsonrpc":"2.0","method":"dumpWindowHierarchy","params":[false,50]}
[Fastbot][2026-06-19 04:13:48.896] --> END POST (75-byte body)
[Fastbot][2026-06-19 04:13:48.935] <-- 200 OK  http://127.0.0.1:9008/jsonrpc/0 (39ms)
[Fastbot][2026-06-19 04:13:48.936] Content-Type: application/json
[Fastbot][2026-06-19 04:13:48.936] Date: Fri, 19 Jun 2026 08:13:48 GMT
[Fastbot][2026-06-19 04:13:48.936] Connection: keep-alive
[Fastbot][2026-06-19 04:13:48.936] Transfer-Encoding: chunked
[Fastbot][2026-06-19 04:13:48.939] 
[Fastbot][2026-06-19 04:13:48.940] {"jsonrpc":"2.0","id":1,"result":"<?xml version='1.0' encoding='UTF-8' standalone='yes' ?>\r\n<hierarchy rotation=\"0\">\r\n  <node index=\"0\" text=\"\" resource-id=\"com.android.systemui:id/navigation_bar_frame\" class=\"android.widget.FrameLayout\" package=\"com.android.systemui\" content-desc=\"...[truncated]
[Fastbot][2026-06-19 04:13:48.940] <-- END HTTP (60313-byte body)
[Fastbot][2026-06-19 04:13:48.979] [ProxyServer] stepsCount: 9
[Fastbot][2026-06-19 04:13:48.979] [ProxyServer] receive request: stepMonkey
[Fastbot][2026-06-19 04:13:48.979] [MonkeySourceApeU2] stepsCount: 9
[Fastbot][2026-06-19 04:13:48.979] [MonkeySourceApeU2] Latest event is MonkeyEvent. Use the cached hierarchy.
[Fastbot][2026-06-19 04:13:48.980] [MonkeySourceApeU2] Successfully Got hierarchy
[Fastbot][2026-06-19 04:13:48.982] // Event id: 95
[Fastbot][2026-06-19 04:13:48.982] topActivity Name: ComponentInfo{it.feio.android.omninotes.alpha/it.feio.android.omninotes.MainActivity}
[Fastbot][2026-06-19 04:13:48.982] // Dumped stringOfGuiTree
[Fastbot][2026-06-19 04:13:48.983] topActivityName: it.feio.android.omninotes.MainActivity
[Fastbot][2026-06-19 04:13:48.986] action type: CLICK
[Fastbot][2026-06-19 04:13:48.986] rpc cost time: 4
[Fastbot]*** WARNING *** checkVirtualKeyboard: Input only once.
[Fastbot][2026-06-19 04:13:48.989] :Sending rotation degree=0, persist=false
[Fastbot][2026-06-19 04:13:48.993] :Sending Touch (ACTION_DOWN): 0:(1029.0,1988.0)
[Fastbot][2026-06-19 04:13:48.994] :Sending Touch (ACTION_UP): 0:(1029.0,1988.0)
[Fastbot][2026-06-19 04:13:48.996] Sleeping for 271 milliseconds
[Fastbot][2026-06-19 04:13:49.269] [ProxyServer] Finish monkey step. Dumping hierarchy
[Fastbot][2026-06-19 04:13:49.270] --> POST http://127.0.0.1:9008/jsonrpc/0
[Fastbot][2026-06-19 04:13:49.270] Content-Type: application/json; charset=utf-8
[Fastbot][2026-06-19 04:13:49.270] Content-Length: 75
[Fastbot][2026-06-19 04:13:49.270] 
[Fastbot][2026-06-19 04:13:49.270] {"id":1,"jsonrpc":"2.0","method":"dumpWindowHierarchy","params":[false,50]}
[Fastbot][2026-06-19 04:13:49.270] --> END POST (75-byte body)
[Fastbot][2026-06-19 04:13:49.318] <-- 200 OK  http://127.0.0.1:9008/jsonrpc/0 (47ms)
[Fastbot][2026-06-19 04:13:49.318] Content-Type: application/json
[Fastbot][2026-06-19 04:13:49.318] Date: Fri, 19 Jun 2026 08:13:49 GMT
[Fastbot][2026-06-19 04:13:49.318] Connection: keep-alive
[Fastbot][2026-06-19 04:13:49.319] Transfer-Encoding: chunked
[Fastbot][2026-06-19 04:13:49.320] 
[Fastbot][2026-06-19 04:13:49.322] {"jsonrpc":"2.0","id":1,"result":"<?xml version='1.0' encoding='UTF-8' standalone='yes' ?>\r\n<hierarchy rotation=\"0\">\r\n  <node index=\"0\" text=\"\" resource-id=\"com.android.systemui:id/navigation_bar_frame\" class=\"android.widget.FrameLayout\" package=\"com.android.systemui\" content-desc=\"...[truncated]
[Fastbot][2026-06-19 04:13:49.322] <-- END HTTP (63067-byte body)
[Fastbot][2026-06-19 04:13:49.416] [Proxy Server] Forwarding
[Fastbot][2026-06-19 04:13:49.416] --> POST http://127.0.0.1:9008/jsonrpc/0
[Fastbot][2026-06-19 04:13:49.417] Content-Type: application/json; charset=utf-8
[Fastbot][2026-06-19 04:13:49.417] Content-Length: 211
[Fastbot][2026-06-19 04:13:49.417] 
[Fastbot][2026-06-19 04:13:49.417] {"jsonrpc": "2.0", "id": 1, "method": "waitForExists", "params": [{"mask": 80, "childOrSibling": [], "childOrSiblingSelector": [], "className": "android.widget.ImageView", "description": "More options"}, 20000]}
[Fastbot][2026-06-19 04:13:49.417] --> END POST (211-byte body)
[Fastbot][2026-06-19 04:13:49.431] <-- 200 OK  http://127.0.0.1:9008/jsonrpc/0 (13ms)
[Fastbot][2026-06-19 04:13:49.431] Content-Type: application/json
[Fastbot][2026-06-19 04:13:49.431] Date: Fri, 19 Jun 2026 08:13:49 GMT
[Fastbot][2026-06-19 04:13:49.431] Connection: keep-alive
[Fastbot][2026-06-19 04:13:49.431] Transfer-Encoding: chunked
[Fastbot][2026-06-19 04:13:49.432] 
[Fastbot][2026-06-19 04:13:49.433] {"jsonrpc":"2.0","id":1,"result":true}

[Fastbot][2026-06-19 04:13:49.433] <-- END HTTP (39-byte body)
[Fastbot][2026-06-19 04:13:49.478] [Proxy Server] Forwarding
[Fastbot][2026-06-19 04:13:49.478] --> POST http://127.0.0.1:9008/jsonrpc/0
[Fastbot][2026-06-19 04:13:49.478] Content-Type: application/json; charset=utf-8
[Fastbot][2026-06-19 04:13:49.478] Content-Length: 198
[Fastbot][2026-06-19 04:13:49.478] 
[Fastbot][2026-06-19 04:13:49.478] {"jsonrpc": "2.0", "id": 1, "method": "objInfo", "params": [{"mask": 80, "childOrSibling": [], "childOrSiblingSelector": [], "className": "android.widget.ImageView", "description": "More options"}]}
[Fastbot][2026-06-19 04:13:49.479] --> END POST (198-byte body)
[Fastbot][2026-06-19 04:13:49.505] <-- 200 OK  http://127.0.0.1:9008/jsonrpc/0 (26ms)
[Fastbot][2026-06-19 04:13:49.505] Content-Type: application/json
[Fastbot][2026-06-19 04:13:49.505] Date: Fri, 19 Jun 2026 08:13:49 GMT
[Fastbot][2026-06-19 04:13:49.505] Connection: keep-alive
[Fastbot][2026-06-19 04:13:49.505] Transfer-Encoding: chunked
[Fastbot][2026-06-19 04:13:49.506] 
[Fastbot][2026-06-19 04:13:49.506] {"jsonrpc":"2.0","id":1,"result":{"bounds":{"bottom":275,"left":969,"right":1080,"top":143},"childCount":0,"className":"android.widget.ImageView","contentDescription":"More options","packageName":"it.feio.android.omninotes.alpha","resourceName":null,"text":null,"visibleBounds":{"bottom":275,"left":9...[truncated]
[Fastbot][2026-06-19 04:13:49.507] <-- END HTTP (485-byte body)
[Fastbot][2026-06-19 04:13:49.556] [Proxy Server] Detected script method: click
[Fastbot][2026-06-19 04:13:49.557] [Proxy Server] Forwarding
[Fastbot][2026-06-19 04:13:49.557] --> POST http://127.0.0.1:9008/jsonrpc/0
[Fastbot][2026-06-19 04:13:49.557] Content-Type: application/json; charset=utf-8
[Fastbot][2026-06-19 04:13:49.557] Content-Length: 73
[Fastbot][2026-06-19 04:13:49.557] 
[Fastbot][2026-06-19 04:13:49.558] {"jsonrpc": "2.0", "id": 1, "method": "click", "params": [1024.5, 209.0]}
[Fastbot][2026-06-19 04:13:49.558] --> END POST (73-byte body)
[Fastbot][2026-06-19 04:13:49.697] <-- 200 OK  http://127.0.0.1:9008/jsonrpc/0 (138ms)
[Fastbot][2026-06-19 04:13:49.698] Content-Type: application/json
[Fastbot][2026-06-19 04:13:49.698] Date: Fri, 19 Jun 2026 08:13:49 GMT
[Fastbot][2026-06-19 04:13:49.698] Connection: keep-alive
[Fastbot][2026-06-19 04:13:49.698] Transfer-Encoding: chunked
[Fastbot][2026-06-19 04:13:49.700] 
[Fastbot][2026-06-19 04:13:49.700] {"jsonrpc":"2.0","id":1,"result":true}

[Fastbot][2026-06-19 04:13:49.700] <-- END HTTP (39-byte body)
[Fastbot][2026-06-19 04:13:50.240] [Proxy Server] Forwarding
[Fastbot][2026-06-19 04:13:50.241] --> POST http://127.0.0.1:9008/jsonrpc/0
[Fastbot][2026-06-19 04:13:50.241] Content-Type: application/json; charset=utf-8
[Fastbot][2026-06-19 04:13:50.241] Content-Length: 226
[Fastbot][2026-06-19 04:13:50.241] 
[Fastbot][2026-06-19 04:13:50.241] {"jsonrpc": "2.0", "id": 1, "method": "waitForExists", "params": [{"mask": 2097153, "childOrSibling": [], "childOrSiblingSelector": [], "resourceId": "it.feio.android.omninotes.alpha:id/title", "text": "Reduced view"}, 20000]}
[Fastbot][2026-06-19 04:13:50.241] --> END POST (226-byte body)
[Fastbot][2026-06-19 04:13:50.250] <-- 200 OK  http://127.0.0.1:9008/jsonrpc/0 (8ms)
[Fastbot][2026-06-19 04:13:50.250] Content-Type: application/json
[Fastbot][2026-06-19 04:13:50.250] Date: Fri, 19 Jun 2026 08:13:50 GMT
[Fastbot][2026-06-19 04:13:50.250] Connection: keep-alive
[Fastbot][2026-06-19 04:13:50.251] Transfer-Encoding: chunked
[Fastbot][2026-06-19 04:13:50.251] 
[Fastbot][2026-06-19 04:13:50.251] {"jsonrpc":"2.0","id":1,"result":true}

[Fastbot][2026-06-19 04:13:50.252] <-- END HTTP (39-byte body)
[Fastbot][2026-06-19 04:13:50.302] [Proxy Server] Forwarding
[Fastbot][2026-06-19 04:13:50.303] --> POST http://127.0.0.1:9008/jsonrpc/0
[Fastbot][2026-06-19 04:13:50.303] Content-Type: application/json; charset=utf-8
[Fastbot][2026-06-19 04:13:50.303] Content-Length: 213
[Fastbot][2026-06-19 04:13:50.303] 
[Fastbot][2026-06-19 04:13:50.303] {"jsonrpc": "2.0", "id": 1, "method": "objInfo", "params": [{"mask": 2097153, "childOrSibling": [], "childOrSiblingSelector": [], "resourceId": "it.feio.android.omninotes.alpha:id/title", "text": "Reduced view"}]}
[Fastbot][2026-06-19 04:13:50.303] --> END POST (213-byte body)
[Fastbot][2026-06-19 04:13:50.326] <-- 200 OK  http://127.0.0.1:9008/jsonrpc/0 (22ms)
[Fastbot][2026-06-19 04:13:50.326] Content-Type: application/json
[Fastbot][2026-06-19 04:13:50.326] Date: Fri, 19 Jun 2026 08:13:50 GMT
[Fastbot][2026-06-19 04:13:50.326] Connection: keep-alive
[Fastbot][2026-06-19 04:13:50.326] Transfer-Encoding: chunked
[Fastbot][2026-06-19 04:13:50.327] 
[Fastbot][2026-06-19 04:13:50.327] {"jsonrpc":"2.0","id":1,"result":{"bounds":{"bottom":261,"left":574,"right":1025,"top":202},"childCount":0,"className":"android.widget.TextView","contentDescription":null,"packageName":"it.feio.android.omninotes.alpha","resourceName":"it.feio.android.omninotes.alpha:id/title","text":"Reduced view","...[truncated]
[Fastbot][2026-06-19 04:13:50.327] <-- END HTTP (525-byte body)
[Fastbot][2026-06-19 04:13:50.366] [Proxy Server] Detected script method: click
[Fastbot][2026-06-19 04:13:50.366] [Proxy Server] Forwarding
[Fastbot][2026-06-19 04:13:50.367] --> POST http://127.0.0.1:9008/jsonrpc/0
[Fastbot][2026-06-19 04:13:50.367] Content-Type: application/json; charset=utf-8
[Fastbot][2026-06-19 04:13:50.367] Content-Length: 72
[Fastbot][2026-06-19 04:13:50.367] 
[Fastbot][2026-06-19 04:13:50.368] {"jsonrpc": "2.0", "id": 1, "method": "click", "params": [799.5, 231.5]}
[Fastbot][2026-06-19 04:13:50.368] --> END POST (72-byte body)
[Fastbot][2026-06-19 04:13:50.502] <-- 200 OK  http://127.0.0.1:9008/jsonrpc/0 (133ms)
[Fastbot][2026-06-19 04:13:50.502] Content-Type: application/json
[Fastbot][2026-06-19 04:13:50.502] Date: Fri, 19 Jun 2026 08:13:50 GMT
[Fastbot][2026-06-19 04:13:50.502] Connection: keep-alive
[Fastbot][2026-06-19 04:13:50.502] Transfer-Encoding: chunked
[Fastbot][2026-06-19 04:13:50.502] 
[Fastbot][2026-06-19 04:13:50.502] {"jsonrpc":"2.0","id":1,"result":true}

[Fastbot][2026-06-19 04:13:50.502] <-- END HTTP (39-byte body)
[Fastbot][2026-06-19 04:13:51.036] [Proxy Server] Forwarding
[Fastbot][2026-06-19 04:13:51.037] --> POST http://127.0.0.1:9008/jsonrpc/0
[Fastbot][2026-06-19 04:13:51.037] Content-Type: application/json; charset=utf-8
[Fastbot][2026-06-19 04:13:51.037] Content-Length: 211
[Fastbot][2026-06-19 04:13:51.038] 
[Fastbot][2026-06-19 04:13:51.038] {"jsonrpc": "2.0", "id": 1, "method": "waitForExists", "params": [{"mask": 80, "childOrSibling": [], "childOrSiblingSelector": [], "className": "android.widget.ImageView", "description": "More options"}, 20000]}
[Fastbot][2026-06-19 04:13:51.038] --> END POST (211-byte body)
[Fastbot][2026-06-19 04:13:51.055] <-- 200 OK  http://127.0.0.1:9008/jsonrpc/0 (17ms)
[Fastbot][2026-06-19 04:13:51.055] Content-Type: application/json
[Fastbot][2026-06-19 04:13:51.055] Date: Fri, 19 Jun 2026 08:13:51 GMT
[Fastbot][2026-06-19 04:13:51.056] Connection: keep-alive
[Fastbot][2026-06-19 04:13:51.056] Transfer-Encoding: chunked
[Fastbot][2026-06-19 04:13:51.056] 
[Fastbot][2026-06-19 04:13:51.056] {"jsonrpc":"2.0","id":1,"result":true}

[Fastbot][2026-06-19 04:13:51.056] <-- END HTTP (39-byte body)
[Fastbot][2026-06-19 04:13:51.098] [Proxy Server] Forwarding
[Fastbot][2026-06-19 04:13:51.098] --> POST http://127.0.0.1:9008/jsonrpc/0
[Fastbot][2026-06-19 04:13:51.099] Content-Type: application/json; charset=utf-8
[Fastbot][2026-06-19 04:13:51.099] Content-Length: 198
[Fastbot][2026-06-19 04:13:51.099] 
[Fastbot][2026-06-19 04:13:51.099] {"jsonrpc": "2.0", "id": 1, "method": "objInfo", "params": [{"mask": 80, "childOrSibling": [], "childOrSiblingSelector": [], "className": "android.widget.ImageView", "description": "More options"}]}
[Fastbot][2026-06-19 04:13:51.099] --> END POST (198-byte body)
[Fastbot][2026-06-19 04:13:51.133] <-- 200 OK  http://127.0.0.1:9008/jsonrpc/0 (33ms)
[Fastbot][2026-06-19 04:13:51.133] Content-Type: application/json
[Fastbot][2026-06-19 04:13:51.133] Date: Fri, 19 Jun 2026 08:13:51 GMT
[Fastbot][2026-06-19 04:13:51.134] Connection: keep-alive
[Fastbot][2026-06-19 04:13:51.134] Transfer-Encoding: chunked
[Fastbot][2026-06-19 04:13:51.134] 
[Fastbot][2026-06-19 04:13:51.134] {"jsonrpc":"2.0","id":1,"result":{"bounds":{"bottom":275,"left":969,"right":1080,"top":143},"childCount":0,"className":"android.widget.ImageView","contentDescription":"More options","packageName":"it.feio.android.omninotes.alpha","resourceName":null,"text":null,"visibleBounds":{"bottom":275,"left":9...[truncated]
[Fastbot][2026-06-19 04:13:51.134] <-- END HTTP (485-byte body)
[Fastbot][2026-06-19 04:13:51.175] [Proxy Server] Detected script method: click
[Fastbot][2026-06-19 04:13:51.176] [Proxy Server] Forwarding
[Fastbot][2026-06-19 04:13:51.176] --> POST http://127.0.0.1:9008/jsonrpc/0
[Fastbot][2026-06-19 04:13:51.176] Content-Type: application/json; charset=utf-8
[Fastbot][2026-06-19 04:13:51.176] Content-Length: 73
[Fastbot][2026-06-19 04:13:51.176] 
[Fastbot][2026-06-19 04:13:51.177] {"jsonrpc": "2.0", "id": 1, "method": "click", "params": [1024.5, 209.0]}
[Fastbot][2026-06-19 04:13:51.177] --> END POST (73-byte body)
[Fastbot][2026-06-19 04:13:51.308] <-- 200 OK  http://127.0.0.1:9008/jsonrpc/0 (131ms)
[Fastbot][2026-06-19 04:13:51.308] Content-Type: application/json
[Fastbot][2026-06-19 04:13:51.308] Date: Fri, 19 Jun 2026 08:13:51 GMT
[Fastbot][2026-06-19 04:13:51.309] Connection: keep-alive
[Fastbot][2026-06-19 04:13:51.309] Transfer-Encoding: chunked
[Fastbot][2026-06-19 04:13:51.310] 
[Fastbot][2026-06-19 04:13:51.310] {"jsonrpc":"2.0","id":1,"result":true}

[Fastbot][2026-06-19 04:13:51.311] <-- END HTTP (39-byte body)
[Fastbot][2026-06-19 04:13:51.844] [Proxy Server] Forwarding
[Fastbot][2026-06-19 04:13:51.845] --> POST http://127.0.0.1:9008/jsonrpc/0
[Fastbot][2026-06-19 04:13:51.845] Content-Type: application/json; charset=utf-8
[Fastbot][2026-06-19 04:13:51.845] Content-Length: 227
[Fastbot][2026-06-19 04:13:51.845] 
[Fastbot][2026-06-19 04:13:51.845] {"jsonrpc": "2.0", "id": 1, "method": "waitForExists", "params": [{"mask": 2097153, "childOrSibling": [], "childOrSiblingSelector": [], "resourceId": "it.feio.android.omninotes.alpha:id/title", "text": "Expanded view"}, 20000]}
[Fastbot][2026-06-19 04:13:51.845] --> END POST (227-byte body)
[Fastbot][2026-06-19 04:13:51.859] <-- 200 OK  http://127.0.0.1:9008/jsonrpc/0 (13ms)
[Fastbot][2026-06-19 04:13:51.859] Content-Type: application/json
[Fastbot][2026-06-19 04:13:51.859] Date: Fri, 19 Jun 2026 08:13:51 GMT
[Fastbot][2026-06-19 04:13:51.859] Connection: keep-alive
[Fastbot][2026-06-19 04:13:51.859] Transfer-Encoding: chunked
[Fastbot][2026-06-19 04:13:51.860] 
[Fastbot][2026-06-19 04:13:51.860] {"jsonrpc":"2.0","id":1,"result":true}

[Fastbot][2026-06-19 04:13:51.860] <-- END HTTP (39-byte body)
[Fastbot][2026-06-19 04:13:51.907] [Proxy Server] Forwarding
[Fastbot][2026-06-19 04:13:51.908] --> POST http://127.0.0.1:9008/jsonrpc/0
[Fastbot][2026-06-19 04:13:51.908] Content-Type: application/json; charset=utf-8
[Fastbot][2026-06-19 04:13:51.908] Content-Length: 214
[Fastbot][2026-06-19 04:13:51.908] 
[Fastbot][2026-06-19 04:13:51.908] {"jsonrpc": "2.0", "id": 1, "method": "objInfo", "params": [{"mask": 2097153, "childOrSibling": [], "childOrSiblingSelector": [], "resourceId": "it.feio.android.omninotes.alpha:id/title", "text": "Expanded view"}]}
[Fastbot][2026-06-19 04:13:51.908] --> END POST (214-byte body)
[Fastbot][2026-06-19 04:13:51.934] <-- 200 OK  http://127.0.0.1:9008/jsonrpc/0 (25ms)
[Fastbot][2026-06-19 04:13:51.934] Content-Type: application/json
[Fastbot][2026-06-19 04:13:51.935] Date: Fri, 19 Jun 2026 08:13:51 GMT
[Fastbot][2026-06-19 04:13:51.935] Connection: keep-alive
[Fastbot][2026-06-19 04:13:51.935] Transfer-Encoding: chunked
[Fastbot][2026-06-19 04:13:51.935] 
[Fastbot][2026-06-19 04:13:51.936] {"jsonrpc":"2.0","id":1,"result":{"bounds":{"bottom":261,"left":574,"right":1025,"top":202},"childCount":0,"className":"android.widget.TextView","contentDescription":null,"packageName":"it.feio.android.omninotes.alpha","resourceName":"it.feio.android.omninotes.alpha:id/title","text":"Expanded view",...[truncated]
[Fastbot][2026-06-19 04:13:51.936] <-- END HTTP (526-byte body)
[Fastbot][2026-06-19 04:13:51.986] [Proxy Server] Detected script method: click
[Fastbot][2026-06-19 04:13:51.986] [Proxy Server] Forwarding
[Fastbot][2026-06-19 04:13:51.987] --> POST http://127.0.0.1:9008/jsonrpc/0
[Fastbot][2026-06-19 04:13:51.987] Content-Type: application/json; charset=utf-8
[Fastbot][2026-06-19 04:13:51.987] Content-Length: 72
[Fastbot][2026-06-19 04:13:51.987] 
[Fastbot][2026-06-19 04:13:51.987] {"jsonrpc": "2.0", "id": 1, "method": "click", "params": [799.5, 231.5]}
[Fastbot][2026-06-19 04:13:51.987] --> END POST (72-byte body)
[Fastbot][2026-06-19 04:13:52.119] <-- 200 OK  http://127.0.0.1:9008/jsonrpc/0 (131ms)
[Fastbot][2026-06-19 04:13:52.119] Content-Type: application/json
[Fastbot][2026-06-19 04:13:52.119] Date: Fri, 19 Jun 2026 08:13:52 GMT
[Fastbot][2026-06-19 04:13:52.119] Connection: keep-alive
[Fastbot][2026-06-19 04:13:52.119] Transfer-Encoding: chunked
[Fastbot][2026-06-19 04:13:52.120] 
[Fastbot][2026-06-19 04:13:52.121] {"jsonrpc":"2.0","id":1,"result":true}

[Fastbot][2026-06-19 04:13:52.121] <-- END HTTP (39-byte body)
[Fastbot][2026-06-19 04:13:52.897] --> POST http://127.0.0.1:9008/jsonrpc/0
[Fastbot][2026-06-19 04:13:52.897] Content-Type: application/json; charset=utf-8
[Fastbot][2026-06-19 04:13:52.897] Content-Length: 75
[Fastbot][2026-06-19 04:13:52.897] 
[Fastbot][2026-06-19 04:13:52.898] {"id":1,"jsonrpc":"2.0","method":"dumpWindowHierarchy","params":[false,50]}
[Fastbot][2026-06-19 04:13:52.898] --> END POST (75-byte body)
[Fastbot][2026-06-19 04:13:52.948] <-- 200 OK  http://127.0.0.1:9008/jsonrpc/0 (49ms)
[Fastbot][2026-06-19 04:13:52.948] Content-Type: application/json
[Fastbot][2026-06-19 04:13:52.948] Date: Fri, 19 Jun 2026 08:13:52 GMT
[Fastbot][2026-06-19 04:13:52.948] Connection: keep-alive
[Fastbot][2026-06-19 04:13:52.948] Transfer-Encoding: chunked
[Fastbot][2026-06-19 04:13:52.949] 
[Fastbot][2026-06-19 04:13:52.949] {"jsonrpc":"2.0","id":1,"result":"<?xml version='1.0' encoding='UTF-8' standalone='yes' ?>\r\n<hierarchy rotation=\"0\">\r\n  <node index=\"0\" text=\"\" resource-id=\"com.android.systemui:id/navigation_bar_frame\" class=\"android.widget.FrameLayout\" package=\"com.android.systemui\" content-desc=\"...[truncated]
[Fastbot][2026-06-19 04:13:52.950] <-- END HTTP (60313-byte body)
[Fastbot][2026-06-19 04:13:53.042] [Proxy Server] Forwarding
[Fastbot][2026-06-19 04:13:53.042] --> POST http://127.0.0.1:9008/jsonrpc/0
[Fastbot][2026-06-19 04:13:53.043] Content-Type: application/json; charset=utf-8
[Fastbot][2026-06-19 04:13:53.043] Content-Length: 211
[Fastbot][2026-06-19 04:13:53.043] 
[Fastbot][2026-06-19 04:13:53.043] {"jsonrpc": "2.0", "id": 1, "method": "waitForExists", "params": [{"mask": 80, "childOrSibling": [], "childOrSiblingSelector": [], "className": "android.widget.ImageView", "description": "More options"}, 20000]}
[Fastbot][2026-06-19 04:13:53.043] --> END POST (211-byte body)
[Fastbot][2026-06-19 04:13:53.058] <-- 200 OK  http://127.0.0.1:9008/jsonrpc/0 (15ms)
[Fastbot][2026-06-19 04:13:53.059] Content-Type: application/json
[Fastbot][2026-06-19 04:13:53.059] Date: Fri, 19 Jun 2026 08:13:53 GMT
[Fastbot][2026-06-19 04:13:53.059] Connection: keep-alive
[Fastbot][2026-06-19 04:13:53.059] Transfer-Encoding: chunked
[Fastbot][2026-06-19 04:13:53.060] 
[Fastbot][2026-06-19 04:13:53.060] {"jsonrpc":"2.0","id":1,"result":true}

[Fastbot][2026-06-19 04:13:53.060] <-- END HTTP (39-byte body)
[Fastbot][2026-06-19 04:13:53.102] [Proxy Server] Forwarding
[Fastbot][2026-06-19 04:13:53.103] --> POST http://127.0.0.1:9008/jsonrpc/0
[Fastbot][2026-06-19 04:13:53.103] Content-Type: application/json; charset=utf-8
[Fastbot][2026-06-19 04:13:53.103] Content-Length: 198
[Fastbot][2026-06-19 04:13:53.103] 
[Fastbot][2026-06-19 04:13:53.103] {"jsonrpc": "2.0", "id": 1, "method": "objInfo", "params": [{"mask": 80, "childOrSibling": [], "childOrSiblingSelector": [], "className": "android.widget.ImageView", "description": "More options"}]}
[Fastbot][2026-06-19 04:13:53.103] --> END POST (198-byte body)
[Fastbot][2026-06-19 04:13:53.137] <-- 200 OK  http://127.0.0.1:9008/jsonrpc/0 (33ms)
[Fastbot][2026-06-19 04:13:53.137] Content-Type: application/json
[Fastbot][2026-06-19 04:13:53.137] Date: Fri, 19 Jun 2026 08:13:53 GMT
[Fastbot][2026-06-19 04:13:53.137] Connection: keep-alive
[Fastbot][2026-06-19 04:13:53.137] Transfer-Encoding: chunked
[Fastbot][2026-06-19 04:13:53.139] 
[Fastbot][2026-06-19 04:13:53.139] {"jsonrpc":"2.0","id":1,"result":{"bounds":{"bottom":275,"left":969,"right":1080,"top":143},"childCount":0,"className":"android.widget.ImageView","contentDescription":"More options","packageName":"it.feio.android.omninotes.alpha","resourceName":null,"text":null,"visibleBounds":{"bottom":275,"left":9...[truncated]
[Fastbot][2026-06-19 04:13:53.139] <-- END HTTP (485-byte body)
[Fastbot][2026-06-19 04:13:53.180] [Proxy Server] Detected script method: click
[Fastbot][2026-06-19 04:13:53.180] [Proxy Server] Forwarding
[Fastbot][2026-06-19 04:13:53.180] --> POST http://127.0.0.1:9008/jsonrpc/0
[Fastbot][2026-06-19 04:13:53.181] Content-Type: application/json; charset=utf-8
[Fastbot][2026-06-19 04:13:53.181] Content-Length: 73
[Fastbot][2026-06-19 04:13:53.181] 
[Fastbot][2026-06-19 04:13:53.181] {"jsonrpc": "2.0", "id": 1, "method": "click", "params": [1024.5, 209.0]}
[Fastbot][2026-06-19 04:13:53.181] --> END POST (73-byte body)
[Fastbot][2026-06-19 04:13:53.336] <-- 200 OK  http://127.0.0.1:9008/jsonrpc/0 (154ms)
[Fastbot][2026-06-19 04:13:53.336] Content-Type: application/json
[Fastbot][2026-06-19 04:13:53.336] Date: Fri, 19 Jun 2026 08:13:53 GMT
[Fastbot][2026-06-19 04:13:53.336] Connection: keep-alive
[Fastbot][2026-06-19 04:13:53.337] Transfer-Encoding: chunked
[Fastbot][2026-06-19 04:13:53.339] 
[Fastbot][2026-06-19 04:13:53.339] {"jsonrpc":"2.0","id":1,"result":true}

[Fastbot][2026-06-19 04:13:53.339] <-- END HTTP (39-byte body)
[Fastbot][2026-06-19 04:13:53.879] [Proxy Server] Forwarding
[Fastbot][2026-06-19 04:13:53.879] --> POST http://127.0.0.1:9008/jsonrpc/0
[Fastbot][2026-06-19 04:13:53.880] Content-Type: application/json; charset=utf-8
[Fastbot][2026-06-19 04:13:53.882] Content-Length: 226
[Fastbot][2026-06-19 04:13:53.882] 
[Fastbot][2026-06-19 04:13:53.882] {"jsonrpc": "2.0", "id": 1, "method": "waitForExists", "params": [{"mask": 2097153, "childOrSibling": [], "childOrSiblingSelector": [], "resourceId": "it.feio.android.omninotes.alpha:id/title", "text": "Reduced view"}, 20000]}
[Fastbot][2026-06-19 04:13:53.882] --> END POST (226-byte body)
[Fastbot][2026-06-19 04:13:53.936] <-- 200 OK  http://127.0.0.1:9008/jsonrpc/0 (53ms)
[Fastbot][2026-06-19 04:13:53.936] Content-Type: application/json
[Fastbot][2026-06-19 04:13:53.936] Date: Fri, 19 Jun 2026 08:13:53 GMT
[Fastbot][2026-06-19 04:13:53.936] Connection: keep-alive
[Fastbot][2026-06-19 04:13:53.936] Transfer-Encoding: chunked
[Fastbot][2026-06-19 04:13:53.937] 
[Fastbot][2026-06-19 04:13:53.937] {"jsonrpc":"2.0","id":1,"result":true}

[Fastbot][2026-06-19 04:13:53.937] <-- END HTTP (39-byte body)
[Fastbot][2026-06-19 04:13:53.978] [Proxy Server] Forwarding
[Fastbot][2026-06-19 04:13:53.978] --> POST http://127.0.0.1:9008/jsonrpc/0
[Fastbot][2026-06-19 04:13:53.978] Content-Type: application/json; charset=utf-8
[Fastbot][2026-06-19 04:13:53.979] Content-Length: 213
[Fastbot][2026-06-19 04:13:53.979] 
[Fastbot][2026-06-19 04:13:53.979] {"jsonrpc": "2.0", "id": 1, "method": "objInfo", "params": [{"mask": 2097153, "childOrSibling": [], "childOrSiblingSelector": [], "resourceId": "it.feio.android.omninotes.alpha:id/title", "text": "Reduced view"}]}
[Fastbot][2026-06-19 04:13:53.979] --> END POST (213-byte body)
[Fastbot][2026-06-19 04:13:54.244] <-- 200 OK  http://127.0.0.1:9008/jsonrpc/0 (264ms)
[Fastbot][2026-06-19 04:13:54.244] Content-Type: application/json
[Fastbot][2026-06-19 04:13:54.244] Date: Fri, 19 Jun 2026 08:13:54 GMT
[Fastbot][2026-06-19 04:13:54.244] Connection: keep-alive
[Fastbot][2026-06-19 04:13:54.244] Transfer-Encoding: chunked
[Fastbot][2026-06-19 04:13:54.245] 
[Fastbot][2026-06-19 04:13:54.245] {"jsonrpc":"2.0","id":1,"result":{"bounds":{"bottom":261,"left":574,"right":1025,"top":202},"childCount":0,"className":"android.widget.TextView","contentDescription":null,"packageName":"it.feio.android.omninotes.alpha","resourceName":"it.feio.android.omninotes.alpha:id/title","text":"Reduced view","...[truncated]
[Fastbot][2026-06-19 04:13:54.245] <-- END HTTP (525-byte body)
[Fastbot][2026-06-19 04:13:54.300] [Proxy Server] Detected script method: click
[Fastbot][2026-06-19 04:13:54.301] [Proxy Server] Forwarding
[Fastbot][2026-06-19 04:13:54.301] --> POST http://127.0.0.1:9008/jsonrpc/0
[Fastbot][2026-06-19 04:13:54.302] Content-Type: application/json; charset=utf-8
[Fastbot][2026-06-19 04:13:54.302] Content-Length: 72
[Fastbot][2026-06-19 04:13:54.302] 
[Fastbot][2026-06-19 04:13:54.302] {"jsonrpc": "2.0", "id": 1, "method": "click", "params": [799.5, 231.5]}
[Fastbot][2026-06-19 04:13:54.302] --> END POST (72-byte body)
[Fastbot][2026-06-19 04:13:54.440] <-- 200 OK  http://127.0.0.1:9008/jsonrpc/0 (137ms)
[Fastbot][2026-06-19 04:13:54.440] Content-Type: application/json
[Fastbot][2026-06-19 04:13:54.440] Date: Fri, 19 Jun 2026 08:13:54 GMT
[Fastbot][2026-06-19 04:13:54.441] Connection: keep-alive
[Fastbot][2026-06-19 04:13:54.441] Transfer-Encoding: chunked
[Fastbot][2026-06-19 04:13:54.441] 
[Fastbot][2026-06-19 04:13:54.441] {"jsonrpc":"2.0","id":1,"result":true}

[Fastbot][2026-06-19 04:13:54.442] <-- END HTTP (39-byte body)
[Fastbot][2026-06-19 04:13:54.970] [Proxy Server] Forwarding
[Fastbot][2026-06-19 04:13:54.970] --> POST http://127.0.0.1:9008/jsonrpc/0
[Fastbot][2026-06-19 04:13:54.970] Content-Type: application/json; charset=utf-8
[Fastbot][2026-06-19 04:13:54.970] Content-Length: 211
[Fastbot][2026-06-19 04:13:54.970] 
[Fastbot][2026-06-19 04:13:54.971] {"jsonrpc": "2.0", "id": 1, "method": "waitForExists", "params": [{"mask": 80, "childOrSibling": [], "childOrSiblingSelector": [], "className": "android.widget.ImageView", "description": "More options"}, 20000]}
[Fastbot][2026-06-19 04:13:54.971] --> END POST (211-byte body)
[Fastbot][2026-06-19 04:13:54.988] <-- 200 OK  http://127.0.0.1:9008/jsonrpc/0 (16ms)
[Fastbot][2026-06-19 04:13:54.988] Content-Type: application/json
[Fastbot][2026-06-19 04:13:54.988] Date: Fri, 19 Jun 2026 08:13:54 GMT
[Fastbot][2026-06-19 04:13:54.988] Connection: keep-alive
[Fastbot][2026-06-19 04:13:54.988] Transfer-Encoding: chunked
[Fastbot][2026-06-19 04:13:54.989] 
[Fastbot][2026-06-19 04:13:54.989] {"jsonrpc":"2.0","id":1,"result":true}

[Fastbot][2026-06-19 04:13:54.989] <-- END HTTP (39-byte body)
[Fastbot][2026-06-19 04:13:55.017] [Proxy Server] Forwarding
[Fastbot][2026-06-19 04:13:55.018] --> POST http://127.0.0.1:9008/jsonrpc/0
[Fastbot][2026-06-19 04:13:55.018] Content-Type: application/json; charset=utf-8
[Fastbot][2026-06-19 04:13:55.018] Content-Length: 198
[Fastbot][2026-06-19 04:13:55.018] 
[Fastbot][2026-06-19 04:13:55.019] {"jsonrpc": "2.0", "id": 1, "method": "objInfo", "params": [{"mask": 80, "childOrSibling": [], "childOrSiblingSelector": [], "className": "android.widget.ImageView", "description": "More options"}]}
[Fastbot][2026-06-19 04:13:55.019] --> END POST (198-byte body)
[Fastbot][2026-06-19 04:13:55.044] <-- 200 OK  http://127.0.0.1:9008/jsonrpc/0 (25ms)
[Fastbot][2026-06-19 04:13:55.044] Content-Type: application/json
[Fastbot][2026-06-19 04:13:55.044] Date: Fri, 19 Jun 2026 08:13:55 GMT
[Fastbot][2026-06-19 04:13:55.045] Connection: keep-alive
[Fastbot][2026-06-19 04:13:55.045] Transfer-Encoding: chunked
[Fastbot][2026-06-19 04:13:55.093] 
[Fastbot][2026-06-19 04:13:55.093] {"jsonrpc":"2.0","id":1,"result":{"bounds":{"bottom":275,"left":969,"right":1080,"top":143},"childCount":0,"className":"android.widget.ImageView","contentDescription":"More options","packageName":"it.feio.android.omninotes.alpha","resourceName":null,"text":null,"visibleBounds":{"bottom":275,"left":9...[truncated]
[Fastbot][2026-06-19 04:13:55.093] <-- END HTTP (485-byte body)
[Fastbot][2026-06-19 04:13:55.125] [Proxy Server] Detected script method: click
[Fastbot][2026-06-19 04:13:55.126] [Proxy Server] Forwarding
[Fastbot][2026-06-19 04:13:55.126] --> POST http://127.0.0.1:9008/jsonrpc/0
[Fastbot][2026-06-19 04:13:55.126] Content-Type: application/json; charset=utf-8
[Fastbot][2026-06-19 04:13:55.126] Content-Length: 73
[Fastbot][2026-06-19 04:13:55.126] 
[Fastbot][2026-06-19 04:13:55.127] {"jsonrpc": "2.0", "id": 1, "method": "click", "params": [1024.5, 209.0]}
[Fastbot][2026-06-19 04:13:55.127] --> END POST (73-byte body)
[Fastbot][2026-06-19 04:13:55.257] <-- 200 OK  http://127.0.0.1:9008/jsonrpc/0 (130ms)
[Fastbot][2026-06-19 04:13:55.257] Content-Type: application/json
[Fastbot][2026-06-19 04:13:55.258] Date: Fri, 19 Jun 2026 08:13:55 GMT
[Fastbot][2026-06-19 04:13:55.258] Connection: keep-alive
[Fastbot][2026-06-19 04:13:55.258] Transfer-Encoding: chunked
[Fastbot][2026-06-19 04:13:55.302] 
[Fastbot][2026-06-19 04:13:55.302] {"jsonrpc":"2.0","id":1,"result":true}

[Fastbot][2026-06-19 04:13:55.302] <-- END HTTP (39-byte body)
[Fastbot][2026-06-19 04:13:55.844] [Proxy Server] Forwarding
[Fastbot][2026-06-19 04:13:55.845] --> POST http://127.0.0.1:9008/jsonrpc/0
[Fastbot][2026-06-19 04:13:55.845] Content-Type: application/json; charset=utf-8
[Fastbot][2026-06-19 04:13:55.845] Content-Length: 227
[Fastbot][2026-06-19 04:13:55.845] 
[Fastbot][2026-06-19 04:13:55.845] {"jsonrpc": "2.0", "id": 1, "method": "waitForExists", "params": [{"mask": 2097153, "childOrSibling": [], "childOrSiblingSelector": [], "resourceId": "it.feio.android.omninotes.alpha:id/title", "text": "Expanded view"}, 20000]}
[Fastbot][2026-06-19 04:13:55.846] --> END POST (227-byte body)
[Fastbot][2026-06-19 04:13:55.855] <-- 200 OK  http://127.0.0.1:9008/jsonrpc/0 (9ms)
[Fastbot][2026-06-19 04:13:55.855] Content-Type: application/json
[Fastbot][2026-06-19 04:13:55.856] Date: Fri, 19 Jun 2026 08:13:55 GMT
[Fastbot][2026-06-19 04:13:55.856] Connection: keep-alive
[Fastbot][2026-06-19 04:13:55.856] Transfer-Encoding: chunked
[Fastbot][2026-06-19 04:13:55.857] 
[Fastbot][2026-06-19 04:13:55.857] {"jsonrpc":"2.0","id":1,"result":true}

[Fastbot][2026-06-19 04:13:55.857] <-- END HTTP (39-byte body)
[Fastbot][2026-06-19 04:13:55.907] [Proxy Server] Forwarding
[Fastbot][2026-06-19 04:13:55.907] --> POST http://127.0.0.1:9008/jsonrpc/0
[Fastbot][2026-06-19 04:13:55.908] Content-Type: application/json; charset=utf-8
[Fastbot][2026-06-19 04:13:55.908] Content-Length: 214
[Fastbot][2026-06-19 04:13:55.908] 
[Fastbot][2026-06-19 04:13:55.908] {"jsonrpc": "2.0", "id": 1, "method": "objInfo", "params": [{"mask": 2097153, "childOrSibling": [], "childOrSiblingSelector": [], "resourceId": "it.feio.android.omninotes.alpha:id/title", "text": "Expanded view"}]}
[Fastbot][2026-06-19 04:13:55.908] --> END POST (214-byte body)
[Fastbot][2026-06-19 04:13:55.931] <-- 200 OK  http://127.0.0.1:9008/jsonrpc/0 (22ms)
[Fastbot][2026-06-19 04:13:55.931] Content-Type: application/json
[Fastbot][2026-06-19 04:13:55.931] Date: Fri, 19 Jun 2026 08:13:55 GMT
[Fastbot][2026-06-19 04:13:55.931] Connection: keep-alive
[Fastbot][2026-06-19 04:13:55.932] Transfer-Encoding: chunked
[Fastbot][2026-06-19 04:13:55.933] 
[Fastbot][2026-06-19 04:13:55.933] {"jsonrpc":"2.0","id":1,"result":{"bounds":{"bottom":261,"left":574,"right":1025,"top":202},"childCount":0,"className":"android.widget.TextView","contentDescription":null,"packageName":"it.feio.android.omninotes.alpha","resourceName":"it.feio.android.omninotes.alpha:id/title","text":"Expanded view",...[truncated]
[Fastbot][2026-06-19 04:13:55.934] <-- END HTTP (526-byte body)
[Fastbot][2026-06-19 04:13:55.969] [Proxy Server] Detected script method: click
[Fastbot][2026-06-19 04:13:55.970] [Proxy Server] Forwarding
[Fastbot][2026-06-19 04:13:55.970] --> POST http://127.0.0.1:9008/jsonrpc/0
[Fastbot][2026-06-19 04:13:55.970] Content-Type: application/json; charset=utf-8
[Fastbot][2026-06-19 04:13:55.970] Content-Length: 72
[Fastbot][2026-06-19 04:13:55.970] 
[Fastbot][2026-06-19 04:13:55.970] {"jsonrpc": "2.0", "id": 1, "method": "click", "params": [799.5, 231.5]}
[Fastbot][2026-06-19 04:13:55.971] --> END POST (72-byte body)
[Fastbot][2026-06-19 04:13:56.106] <-- 200 OK  http://127.0.0.1:9008/jsonrpc/0 (134ms)
[Fastbot][2026-06-19 04:13:56.106] Content-Type: application/json
[Fastbot][2026-06-19 04:13:56.106] Date: Fri, 19 Jun 2026 08:13:56 GMT
[Fastbot][2026-06-19 04:13:56.106] Connection: keep-alive
[Fastbot][2026-06-19 04:13:56.106] Transfer-Encoding: chunked
[Fastbot][2026-06-19 04:13:56.108] 
[Fastbot][2026-06-19 04:13:56.108] {"jsonrpc":"2.0","id":1,"result":true}

[Fastbot][2026-06-19 04:13:56.108] <-- END HTTP (39-byte body)
[Fastbot][2026-06-19 04:13:56.656] [MonkeySourceApeU2] stepsCount: 9
[Fastbot][2026-06-19 04:13:56.656] [MonkeySourceApeU2] received signal: MonkeyIsOver
[Fastbot][2026-06-19 04:13:56.657] Events injected: 88
[Fastbot][2026-06-19 04:13:56.657] // Monkey is over!
[Fastbot][2026-06-19 04:13:56.657] :Sending rotation degree=0, persist=false
[Fastbot][2026-06-19 04:13:56.684] Total app activities:
[Fastbot][2026-06-19 04:13:56.684]    1 it.feio.android.omninotes.SettingsActivity
[Fastbot][2026-06-19 04:13:56.684]    2 it.feio.android.omninotes.SnoozeActivity
[Fastbot][2026-06-19 04:13:56.684]    3 com.google.android.gms.common.api.GoogleApiActivity
[Fastbot][2026-06-19 04:13:56.684]    4 it.feio.android.omninotes.MainActivity
[Fastbot][2026-06-19 04:13:56.685]    5 it.feio.android.omninotes.NoteInfosActivity
[Fastbot][2026-06-19 04:13:56.685]    6 it.feio.android.omninotes.ShortcutActivity
[Fastbot][2026-06-19 04:13:56.685]    7 it.feio.android.omninotes.intro.IntroActivity
[Fastbot][2026-06-19 04:13:56.685]    8 it.feio.android.omninotes.StatsActivity
[Fastbot][2026-06-19 04:13:56.686]    9 it.feio.android.omninotes.PasswordActivity
[Fastbot][2026-06-19 04:13:56.686]   10 it.feio.android.omninotes.widget.WidgetConfigurationActivity
[Fastbot][2026-06-19 04:13:56.686]   11 it.feio.android.omninotes.CategoryActivity
[Fastbot][2026-06-19 04:13:56.686]   12 com.tbruyelle.rxpermissions.ShadowActivity
[Fastbot][2026-06-19 04:13:56.686]   13 it.feio.android.omninotes.AboutActivity
[Fastbot][2026-06-19 04:13:56.686]   14 it.feio.android.omninotes.GalleryActivity
[Fastbot][2026-06-19 04:13:56.687] Explored app activities:
[Fastbot][2026-06-19 04:13:56.687]    1 it.feio.android.omninotes.CategoryActivity
[Fastbot][2026-06-19 04:13:56.687]    2 it.feio.android.omninotes.MainActivity
[Fastbot][2026-06-19 04:13:56.687]    3 it.feio.android.omninotes.SettingsActivity
[Fastbot][2026-06-19 04:13:56.688] Activity of Coverage: 21.428572%
[Fastbot]*** ERROR *** findMethod() error, NoSuchMethodException happened, there is no such method: setActivityController
:Dropped: keys=0 pointers=0 trackballs=0 flips=0 rotations=0
[Fastbot][2026-06-19 04:13:56.691] // Monkey finished
